246	2024/02/09 09:37:13	"GET /uv248fip248inf210/project_home.html HTTP/1.1"
246	2024/02/09 09:37:18	"GET /uv248fip248inf210/project_part1.html HTTP/1.1"
246	2024/02/09 11:17:06	"GET /uv248fip248inf210/project_part2.html HTTP/1.1"
246	2024/02/09 11:18:04	"GET /uv248fip248inf210/project_evaluation.html HTTP/1.1"
246	2024/02/09 11:18:25	"GET /uv248fip248inf210/bd_cours_mor_generalites.html HTTP/1.1"
2430	2024/11/28 16:27:04	"GET /uv248fip248inf210/web_architecture_home.html HTTP/1.1"
2430	2024/11/28 16:27:16	"GET /uv248fip248inf210/images/web_architecture/prerequisite_archiweb/prerequisite_archiweb.html HTTP/1.1"
2430	2024/11/28 16:27:17	"GET /uv248fip248inf210/lecture_validity.html HTTP/1.1"
2430	2024/11/28 16:27:22	"GET /uv248fip248inf210/practice_jpa.html HTTP/1.1"
2440	2024/01/26 10:25:08	"GET /uv248fip248inf210/index.html HTTP/1.1"
2440	2024/01/26 10:25:15	"GET /uv248fip248inf210/data_home.html HTTP/1.1"
2440	2024/01/26 10:25:31	"GET /uv248fip248inf210/images/data/prerequisite_data/prerequisite_data.html HTTP/1.1"
2440	2024/01/26 10:25:33	"GET /uv248fip248inf210/activity_relational_model.html HTTP/1.1"
2440	2024/01/26 10:26:00	"GET /uv248fip248inf210/lecture_modeling_normalization.html HTTP/1.1"
2440	2024/01/26 10:27:40	"GET /uv248fip248inf210/lecture_conceptual_modeling.html HTTP/1.1"
2440	2024/01/26 10:35:46	"GET /uv248fip248inf210/activity_conceptual_modeling.html HTTP/1.1"
2440	2024/01/26 11:03:25	"GET /uv248fip248inf210/activity_conceptual_modeling_correction.html HTTP/1.1"
247	2024/01/26 11:03:40	"GET /uv248fip248inf210/index.html HTTP/1.1"
247	2024/01/26 11:03:47	"GET /uv248fip248inf210/data_home.html HTTP/1.1"
247	2024/01/26 11:04:07	"GET /uv248fip248inf210/activity_conceptual_modeling_advanced.html HTTP/1.1"
247	2024/01/26 11:08:24	"GET /uv248fip248inf210/activity_conceptual_modeling.html HTTP/1.1"
247	2024/01/26 11:24:03	"GET /uv248fip248inf210/activity_conceptual_modeling_correction.html HTTP/1.1"
241	2024/01/26 11:24:56	"GET /uv248fip248inf210/data_home.html HTTP/1.1"
241	2024/01/26 11:25:22	"GET /uv248fip248inf210/activity_conceptual_modeling.html HTTP/1.1"
2443	2024/01/26 16:52:33	"GET /uv248fip248inf210/index.html HTTP/1.1"
2440	2024/02/01 08:57:21	"GET /uv248fip248inf210/practice_transaction_correction.html HTTP/1.1"
2440	2024/02/01 13:26:31	"GET /uv248fip248inf210/technical_environment_home.html HTTP/1.1"
2440	2024/02/01 13:26:46	"GET /uv248fip248inf210/practice_transaction.html HTTP/1.1"
2440	2024/02/01 13:44:16	"GET /uv248fip248inf210/lecture_conceptual_modeling.html HTTP/1.1"
2440	2024/02/01 13:44:29	"GET /uv248fip248inf210/activity_conceptual_modeling.html HTTP/1.1"
2440	2024/02/01 14:22:53	"GET /uv248fip248inf210/index.html HTTP/1.1"
2440	2024/02/01 14:23:09	"GET /uv248fip248inf210/lecture_normalization.html HTTP/1.1"
2440	2024/02/01 14:23:25	"GET /uv248fip248inf210/activity_normalization.html HTTP/1.1"
2421	2024/02/01 14:37:16	"GET /uv248fip248inf210/technical_environment_home.html HTTP/1.1"
2421	2024/02/01 14:37:31	"GET /uv248fip248inf210/images/technical_environment/prerequisite_techenv/prerequisite_techenv.html HTTP/1.1"
2440	2024/02/01 14:44:10	"GET /uv248fip248inf210/activity_normalization_correction.html HTTP/1.1"
2421	2024/02/01 14:44:56	"GET /uv248fip248inf210/documentation_programming.html HTTP/1.1"
2421	2024/02/01 14:47:44	"GET /uv248fip248inf210/index.html HTTP/1.1"
2421	2024/02/01 14:47:59	"GET /uv248fip248inf210/data_home.html HTTP/1.1"
2421	2024/02/01 14:48:01	"GET /uv248fip248inf210/lecture_relational_model.html HTTP/1.1"
2440	2024/02/01 14:56:42	"GET /uv248fip248inf210/data_home.html HTTP/1.1"
2421	2024/02/01 14:57:21	"GET /uv248fip248inf210/lecture_db_integrity.html HTTP/1.1"
2421	2024/02/01 15:02:59	"GET /uv248fip248inf210/activity_relational_model.html HTTP/1.1"
2440	2024/02/01 15:14:38	"GET /uv248fip248inf210/lecture_db_integrity.html HTTP/1.1"
2440	2024/02/01 15:15:27	"GET /uv248fip248inf210/activity_relational_model.html HTTP/1.1"
2421	2024/02/01 15:30:30	"GET /uv248fip248inf210/data_home.html HTTP/1.1"
2421	2024/02/01 15:30:37	"GET /uv248fip248inf210/activity_relational_model.html HTTP/1.1"
2421	2024/02/01 15:38:04	"GET /uv248fip248inf210/activity_relational_model_correction.html HTTP/1.1"
2421	2024/02/01 15:41:23	"GET /uv248fip248inf210/lecture_modeling_normalization.html HTTP/1.1"
2421	2024/02/01 15:47:44	"GET /uv248fip248inf210/lecture_conceptual_modeling.html HTTP/1.1"
2439	2024/02/01 18:39:30	"GET /uv248fip248inf210/images/data/prerequisite_data/prerequisite_data.html HTTP/1.1"
2439	2024/02/01 18:39:36	"GET /uv248fip248inf210/lecture_normalization.html HTTP/1.1"
2440	2024/02/01 18:56:08	"GET /uv248fip248inf210/web_architecture_home.html HTTP/1.1"
2440	2024/02/01 18:56:10	"GET /uv248fip248inf210/images/web_architecture/prerequisite_archiweb/prerequisite_archiweb.html HTTP/1.1"
2440	2024/02/01 18:56:18	"GET /uv248fip248inf210/lecture_json.html HTTP/1.1"
2440	2024/02/01 18:56:34	"GET /uv248fip248inf210/practice_json.html HTTP/1.1"
2440	2024/02/01 18:57:47	"GET /uv248fip248inf210/lecture_dto.html HTTP/1.1"
2440	2024/02/01 18:57:53	"GET /uv248fip248inf210/lecture_xml.html HTTP/1.1"
2415	2024/03/02 10:27:12	"GET /uv248fip248inf210/project_part3.html HTTP/1.1"
246	2024/03/02 16:37:43	"GET /uv248fip248inf210/project_home.html HTTP/1.1"
246	2024/03/02 16:38:20	"GET /uv248fip248inf210/project_part3.html HTTP/1.1"
246	2024/03/02 16:38:23	"GET /uv248fip248inf210/project_structureui.html HTTP/1.1"
2434	2024/03/02 20:47:11	"GET /uv248fip248inf210/project_part2.html HTTP/1.1"
2434	2024/03/02 20:47:23	"GET /uv248fip248inf210/index.html HTTP/1.1"
2434	2024/03/02 20:47:25	"GET /uv248fip248inf210/technical_environment_home.html HTTP/1.1"
2434	2024/03/02 23:04:55	"GET /uv248fip248inf210/project_part3.html HTTP/1.1"
2434	2024/03/02 23:05:06	"GET /uv248fip248inf210/project_structureui.html HTTP/1.1"
2425	2024/09/09 17:53:33	"GET /uv248fip248inf210/practice_docker.html HTTP/1.1"
2425	2024/09/09 17:55:03	"GET /uv248fip248inf210/data_home.html HTTP/1.1"
2446	2024/01/21 23:21:24	"GET /uv248fip248inf210/images/web_architecture/prerequisite_archiweb/prerequisite_archiweb.html HTTP/1.1"
2446	2024/01/21 23:21:34	"GET /uv248fip248inf210/practice_xml.html HTTP/1.1"
2446	2024/01/21 23:21:43	"GET /uv248fip248inf210/lecture_json.html HTTP/1.1"
2446	2024/01/21 23:24:00	"GET /uv248fip248inf210/practice_json.html HTTP/1.1"
2446	2024/01/21 23:24:48	"GET /uv248fip248inf210/index.html HTTP/1.1"
2446	2024/01/21 23:24:54	"GET /uv248fip248inf210/data_home.html HTTP/1.1"
2446	2024/01/21 23:25:00	"GET /uv248fip248inf210/images/data/prerequisite_data/prerequisite_data.html HTTP/1.1"
2446	2024/01/29 09:32:20	"GET /uv248fip248inf210/index.html HTTP/1.1"
2446	2024/01/29 09:32:24	"GET /uv248fip248inf210/data_home.html HTTP/1.1"
2446	2024/01/29 09:32:27	"GET /uv248fip248inf210/images/data/prerequisite_data/prerequisite_data.html HTTP/1.1"
2446	2024/01/29 09:32:28	"GET /uv248fip248inf210/lecture_relational_model.html HTTP/1.1"
2413	2024/01/29 09:33:27	"GET /uv248fip248inf210/index.html HTTP/1.1"
2415	2024/01/29 09:33:29	"GET /uv248fip248inf210/web_architecture_home.html HTTP/1.1"
2413	2024/01/29 09:33:32	"GET /uv248fip248inf210/web_architecture_home.html HTTP/1.1"
241	2024/01/29 09:33:35	"GET /uv248fip248inf210/data_home.html HTTP/1.1"
2415	2024/01/29 09:33:44	"GET /uv248fip248inf210/index.html HTTP/1.1"
2413	2024/01/29 09:33:50	"GET /uv248fip248inf210/practice_spring_2tiers.html HTTP/1.1"
2414	2024/01/29 09:33:52	"GET /uv248fip248inf210/technical_environment_home.html HTTP/1.1"
2415	2024/01/29 09:33:55	"GET /uv248fip248inf210/practice_spring_2tiers.html HTTP/1.1"
2417	2024/01/29 09:33:56	"GET /uv248fip248inf210/practice_spring_2tiers.html HTTP/1.1"
241	2024/01/29 09:34:03	"GET /uv248fip248inf210/practice_independence_views.html HTTP/1.1"
2414	2024/01/29 09:34:13	"GET /uv248fip248inf210/documentation_si.html HTTP/1.1"
241	2024/01/29 09:34:13	"GET /uv248fip248inf210/lecture_modeling_normalization.html HTTP/1.1"
2411	2024/01/29 09:34:14	"GET /uv248fip248inf210/activity_relational_model.html HTTP/1.1"
2417	2024/01/29 09:34:15	"GET /uv248fip248inf210/index.html HTTP/1.1"
241	2024/01/29 09:34:18	"GET /uv248fip248inf210/lecture_conceptual_modeling.html HTTP/1.1"
2414	2024/01/29 09:34:19	"GET /uv248fip248inf210/documentation_rdbms.html HTTP/1.1"
2417	2024/01/29 09:34:21	"GET /uv248fip248inf210/data_home.html HTTP/1.1"
2414	2024/01/29 09:34:24	"GET /uv248fip248inf210/practice_postgresql.html HTTP/1.1"
2414	2024/01/29 09:34:28	"GET /uv248fip248inf210/index.html HTTP/1.1"
2414	2024/01/29 09:34:34	"GET /uv248fip248inf210/data_home.html HTTP/1.1"
2414	2024/01/29 09:34:38	"GET /uv248fip248inf210/images/data/prerequisite_data/prerequisite_data.html HTTP/1.1"
2417	2024/01/29 09:34:43	"GET /uv248fip248inf210/images/data/prerequisite_data/prerequisite_data.html HTTP/1.1"
2417	2024/01/29 09:34:47	"GET /uv248fip248inf210/lecture_relational_model.html HTTP/1.1"
2414	2024/01/29 09:34:53	"GET /uv248fip248inf210/lecture_transaction.html HTTP/1.1"
2411	2024/01/29 09:34:54	"GET /uv248fip248inf210/activity_sql.html HTTP/1.1"
245	2024/01/29 09:34:57	"GET /uv248fip248inf210/practice_spring_2tiers.html HTTP/1.1"
245	2024/01/29 09:35:25	"GET /uv248fip248inf210/lecture_mvc_spring.html HTTP/1.1"
245	2024/01/29 09:35:26	"GET /uv248fip248inf210/images/web_architecture/prerequisite_archiweb/prerequisite_archiweb.html HTTP/1.1"
2430	2024/01/29 09:35:30	"GET /uv248fip248inf210/technical_environment_home.html HTTP/1.1"
2414	2024/01/29 09:35:31	"GET /uv248fip248inf210/practice_transaction.html HTTP/1.1"
2430	2024/01/29 09:35:32	"GET /uv248fip248inf210/images/technical_environment/prerequisite_techenv/prerequisite_techenv.html HTTP/1.1"
2410	2024/01/29 09:35:33	"GET /uv248fip248inf210/index.html HTTP/1.1"
2430	2024/01/29 09:35:37	"GET /uv248fip248inf210/index.html HTTP/1.1"
2410	2024/01/29 09:35:41	"GET /uv248fip248inf210/technical_environment_home.html HTTP/1.1"
2430	2024/01/29 09:35:44	"GET /uv248fip248inf210/project_home.html HTTP/1.1"
2417	2024/01/29 09:35:47	"GET /uv248fip248inf210/lecture_db_integrity.html HTTP/1.1"
2410	2024/01/29 09:35:48	"GET /uv248fip248inf210/index.html HTTP/1.1"
247	2024/01/29 09:35:50	"GET /uv248fip248inf210/index.html HTTP/1.1"
2410	2024/01/29 09:35:51	"GET /uv248fip248inf210/web_architecture_home.html HTTP/1.1"
2417	2024/01/29 09:36:01	"GET /uv248fip248inf210/activity_relational_model.html HTTP/1.1"
2410	2024/01/29 09:36:03	"GET /uv248fip248inf210/images/web_architecture/prerequisite_archiweb/prerequisite_archiweb.html HTTP/1.1"
2423	2024/01/29 09:36:06	"GET /uv248fip248inf210/data_home.html HTTP/1.1"
2430	2024/01/29 09:36:06	"GET /uv248fip248inf210/web_architecture_home.html HTTP/1.1"
2423	2024/01/29 09:36:10	"GET /uv248fip248inf210/images/data/prerequisite_data/prerequisite_data.html HTTP/1.1"
2423	2024/01/29 09:36:11	"GET /uv248fip248inf210/activity_sql.html HTTP/1.1"
2430	2024/01/29 09:36:13	"GET /uv248fip248inf210/lecture_parser.html HTTP/1.1"
245	2024/01/29 09:36:14	"GET /uv248fip248inf210/lecture_dto.html HTTP/1.1"
2430	2024/01/29 09:36:14	"GET /uv248fip248inf210/lecture_jaxb.html HTTP/1.1"
2430	2024/01/29 09:36:16	"GET /uv248fip248inf210/practice_xml.html HTTP/1.1"
2423	2024/01/29 09:36:21	"GET /uv248fip248inf210/lecture_transaction.html HTTP/1.1"
2430	2024/01/29 09:36:22	"GET /uv248fip248inf210/practice_schema_xml.html HTTP/1.1"
2430	2024/01/29 09:36:30	"GET /uv248fip248inf210/lecture_json.html HTTP/1.1"
2410	2024/01/29 09:36:36	"GET /uv248fip248inf210/lecture_technical_architecture.html HTTP/1.1"
2443	2024/01/29 09:36:38	"GET /uv248fip248inf210/index.html HTTP/1.1"
2426	2024/01/29 09:37:07	"GET /uv248fip248inf210/practice_sql.html HTTP/1.1"
2410	2024/01/29 09:37:18	"GET /uv248fip248inf210/lecture_software_architecture.html HTTP/1.1"
2431	2024/01/29 09:37:34	"GET /uv248fip248inf210/web_architecture_home.html HTTP/1.1"
2431	2024/01/29 09:37:36	"GET /uv248fip248inf210/images/web_architecture/prerequisite_archiweb/prerequisite_archiweb.html HTTP/1.1"
2431	2024/01/29 09:38:34	"GET /uv248fip248inf210/practice_jpa.html HTTP/1.1"
2446	2024/01/29 09:39:33	"GET /uv248fip248inf210/activity_relational_model.html HTTP/1.1"
2440	2024/01/29 09:39:39	"GET /uv248fip248inf210/data_home.html HTTP/1.1"
2440	2024/01/29 09:39:54	"GET /uv248fip248inf210/index.html HTTP/1.1"
2440	2024/01/29 09:40:01	"GET /uv248fip248inf210/images/data/prerequisite_data/prerequisite_data.html HTTP/1.1"
2426	2024/01/29 09:40:05	"GET /uv248fip248inf210/practice_sql_correction.html HTTP/1.1"
245	2024/01/29 09:40:08	"GET /uv248fip248inf210/lecture_xml.html HTTP/1.1"
2437	2024/01/29 09:40:08	"GET /uv248fip248inf210/data_home.html HTTP/1.1"
2440	2024/01/29 09:40:10	"GET /uv248fip248inf210/activity_conceptual_modeling.html HTTP/1.1"
2437	2024/01/29 09:40:11	"GET /uv248fip248inf210/lecture_db_integrity.html HTTP/1.1"
2440	2024/01/29 09:40:14	"GET /uv248fip248inf210/activity_conceptual_modeling_correction.html HTTP/1.1"
2415	2024/01/29 09:40:16	"GET /uv248fip248inf210/practice_spring_2tiers_ext.html HTTP/1.1"
2439	2024/01/29 09:40:35	"GET /uv248fip248inf210/web_architecture_home.html HTTP/1.1"
247	2024/01/29 09:40:58	"GET /uv248fip248inf210/data_home.html HTTP/1.1"
2444	2024/01/29 09:41:04	"GET /uv248fip248inf210/data_home.html HTTP/1.1"
247	2024/01/29 09:41:06	"GET /uv248fip248inf210/practice_sql.html HTTP/1.1"
2444	2024/01/29 09:41:12	"GET /uv248fip248inf210/practice_sql.html HTTP/1.1"
247	2024/01/29 09:41:12	"GET /uv248fip248inf210/lecture_transaction.html HTTP/1.1"
247	2024/01/29 09:41:17	"GET /uv248fip248inf210/practice_transaction.html HTTP/1.1"
247	2024/01/29 09:41:23	"GET /uv248fip248inf210/lecture_relational_model.html HTTP/1.1"
2444	2024/01/29 09:41:28	"GET /uv248fip248inf210/lecture_transaction.html HTTP/1.1"
2425	2024/01/29 09:41:32	"GET /uv248fip248inf210/practice_docker.html HTTP/1.1"
2434	2024/01/29 09:41:35	"GET /uv248fip248inf210/data_home.html HTTP/1.1"
2425	2024/01/29 09:41:39	"GET /uv248fip248inf210/index.html HTTP/1.1"
2434	2024/01/29 09:41:39	"GET /uv248fip248inf210/lecture_relational_model.html HTTP/1.1"
2434	2024/01/29 09:41:43	"GET /uv248fip248inf210/lecture_modeling_normalization.html HTTP/1.1"
2430	2024/01/29 09:41:44	"GET /uv248fip248inf210/practice_json.html HTTP/1.1"
2425	2024/01/29 09:41:44	"GET /uv248fip248inf210/web_architecture_home.html HTTP/1.1"
2418	2024/01/29 09:41:49	"GET /uv248fip248inf210/data_home.html HTTP/1.1"
249	2024/01/29 09:41:54	"GET /uv248fip248inf210/data_home.html HTTP/1.1"
2425	2024/01/29 09:41:58	"GET /uv248fip248inf210/images/web_architecture/prerequisite_archiweb/prerequisite_archiweb.html HTTP/1.1"
2418	2024/01/29 09:42:00	"GET /uv248fip248inf210/lecture_modeling_normalization.html HTTP/1.1"
2425	2024/01/29 09:42:02	"GET /uv248fip248inf210/lecture_jpa.html HTTP/1.1"
2418	2024/01/29 09:42:04	"GET /uv248fip248inf210/lecture_conceptual_modeling.html HTTP/1.1"
249	2024/01/29 09:42:05	"GET /uv248fip248inf210/lecture_relational_model.html HTTP/1.1"
2411	2024/01/29 09:42:05	"GET /uv248fip248inf210/index.html HTTP/1.1"
249	2024/01/29 09:42:11	"GET /uv248fip248inf210/lecture_modeling_normalization.html HTTP/1.1"
2411	2024/01/29 09:42:14	"GET /uv248fip248inf210/web_architecture_home.html HTTP/1.1"
2432	2024/01/29 09:42:23	"GET /uv248fip248inf210/web_architecture_home.html HTTP/1.1"
2425	2024/01/29 09:42:25	"GET /uv248fip248inf210/practice_xml.html HTTP/1.1"
2432	2024/01/29 09:42:26	"GET /uv248fip248inf210/practice_jpa.html HTTP/1.1"
2411	2024/01/29 09:42:31	"GET /uv248fip248inf210/technical_environment_home.html HTTP/1.1"
2411	2024/01/29 09:42:37	"GET /uv248fip248inf210/documentation_docker.html HTTP/1.1"
2425	2024/01/29 09:42:40	"GET /uv248fip248inf210/lecture_validity.html HTTP/1.1"
2411	2024/01/29 09:42:44	"GET /uv248fip248inf210/practice_postgresql.html HTTP/1.1"
2429	2024/01/29 09:43:00	"GET /uv248fip248inf210/data_home.html HTTP/1.1"
2429	2024/01/29 09:43:06	"GET /uv248fip248inf210/web_architecture_home.html HTTP/1.1"
2442	2024/01/29 09:43:09	"GET /uv248fip248inf210/web_architecture_home.html HTTP/1.1"
2429	2024/01/29 09:43:10	"GET /uv248fip248inf210/data_home.html HTTP/1.1"
2442	2024/01/29 09:43:12	"GET /uv248fip248inf210/images/web_architecture/prerequisite_archiweb/prerequisite_archiweb.html HTTP/1.1"
2440	2024/01/29 09:43:13	"GET /uv248fip248inf210/lecture_conceptual_modeling.html HTTP/1.1"
2429	2024/01/29 09:43:38	"GET /uv248fip248inf210/activity_relational_model.html HTTP/1.1"
2429	2024/01/29 09:43:44	"GET /uv248fip248inf210/activity_relational_model_correction.html HTTP/1.1"
2434	2024/01/29 09:43:52	"GET /uv248fip248inf210/lecture_conceptual_modeling.html HTTP/1.1"
2429	2024/01/29 09:43:59	"GET /uv248fip248inf210/activity_conceptual_modeling.html HTTP/1.1"
2429	2024/01/29 09:44:04	"GET /uv248fip248inf210/activity_conceptual_modeling_correction.html HTTP/1.1"
2439	2024/01/29 09:44:10	"GET /uv248fip248inf210/lecture_technical_architecture.html HTTP/1.1"
2411	2024/01/29 09:44:18	"GET /uv248fip248inf210/data_home.html HTTP/1.1"
2411	2024/01/29 09:44:23	"GET /uv248fip248inf210/images/data/prerequisite_data/prerequisite_data.html HTTP/1.1"
2442	2024/01/29 09:45:23	"GET /uv248fip248inf210/lecture_technical_architecture.html HTTP/1.1"
2445	2024/01/29 09:46:08	"GET /uv248fip248inf210/web_architecture_home.html HTTP/1.1"
2445	2024/01/29 09:46:12	"GET /uv248fip248inf210/practice_jpa.html HTTP/1.1"
247	2024/01/29 09:46:14	"GET /uv248fip248inf210/lecture_db_integrity.html HTTP/1.1"
2445	2024/01/29 09:46:16	"GET /uv248fip248inf210/practice_spring_2tiers.html HTTP/1.1"
2441	2024/01/29 09:46:22	"GET /uv248fip248inf210/web_architecture_home.html HTTP/1.1"
2441	2024/01/29 09:46:30	"GET /uv248fip248inf210/practice_xml.html HTTP/1.1"
2441	2024/01/29 09:46:35	"GET /uv248fip248inf210/lecture_json.html HTTP/1.1"
2438	2024/01/29 09:46:58	"GET /uv248fip248inf210/index.html HTTP/1.1"
2438	2024/01/29 09:47:01	"GET /uv248fip248inf210/technical_environment_home.html HTTP/1.1"
2438	2024/01/29 09:47:11	"GET /uv248fip248inf210/documentation_docker.html HTTP/1.1"
2438	2024/01/29 09:47:15	"GET /uv248fip248inf210/practice_docker.html HTTP/1.1"
2438	2024/01/29 09:47:23	"GET /uv248fip248inf210/practice_docker_advanced.html HTTP/1.1"
2438	2024/01/29 09:47:35	"GET /uv248fip248inf210/documentation_programming.html HTTP/1.1"
241	2024/01/29 09:47:36	"GET /uv248fip248inf210/lecture_normalization.html HTTP/1.1"
2438	2024/01/29 09:47:39	"GET /uv248fip248inf210/practice_spring.html HTTP/1.1"
2437	2024/01/29 09:47:39	"GET /uv248fip248inf210/activity_relational_model.html HTTP/1.1"
2414	2024/01/29 09:48:25	"GET /uv248fip248inf210/practice_transaction_correction.html HTTP/1.1"
2439	2024/01/29 09:48:27	"GET /uv248fip248inf210/lecture_software_architecture.html HTTP/1.1"
2438	2024/01/29 09:48:30	"GET /uv248fip248inf210/web_architecture_home.html HTTP/1.1"
2440	2024/01/29 09:48:33	"GET /uv248fip248inf210/lecture_normalization.html HTTP/1.1"
2438	2024/01/29 09:48:33	"GET /uv248fip248inf210/lecture_technical_architecture.html HTTP/1.1"
2438	2024/01/29 09:48:40	"GET /uv248fip248inf210/lecture_software_architecture.html HTTP/1.1"
2438	2024/01/29 09:48:52	"GET /uv248fip248inf210/lecture_mvc_spring.html HTTP/1.1"
2438	2024/01/29 09:48:59	"GET /uv248fip248inf210/lecture_jpa.html HTTP/1.1"
2438	2024/01/29 09:49:05	"GET /uv248fip248inf210/practice_jpa.html HTTP/1.1"
2432	2024/01/29 09:50:07	"GET /uv248fip248inf210/practice_spring_2tiers.html HTTP/1.1"
2432	2024/01/29 09:50:33	"GET /uv248fip248inf210/lecture_dto.html HTTP/1.1"
246	2024/01/29 09:51:39	"GET /uv248fip248inf210/web_architecture_home.html HTTP/1.1"
246	2024/01/29 09:51:41	"GET /uv248fip248inf210/images/web_architecture/prerequisite_archiweb/prerequisite_archiweb.html HTTP/1.1"
246	2024/01/29 09:51:52	"GET /uv248fip248inf210/practice_jpa.html HTTP/1.1"
2415	2024/01/29 09:52:36	"GET /uv248fip248inf210/technical_environment_home.html HTTP/1.1"
2436	2024/01/29 09:53:08	"GET /uv248fip248inf210/web_architecture_home.html HTTP/1.1"
2439	2024/01/29 09:53:22	"GET /uv248fip248inf210/lecture_mvc_spring.html HTTP/1.1"
2441	2024/01/29 09:53:54	"GET /uv248fip248inf210/practice_json.html HTTP/1.1"
2441	2024/01/29 09:54:31	"GET /uv248fip248inf210/index.html HTTP/1.1"
2441	2024/01/29 09:54:33	"GET /uv248fip248inf210/data_home.html HTTP/1.1"
2441	2024/01/29 09:54:38	"GET /uv248fip248inf210/lecture_relational_model.html HTTP/1.1"
2441	2024/01/29 09:54:45	"GET /uv248fip248inf210/project_home.html HTTP/1.1"
2414	2024/01/29 09:55:05	"GET /uv248fip248inf210/activity_conceptual_modeling.html HTTP/1.1"
2414	2024/01/29 09:55:10	"GET /uv248fip248inf210/activity_conceptual_modeling_correction.html HTTP/1.1"
2420	2024/01/29 09:55:32	"GET /uv248fip248inf210/data_home.html HTTP/1.1"
2420	2024/01/29 09:55:39	"GET /uv248fip248inf210/activity_sql.html HTTP/1.1"
2420	2024/01/29 09:55:41	"GET /uv248fip248inf210/practice_sql.html HTTP/1.1"
2433	2024/01/29 09:56:19	"GET /uv248fip248inf210/web_architecture_home.html HTTP/1.1"
2433	2024/01/29 09:56:29	"GET /uv248fip248inf210/practice_spring_2tiers.html HTTP/1.1"
2444	2024/01/29 09:56:29	"GET /uv248fip248inf210/practice_transaction.html HTTP/1.1"
2414	2024/01/29 09:56:52	"GET /uv248fip248inf210/lecture_conceptual_modeling.html HTTP/1.1"
2429	2024/01/29 09:57:15	"GET /uv248fip248inf210/lecture_normalization.html HTTP/1.1"
2410	2024/01/29 09:57:28	"GET /uv248fip248inf210/lecture_mvc_spring.html HTTP/1.1"
2443	2024/01/29 09:58:47	"GET /uv248fip248inf210/project_home.html HTTP/1.1"
2443	2024/01/29 09:58:50	"GET /uv248fip248inf210/data_home.html HTTP/1.1"
2434	2024/01/29 10:00:36	"GET /uv248fip248inf210/lecture_normalization.html HTTP/1.1"
241	2024/01/29 10:01:06	"GET /uv248fip248inf210/lecture_independence_views.html HTTP/1.1"
2421	2024/01/29 10:02:04	"GET /uv248fip248inf210/technical_environment_home.html HTTP/1.1"
2421	2024/01/29 10:02:09	"GET /uv248fip248inf210/images/technical_environment/prerequisite_techenv/prerequisite_techenv.html HTTP/1.1"
2410	2024/01/29 10:02:35	"GET /uv248fip248inf210/lecture_jpa.html HTTP/1.1"
2410	2024/01/29 10:02:51	"GET /uv248fip248inf210/practice_jpa.html HTTP/1.1"
247	2024/01/29 10:03:04	"GET /uv248fip248inf210/lecture_relational_algebra.html HTTP/1.1"
2444	2024/01/29 10:03:05	"GET /uv248fip248inf210/practice_transaction_correction.html HTTP/1.1"
2410	2024/01/29 10:03:11	"GET /uv248fip248inf210/practice_spring_2tiers.html HTTP/1.1"
245	2024/01/29 10:04:39	"GET /uv248fip248inf210/lecture_validity.html HTTP/1.1"
2442	2024/01/29 10:05:22	"GET /uv248fip248inf210/lecture_software_architecture.html HTTP/1.1"
2414	2024/01/29 10:05:29	"GET /uv248fip248inf210/lecture_normalization.html HTTP/1.1"
2414	2024/01/29 10:05:33	"GET /uv248fip248inf210/activity_normalization.html HTTP/1.1"
2434	2024/01/29 10:09:26	"GET /uv248fip248inf210/activity_conceptual_modeling.html HTTP/1.1"
247	2024/01/29 10:09:52	"GET /uv248fip248inf210/activity_relational_model.html HTTP/1.1"
2436	2024/01/29 10:10:29	"GET /uv248fip248inf210/practice_jpa.html HTTP/1.1"
245	2024/01/29 10:10:37	"GET /uv248fip248inf210/practice_xml.html HTTP/1.1"
2442	2024/01/29 10:10:57	"GET /uv248fip248inf210/lecture_mvc_spring.html HTTP/1.1"
2421	2024/01/29 10:11:07	"GET /uv248fip248inf210/data_home.html HTTP/1.1"
2421	2024/01/29 10:11:17	"GET /uv248fip248inf210/lecture_relational_model.html HTTP/1.1"
241	2024/01/29 10:11:40	"GET /uv248fip248inf210/activity_conceptual_modeling.html HTTP/1.1"
2418	2024/01/29 10:12:33	"GET /uv248fip248inf210/lecture_normalization.html HTTP/1.1"
2434	2024/01/29 10:12:39	"GET /uv248fip248inf210/activity_normalization.html HTTP/1.1"
2441	2024/01/29 10:13:04	"GET /uv248fip248inf210/lecture_db_integrity.html HTTP/1.1"
2443	2024/01/29 10:13:19	"GET /uv248fip248inf210/lecture_db_tools.html HTTP/1.1"
2440	2024/01/29 10:14:18	"GET /uv248fip248inf210/activity_normalization.html HTTP/1.1"
2430	2024/01/29 10:15:17	"GET /uv248fip248inf210/data_home.html HTTP/1.1"
2430	2024/01/29 10:15:20	"GET /uv248fip248inf210/lecture_relational_model.html HTTP/1.1"
2421	2024/01/29 10:15:44	"GET /uv248fip248inf210/practice_sql.html HTTP/1.1"
2421	2024/01/29 10:17:41	"GET /uv248fip248inf210/documentation_rdbms.html HTTP/1.1"
2446	2024/01/29 10:18:34	"GET /uv248fip248inf210/activity_relational_model_correction.html HTTP/1.1"
2417	2024/01/29 10:18:42	"GET /uv248fip248inf210/activity_relational_model_correction.html HTTP/1.1"
2442	2024/01/29 10:19:15	"GET /uv248fip248inf210/lecture_jpa.html HTTP/1.1"
247	2024/01/29 10:21:51	"GET /uv248fip248inf210/activity_relational_model_correction.html HTTP/1.1"
241	2024/01/29 10:22:25	"GET /uv248fip248inf210/activity_conceptual_modeling_advanced.html HTTP/1.1"
241	2024/01/29 10:22:29	"GET /uv248fip248inf210/index.html HTTP/1.1"
241	2024/01/29 10:22:31	"GET /uv248fip248inf210/web_architecture_home.html HTTP/1.1"
241	2024/01/29 10:22:36	"GET /uv248fip248inf210/practice_json.html HTTP/1.1"
2444	2024/01/29 10:22:54	"GET /uv248fip248inf210/data_home.html HTTP/1.1"
2432	2024/01/29 10:22:56	"GET /uv248fip248inf210/index.html HTTP/1.1"
2432	2024/01/29 10:22:59	"GET /uv248fip248inf210/technical_environment_home.html HTTP/1.1"
2432	2024/01/29 10:23:02	"GET /uv248fip248inf210/practice_docker.html HTTP/1.1"
2432	2024/01/29 10:23:11	"GET /uv248fip248inf210/practice_spring.html HTTP/1.1"
2414	2024/01/29 10:23:38	"GET /uv248fip248inf210/lecture_db_integrity.html HTTP/1.1"
2446	2024/01/29 10:24:27	"GET /uv248fip248inf210/lecture_modeling_normalization.html HTTP/1.1"
2446	2024/01/29 10:24:31	"GET /uv248fip248inf210/lecture_db_integrity.html HTTP/1.1"
2417	2024/01/29 10:24:40	"GET /uv248fip248inf210/lecture_modeling_normalization.html HTTP/1.1"
2441	2024/01/29 10:25:32	"GET /uv248fip248inf210/activity_relational_model.html HTTP/1.1"
2437	2024/01/29 10:25:49	"GET /uv248fip248inf210/lecture_relational_model.html HTTP/1.1"
2426	2024/01/29 10:26:50	"GET /uv248fip248inf210/index.html HTTP/1.1"
2426	2024/01/29 10:27:00	"GET /uv248fip248inf210/data_home.html HTTP/1.1"
247	2024/01/29 10:27:51	"GET /uv248fip248inf210/lecture_modeling_normalization.html HTTP/1.1"
2429	2024/01/29 10:27:53	"GET /uv248fip248inf210/activity_normalization.html HTTP/1.1"
2426	2024/01/29 10:28:01	"GET /uv248fip248inf210/practice_advanced_sql.html HTTP/1.1"
2430	2024/01/29 10:28:08	"GET /uv248fip248inf210/lecture_db_integrity.html HTTP/1.1"
2439	2024/01/29 10:28:39	"GET /uv248fip248inf210/lecture_dto.html HTTP/1.1"
2426	2024/01/29 10:29:51	"GET /uv248fip248inf210/practice_advanced_sql_correction.html HTTP/1.1"
2442	2024/01/29 10:30:48	"GET /uv248fip248inf210/lecture_xml.html HTTP/1.1"
2442	2024/01/29 10:31:00	"GET /uv248fip248inf210/lecture_validity.html HTTP/1.1"
2411	2024/01/29 10:31:27	"GET /uv248fip248inf210/activity_sql_correction.html HTTP/1.1"
2442	2024/01/29 10:32:09	"GET /uv248fip248inf210/lecture_json.html HTTP/1.1"
2442	2024/01/29 10:32:19	"GET /uv248fip248inf210/practice_xml.html HTTP/1.1"
2442	2024/01/29 10:34:48	"GET /uv248fip248inf210/index.html HTTP/1.1"
2442	2024/01/29 10:34:51	"GET /uv248fip248inf210/data_home.html HTTP/1.1"
2442	2024/01/29 10:34:53	"GET /uv248fip248inf210/images/data/prerequisite_data/prerequisite_data.html HTTP/1.1"
2442	2024/01/29 10:35:22	"GET /uv248fip248inf210/lecture_relational_model.html HTTP/1.1"
2442	2024/01/29 10:35:37	"GET /uv248fip248inf210/lecture_db_integrity.html HTTP/1.1"
2434	2024/01/29 10:35:40	"GET /uv248fip248inf210/activity_decomposition.html HTTP/1.1"
2439	2024/01/29 10:36:02	"GET /uv248fip248inf210/lecture_json.html HTTP/1.1"
249	2024/01/29 10:37:20	"GET /uv248fip248inf210/lecture_conceptual_modeling.html HTTP/1.1"
249	2024/01/29 10:37:21	"GET /uv248fip248inf210/activity_normalization.html HTTP/1.1"
249	2024/01/29 10:37:22	"GET /uv248fip248inf210/activity_conceptual_modeling.html HTTP/1.1"
2444	2024/01/29 10:37:56	"GET /uv248fip248inf210/web_architecture_home.html HTTP/1.1"
2444	2024/01/29 10:38:04	"GET /uv248fip248inf210/lecture_technical_architecture.html HTTP/1.1"
2415	2024/01/29 10:40:32	"GET /uv248fip248inf210/lecture_dto.html HTTP/1.1"
2425	2024/01/29 10:40:36	"GET /uv248fip248inf210/practice_jpa.html HTTP/1.1"
2432	2024/01/29 10:40:43	"GET /uv248fip248inf210/web_architecture_home.html HTTP/1.1"
2432	2024/01/29 10:40:48	"GET /uv248fip248inf210/practice_spring_2tiers.html HTTP/1.1"
2415	2024/01/29 10:41:05	"GET /uv248fip248inf210/lecture_xml.html HTTP/1.1"
2442	2024/01/29 10:41:13	"GET /uv248fip248inf210/lecture_modeling_normalization.html HTTP/1.1"
2442	2024/01/29 10:41:26	"GET /uv248fip248inf210/lecture_conceptual_modeling.html HTTP/1.1"
2434	2024/01/29 10:41:37	"GET /uv248fip248inf210/activity_sql.html HTTP/1.1"
2434	2024/01/29 10:41:42	"GET /uv248fip248inf210/practice_sql.html HTTP/1.1"
2434	2024/01/29 10:41:45	"GET /uv248fip248inf210/practice_advanced_sql.html HTTP/1.1"
2434	2024/01/29 10:41:47	"GET /uv248fip248inf210/lecture_transaction.html HTTP/1.1"
2426	2024/01/29 10:41:51	"GET /uv248fip248inf210/lecture_transaction.html HTTP/1.1"
2434	2024/01/29 10:41:51	"GET /uv248fip248inf210/practice_transaction.html HTTP/1.1"
2439	2024/01/29 10:42:16	"GET /uv248fip248inf210/practice_json.html HTTP/1.1"
247	2024/01/29 10:42:30	"GET /uv248fip248inf210/web_architecture_home.html HTTP/1.1"
247	2024/01/29 10:42:33	"GET /uv248fip248inf210/lecture_software_architecture.html HTTP/1.1"
247	2024/01/29 10:42:38	"GET /uv248fip248inf210/lecture_technical_architecture.html HTTP/1.1"
247	2024/01/29 10:42:50	"GET /uv248fip248inf210/lecture_mvc_spring.html HTTP/1.1"
247	2024/01/29 10:43:01	"GET /uv248fip248inf210/lecture_jpa.html HTTP/1.1"
247	2024/01/29 10:43:07	"GET /uv248fip248inf210/practice_jpa.html HTTP/1.1"
2442	2024/01/29 10:43:19	"GET /uv248fip248inf210/lecture_normalization.html HTTP/1.1"
2415	2024/01/29 10:44:58	"GET /uv248fip248inf210/lecture_validity.html HTTP/1.1"
2415	2024/01/29 10:45:07	"GET /uv248fip248inf210/practice_xml.html HTTP/1.1"
2415	2024/01/29 10:45:09	"GET /uv248fip248inf210/lecture_parser.html HTTP/1.1"
2430	2024/01/29 10:46:01	"GET /uv248fip248inf210/lecture_relational_algebra.html HTTP/1.1"
2433	2024/01/29 10:46:20	"GET /uv248fip248inf210/lecture_dto.html HTTP/1.1"
2442	2024/01/29 10:47:19	"GET /uv248fip248inf210/activity_decomposition.html HTTP/1.1"
2420	2024/01/29 11:12:05	"GET /uv248fip248inf210/lecture_conceptual_modeling.html HTTP/1.1"
241	2024/01/29 11:12:39	"GET /uv248fip248inf210/lecture_parser.html HTTP/1.1"
241	2024/01/29 11:12:43	"GET /uv248fip248inf210/lecture_jaxb.html HTTP/1.1"
241	2024/01/29 11:12:45	"GET /uv248fip248inf210/practice_xml.html HTTP/1.1"
2440	2024/01/29 11:13:53	"GET /uv248fip248inf210/activity_normalization_correction.html HTTP/1.1"
247	2024/01/29 11:14:22	"GET /uv248fip248inf210/lecture_conceptual_modeling.html HTTP/1.1"
2446	2024/01/29 11:15:07	"GET /uv248fip248inf210/lecture_conceptual_modeling.html HTTP/1.1"
2433	2024/01/29 11:15:27	"GET /uv248fip248inf210/lecture_xml.html HTTP/1.1"
2417	2024/01/29 11:16:20	"GET /uv248fip248inf210/lecture_conceptual_modeling.html HTTP/1.1"
2443	2024/01/29 11:18:42	"GET /uv248fip248inf210/index.html HTTP/1.1"
2443	2024/01/29 11:18:49	"GET /uv248fip248inf210/data_home.html HTTP/1.1"
245	2024/01/29 11:18:57	"GET /uv248fip248inf210/web_architecture_home.html HTTP/1.1"
2443	2024/01/29 11:19:02	"GET /uv248fip248inf210/web_architecture_home.html HTTP/1.1"
2443	2024/01/29 11:19:05	"GET /uv248fip248inf210/lecture_xml.html HTTP/1.1"
2443	2024/01/29 11:19:13	"GET /uv248fip248inf210/lecture_jaxb.html HTTP/1.1"
2443	2024/01/29 11:19:15	"GET /uv248fip248inf210/practice_xml.html HTTP/1.1"
2443	2024/01/29 11:19:20	"GET /uv248fip248inf210/lecture_json.html HTTP/1.1"
2418	2024/01/29 11:23:24	"GET /uv248fip248inf210/activity_decomposition.html HTTP/1.1"
2445	2024/01/29 11:25:20	"GET /uv248fip248inf210/lecture_dto.html HTTP/1.1"
2411	2024/01/29 11:25:23	"GET /uv248fip248inf210/practice_sql.html HTTP/1.1"
241	2024/01/29 11:26:01	"GET /uv248fip248inf210/practice_xml.html HTTP/1.1"
2421	2024/01/29 11:26:24	"GET /uv248fip248inf210/activity_sql.html HTTP/1.1"
2445	2024/01/29 11:26:24	"GET /uv248fip248inf210/lecture_xml.html HTTP/1.1"
2430	2024/01/29 11:27:53	"GET /uv248fip248inf210/activity_relational_model.html HTTP/1.1"
2442	2024/01/29 11:29:29	"GET /uv248fip248inf210/activity_decomposition_correction.html HTTP/1.1"
2420	2024/01/29 11:33:17	"GET /uv248fip248inf210/lecture_normalization.html HTTP/1.1"
2433	2024/01/29 11:37:41	"GET /uv248fip248inf210/practice_xml.html HTTP/1.1"
2439	2024/01/29 11:39:05	"GET /uv248fip248inf210/lecture_xml.html HTTP/1.1"
2414	2024/01/29 11:39:42	"GET /uv248fip248inf210/activity_relational_model.html HTTP/1.1"
2414	2024/01/29 11:40:13	"GET /uv248fip248inf210/activity_relational_model_correction.html HTTP/1.1"
2411	2024/01/29 11:40:33	"GET /uv248fip248inf210/practice_sql_correction.html HTTP/1.1"
2423	2024/01/29 11:40:51	"GET /uv248fip248inf210/lecture_transaction.html HTTP/1.1"
2442	2024/01/29 11:43:54	"GET /uv248fip248inf210/activity_sql.html HTTP/1.1"
2443	2024/01/29 11:45:25	"GET /uv248fip248inf210/index.html HTTP/1.1"
2443	2024/01/29 11:45:34	"GET /uv248fip248inf210/project_home.html HTTP/1.1"
2443	2024/01/29 11:47:31	"GET /uv248fip248inf210/project_part1.html HTTP/1.1"
2443	2024/01/29 11:47:33	"GET /uv248fip248inf210/project_part2.html HTTP/1.1"
2446	2024/01/29 11:49:24	"GET /uv248fip248inf210/activity_conceptual_modeling.html HTTP/1.1"
2434	2024/01/29 11:51:24	"GET /uv248fip248inf210/practice_sql.html HTTP/1.1"
2413	2024/01/29 11:53:39	"GET /uv248fip248inf210/lecture_xml.html HTTP/1.1"
2415	2024/01/29 11:53:40	"GET /uv248fip248inf210/lecture_json.html HTTP/1.1"
2442	2024/01/29 11:53:51	"GET /uv248fip248inf210/lecture_transaction.html HTTP/1.1"
2415	2024/01/29 11:54:17	"GET /uv248fip248inf210/practice_json.html HTTP/1.1"
2429	2024/01/29 11:55:01	"GET /uv248fip248inf210/activity_normalization_correction.html HTTP/1.1"
2442	2024/01/29 11:55:05	"GET /uv248fip248inf210/practice_transaction.html HTTP/1.1"
2442	2024/01/29 11:55:55	"GET /uv248fip248inf210/activity_normalization.html HTTP/1.1"
2442	2024/01/29 11:57:13	"GET /uv248fip248inf210/activity_normalization_correction.html HTTP/1.1"
2441	2024/01/29 11:57:58	"GET /uv248fip248inf210/lecture_modeling_normalization.html HTTP/1.1"
2434	2024/01/29 11:58:08	"GET /uv248fip248inf210/documentation_rdbms.html HTTP/1.1"
2434	2024/01/29 11:59:36	"GET /uv248fip248inf210/practice_sql.html HTTP/1.1"
2440	2024/01/29 12:00:56	"GET /uv248fip248inf210/activity_decomposition.html HTTP/1.1"
2417	2024/01/29 12:02:19	"GET /uv248fip248inf210/lecture_normalization.html HTTP/1.1"
2417	2024/01/29 12:02:35	"GET /uv248fip248inf210/activity_conceptual_modeling.html HTTP/1.1"
2445	2024/01/29 12:02:45	"GET /uv248fip248inf210/practice_xml.html HTTP/1.1"
2415	2024/01/29 12:04:30	"GET /uv248fip248inf210/lecture_dto.html HTTP/1.1"
2415	2024/01/29 12:04:32	"GET /uv248fip248inf210/lecture_mvc_spring.html HTTP/1.1"
2413	2024/01/29 12:04:42	"GET /uv248fip248inf210/practice_xml.html HTTP/1.1"
2413	2024/01/29 12:06:28	"GET /uv248fip248inf210/lecture_json.html HTTP/1.1"
2431	2024/01/29 12:06:32	"GET /uv248fip248inf210/practice_spring_2tiers.html HTTP/1.1"
2418	2024/01/29 12:06:37	"GET /uv248fip248inf210/activity_normalization.html HTTP/1.1"
2437	2024/01/29 12:07:53	"GET /uv248fip248inf210/lecture_modeling_normalization.html HTTP/1.1"
2437	2024/01/29 12:08:16	"GET /uv248fip248inf210/lecture_conceptual_modeling.html HTTP/1.1"
2415	2024/01/29 12:09:55	"GET /uv248fip248inf210/project_home.html HTTP/1.1"
2415	2024/01/29 12:10:06	"GET /uv248fip248inf210/project_presentation.html HTTP/1.1"
2415	2024/01/29 12:10:24	"GET /uv248fip248inf210/project_evaluation.html HTTP/1.1"
2415	2024/01/29 12:10:50	"GET /uv248fip248inf210/documentation_programming.html HTTP/1.1"
2441	2024/01/29 12:11:26	"GET /uv248fip248inf210/lecture_conceptual_modeling.html HTTP/1.1"
2423	2024/01/29 12:11:43	"GET /uv248fip248inf210/images/data/prerequisite_data/prerequisite_data.html HTTP/1.1"
2415	2024/01/29 12:11:58	"GET /uv248fip248inf210/project_specifications.html HTTP/1.1"
2415	2024/01/29 12:11:59	"GET /uv248fip248inf210/project_task_time.html HTTP/1.1"
2415	2024/01/29 12:12:04	"GET /uv248fip248inf210/project_part1.html HTTP/1.1"
241	2024/01/29 13:03:15	"GET /uv248fip248inf210/practice_schema_xml.html HTTP/1.1"
249	2024/01/29 13:10:50	"GET /uv248fip248inf210/web_architecture_home.html HTTP/1.1"
249	2024/01/29 13:10:59	"GET /uv248fip248inf210/lecture_technical_architecture.html HTTP/1.1"
2415	2024/03/05 08:56:46	"GET /uv248fip248inf210/project_part3.html HTTP/1.1"
2415	2024/03/05 08:58:36	"GET /uv248fip248inf210/project_specifications.html HTTP/1.1"
2418	2024/03/05 09:46:30	"GET /uv248fip248inf210/project_home.html HTTP/1.1"
2418	2024/03/05 09:46:34	"GET /uv248fip248inf210/project_specifications.html HTTP/1.1"
2434	2024/03/05 15:31:42	"GET /uv248fip248inf210/project_home.html HTTP/1.1"
2434	2024/03/05 15:31:43	"GET /uv248fip248inf210/project_evaluation.html HTTP/1.1"
2434	2024/03/05 15:31:44	"GET /uv248fip248inf210/project_specifications.html HTTP/1.1"
2427	2024/03/05 15:49:09	"GET /uv248fip248inf210/project_part1.html HTTP/1.1"
2445	2024/03/05 15:52:39	"GET /uv248fip248inf210/web_architecture_home.html HTTP/1.1"
2445	2024/03/05 15:53:07	"GET /uv248fip248inf210/data_home.html HTTP/1.1"
2445	2024/03/05 15:53:36	"GET /uv248fip248inf210/images/web_architecture/prerequisite_archiweb/prerequisite_archiweb.html HTTP/1.1"
2445	2024/03/05 15:53:40	"GET /uv248fip248inf210/practice_spring_2tiers.html HTTP/1.1"
2445	2024/03/05 16:00:36	"GET /uv248fip248inf210/practice_jpa.html HTTP/1.1"
2445	2024/03/05 16:28:29	"GET /uv248fip248inf210/web_architecture_home.html HTTP/1.1"
2445	2024/03/05 16:28:32	"GET /uv248fip248inf210/practice_spring_2tiers.html HTTP/1.1"
2423	2024/03/05 17:49:17	"GET /uv248fip248inf210/project_home.html HTTP/1.1"
2423	2024/03/05 17:50:30	"GET /uv248fip248inf210/project_part4.html HTTP/1.1"
2423	2024/03/05 17:50:37	"GET /uv248fip248inf210/project_evaluation.html HTTP/1.1"
2423	2024/03/05 17:50:56	"GET /uv248fip248inf210/project_specifications.html HTTP/1.1"
2445	2024/03/05 19:49:28	"GET /uv248fip248inf210/web_architecture_home.html HTTP/1.1"
2445	2024/03/05 19:49:31	"GET /uv248fip248inf210/practice_spring_2tiers.html HTTP/1.1"
2432	2024/03/05 22:26:24	"GET /uv248fip248inf210/technical_environment_home.html HTTP/1.1"
2432	2024/03/05 22:26:36	"GET /uv248fip248inf210/documentation_docker.html HTTP/1.1"
2432	2024/03/05 22:26:51	"GET /uv248fip248inf210/practice_docker.html HTTP/1.1"
2432	2024/03/05 22:27:08	"GET /uv248fip248inf210/index.html HTTP/1.1"
2432	2024/03/05 22:27:12	"GET /uv248fip248inf210/web_architecture_home.html HTTP/1.1"
2432	2024/03/05 22:48:54	"GET /uv248fip248inf210/project_home.html HTTP/1.1"
2432	2024/03/05 22:48:57	"GET /uv248fip248inf210/project_part1.html HTTP/1.1"
2421	2024/03/10 10:45:03	"GET /uv248fip248inf210/technical_environment_home.html HTTP/1.1"
2421	2024/03/10 10:45:08	"GET /uv248fip248inf210/practice_spring.html HTTP/1.1"
2421	2024/03/10 10:45:16	"GET /uv248fip248inf210/web_architecture_home.html HTTP/1.1"
2421	2024/03/10 10:45:19	"GET /uv248fip248inf210/practice_spring_2tiers.html HTTP/1.1"
2421	2024/03/10 10:46:01	"GET /uv248fip248inf210/practice_jpa.html HTTP/1.1"
2421	2024/03/10 10:50:47	"GET /uv248fip248inf210/practice_spring_2tiers_ext.html HTTP/1.1"
2421	2024/03/10 10:53:19	"GET /uv248fip248inf210/index.html HTTP/1.1"
2421	2024/03/10 10:53:21	"GET /uv248fip248inf210/data_home.html HTTP/1.1"
2421	2024/03/10 10:53:27	"GET /uv248fip248inf210/practice_sql.html HTTP/1.1"
2421	2024/03/10 10:53:45	"GET /uv248fip248inf210/lecture_mvc_spring.html HTTP/1.1"
2421	2024/03/10 10:53:49	"GET /uv248fip248inf210/lecture_jpa.html HTTP/1.1"
2421	2024/03/10 10:54:29	"GET /uv248fip248inf210/practice_docker.html HTTP/1.1"
2421	2024/03/10 10:56:41	"GET /uv248fip248inf210/web_architecture_home.html HTTP/1.1"
2421	2024/03/10 10:56:43	"GET /uv248fip248inf210/practice_spring_2tiers.html HTTP/1.1"
2425	2024/03/10 11:03:20	"GET /uv248fip248inf210/index.html HTTP/1.1"
2425	2024/03/10 11:05:33	"GET /uv248fip248inf210/project_home.html HTTP/1.1"
2425	2024/03/10 11:05:37	"GET /uv248fip248inf210/project_part3.html HTTP/1.1"
2441	2024/03/10 14:08:29	"GET /uv248fip248inf210/technical_environment_home.html HTTP/1.1"
2441	2024/03/10 14:08:32	"GET /uv248fip248inf210/index.html HTTP/1.1"
2441	2024/03/10 14:10:14	"GET /uv248fip248inf210/web_architecture_home.html HTTP/1.1"
2441	2024/03/10 14:21:04	"GET /uv248fip248inf210/lecture_technical_architecture.html HTTP/1.1"
2441	2024/03/10 14:21:35	"GET /uv248fip248inf210/lecture_software_architecture.html HTTP/1.1"
2441	2024/03/10 14:22:54	"GET /uv248fip248inf210/lecture_mvc_spring.html HTTP/1.1"
2441	2024/03/10 14:54:20	"GET /uv248fip248inf210/web_architecture_home.html HTTP/1.1"
2441	2024/03/10 14:54:29	"GET /uv248fip248inf210/practice_jpa.html HTTP/1.1"
2441	2024/03/10 15:02:13	"GET /uv248fip248inf210/lecture_xml.html HTTP/1.1"
2441	2024/03/10 15:02:18	"GET /uv248fip248inf210/lecture_dto.html HTTP/1.1"
2441	2024/03/10 15:02:20	"GET /uv248fip248inf210/practice_xml.html HTTP/1.1"
2441	2024/03/10 15:03:26	"GET /uv248fip248inf210/practice_json.html HTTP/1.1"
2441	2024/03/10 15:03:43	"GET /uv248fip248inf210/practice_jpa.html HTTP/1.1"
2441	2024/03/10 15:05:26	"GET /uv248fip248inf210/lecture_dto.html HTTP/1.1"
2441	2024/03/10 15:05:29	"GET /uv248fip248inf210/practice_xml.html HTTP/1.1"
2441	2024/03/10 15:07:08	"GET /uv248fip248inf210/index.html HTTP/1.1"
2441	2024/03/10 15:07:13	"GET /uv248fip248inf210/project_home.html HTTP/1.1"
2441	2024/03/10 15:07:18	"GET /uv248fip248inf210/data_home.html HTTP/1.1"
2441	2024/03/10 15:07:22	"GET /uv248fip248inf210/activity_relational_model.html HTTP/1.1"
2441	2024/03/10 15:07:39	"GET /uv248fip248inf210/activity_conceptual_modeling.html HTTP/1.1"
2441	2024/03/10 15:07:44	"GET /uv248fip248inf210/activity_normalization.html HTTP/1.1"
2441	2024/03/10 15:08:35	"GET /uv248fip248inf210/web_architecture_home.html HTTP/1.1"
2441	2024/03/10 15:08:40	"GET /uv248fip248inf210/practice_spring_2tiers.html HTTP/1.1"
2441	2024/03/10 15:08:57	"GET /uv248fip248inf210/practice_jpa.html HTTP/1.1"
2441	2024/03/10 15:38:38	"GET /uv248fip248inf210/project_home.html HTTP/1.1"
2441	2024/03/10 15:38:41	"GET /uv248fip248inf210/project_part1.html HTTP/1.1"
2429	2024/03/10 15:50:01	"GET /uv248fip248inf210/project_home.html HTTP/1.1"
2429	2024/03/10 15:50:03	"GET /uv248fip248inf210/project_part1.html HTTP/1.1"
2429	2024/03/10 15:54:17	"GET /uv248fip248inf210/project_evaluation.html HTTP/1.1"
2441	2024/03/10 15:59:23	"GET /uv248fip248inf210/index.html HTTP/1.1"
2441	2024/03/10 15:59:27	"GET /uv248fip248inf210/web_architecture_home.html HTTP/1.1"
2441	2024/03/10 15:59:34	"GET /uv248fip248inf210/lecture_jpa.html HTTP/1.1"
2441	2024/03/10 16:01:40	"GET /uv248fip248inf210/practice_spring_2tiers.html HTTP/1.1"
2436	2024/03/10 16:10:53	"GET /uv248fip248inf210/web_architecture_home.html HTTP/1.1"
2436	2024/03/10 16:10:56	"GET /uv248fip248inf210/lecture_technical_architecture.html HTTP/1.1"
2436	2024/03/10 16:10:57	"GET /uv248fip248inf210/lecture_software_architecture.html HTTP/1.1"
2436	2024/03/10 16:11:02	"GET /uv248fip248inf210/index.html HTTP/1.1"
2436	2024/03/10 16:11:04	"GET /uv248fip248inf210/technical_environment_home.html HTTP/1.1"
2436	2024/03/10 16:11:11	"GET /uv248fip248inf210/documentation_si.html HTTP/1.1"
2436	2024/03/10 16:11:15	"GET /uv248fip248inf210/documentation_rdbms.html HTTP/1.1"
2436	2024/03/10 16:11:17	"GET /uv248fip248inf210/practice_postgresql.html HTTP/1.1"
2436	2024/03/10 16:11:22	"GET /uv248fip248inf210/documentation_programming.html HTTP/1.1"
2436	2024/03/10 16:11:25	"GET /uv248fip248inf210/inversion_of_control.html HTTP/1.1"
2436	2024/03/10 16:11:29	"GET /uv248fip248inf210/spring_bean.html HTTP/1.1"
2436	2024/03/10 16:11:45	"GET /uv248fip248inf210/project_home.html HTTP/1.1"
2436	2024/03/10 16:11:50	"GET /uv248fip248inf210/project_part1.html HTTP/1.1"
2436	2024/03/10 16:11:55	"GET /uv248fip248inf210/project_part2.html HTTP/1.1"
2429	2024/03/10 16:13:00	"GET /uv248fip248inf210/project_part1.html HTTP/1.1"
2427	2024/03/10 16:56:08	"GET /uv248fip248inf210/web_architecture_home.html HTTP/1.1"
2427	2024/03/10 16:56:11	"GET /uv248fip248inf210/images/web_architecture/prerequisite_archiweb/prerequisite_archiweb.html HTTP/1.1"
2427	2024/03/10 16:56:14	"GET /uv248fip248inf210/practice_spring_2tiers.html HTTP/1.1"
2427	2024/03/10 16:57:32	"GET /uv248fip248inf210/lecture_technical_architecture.html HTTP/1.1"
2427	2024/03/10 16:57:38	"GET /uv248fip248inf210/lecture_software_architecture.html HTTP/1.1"
2427	2024/03/10 16:57:46	"GET /uv248fip248inf210/lecture_mvc_spring.html HTTP/1.1"
2443	2024/03/10 17:36:02	"GET /uv248fip248inf210/index.html HTTP/1.1"
2434	2024/03/10 17:39:37	"GET /uv248fip248inf210/web_architecture_home.html HTTP/1.1"
2434	2024/03/10 17:39:56	"GET /uv248fip248inf210/practice_spring_2tiers.html HTTP/1.1"
2434	2024/03/10 17:40:36	"GET /uv248fip248inf210/lecture_technical_architecture.html HTTP/1.1"
2434	2024/03/10 17:40:38	"GET /uv248fip248inf210/lecture_software_architecture.html HTTP/1.1"
2418	2024/03/10 18:00:51	"GET /uv248fip248inf210/project_home.html HTTP/1.1"
2418	2024/03/10 18:00:54	"GET /uv248fip248inf210/project_part4.html HTTP/1.1"
2418	2024/03/10 18:23:36	"GET /uv248fip248inf210/project_specifications.html HTTP/1.1"
2427	2024/03/10 18:53:57	"GET /uv248fip248inf210/data_home.html HTTP/1.1"
2427	2024/03/10 18:54:03	"GET /uv248fip248inf210/index.html HTTP/1.1"
2427	2024/03/10 18:54:07	"GET /uv248fip248inf210/project_home.html HTTP/1.1"
2427	2024/03/10 18:54:09	"GET /uv248fip248inf210/project_part1.html HTTP/1.1"
2442	2024/03/10 19:08:20	"GET /uv248fip248inf210/project_home.html HTTP/1.1"
2442	2024/03/10 19:08:23	"GET /uv248fip248inf210/project_part1.html HTTP/1.1"
2442	2024/03/10 19:08:28	"GET /uv248fip248inf210/project_part2.html HTTP/1.1"
2427	2024/03/10 19:21:37	"GET /uv248fip248inf210/images/data/prerequisite_data/prerequisite_data.html HTTP/1.1"
2427	2024/03/10 19:21:41	"GET /uv248fip248inf210/lecture_conceptual_modeling.html HTTP/1.1"
2443	2024/03/10 20:42:38	"GET /uv248fip248inf210/index.html HTTP/1.1"
2443	2024/03/10 20:42:43	"GET /uv248fip248inf210/data_home.html HTTP/1.1"
2443	2024/03/10 20:43:06	"GET /uv248fip248inf210/lecture_normalization.html HTTP/1.1"
2443	2024/03/10 20:43:10	"GET /uv248fip248inf210/activity_normalization.html HTTP/1.1"
247	2024/03/10 21:07:05	"GET /uv248fip248inf210/activity_normalization_correction.html HTTP/1.1"
247	2024/03/10 21:07:09	"GET /uv248fip248inf210/index.html HTTP/1.1"
247	2024/03/10 21:07:12	"GET /uv248fip248inf210/data_home.html HTTP/1.1"
247	2024/03/10 21:07:21	"GET /uv248fip248inf210/project_home.html HTTP/1.1"
247	2024/03/10 21:07:23	"GET /uv248fip248inf210/project_evaluation.html HTTP/1.1"
247	2024/03/10 21:08:12	"GET /uv248fip248inf210/project_part4.html HTTP/1.1"
247	2024/03/10 21:08:18	"GET /uv248fip248inf210/project_structureui.html HTTP/1.1"
247	2024/03/10 21:08:24	"GET /uv248fip248inf210/project_part3.html HTTP/1.1"
247	2024/03/10 21:15:36	"GET /uv248fip248inf210/project_specifications.html HTTP/1.1"
2437	2024/03/10 21:24:50	"GET /uv248fip248inf210/web_architecture_home.html HTTP/1.1"
2437	2024/03/10 21:24:56	"GET /uv248fip248inf210/project_home.html HTTP/1.1"
2437	2024/03/10 21:24:58	"GET /uv248fip248inf210/project_part1.html HTTP/1.1"
247	2024/03/10 21:57:34	"GET /uv248fip248inf210/project_task_time.html HTTP/1.1"
2444	2024/03/10 22:26:49	"GET /uv248fip248inf210/technical_environment_home.html HTTP/1.1"
2444	2024/03/10 22:28:03	"GET /uv248fip248inf210/project_home.html HTTP/1.1"
2444	2024/03/10 22:28:04	"GET /uv248fip248inf210/project_evaluation.html HTTP/1.1"
2444	2024/03/10 22:28:06	"GET /uv248fip248inf210/project_part1.html HTTP/1.1"
2443	2024/03/10 22:49:16	"GET /uv248fip248inf210/project_home.html HTTP/1.1"
2443	2024/03/10 22:50:50	"GET /uv248fip248inf210/exam_home.html HTTP/1.1"
2443	2024/03/10 22:50:56	"GET /uv248fip248inf210/controle_home.html HTTP/1.1"
2443	2024/03/10 22:51:00	"GET /uv248fip248inf210/controle_TP_home.html HTTP/1.1"
2443	2024/03/10 22:51:34	"GET /uv248fip248inf210/test_tp.html HTTP/1.1"
2443	2024/03/10 22:51:38	"GET /uv248fip248inf210/test_tp_home.html HTTP/1.1"
2443	2024/03/10 22:58:56	"GET /uv248fip248inf210/project_home.html HTTP/1.1"
2427	2024/03/10 23:07:17	"GET /uv248fip248inf210/activity_conceptual_modeling.html HTTP/1.1"
2427	2024/03/10 23:07:55	"GET /uv248fip248inf210/activity_conceptual_modeling_correction.html HTTP/1.1"
249	2024/03/10 23:08:25	"GET /uv248fip248inf210/practice_postgresql.html HTTP/1.1"
249	2024/03/10 23:08:28	"GET /uv248fip248inf210/technical_environment_home.html HTTP/1.1"
249	2024/03/10 23:08:52	"GET /uv248fip248inf210/project_home.html HTTP/1.1"
2446	2024/03/10 23:22:49	"GET /uv248fip248inf210/index.html HTTP/1.1"
2446	2024/03/10 23:22:51	"GET /uv248fip248inf210/web_architecture_home.html HTTP/1.1"
2446	2024/03/10 23:22:54	"GET /uv248fip248inf210/data_home.html HTTP/1.1"
2446	2024/03/10 23:22:58	"GET /uv248fip248inf210/lecture_relational_model.html HTTP/1.1"
2446	2024/03/10 23:23:04	"GET /uv248fip248inf210/lecture_db_integrity.html HTTP/1.1"
2446	2024/03/10 23:23:10	"GET /uv248fip248inf210/activity_relational_model.html HTTP/1.1"
2446	2024/03/10 23:23:20	"GET /uv248fip248inf210/lecture_modeling_normalization.html HTTP/1.1"
2446	2024/03/10 23:23:25	"GET /uv248fip248inf210/lecture_normalization.html HTTP/1.1"
2446	2024/03/10 23:23:26	"GET /uv248fip248inf210/lecture_conceptual_modeling.html HTTP/1.1"
2430	2024/10/24 09:10:06	"GET /uv248fip248inf210/technical_environment_home.html HTTP/1.1"
2430	2024/10/24 09:10:20	"GET /uv248fip248inf210/documentation_programming.html HTTP/1.1"
2430	2024/10/24 09:10:24	"GET /uv248fip248inf210/practice_spring.html HTTP/1.1"
2430	2024/10/24 09:10:40	"GET /uv248fip248inf210/documentation_si.html HTTP/1.1"
2430	2024/10/24 09:10:43	"GET /uv248fip248inf210/documentation_rdbms.html HTTP/1.1"
2430	2024/10/24 09:10:45	"GET /uv248fip248inf210/practice_postgresql.html HTTP/1.1"
2430	2024/10/24 09:10:55	"GET /uv248fip248inf210/index.html HTTP/1.1"
2430	2024/10/24 09:11:00	"GET /uv248fip248inf210/data_home.html HTTP/1.1"
2430	2024/10/24 09:11:05	"GET /uv248fip248inf210/lecture_modeling_normalization.html HTTP/1.1"
2430	2024/10/24 09:11:06	"GET /uv248fip248inf210/lecture_conceptual_modeling.html HTTP/1.1"
2430	2024/10/24 09:12:18	"GET /uv248fip248inf210/activity_conceptual_modeling.html HTTP/1.1"
2430	2024/10/24 09:12:28	"GET /uv248fip248inf210/activity_conceptual_modeling_correction.html HTTP/1.1"
2446	2024/02/13 08:01:56	"GET /uv248fip248inf210/lecture_mvc_spring.html HTTP/1.1"
2446	2024/02/13 08:02:19	"GET /uv248fip248inf210/lecture_transaction.html HTTP/1.1"
2418	2024/02/13 08:03:16	"GET /uv248fip248inf210/project_home.html HTTP/1.1"
245	2024/02/13 08:03:36	"GET /uv248fip248inf210/images/data/prerequisite_data/prerequisite_data.html HTTP/1.1"
2440	2024/02/13 08:03:38	"GET /uv248fip248inf210/technical_environment_home.html HTTP/1.1"
2418	2024/02/13 08:03:39	"GET /uv248fip248inf210/project_presentation.html HTTP/1.1"
245	2024/02/13 08:03:42	"GET /uv248fip248inf210/practice_transaction.html HTTP/1.1"
2440	2024/02/13 08:03:48	"GET /uv248fip248inf210/index.html HTTP/1.1"
2440	2024/02/13 08:03:51	"GET /uv248fip248inf210/project_home.html HTTP/1.1"
245	2024/02/13 08:03:53	"GET /uv248fip248inf210/project_specifications.html HTTP/1.1"
245	2024/02/13 08:03:59	"GET /uv248fip248inf210/project_task_time.html HTTP/1.1"
2440	2024/02/13 08:04:00	"GET /uv248fip248inf210/project_presentation.html HTTP/1.1"
245	2024/02/13 08:04:15	"GET /uv248fip248inf210/practice_independence_views.html HTTP/1.1"
245	2024/02/13 08:04:32	"GET /uv248fip248inf210/index.html HTTP/1.1"
245	2024/02/13 08:04:42	"GET /uv248fip248inf210/data_home.html HTTP/1.1"
245	2024/02/13 08:04:42	"GET /uv248fip248inf210/data_home.html HTTP/1.1"
2417	2024/02/13 08:05:15	"GET /uv248fip248inf210/practice_spring_2tiers.html HTTP/1.1"
245	2024/02/13 08:05:24	"GET /uv248fip248inf210/index.html HTTP/1.1"
245	2024/02/13 08:05:30	"GET /uv248fip248inf210/web_architecture_home.html HTTP/1.1"
245	2024/02/13 08:05:32	"GET /uv248fip248inf210/images/web_architecture/prerequisite_archiweb/prerequisite_archiweb.html HTTP/1.1"
245	2024/02/13 08:05:38	"GET /uv248fip248inf210/practice_jpa_advanced.html HTTP/1.1"
2440	2024/02/13 08:05:49	"GET /uv248fip248inf210/data_home.html HTTP/1.1"
2440	2024/02/13 08:05:51	"GET /uv248fip248inf210/images/data/prerequisite_data/prerequisite_data.html HTTP/1.1"
2417	2024/02/13 08:06:08	"GET /uv248fip248inf210/practice_jpa_advanced.html HTTP/1.1"
2417	2024/02/13 08:06:19	"GET /uv248fip248inf210/index.html HTTP/1.1"
2417	2024/02/13 08:06:25	"GET /uv248fip248inf210/web_architecture_home.html HTTP/1.1"
2417	2024/02/13 08:06:27	"GET /uv248fip248inf210/images/web_architecture/prerequisite_archiweb/prerequisite_archiweb.html HTTP/1.1"
246	2024/02/13 08:06:31	"GET /uv248fip248inf210/project_home.html HTTP/1.1"
246	2024/02/13 08:06:34	"GET /uv248fip248inf210/project_part2.html HTTP/1.1"
2417	2024/02/13 08:07:12	"GET /uv248fip248inf210/lecture_software_architecture.html HTTP/1.1"
2417	2024/02/13 08:07:20	"GET /uv248fip248inf210/lecture_mvc_spring.html HTTP/1.1"
2417	2024/02/13 08:07:45	"GET /uv248fip248inf210/lecture_jpa.html HTTP/1.1"
2417	2024/02/13 08:08:02	"GET /uv248fip248inf210/practice_jpa.html HTTP/1.1"
247	2024/02/13 08:08:40	"GET /uv248fip248inf210/activity_normalization_correction.html HTTP/1.1"
2415	2024/02/13 08:08:40	"GET /uv248fip248inf210/web_architecture_home.html HTTP/1.1"
2418	2024/02/13 08:09:04	"GET /uv248fip248inf210/project_evaluation.html HTTP/1.1"
246	2024/02/13 08:09:38	"GET /uv248fip248inf210/fproject_part3.html HTTP/1.1"
247	2024/02/13 08:09:53	"GET /uv248fip248inf210/index.html HTTP/1.1"
246	2024/02/13 08:09:53	"GET /uv248fip248inf210/fproject_part3.html HTTP/1.1"
246	2024/02/13 08:09:56	"GET /uv248fip248inf210/project_structureui.html HTTP/1.1"
247	2024/02/13 08:09:57	"GET /uv248fip248inf210/project_home.html HTTP/1.1"
2432	2024/02/13 08:09:58	"GET /uv248fip248inf210/project_home.html HTTP/1.1"
247	2024/02/13 08:10:00	"GET /uv248fip248inf210/project_part1.html HTTP/1.1"
2432	2024/02/13 08:10:03	"GET /uv248fip248inf210/project_presentation.html HTTP/1.1"
2446	2024/02/13 08:10:24	"GET /uv248fip248inf210/practice_transaction.html HTTP/1.1"
249	2024/02/13 08:10:32	"GET /uv248fip248inf210/project_home.html HTTP/1.1"
249	2024/02/13 08:10:34	"GET /uv248fip248inf210/project_part1.html HTTP/1.1"
2430	2024/02/13 08:10:39	"GET /uv248fip248inf210/technical_environment_home.html HTTP/1.1"
245	2024/02/13 08:10:43	"GET /uv248fip248inf210/practice_jpa.html HTTP/1.1"
2430	2024/02/13 08:10:53	"GET /uv248fip248inf210/index.html HTTP/1.1"
2430	2024/02/13 08:10:58	"GET /uv248fip248inf210/data_home.html HTTP/1.1"
2411	2024/02/13 08:10:58	"GET /uv248fip248inf210/data_home.html HTTP/1.1"
2411	2024/02/13 08:11:00	"GET /uv248fip248inf210/images/data/prerequisite_data/prerequisite_data.html HTTP/1.1"
2411	2024/02/13 08:11:10	"GET /uv248fip248inf210/web_architecture_home.html HTTP/1.1"
2425	2024/02/13 08:11:12	"GET /uv248fip248inf210/practice_docker.html HTTP/1.1"
2411	2024/02/13 08:11:15	"GET /uv248fip248inf210/images/web_architecture/prerequisite_archiweb/prerequisite_archiweb.html HTTP/1.1"
2425	2024/02/13 08:11:17	"GET /uv248fip248inf210/index.html HTTP/1.1"
2411	2024/02/13 08:11:20	"GET /uv248fip248inf210/practice_jpa_advanced.html HTTP/1.1"
2425	2024/02/13 08:11:21	"GET /uv248fip248inf210/web_architecture_home.html HTTP/1.1"
247	2024/02/13 08:11:38	"GET /uv248fip248inf210/project_specifications.html HTTP/1.1"
2425	2024/02/13 08:11:44	"GET /uv248fip248inf210/data_home.html HTTP/1.1"
2425	2024/02/13 08:11:56	"GET /uv248fip248inf210/images/web_architecture/prerequisite_archiweb/prerequisite_archiweb.html HTTP/1.1"
2425	2024/02/13 08:11:59	"GET /uv248fip248inf210/practice_jpa.html HTTP/1.1"
2442	2024/02/13 08:12:12	"GET /uv248fip248inf210/index.html HTTP/1.1"
249	2024/02/13 08:12:13	"GET /uv248fip248inf210/project_part2.html HTTP/1.1"
249	2024/02/13 08:12:17	"GET /uv248fip248inf210/project_part2.html HTTP/1.1"
2442	2024/02/13 08:12:18	"GET /uv248fip248inf210/project_home.html HTTP/1.1"
2432	2024/02/13 08:12:22	"GET /uv248fip248inf210/project_evaluation.html HTTP/1.1"
241	2024/02/13 08:12:48	"GET /uv248fip248inf210/web_architecture_home.html HTTP/1.1"
241	2024/02/13 08:12:52	"GET /uv248fip248inf210/practice_spring_2tiers_ext.html HTTP/1.1"
246	2024/02/13 08:12:58	"GET /uv248fip248inf210/index.html HTTP/1.1"
246	2024/02/13 08:13:01	"GET /uv248fip248inf210/web_architecture_home.html HTTP/1.1"
246	2024/02/13 08:13:04	"GET /uv248fip248inf210/images/web_architecture/prerequisite_archiweb/prerequisite_archiweb.html HTTP/1.1"
246	2024/02/13 08:13:10	"GET /uv248fip248inf210/practice_jpa_advanced.html HTTP/1.1"
2425	2024/02/13 08:13:24	"GET /uv248fip248inf210/project_home.html HTTP/1.1"
2443	2024/02/13 08:13:25	"GET /uv248fip248inf210/index.html HTTP/1.1"
2443	2024/02/13 08:13:36	"GET /uv248fip248inf210/technical_environment_home.html HTTP/1.1"
2443	2024/02/13 08:13:41	"GET /uv248fip248inf210/project_home.html HTTP/1.1"
2443	2024/02/13 08:13:43	"GET /uv248fip248inf210/data_home.html HTTP/1.1"
2425	2024/02/13 08:13:55	"GET /uv248fip248inf210/practice_jpa.html HTTP/1.1"
2432	2024/02/13 08:14:07	"GET /uv248fip248inf210/project_specifications.html HTTP/1.1"
2423	2024/02/13 08:14:15	"GET /uv248fip248inf210/web_architecture_home.html HTTP/1.1"
2431	2024/02/13 08:14:15	"GET /uv248fip248inf210/data_home.html HTTP/1.1"
2423	2024/02/13 08:14:21	"GET /uv248fip248inf210/images/web_architecture/prerequisite_archiweb/prerequisite_archiweb.html HTTP/1.1"
2423	2024/02/13 08:14:23	"GET /uv248fip248inf210/practice_jpa_advanced.html HTTP/1.1"
2446	2024/02/13 08:14:23	"GET /uv248fip248inf210/documentation_rdbms.html HTTP/1.1"
2435	2024/02/13 08:14:24	"GET /uv248fip248inf210/data_home.html HTTP/1.1"
2420	2024/02/13 08:14:31	"GET /uv248fip248inf210/data_home.html HTTP/1.1"
247	2024/02/13 08:14:32	"GET /uv248fip248inf210/practice_jpa_advanced.html HTTP/1.1"
2420	2024/02/13 08:14:33	"GET /uv248fip248inf210/technical_environment_home.html HTTP/1.1"
2431	2024/02/13 08:14:34	"GET /uv248fip248inf210/index.html HTTP/1.1"
2431	2024/02/13 08:14:37	"GET /uv248fip248inf210/web_architecture_home.html HTTP/1.1"
2420	2024/02/13 08:14:38	"GET /uv248fip248inf210/web_architecture_home.html HTTP/1.1"
2431	2024/02/13 08:14:38	"GET /uv248fip248inf210/images/web_architecture/prerequisite_archiweb/prerequisite_archiweb.html HTTP/1.1"
2420	2024/02/13 08:14:41	"GET /uv248fip248inf210/practice_jpa_advanced.html HTTP/1.1"
2422	2024/02/13 08:14:41	"GET /uv248fip248inf210/index.html HTTP/1.1"
246	2024/02/13 08:14:48	"GET /uv248fip248inf210/data_home.html HTTP/1.1"
246	2024/02/13 08:14:50	"GET /uv248fip248inf210/images/data/prerequisite_data/prerequisite_data.html HTTP/1.1"
247	2024/02/13 08:14:50	"GET /uv248fip248inf210/practice_spring_2tiers_ext.html HTTP/1.1"
2431	2024/02/13 08:14:56	"GET /uv248fip248inf210/images/data/prerequisite_data/prerequisite_data.html HTTP/1.1"
2425	2024/02/13 08:15:00	"GET /uv248fip248inf210/practice_jpa_advanced.html HTTP/1.1"
246	2024/02/13 08:15:07	"GET /uv248fip248inf210/activity_conceptual_modeling_advanced.html HTTP/1.1"
2431	2024/02/13 08:15:14	"GET /uv248fip248inf210/practice_jpa_advanced.html HTTP/1.1"
2442	2024/02/13 08:15:29	"GET /uv248fip248inf210/web_architecture_home.html HTTP/1.1"
2438	2024/02/13 08:15:32	"GET /uv248fip248inf210/index.html HTTP/1.1"
2442	2024/02/13 08:15:32	"GET /uv248fip248inf210/images/web_architecture/prerequisite_archiweb/prerequisite_archiweb.html HTTP/1.1"
2438	2024/02/13 08:15:36	"GET /uv248fip248inf210/web_architecture_home.html HTTP/1.1"
2438	2024/02/13 08:15:37	"GET /uv248fip248inf210/images/web_architecture/prerequisite_archiweb/prerequisite_archiweb.html HTTP/1.1"
2422	2024/02/13 08:15:49	"GET /uv248fip248inf210/data_home.html HTTP/1.1"
2444	2024/02/13 08:15:54	"GET /uv248fip248inf210/index.html HTTP/1.1"
2442	2024/02/13 08:15:55	"GET /uv248fip248inf210/data_home.html HTTP/1.1"
2442	2024/02/13 08:15:56	"GET /uv248fip248inf210/images/data/prerequisite_data/prerequisite_data.html HTTP/1.1"
2422	2024/02/13 08:15:57	"GET /uv248fip248inf210/practice_sql.html HTTP/1.1"
2444	2024/02/13 08:16:08	"GET /uv248fip248inf210/data_home.html HTTP/1.1"
2438	2024/02/13 08:16:10	"GET /uv248fip248inf210/lecture_jpa.html HTTP/1.1"
2444	2024/02/13 08:16:17	"GET /uv248fip248inf210/web_architecture_home.html HTTP/1.1"
2410	2024/02/13 08:16:19	"GET /uv248fip248inf210/index.html HTTP/1.1"
2443	2024/02/13 08:16:20	"GET /uv248fip248inf210/lecture_db_tools.html HTTP/1.1"
2442	2024/02/13 08:16:35	"GET /uv248fip248inf210/practice_jpa_advanced.html HTTP/1.1"
2443	2024/02/13 08:16:46	"GET /uv248fip248inf210/activity_relational_model.html HTTP/1.1"
2426	2024/02/13 08:16:47	"GET /uv248fip248inf210/practice_spring_2tiers_ext.html HTTP/1.1"
2429	2024/02/13 08:17:01	"GET /uv248fip248inf210/web_architecture_home.html HTTP/1.1"
2443	2024/02/13 08:17:07	"GET /uv248fip248inf210/activity_decomposition.html HTTP/1.1"
2430	2024/02/13 08:17:09	"GET /uv248fip248inf210/lecture_relational_algebra.html HTTP/1.1"
2430	2024/02/13 08:17:18	"GET /uv248fip248inf210/lecture_modeling_normalization.html HTTP/1.1"
2443	2024/02/13 08:17:19	"GET /uv248fip248inf210/activity_normalization.html HTTP/1.1"
2415	2024/02/13 08:17:22	"GET /uv248fip248inf210/index.html HTTP/1.1"
2438	2024/02/13 08:17:22	"GET /uv248fip248inf210/practice_jpa_advanced.html HTTP/1.1"
2415	2024/02/13 08:17:25	"GET /uv248fip248inf210/technical_environment_home.html HTTP/1.1"
2410	2024/02/13 08:17:26	"GET /uv248fip248inf210/data_home.html HTTP/1.1"
2443	2024/02/13 08:17:30	"GET /uv248fip248inf210/lecture_normalization.html HTTP/1.1"
2410	2024/02/13 08:17:32	"GET /uv248fip248inf210/activity_relational_model.html HTTP/1.1"
2415	2024/02/13 08:17:35	"GET /uv248fip248inf210/web_architecture_home.html HTTP/1.1"
2445	2024/02/13 08:17:42	"GET /uv248fip248inf210/data_home.html HTTP/1.1"
2415	2024/02/13 08:17:44	"GET /uv248fip248inf210/practice_jpa_advanced.html HTTP/1.1"
2445	2024/02/13 08:17:45	"GET /uv248fip248inf210/index.html HTTP/1.1"
2443	2024/02/13 08:17:45	"GET /uv248fip248inf210/web_architecture_home.html HTTP/1.1"
2445	2024/02/13 08:17:49	"GET /uv248fip248inf210/web_architecture_home.html HTTP/1.1"
2445	2024/02/13 08:17:52	"GET /uv248fip248inf210/practice_jpa.html HTTP/1.1"
2443	2024/02/13 08:17:55	"GET /uv248fip248inf210/practice_jpa.html HTTP/1.1"
2443	2024/02/13 08:17:56	"GET /uv248fip248inf210/practice_jpa_advanced.html HTTP/1.1"
2440	2024/02/13 08:18:27	"GET /uv248fip248inf210/lecture_normalization.html HTTP/1.1"
2440	2024/02/13 08:18:32	"GET /uv248fip248inf210/lecture_conceptual_modeling.html HTTP/1.1"
2438	2024/02/13 08:18:56	"GET /uv248fip248inf210/practice_jpa.html HTTP/1.1"
2435	2024/02/13 08:18:56	"GET /uv248fip248inf210/lecture_relational_model.html HTTP/1.1"
2422	2024/02/13 08:18:58	"GET /uv248fip248inf210/practice_advanced_sql.html HTTP/1.1"
2449	2024/02/13 08:18:58	"GET /uv248fip248inf210/data_home.html HTTP/1.1"
2444	2024/02/13 08:19:01	"GET /uv248fip248inf210/lecture_mvc_spring.html HTTP/1.1"
2449	2024/02/13 08:19:04	"GET /uv248fip248inf210/project_home.html HTTP/1.1"
2421	2024/02/13 08:19:06	"GET /uv248fip248inf210/web_architecture_home.html HTTP/1.1"
2410	2024/02/13 08:19:09	"GET /uv248fip248inf210/activity_conceptual_modeling.html HTTP/1.1"
2449	2024/02/13 08:19:10	"GET /uv248fip248inf210/lecture_transaction.html HTTP/1.1"
2435	2024/02/13 08:19:16	"GET /uv248fip248inf210/practice_isolation.html HTTP/1.1"
2440	2024/02/13 08:19:22	"GET /uv248fip248inf210/lecture_independence_views.html HTTP/1.1"
2425	2024/02/13 08:19:59	"GET /uv248fip248inf210/technical_environment_home.html HTTP/1.1"
249	2024/02/13 08:20:04	"GET /uv248fip248inf210/technical_environment_home.html HTTP/1.1"
249	2024/02/13 08:20:07	"GET /uv248fip248inf210/web_architecture_home.html HTTP/1.1"
249	2024/02/13 08:20:18	"GET /uv248fip248inf210/practice_jpa_advanced.html HTTP/1.1"
2444	2024/02/13 08:20:43	"GET /uv248fip248inf210/lecture_technical_architecture.html HTTP/1.1"
2444	2024/02/13 08:20:48	"GET /uv248fip248inf210/lecture_software_architecture.html HTTP/1.1"
2427	2024/02/13 08:22:32	"GET /uv248fip248inf210/web_architecture_home.html HTTP/1.1"
2427	2024/02/13 08:22:33	"GET /uv248fip248inf210/images/web_architecture/prerequisite_archiweb/prerequisite_archiweb.html HTTP/1.1"
2427	2024/02/13 08:22:41	"GET /uv248fip248inf210/practice_jpa.html HTTP/1.1"
2429	2024/02/13 08:23:17	"GET /uv248fip248inf210/data_home.html HTTP/1.1"
2429	2024/02/13 08:23:53	"GET /uv248fip248inf210/images/data/prerequisite_data/prerequisite_data.html HTTP/1.1"
2439	2024/02/13 08:24:06	"GET /uv248fip248inf210/technical_environment_home.html HTTP/1.1"
2429	2024/02/13 08:24:09	"GET /uv248fip248inf210/lecture_independence_views.html HTTP/1.1"
2439	2024/02/13 08:24:26	"GET /uv248fip248inf210/documentation_si.html HTTP/1.1"
2429	2024/02/13 08:24:31	"GET /uv248fip248inf210/lecture_modeling_normalization.html HTTP/1.1"
2439	2024/02/13 08:24:45	"GET /uv248fip248inf210/inversion_of_control.html HTTP/1.1"
2439	2024/02/13 08:24:47	"GET /uv248fip248inf210/index.html HTTP/1.1"
2439	2024/02/13 08:24:50	"GET /uv248fip248inf210/web_architecture_home.html HTTP/1.1"
2439	2024/02/13 08:25:03	"GET /uv248fip248inf210/project_home.html HTTP/1.1"
2439	2024/02/13 08:25:09	"GET /uv248fip248inf210/data_home.html HTTP/1.1"
2418	2024/02/13 08:25:17	"GET /uv248fip248inf210/project_specifications.html HTTP/1.1"
2430	2024/02/13 08:25:49	"GET /uv248fip248inf210/lecture_conceptual_modeling.html HTTP/1.1"
2429	2024/02/13 08:26:02	"GET /uv248fip248inf210/images/web_architecture/prerequisite_archiweb/prerequisite_archiweb.html HTTP/1.1"
2426	2024/02/13 08:26:31	"GET /uv248fip248inf210/lecture_mvc_spring.html HTTP/1.1"
2440	2024/02/13 08:26:53	"GET /uv248fip248inf210/activity_conceptual_modeling.html HTTP/1.1"
2440	2024/02/13 08:27:03	"GET /uv248fip248inf210/activity_conceptual_modeling_advanced.html HTTP/1.1"
2411	2024/02/13 08:27:47	"GET /uv248fip248inf210/practice_jpa.html HTTP/1.1"
247	2024/02/13 08:29:52	"GET /uv248fip248inf210/lecture_jpa.html HTTP/1.1"
247	2024/02/13 08:29:53	"GET /uv248fip248inf210/practice_jpa.html HTTP/1.1"
2434	2024/02/13 08:29:57	"GET /uv248fip248inf210/project_home.html HTTP/1.1"
2434	2024/02/13 08:30:09	"GET /uv248fip248inf210/data_home.html HTTP/1.1"
2429	2024/02/13 08:30:10	"GET /uv248fip248inf210/lecture_conceptual_modeling.html HTTP/1.1"
2434	2024/02/13 08:30:12	"GET /uv248fip248inf210/lecture_transaction.html HTTP/1.1"
2434	2024/02/13 08:30:14	"GET /uv248fip248inf210/practice_sql.html HTTP/1.1"
2434	2024/02/13 08:30:20	"GET /uv248fip248inf210/activity_sql.html HTTP/1.1"
2432	2024/02/13 08:30:44	"GET /uv248fip248inf210/project_task_time.html HTTP/1.1"
2440	2024/02/13 08:38:24	"GET /uv248fip248inf210/activity_normalization.html HTTP/1.1"
2440	2024/02/13 08:39:01	"GET /uv248fip248inf210/activity_decomposition.html HTTP/1.1"
2418	2024/02/13 08:39:39	"GET /uv248fip248inf210/project_task_time.html HTTP/1.1"
2434	2024/02/13 08:40:52	"GET /uv248fip248inf210/practice_transaction.html HTTP/1.1"
2437	2024/02/13 08:44:11	"GET /uv248fip248inf210/index.html HTTP/1.1"
2437	2024/02/13 08:44:15	"GET /uv248fip248inf210/web_architecture_home.html HTTP/1.1"
2418	2024/02/13 08:47:17	"GET /uv248fip248inf210/project_part1.html HTTP/1.1"
241	2024/02/13 08:47:37	"GET /uv248fip248inf210/index.html HTTP/1.1"
241	2024/02/13 08:47:41	"GET /uv248fip248inf210/data_home.html HTTP/1.1"
241	2024/02/13 08:48:15	"GET /uv248fip248inf210/practice_indexation.html HTTP/1.1"
241	2024/02/13 08:48:17	"GET /uv248fip248inf210/lecture_indexation.html HTTP/1.1"
2439	2024/02/13 08:49:03	"GET /uv248fip248inf210/images/data/prerequisite_data/prerequisite_data.html HTTP/1.1"
2439	2024/02/13 08:49:08	"GET /uv248fip248inf210/lecture_independence_views.html HTTP/1.1"
246	2024/02/13 08:55:05	"GET /uv248fip248inf210/project_part1.html HTTP/1.1"
2416	2024/02/13 08:57:49	"GET /uv248fip248inf210/practice_transaction.html HTTP/1.1"
241	2024/02/13 08:58:08	"GET /uv248fip248inf210/activity_conceptual_modeling.html HTTP/1.1"
2431	2024/02/13 08:58:19	"GET /uv248fip248inf210/practice_jpa.html HTTP/1.1"
241	2024/02/13 08:58:21	"GET /uv248fip248inf210/activity_conceptual_modeling_advanced.html HTTP/1.1"
2418	2024/02/13 08:58:51	"GET /uv248fip248inf210/project_presentation.html HTTP/1.1"
246	2024/02/13 08:59:16	"GET /uv248fip248inf210/technical_environment_home.html HTTP/1.1"
2422	2024/02/13 09:01:15	"GET /uv248fip248inf210/web_architecture_home.html HTTP/1.1"
2444	2024/02/13 09:01:16	"GET /uv248fip248inf210/practice_jpa.html HTTP/1.1"
2422	2024/02/13 09:01:22	"GET /uv248fip248inf210/lecture_dto.html HTTP/1.1"
2422	2024/02/13 09:01:22	"GET /uv248fip248inf210/lecture_xml.html HTTP/1.1"
2422	2024/02/13 09:01:27	"GET /uv248fip248inf210/practice_xml.html HTTP/1.1"
2422	2024/02/13 09:01:36	"GET /uv248fip248inf210/lecture_json.html HTTP/1.1"
2422	2024/02/13 09:01:40	"GET /uv248fip248inf210/lecture_parser.html HTTP/1.1"
2418	2024/02/13 09:05:37	"GET /uv248fip248inf210/project_evaluation.html HTTP/1.1"
2418	2024/02/13 09:05:54	"GET /uv248fip248inf210/index.html HTTP/1.1"
2434	2024/02/13 09:18:45	"GET /uv248fip248inf210/index.html HTTP/1.1"
2434	2024/02/13 09:18:50	"GET /uv248fip248inf210/project_evaluation.html HTTP/1.1"
2434	2024/02/13 09:18:54	"GET /uv248fip248inf210/project_presentation.html HTTP/1.1"
2434	2024/02/13 09:18:59	"GET /uv248fip248inf210/project_part1.html HTTP/1.1"
2412	2024/02/13 09:41:30	"GET /uv248fip248inf210/project_home.html HTTP/1.1"
2444	2024/02/13 09:42:21	"GET /uv248fip248inf210/lecture_jpa.html HTTP/1.1"
2422	2024/02/13 09:52:51	"GET /uv248fip248inf210/practice_jpa.html HTTP/1.1"
2418	2024/02/13 09:59:40	"GET /uv248fip248inf210/project_home.html HTTP/1.1"
2434	2024/02/13 10:00:40	"GET /uv248fip248inf210/practice_transaction.html HTTP/1.1"
2434	2024/02/13 10:00:42	"GET /uv248fip248inf210/data_home.html HTTP/1.1"
2429	2024/02/13 10:00:44	"GET /uv248fip248inf210/activity_conceptual_modeling.html HTTP/1.1"
2437	2024/02/13 10:05:06	"GET /uv248fip248inf210/project_home.html HTTP/1.1"
2429	2024/02/13 10:05:10	"GET /uv248fip248inf210/activity_normalization.html HTTP/1.1"
2437	2024/02/13 10:05:11	"GET /uv248fip248inf210/data_home.html HTTP/1.1"
2437	2024/02/13 10:05:14	"GET /uv248fip248inf210/lecture_transaction.html HTTP/1.1"
2434	2024/02/13 10:14:15	"GET /uv248fip248inf210/project_part1.html HTTP/1.1"
2430	2024/02/13 10:14:38	"GET /uv248fip248inf210/lecture_normalization.html HTTP/1.1"
2436	2024/02/13 10:15:12	"GET /uv248fip248inf210/web_architecture_home.html HTTP/1.1"
2436	2024/02/13 10:15:20	"GET /uv248fip248inf210/images/web_architecture/prerequisite_archiweb/prerequisite_archiweb.html HTTP/1.1"
2436	2024/02/13 10:15:23	"GET /uv248fip248inf210/practice_jpa.html HTTP/1.1"
2434	2024/02/13 10:16:18	"GET /uv248fip248inf210/project_specifications.html HTTP/1.1"
2431	2024/02/13 10:17:43	"GET /uv248fip248inf210/practice_jpa.html HTTP/1.1"
2434	2024/02/13 10:17:53	"GET /uv248fip248inf210/project_task_time.html HTTP/1.1"
2429	2024/02/13 10:18:02	"GET /uv248fip248inf210/activity_decomposition.html HTTP/1.1"
247	2024/02/13 10:18:09	"GET /uv248fip248inf210/project_task_time.html HTTP/1.1"
2429	2024/02/13 10:19:00	"GET /uv248fip248inf210/activity_decomposition.html HTTP/1.1"
2429	2024/02/13 10:20:36	"GET /uv248fip248inf210/activity_decomposition.html HTTP/1.1"
2429	2024/02/13 10:21:11	"GET /uv248fip248inf210/activity_decomposition_correction.html HTTP/1.1"
2440	2024/02/13 10:21:35	"GET /uv248fip248inf210/lecture_relational_algebra.html HTTP/1.1"
2440	2024/02/13 10:21:56	"GET /uv248fip248inf210/lecture_isolation.html HTTP/1.1"
2440	2024/02/13 10:22:32	"GET /uv248fip248inf210/lecture_indexation.html HTTP/1.1"
247	2024/02/13 10:24:51	"GET /uv248fip248inf210/lecture_relational_model.html HTTP/1.1"
247	2024/02/13 10:24:55	"GET /uv248fip248inf210/activity_relational_model.html HTTP/1.1"
247	2024/02/13 10:25:00	"GET /uv248fip248inf210/lecture_conceptual_modeling.html HTTP/1.1"
2446	2024/02/13 10:27:30	"GET /uv248fip248inf210/practice_transaction_correction.html HTTP/1.1"
2446	2024/02/13 10:28:06	"GET /uv248fip248inf210/images/data/prerequisite_data/prerequisite_data.html HTTP/1.1"
2440	2024/02/13 10:35:56	"GET /uv248fip248inf210/practice_isolation.html HTTP/1.1"
2430	2024/02/13 10:36:13	"GET /uv248fip248inf210/lecture_independence_views.html HTTP/1.1"
2440	2024/02/13 10:36:17	"GET /uv248fip248inf210/practice_indexation.html HTTP/1.1"
2410	2024/02/13 10:37:03	"GET /uv248fip248inf210/index.html HTTP/1.1"
2446	2024/02/13 10:37:10	"GET /uv248fip248inf210/activity_sql.html HTTP/1.1"
2440	2024/02/13 10:37:56	"GET /uv248fip248inf210/web_architecture_home.html HTTP/1.1"
2440	2024/02/13 10:37:58	"GET /uv248fip248inf210/images/web_architecture/prerequisite_archiweb/prerequisite_archiweb.html HTTP/1.1"
2440	2024/02/13 10:38:35	"GET /uv248fip248inf210/practice_jpa_advanced.html HTTP/1.1"
247	2024/02/13 10:43:53	"GET /uv248fip248inf210/lecture_modeling_normalization.html HTTP/1.1"
2430	2024/02/13 10:44:19	"GET /uv248fip248inf210/activity_conceptual_modeling.html HTTP/1.1"
2418	2024/02/13 15:36:56	"GET /uv248fip248inf210/data_home.html HTTP/1.1"
2418	2024/02/13 15:37:04	"GET /uv248fip248inf210/lecture_relational_model.html HTTP/1.1"
2418	2024/02/13 15:37:09	"GET /uv248fip248inf210/activity_relational_model.html HTTP/1.1"
2418	2024/02/13 15:37:13	"GET /uv248fip248inf210/lecture_modeling_normalization.html HTTP/1.1"
2418	2024/02/13 15:37:17	"GET /uv248fip248inf210/lecture_conceptual_modeling.html HTTP/1.1"
2425	2024/02/06 13:52:35	"GET /uv248fip248inf210/practice_docker.html HTTP/1.1"
2417	2024/02/06 13:54:12	"GET /uv248fip248inf210/activity_decomposition.html HTTP/1.1"
2417	2024/02/06 13:54:25	"GET /uv248fip248inf210/activity_normalization.html HTTP/1.1"
2417	2024/02/06 13:54:36	"GET /uv248fip248inf210/activity_conceptual_modeling.html HTTP/1.1"
2444	2024/02/06 13:54:42	"GET /uv248fip248inf210/web_architecture_home.html HTTP/1.1"
2434	2024/02/06 14:01:52	"GET /uv248fip248inf210/web_architecture_home.html HTTP/1.1"
247	2024/02/06 14:03:02	"GET /uv248fip248inf210/index.html HTTP/1.1"
247	2024/02/06 14:03:08	"GET /uv248fip248inf210/lecture_db_integrity.html HTTP/1.1"
247	2024/02/06 14:03:11	"GET /uv248fip248inf210/activity_relational_model.html HTTP/1.1"
247	2024/02/06 14:03:18	"GET /uv248fip248inf210/lecture_normalization.html HTTP/1.1"
247	2024/02/06 14:03:28	"GET /uv248fip248inf210/lecture_conceptual_modeling.html HTTP/1.1"
2434	2024/02/06 14:04:18	"GET /uv248fip248inf210/lecture_software_architecture.html HTTP/1.1"
2434	2024/02/06 14:04:20	"GET /uv248fip248inf210/practice_json.html HTTP/1.1"
2434	2024/02/06 14:04:22	"GET /uv248fip248inf210/index.html HTTP/1.1"
2434	2024/02/06 14:04:43	"GET /uv248fip248inf210/lecture_parser.html HTTP/1.1"
2434	2024/02/06 14:08:38	"GET /uv248fip248inf210/lecture_mvc_spring.html HTTP/1.1"
2434	2024/02/06 14:08:47	"GET /uv248fip248inf210/project_home.html HTTP/1.1"
2434	2024/02/06 14:08:48	"GET /uv248fip248inf210/project_presentation.html HTTP/1.1"
2434	2024/02/06 14:08:55	"GET /uv248fip248inf210/project_evaluation.html HTTP/1.1"
2434	2024/02/06 14:08:58	"GET /uv248fip248inf210/project_specifications.html HTTP/1.1"
2434	2024/02/06 14:08:59	"GET /uv248fip248inf210/project_task_time.html HTTP/1.1"
2434	2024/02/06 14:09:01	"GET /uv248fip248inf210/project_part1.html HTTP/1.1"
2411	2024/02/06 14:16:10	"GET /uv248fip248inf210/practice_transaction.html HTTP/1.1"
2431	2024/02/06 14:24:04	"GET /uv248fip248inf210/index.html HTTP/1.1"
2431	2024/02/06 14:24:17	"GET /uv248fip248inf210/practice_jpa.html HTTP/1.1"
246	2024/02/06 14:24:38	"GET /uv248fip248inf210/data_home.html HTTP/1.1"
246	2024/02/06 14:24:44	"GET /uv248fip248inf210/activity_conceptual_modeling_advanced.html HTTP/1.1"
2412	2024/02/06 14:24:47	"GET /uv248fip248inf210/data_home.html HTTP/1.1"
2431	2024/02/06 14:25:04	"GET /uv248fip248inf210/practice_spring_2tiers.html HTTP/1.1"
2410	2024/02/06 14:25:10	"GET /uv248fip248inf210/index.html HTTP/1.1"
2412	2024/02/06 14:25:10	"GET /uv248fip248inf210/activity_decomposition.html HTTP/1.1"
2410	2024/02/06 14:25:45	"GET /uv248fip248inf210/project_home.html HTTP/1.1"
2410	2024/02/06 14:25:49	"GET /uv248fip248inf210/project_part1.html HTTP/1.1"
2412	2024/02/06 14:25:54	"GET /uv248fip248inf210/activity_decomposition_correction.html HTTP/1.1"
246	2024/02/06 14:26:15	"GET /uv248fip248inf210/index.html HTTP/1.1"
246	2024/02/06 14:26:23	"GET /uv248fip248inf210/technical_environment_home.html HTTP/1.1"
2431	2024/02/06 14:26:30	"GET /uv248fip248inf210/practice_jpa_advanced.html HTTP/1.1"
2420	2024/02/06 14:26:33	"GET /uv248fip248inf210/practice_spring_2tiers_ext.html HTTP/1.1"
246	2024/02/06 14:26:39	"GET /uv248fip248inf210/images/web_architecture/prerequisite_archiweb/prerequisite_archiweb.html HTTP/1.1"
246	2024/02/06 14:26:42	"GET /uv248fip248inf210/practice_jpa_advanced.html HTTP/1.1"
2446	2024/02/06 14:27:01	"GET /uv248fip248inf210/activity_decomposition.html HTTP/1.1"
2425	2024/02/06 14:27:54	"GET /uv248fip248inf210/index.html HTTP/1.1"
2425	2024/02/06 14:27:59	"GET /uv248fip248inf210/data_home.html HTTP/1.1"
2425	2024/02/06 14:28:03	"GET /uv248fip248inf210/images/data/prerequisite_data/prerequisite_data.html HTTP/1.1"
2425	2024/02/06 14:28:18	"GET /uv248fip248inf210/activity_conceptual_modeling_advanced.html HTTP/1.1"
246	2024/02/06 14:29:06	"GET /uv248fip248inf210/images/data/prerequisite_data/prerequisite_data.html HTTP/1.1"
2420	2024/02/06 14:29:33	"GET /uv248fip248inf210/practice_jpa_advanced.html HTTP/1.1"
2425	2024/02/06 14:29:46	"GET /uv248fip248inf210/activity_conceptual_modeling.html HTTP/1.1"
246	2024/02/06 14:30:13	"GET /uv248fip248inf210/activity_conceptual_modeling.html HTTP/1.1"
245	2024/02/06 14:30:16	"GET /uv248fip248inf210/images/data/prerequisite_data/prerequisite_data.html HTTP/1.1"
2410	2024/02/06 14:30:28	"GET /uv248fip248inf210/project_presentation.html HTTP/1.1"
2410	2024/02/06 14:30:40	"GET /uv248fip248inf210/project_specifications.html HTTP/1.1"
245	2024/02/06 14:30:47	"GET /uv248fip248inf210/data_home.html HTTP/1.1"
2410	2024/02/06 14:30:56	"GET /uv248fip248inf210/project_evaluation.html HTTP/1.1"
245	2024/02/06 14:31:06	"GET /uv248fip248inf210/lecture_independence_views.html HTTP/1.1"
2421	2024/02/06 14:31:22	"GET /uv248fip248inf210/web_architecture_home.html HTTP/1.1"
2421	2024/02/06 14:31:27	"GET /uv248fip248inf210/practice_spring_2tiers_ext.html HTTP/1.1"
2425	2024/02/06 14:34:38	"GET /uv248fip248inf210/activity_conceptual_modeling_correction.html HTTP/1.1"
2444	2024/02/06 14:35:18	"GET /uv248fip248inf210/lecture_technical_architecture.html HTTP/1.1"
246	2024/02/06 14:39:21	"GET /uv248fip248inf210/activity_conceptual_modeling_correction.html HTTP/1.1"
241	2024/02/06 14:41:01	"GET /uv248fip248inf210/web_architecture_home.html HTTP/1.1"
247	2024/02/06 14:41:31	"GET /uv248fip248inf210/project_home.html HTTP/1.1"
247	2024/02/06 14:41:33	"GET /uv248fip248inf210/project_presentation.html HTTP/1.1"
245	2024/02/06 14:41:57	"GET /uv248fip248inf210/lecture_relational_algebra.html HTTP/1.1"
241	2024/02/06 14:45:21	"GET /uv248fip248inf210/lecture_xml.html HTTP/1.1"
241	2024/02/06 14:45:36	"GET /uv248fip248inf210/practice_spring_2tiers_ext.html HTTP/1.1"
241	2024/02/06 14:45:37	"GET /uv248fip248inf210/practice_jpa_advanced.html HTTP/1.1"
241	2024/02/06 14:45:38	"GET /uv248fip248inf210/practice_jpa.html HTTP/1.1"
247	2024/02/06 14:47:55	"GET /uv248fip248inf210/project_evaluation.html HTTP/1.1"
241	2024/02/06 14:48:54	"GET /uv248fip248inf210/project_presentation.html HTTP/1.1"
247	2024/02/06 14:49:12	"GET /uv248fip248inf210/project_specifications.html HTTP/1.1"
241	2024/02/06 14:51:27	"GET /uv248fip248inf210/project_evaluation.html HTTP/1.1"
2417	2024/02/06 14:52:08	"GET /uv248fip248inf210/activity_decomposition_correction.html HTTP/1.1"
247	2024/02/06 14:52:23	"GET /uv248fip248inf210/practice_sql.html HTTP/1.1"
241	2024/02/06 14:52:25	"GET /uv248fip248inf210/project_specifications.html HTTP/1.1"
2410	2024/02/06 14:52:30	"GET /uv248fip248inf210/index.html HTTP/1.1"
241	2024/02/06 14:52:33	"GET /uv248fip248inf210/project_part1.html HTTP/1.1"
245	2024/02/06 14:55:16	"GET /uv248fip248inf210/activity_conceptual_modeling_advanced.html HTTP/1.1"
245	2024/02/06 14:55:29	"GET /uv248fip248inf210/activity_conceptual_modeling.html HTTP/1.1"
245	2024/02/06 14:57:33	"GET /uv248fip248inf210/activity_normalization.html HTTP/1.1"
245	2024/02/06 14:57:44	"GET /uv248fip248inf210/practice_independence_views.html HTTP/1.1"
249	2024/02/06 14:58:01	"GET /uv248fip248inf210/web_architecture_home.html HTTP/1.1"
249	2024/02/06 14:58:05	"GET /uv248fip248inf210/lecture_jpa.html HTTP/1.1"
245	2024/02/06 15:00:08	"GET /uv248fip248inf210/lecture_relational_model.html HTTP/1.1"
246	2024/02/06 15:03:54	"GET /uv248fip248inf210/activity_conceptual_modeling_advanced_correction.html HTTP/1.1"
247	2024/02/06 15:04:07	"GET /uv248fip248inf210/project_part1.html HTTP/1.1"
245	2024/02/06 15:34:14	"GET /uv248fip248inf210/index.html HTTP/1.1"
2439	2024/02/06 15:38:14	"GET /uv248fip248inf210/data_home.html HTTP/1.1"
2439	2024/02/06 15:38:32	"GET /uv248fip248inf210/index.html HTTP/1.1"
2439	2024/02/06 15:38:40	"GET /uv248fip248inf210/images/web_architecture/prerequisite_archiweb/prerequisite_archiweb.html HTTP/1.1"
2439	2024/02/06 15:38:49	"GET /uv248fip248inf210/practice_jpa_advanced.html HTTP/1.1"
2440	2024/02/06 15:40:21	"GET /uv248fip248inf210/technical_environment_home.html HTTP/1.1"
2439	2024/02/06 15:40:55	"GET /uv248fip248inf210/lecture_xpath.html HTTP/1.1"
2439	2024/02/06 15:41:10	"GET /uv248fip248inf210/lecture_validity.html HTTP/1.1"
2440	2024/02/06 15:41:27	"GET /uv248fip248inf210/images/technical_environment/prerequisite_techenv/prerequisite_techenv.html HTTP/1.1"
2439	2024/02/06 15:42:01	"GET /uv248fip248inf210/technical_environment_home.html HTTP/1.1"
2440	2024/02/06 15:42:02	"GET /uv248fip248inf210/documentation_si.html HTTP/1.1"
2439	2024/02/06 15:42:03	"GET /uv248fip248inf210/images/technical_environment/prerequisite_techenv/prerequisite_techenv.html HTTP/1.1"
2439	2024/02/06 15:42:06	"GET /uv248fip248inf210/documentation_si.html HTTP/1.1"
2440	2024/02/06 15:42:24	"GET /uv248fip248inf210/inversion_of_control.html HTTP/1.1"
2439	2024/02/06 15:42:29	"GET /uv248fip248inf210/index.html HTTP/1.1"
245	2024/02/06 15:42:39	"GET /uv248fip248inf210/practice_transaction.html HTTP/1.1"
2415	2024/02/06 15:42:48	"GET /uv248fip248inf210/index.html HTTP/1.1"
2415	2024/02/06 15:42:50	"GET /uv248fip248inf210/technical_environment_home.html HTTP/1.1"
2415	2024/02/06 15:42:53	"GET /uv248fip248inf210/index.html HTTP/1.1"
2415	2024/02/06 15:43:14	"GET /uv248fip248inf210/images/web_architecture/prerequisite_archiweb/prerequisite_archiweb.html HTTP/1.1"
2415	2024/02/06 15:43:16	"GET /uv248fip248inf210/practice_jpa_advanced.html HTTP/1.1"
2415	2024/02/06 15:43:56	"GET /uv248fip248inf210/practice_spring_2tiers_ext.html HTTP/1.1"
2414	2024/02/06 15:45:27	"GET /uv248fip248inf210/index.html HTTP/1.1"
2430	2024/02/06 15:45:32	"GET /uv248fip248inf210/index.html HTTP/1.1"
2414	2024/02/06 15:45:36	"GET /uv248fip248inf210/project_home.html HTTP/1.1"
2415	2024/02/06 15:45:41	"GET /uv248fip248inf210/practice_jpa.html HTTP/1.1"
2411	2024/02/06 15:45:42	"GET /uv248fip248inf210/index.html HTTP/1.1"
2414	2024/02/06 15:45:46	"GET /uv248fip248inf210/project_specifications.html HTTP/1.1"
2414	2024/02/06 15:45:51	"GET /uv248fip248inf210/project_presentation.html HTTP/1.1"
2414	2024/02/06 15:45:54	"GET /uv248fip248inf210/project_part1.html HTTP/1.1"
2438	2024/02/06 15:45:56	"GET /uv248fip248inf210/images/web_architecture/prerequisite_archiweb/prerequisite_archiweb.html HTTP/1.1"
2438	2024/02/06 15:46:01	"GET /uv248fip248inf210/practice_jpa.html HTTP/1.1"
2414	2024/02/06 15:46:41	"GET /uv248fip248inf210/project_part2.html HTTP/1.1"
2442	2024/02/06 15:46:52	"GET /uv248fip248inf210/project_home.html HTTP/1.1"
2442	2024/02/06 15:46:58	"GET /uv248fip248inf210/project_presentation.html HTTP/1.1"
2437	2024/02/06 15:47:00	"GET /uv248fip248inf210/project_presentation.html HTTP/1.1"
2414	2024/02/06 15:47:00	"GET /uv248fip248inf210/fproject_part3.html HTTP/1.1"
2414	2024/02/06 15:47:03	"GET /uv248fip248inf210/project_structureui.html HTTP/1.1"
2442	2024/02/06 15:47:05	"GET /uv248fip248inf210/project_part1.html HTTP/1.1"
2414	2024/02/06 15:47:06	"GET /uv248fip248inf210/fproject_part3.html HTTP/1.1"
2414	2024/02/06 15:47:12	"GET /uv248fip248inf210/project_part4.html HTTP/1.1"
2442	2024/02/06 15:47:16	"GET /uv248fip248inf210/project_part4.html HTTP/1.1"
2442	2024/02/06 15:47:22	"GET /uv248fip248inf210/index.html HTTP/1.1"
2414	2024/02/06 15:47:26	"GET /uv248fip248inf210/project_structureui.html HTTP/1.1"
2414	2024/02/06 15:47:27	"GET /uv248fip248inf210/project_structureui.html HTTP/1.1"
2414	2024/02/06 15:47:30	"GET /uv248fip248inf210/project_part1.html HTTP/1.1"
2442	2024/02/06 15:47:36	"GET /uv248fip248inf210/technical_environment_home.html HTTP/1.1"
2412	2024/02/06 15:48:18	"GET /uv248fip248inf210/activity_decomposition.html HTTP/1.1"
2437	2024/02/06 15:48:37	"GET /uv248fip248inf210/project_specifications.html HTTP/1.1"
2437	2024/02/06 15:49:01	"GET /uv248fip248inf210/project_evaluation.html HTTP/1.1"
2437	2024/02/06 15:49:11	"GET /uv248fip248inf210/index.html HTTP/1.1"
2439	2024/02/06 15:50:40	"GET /uv248fip248inf210/documentation_rdbms.html HTTP/1.1"
2439	2024/02/06 15:50:44	"GET /uv248fip248inf210/web_architecture_home.html HTTP/1.1"
2442	2024/02/06 15:50:45	"GET /uv248fip248inf210/lecture_independence_views.html HTTP/1.1"
2429	2024/02/06 15:50:46	"GET /uv248fip248inf210/data_home.html HTTP/1.1"
2414	2024/02/06 15:50:46	"GET /uv248fip248inf210/web_architecture_home.html HTTP/1.1"
2414	2024/02/06 15:50:48	"GET /uv248fip248inf210/images/web_architecture/prerequisite_archiweb/prerequisite_archiweb.html HTTP/1.1"
2439	2024/02/06 15:50:48	"GET /uv248fip248inf210/images/web_architecture/prerequisite_archiweb/prerequisite_archiweb.html HTTP/1.1"
2429	2024/02/06 15:50:52	"GET /uv248fip248inf210/practice_transaction.html HTTP/1.1"
2419	2024/02/06 15:50:55	"GET /uv248fip248inf210/data_home.html HTTP/1.1"
2414	2024/02/06 15:50:55	"GET /uv248fip248inf210/practice_jpa_advanced.html HTTP/1.1"
2419	2024/02/06 15:51:02	"GET /uv248fip248inf210/lecture_relational_model.html HTTP/1.1"
2432	2024/02/06 15:51:02	"GET /uv248fip248inf210/project_home.html HTTP/1.1"
2411	2024/02/06 15:51:10	"GET /uv248fip248inf210/images/web_architecture/prerequisite_archiweb/prerequisite_archiweb.html HTTP/1.1"
2442	2024/02/06 15:51:11	"GET /uv248fip248inf210/practice_independence_views.html HTTP/1.1"
2411	2024/02/06 15:51:12	"GET /uv248fip248inf210/practice_jpa_advanced.html HTTP/1.1"
2419	2024/02/06 15:51:12	"GET /uv248fip248inf210/technical_environment_home.html HTTP/1.1"
2432	2024/02/06 15:51:13	"GET /uv248fip248inf210/project_part2.html HTTP/1.1"
2436	2024/02/06 15:51:13	"GET /uv248fip248inf210/index.html HTTP/1.1"
2419	2024/02/06 15:51:19	"GET /uv248fip248inf210/practice_sql.html HTTP/1.1"
2426	2024/02/06 15:51:19	"GET /uv248fip248inf210/lecture_mvc_spring.html HTTP/1.1"
2432	2024/02/06 15:51:22	"GET /uv248fip248inf210/project_presentation.html HTTP/1.1"
2432	2024/02/06 15:51:22	"GET /uv248fip248inf210/project_evaluation.html HTTP/1.1"
2429	2024/02/06 15:51:23	"GET /uv248fip248inf210/index.html HTTP/1.1"
2426	2024/02/06 15:51:24	"GET /uv248fip248inf210/practice_jpa_advanced.html HTTP/1.1"
2433	2024/02/06 15:51:25	"GET /uv248fip248inf210/data_home.html HTTP/1.1"
2433	2024/02/06 15:51:28	"GET /uv248fip248inf210/index.html HTTP/1.1"
2433	2024/02/06 15:51:33	"GET /uv248fip248inf210/project_home.html HTTP/1.1"
2433	2024/02/06 15:51:50	"GET /uv248fip248inf210/practice_advanced_sql.html HTTP/1.1"
2442	2024/02/06 15:51:57	"GET /uv248fip248inf210/project_task_time.html HTTP/1.1"
2433	2024/02/06 15:52:06	"GET /uv248fip248inf210/web_architecture_home.html HTTP/1.1"
2433	2024/02/06 15:52:13	"GET /uv248fip248inf210/practice_jpa_advanced.html HTTP/1.1"
2419	2024/02/06 15:52:16	"GET /uv248fip248inf210/web_architecture_home.html HTTP/1.1"
2419	2024/02/06 15:52:18	"GET /uv248fip248inf210/lecture_jpa.html HTTP/1.1"
2442	2024/02/06 15:52:24	"GET /uv248fip248inf210/project_evaluation.html HTTP/1.1"
2436	2024/02/06 15:52:27	"GET /uv248fip248inf210/web_architecture_home.html HTTP/1.1"
2415	2024/02/06 15:52:30	"GET /uv248fip248inf210/practice_spring_2tiers.html HTTP/1.1"
2436	2024/02/06 15:52:39	"GET /uv248fip248inf210/images/web_architecture/prerequisite_archiweb/prerequisite_archiweb.html HTTP/1.1"
2429	2024/02/06 15:53:25	"GET /uv248fip248inf210/web_architecture_home.html HTTP/1.1"
2442	2024/02/06 15:53:44	"GET /uv248fip248inf210/project_part1.html HTTP/1.1"
2442	2024/02/06 15:53:50	"GET /uv248fip248inf210/project_presentation.html HTTP/1.1"
2429	2024/02/06 15:53:58	"GET /uv248fip248inf210/practice_jpa.html HTTP/1.1"
2418	2024/02/06 15:54:01	"GET /uv248fip248inf210/web_architecture_home.html HTTP/1.1"
2418	2024/02/06 15:54:05	"GET /uv248fip248inf210/practice_jpa.html HTTP/1.1"
2440	2024/02/06 15:54:05	"GET /uv248fip248inf210/index.html HTTP/1.1"
2440	2024/02/06 15:54:07	"GET /uv248fip248inf210/web_architecture_home.html HTTP/1.1"
2415	2024/02/06 15:54:09	"GET /uv248fip248inf210/project_home.html HTTP/1.1"
2415	2024/02/06 15:54:15	"GET /uv248fip248inf210/project_evaluation.html HTTP/1.1"
2415	2024/02/06 15:54:17	"GET /uv248fip248inf210/project_presentation.html HTTP/1.1"
2418	2024/02/06 15:54:21	"GET /uv248fip248inf210/lecture_jpa.html HTTP/1.1"
2429	2024/02/06 15:54:22	"GET /uv248fip248inf210/practice_jpa_advanced.html HTTP/1.1"
2429	2024/02/06 15:54:29	"GET /uv248fip248inf210/practice_spring_2tiers.html HTTP/1.1"
2418	2024/02/06 15:54:29	"GET /uv248fip248inf210/lecture_mvc_spring.html HTTP/1.1"
2415	2024/02/06 15:54:32	"GET /uv248fip248inf210/project_specifications.html HTTP/1.1"
2418	2024/02/06 15:54:34	"GET /uv248fip248inf210/practice_jpa_advanced.html HTTP/1.1"
2418	2024/02/06 15:54:38	"GET /uv248fip248inf210/practice_spring_2tiers.html HTTP/1.1"
2418	2024/02/06 15:54:42	"GET /uv248fip248inf210/practice_spring_2tiers_ext.html HTTP/1.1"
2418	2024/02/06 15:54:48	"GET /uv248fip248inf210/lecture_technical_architecture.html HTTP/1.1"
2418	2024/02/06 15:54:51	"GET /uv248fip248inf210/lecture_software_architecture.html HTTP/1.1"
2429	2024/02/06 15:55:02	"GET /uv248fip248inf210/technical_environment_home.html HTTP/1.1"
2418	2024/02/06 15:55:05	"GET /uv248fip248inf210/index.html HTTP/1.1"
2429	2024/02/06 15:55:06	"GET /uv248fip248inf210/inversion_of_control.html HTTP/1.1"
2418	2024/02/06 15:55:08	"GET /uv248fip248inf210/technical_environment_home.html HTTP/1.1"
2418	2024/02/06 15:55:14	"GET /uv248fip248inf210/inversion_of_control.html HTTP/1.1"
2437	2024/02/06 15:55:23	"GET /uv248fip248inf210/project_task_time.html HTTP/1.1"
2437	2024/02/06 15:55:48	"GET /uv248fip248inf210/project_part1.html HTTP/1.1"
2415	2024/02/06 15:57:24	"GET /uv248fip248inf210/project_task_time.html HTTP/1.1"
2442	2024/02/06 15:57:49	"GET /uv248fip248inf210/project_specifications.html HTTP/1.1"
2415	2024/02/06 15:58:03	"GET /uv248fip248inf210/project_part1.html HTTP/1.1"
2415	2024/02/06 15:58:34	"GET /uv248fip248inf210/project_part2.html HTTP/1.1"
2415	2024/02/06 15:58:36	"GET /uv248fip248inf210/project_part4.html HTTP/1.1"
2417	2024/02/06 16:00:05	"GET /uv248fip248inf210/practice_independence_views.html HTTP/1.1"
2417	2024/02/06 16:00:26	"GET /uv248fip248inf210/lecture_transaction.html HTTP/1.1"
2440	2024/02/06 16:00:33	"GET /uv248fip248inf210/spring_bean.html HTTP/1.1"
2417	2024/02/06 16:00:40	"GET /uv248fip248inf210/practice_transaction.html HTTP/1.1"
2446	2024/02/06 16:00:58	"GET /uv248fip248inf210/practice_transaction.html HTTP/1.1"
2446	2024/02/06 16:01:03	"GET /uv248fip248inf210/lecture_transaction.html HTTP/1.1"
2426	2024/02/06 16:02:01	"GET /uv248fip248inf210/practice_spring_2tiers_ext.html HTTP/1.1"
2436	2024/02/06 16:04:21	"GET /uv248fip248inf210/practice_jpa.html HTTP/1.1"
2440	2024/02/06 16:04:40	"GET /uv248fip248inf210/documentation_rdbms.html HTTP/1.1"
2440	2024/02/06 16:04:55	"GET /uv248fip248inf210/practice_docker_advanced.html HTTP/1.1"
2417	2024/02/06 16:05:17	"GET /uv248fip248inf210/lecture_isolation.html HTTP/1.1"
2440	2024/02/06 16:05:51	"GET /uv248fip248inf210/images/web_architecture/prerequisite_archiweb/prerequisite_archiweb.html HTTP/1.1"
2440	2024/02/06 16:06:01	"GET /uv248fip248inf210/practice_jpa_advanced.html HTTP/1.1"
2434	2024/02/06 16:06:49	"GET /uv248fip248inf210/data_home.html HTTP/1.1"
2434	2024/02/06 16:06:57	"GET /uv248fip248inf210/lecture_relational_model.html HTTP/1.1"
2434	2024/02/06 16:06:58	"GET /uv248fip248inf210/lecture_db_integrity.html HTTP/1.1"
2434	2024/02/06 16:06:58	"GET /uv248fip248inf210/activity_relational_model.html HTTP/1.1"
2434	2024/02/06 16:07:02	"GET /uv248fip248inf210/practice_independence_views.html HTTP/1.1"
2434	2024/02/06 16:07:05	"GET /uv248fip248inf210/activity_decomposition.html HTTP/1.1"
2434	2024/02/06 16:07:07	"GET /uv248fip248inf210/lecture_modeling_normalization.html HTTP/1.1"
2434	2024/02/06 16:07:11	"GET /uv248fip248inf210/lecture_normalization.html HTTP/1.1"
2434	2024/02/06 16:07:20	"GET /uv248fip248inf210/lecture_conceptual_modeling.html HTTP/1.1"
2434	2024/02/06 16:08:12	"GET /uv248fip248inf210/activity_conceptual_modeling.html HTTP/1.1"
2434	2024/02/06 16:08:16	"GET /uv248fip248inf210/practice_advanced_sql.html HTTP/1.1"
245	2024/02/06 16:09:50	"GET /uv248fip248inf210/project_home.html HTTP/1.1"
245	2024/02/06 16:09:55	"GET /uv248fip248inf210/project_presentation.html HTTP/1.1"
245	2024/02/06 16:11:30	"GET /uv248fip248inf210/project_specifications.html HTTP/1.1"
245	2024/02/06 16:11:33	"GET /uv248fip248inf210/project_evaluation.html HTTP/1.1"
2445	2024/02/06 16:13:10	"GET /uv248fip248inf210/web_architecture_home.html HTTP/1.1"
2439	2024/02/06 16:13:29	"GET /uv248fip248inf210/practice_spring_2tiers.html HTTP/1.1"
2445	2024/02/06 16:16:09	"GET /uv248fip248inf210/index.html HTTP/1.1"
245	2024/02/06 16:18:41	"GET /uv248fip248inf210/project_task_time.html HTTP/1.1"
2441	2024/02/06 16:18:46	"GET /uv248fip248inf210/index.html HTTP/1.1"
2441	2024/02/06 16:19:04	"GET /uv248fip248inf210/technical_environment_home.html HTTP/1.1"
2441	2024/02/06 16:19:26	"GET /uv248fip248inf210/data_home.html HTTP/1.1"
2441	2024/02/06 16:19:47	"GET /uv248fip248inf210/index.html HTTP/1.1"
245	2024/02/06 16:47:08	"GET /uv248fip248inf210/project_specifications.html HTTP/1.1"
2441	2024/02/06 17:24:19	"GET /uv248fip248inf210/data_home.html HTTP/1.1"
2429	2024/09/15 09:18:34	"GET /uv248fip248inf210/technical_environment_home.html HTTP/1.1"
2429	2024/09/15 09:29:51	"GET /uv248fip248inf210/documentation_docker.html HTTP/1.1"
2429	2024/09/15 09:31:51	"GET /uv248fip248inf210/index.html HTTP/1.1"
2429	2024/09/15 09:31:54	"GET /uv248fip248inf210/project_home.html HTTP/1.1"
2429	2024/09/15 09:32:22	"GET /uv248fip248inf210/project_part1.html HTTP/1.1"
2429	2024/09/15 09:32:32	"GET /uv248fip248inf210/project_presentation.html HTTP/1.1"
2429	2024/09/15 09:32:38	"GET /uv248fip248inf210/data_home.html HTTP/1.1"
2436	2024/01/28 13:27:41	"GET /uv248fip248inf210/practice_jpa.html HTTP/1.1"
2436	2024/01/28 13:27:47	"GET /uv248fip248inf210/index.html HTTP/1.1"
2436	2024/01/28 13:27:51	"GET /uv248fip248inf210/web_architecture_home.html HTTP/1.1"
2436	2024/01/28 13:28:14	"GET /uv248fip248inf210/lecture_technical_architecture.html HTTP/1.1"
2436	2024/01/28 13:28:28	"GET /uv248fip248inf210/technical_environment_home.html HTTP/1.1"
2436	2024/01/28 13:36:04	"GET /uv248fip248inf210/lecture_software_architecture.html HTTP/1.1"
2436	2024/01/28 13:44:33	"GET /uv248fip248inf210/lecture_mvc_spring.html HTTP/1.1"
2436	2024/01/28 13:45:07	"GET /uv248fip248inf210/lecture_mvc_spring.html HTTP/1.1"
2436	2024/01/28 13:45:36	"GET /uv248fip248inf210/lecture_mvc_spring.html HTTP/1.1"
2436	2024/01/28 13:45:55	"GET /uv248fip248inf210/lecture_mvc_spring.html HTTP/1.1"
2436	2024/01/28 13:53:25	"GET /uv248fip248inf210/lecture_jpa.html HTTP/1.1"
2436	2024/01/28 14:02:48	"GET /uv248fip248inf210/lecture_jpa.html HTTP/1.1"
2436	2024/01/28 14:03:27	"GET /uv248fip248inf210/lecture_dto.html HTTP/1.1"
2436	2024/01/28 14:04:26	"GET /uv248fip248inf210/lecture_xml.html HTTP/1.1"
2436	2024/01/28 14:04:39	"GET /uv248fip248inf210/lecture_json.html HTTP/1.1"
247	2024/01/28 16:01:00	"GET /uv248fip248inf210/technical_environment_home.html HTTP/1.1"
2446	2024/01/28 23:17:18	"GET /uv248fip248inf210/index.html HTTP/1.1"
2446	2024/01/28 23:17:25	"GET /uv248fip248inf210/web_architecture_home.html HTTP/1.1"
2446	2024/01/28 23:17:28	"GET /uv248fip248inf210/data_home.html HTTP/1.1"
2446	2024/01/28 23:22:21	"GET /uv248fip248inf210/images/data/prerequisite_data/prerequisite_data.html HTTP/1.1"
2446	2024/01/28 23:22:31	"GET /uv248fip248inf210/lecture_relational_model.html HTTP/1.1"
2430	2024/03/11 05:57:24	"GET /uv248fip248inf210/project_part2.html HTTP/1.1"
2430	2024/03/11 05:57:47	"GET /uv248fip248inf210/index.html HTTP/1.1"
2430	2024/03/11 05:57:49	"GET /uv248fip248inf210/data_home.html HTTP/1.1"
2430	2024/03/11 05:58:03	"GET /uv248fip248inf210/lecture_normalization.html HTTP/1.1"
2430	2024/03/11 06:00:10	"GET /uv248fip248inf210/lecture_relation_model.html HTTP/1.1"
2430	2024/03/11 06:51:39	"GET /uv248fip248inf210/technical_environment_home.html HTTP/1.1"
2430	2024/03/11 06:51:41	"GET /uv248fip248inf210/index.html HTTP/1.1"
2430	2024/03/11 06:51:44	"GET /uv248fip248inf210/data_home.html HTTP/1.1"
2430	2024/03/11 06:51:47	"GET /uv248fip248inf210/lecture_normalization.html HTTP/1.1"
2430	2024/03/11 06:51:55	"GET /uv248fip248inf210/lecture_relation_model.html HTTP/1.1"
2430	2024/03/11 06:51:55	"GET /uv248fip248inf210/lecture_sql.html HTTP/1.1"
2414	2024/03/11 06:56:25	"GET /uv248fip248inf210/index.html HTTP/1.1"
2414	2024/03/11 06:56:27	"GET /uv248fip248inf210/project_home.html HTTP/1.1"
2414	2024/03/11 06:56:52	"GET /uv248fip248inf210/web_architecture_home.html HTTP/1.1"
2414	2024/03/11 06:56:54	"GET /uv248fip248inf210/data_home.html HTTP/1.1"
2414	2024/03/11 06:57:01	"GET /uv248fip248inf210/images/data/prerequisite_data/prerequisite_data.html HTTP/1.1"
2414	2024/03/11 06:57:09	"GET /uv248fip248inf210/lecture_normalization.html HTTP/1.1"
2430	2024/03/11 06:57:20	"GET /uv248fip248inf210/lecture_independence_views.html HTTP/1.1"
2440	2024/03/11 08:28:02	"GET /uv248fip248inf210/technical_environment_home.html HTTP/1.1"
2440	2024/03/11 08:28:04	"GET /uv248fip248inf210/index.html HTTP/1.1"
2440	2024/03/11 08:28:07	"GET /uv248fip248inf210/project_home.html HTTP/1.1"
2440	2024/03/11 08:28:14	"GET /uv248fip248inf210/project_part2.html HTTP/1.1"
2415	2024/03/11 08:39:02	"GET /uv248fip248inf210/project_home.html HTTP/1.1"
2415	2024/03/11 08:39:05	"GET /uv248fip248inf210/index.html HTTP/1.1"
2421	2024/03/11 08:51:42	"GET /uv248fip248inf210/project_home.html HTTP/1.1"
2429	2024/03/11 09:13:42	"GET /uv248fip248inf210/project_part1.html HTTP/1.1"
2414	2024/03/11 09:14:45	"GET /uv248fip248inf210/project_home.html HTTP/1.1"
2414	2024/03/11 09:15:25	"GET /uv248fip248inf210/project_specifications.html HTTP/1.1"
2414	2024/03/11 09:15:27	"GET /uv248fip248inf210/index.html HTTP/1.1"
2411	2024/03/11 09:28:18	"GET /uv248fip248inf210/project_home.html HTTP/1.1"
2411	2024/03/11 09:28:25	"GET /uv248fip248inf210/data_home.html HTTP/1.1"
2411	2024/03/11 09:28:35	"GET /uv248fip248inf210/images/data/prerequisite_data/prerequisite_data.html HTTP/1.1"
2411	2024/03/11 09:28:37	"GET /uv248fip248inf210/lecture_conceptual_modeling.html HTTP/1.1"
2415	2024/03/11 09:29:02	"GET /uv248fip248inf210/index.html HTTP/1.1"
2415	2024/03/11 09:29:36	"GET /uv248fip248inf210/index.html HTTP/1.1"
2415	2024/03/11 09:29:39	"GET /uv248fip248inf210/index.html HTTP/1.1"
2430	2024/03/11 09:29:50	"GET /uv248fip248inf210/project_part1.html HTTP/1.1"
249	2024/03/11 09:30:36	"GET /uv248fip248inf210/data_home.html HTTP/1.1"
2442	2024/03/11 09:31:58	"GET /uv248fip248inf210/data_home.html HTTP/1.1"
2442	2024/03/11 09:32:40	"GET /uv248fip248inf210/images/data/prerequisite_data/prerequisite_data.html HTTP/1.1"
2442	2024/03/11 09:32:48	"GET /uv248fip248inf210/lecture_normalization.html HTTP/1.1"
249	2024/03/11 09:33:22	"GET /uv248fip248inf210/lecture_relational_model.html HTTP/1.1"
249	2024/03/11 09:33:28	"GET /uv248fip248inf210/lecture_modeling_normalization.html HTTP/1.1"
2432	2024/03/11 09:33:31	"GET /uv248fip248inf210/web_architecture_home.html HTTP/1.1"
249	2024/03/11 09:33:32	"GET /uv248fip248inf210/lecture_normalization.html HTTP/1.1"
2411	2024/03/11 09:33:42	"GET /uv248fip248inf210/activity_normalization.html HTTP/1.1"
2445	2024/03/11 09:33:44	"GET /uv248fip248inf210/data_home.html HTTP/1.1"
2439	2024/03/11 09:33:45	"GET /uv248fip248inf210/data_home.html HTTP/1.1"
2439	2024/03/11 09:33:49	"GET /uv248fip248inf210/lecture_normalization.html HTTP/1.1"
2418	2024/03/11 09:33:50	"GET /uv248fip248inf210/data_home.html HTTP/1.1"
2418	2024/03/11 09:33:54	"GET /uv248fip248inf210/lecture_relational_algebra.html HTTP/1.1"
2418	2024/03/11 09:34:01	"GET /uv248fip248inf210/lecture_db_integrity.html HTTP/1.1"
2445	2024/03/11 09:34:04	"GET /uv248fip248inf210/activity_normalization.html HTTP/1.1"
2418	2024/03/11 09:34:06	"GET /uv248fip248inf210/activity_relational_model.html HTTP/1.1"
2445	2024/03/11 09:34:12	"GET /uv248fip248inf210/activity_decomposition.html HTTP/1.1"
2418	2024/03/11 09:34:16	"GET /uv248fip248inf210/lecture_modeling_normalization.html HTTP/1.1"
2418	2024/03/11 09:34:18	"GET /uv248fip248inf210/lecture_conceptual_modeling.html HTTP/1.1"
2418	2024/03/11 09:34:28	"GET /uv248fip248inf210/lecture_normalization.html HTTP/1.1"
2434	2024/03/11 09:35:04	"GET /uv248fip248inf210/web_architecture_home.html HTTP/1.1"
2434	2024/03/11 09:36:02	"GET /uv248fip248inf210/practice_jpa.html HTTP/1.1"
2434	2024/03/11 09:36:23	"GET /uv248fip248inf210/lecture_mvc_spring.html HTTP/1.1"
2434	2024/03/11 09:36:45	"GET /uv248fip248inf210/lecture_jpa.html HTTP/1.1"
2434	2024/03/11 09:36:49	"GET /uv248fip248inf210/practice_jpa_advanced.html HTTP/1.1"
2413	2024/03/11 09:36:50	"GET /uv248fip248inf210/index.html HTTP/1.1"
2434	2024/03/11 09:36:55	"GET /uv248fip248inf210/lecture_dto.html HTTP/1.1"
2419	2024/03/11 09:36:56	"GET /uv248fip248inf210/technical_environment_home.html HTTP/1.1"
2434	2024/03/11 09:36:58	"GET /uv248fip248inf210/lecture_xml.html HTTP/1.1"
2419	2024/03/11 09:37:01	"GET /uv248fip248inf210/practice_postgresql.html HTTP/1.1"
2434	2024/03/11 09:37:01	"GET /uv248fip248inf210/lecture_json.html HTTP/1.1"
2445	2024/03/11 09:37:02	"GET /uv248fip248inf210/lecture_normalization.html HTTP/1.1"
2419	2024/03/11 09:37:07	"GET /uv248fip248inf210/documentation_si.html HTTP/1.1"
2433	2024/03/11 09:37:36	"GET /uv248fip248inf210/technical_environment_home.html HTTP/1.1"
2433	2024/03/11 09:37:51	"GET /uv248fip248inf210/documentation_docker.html HTTP/1.1"
2434	2024/03/11 09:37:52	"GET /uv248fip248inf210/index.html HTTP/1.1"
2419	2024/03/11 09:38:08	"GET /uv248fip248inf210/documentation_rdbms.html HTTP/1.1"
249	2024/03/11 09:38:56	"GET /uv248fip248inf210/lecture_conceptual_modeling.html HTTP/1.1"
2432	2024/03/11 09:39:36	"GET /uv248fip248inf210/data_home.html HTTP/1.1"
2432	2024/03/11 09:39:43	"GET /uv248fip248inf210/lecture_normalization.html HTTP/1.1"
2442	2024/03/11 09:40:29	"GET /uv248fip248inf210/activity_normalization.html HTTP/1.1"
2442	2024/03/11 09:40:38	"GET /uv248fip248inf210/activity_decomposition.html HTTP/1.1"
2441	2024/03/11 09:41:30	"GET /uv248fip248inf210/project_home.html HTTP/1.1"
2441	2024/03/11 09:41:33	"GET /uv248fip248inf210/project_part1.html HTTP/1.1"
2418	2024/03/11 09:41:51	"GET /uv248fip248inf210/activity_decomposition.html HTTP/1.1"
2439	2024/03/11 09:45:07	"GET /uv248fip248inf210/lecture_conceptual_modeling.html HTTP/1.1"
2439	2024/03/11 09:45:21	"GET /uv248fip248inf210/lecture_relational_model.html HTTP/1.1"
2440	2024/03/11 09:45:29	"GET /uv248fip248inf210/data_home.html HTTP/1.1"
2440	2024/03/11 09:45:31	"GET /uv248fip248inf210/images/data/prerequisite_data/prerequisite_data.html HTTP/1.1"
2440	2024/03/11 09:45:38	"GET /uv248fip248inf210/lecture_conceptual_modeling.html HTTP/1.1"
2439	2024/03/11 09:45:48	"GET /uv248fip248inf210/activity_relational_model.html HTTP/1.1"
2440	2024/03/11 09:45:54	"GET /uv248fip248inf210/lecture_modeling_normalization.html HTTP/1.1"
2440	2024/03/11 09:46:02	"GET /uv248fip248inf210/lecture_normalization.html HTTP/1.1"
2440	2024/03/11 09:46:22	"GET /uv248fip248inf210/activity_conceptual_modeling.html HTTP/1.1"
2439	2024/03/11 09:46:37	"GET /uv248fip248inf210/activity_relational_model_correction.html HTTP/1.1"
2439	2024/03/11 09:46:46	"GET /uv248fip248inf210/lecture_conceptual_modeling.html HTTP/1.1"
2439	2024/03/11 09:47:01	"GET /uv248fip248inf210/lecture_modeling_normalization.html HTTP/1.1"
2440	2024/03/11 09:47:04	"GET /uv248fip248inf210/activity_normalization.html HTTP/1.1"
2439	2024/03/11 09:47:22	"GET /uv248fip248inf210/lecture_normalization.html HTTP/1.1"
2439	2024/03/11 09:47:28	"GET /uv248fip248inf210/lecture_conceptual_modeling.html HTTP/1.1"
2419	2024/03/11 09:49:02	"GET /uv248fip248inf210/data_home.html HTTP/1.1"
2419	2024/03/11 09:49:06	"GET /uv248fip248inf210/lecture_modeling_normalization.html HTTP/1.1"
2423	2024/03/11 09:49:11	"GET /uv248fip248inf210/web_architecture_home.html HTTP/1.1"
2419	2024/03/11 09:49:13	"GET /uv248fip248inf210/lecture_normalization.html HTTP/1.1"
2418	2024/03/11 09:49:28	"GET /uv248fip248inf210/lecture_normalization.html HTTP/1.1"
2418	2024/03/11 09:49:33	"GET /uv248fip248inf210/activity_normalization.html HTTP/1.1"
2423	2024/03/11 09:49:45	"GET /uv248fip248inf210/project_home.html HTTP/1.1"
2415	2024/03/11 09:49:49	"GET /uv248fip248inf210/data_home.html HTTP/1.1"
2418	2024/03/11 09:49:49	"GET /uv248fip248inf210/activity_normalization_correction.html HTTP/1.1"
2423	2024/03/11 09:49:50	"GET /uv248fip248inf210/project_part1.html HTTP/1.1"
2415	2024/03/11 09:49:53	"GET /uv248fip248inf210/lecture_modeling_normalization.html HTTP/1.1"
2415	2024/03/11 09:49:56	"GET /uv248fip248inf210/lecture_conceptual_modeling.html HTTP/1.1"
2415	2024/03/11 09:50:00	"GET /uv248fip248inf210/lecture_normalization.html HTTP/1.1"
2433	2024/03/11 09:54:14	"GET /uv248fip248inf210/project_home.html HTTP/1.1"
2414	2024/03/11 09:54:29	"GET /uv248fip248inf210/tp_test.html HTTP/1.1"
2433	2024/03/11 09:54:45	"GET /uv248fip248inf210/project_evaluation.html HTTP/1.1"
2438	2024/03/11 09:55:37	"GET /uv248fip248inf210/index.html HTTP/1.1"
2438	2024/03/11 09:55:41	"GET /uv248fip248inf210/data_home.html HTTP/1.1"
2414	2024/03/11 09:55:45	"GET /uv248fip248inf210/project_evaluation.html HTTP/1.1"
2438	2024/03/11 09:55:48	"GET /uv248fip248inf210/lecture_relational_model.html HTTP/1.1"
2442	2024/03/11 09:55:50	"GET /uv248fip248inf210/lecture_independence_views.html HTTP/1.1"
2438	2024/03/11 09:55:52	"GET /uv248fip248inf210/lecture_db_integrity.html HTTP/1.1"
2438	2024/03/11 09:55:53	"GET /uv248fip248inf210/activity_relational_model.html HTTP/1.1"
2438	2024/03/11 09:55:57	"GET /uv248fip248inf210/lecture_relational_algebra.html HTTP/1.1"
2438	2024/03/11 09:56:27	"GET /uv248fip248inf210/activity_decomposition.html HTTP/1.1"
2438	2024/03/11 09:56:30	"GET /uv248fip248inf210/activity_conceptual_modeling_advanced.html HTTP/1.1"
2438	2024/03/11 09:56:32	"GET /uv248fip248inf210/activity_conceptual_modeling.html HTTP/1.1"
2438	2024/03/11 09:56:35	"GET /uv248fip248inf210/lecture_independence_views.html HTTP/1.1"
2441	2024/03/11 09:57:42	"GET /uv248fip248inf210/lecture_normalization.html HTTP/1.1"
2437	2024/03/11 09:58:06	"GET /uv248fip248inf210/lecture_normalization.html HTTP/1.1"
2411	2024/03/11 09:58:26	"GET /uv248fip248inf210/index.html HTTP/1.1"
2415	2024/03/11 09:58:45	"GET /uv248fip248inf210/activity_conceptual_modeling.html HTTP/1.1"
2411	2024/03/11 09:58:46	"GET /uv248fip248inf210/lecture_independence_views.html HTTP/1.1"
2415	2024/03/11 09:58:47	"GET /uv248fip248inf210/activity_conceptual_modeling_advanced.html HTTP/1.1"
2415	2024/03/11 09:58:50	"GET /uv248fip248inf210/activity_normalization.html HTTP/1.1"
2415	2024/03/11 09:58:54	"GET /uv248fip248inf210/practice_independence_views.html HTTP/1.1"
2415	2024/03/11 09:58:58	"GET /uv248fip248inf210/activity_decomposition.html HTTP/1.1"
2422	2024/03/11 09:59:57	"GET /uv248fip248inf210/lecture_normalization.html HTTP/1.1"
2438	2024/03/11 10:01:22	"GET /uv248fip248inf210/lecture_normalization.html HTTP/1.1"
2411	2024/03/11 10:01:47	"GET /uv248fip248inf210/project_part1.html HTTP/1.1"
2414	2024/03/11 10:02:10	"GET /uv248fip248inf210/project_evaluation.html HTTP/1.1"
249	2024/03/11 10:02:27	"GET /uv248fip248inf210/documentation_docker.html HTTP/1.1"
249	2024/03/11 10:02:29	"GET /uv248fip248inf210/practice_docker.html HTTP/1.1"
2414	2024/03/11 10:03:09	"GET /uv248fip248inf210/project_evaluation.html HTTP/1.1"
2414	2024/03/11 10:03:23	"GET /uv248fip248inf210/project_evaluation.html HTTP/1.1"
249	2024/03/11 10:03:39	"GET /uv248fip248inf210/practice_docker.html HTTP/1.1"
2419	2024/03/11 10:03:55	"GET /uv248fip248inf210/index.html HTTP/1.1"
2419	2024/03/11 10:04:00	"GET /uv248fip248inf210/project_home.html HTTP/1.1"
2419	2024/03/11 10:04:04	"GET /uv248fip248inf210/project_evaluation.html HTTP/1.1"
2418	2024/03/11 10:13:58	"GET /uv248fip248inf210/project_part2.html HTTP/1.1"
2439	2024/03/11 11:18:38	"GET /uv248fip248inf210/lecture_conceptual_modeling.html HTTP/1.1"
2427	2024/03/11 11:37:00	"GET /uv248fip248inf210/activity_normalization.html HTTP/1.1"
2427	2024/03/11 11:37:21	"GET /uv248fip248inf210/activity_normalization_correction.html HTTP/1.1"
2427	2024/03/11 12:11:19	"GET /uv248fip248inf210/activity_decomposition.html HTTP/1.1"
2427	2024/03/11 12:11:48	"GET /uv248fip248inf210/activity_decomposition_correction.html HTTP/1.1"
247	2024/03/11 12:50:39	"GET /uv248fip248inf210/project_part1.html HTTP/1.1"
247	2024/03/11 12:53:13	"GET /uv248fip248inf210/project_part2.html HTTP/1.1"
2417	2024/03/11 12:57:00	"GET /uv248fip248inf210/project_home.html HTTP/1.1"
245	2024/03/11 13:02:12	"GET /uv248fip248inf210/index.html HTTP/1.1"
245	2024/03/11 13:02:25	"GET /uv248fip248inf210/data_home.html HTTP/1.1"
245	2024/03/11 13:02:32	"GET /uv248fip248inf210/images/data/prerequisite_data/prerequisite_data.html HTTP/1.1"
245	2024/03/11 13:02:39	"GET /uv248fip248inf210/lecture_normalization.html HTTP/1.1"
2446	2024/03/11 13:04:19	"GET /uv248fip248inf210/project_part3.html HTTP/1.1"
2446	2024/03/11 13:04:33	"GET /uv248fip248inf210/index.html HTTP/1.1"
2446	2024/03/11 13:04:38	"GET /uv248fip248inf210/data_home.html HTTP/1.1"
2446	2024/03/11 13:04:41	"GET /uv248fip248inf210/lecture_conceptual_modeling.html HTTP/1.1"
2446	2024/03/11 13:04:46	"GET /uv248fip248inf210/lecture_modeling_normalization.html HTTP/1.1"
2446	2024/03/11 13:04:48	"GET /uv248fip248inf210/lecture_normalization.html HTTP/1.1"
2417	2024/03/11 13:05:35	"GET /uv248fip248inf210/index.html HTTP/1.1"
2417	2024/03/11 13:05:40	"GET /uv248fip248inf210/data_home.html HTTP/1.1"
2417	2024/03/11 13:05:42	"GET /uv248fip248inf210/images/data/prerequisite_data/prerequisite_data.html HTTP/1.1"
2417	2024/03/11 13:05:46	"GET /uv248fip248inf210/lecture_normalization.html HTTP/1.1"
241	2024/03/11 13:07:57	"GET /uv248fip248inf210/project_home.html HTTP/1.1"
241	2024/03/11 13:08:00	"GET /uv248fip248inf210/project_part2.html HTTP/1.1"
245	2024/03/11 13:13:01	"GET /uv248fip248inf210/activity_normalization.html HTTP/1.1"
2444	2024/03/11 13:16:22	"GET /uv248fip248inf210/lecture_normalization.html HTTP/1.1"
2449	2024/03/11 13:21:18	"GET /uv248fip248inf210/index.html HTTP/1.1"
2449	2024/03/11 13:21:23	"GET /uv248fip248inf210/web_architecture_home.html HTTP/1.1"
2449	2024/03/11 13:21:27	"GET /uv248fip248inf210/technical_environment_home.html HTTP/1.1"
2449	2024/03/11 13:21:35	"GET /uv248fip248inf210/practice_postgresql.html HTTP/1.1"
2449	2024/03/11 13:21:42	"GET /uv248fip248inf210/documentation_docker.html HTTP/1.1"
241	2024/03/11 13:22:27	"GET /uv248fip248inf210/index.html HTTP/1.1"
241	2024/03/11 13:22:44	"GET /uv248fip248inf210/activity_normalization.html HTTP/1.1"
241	2024/03/11 13:22:50	"GET /uv248fip248inf210/lecture_normalization.html HTTP/1.1"
2419	2024/03/11 13:25:52	"GET /uv248fip248inf210/project_home.html HTTP/1.1"
246	2024/03/11 13:27:52	"GET /uv248fip248inf210/project_part1.html HTTP/1.1"
246	2024/03/11 13:27:56	"GET /uv248fip248inf210/index.html HTTP/1.1"
246	2024/03/11 13:27:58	"GET /uv248fip248inf210/data_home.html HTTP/1.1"
241	2024/03/11 13:27:59	"GET /uv248fip248inf210/lecture_conceptual_modeling.html HTTP/1.1"
246	2024/03/11 13:28:03	"GET /uv248fip248inf210/activity_conceptual_modeling.html HTTP/1.1"
246	2024/03/11 13:28:06	"GET /uv248fip248inf210/activity_normalization.html HTTP/1.1"
246	2024/03/11 13:28:07	"GET /uv248fip248inf210/lecture_normalization.html HTTP/1.1"
246	2024/03/11 13:28:18	"GET /uv248fip248inf210/activity_decomposition.html HTTP/1.1"
246	2024/03/11 13:28:33	"GET /uv248fip248inf210/lecture_conceptual_modeling.html HTTP/1.1"
246	2024/03/11 13:29:00	"GET /uv248fip248inf210/lecture_modeling_normalization.html HTTP/1.1"
2447	2024/03/11 13:36:04	"GET /uv248fip248inf210/project_home.html HTTP/1.1"
2447	2024/03/11 13:36:05	"GET /uv248fip248inf210/project_presentation.html HTTP/1.1"
2447	2024/03/11 13:36:10	"GET /uv248fip248inf210/technical_environment_home.html HTTP/1.1"
2447	2024/03/11 13:36:17	"GET /uv248fip248inf210/images/technical_environment/prerequisite_techenv/prerequisite_techenv.html HTTP/1.1"
2447	2024/03/11 13:36:19	"GET /uv248fip248inf210/documentation_rdbms.html HTTP/1.1"
2447	2024/03/11 13:36:36	"GET /uv248fip248inf210/documentation_si.html HTTP/1.1"
2447	2024/03/11 13:37:03	"GET /uv248fip248inf210/practice_postgresql.html HTTP/1.1"
2410	2024/03/11 13:38:38	"GET /uv248fip248inf210/index.html HTTP/1.1"
246	2024/03/11 13:40:13	"GET /uv248fip248inf210/web_architecture_home.html HTTP/1.1"
246	2024/03/11 13:40:16	"GET /uv248fip248inf210/index.html HTTP/1.1"
246	2024/03/11 13:40:35	"GET /uv248fip248inf210/data_home.html HTTP/1.1"
246	2024/03/11 13:40:54	"GET /uv248fip248inf210/lecture_conceptual_modeling.html HTTP/1.1"
246	2024/03/11 13:40:56	"GET /uv248fip248inf210/lecture_normalization.html HTTP/1.1"
241	2024/03/11 13:41:17	"GET /uv248fip248inf210/lecture_modeling_normalization.html HTTP/1.1"
247	2024/03/11 13:41:39	"GET /uv248fip248inf210/lecture_relational_model.html HTTP/1.1"
2427	2024/03/11 13:43:36	"GET /uv248fip248inf210/technical_environment_home.html HTTP/1.1"
2421	2024/03/11 13:43:41	"GET /uv248fip248inf210/data_home.html HTTP/1.1"
2427	2024/03/11 13:43:41	"GET /uv248fip248inf210/web_architecture_home.html HTTP/1.1"
2421	2024/03/11 13:43:47	"GET /uv248fip248inf210/lecture_normalization.html HTTP/1.1"
2427	2024/03/11 13:43:53	"GET /uv248fip248inf210/lecture_normalization.html HTTP/1.1"
2420	2024/03/11 13:43:57	"GET /uv248fip248inf210/data_home.html HTTP/1.1"
2420	2024/03/11 13:44:03	"GET /uv248fip248inf210/lecture_normalization.html HTTP/1.1"
247	2024/03/11 13:48:01	"GET /uv248fip248inf210/lecture_db_integrity.html HTTP/1.1"
247	2024/03/11 13:48:04	"GET /uv248fip248inf210/activity_relational_model.html HTTP/1.1"
247	2024/03/11 13:48:08	"GET /uv248fip248inf210/lecture_modeling_normalization.html HTTP/1.1"
247	2024/03/11 13:48:11	"GET /uv248fip248inf210/lecture_normalization.html HTTP/1.1"
2443	2024/03/11 13:53:29	"GET /uv248fip248inf210/data_home.html HTTP/1.1"
2443	2024/03/11 13:53:35	"GET /uv248fip248inf210/activity_decomposition.html HTTP/1.1"
2443	2024/03/11 13:53:42	"GET /uv248fip248inf210/activity_normalization.html HTTP/1.1"
2443	2024/03/11 13:53:51	"GET /uv248fip248inf210/activity_normalization_correction.html HTTP/1.1"
246	2024/03/11 13:54:51	"GET /uv248fip248inf210/activity_conceptual_modeling.html HTTP/1.1"
246	2024/03/11 13:55:00	"GET /uv248fip248inf210/activity_normalization.html HTTP/1.1"
246	2024/03/11 13:55:07	"GET /uv248fip248inf210/activity_normalization_correction.html HTTP/1.1"
247	2024/03/11 13:56:41	"GET /uv248fip248inf210/lecture_conceptual_modeling.html HTTP/1.1"
247	2024/03/11 13:57:24	"GET /uv248fip248inf210/activity_conceptual_modeling.html HTTP/1.1"
247	2024/03/11 13:58:16	"GET /uv248fip248inf210/activity_normalization.html HTTP/1.1"
247	2024/03/11 13:58:21	"GET /uv248fip248inf210/activity_decomposition.html HTTP/1.1"
2425	2024/03/11 14:07:35	"GET /uv248fip248inf210/index.html HTTP/1.1"
2425	2024/03/11 14:07:39	"GET /uv248fip248inf210/data_home.html HTTP/1.1"
2425	2024/03/11 14:07:44	"GET /uv248fip248inf210/lecture_normalization.html HTTP/1.1"
2425	2024/03/11 14:15:41	"GET /uv248fip248inf210/project_home.html HTTP/1.1"
2425	2024/03/11 14:15:45	"GET /uv248fip248inf210/project_part1.html HTTP/1.1"
2443	2024/03/11 14:15:50	"GET /uv248fip248inf210/lecture_conceptual_modeling.html HTTP/1.1"
2443	2024/03/11 14:16:02	"GET /uv248fip248inf210/lecture_normalization.html HTTP/1.1"
2446	2024/03/11 16:52:57	"GET /uv248fip248inf210/project_specifications.html HTTP/1.1"
2422	2024/03/11 18:44:23	"GET /uv248fip248inf210/index.html HTTP/1.1"
2422	2024/03/11 18:48:25	"GET /uv248fip248inf210/project_home.html HTTP/1.1"
2422	2024/03/11 18:48:32	"GET /uv248fip248inf210/project_specifications.html HTTP/1.1"
2418	2024/03/04 01:51:17	"GET /uv248fip248inf210/project_home.html HTTP/1.1"
2418	2024/03/04 01:51:20	"GET /uv248fip248inf210/project_specifications.html HTTP/1.1"
2418	2024/03/04 01:51:48	"GET /uv248fip248inf210/project_specifications.html HTTP/1.1"
2418	2024/03/04 01:51:57	"GET /uv248fip248inf210/project_specifications.html HTTP/1.1"
2421	2024/03/04 09:13:48	"GET /uv248fip248inf210/project_home.html HTTP/1.1"
2415	2024/03/04 09:13:49	"GET /uv248fip248inf210/project_part3.html HTTP/1.1"
2421	2024/03/04 09:13:50	"GET /uv248fip248inf210/project_part3.html HTTP/1.1"
2415	2024/03/04 09:13:57	"GET /uv248fip248inf210/project_structureui.html HTTP/1.1"
2421	2024/03/04 09:14:17	"GET /uv248fip248inf210/project_structureui.html HTTP/1.1"
2421	2024/03/04 09:17:49	"GET /uv248fip248inf210/project_specifications.html HTTP/1.1"
241	2024/03/04 09:20:30	"GET /uv248fip248inf210/project_home.html HTTP/1.1"
241	2024/03/04 09:20:35	"GET /uv248fip248inf210/project_part3.html HTTP/1.1"
247	2024/03/04 09:25:47	"GET /uv248fip248inf210/activity_normalization_correction.html HTTP/1.1"
247	2024/03/04 09:25:51	"GET /uv248fip248inf210/index.html HTTP/1.1"
247	2024/03/04 09:25:55	"GET /uv248fip248inf210/data_home.html HTTP/1.1"
247	2024/03/04 09:26:45	"GET /uv248fip248inf210/project_home.html HTTP/1.1"
247	2024/03/04 09:26:48	"GET /uv248fip248inf210/project_part3.html HTTP/1.1"
247	2024/03/04 09:27:03	"GET /uv248fip248inf210/project_structureui.html HTTP/1.1"
247	2024/03/04 09:27:13	"GET /uv248fip248inf210/project_part4.html HTTP/1.1"
2412	2024/03/04 09:29:21	"GET /uv248fip248inf210/project_home.html HTTP/1.1"
2412	2024/03/04 09:29:25	"GET /uv248fip248inf210/project_part3.html HTTP/1.1"
2440	2024/03/04 09:29:33	"GET /uv248fip248inf210/technical_environment_home.html HTTP/1.1"
2440	2024/03/04 09:29:38	"GET /uv248fip248inf210/index.html HTTP/1.1"
2440	2024/03/04 09:29:41	"GET /uv248fip248inf210/project_home.html HTTP/1.1"
2440	2024/03/04 09:29:45	"GET /uv248fip248inf210/project_part3.html HTTP/1.1"
2414	2024/03/04 09:31:40	"GET /uv248fip248inf210/technical_environment_home.html HTTP/1.1"
2431	2024/03/04 09:31:47	"GET /uv248fip248inf210/project_home.html HTTP/1.1"
2431	2024/03/04 09:31:55	"GET /uv248fip248inf210/project_part3.html HTTP/1.1"
2414	2024/03/04 09:33:01	"GET /uv248fip248inf210/index.html HTTP/1.1"
2414	2024/03/04 09:33:04	"GET /uv248fip248inf210/project_home.html HTTP/1.1"
2414	2024/03/04 09:33:10	"GET /uv248fip248inf210/project_part3.html HTTP/1.1"
2414	2024/03/04 09:33:18	"GET /uv248fip248inf210/project_part4.html HTTP/1.1"
2426	2024/03/04 09:33:45	"GET /uv248fip248inf210/project_part2.html HTTP/1.1"
2417	2024/03/04 09:34:04	"GET /uv248fip248inf210/project_home.html HTTP/1.1"
2426	2024/03/04 09:34:05	"GET /uv248fip248inf210/project_part3.html HTTP/1.1"
2416	2024/03/04 09:34:11	"GET /uv248fip248inf210/project_home.html HTTP/1.1"
2417	2024/03/04 09:34:12	"GET /uv248fip248inf210/project_part3.html HTTP/1.1"
2416	2024/03/04 09:34:15	"GET /uv248fip248inf210/project_part4.html HTTP/1.1"
2443	2024/03/04 09:34:20	"GET /uv248fip248inf210/index.html HTTP/1.1"
2420	2024/03/04 09:34:41	"GET /uv248fip248inf210/data_home.html HTTP/1.1"
2416	2024/03/04 09:34:41	"GET /uv248fip248inf210/project_part3.html HTTP/1.1"
2420	2024/03/04 09:34:43	"GET /uv248fip248inf210/project_home.html HTTP/1.1"
2420	2024/03/04 09:34:55	"GET /uv248fip248inf210/project_specifications.html HTTP/1.1"
2416	2024/03/04 09:35:19	"GET /uv248fip248inf210/project_structureui.html HTTP/1.1"
2421	2024/03/04 09:36:10	"GET /uv248fip248inf210/project_home.html HTTP/1.1"
2421	2024/03/04 09:36:14	"GET /uv248fip248inf210/project_part3.html HTTP/1.1"
245	2024/03/04 09:36:24	"GET /uv248fip248inf210/project_part2.html HTTP/1.1"
245	2024/03/04 09:37:09	"GET /uv248fip248inf210/project_part3.html HTTP/1.1"
2422	2024/03/04 09:37:13	"GET /uv248fip248inf210/index.html HTTP/1.1"
2422	2024/03/04 09:37:17	"GET /uv248fip248inf210/project_home.html HTTP/1.1"
2422	2024/03/04 09:37:19	"GET /uv248fip248inf210/project_part3.html HTTP/1.1"
2422	2024/03/04 09:37:21	"GET /uv248fip248inf210/project_structureui.html HTTP/1.1"
2429	2024/03/04 09:37:26	"GET /uv248fip248inf210/project_home.html HTTP/1.1"
2444	2024/03/04 09:37:27	"GET /uv248fip248inf210/index.html HTTP/1.1"
2429	2024/03/04 09:37:32	"GET /uv248fip248inf210/project_part3.html HTTP/1.1"
2444	2024/03/04 09:37:36	"GET /uv248fip248inf210/project_home.html HTTP/1.1"
2444	2024/03/04 09:37:39	"GET /uv248fip248inf210/project_part3.html HTTP/1.1"
2447	2024/03/04 09:37:51	"GET /uv248fip248inf210/project_home.html HTTP/1.1"
2429	2024/03/04 09:37:54	"GET /uv248fip248inf210/project_evaluation.html HTTP/1.1"
2447	2024/03/04 09:37:58	"GET /uv248fip248inf210/project_part3.html HTTP/1.1"
2447	2024/03/04 09:37:59	"GET /uv248fip248inf210/project_structureui.html HTTP/1.1"
2444	2024/03/04 09:38:23	"GET /uv248fip248inf210/project_evaluation.html HTTP/1.1"
2446	2024/03/04 09:39:01	"GET /uv248fip248inf210/index.html HTTP/1.1"
2446	2024/03/04 09:39:06	"GET /uv248fip248inf210/project_home.html HTTP/1.1"
2446	2024/03/04 09:39:09	"GET /uv248fip248inf210/project_part3.html HTTP/1.1"
246	2024/03/04 09:39:12	"GET /uv248fip248inf210/project_specifications.html HTTP/1.1"
2421	2024/03/04 09:39:33	"GET /uv248fip248inf210/project_specifications.html HTTP/1.1"
2433	2024/03/04 09:39:57	"GET /uv248fip248inf210/data_home.html HTTP/1.1"
2439	2024/03/04 09:39:58	"GET /uv248fip248inf210/project_home.html HTTP/1.1"
2433	2024/03/04 09:40:02	"GET /uv248fip248inf210/project_home.html HTTP/1.1"
2410	2024/03/04 09:40:03	"GET /uv248fip248inf210/index.html HTTP/1.1"
2433	2024/03/04 09:40:05	"GET /uv248fip248inf210/project_part2.html HTTP/1.1"
2410	2024/03/04 09:40:07	"GET /uv248fip248inf210/project_home.html HTTP/1.1"
2410	2024/03/04 09:40:10	"GET /uv248fip248inf210/project_part3.html HTTP/1.1"
2410	2024/03/04 09:40:18	"GET /uv248fip248inf210/project_specifications.html HTTP/1.1"
2441	2024/03/04 09:40:23	"GET /uv248fip248inf210/project_home.html HTTP/1.1"
2441	2024/03/04 09:40:26	"GET /uv248fip248inf210/project_part3.html HTTP/1.1"
2439	2024/03/04 09:40:26	"GET /uv248fip248inf210/project_part3.html HTTP/1.1"
2433	2024/03/04 09:40:38	"GET /uv248fip248inf210/project_part3.html HTTP/1.1"
2433	2024/03/04 09:40:41	"GET /uv248fip248inf210/project_structureui.html HTTP/1.1"
2449	2024/03/04 09:41:43	"GET /uv248fip248inf210/project_part2.html HTTP/1.1"
2411	2024/03/04 09:42:26	"GET /uv248fip248inf210/project_part3.html HTTP/1.1"
2432	2024/03/04 09:43:06	"GET /uv248fip248inf210/project_home.html HTTP/1.1"
2432	2024/03/04 09:43:08	"GET /uv248fip248inf210/project_part3.html HTTP/1.1"
2432	2024/03/04 09:43:09	"GET /uv248fip248inf210/project_structureui.html HTTP/1.1"
2442	2024/03/04 09:43:15	"GET /uv248fip248inf210/project_home.html HTTP/1.1"
2442	2024/03/04 09:43:19	"GET /uv248fip248inf210/project_part3.html HTTP/1.1"
2445	2024/03/04 09:44:22	"GET /uv248fip248inf210/project_home.html HTTP/1.1"
2445	2024/03/04 09:44:26	"GET /uv248fip248inf210/project_part3.html HTTP/1.1"
247	2024/03/04 09:45:42	"GET /uv248fip248inf210/project_part2.html HTTP/1.1"
2425	2024/03/04 09:46:03	"GET /uv248fip248inf210/practice_docker.html HTTP/1.1"
2425	2024/03/04 09:46:06	"GET /uv248fip248inf210/index.html HTTP/1.1"
2425	2024/03/04 09:46:11	"GET /uv248fip248inf210/project_home.html HTTP/1.1"
2425	2024/03/04 09:46:22	"GET /uv248fip248inf210/project_part3.html HTTP/1.1"
2437	2024/03/04 09:46:23	"GET /uv248fip248inf210/index.html HTTP/1.1"
2437	2024/03/04 09:46:27	"GET /uv248fip248inf210/technical_environment_home.html HTTP/1.1"
2449	2024/03/04 09:46:40	"GET /uv248fip248inf210/project_part3.html HTTP/1.1"
2437	2024/03/04 09:46:52	"GET /uv248fip248inf210/project_home.html HTTP/1.1"
2437	2024/03/04 09:46:55	"GET /uv248fip248inf210/project_part2.html HTTP/1.1"
2414	2024/03/04 09:47:19	"GET /uv248fip248inf210/project_specifications.html HTTP/1.1"
241	2024/03/04 09:48:43	"GET /uv248fip248inf210/project_evaluation.html HTTP/1.1"
247	2024/03/04 09:48:46	"GET /uv248fip248inf210/project_specifications.html HTTP/1.1"
241	2024/03/04 09:48:51	"GET /uv248fip248inf210/project_specifications.html HTTP/1.1"
245	2024/03/04 09:49:36	"GET /uv248fip248inf210/project_specifications.html HTTP/1.1"
2438	2024/03/04 09:50:28	"GET /uv248fip248inf210/project_part4.html HTTP/1.1"
2438	2024/03/04 09:50:32	"GET /uv248fip248inf210/project_part3.html HTTP/1.1"
2438	2024/03/04 09:50:41	"GET /uv248fip248inf210/project_specifications.html HTTP/1.1"
2417	2024/03/04 09:51:05	"GET /uv248fip248inf210/project_structureui.html HTTP/1.1"
2414	2024/03/04 09:52:00	"GET /uv248fip248inf210/project_part3.html HTTP/1.1"
2430	2024/03/04 09:53:24	"GET /uv248fip248inf210/technical_environment_home.html HTTP/1.1"
2430	2024/03/04 09:53:34	"GET /uv248fip248inf210/index.html HTTP/1.1"
2430	2024/03/04 09:54:03	"GET /uv248fip248inf210/web_architecture_home.html HTTP/1.1"
2430	2024/03/04 09:54:09	"GET /uv248fip248inf210/project_home.html HTTP/1.1"
2430	2024/03/04 09:54:15	"GET /uv248fip248inf210/project_part3.html HTTP/1.1"
2430	2024/03/04 09:54:23	"GET /uv248fip248inf210/project_specifications.html HTTP/1.1"
2440	2024/03/04 09:56:15	"GET /uv248fip248inf210/project_specifications.html HTTP/1.1"
2444	2024/03/04 09:56:42	"GET /uv248fip248inf210/project_structureui.html HTTP/1.1"
2436	2024/03/04 09:56:52	"GET /uv248fip248inf210/project_specifications.html HTTP/1.1"
249	2024/03/04 09:56:56	"GET /uv248fip248inf210/project_home.html HTTP/1.1"
249	2024/03/04 09:57:02	"GET /uv248fip248inf210/project_specifications.html HTTP/1.1"
2434	2024/03/04 09:57:21	"GET /uv248fip248inf210/project_specifications.html HTTP/1.1"
2444	2024/03/04 09:57:39	"GET /uv248fip248inf210/project_specifications.html HTTP/1.1"
2442	2024/03/04 09:58:45	"GET /uv248fip248inf210/project_specifications.html HTTP/1.1"
2411	2024/03/04 09:58:52	"GET /uv248fip248inf210/project_specifications.html HTTP/1.1"
2446	2024/03/04 09:59:13	"GET /uv248fip248inf210/project_structureui.html HTTP/1.1"
2411	2024/03/04 09:59:23	"GET /uv248fip248inf210/project_part4.html HTTP/1.1"
2436	2024/03/04 10:00:46	"GET /uv248fip248inf210/project_home.html HTTP/1.1"
2430	2024/03/04 10:03:57	"GET /uv248fip248inf210/project_part2.html HTTP/1.1"
2437	2024/03/04 10:05:40	"GET /uv248fip248inf210/project_part3.html HTTP/1.1"
2432	2024/03/04 10:06:02	"GET /uv248fip248inf210/project_part4.html HTTP/1.1"
2423	2024/03/04 10:09:05	"GET /uv248fip248inf210/project_structureui.html HTTP/1.1"
2411	2024/03/04 10:12:49	"GET /uv248fip248inf210/project_part1.html HTTP/1.1"
2449	2024/03/04 10:13:02	"GET /uv248fip248inf210/project_specifications.html HTTP/1.1"
2449	2024/03/04 10:16:55	"GET /uv248fip248inf210/project_specifications.html HTTP/1.1"
2429	2024/03/04 10:18:46	"GET /uv248fip248inf210/technical_environment_home.html HTTP/1.1"
2429	2024/03/04 10:18:49	"GET /uv248fip248inf210/project_home.html HTTP/1.1"
2429	2024/03/04 10:18:53	"GET /uv248fip248inf210/project_specifications.html HTTP/1.1"
2411	2024/03/04 10:19:37	"GET /uv248fip248inf210/project_part3.html HTTP/1.1"
2410	2024/03/04 10:20:31	"GET /uv248fip248inf210/index.html HTTP/1.1"
2410	2024/03/04 10:20:35	"GET /uv248fip248inf210/web_architecture_home.html HTTP/1.1"
2410	2024/03/04 10:20:44	"GET /uv248fip248inf210/practice_spring_2tiers.html HTTP/1.1"
2410	2024/03/04 10:21:02	"GET /uv248fip248inf210/practice_jpa.html HTTP/1.1"
2410	2024/03/04 10:21:03	"GET /uv248fip248inf210/practice_jpa_advanced.html HTTP/1.1"
2441	2024/03/04 10:21:52	"GET /uv248fip248inf210/project_home.html HTTP/1.1"
2441	2024/03/04 10:21:54	"GET /uv248fip248inf210/project_part3.html HTTP/1.1"
247	2024/03/04 10:22:40	"GET /uv248fip248inf210/web_architecture_home.html HTTP/1.1"
247	2024/03/04 10:22:49	"GET /uv248fip248inf210/practice_spring_2tiers.html HTTP/1.1"
247	2024/03/04 10:23:22	"GET /uv248fip248inf210/practice_spring_2tiers_ext.html HTTP/1.1"
247	2024/03/04 10:23:41	"GET /uv248fip248inf210/lecture_xml.html HTTP/1.1"
247	2024/03/04 10:24:03	"GET /uv248fip248inf210/practice_jpa.html HTTP/1.1"
2415	2024/03/04 10:28:13	"GET /uv248fip248inf210/project_part3.html HTTP/1.1"
2423	2024/03/04 10:33:53	"GET /uv248fip248inf210/project_part3.html HTTP/1.1"
2441	2024/03/04 10:36:13	"GET /uv248fip248inf210/project_structureui.html HTTP/1.1"
2410	2024/03/04 11:03:41	"GET /uv248fip248inf210/project_part1.html HTTP/1.1"
2443	2024/03/04 11:15:38	"GET /uv248fip248inf210/data_home.html HTTP/1.1"
2443	2024/03/04 11:15:42	"GET /uv248fip248inf210/project_home.html HTTP/1.1"
2441	2024/03/04 11:22:51	"GET /uv248fip248inf210/project_task_time.html HTTP/1.1"
2441	2024/03/04 11:22:59	"GET /uv248fip248inf210/project_evaluation.html HTTP/1.1"
2449	2024/03/04 11:30:31	"GET /uv248fip248inf210/index.html HTTP/1.1"
2449	2024/03/04 11:30:36	"GET /uv248fip248inf210/web_architecture_home.html HTTP/1.1"
2449	2024/03/04 11:30:49	"GET /uv248fip248inf210/practice_jpa_advanced.html HTTP/1.1"
2449	2024/03/04 11:31:48	"GET /uv248fip248inf210/practice_jpa.html HTTP/1.1"
2436	2024/03/04 11:56:18	"GET /uv248fip248inf210/project_specifications.html HTTP/1.1"
246	2024/03/04 12:44:06	"GET /uv248fip248inf210/project_home.html HTTP/1.1"
245	2024/03/04 13:14:47	"GET /uv248fip248inf210/project_specifications.html HTTP/1.1"
2422	2024/03/04 13:56:58	"GET /uv248fip248inf210/project_specifications.html HTTP/1.1"
2434	2024/03/04 14:09:54	"GET /uv248fip248inf210/project_part3.html HTTP/1.1"
2421	2024/03/04 14:47:20	"GET /uv248fip248inf210/web_architecture_home.html HTTP/1.1"
2421	2024/03/04 14:47:30	"GET /uv248fip248inf210/practice_spring_2tiers.html HTTP/1.1"
2421	2024/03/04 14:47:37	"GET /uv248fip248inf210/practice_spring_2tiers_ext.html HTTP/1.1"
2421	2024/03/04 14:48:00	"GET /uv248fip248inf210/lecture_software_architecture.html HTTP/1.1"
2421	2024/03/04 14:48:13	"GET /uv248fip248inf210/practice_jpa.html HTTP/1.1"
2418	2024/03/04 16:17:33	"GET /uv248fip248inf210/project_specifications.html HTTP/1.1"
2418	2024/03/04 16:17:36	"GET /uv248fip248inf210/project_part2.html HTTP/1.1"
2418	2024/03/04 16:17:43	"GET /uv248fip248inf210/project_part1.html HTTP/1.1"
2434	2024/03/04 17:03:33	"GET /uv248fip248inf210/project_specifications.html HTTP/1.1"
2425	2024/09/12 17:08:50	"GET /uv248fip248inf210/practice_docker.html HTTP/1.1"
2425	2024/09/12 17:09:25	"GET /uv248fip248inf210/index.html HTTP/1.1"
2425	2024/09/12 17:09:29	"GET /uv248fip248inf210/web_architecture_home.html HTTP/1.1"
2425	2024/09/12 17:09:34	"GET /uv248fip248inf210/practice_spring_2tiers.html HTTP/1.1"
2434	2024/03/03 01:40:09	"GET /uv248fip248inf210/project_specifications.html HTTP/1.1"
2439	2024/03/03 11:43:10	"GET /uv248fip248inf210/project_home.html HTTP/1.1"
2439	2024/03/03 11:43:24	"GET /uv248fip248inf210/project_part4.html HTTP/1.1"
2439	2024/03/03 11:43:30	"GET /uv248fip248inf210/project_part3.html HTTP/1.1"
246	2024/03/03 12:33:37	"GET /uv248fip248inf210/project_home.html HTTP/1.1"
246	2024/03/03 12:33:57	"GET /uv248fip248inf210/project_specifications.html HTTP/1.1"
2432	2024/03/03 13:49:32	"GET /uv248fip248inf210/data_home.html HTTP/1.1"
2432	2024/03/03 13:49:36	"GET /uv248fip248inf210/lecture_relational_model.html HTTP/1.1"
2432	2024/03/03 13:49:39	"GET /uv248fip248inf210/activity_relational_model.html HTTP/1.1"
2432	2024/03/03 13:49:46	"GET /uv248fip248inf210/activity_conceptual_modeling.html HTTP/1.1"
2432	2024/03/03 13:50:13	"GET /uv248fip248inf210/activity_conceptual_modeling_correction.html HTTP/1.1"
2432	2024/03/03 13:50:38	"GET /uv248fip248inf210/activity_conceptual_modeling_advanced.html HTTP/1.1"
2432	2024/03/03 13:50:40	"GET /uv248fip248inf210/activity_normalization.html HTTP/1.1"
2432	2024/03/03 13:50:51	"GET /uv248fip248inf210/practice_sql.html HTTP/1.1"
2432	2024/03/03 14:49:11	"GET /uv248fip248inf210/index.html HTTP/1.1"
2432	2024/03/03 14:49:15	"GET /uv248fip248inf210/web_architecture_home.html HTTP/1.1"
2432	2024/03/03 14:49:18	"GET /uv248fip248inf210/lecture_technical_architecture.html HTTP/1.1"
2432	2024/03/03 14:49:23	"GET /uv248fip248inf210/lecture_software_architecture.html HTTP/1.1"
2432	2024/03/03 14:49:25	"GET /uv248fip248inf210/lecture_jpa.html HTTP/1.1"
2432	2024/03/03 14:49:26	"GET /uv248fip248inf210/practice_jpa.html HTTP/1.1"
2432	2024/03/03 14:50:11	"GET /uv248fip248inf210/practice_jpa_advanced.html HTTP/1.1"
2438	2024/03/03 14:53:36	"GET /uv248fip248inf210/project_part2.html HTTP/1.1"
2438	2024/03/03 14:53:45	"GET /uv248fip248inf210/project_part3.html HTTP/1.1"
2438	2024/03/03 14:53:46	"GET /uv248fip248inf210/project_structureui.html HTTP/1.1"
2432	2024/03/03 14:57:59	"GET /uv248fip248inf210/technical_environment_home.html HTTP/1.1"
2432	2024/03/03 14:58:01	"GET /uv248fip248inf210/documentation_docker.html HTTP/1.1"
2432	2024/03/03 14:58:22	"GET /uv248fip248inf210/documentation_si.html HTTP/1.1"
2432	2024/03/03 14:58:26	"GET /uv248fip248inf210/practice_postgresql.html HTTP/1.1"
2432	2024/03/03 14:58:30	"GET /uv248fip248inf210/documentation_rdbms.html HTTP/1.1"
2432	2024/03/03 15:00:52	"GET /uv248fip248inf210/practice_docker.html HTTP/1.1"
2432	2024/03/03 15:11:03	"GET /uv248fip248inf210/index.html HTTP/1.1"
2432	2024/03/03 15:11:07	"GET /uv248fip248inf210/project_home.html HTTP/1.1"
2432	2024/03/03 15:11:09	"GET /uv248fip248inf210/project_part1.html HTTP/1.1"
2432	2024/03/03 15:13:11	"GET /uv248fip248inf210/project_part2.html HTTP/1.1"
2432	2024/03/03 15:14:00	"GET /uv248fip248inf210/data_home.html HTTP/1.1"
2432	2024/03/03 15:14:03	"GET /uv248fip248inf210/practice_sql.html HTTP/1.1"
2432	2024/03/03 15:14:06	"GET /uv248fip248inf210/activity_sql.html HTTP/1.1"
2432	2024/03/03 15:14:14	"GET /uv248fip248inf210/lecture_relational_model.html HTTP/1.1"
2432	2024/03/03 15:14:19	"GET /uv248fip248inf210/activity_conceptual_modeling.html HTTP/1.1"
2432	2024/03/03 15:15:21	"GET /uv248fip248inf210/technical_environment_home.html HTTP/1.1"
2438	2024/03/03 15:38:15	"GET /uv248fip248inf210/project_specifications.html HTTP/1.1"
2438	2024/03/03 16:11:07	"GET /uv248fip248inf210/project_part4.html HTTP/1.1"
2449	2024/03/03 22:15:42	"GET /uv248fip248inf210/project_part2.html HTTP/1.1"
2449	2024/03/03 22:15:42	"GET /uv248fip248inf210/project_part2.html HTTP/1.1"
2418	2024/03/03 23:23:03	"GET /uv248fip248inf210/project_home.html HTTP/1.1"
2418	2024/03/03 23:23:06	"GET /uv248fip248inf210/project_specifications.html HTTP/1.1"
2430	2024/11/21 14:18:48	"GET /uv248fip248inf210/technical_environment_home.html HTTP/1.1"
2430	2024/11/21 14:18:58	"GET /uv248fip248inf210/documentation_programming.html HTTP/1.1"
2430	2024/11/21 14:18:59	"GET /uv248fip248inf210/spring_bean.html HTTP/1.1"
2430	2024/11/21 14:19:25	"GET /uv248fip248inf210/index.html HTTP/1.1"
2430	2024/11/21 14:19:29	"GET /uv248fip248inf210/data_home.html HTTP/1.1"
2430	2024/11/21 14:19:43	"GET /uv248fip248inf210/project_home.html HTTP/1.1"
2430	2024/11/21 14:19:46	"GET /uv248fip248inf210/project_part1.html HTTP/1.1"
2430	2024/11/21 14:19:51	"GET /uv248fip248inf210/project_part2.html HTTP/1.1"
246	2024/02/08 09:56:44	"GET /uv248fip248inf210/project_home.html HTTP/1.1"
246	2024/02/08 09:56:49	"GET /uv248fip248inf210/project_part1.html HTTP/1.1"
246	2024/02/08 09:56:51	"GET /uv248fip248inf210/project_presentation.html HTTP/1.1"
246	2024/02/08 09:56:53	"GET /uv248fip248inf210/project_evaluation.html HTTP/1.1"
246	2024/02/08 09:57:35	"GET /uv248fip248inf210/project_specifications.html HTTP/1.1"
246	2024/02/08 10:05:11	"GET /uv248fip248inf210/project_task_time.html HTTP/1.1"
2411	2024/04/25 15:36:13	"GET /uv248fip248inf210/data_home.html HTTP/1.1"
2411	2024/04/25 15:36:17	"GET /uv248fip248inf210/technical_environment_home.html HTTP/1.1"
2411	2024/04/25 15:36:20	"GET /uv248fip248inf210/web_architecture_home.html HTTP/1.1"
2411	2024/04/25 15:36:25	"GET /uv248fip248inf210/project_home.html HTTP/1.1"
2411	2024/04/25 15:36:31	"GET /uv248fip248inf210/project_specifications.html HTTP/1.1"
241	2024/01/27 15:29:30	"GET /uv248fip248inf210/lecture_modeling_normalization.html HTTP/1.1"
2410	2024/02/17 14:09:43	"GET /uv248fip248inf210/project_home.html HTTP/1.1"
2410	2024/02/17 14:09:46	"GET /uv248fip248inf210/project_part1.html HTTP/1.1"
241	2024/02/17 14:10:11	"GET /uv248fip248inf210/project_home.html HTTP/1.1"
241	2024/02/17 14:10:14	"GET /uv248fip248inf210/project_part1.html HTTP/1.1"
241	2024/02/17 14:19:47	"GET /uv248fip248inf210/index.html HTTP/1.1"
241	2024/02/17 14:19:50	"GET /uv248fip248inf210/data_home.html HTTP/1.1"
241	2024/02/17 14:19:58	"GET /uv248fip248inf210/activity_normalization.html HTTP/1.1"
241	2024/02/17 14:20:10	"GET /uv248fip248inf210/lecture_independence_views.html HTTP/1.1"
241	2024/02/17 14:20:10	"GET /uv248fip248inf210/lecture_normalization.html HTTP/1.1"
241	2024/02/17 14:20:12	"GET /uv248fip248inf210/lecture_conceptual_modeling.html HTTP/1.1"
2410	2024/02/17 14:34:01	"GET /uv248fip248inf210/project_specifications.html HTTP/1.1"
2410	2024/02/17 17:09:27	"GET /uv248fip248inf210/index.html HTTP/1.1"
2410	2024/02/17 17:09:31	"GET /uv248fip248inf210/technical_environment_home.html HTTP/1.1"
2410	2024/02/17 17:09:34	"GET /uv248fip248inf210/index.html HTTP/1.1"
2410	2024/02/17 17:09:54	"GET /uv248fip248inf210/images/technical_environment/prerequisite_techenv/prerequisite_techenv.html HTTP/1.1"
2410	2024/02/17 17:09:56	"GET /uv248fip248inf210/practice_docker.html HTTP/1.1"
2410	2024/02/17 17:10:08	"GET /uv248fip248inf210/practice_postgresql.html HTTP/1.1"
247	2024/02/17 17:24:29	"GET /uv248fip248inf210/activity_normalization_correction.html HTTP/1.1"
247	2024/02/17 17:24:34	"GET /uv248fip248inf210/index.html HTTP/1.1"
247	2024/02/17 17:24:37	"GET /uv248fip248inf210/project_home.html HTTP/1.1"
247	2024/02/17 17:24:39	"GET /uv248fip248inf210/project_part1.html HTTP/1.1"
247	2024/02/17 17:45:53	"GET /uv248fip248inf210/data_home.html HTTP/1.1"
247	2024/02/17 17:45:58	"GET /uv248fip248inf210/lecture_conceptual_modeling.html HTTP/1.1"
247	2024/02/17 17:48:36	"GET /uv248fip248inf210/lecture_normalization.html HTTP/1.1"
247	2024/02/17 17:48:43	"GET /uv248fip248inf210/activity_conceptual_modeling.html HTTP/1.1"
247	2024/02/17 17:48:48	"GET /uv248fip248inf210/activity_normalization.html HTTP/1.1"
247	2024/02/17 17:48:55	"GET /uv248fip248inf210/activity_decomposition.html HTTP/1.1"
247	2024/02/17 17:49:01	"GET /uv248fip248inf210/lecture_relational_model.html HTTP/1.1"
247	2024/02/17 17:49:05	"GET /uv248fip248inf210/lecture_db_integrity.html HTTP/1.1"
247	2024/02/17 17:49:10	"GET /uv248fip248inf210/activity_relational_model.html HTTP/1.1"
247	2024/02/17 17:51:05	"GET /uv248fip248inf210/lecture_modeling_normalization.html HTTP/1.1"
247	2024/02/17 18:52:26	"GET /uv248fip248inf210/activity_conceptual_modeling_advanced.html HTTP/1.1"
247	2024/02/17 18:52:29	"GET /uv248fip248inf210/activity_conceptual_modeling_advanced_correction.html HTTP/1.1"
247	2024/02/17 18:52:45	"GET /uv248fip248inf210/activity_sql.html HTTP/1.1"
247	2024/02/17 20:58:36	"GET /uv248fip248inf210/practice_sql.html HTTP/1.1"
247	2024/02/17 20:58:48	"GET /uv248fip248inf210/practice_independence_views.html HTTP/1.1"
2417	2024/02/02 11:21:05	"GET /uv248fip248inf210/data_home.html HTTP/1.1"
2417	2024/02/02 11:21:08	"GET /uv248fip248inf210/images/data/prerequisite_data/prerequisite_data.html HTTP/1.1"
2417	2024/02/02 11:21:16	"GET /uv248fip248inf210/lecture_conceptual_modeling.html HTTP/1.1"
241	2024/02/02 14:26:59	"GET /uv248fip248inf210/web_architecture_home.html HTTP/1.1"
241	2024/02/02 14:27:03	"GET /uv248fip248inf210/lecture_technical_architecture.html HTTP/1.1"
241	2024/02/02 14:27:56	"GET /uv248fip248inf210/lecture_software_architecture.html HTTP/1.1"
241	2024/02/02 14:31:10	"GET /uv248fip248inf210/lecture_mvc_spring.html HTTP/1.1"
2432	2024/02/02 16:16:01	"GET /uv248fip248inf210/web_architecture_home.html HTTP/1.1"
2432	2024/02/02 16:16:26	"GET /uv248fip248inf210/index.html HTTP/1.1"
2432	2024/02/02 16:20:14	"GET /uv248fip248inf210/images/web_architecture/prerequisite_archiweb/prerequisite_archiweb.html HTTP/1.1"
2435	2024/02/02 17:22:58	"GET /uv248fip248inf210/data_home.html HTTP/1.1"
2435	2024/02/02 17:27:34	"GET /uv248fip248inf210/practice_sql.html HTTP/1.1"
2435	2024/02/02 17:32:44	"GET /uv248fip248inf210/practice_sql_correction.html HTTP/1.1"
2435	2024/02/02 17:36:14	"GET /uv248fip248inf210/activity_sql.html HTTP/1.1"
247	2024/02/02 18:13:26	"GET /uv248fip248inf210/web_architecture_home.html HTTP/1.1"
247	2024/02/02 18:13:30	"GET /uv248fip248inf210/lecture_technical_architecture.html HTTP/1.1"
247	2024/02/02 18:13:34	"GET /uv248fip248inf210/lecture_software_architecture.html HTTP/1.1"
241	2024/03/01 08:51:28	"GET /uv248fip248inf210/project_home.html HTTP/1.1"
241	2024/03/01 08:51:31	"GET /uv248fip248inf210/project_part3.html HTTP/1.1"
2438	2024/03/01 09:47:12	"GET /uv248fip248inf210/project_part4.html HTTP/1.1"
2438	2024/03/01 09:47:34	"GET /uv248fip248inf210/project_structureui.html HTTP/1.1"
2438	2024/03/01 09:47:40	"GET /uv248fip248inf210/project_part3.html HTTP/1.1"
2438	2024/03/01 09:54:16	"GET /uv248fip248inf210/project_specifications.html HTTP/1.1"
2410	2024/03/01 09:59:14	"GET /uv248fip248inf210/project_home.html HTTP/1.1"
2410	2024/03/01 09:59:23	"GET /uv248fip248inf210/project_part3.html HTTP/1.1"
2410	2024/03/01 10:23:45	"GET /uv248fip248inf210/project_part1.html HTTP/1.1"
2411	2024/03/01 12:34:06	"GET /uv248fip248inf210/project_part2.html HTTP/1.1"
2411	2024/03/01 12:34:11	"GET /uv248fip248inf210/project_specifications.html HTTP/1.1"
2411	2024/03/01 12:34:52	"GET /uv248fip248inf210/project_part2.html HTTP/1.1"
2411	2024/03/01 12:45:36	"GET /uv248fip248inf210/project_part1.html HTTP/1.1"
2441	2024/03/01 14:49:11	"GET /uv248fip248inf210/project_home.html HTTP/1.1"
2441	2024/03/01 14:49:19	"GET /uv248fip248inf210/project_part2.html HTTP/1.1"
2441	2024/03/01 15:09:22	"GET /uv248fip248inf210/project_task_time.html HTTP/1.1"
2441	2024/03/01 15:09:29	"GET /uv248fip248inf210/project_evaluation.html HTTP/1.1"
2430	2024/03/01 15:38:26	"GET /uv248fip248inf210/project_specifications.html HTTP/1.1"
2430	2024/03/01 15:47:52	"GET /uv248fip248inf210/project_part2.html HTTP/1.1"
2422	2024/03/01 15:47:58	"GET /uv248fip248inf210/index.html HTTP/1.1"
2429	2024/03/01 16:31:03	"GET /uv248fip248inf210/project_home.html HTTP/1.1"
2429	2024/03/01 16:31:42	"GET /uv248fip248inf210/project_part2.html HTTP/1.1"
2422	2024/03/01 16:43:58	"GET /uv248fip248inf210/project_home.html HTTP/1.1"
2422	2024/03/01 16:44:02	"GET /uv248fip248inf210/project_structureui.html HTTP/1.1"
2422	2024/03/01 16:44:07	"GET /uv248fip248inf210/project_part3.html HTTP/1.1"
2422	2024/03/01 16:44:40	"GET /uv248fip248inf210/project_specifications.html HTTP/1.1"
2415	2024/03/01 17:54:54	"GET /uv248fip248inf210/project_home.html HTTP/1.1"
2415	2024/03/01 17:54:58	"GET /uv248fip248inf210/project_specifications.html HTTP/1.1"
2415	2024/03/01 18:32:08	"GET /uv248fip248inf210/project_specifications.html HTTP/1.1"
2439	2024/03/01 21:53:30	"GET /uv248fip248inf210/project_home.html HTTP/1.1"
2439	2024/03/01 21:53:35	"GET /uv248fip248inf210/project_part2.html HTTP/1.1"
2415	2024/03/01 22:00:54	"GET /uv248fip248inf210/project_part4.html HTTP/1.1"
2415	2024/03/01 22:01:00	"GET /uv248fip248inf210/project_part3.html HTTP/1.1"
246	2024/03/01 22:09:26	"GET /uv248fip248inf210/data_home.html HTTP/1.1"
246	2024/03/01 22:09:28	"GET /uv248fip248inf210/index.html HTTP/1.1"
246	2024/03/01 22:09:31	"GET /uv248fip248inf210/project_home.html HTTP/1.1"
246	2024/03/01 22:09:36	"GET /uv248fip248inf210/project_part2.html HTTP/1.1"
249	2024/03/01 22:12:55	"GET /uv248fip248inf210/project_home.html HTTP/1.1"
249	2024/03/01 22:12:56	"GET /uv248fip248inf210/project_evaluation.html HTTP/1.1"
2439	2024/03/01 23:18:36	"GET /uv248fip248inf210/data_home.html HTTP/1.1"
2439	2024/03/01 23:18:38	"GET /uv248fip248inf210/index.html HTTP/1.1"
2439	2024/03/01 23:18:39	"GET /uv248fip248inf210/project_home.html HTTP/1.1"
2439	2024/03/01 23:18:42	"GET /uv248fip248inf210/project_part2.html HTTP/1.1"
2439	2024/03/01 23:53:35	"GET /uv248fip248inf210/project_part3.html HTTP/1.1"
2429	2024/09/10 09:23:41	"GET /uv248fip248inf210/technical_environment_home.html HTTP/1.1"
2429	2024/09/10 09:23:52	"GET /uv248fip248inf210/practice_docker.html HTTP/1.1"
2429	2024/09/10 09:24:02	"GET /uv248fip248inf210/documentation_rdbms.html HTTP/1.1"
2446	2024/01/30 15:20:38	"GET /uv248fip248inf210/data_home.html HTTP/1.1"
2446	2024/01/30 15:20:40	"GET /uv248fip248inf210/images/data/prerequisite_data/prerequisite_data.html HTTP/1.1"
2446	2024/01/30 15:20:42	"GET /uv248fip248inf210/activity_conceptual_modeling.html HTTP/1.1"
2417	2024/01/30 15:21:04	"GET /uv248fip248inf210/practice_spring_2tiers.html HTTP/1.1"
2440	2024/01/30 15:21:27	"GET /uv248fip248inf210/web_architecture_home.html HTTP/1.1"
2425	2024/01/30 15:22:32	"GET /uv248fip248inf210/images/web_architecture/prerequisite_archiweb/prerequisite_archiweb.html HTTP/1.1"
2425	2024/01/30 15:22:38	"GET /uv248fip248inf210/practice_jpa.html HTTP/1.1"
2411	2024/01/30 15:24:09	"GET /uv248fip248inf210/images/web_architecture/prerequisite_archiweb/prerequisite_archiweb.html HTTP/1.1"
2418	2024/01/30 15:24:10	"GET /uv248fip248inf210/data_home.html HTTP/1.1"
2411	2024/01/30 15:24:11	"GET /uv248fip248inf210/lecture_jpa.html HTTP/1.1"
2410	2024/01/30 15:29:01	"GET /uv248fip248inf210/index.html HTTP/1.1"
2410	2024/01/30 15:29:08	"GET /uv248fip248inf210/index.html HTTP/1.1"
2420	2024/01/30 15:29:38	"GET /uv248fip248inf210/web_architecture_home.html HTTP/1.1"
2420	2024/01/30 15:29:52	"GET /uv248fip248inf210/activity_conceptual_modeling.html HTTP/1.1"
2410	2024/01/30 15:30:01	"GET /uv248fip248inf210/data_home.html HTTP/1.1"
247	2024/01/30 15:30:05	"GET /uv248fip248inf210/lecture_software_architecture.html HTTP/1.1"
2410	2024/01/30 15:30:09	"GET /uv248fip248inf210/activity_conceptual_modeling.html HTTP/1.1"
2411	2024/01/30 15:30:12	"GET /uv248fip248inf210/practice_jpa.html HTTP/1.1"
2416	2024/01/30 15:31:51	"GET /uv248fip248inf210/index.html HTTP/1.1"
2416	2024/01/30 15:31:59	"GET /uv248fip248inf210/data_home.html HTTP/1.1"
2416	2024/01/30 15:32:01	"GET /uv248fip248inf210/images/data/prerequisite_data/prerequisite_data.html HTTP/1.1"
2416	2024/01/30 15:32:07	"GET /uv248fip248inf210/activity_normalization.html HTTP/1.1"
2416	2024/01/30 15:32:22	"GET /uv248fip248inf210/activity_conceptual_modeling.html HTTP/1.1"
241	2024/01/30 15:32:51	"GET /uv248fip248inf210/activity_decomposition.html HTTP/1.1"
2431	2024/01/30 15:34:29	"GET /uv248fip248inf210/data_home.html HTTP/1.1"
2431	2024/01/30 15:34:31	"GET /uv248fip248inf210/activity_conceptual_modeling.html HTTP/1.1"
2411	2024/01/30 15:36:42	"GET /uv248fip248inf210/lecture_mvc_spring.html HTTP/1.1"
2440	2024/01/30 15:40:53	"GET /uv248fip248inf210/index.html HTTP/1.1"
2440	2024/01/30 15:41:03	"GET /uv248fip248inf210/data_home.html HTTP/1.1"
2440	2024/01/30 15:45:40	"GET /uv248fip248inf210/images/data/prerequisite_data/prerequisite_data.html HTTP/1.1"
2440	2024/01/30 15:46:28	"GET /uv248fip248inf210/activity_decomposition.html HTTP/1.1"
2411	2024/01/30 15:54:48	"GET /uv248fip248inf210/lecture_conceptual_modeling.html HTTP/1.1"
2430	2024/01/30 15:56:34	"GET /uv248fip248inf210/practice_postgresql.html HTTP/1.1"
2430	2024/01/30 15:56:43	"GET /uv248fip248inf210/activity_conceptual_modeling.html HTTP/1.1"
2430	2024/01/30 15:57:05	"GET /uv248fip248inf210/activity_conceptual_modeling_advanced.html HTTP/1.1"
241	2024/01/30 16:01:32	"GET /uv248fip248inf210/activity_conceptual_modeling_correction.html HTTP/1.1"
2440	2024/01/30 16:06:22	"GET /uv248fip248inf210/images/web_architecture/prerequisite_archiweb/prerequisite_archiweb.html HTTP/1.1"
2440	2024/01/30 16:06:25	"GET /uv248fip248inf210/data_home.html HTTP/1.1"
241	2024/01/30 16:09:20	"GET /uv248fip248inf210/activity_normalization.html HTTP/1.1"
2446	2024/01/30 16:12:30	"GET /uv248fip248inf210/activity_normalization.html HTTP/1.1"
2417	2024/01/30 16:12:58	"GET /uv248fip248inf210/activity_conceptual_modeling.html HTTP/1.1"
2417	2024/01/30 16:13:03	"GET /uv248fip248inf210/activity_normalization.html HTTP/1.1"
2438	2024/01/30 16:16:38	"GET /uv248fip248inf210/index.html HTTP/1.1"
2438	2024/01/30 16:16:40	"GET /uv248fip248inf210/data_home.html HTTP/1.1"
2438	2024/01/30 16:16:42	"GET /uv248fip248inf210/images/data/prerequisite_data/prerequisite_data.html HTTP/1.1"
241	2024/01/30 16:17:01	"GET /uv248fip248inf210/activity_normalization_correction.html HTTP/1.1"
2436	2024/01/30 16:18:48	"GET /uv248fip248inf210/index.html HTTP/1.1"
2440	2024/01/30 16:24:01	"GET /uv248fip248inf210/activity_decomposition_correction.html HTTP/1.1"
2430	2024/01/30 18:11:41	"GET /uv248fip248inf210/activity_conceptual_modeling_advanced.html HTTP/1.1"
2436	2024/01/25 14:27:49	"GET /uv248fip248inf210/images/data/prerequisite_data/prerequisite_data.html HTTP/1.1"
2436	2024/01/25 14:28:21	"GET /uv248fip248inf210/lecture_modeling_normalization.html HTTP/1.1"
2436	2024/01/25 14:46:08	"GET /uv248fip248inf210/index.html HTTP/1.1"
2436	2024/01/25 14:46:11	"GET /uv248fip248inf210/web_architecture_home.html HTTP/1.1"
2436	2024/01/25 15:07:20	"GET /uv248fip248inf210/lecture_conceptual_modeling.html HTTP/1.1"
2436	2024/01/25 15:24:02	"GET /uv248fip248inf210/lecture_normalization.html HTTP/1.1"
2436	2024/01/25 15:24:23	"GET /uv248fip248inf210/data_home.html HTTP/1.1"
2436	2024/01/25 15:24:25	"GET /uv248fip248inf210/images/data/prerequisite_data/prerequisite_data.html HTTP/1.1"
2436	2024/01/25 15:24:26	"GET /uv248fip248inf210/activity_conceptual_modeling.html HTTP/1.1"
2436	2024/01/25 15:37:06	"GET /uv248fip248inf210/activity_decomposition.html HTTP/1.1"
2436	2024/01/25 15:44:04	"GET /uv248fip248inf210/lecture_modeling_normalization.html HTTP/1.1"
2436	2024/01/25 15:44:08	"GET /uv248fip248inf210/activity_sql.html HTTP/1.1"
2436	2024/01/25 15:49:42	"GET /uv248fip248inf210/practice_sql.html HTTP/1.1"
2436	2024/01/25 16:41:26	"GET /uv248fip248inf210/practice_sql_correction.html HTTP/1.1"
2436	2024/01/25 16:46:26	"GET /uv248fip248inf210/lecture_transaction.html HTTP/1.1"
2429	2024/09/18 09:21:28	"GET /uv248fip248inf210/lecture_dto.html HTTP/1.1"
2429	2024/09/18 09:21:30	"GET /uv248fip248inf210/lecture_xml.html HTTP/1.1"
2429	2024/09/18 09:21:32	"GET /uv248fip248inf210/lecture_validity.html HTTP/1.1"
2429	2024/09/18 09:21:34	"GET /uv248fip248inf210/practice_xml.html HTTP/1.1"
2429	2024/09/18 09:21:39	"GET /uv248fip248inf210/lecture_json.html HTTP/1.1"
2429	2024/09/18 09:21:42	"GET /uv248fip248inf210/lecture_mvc_spring.html HTTP/1.1"
2429	2024/09/18 09:21:52	"GET /uv248fip248inf210/lecture_technical_architecture.html HTTP/1.1"
2429	2024/09/18 09:21:53	"GET /uv248fip248inf210/index.html HTTP/1.1"
2429	2024/09/18 09:21:57	"GET /uv248fip248inf210/data_home.html HTTP/1.1"
2429	2024/09/18 09:22:00	"GET /uv248fip248inf210/lecture_relational_model.html HTTP/1.1"
2429	2024/09/18 09:23:31	"GET /uv248fip248inf210/lecture_modeling_normalization.html HTTP/1.1"
2429	2024/09/18 09:23:36	"GET /uv248fip248inf210/lecture_conceptual_modeling.html HTTP/1.1"
2429	2024/09/18 09:28:21	"GET /uv248fip248inf210/lecture_normalization.html HTTP/1.1"
2429	2024/09/18 09:33:47	"GET /uv248fip248inf210/activity_conceptual_modeling.html HTTP/1.1"
2429	2024/09/18 09:36:31	"GET /uv248fip248inf210/lecture_normalization.html HTTP/1.1"
2429	2024/09/18 09:38:33	"GET /uv248fip248inf210/index.html HTTP/1.1"
2429	2024/09/18 09:38:37	"GET /uv248fip248inf210/web_architecture_home.html HTTP/1.1"
2429	2024/09/18 09:38:45	"GET /uv248fip248inf210/lecture_json.html HTTP/1.1"
2429	2024/09/18 09:41:56	"GET /uv248fip248inf210/index.html HTTP/1.1"
2429	2024/09/18 09:41:59	"GET /uv248fip248inf210/data_home.html HTTP/1.1"
2429	2024/09/18 09:42:05	"GET /uv248fip248inf210/activity_conceptual_modeling.html HTTP/1.1"
2429	2024/09/18 09:42:06	"GET /uv248fip248inf210/lecture_normalization.html HTTP/1.1"
2429	2024/09/18 09:42:11	"GET /uv248fip248inf210/lecture_conceptual_modeling.html HTTP/1.1"
2425	2024/09/18 10:24:12	"GET /uv248fip248inf210/data_home.html HTTP/1.1"
2425	2024/09/18 10:32:30	"GET /uv248fip248inf210/lecture_normalization.html HTTP/1.1"
2425	2024/09/18 10:33:49	"GET /uv248fip248inf210/lecture_independence_views.html HTTP/1.1"
2425	2024/09/18 10:33:51	"GET /uv248fip248inf210/activity_conceptual_modeling.html HTTP/1.1"
2425	2024/09/18 10:33:54	"GET /uv248fip248inf210/activity_normalization.html HTTP/1.1"
2425	2024/09/18 10:39:45	"GET /uv248fip248inf210/activity_normalization_correction.html HTTP/1.1"
2429	2024/09/18 17:04:45	"GET /uv248fip248inf210/activity_normalization.html HTTP/1.1"
2429	2024/09/18 17:07:37	"GET /uv248fip248inf210/activity_sql.html HTTP/1.1"
2429	2024/09/18 17:14:19	"GET /uv248fip248inf210/practice_sql.html HTTP/1.1"
2429	2024/09/18 17:15:53	"GET /uv248fip248inf210/index.html HTTP/1.1"
2429	2024/09/18 17:15:55	"GET /uv248fip248inf210/web_architecture_home.html HTTP/1.1"
2429	2024/09/18 17:16:01	"GET /uv248fip248inf210/lecture_mvc_spring.html HTTP/1.1"
2429	2024/09/18 17:39:26	"GET /uv248fip248inf210/lecture_technical_architecture.html HTTP/1.1"
2437	2024/03/09 11:08:05	"GET /uv248fip248inf210/index.html HTTP/1.1"
2437	2024/03/09 11:08:10	"GET /uv248fip248inf210/technical_environment_home.html HTTP/1.1"
2437	2024/03/09 11:08:13	"GET /uv248fip248inf210/web_architecture_home.html HTTP/1.1"
2437	2024/03/09 11:08:23	"GET /uv248fip248inf210/practice_spring_2tiers.html HTTP/1.1"
2445	2024/03/09 13:36:41	"GET /uv248fip248inf210/project_home.html HTTP/1.1"
2445	2024/03/09 13:36:44	"GET /uv248fip248inf210/project_part1.html HTTP/1.1"
2445	2024/03/09 13:39:06	"GET /uv248fip248inf210/project_home.html HTTP/1.1"
2445	2024/03/09 13:39:10	"GET /uv248fip248inf210/project_part1.html HTTP/1.1"
2433	2024/03/09 13:57:49	"GET /uv248fip248inf210/project_home.html HTTP/1.1"
2433	2024/03/09 13:57:57	"GET /uv248fip248inf210/project_specifications.html HTTP/1.1"
2433	2024/03/09 13:58:05	"GET /uv248fip248inf210/project_part1.html HTTP/1.1"
2425	2024/03/09 14:26:04	"GET /uv248fip248inf210/web_architecture_home.html HTTP/1.1"
2425	2024/03/09 14:26:17	"GET /uv248fip248inf210/project_home.html HTTP/1.1"
2425	2024/03/09 14:26:23	"GET /uv248fip248inf210/project_part1.html HTTP/1.1"
2425	2024/03/09 14:26:40	"GET /uv248fip248inf210/project_part2.html HTTP/1.1"
245	2024/03/09 16:08:27	"GET /uv248fip248inf210/project_specifications.html HTTP/1.1"
2431	2024/03/09 17:32:40	"GET /uv248fip248inf210/web_architecture_home.html HTTP/1.1"
2431	2024/03/09 17:32:50	"GET /uv248fip248inf210/data_home.html HTTP/1.1"
2431	2024/03/09 17:32:53	"GET /uv248fip248inf210/images/data/prerequisite_data/prerequisite_data.html HTTP/1.1"
2431	2024/03/09 17:32:56	"GET /uv248fip248inf210/lecture_normalization.html HTTP/1.1"
2431	2024/03/09 17:33:36	"GET /uv248fip248inf210/activity_normalization.html HTTP/1.1"
2431	2024/03/09 17:34:22	"GET /uv248fip248inf210/activity_decomposition.html HTTP/1.1"
2431	2024/03/09 18:06:27	"GET /uv248fip248inf210/activity_decomposition_correction.html HTTP/1.1"
2431	2024/03/09 18:09:34	"GET /uv248fip248inf210/activity_conceptual_modeling.html HTTP/1.1"
2431	2024/03/09 18:09:42	"GET /uv248fip248inf210/activity_conceptual_modeling_correction.html HTTP/1.1"
2437	2024/03/09 21:13:18	"GET /uv248fip248inf210/lecture_technical_architecture.html HTTP/1.1"
2437	2024/03/09 21:13:22	"GET /uv248fip248inf210/lecture_software_architecture.html HTTP/1.1"
2437	2024/03/09 21:13:35	"GET /uv248fip248inf210/practice_docker.html HTTP/1.1"
2432	2024/03/09 21:27:16	"GET /uv248fip248inf210/technical_environment_home.html HTTP/1.1"
2432	2024/03/09 21:27:20	"GET /uv248fip248inf210/index.html HTTP/1.1"
2432	2024/03/09 21:27:24	"GET /uv248fip248inf210/data_home.html HTTP/1.1"
2432	2024/03/09 21:27:33	"GET /uv248fip248inf210/lecture_normalization.html HTTP/1.1"
2439	2024/03/09 21:27:49	"GET /uv248fip248inf210/data_home.html HTTP/1.1"
2439	2024/03/09 21:27:53	"GET /uv248fip248inf210/lecture_normalization.html HTTP/1.1"
2432	2024/03/09 21:28:36	"GET /uv248fip248inf210/project_home.html HTTP/1.1"
2432	2024/03/09 21:28:38	"GET /uv248fip248inf210/project_part1.html HTTP/1.1"
245	2024/03/09 23:53:31	"GET /uv248fip248inf210/project_part3.html HTTP/1.1"
2449	2024/03/13 11:32:56	"GET /uv248fip248inf210/index.html HTTP/1.1"
2449	2024/03/13 11:33:01	"GET /uv248fip248inf210/project_home.html HTTP/1.1"
2449	2024/03/13 11:33:08	"GET /uv248fip248inf210/project_part4.html HTTP/1.1"
2449	2024/03/13 11:33:13	"GET /uv248fip248inf210/project_part3.html HTTP/1.1"
2449	2024/03/13 11:34:37	"GET /uv248fip248inf210/project_specifications.html HTTP/1.1"
2441	2024/03/13 12:28:08	"GET /uv248fip248inf210/project_home.html HTTP/1.1"
2441	2024/03/13 12:28:35	"GET /uv248fip248inf210/project_specifications.html HTTP/1.1"
2441	2024/03/13 12:28:54	"GET /uv248fip248inf210/project_task_time.html HTTP/1.1"
2441	2024/03/13 12:56:00	"GET /uv248fip248inf210/project_home.html HTTP/1.1"
2441	2024/03/13 12:56:04	"GET /uv248fip248inf210/project_part4.html HTTP/1.1"
2441	2024/03/13 12:56:07	"GET /uv248fip248inf210/project_part4.html HTTP/1.1"
2441	2024/03/13 12:56:27	"GET /uv248fip248inf210/project_part3.html HTTP/1.1"
2441	2024/03/13 12:57:10	"GET /uv248fip248inf210/project_part2.html HTTP/1.1"
2437	2024/03/13 13:00:56	"GET /uv248fip248inf210/index.html HTTP/1.1"
2437	2024/03/13 13:01:00	"GET /uv248fip248inf210/technical_environment_home.html HTTP/1.1"
2437	2024/03/13 13:01:03	"GET /uv248fip248inf210/web_architecture_home.html HTTP/1.1"
2437	2024/03/13 13:04:41	"GET /uv248fip248inf210/documentation_programming.html HTTP/1.1"
2437	2024/03/13 13:04:42	"GET /uv248fip248inf210/practice_spring.html HTTP/1.1"
2437	2024/03/13 13:04:54	"GET /uv248fip248inf210/lecture_jpa.html HTTP/1.1"
2437	2024/03/13 13:04:58	"GET /uv248fip248inf210/practice_jpa.html HTTP/1.1"
2437	2024/03/13 13:05:10	"GET /uv248fip248inf210/practice_spring_2tiers.html HTTP/1.1"
2437	2024/03/13 13:05:16	"GET /uv248fip248inf210/project_home.html HTTP/1.1"
2437	2024/03/13 13:05:18	"GET /uv248fip248inf210/project_part1.html HTTP/1.1"
2437	2024/03/13 13:05:34	"GET /uv248fip248inf210/project_part3.html HTTP/1.1"
2422	2024/03/13 14:20:05	"GET /uv248fip248inf210/project_home.html HTTP/1.1"
249	2024/03/13 15:38:46	"GET /uv248fip248inf210/technical_environment_home.html HTTP/1.1"
249	2024/03/13 15:38:49	"GET /uv248fip248inf210/documentation_programming.html HTTP/1.1"
249	2024/03/13 15:39:09	"GET /uv248fip248inf210/web_architecture_home.html HTTP/1.1"
249	2024/03/13 15:39:15	"GET /uv248fip248inf210/lecture_mvc_spring.html HTTP/1.1"
249	2024/03/13 15:40:11	"GET /uv248fip248inf210/lecture_jpa.html HTTP/1.1"
249	2024/03/13 15:40:18	"GET /uv248fip248inf210/practice_jpa.html HTTP/1.1"
249	2024/03/13 16:00:17	"GET /uv248fip248inf210/lecture_technical_architecture.html HTTP/1.1"
249	2024/03/13 16:00:20	"GET /uv248fip248inf210/lecture_software_architecture.html HTTP/1.1"
2414	2024/03/13 18:21:01	"GET /uv248fip248inf210/technical_environment_home.html HTTP/1.1"
2414	2024/03/13 18:21:03	"GET /uv248fip248inf210/index.html HTTP/1.1"
2414	2024/03/13 18:21:05	"GET /uv248fip248inf210/project_home.html HTTP/1.1"
2414	2024/03/13 18:21:13	"GET /uv248fip248inf210/project_evaluation.html HTTP/1.1"
2414	2024/03/13 18:40:19	"GET /uv248fip248inf210/project_home.html HTTP/1.1"
2414	2024/03/13 18:48:14	"GET /uv248fip248inf210/project_presentation.html HTTP/1.1"
2414	2024/03/13 18:48:31	"GET /uv248fip248inf210/project_specifications.html HTTP/1.1"
2414	2024/03/13 18:48:45	"GET /uv248fip248inf210/project_presentation.html HTTP/1.1"
2414	2024/03/13 18:49:19	"GET /uv248fip248inf210/project_part1.html HTTP/1.1"
2414	2024/03/13 18:49:26	"GET /uv248fip248inf210/project_part2.html HTTP/1.1"
2414	2024/03/13 18:49:33	"GET /uv248fip248inf210/project_part3.html HTTP/1.1"
2414	2024/03/13 18:49:37	"GET /uv248fip248inf210/project_structureui.html HTTP/1.1"
2412	2024/03/13 20:05:55	"GET /uv248fip248inf210/project_home.html HTTP/1.1"
2412	2024/03/13 20:12:10	"GET /uv248fip248inf210/project_part2.html HTTP/1.1"
2412	2024/03/13 20:14:12	"GET /uv248fip248inf210/project_part3.html HTTP/1.1"
2426	2024/03/13 21:16:35	"GET /uv248fip248inf210/project_specifications.html HTTP/1.1"
2411	2024/03/13 23:06:57	"GET /uv248fip248inf210/project_home.html HTTP/1.1"
2411	2024/03/13 23:06:59	"GET /uv248fip248inf210/project_part3.html HTTP/1.1"
2410	2024/03/06 09:04:50	"GET /uv248fip248inf210/project_evaluation.html HTTP/1.1"
2421	2024/03/06 09:17:12	"GET /uv248fip248inf210/project_home.html HTTP/1.1"
2421	2024/03/06 09:17:30	"GET /uv248fip248inf210/project_specifications.html HTTP/1.1"
2415	2024/03/06 09:25:32	"GET /uv248fip248inf210/project_specifications.html HTTP/1.1"
2412	2024/03/06 09:28:04	"GET /uv248fip248inf210/data_home.html HTTP/1.1"
2412	2024/03/06 09:28:09	"GET /uv248fip248inf210/project_home.html HTTP/1.1"
2412	2024/03/06 09:28:13	"GET /uv248fip248inf210/project_part3.html HTTP/1.1"
2412	2024/03/06 09:28:30	"GET /uv248fip248inf210/project_part2.html HTTP/1.1"
2410	2024/03/06 09:29:27	"GET /uv248fip248inf210/project_evaluation.html HTTP/1.1"
2410	2024/03/06 09:29:30	"GET /uv248fip248inf210/project_part1.html HTTP/1.1"
2417	2024/03/06 09:33:09	"GET /uv248fip248inf210/project_home.html HTTP/1.1"
2417	2024/03/06 09:33:23	"GET /uv248fip248inf210/project_part3.html HTTP/1.1"
2417	2024/03/06 09:33:27	"GET /uv248fip248inf210/project_structureui.html HTTP/1.1"
246	2024/03/06 09:33:39	"GET /uv248fip248inf210/project_home.html HTTP/1.1"
246	2024/03/06 09:33:50	"GET /uv248fip248inf210/project_specifications.html HTTP/1.1"
2420	2024/03/06 09:34:09	"GET /uv248fip248inf210/project_home.html HTTP/1.1"
2425	2024/03/06 09:34:11	"GET /uv248fip248inf210/project_home.html HTTP/1.1"
2420	2024/03/06 09:34:18	"GET /uv248fip248inf210/project_specifications.html HTTP/1.1"
2444	2024/03/06 09:36:55	"GET /uv248fip248inf210/index.html HTTP/1.1"
2444	2024/03/06 09:37:18	"GET /uv248fip248inf210/project_home.html HTTP/1.1"
2423	2024/03/06 09:37:20	"GET /uv248fip248inf210/project_part3.html HTTP/1.1"
2444	2024/03/06 09:37:21	"GET /uv248fip248inf210/project_part4.html HTTP/1.1"
2444	2024/03/06 09:37:29	"GET /uv248fip248inf210/project_part3.html HTTP/1.1"
2439	2024/03/06 09:38:03	"GET /uv248fip248inf210/project_home.html HTTP/1.1"
2439	2024/03/06 09:38:07	"GET /uv248fip248inf210/project_part3.html HTTP/1.1"
2419	2024/03/06 09:38:48	"GET /uv248fip248inf210/data_home.html HTTP/1.1"
2419	2024/03/06 09:38:52	"GET /uv248fip248inf210/project_home.html HTTP/1.1"
2419	2024/03/06 09:38:56	"GET /uv248fip248inf210/project_part4.html HTTP/1.1"
2439	2024/03/06 09:39:01	"GET /uv248fip248inf210/project_part4.html HTTP/1.1"
2419	2024/03/06 09:39:02	"GET /uv248fip248inf210/project_part3.html HTTP/1.1"
2418	2024/03/06 09:39:16	"GET /uv248fip248inf210/project_home.html HTTP/1.1"
2418	2024/03/06 09:39:19	"GET /uv248fip248inf210/project_specifications.html HTTP/1.1"
241	2024/03/06 09:40:26	"GET /uv248fip248inf210/project_home.html HTTP/1.1"
241	2024/03/06 09:40:32	"GET /uv248fip248inf210/project_part3.html HTTP/1.1"
246	2024/03/06 09:41:49	"GET /uv248fip248inf210/project_part4.html HTTP/1.1"
241	2024/03/06 09:41:53	"GET /uv248fip248inf210/project_task_time.html HTTP/1.1"
241	2024/03/06 09:41:55	"GET /uv248fip248inf210/project_specifications.html HTTP/1.1"
2425	2024/03/06 09:42:13	"GET /uv248fip248inf210/project_specifications.html HTTP/1.1"
2445	2024/03/06 09:42:28	"GET /uv248fip248inf210/web_architecture_home.html HTTP/1.1"
2444	2024/03/06 09:42:29	"GET /uv248fip248inf210/technical_environment_home.html HTTP/1.1"
2445	2024/03/06 09:42:31	"GET /uv248fip248inf210/practice_spring_2tiers.html HTTP/1.1"
2444	2024/03/06 09:42:39	"GET /uv248fip248inf210/data_home.html HTTP/1.1"
2444	2024/03/06 09:42:46	"GET /uv248fip248inf210/project_specifications.html HTTP/1.1"
247	2024/03/06 09:44:17	"GET /uv248fip248inf210/project_home.html HTTP/1.1"
2441	2024/03/06 09:46:22	"GET /uv248fip248inf210/project_home.html HTTP/1.1"
2441	2024/03/06 09:46:26	"GET /uv248fip248inf210/project_part3.html HTTP/1.1"
249	2024/03/06 09:48:47	"GET /uv248fip248inf210/project_specifications.html HTTP/1.1"
2437	2024/03/06 09:48:47	"GET /uv248fip248inf210/project_home.html HTTP/1.1"
2437	2024/03/06 09:48:55	"GET /uv248fip248inf210/project_evaluation.html HTTP/1.1"
2437	2024/03/06 09:48:57	"GET /uv248fip248inf210/project_presentation.html HTTP/1.1"
2437	2024/03/06 09:49:00	"GET /uv248fip248inf210/project_specifications.html HTTP/1.1"
2419	2024/03/06 09:58:44	"GET /uv248fip248inf210/project_structureui.html HTTP/1.1"
2432	2024/03/06 10:03:36	"GET /uv248fip248inf210/data_home.html HTTP/1.1"
2432	2024/03/06 10:03:42	"GET /uv248fip248inf210/technical_environment_home.html HTTP/1.1"
2432	2024/03/06 10:03:59	"GET /uv248fip248inf210/documentation_docker.html HTTP/1.1"
2432	2024/03/06 10:04:13	"GET /uv248fip248inf210/practice_docker.html HTTP/1.1"
2432	2024/03/06 10:04:23	"GET /uv248fip248inf210/practice_docker_advanced.html HTTP/1.1"
2432	2024/03/06 10:04:30	"GET /uv248fip248inf210/documentation_programming.html HTTP/1.1"
2432	2024/03/06 10:04:37	"GET /uv248fip248inf210/inversion_of_control.html HTTP/1.1"
2432	2024/03/06 10:04:50	"GET /uv248fip248inf210/spring_bean.html HTTP/1.1"
2432	2024/03/06 10:04:58	"GET /uv248fip248inf210/practice_spring.html HTTP/1.1"
2427	2024/03/06 10:10:04	"GET /uv248fip248inf210/project_home.html HTTP/1.1"
2431	2024/03/06 10:10:21	"GET /uv248fip248inf210/project_home.html HTTP/1.1"
2441	2024/03/06 10:10:27	"GET /uv248fip248inf210/technical_environment_home.html HTTP/1.1"
2441	2024/03/06 10:10:34	"GET /uv248fip248inf210/project_specifications.html HTTP/1.1"
2432	2024/03/06 10:11:40	"GET /uv248fip248inf210/web_architecture_home.html HTTP/1.1"
2432	2024/03/06 10:11:43	"GET /uv248fip248inf210/lecture_mvc_spring.html HTTP/1.1"
2432	2024/03/06 10:11:54	"GET /uv248fip248inf210/lecture_jpa.html HTTP/1.1"
2432	2024/03/06 10:12:04	"GET /uv248fip248inf210/project_home.html HTTP/1.1"
2442	2024/03/06 10:14:29	"GET /uv248fip248inf210/technical_environment_home.html HTTP/1.1"
2442	2024/03/06 10:15:15	"GET /uv248fip248inf210/project_home.html HTTP/1.1"
2442	2024/03/06 10:15:24	"GET /uv248fip248inf210/project_specifications.html HTTP/1.1"
2436	2024/03/06 10:19:09	"GET /uv248fip248inf210/web_architecture_home.html HTTP/1.1"
2436	2024/03/06 10:19:14	"GET /uv248fip248inf210/index.html HTTP/1.1"
2436	2024/03/06 10:19:16	"GET /uv248fip248inf210/project_home.html HTTP/1.1"
2436	2024/03/06 10:19:26	"GET /uv248fip248inf210/project_part3.html HTTP/1.1"
2422	2024/03/06 10:19:31	"GET /uv248fip248inf210/project_home.html HTTP/1.1"
2436	2024/03/06 10:19:59	"GET /uv248fip248inf210/project_structureui.html HTTP/1.1"
2432	2024/03/06 10:20:04	"GET /uv248fip248inf210/project_part3.html HTTP/1.1"
2432	2024/03/06 10:20:09	"GET /uv248fip248inf210/project_structureui.html HTTP/1.1"
2444	2024/03/06 10:21:06	"GET /uv248fip248inf210/project_structureui.html HTTP/1.1"
2429	2024/03/06 10:26:09	"GET /uv248fip248inf210/project_home.html HTTP/1.1"
2429	2024/03/06 10:26:13	"GET /uv248fip248inf210/project_specifications.html HTTP/1.1"
2432	2024/03/06 10:29:36	"GET /uv248fip248inf210/project_part2.html HTTP/1.1"
2446	2024/03/06 10:35:08	"GET /uv248fip248inf210/project_specifications.html HTTP/1.1"
2420	2024/03/06 10:43:13	"GET /uv248fip248inf210/project_structureui.html HTTP/1.1"
2420	2024/03/06 10:43:20	"GET /uv248fip248inf210/project_part3.html HTTP/1.1"
2431	2024/03/06 10:43:49	"GET /uv248fip248inf210/project_specifications.html HTTP/1.1"
2430	2024/03/06 10:50:54	"GET /uv248fip248inf210/project_specifications.html HTTP/1.1"
2430	2024/03/06 10:56:18	"GET /uv248fip248inf210/project_part4.html HTTP/1.1"
2430	2024/03/06 10:56:27	"GET /uv248fip248inf210/project_structureui.html HTTP/1.1"
2415	2024/03/06 11:04:38	"GET /uv248fip248inf210/project_specifications.html HTTP/1.1"
2422	2024/03/06 11:07:38	"GET /uv248fip248inf210/project_part3.html HTTP/1.1"
2432	2024/03/06 11:13:24	"GET /uv248fip248inf210/practice_jpa.html HTTP/1.1"
2432	2024/03/06 11:13:58	"GET /uv248fip248inf210/practice_spring_2tiers.html HTTP/1.1"
2447	2024/03/06 11:26:07	"GET /uv248fip248inf210/project_home.html HTTP/1.1"
2447	2024/03/06 11:26:13	"GET /uv248fip248inf210/project_part3.html HTTP/1.1"
241	2024/03/06 11:28:22	"GET /uv248fip248inf210/project_part4.html HTTP/1.1"
241	2024/03/06 11:28:26	"GET /uv248fip248inf210/project_structureui.html HTTP/1.1"
2438	2024/03/06 11:36:14	"GET /uv248fip248inf210/project_part4.html HTTP/1.1"
2438	2024/03/06 11:36:30	"GET /uv248fip248inf210/index.html HTTP/1.1"
2438	2024/03/06 11:36:32	"GET /uv248fip248inf210/data_home.html HTTP/1.1"
2438	2024/03/06 11:36:34	"GET /uv248fip248inf210/project_home.html HTTP/1.1"
2438	2024/03/06 11:36:37	"GET /uv248fip248inf210/project_part4.html HTTP/1.1"
2421	2024/03/06 11:51:45	"GET /uv248fip248inf210/project_part1.html HTTP/1.1"
2436	2024/03/06 11:59:20	"GET /uv248fip248inf210/project_specifications.html HTTP/1.1"
241	2024/03/06 12:08:12	"GET /uv248fip248inf210/index.html HTTP/1.1"
241	2024/03/06 12:08:16	"GET /uv248fip248inf210/project_evaluation.html HTTP/1.1"
241	2024/03/06 12:42:08	"GET /uv248fip248inf210/project_presentation.html HTTP/1.1"
2429	2024/03/06 12:56:05	"GET /uv248fip248inf210/project_home.html HTTP/1.1"
2429	2024/03/06 12:56:08	"GET /uv248fip248inf210/project_part3.html HTTP/1.1"
2441	2024/03/06 12:58:15	"GET /uv248fip248inf210/index.html HTTP/1.1"
245	2024/03/06 13:19:11	"GET /uv248fip248inf210/project_specifications.html HTTP/1.1"
2445	2024/03/06 13:48:52	"GET /uv248fip248inf210/index.html HTTP/1.1"
2445	2024/03/06 13:48:55	"GET /uv248fip248inf210/project_home.html HTTP/1.1"
2439	2024/03/06 13:55:02	"GET /uv248fip248inf210/project_home.html HTTP/1.1"
2439	2024/03/06 13:55:47	"GET /uv248fip248inf210/project_structureui.html HTTP/1.1"
2438	2024/03/06 13:56:31	"GET /uv248fip248inf210/project_part4.html HTTP/1.1"
249	2024/03/06 13:56:53	"GET /uv248fip248inf210/project_home.html HTTP/1.1"
249	2024/03/06 13:56:55	"GET /uv248fip248inf210/project_part4.html HTTP/1.1"
249	2024/03/06 13:56:58	"GET /uv248fip248inf210/project_part3.html HTTP/1.1"
249	2024/03/06 13:57:06	"GET /uv248fip248inf210/project_presentation.html HTTP/1.1"
2444	2024/03/06 13:57:21	"GET /uv248fip248inf210/web_architecture_home.html HTTP/1.1"
2444	2024/03/06 13:57:28	"GET /uv248fip248inf210/lecture_jpa.html HTTP/1.1"
2444	2024/03/06 13:57:34	"GET /uv248fip248inf210/practice_jpa.html HTTP/1.1"
2416	2024/03/06 13:59:19	"GET /uv248fip248inf210/technical_environment_home.html HTTP/1.1"
2416	2024/03/06 13:59:24	"GET /uv248fip248inf210/technical_environment_home.html HTTP/1.1"
2416	2024/03/06 14:00:34	"GET /uv248fip248inf210/technical_environment_home.html HTTP/1.1"
2416	2024/03/06 14:01:32	"GET /uv248fip248inf210/technical_environment_home.html HTTP/1.1"
2416	2024/03/06 14:02:07	"GET /uv248fip248inf210/technical_environment_home.html HTTP/1.1"
2416	2024/03/06 14:02:23	"GET /uv248fip248inf210/technical_environment_home.html HTTP/1.1"
2444	2024/03/06 14:06:36	"GET /uv248fip248inf210/index.html HTTP/1.1"
2444	2024/03/06 14:06:40	"GET /uv248fip248inf210/data_home.html HTTP/1.1"
2444	2024/03/06 14:06:43	"GET /uv248fip248inf210/project_home.html HTTP/1.1"
2444	2024/03/06 14:06:46	"GET /uv248fip248inf210/project_specifications.html HTTP/1.1"
2421	2024/03/06 14:08:17	"GET /uv248fip248inf210/project_part3.html HTTP/1.1"
2444	2024/03/06 14:09:58	"GET /uv248fip248inf210/project_part3.html HTTP/1.1"
2444	2024/03/06 14:10:00	"GET /uv248fip248inf210/technical_environment_home.html HTTP/1.1"
2439	2024/03/06 14:10:29	"GET /uv248fip248inf210/project_part3.html HTTP/1.1"
2410	2024/03/06 14:21:53	"GET /uv248fip248inf210/project_part3.html HTTP/1.1"
2447	2024/03/06 14:25:09	"GET /uv248fip248inf210/project_specifications.html HTTP/1.1"
2447	2024/03/06 14:31:35	"GET /uv248fip248inf210/project_specifications.html HTTP/1.1"
2444	2024/03/06 14:35:06	"GET /uv248fip248inf210/practice_docker.html HTTP/1.1"
2444	2024/03/06 14:35:18	"GET /uv248fip248inf210/documentation_programming.html HTTP/1.1"
2444	2024/03/06 14:35:32	"GET /uv248fip248inf210/practice_spring.html HTTP/1.1"
2429	2024/03/06 14:39:48	"GET /uv248fip248inf210/project_evaluation.html HTTP/1.1"
2421	2024/03/06 15:02:59	"GET /uv248fip248inf210/project_task_time.html HTTP/1.1"
2430	2024/03/06 15:04:43	"GET /uv248fip248inf210/project_part1.html HTTP/1.1"
2429	2024/03/06 15:13:09	"GET /uv248fip248inf210/project_home.html HTTP/1.1"
2429	2024/03/06 15:13:20	"GET /uv248fip248inf210/project_specifications.html HTTP/1.1"
2441	2024/03/06 15:25:08	"GET /uv248fip248inf210/project_home.html HTTP/1.1"
2441	2024/03/06 15:25:13	"GET /uv248fip248inf210/project_evaluation.html HTTP/1.1"
2441	2024/03/06 15:25:21	"GET /uv248fip248inf210/project_specifications.html HTTP/1.1"
2434	2024/03/06 15:31:19	"GET /uv248fip248inf210/technical_environment_home.html HTTP/1.1"
2434	2024/03/06 15:31:22	"GET /uv248fip248inf210/documentation_programming.html HTTP/1.1"
2434	2024/03/06 15:31:30	"GET /uv248fip248inf210/spring_bean.html HTTP/1.1"
2434	2024/03/06 15:31:31	"GET /uv248fip248inf210/practice_spring.html HTTP/1.1"
2434	2024/03/06 15:34:15	"GET /uv248fip248inf210/project_home.html HTTP/1.1"
2434	2024/03/06 15:34:27	"GET /uv248fip248inf210/project_part4.html HTTP/1.1"
2434	2024/03/06 15:34:30	"GET /uv248fip248inf210/project_structureui.html HTTP/1.1"
2434	2024/03/06 15:34:33	"GET /uv248fip248inf210/project_part3.html HTTP/1.1"
2434	2024/03/06 15:34:37	"GET /uv248fip248inf210/project_part2.html HTTP/1.1"
2434	2024/03/06 15:34:47	"GET /uv248fip248inf210/project_part1.html HTTP/1.1"
2434	2024/03/06 15:35:00	"GET /uv248fip248inf210/project_specifications.html HTTP/1.1"
2434	2024/03/06 15:37:59	"GET /uv248fip248inf210/project_presentation.html HTTP/1.1"
2434	2024/03/06 15:38:01	"GET /uv248fip248inf210/project_evaluation.html HTTP/1.1"
2434	2024/03/06 15:38:34	"GET /uv248fip248inf210/project_task_time.html HTTP/1.1"
2434	2024/03/06 15:38:51	"GET /uv248fip248inf210/index.html HTTP/1.1"
2434	2024/03/06 15:39:10	"GET /uv248fip248inf210/web_architecture_home.html HTTP/1.1"
2438	2024/03/06 15:44:47	"GET /uv248fip248inf210/project_specifications.html HTTP/1.1"
2414	2024/03/06 15:49:44	"GET /uv248fip248inf210/project_part3.html HTTP/1.1"
2434	2024/03/06 16:00:16	"GET /uv248fip248inf210/data_home.html HTTP/1.1"
2434	2024/03/06 16:00:23	"GET /uv248fip248inf210/lecture_transaction.html HTTP/1.1"
2434	2024/03/06 16:00:55	"GET /uv248fip248inf210/lecture_jaxb.html HTTP/1.1"
2434	2024/03/06 16:00:57	"GET /uv248fip248inf210/lecture_json.html HTTP/1.1"
2434	2024/03/06 16:00:59	"GET /uv248fip248inf210/practice_json.html HTTP/1.1"
2434	2024/03/06 16:01:01	"GET /uv248fip248inf210/lecture_xml.html HTTP/1.1"
2434	2024/03/06 16:01:01	"GET /uv248fip248inf210/practice_xml.html HTTP/1.1"
2434	2024/03/06 16:02:17	"GET /uv248fip248inf210/practice_spring_2tiers.html HTTP/1.1"
2414	2024/03/06 16:03:07	"GET /uv248fip248inf210/project_part4.html HTTP/1.1"
2414	2024/03/06 16:03:28	"GET /uv248fip248inf210/project_specifications.html HTTP/1.1"
247	2024/03/06 16:15:17	"GET /uv248fip248inf210/project_part4.html HTTP/1.1"
2427	2024/03/06 16:16:01	"GET /uv248fip248inf210/project_specifications.html HTTP/1.1"
247	2024/03/06 16:16:30	"GET /uv248fip248inf210/project_structureui.html HTTP/1.1"
247	2024/03/06 16:16:44	"GET /uv248fip248inf210/project_part3.html HTTP/1.1"
247	2024/03/06 16:17:08	"GET /uv248fip248inf210/project_specifications.html HTTP/1.1"
2433	2024/03/06 16:32:31	"GET /uv248fip248inf210/project_home.html HTTP/1.1"
2433	2024/03/06 16:32:35	"GET /uv248fip248inf210/project_part3.html HTTP/1.1"
2430	2024/03/06 17:58:39	"GET /uv248fip248inf210/project_part4.html HTTP/1.1"
2422	2024/03/06 18:11:18	"GET /uv248fip248inf210/project_specifications.html HTTP/1.1"
2445	2024/03/06 18:11:38	"GET /uv248fip248inf210/web_architecture_home.html HTTP/1.1"
2429	2024/03/06 18:12:28	"GET /uv248fip248inf210/web_architecture_home.html HTTP/1.1"
2444	2024/03/06 18:12:44	"GET /uv248fip248inf210/practice_spring_2tiers.html HTTP/1.1"
2444	2024/03/06 18:13:14	"GET /uv248fip248inf210/lecture_mvc_spring.html HTTP/1.1"
2429	2024/03/06 18:13:31	"GET /uv248fip248inf210/practice_jpa_advanced.html HTTP/1.1"
2434	2024/03/06 18:13:47	"GET /uv248fip248inf210/practice_spring_2tiers.html HTTP/1.1"
2429	2024/03/06 18:14:00	"GET /uv248fip248inf210/practice_spring_2tiers_ext.html HTTP/1.1"
2434	2024/03/06 18:14:54	"GET /uv248fip248inf210/lecture_technical_architecture.html HTTP/1.1"
2434	2024/03/06 18:14:58	"GET /uv248fip248inf210/lecture_software_architecture.html HTTP/1.1"
2444	2024/03/06 18:19:06	"GET /uv248fip248inf210/practice_jpa_advanced.html HTTP/1.1"
2429	2024/03/06 18:19:29	"GET /uv248fip248inf210/practice_spring_2tiers.html HTTP/1.1"
2440	2024/03/06 18:38:18	"GET /uv248fip248inf210/technical_environment_home.html HTTP/1.1"
2440	2024/03/06 18:38:27	"GET /uv248fip248inf210/project_home.html HTTP/1.1"
2440	2024/03/06 18:38:35	"GET /uv248fip248inf210/project_specifications.html HTTP/1.1"
245	2024/03/06 18:56:02	"GET /uv248fip248inf210/project_specifications.html HTTP/1.1"
245	2024/03/06 18:57:41	"GET /uv248fip248inf210/project_task_time.html HTTP/1.1"
246	2024/03/06 20:11:10	"GET /uv248fip248inf210/project_evaluation.html HTTP/1.1"
2437	2024/03/06 20:30:42	"GET /uv248fip248inf210/project_part3.html HTTP/1.1"
2437	2024/03/06 20:37:01	"GET /uv248fip248inf210/project_task_time.html HTTP/1.1"
2432	2024/03/06 21:23:39	"GET /uv248fip248inf210/practice_json.html HTTP/1.1"
2432	2024/03/06 21:25:55	"GET /uv248fip248inf210/practice_jpa_advanced.html HTTP/1.1"
2432	2024/03/06 21:27:35	"GET /uv248fip248inf210/practice_spring_2tiers.html HTTP/1.1"
2439	2024/03/06 21:33:06	"GET /uv248fip248inf210/project_specifications.html HTTP/1.1"
2415	2024/03/06 21:51:17	"GET /uv248fip248inf210/project_specifications.html HTTP/1.1"
246	2024/03/06 23:59:45	"GET /uv248fip248inf210/project_structureui.html HTTP/1.1"
246	2024/03/07 00:00:03	"GET /uv248fip248inf210/project_part3.html HTTP/1.1"
2418	2024/02/05 02:09:22	"GET /uv248fip248inf210/data_home.html HTTP/1.1"
2418	2024/02/05 02:09:26	"GET /uv248fip248inf210/lecture_modeling_normalization.html HTTP/1.1"
2418	2024/02/05 02:09:30	"GET /uv248fip248inf210/lecture_conceptual_modeling.html HTTP/1.1"
2418	2024/02/05 02:10:10	"GET /uv248fip248inf210/lecture_normalization.html HTTP/1.1"
2418	2024/02/05 02:12:51	"GET /uv248fip248inf210/activity_conceptual_modeling.html HTTP/1.1"
2418	2024/02/05 02:13:01	"GET /uv248fip248inf210/activity_conceptual_modeling_correction.html HTTP/1.1"
2418	2024/02/05 02:46:09	"GET /uv248fip248inf210/activity_normalization.html HTTP/1.1"
2418	2024/02/05 02:46:17	"GET /uv248fip248inf210/activity_normalization_correction.html HTTP/1.1"
2418	2024/02/05 03:01:07	"GET /uv248fip248inf210/index.html HTTP/1.1"
2418	2024/02/05 03:01:09	"GET /uv248fip248inf210/web_architecture_home.html HTTP/1.1"
2418	2024/02/05 03:01:18	"GET /uv248fip248inf210/lecture_xml.html HTTP/1.1"
2418	2024/02/05 03:02:25	"GET /uv248fip248inf210/lecture_validity.html HTTP/1.1"
2418	2024/02/05 03:04:47	"GET /uv248fip248inf210/lecture_technical_architecture.html HTTP/1.1"
2418	2024/02/05 03:04:54	"GET /uv248fip248inf210/lecture_software_architecture.html HTTP/1.1"
2418	2024/02/05 03:05:02	"GET /uv248fip248inf210/lecture_jpa.html HTTP/1.1"
2418	2024/02/05 03:05:03	"GET /uv248fip248inf210/lecture_mvc_spring.html HTTP/1.1"
2418	2024/02/05 03:15:01	"GET /uv248fip248inf210/practice_jpa.html HTTP/1.1"
2418	2024/02/05 03:33:11	"GET /uv248fip248inf210/activity_sql.html HTTP/1.1"
2418	2024/02/05 03:33:20	"GET /uv248fip248inf210/lecture_relational_model.html HTTP/1.1"
2418	2024/02/05 03:33:23	"GET /uv248fip248inf210/lecture_db_integrity.html HTTP/1.1"
2418	2024/02/05 03:33:28	"GET /uv248fip248inf210/activity_relational_model.html HTTP/1.1"
2418	2024/02/05 03:33:34	"GET /uv248fip248inf210/lecture_transaction.html HTTP/1.1"
2438	2024/02/05 09:15:12	"GET /uv248fip248inf210/index.html HTTP/1.1"
2438	2024/02/05 09:15:15	"GET /uv248fip248inf210/technical_environment_home.html HTTP/1.1"
2438	2024/02/05 09:15:27	"GET /uv248fip248inf210/web_architecture_home.html HTTP/1.1"
2438	2024/02/05 09:15:29	"GET /uv248fip248inf210/images/web_architecture/prerequisite_archiweb/prerequisite_archiweb.html HTTP/1.1"
2438	2024/02/05 09:15:35	"GET /uv248fip248inf210/lecture_dto.html HTTP/1.1"
2438	2024/02/05 09:16:14	"GET /uv248fip248inf210/lecture_xml.html HTTP/1.1"
2438	2024/02/05 09:16:19	"GET /uv248fip248inf210/lecture_xml.html HTTP/1.1"
2438	2024/02/05 09:17:25	"GET /uv248fip248inf210/practice_xml.html HTTP/1.1"
2438	2024/02/05 09:19:54	"GET /uv248fip248inf210/lecture_json.html HTTP/1.1"
2438	2024/02/05 09:21:09	"GET /uv248fip248inf210/practice_json.html HTTP/1.1"
2438	2024/02/05 09:22:31	"GET /uv248fip248inf210/lecture_software_architecture.html HTTP/1.1"
249	2024/02/05 09:24:05	"GET /uv248fip248inf210/practice_sql.html HTTP/1.1"
249	2024/02/05 09:24:24	"GET /uv248fip248inf210/practice_sql_correction.html HTTP/1.1"
249	2024/02/05 09:27:54	"GET /uv248fip248inf210/practice_sql.html HTTP/1.1"
241	2024/02/05 09:45:48	"GET /uv248fip248inf210/activity_normalization_correction.html HTTP/1.1"
247	2024/02/05 09:53:45	"GET /uv248fip248inf210/activity_normalization_correction.html HTTP/1.1"
2413	2024/02/05 09:58:44	"GET /uv248fip248inf210/index.html HTTP/1.1"
2413	2024/02/05 09:59:20	"GET /uv248fip248inf210/data_home.html HTTP/1.1"
241	2024/02/05 10:11:11	"GET /uv248fip248inf210/lecture_relational_algebra.html HTTP/1.1"
2422	2024/02/05 10:22:20	"GET /uv248fip248inf210/index.html HTTP/1.1"
2422	2024/02/05 10:22:24	"GET /uv248fip248inf210/data_home.html HTTP/1.1"
2422	2024/02/05 10:22:32	"GET /uv248fip248inf210/lecture_conceptual_modeling.html HTTP/1.1"
2422	2024/02/05 10:22:40	"GET /uv248fip248inf210/lecture_normalization.html HTTP/1.1"
2422	2024/02/05 10:22:42	"GET /uv248fip248inf210/activity_conceptual_modeling.html HTTP/1.1"
2422	2024/02/05 10:22:52	"GET /uv248fip248inf210/activity_conceptual_modeling_correction.html HTTP/1.1"
2413	2024/02/05 10:26:19	"GET /uv248fip248inf210/images/data/prerequisite_data/prerequisite_data.html HTTP/1.1"
2413	2024/02/05 10:26:23	"GET /uv248fip248inf210/index.html HTTP/1.1"
2413	2024/02/05 10:26:25	"GET /uv248fip248inf210/web_architecture_home.html HTTP/1.1"
2413	2024/02/05 10:26:40	"GET /uv248fip248inf210/practice_spring_2tiers_ext.html HTTP/1.1"
2413	2024/02/05 10:26:44	"GET /uv248fip248inf210/practice_jpa.html HTTP/1.1"
2413	2024/02/05 10:26:46	"GET /uv248fip248inf210/lecture_jpa.html HTTP/1.1"
247	2024/02/05 10:27:15	"GET /uv248fip248inf210/activity_conceptual_modeling_correction.html HTTP/1.1"
2413	2024/02/05 10:29:13	"GET /uv248fip248inf210/index.html HTTP/1.1"
2413	2024/02/05 10:29:35	"GET /uv248fip248inf210/activity_normalization.html HTTP/1.1"
247	2024/02/05 10:36:44	"GET /uv248fip248inf210/activity_decomposition.html HTTP/1.1"
247	2024/02/05 10:36:49	"GET /uv248fip248inf210/activity_sql.html HTTP/1.1"
247	2024/02/05 10:36:59	"GET /uv248fip248inf210/practice_sql.html HTTP/1.1"
247	2024/02/05 10:37:05	"GET /uv248fip248inf210/lecture_transaction.html HTTP/1.1"
247	2024/02/05 10:37:08	"GET /uv248fip248inf210/practice_transaction.html HTTP/1.1"
2442	2024/02/05 10:53:12	"GET /uv248fip248inf210/data_home.html HTTP/1.1"
2442	2024/02/05 10:53:14	"GET /uv248fip248inf210/images/data/prerequisite_data/prerequisite_data.html HTTP/1.1"
2442	2024/02/05 10:53:36	"GET /uv248fip248inf210/lecture_conceptual_modeling.html HTTP/1.1"
2442	2024/02/05 10:58:06	"GET /uv248fip248inf210/practice_sql.html HTTP/1.1"
2442	2024/02/05 10:58:10	"GET /uv248fip248inf210/practice_sql_correction.html HTTP/1.1"
2425	2024/02/05 11:04:59	"GET /uv248fip248inf210/practice_docker.html HTTP/1.1"
2425	2024/02/05 11:05:04	"GET /uv248fip248inf210/index.html HTTP/1.1"
246	2024/02/05 11:05:06	"GET /uv248fip248inf210/data_home.html HTTP/1.1"
2425	2024/02/05 11:05:06	"GET /uv248fip248inf210/data_home.html HTTP/1.1"
2425	2024/02/05 11:05:14	"GET /uv248fip248inf210/activity_normalization.html HTTP/1.1"
246	2024/02/05 11:05:14	"GET /uv248fip248inf210/activity_normalization.html HTTP/1.1"
246	2024/02/05 11:05:58	"GET /uv248fip248inf210/activity_normalization_correction.html HTTP/1.1"
2439	2024/02/05 11:11:29	"GET /uv248fip248inf210/data_home.html HTTP/1.1"
2439	2024/02/05 11:11:40	"GET /uv248fip248inf210/lecture_normalization.html HTTP/1.1"
2422	2024/02/05 11:30:08	"GET /uv248fip248inf210/activity_sql.html HTTP/1.1"
2422	2024/02/05 11:30:16	"GET /uv248fip248inf210/practice_sql.html HTTP/1.1"
2422	2024/02/05 11:30:45	"GET /uv248fip248inf210/lecture_modeling_normalization.html HTTP/1.1"
2422	2024/02/05 11:30:57	"GET /uv248fip248inf210/activity_normalization.html HTTP/1.1"
2422	2024/02/05 11:31:14	"GET /uv248fip248inf210/activity_decomposition.html HTTP/1.1"
2422	2024/02/05 11:31:54	"GET /uv248fip248inf210/activity_relational_model.html HTTP/1.1"
241	2024/02/05 12:15:29	"GET /uv248fip248inf210/activity_decomposition.html HTTP/1.1"
241	2024/02/05 12:25:16	"GET /uv248fip248inf210/activity_decomposition_correction.html HTTP/1.1"
241	2024/02/05 12:29:14	"GET /uv248fip248inf210/practice_transaction.html HTTP/1.1"
241	2024/02/05 12:30:10	"GET /uv248fip248inf210/practice_isolation.html HTTP/1.1"
241	2024/02/05 12:47:00	"GET /uv248fip248inf210/lecture_technical_architecture.html HTTP/1.1"
2417	2024/02/05 12:47:02	"GET /uv248fip248inf210/practice_spring_2tiers.html HTTP/1.1"
241	2024/02/05 12:47:03	"GET /uv248fip248inf210/lecture_software_architecture.html HTTP/1.1"
241	2024/02/05 12:47:46	"GET /uv248fip248inf210/lecture_mvc_spring.html HTTP/1.1"
2417	2024/02/05 12:59:24	"GET /uv248fip248inf210/index.html HTTP/1.1"
2417	2024/02/05 12:59:29	"GET /uv248fip248inf210/data_home.html HTTP/1.1"
2417	2024/02/05 12:59:31	"GET /uv248fip248inf210/images/data/prerequisite_data/prerequisite_data.html HTTP/1.1"
2417	2024/02/05 12:59:33	"GET /uv248fip248inf210/activity_sql.html HTTP/1.1"
2417	2024/02/05 12:59:47	"GET /uv248fip248inf210/lecture_relational_algebra.html HTTP/1.1"
2410	2024/02/05 13:37:23	"GET /uv248fip248inf210/index.html HTTP/1.1"
2410	2024/02/05 13:37:47	"GET /uv248fip248inf210/web_architecture_home.html HTTP/1.1"
2410	2024/02/05 13:38:15	"GET /uv248fip248inf210/lecture_technical_architecture.html HTTP/1.1"
2442	2024/02/05 13:40:10	"GET /uv248fip248inf210/web_architecture_home.html HTTP/1.1"
2442	2024/02/05 13:40:12	"GET /uv248fip248inf210/images/web_architecture/prerequisite_archiweb/prerequisite_archiweb.html HTTP/1.1"
2414	2024/02/05 13:44:36	"GET /uv248fip248inf210/technical_environment_home.html HTTP/1.1"
2414	2024/02/05 13:44:50	"GET /uv248fip248inf210/index.html HTTP/1.1"
2414	2024/02/05 13:44:56	"GET /uv248fip248inf210/data_home.html HTTP/1.1"
2414	2024/02/05 13:44:58	"GET /uv248fip248inf210/images/data/prerequisite_data/prerequisite_data.html HTTP/1.1"
2417	2024/02/05 13:45:10	"GET /uv248fip248inf210/activity_conceptual_modeling.html HTTP/1.1"
2414	2024/02/05 13:45:16	"GET /uv248fip248inf210/lecture_conceptual_modeling.html HTTP/1.1"
2443	2024/02/05 13:45:37	"GET /uv248fip248inf210/index.html HTTP/1.1"
2417	2024/02/05 13:45:38	"GET /uv248fip248inf210/activity_normalization.html HTTP/1.1"
2442	2024/02/05 13:46:00	"GET /uv248fip248inf210/index.html HTTP/1.1"
2442	2024/02/05 13:46:05	"GET /uv248fip248inf210/data_home.html HTTP/1.1"
2442	2024/02/05 13:46:07	"GET /uv248fip248inf210/images/data/prerequisite_data/prerequisite_data.html HTTP/1.1"
2426	2024/02/05 13:46:52	"GET /uv248fip248inf210/practice_transaction_correction.html HTTP/1.1"
2418	2024/02/05 13:46:58	"GET /uv248fip248inf210/data_home.html HTTP/1.1"
2418	2024/02/05 13:47:05	"GET /uv248fip248inf210/activity_conceptual_modeling.html HTTP/1.1"
2426	2024/02/05 13:47:13	"GET /uv248fip248inf210/practice_sql.html HTTP/1.1"
2418	2024/02/05 13:47:15	"GET /uv248fip248inf210/activity_conceptual_modeling_correction.html HTTP/1.1"
2418	2024/02/05 13:47:19	"GET /uv248fip248inf210/activity_normalization.html HTTP/1.1"
2426	2024/02/05 13:47:20	"GET /uv248fip248inf210/practice_sql_correction.html HTTP/1.1"
2418	2024/02/05 13:47:23	"GET /uv248fip248inf210/activity_normalization_correction.html HTTP/1.1"
2418	2024/02/05 13:47:30	"GET /uv248fip248inf210/lecture_conceptual_modeling.html HTTP/1.1"
2418	2024/02/05 13:47:37	"GET /uv248fip248inf210/lecture_normalization.html HTTP/1.1"
2415	2024/02/05 13:47:55	"GET /uv248fip248inf210/index.html HTTP/1.1"
245	2024/02/05 13:49:00	"GET /uv248fip248inf210/lecture_json.html HTTP/1.1"
241	2024/02/05 13:50:36	"GET /uv248fip248inf210/project_home.html HTTP/1.1"
247	2024/02/05 13:51:41	"GET /uv248fip248inf210/web_architecture_home.html HTTP/1.1"
2415	2024/02/05 13:54:07	"GET /uv248fip248inf210/web_architecture_home.html HTTP/1.1"
2415	2024/02/05 13:54:11	"GET /uv248fip248inf210/data_home.html HTTP/1.1"
2415	2024/02/05 13:54:24	"GET /uv248fip248inf210/lecture_transaction.html HTTP/1.1"
2430	2024/02/05 13:55:02	"GET /uv248fip248inf210/technical_environment_home.html HTTP/1.1"
2430	2024/02/05 13:55:09	"GET /uv248fip248inf210/index.html HTTP/1.1"
2430	2024/02/05 13:55:11	"GET /uv248fip248inf210/data_home.html HTTP/1.1"
2430	2024/02/05 13:55:21	"GET /uv248fip248inf210/lecture_normalization.html HTTP/1.1"
2415	2024/02/05 13:55:25	"GET /uv248fip248inf210/practice_transaction.html HTTP/1.1"
2430	2024/02/05 13:55:35	"GET /uv248fip248inf210/activity_conceptual_modeling.html HTTP/1.1"
2430	2024/02/05 13:55:40	"GET /uv248fip248inf210/activity_normalization.html HTTP/1.1"
2415	2024/02/05 13:55:40	"GET /uv248fip248inf210/practice_transaction_correction.html HTTP/1.1"
2430	2024/02/05 13:55:50	"GET /uv248fip248inf210/activity_decomposition.html HTTP/1.1"
2411	2024/02/05 13:59:06	"GET /uv248fip248inf210/web_architecture_home.html HTTP/1.1"
2414	2024/02/05 14:02:08	"GET /uv248fip248inf210/images/data/prerequisite_data/prerequisite_data.html HTTP/1.1"
2440	2024/02/05 14:02:09	"GET /uv248fip248inf210/technical_environment_home.html HTTP/1.1"
2429	2024/02/05 14:02:09	"GET /uv248fip248inf210/data_home.html HTTP/1.1"
2440	2024/02/05 14:02:12	"GET /uv248fip248inf210/index.html HTTP/1.1"
2439	2024/02/05 14:02:15	"GET /uv248fip248inf210/index.html HTTP/1.1"
2439	2024/02/05 14:02:18	"GET /uv248fip248inf210/web_architecture_home.html HTTP/1.1"
2439	2024/02/05 14:02:23	"GET /uv248fip248inf210/lecture_mvc_spring.html HTTP/1.1"
249	2024/02/05 14:02:30	"GET /uv248fip248inf210/web_architecture_home.html HTTP/1.1"
2440	2024/02/05 14:02:34	"GET /uv248fip248inf210/activity_sql.html HTTP/1.1"
2423	2024/02/05 14:03:57	"GET /uv248fip248inf210/practice_transaction.html HTTP/1.1"
2423	2024/02/05 14:04:04	"GET /uv248fip248inf210/practice_transaction_correction.html HTTP/1.1"
249	2024/02/05 14:05:03	"GET /uv248fip248inf210/data_home.html HTTP/1.1"
249	2024/02/05 14:05:12	"GET /uv248fip248inf210/lecture_normalization.html HTTP/1.1"
2411	2024/02/05 14:08:56	"GET /uv248fip248inf210/data_home.html HTTP/1.1"
2411	2024/02/05 14:09:02	"GET /uv248fip248inf210/images/data/prerequisite_data/prerequisite_data.html HTTP/1.1"
2411	2024/02/05 14:09:04	"GET /uv248fip248inf210/lecture_transaction.html HTTP/1.1"
2419	2024/02/05 14:10:24	"GET /uv248fip248inf210/technical_environment_home.html HTTP/1.1"
2440	2024/02/05 14:10:43	"GET /uv248fip248inf210/practice_xml.html HTTP/1.1"
2419	2024/02/05 14:11:39	"GET /uv248fip248inf210/documentation_docker.html HTTP/1.1"
2440	2024/02/05 14:12:00	"GET /uv248fip248inf210/lecture_transaction.html HTTP/1.1"
2419	2024/02/05 14:12:34	"GET /uv248fip248inf210/practice_docker.html HTTP/1.1"
2411	2024/02/05 14:12:35	"GET /uv248fip248inf210/lecture_isolation.html HTTP/1.1"
2419	2024/02/05 14:13:22	"GET /uv248fip248inf210/practice_docker_advanced.html HTTP/1.1"
2419	2024/02/05 14:13:36	"GET /uv248fip248inf210/documentation_si.html HTTP/1.1"
2438	2024/02/05 14:13:53	"GET /uv248fip248inf210/data_home.html HTTP/1.1"
2438	2024/02/05 14:13:55	"GET /uv248fip248inf210/images/data/prerequisite_data/prerequisite_data.html HTTP/1.1"
2419	2024/02/05 14:13:56	"GET /uv248fip248inf210/documentation_rdbms.html HTTP/1.1"
2419	2024/02/05 14:14:04	"GET /uv248fip248inf210/practice_postgresql.html HTTP/1.1"
2438	2024/02/05 14:14:08	"GET /uv248fip248inf210/lecture_normalization.html HTTP/1.1"
2438	2024/02/05 14:14:24	"GET /uv248fip248inf210/activity_conceptual_modeling.html HTTP/1.1"
2438	2024/02/05 14:14:27	"GET /uv248fip248inf210/activity_normalization.html HTTP/1.1"
2438	2024/02/05 14:14:46	"GET /uv248fip248inf210/activity_decomposition.html HTTP/1.1"
2419	2024/02/05 14:14:54	"GET /uv248fip248inf210/documentation_programming.html HTTP/1.1"
2419	2024/02/05 14:15:13	"GET /uv248fip248inf210/inversion_of_control.html HTTP/1.1"
2419	2024/02/05 14:15:22	"GET /uv248fip248inf210/spring_bean.html HTTP/1.1"
2419	2024/02/05 14:15:29	"GET /uv248fip248inf210/practice_spring.html HTTP/1.1"
2414	2024/02/05 14:16:08	"GET /uv248fip248inf210/practice_sql.html HTTP/1.1"
2415	2024/02/05 14:16:08	"GET /uv248fip248inf210/index.html HTTP/1.1"
2414	2024/02/05 14:16:10	"GET /uv248fip248inf210/practice_sql_correction.html HTTP/1.1"
2415	2024/02/05 14:16:14	"GET /uv248fip248inf210/practice_sql.html HTTP/1.1"
2429	2024/02/05 14:16:30	"GET /uv248fip248inf210/practice_sql.html HTTP/1.1"
2429	2024/02/05 14:16:37	"GET /uv248fip248inf210/practice_sql_correction.html HTTP/1.1"
2415	2024/02/05 14:16:54	"GET /uv248fip248inf210/practice_sql_correction.html HTTP/1.1"
2442	2024/02/05 14:18:32	"GET /uv248fip248inf210/activity_conceptual_modeling.html HTTP/1.1"
2442	2024/02/05 14:18:42	"GET /uv248fip248inf210/lecture_conceptual_modeling.html HTTP/1.1"
2418	2024/02/05 14:18:47	"GET /uv248fip248inf210/lecture_modeling_normalization.html HTTP/1.1"
2418	2024/02/05 14:18:53	"GET /uv248fip248inf210/lecture_conceptual_modeling.html HTTP/1.1"
2442	2024/02/05 14:18:55	"GET /uv248fip248inf210/activity_conceptual_modeling_correction.html HTTP/1.1"
2429	2024/02/05 14:20:02	"GET /uv248fip248inf210/lecture_relational_model.html HTTP/1.1"
2429	2024/02/05 14:20:03	"GET /uv248fip248inf210/lecture_db_integrity.html HTTP/1.1"
2429	2024/02/05 14:20:12	"GET /uv248fip248inf210/activity_relational_model.html HTTP/1.1"
2429	2024/02/05 14:20:27	"GET /uv248fip248inf210/activity_relational_model_correction.html HTTP/1.1"
2439	2024/02/05 14:21:11	"GET /uv248fip248inf210/web_architecture_home.html HTTP/1.1"
2440	2024/02/05 14:22:35	"GET /uv248fip248inf210/practice_transaction.html HTTP/1.1"
2417	2024/02/05 14:22:35	"GET /uv248fip248inf210/lecture_normalization.html HTTP/1.1"
2443	2024/02/05 14:24:47	"GET /uv248fip248inf210/index.html HTTP/1.1"
2410	2024/02/05 14:24:49	"GET /uv248fip248inf210/lecture_dto.html HTTP/1.1"
2410	2024/02/05 14:24:52	"GET /uv248fip248inf210/lecture_xml.html HTTP/1.1"
2443	2024/02/05 14:24:56	"GET /uv248fip248inf210/technical_environment_home.html HTTP/1.1"
2431	2024/02/05 14:24:58	"GET /uv248fip248inf210/project_home.html HTTP/1.1"
245	2024/02/05 14:25:40	"GET /uv248fip248inf210/practice_json.html HTTP/1.1"
2446	2024/02/05 14:26:16	"GET /uv248fip248inf210/lecture_normalization.html HTTP/1.1"
2446	2024/02/05 14:26:22	"GET /uv248fip248inf210/activity_sql.html HTTP/1.1"
2442	2024/02/05 14:26:46	"GET /uv248fip248inf210/practice_transaction.html HTTP/1.1"
2427	2024/02/05 14:26:54	"GET /uv248fip248inf210/data_home.html HTTP/1.1"
2442	2024/02/05 14:26:58	"GET /uv248fip248inf210/lecture_transaction.html HTTP/1.1"
2427	2024/02/05 14:27:00	"GET /uv248fip248inf210/images/data/prerequisite_data/prerequisite_data.html HTTP/1.1"
2427	2024/02/05 14:27:03	"GET /uv248fip248inf210/activity_conceptual_modeling.html HTTP/1.1"
2427	2024/02/05 14:27:07	"GET /uv248fip248inf210/lecture_normalization.html HTTP/1.1"
2427	2024/02/05 14:27:15	"GET /uv248fip248inf210/activity_normalization.html HTTP/1.1"
2427	2024/02/05 14:27:19	"GET /uv248fip248inf210/lecture_conceptual_modeling.html HTTP/1.1"
2431	2024/02/05 14:28:47	"GET /uv248fip248inf210/web_architecture_home.html HTTP/1.1"
2431	2024/02/05 14:28:55	"GET /uv248fip248inf210/data_home.html HTTP/1.1"
2431	2024/02/05 14:29:48	"GET /uv248fip248inf210/images/data/prerequisite_data/prerequisite_data.html HTTP/1.1"
2431	2024/02/05 14:29:53	"GET /uv248fip248inf210/practice_sql.html HTTP/1.1"
2431	2024/02/05 14:29:56	"GET /uv248fip248inf210/practice_sql_correction.html HTTP/1.1"
2431	2024/02/05 14:31:24	"GET /uv248fip248inf210/activity_sql.html HTTP/1.1"
2431	2024/02/05 14:31:28	"GET /uv248fip248inf210/activity_sql_correction.html HTTP/1.1"
2410	2024/02/05 14:31:32	"GET /uv248fip248inf210/practice_xml.html HTTP/1.1"
2431	2024/02/05 14:31:40	"GET /uv248fip248inf210/activity_normalization.html HTTP/1.1"
2431	2024/02/05 14:31:41	"GET /uv248fip248inf210/activity_decomposition.html HTTP/1.1"
2431	2024/02/05 14:31:45	"GET /uv248fip248inf210/activity_normalization_correction.html HTTP/1.1"
2431	2024/02/05 14:32:04	"GET /uv248fip248inf210/activity_decomposition_correction.html HTTP/1.1"
2431	2024/02/05 14:32:20	"GET /uv248fip248inf210/index.html HTTP/1.1"
2440	2024/02/05 14:32:24	"GET /uv248fip248inf210/index.html HTTP/1.1"
247	2024/02/05 14:32:27	"GET /uv248fip248inf210/practice_spring_2tiers.html HTTP/1.1"
2431	2024/02/05 14:32:29	"GET /uv248fip248inf210/images/web_architecture/prerequisite_archiweb/prerequisite_archiweb.html HTTP/1.1"
2421	2024/02/05 14:32:44	"GET /uv248fip248inf210/lecture_normalization.html HTTP/1.1"
2431	2024/02/05 14:32:47	"GET /uv248fip248inf210/practice_json.html HTTP/1.1"
2431	2024/02/05 14:33:01	"GET /uv248fip248inf210/practice_spring_2tiers.html HTTP/1.1"
2442	2024/02/05 14:33:24	"GET /uv248fip248inf210/activity_sql.html HTTP/1.1"
2410	2024/02/05 14:33:40	"GET /uv248fip248inf210/lecture_json.html HTTP/1.1"
2427	2024/02/05 14:33:44	"GET /uv248fip248inf210/activity_decomposition.html HTTP/1.1"
2443	2024/02/05 14:33:44	"GET /uv248fip248inf210/documentation_si.html HTTP/1.1"
2443	2024/02/05 14:33:46	"GET /uv248fip248inf210/practice_postgresql.html HTTP/1.1"
2443	2024/02/05 14:33:47	"GET /uv248fip248inf210/documentation_rdbms.html HTTP/1.1"
2440	2024/02/05 14:33:49	"GET /uv248fip248inf210/lecture_mvc_spring.html HTTP/1.1"
2427	2024/02/05 14:33:54	"GET /uv248fip248inf210/lecture_modeling_normalization.html HTTP/1.1"
2443	2024/02/05 14:33:54	"GET /uv248fip248inf210/data_home.html HTTP/1.1"
2427	2024/02/05 14:33:58	"GET /uv248fip248inf210/activity_conceptual_modeling.html HTTP/1.1"
2410	2024/02/05 14:34:00	"GET /uv248fip248inf210/lecture_jpa.html HTTP/1.1"
247	2024/02/05 14:34:01	"GET /uv248fip248inf210/activity_conceptual_modeling_advanced_correction.html HTTP/1.1"
2443	2024/02/05 14:34:02	"GET /uv248fip248inf210/images/data/prerequisite_data/prerequisite_data.html HTTP/1.1"
2443	2024/02/05 14:34:04	"GET /uv248fip248inf210/lecture_conceptual_modeling.html HTTP/1.1"
2417	2024/02/05 14:34:04	"GET /uv248fip248inf210/index.html HTTP/1.1"
2427	2024/02/05 14:34:06	"GET /uv248fip248inf210/activity_conceptual_modeling_correction.html HTTP/1.1"
2420	2024/02/05 14:34:12	"GET /uv248fip248inf210/activity_sql.html HTTP/1.1"
2410	2024/02/05 14:34:18	"GET /uv248fip248inf210/index.html HTTP/1.1"
2410	2024/02/05 14:34:22	"GET /uv248fip248inf210/data_home.html HTTP/1.1"
2410	2024/02/05 14:34:27	"GET /uv248fip248inf210/lecture_modeling_normalization.html HTTP/1.1"
2410	2024/02/05 14:34:30	"GET /uv248fip248inf210/lecture_conceptual_modeling.html HTTP/1.1"
247	2024/02/05 14:35:08	"GET /uv248fip248inf210/practice_independence_views.html HTTP/1.1"
247	2024/02/05 14:35:12	"GET /uv248fip248inf210/practice_independence_views_correction.html HTTP/1.1"
2430	2024/02/05 14:35:46	"GET /uv248fip248inf210/activity_sql.html HTTP/1.1"
2430	2024/02/05 14:35:47	"GET /uv248fip248inf210/practice_sql.html HTTP/1.1"
2430	2024/02/05 14:35:56	"GET /uv248fip248inf210/practice_advanced_sql.html HTTP/1.1"
2430	2024/02/05 14:35:59	"GET /uv248fip248inf210/lecture_transaction.html HTTP/1.1"
247	2024/02/05 14:36:17	"GET /uv248fip248inf210/lecture_conceptual_modeling.html HTTP/1.1"
2430	2024/02/05 14:38:07	"GET /uv248fip248inf210/lecture_relational_model.html HTTP/1.1"
2430	2024/02/05 14:38:08	"GET /uv248fip248inf210/lecture_relational_algebra.html HTTP/1.1"
2430	2024/02/05 14:38:09	"GET /uv248fip248inf210/lecture_db_integrity.html HTTP/1.1"
2430	2024/02/05 14:38:11	"GET /uv248fip248inf210/lecture_conceptual_modeling.html HTTP/1.1"
2430	2024/02/05 14:38:13	"GET /uv248fip248inf210/lecture_independence_views.html HTTP/1.1"
2417	2024/02/05 14:38:20	"GET /uv248fip248inf210/activity_sql_correction.html HTTP/1.1"
2431	2024/02/05 14:38:49	"GET /uv248fip248inf210/lecture_xml.html HTTP/1.1"
2430	2024/02/05 14:39:21	"GET /uv248fip248inf210/index.html HTTP/1.1"
2430	2024/02/05 14:39:25	"GET /uv248fip248inf210/project_home.html HTTP/1.1"
2430	2024/02/05 14:39:37	"GET /uv248fip248inf210/project_presentation.html HTTP/1.1"
2430	2024/02/05 14:39:43	"GET /uv248fip248inf210/project_evaluation.html HTTP/1.1"
2414	2024/02/05 14:39:45	"GET /uv248fip248inf210/lecture_normalization.html HTTP/1.1"
2430	2024/02/05 14:39:47	"GET /uv248fip248inf210/project_specifications.html HTTP/1.1"
2430	2024/02/05 14:39:51	"GET /uv248fip248inf210/project_task_time.html HTTP/1.1"
2430	2024/02/05 14:39:53	"GET /uv248fip248inf210/project_part1.html HTTP/1.1"
2430	2024/02/05 14:40:01	"GET /uv248fip248inf210/project_part2.html HTTP/1.1"
2410	2024/02/05 14:41:58	"GET /uv248fip248inf210/practice_json.html HTTP/1.1"
2410	2024/02/05 14:42:01	"GET /uv248fip248inf210/practice_spring_2tiers.html HTTP/1.1"
2410	2024/02/05 14:42:50	"GET /uv248fip248inf210/practice_jpa.html HTTP/1.1"
2414	2024/02/05 14:43:50	"GET /uv248fip248inf210/activity_normalization.html HTTP/1.1"
2414	2024/02/05 14:44:14	"GET /uv248fip248inf210/lecture_modeling_normalization.html HTTP/1.1"
2410	2024/02/05 14:44:33	"GET /uv248fip248inf210/lecture_mvc_spring.html HTTP/1.1"
2415	2024/02/05 14:46:28	"GET /uv248fip248inf210/activity_decomposition.html HTTP/1.1"
2439	2024/02/05 14:47:21	"GET /uv248fip248inf210/lecture_jpa.html HTTP/1.1"
2440	2024/02/05 14:47:37	"GET /uv248fip248inf210/lecture_relational_algebra.html HTTP/1.1"
2414	2024/02/05 14:47:59	"GET /uv248fip248inf210/activity_normalization_correction.html HTTP/1.1"
2434	2024/02/05 14:49:09	"GET /uv248fip248inf210/web_architecture_home.html HTTP/1.1"
2434	2024/02/05 14:49:16	"GET /uv248fip248inf210/data_home.html HTTP/1.1"
2434	2024/02/05 14:49:21	"GET /uv248fip248inf210/lecture_relational_model.html HTTP/1.1"
2434	2024/02/05 14:49:25	"GET /uv248fip248inf210/lecture_db_integrity.html HTTP/1.1"
2434	2024/02/05 14:49:30	"GET /uv248fip248inf210/activity_relational_model.html HTTP/1.1"
2434	2024/02/05 14:49:39	"GET /uv248fip248inf210/lecture_modeling_normalization.html HTTP/1.1"
2434	2024/02/05 14:49:53	"GET /uv248fip248inf210/lecture_conceptual_modeling.html HTTP/1.1"
247	2024/02/05 14:51:55	"GET /uv248fip248inf210/activity_sql_correction.html HTTP/1.1"
2417	2024/02/05 14:56:27	"GET /uv248fip248inf210/practice_sql.html HTTP/1.1"
2417	2024/02/05 14:57:17	"GET /uv248fip248inf210/practice_sql_correction.html HTTP/1.1"
246	2024/02/05 15:10:23	"GET /uv248fip248inf210/web_architecture_home.html HTTP/1.1"
2440	2024/02/05 15:18:38	"GET /uv248fip248inf210/index.html HTTP/1.1"
245	2024/02/05 15:21:41	"GET /uv248fip248inf210/lecture_xml.html HTTP/1.1"
245	2024/02/05 15:22:02	"GET /uv248fip248inf210/lecture_validity.html HTTP/1.1"
245	2024/02/05 15:22:37	"GET /uv248fip248inf210/index.html HTTP/1.1"
2446	2024/02/05 15:23:46	"GET /uv248fip248inf210/lecture_normalization.html HTTP/1.1"
2434	2024/02/05 15:25:22	"GET /uv248fip248inf210/data_home.html HTTP/1.1"
2415	2024/02/05 15:25:29	"GET /uv248fip248inf210/web_architecture_home.html HTTP/1.1"
2415	2024/02/05 15:25:47	"GET /uv248fip248inf210/data_home.html HTTP/1.1"
2446	2024/02/05 15:26:13	"GET /uv248fip248inf210/activity_sql.html HTTP/1.1"
2437	2024/02/05 15:26:18	"GET /uv248fip248inf210/technical_environment_home.html HTTP/1.1"
2446	2024/02/05 15:26:30	"GET /uv248fip248inf210/index.html HTTP/1.1"
2437	2024/02/05 15:26:30	"GET /uv248fip248inf210/practice_spring.html HTTP/1.1"
2430	2024/02/05 15:26:30	"GET /uv248fip248inf210/index.html HTTP/1.1"
2446	2024/02/05 15:26:33	"GET /uv248fip248inf210/web_architecture_home.html HTTP/1.1"
2437	2024/02/05 15:26:39	"GET /uv248fip248inf210/practice_postgresql.html HTTP/1.1"
2446	2024/02/05 15:26:40	"GET /uv248fip248inf210/lecture_jpa.html HTTP/1.1"
2437	2024/02/05 15:26:42	"GET /uv248fip248inf210/index.html HTTP/1.1"
2437	2024/02/05 15:26:46	"GET /uv248fip248inf210/project_home.html HTTP/1.1"
2446	2024/02/05 15:26:47	"GET /uv248fip248inf210/practice_jpa.html HTTP/1.1"
2437	2024/02/05 15:26:48	"GET /uv248fip248inf210/data_home.html HTTP/1.1"
2426	2024/02/05 15:26:58	"GET /uv248fip248inf210/web_architecture_home.html HTTP/1.1"
2446	2024/02/05 15:27:01	"GET /uv248fip248inf210/lecture_mvc_spring.html HTTP/1.1"
2426	2024/02/05 15:27:05	"GET /uv248fip248inf210/lecture_mvc_spring.html HTTP/1.1"
247	2024/02/05 15:27:46	"GET /uv248fip248inf210/lecture_xml.html HTTP/1.1"
247	2024/02/05 15:27:49	"GET /uv248fip248inf210/lecture_json.html HTTP/1.1"
247	2024/02/05 15:27:54	"GET /uv248fip248inf210/practice_json.html HTTP/1.1"
247	2024/02/05 15:28:05	"GET /uv248fip248inf210/practice_xml.html HTTP/1.1"
247	2024/02/05 15:28:13	"GET /uv248fip248inf210/lecture_technical_architecture.html HTTP/1.1"
247	2024/02/05 15:28:15	"GET /uv248fip248inf210/lecture_software_architecture.html HTTP/1.1"
2434	2024/02/05 15:30:01	"GET /uv248fip248inf210/technical_environment_home.html HTTP/1.1"
2434	2024/02/05 15:30:05	"GET /uv248fip248inf210/practice_postgresql.html HTTP/1.1"
2434	2024/02/05 15:30:13	"GET /uv248fip248inf210/project_home.html HTTP/1.1"
2434	2024/02/05 15:30:19	"GET /uv248fip248inf210/activity_sql.html HTTP/1.1"
2434	2024/02/05 15:31:19	"GET /uv248fip248inf210/practice_sql.html HTTP/1.1"
2434	2024/02/05 15:31:56	"GET /uv248fip248inf210/lecture_transaction.html HTTP/1.1"
2415	2024/02/05 15:31:57	"GET /uv248fip248inf210/data_home.html HTTP/1.1"
2434	2024/02/05 15:31:59	"GET /uv248fip248inf210/practice_transaction.html HTTP/1.1"
2434	2024/02/05 15:33:36	"GET /uv248fip248inf210/index.html HTTP/1.1"
2442	2024/02/05 15:35:11	"GET /uv248fip248inf210/lecture_technical_architecture.html HTTP/1.1"
2434	2024/02/05 15:35:54	"GET /uv248fip248inf210/activity_sql.html HTTP/1.1"
2443	2024/02/05 15:35:57	"GET /uv248fip248inf210/index.html HTTP/1.1"
2443	2024/02/05 15:36:00	"GET /uv248fip248inf210/technical_environment_home.html HTTP/1.1"
245	2024/02/05 15:36:13	"GET /uv248fip248inf210/lecture_conceptual_modeling.html HTTP/1.1"
2421	2024/02/05 15:36:19	"GET /uv248fip248inf210/web_architecture_home.html HTTP/1.1"
245	2024/02/05 15:36:45	"GET /uv248fip248inf210/activity_conceptual_modeling.html HTTP/1.1"
249	2024/02/05 15:36:50	"GET /uv248fip248inf210/data_home.html HTTP/1.1"
249	2024/02/05 15:36:59	"GET /uv248fip248inf210/lecture_modeling_normalization.html HTTP/1.1"
249	2024/02/05 15:37:05	"GET /uv248fip248inf210/activity_conceptual_modeling.html HTTP/1.1"
249	2024/02/05 15:37:15	"GET /uv248fip248inf210/activity_conceptual_modeling_correction.html HTTP/1.1"
2446	2024/02/05 15:39:18	"GET /uv248fip248inf210/lecture_relational_model.html HTTP/1.1"
2446	2024/02/05 15:39:22	"GET /uv248fip248inf210/lecture_conceptual_modeling.html HTTP/1.1"
2443	2024/02/05 15:40:04	"GET /uv248fip248inf210/documentation_programming.html HTTP/1.1"
2443	2024/02/05 15:40:10	"GET /uv248fip248inf210/inversion_of_control.html HTTP/1.1"
2443	2024/02/05 15:40:20	"GET /uv248fip248inf210/images/technical_environment/prerequisite_techenv/prerequisite_techenv.html HTTP/1.1"
2443	2024/02/05 15:40:31	"GET /uv248fip248inf210/documentation_docker.html HTTP/1.1"
2443	2024/02/05 15:40:37	"GET /uv248fip248inf210/practice_spring.html HTTP/1.1"
2443	2024/02/05 15:42:24	"GET /uv248fip248inf210/practice_docker.html HTTP/1.1"
241	2024/02/05 15:42:51	"GET /uv248fip248inf210/lecture_json.html HTTP/1.1"
2410	2024/02/05 15:44:28	"GET /uv248fip248inf210/index.html HTTP/1.1"
246	2024/02/05 15:44:44	"GET /uv248fip248inf210/index.html HTTP/1.1"
241	2024/02/05 15:45:46	"GET /uv248fip248inf210/practice_json.html HTTP/1.1"
249	2024/02/05 15:46:46	"GET /uv248fip248inf210/lecture_conceptual_modeling.html HTTP/1.1"
2446	2024/02/05 15:47:54	"GET /uv248fip248inf210/lecture_software_architecture.html HTTP/1.1"
2446	2024/02/05 15:48:29	"GET /uv248fip248inf210/lecture_technical_architecture.html HTTP/1.1"
2442	2024/02/05 15:51:24	"GET /uv248fip248inf210/lecture_modeling_normalization.html HTTP/1.1"
2415	2024/02/05 16:00:02	"GET /uv248fip248inf210/index.html HTTP/1.1"
2418	2024/02/05 16:05:50	"GET /uv248fip248inf210/technical_environment_home.html HTTP/1.1"
2418	2024/02/05 16:05:52	"GET /uv248fip248inf210/index.html HTTP/1.1"
2418	2024/02/05 16:05:53	"GET /uv248fip248inf210/web_architecture_home.html HTTP/1.1"
2418	2024/02/05 16:05:56	"GET /uv248fip248inf210/lecture_technical_architecture.html HTTP/1.1"
2418	2024/02/05 16:05:56	"GET /uv248fip248inf210/lecture_software_architecture.html HTTP/1.1"
2418	2024/02/05 16:06:02	"GET /uv248fip248inf210/lecture_technical_architecture.html HTTP/1.1"
247	2024/02/05 16:06:49	"GET /uv248fip248inf210/practice_jpa.html HTTP/1.1"
2435	2024/02/05 16:07:24	"GET /uv248fip248inf210/web_architecture_home.html HTTP/1.1"
2435	2024/02/05 16:07:35	"GET /uv248fip248inf210/technical_environment_home.html HTTP/1.1"
2425	2024/02/05 16:07:40	"GET /uv248fip248inf210/lecture_jpa.html HTTP/1.1"
2435	2024/02/05 16:07:42	"GET /uv248fip248inf210/images/technical_environment/prerequisite_techenv/prerequisite_techenv.html HTTP/1.1"
2435	2024/02/05 16:07:44	"GET /uv248fip248inf210/documentation_docker.html HTTP/1.1"
2410	2024/02/05 16:07:57	"GET /uv248fip248inf210/technical_environment_home.html HTTP/1.1"
2425	2024/02/05 16:07:57	"GET /uv248fip248inf210/practice_jpa.html HTTP/1.1"
2410	2024/02/05 16:08:02	"GET /uv248fip248inf210/documentation_docker.html HTTP/1.1"
2410	2024/02/05 16:08:56	"GET /uv248fip248inf210/practice_docker.html HTTP/1.1"
241	2024/02/05 16:09:20	"GET /uv248fip248inf210/practice_sql.html HTTP/1.1"
241	2024/02/05 16:09:22	"GET /uv248fip248inf210/practice_sql_correction.html HTTP/1.1"
2435	2024/02/05 16:10:07	"GET /uv248fip248inf210/documentation_programming.html HTTP/1.1"
2435	2024/02/05 16:10:21	"GET /uv248fip248inf210/index.html HTTP/1.1"
2435	2024/02/05 16:10:26	"GET /uv248fip248inf210/images/web_architecture/prerequisite_archiweb/prerequisite_archiweb.html HTTP/1.1"
2435	2024/02/05 16:10:28	"GET /uv248fip248inf210/lecture_technical_architecture.html HTTP/1.1"
2435	2024/02/05 16:11:28	"GET /uv248fip248inf210/lecture_software_architecture.html HTTP/1.1"
2422	2024/02/05 17:00:46	"GET /uv248fip248inf210/index.html HTTP/1.1"
247	2024/02/10 15:51:49	"GET /uv248fip248inf210/activity_normalization_correction.html HTTP/1.1"
247	2024/02/10 15:51:54	"GET /uv248fip248inf210/lecture_db_integrity.html HTTP/1.1"
247	2024/02/10 15:52:09	"GET /uv248fip248inf210/index.html HTTP/1.1"
247	2024/02/10 15:52:12	"GET /uv248fip248inf210/web_architecture_home.html HTTP/1.1"
247	2024/02/10 15:52:16	"GET /uv248fip248inf210/lecture_software_architecture.html HTTP/1.1"
247	2024/02/10 15:52:24	"GET /uv248fip248inf210/practice_spring_2tiers.html HTTP/1.1"
247	2024/02/10 15:52:28	"GET /uv248fip248inf210/practice_jpa.html HTTP/1.1"
247	2024/02/10 15:52:34	"GET /uv248fip248inf210/data_home.html HTTP/1.1"
247	2024/02/10 15:52:42	"GET /uv248fip248inf210/lecture_transaction.html HTTP/1.1"
2425	2024/09/02 15:56:29	"GET /uv248fip248inf210/data_home.html HTTP/1.1"
2425	2024/09/02 15:56:50	"GET /uv248fip248inf210/images/data/prerequisite_data/prerequisite_data.html HTTP/1.1"
2425	2024/09/02 15:56:52	"GET /uv248fip248inf210/lecture_modeling_normalization.html HTTP/1.1"
2425	2024/09/02 15:57:38	"GET /uv248fip248inf210/lecture_conceptual_modeling.html HTTP/1.1"
2425	2024/09/02 15:57:41	"GET /uv248fip248inf210/lecture_normalisation.html HTTP/1.1"
2425	2024/09/02 16:17:38	"GET /uv248fip248inf210/lecture_normalisation.html HTTP/1.1"
2415	2024/09/17 11:28:26	"GET /uv248fip248inf210/web_architecture_home.html HTTP/1.1"
2415	2024/09/17 11:28:33	"GET /uv248fip248inf210/project_home.html HTTP/1.1"
2415	2024/09/17 11:29:01	"GET /uv248fip248inf210/project_specifications.html HTTP/1.1"
2430	2024/12/03 10:04:48	"GET /uv248fip248inf210/lecture_dto.html HTTP/1.1"
2430	2024/12/03 10:05:23	"GET /uv248fip248inf210/lecture_xml.html HTTP/1.1"
2430	2024/12/03 10:05:25	"GET /uv248fip248inf210/lecture_xpath.html HTTP/1.1"
2430	2024/12/03 10:05:26	"GET /uv248fip248inf210/lecture_parser.html HTTP/1.1"
2430	2024/12/03 10:05:26	"GET /uv248fip248inf210/lecture_jaxb.html HTTP/1.1"
2430	2024/12/03 10:05:27	"GET /uv248fip248inf210/practice_xml.html HTTP/1.1"
2430	2024/12/03 10:05:28	"GET /uv248fip248inf210/practice_schema_xml.html HTTP/1.1"
2430	2024/12/03 10:05:29	"GET /uv248fip248inf210/practice_xpath.html HTTP/1.1"
2430	2024/12/03 10:05:30	"GET /uv248fip248inf210/practice_apis.html HTTP/1.1"
2430	2024/12/03 10:05:31	"GET /uv248fip248inf210/lecture_json.html HTTP/1.1"
2430	2024/12/03 10:05:36	"GET /uv248fip248inf210/practice_json.html HTTP/1.1"
2430	2024/12/03 10:05:46	"GET /uv248fip248inf210/lecture_jpa.html HTTP/1.1"
2430	2024/12/03 10:07:28	"GET /uv248fip248inf210/practice_jpa_advanced.html HTTP/1.1"
2430	2024/12/03 10:07:38	"GET /uv248fip248inf210/practice_spring_2tiers.html HTTP/1.1"
2430	2024/12/03 10:07:45	"GET /uv248fip248inf210/practice_spring_2tiers_ext.html HTTP/1.1"
241	2024/01/22 09:19:19	"GET /uv248fip248inf210/web_architecture_home.html HTTP/1.1"
241	2024/01/22 09:19:31	"GET /uv248fip248inf210/data_home.html HTTP/1.1"
245	2024/01/22 09:33:34	"GET /uv248fip248inf210/practice_spring_2tiers.html HTTP/1.1"
247	2024/01/22 09:47:46	"GET /uv248fip248inf210/data_home.html HTTP/1.1"
247	2024/01/22 09:47:52	"GET /uv248fip248inf210/practice_advanced_sql.html HTTP/1.1"
2410	2024/01/22 10:10:53	"GET /uv248fip248inf210/practice_docker.html HTTP/1.1"
2410	2024/01/22 10:10:56	"GET /uv248fip248inf210/index.html HTTP/1.1"
241	2024/01/22 10:35:41	"GET /uv248fip248inf210/index.html HTTP/1.1"
241	2024/01/22 10:35:43	"GET /uv248fip248inf210/project_home.html HTTP/1.1"
241	2024/01/22 10:35:50	"GET /uv248fip248inf210/project_presentation.html HTTP/1.1"
241	2024/01/22 10:36:35	"GET /uv248fip248inf210/project_specifications.html HTTP/1.1"
241	2024/01/22 10:36:45	"GET /uv248fip248inf210/project_task_time.html HTTP/1.1"
241	2024/01/22 10:36:53	"GET /uv248fip248inf210/project_part1.html HTTP/1.1"
2431	2024/01/22 13:43:21	"GET /uv248fip248inf210/web_architecture_home.html HTTP/1.1"
2443	2024/01/22 13:44:03	"GET /uv248fip248inf210/index.html HTTP/1.1"
2442	2024/01/22 13:46:29	"GET /uv248fip248inf210/data_home.html HTTP/1.1"
2442	2024/01/22 13:46:31	"GET /uv248fip248inf210/images/data/prerequisite_data/prerequisite_data.html HTTP/1.1"
2414	2024/01/22 13:46:38	"GET /uv248fip248inf210/data_home.html HTTP/1.1"
2413	2024/01/22 13:47:47	"GET /uv248fip248inf210/index.html HTTP/1.1"
2430	2024/01/22 13:47:49	"GET /uv248fip248inf210/technical_environment_home.html HTTP/1.1"
2413	2024/01/22 13:47:52	"GET /uv248fip248inf210/web_architecture_home.html HTTP/1.1"
2440	2024/01/22 13:47:54	"GET /uv248fip248inf210/technical_environment_home.html HTTP/1.1"
2440	2024/01/22 13:48:09	"GET /uv248fip248inf210/index.html HTTP/1.1"
2440	2024/01/22 13:48:12	"GET /uv248fip248inf210/web_architecture_home.html HTTP/1.1"
241	2024/01/22 13:48:21	"GET /uv248fip248inf210/lecture_transaction.html HTTP/1.1"
2440	2024/01/22 13:48:34	"GET /uv248fip248inf210/images/web_architecture/prerequisite_archiweb/prerequisite_archiweb.html HTTP/1.1"
2440	2024/01/22 13:49:01	"GET /uv248fip248inf210/practice_json.html HTTP/1.1"
2430	2024/01/22 13:49:07	"GET /uv248fip248inf210/index.html HTTP/1.1"
2430	2024/01/22 13:49:11	"GET /uv248fip248inf210/web_architecture_home.html HTTP/1.1"
246	2024/01/22 13:49:11	"GET /uv248fip248inf210/web_architecture_home.html HTTP/1.1"
246	2024/01/22 13:49:14	"GET /uv248fip248inf210/images/web_architecture/prerequisite_archiweb/prerequisite_archiweb.html HTTP/1.1"
246	2024/01/22 13:49:16	"GET /uv248fip248inf210/lecture_xml.html HTTP/1.1"
246	2024/01/22 13:49:23	"GET /uv248fip248inf210/lecture_validity.html HTTP/1.1"
246	2024/01/22 13:49:35	"GET /uv248fip248inf210/practice_xml.html HTTP/1.1"
2438	2024/01/22 13:50:23	"GET /uv248fip248inf210/index.html HTTP/1.1"
2432	2024/01/22 13:50:28	"GET /uv248fip248inf210/lecture_mvc_spring.html HTTP/1.1"
2439	2024/01/22 13:50:32	"GET /uv248fip248inf210/practice_sql.html HTTP/1.1"
2438	2024/01/22 13:50:37	"GET /uv248fip248inf210/data_home.html HTTP/1.1"
2438	2024/01/22 13:50:39	"GET /uv248fip248inf210/images/data/prerequisite_data/prerequisite_data.html HTTP/1.1"
2429	2024/01/22 13:50:50	"GET /uv248fip248inf210/web_architecture_home.html HTTP/1.1"
2425	2024/01/22 13:50:55	"GET /uv248fip248inf210/practice_docker.html HTTP/1.1"
2442	2024/01/22 13:50:57	"GET /uv248fip248inf210/web_architecture_home.html HTTP/1.1"
2425	2024/01/22 13:50:58	"GET /uv248fip248inf210/index.html HTTP/1.1"
2442	2024/01/22 13:50:59	"GET /uv248fip248inf210/images/web_architecture/prerequisite_archiweb/prerequisite_archiweb.html HTTP/1.1"
2419	2024/01/22 13:51:00	"GET /uv248fip248inf210/data_home.html HTTP/1.1"
245	2024/01/22 13:51:01	"GET /uv248fip248inf210/practice_spring_2tiers.html HTTP/1.1"
2442	2024/01/22 13:51:01	"GET /uv248fip248inf210/index.html HTTP/1.1"
2419	2024/01/22 13:51:04	"GET /uv248fip248inf210/lecture_transaction.html HTTP/1.1"
2425	2024/01/22 13:51:06	"GET /uv248fip248inf210/web_architecture_home.html HTTP/1.1"
2415	2024/01/22 13:51:12	"GET /uv248fip248inf210/practice_spring_2tiers.html HTTP/1.1"
2438	2024/01/22 13:51:20	"GET /uv248fip248inf210/web_architecture_home.html HTTP/1.1"
2438	2024/01/22 13:51:22	"GET /uv248fip248inf210/images/web_architecture/prerequisite_archiweb/prerequisite_archiweb.html HTTP/1.1"
2429	2024/01/22 13:51:23	"GET /uv248fip248inf210/images/web_architecture/prerequisite_archiweb/prerequisite_archiweb.html HTTP/1.1"
2429	2024/01/22 13:51:24	"GET /uv248fip248inf210/practice_json.html HTTP/1.1"
2419	2024/01/22 13:51:36	"GET /uv248fip248inf210/practice_transaction.html HTTP/1.1"
2413	2024/01/22 13:51:39	"GET /uv248fip248inf210/index.html HTTP/1.1"
2413	2024/01/22 13:51:41	"GET /uv248fip248inf210/data_home.html HTTP/1.1"
2413	2024/01/22 13:51:49	"GET /uv248fip248inf210/images/data/prerequisite_data/prerequisite_data.html HTTP/1.1"
2430	2024/01/22 13:52:02	"GET /uv248fip248inf210/project_home.html HTTP/1.1"
2430	2024/01/22 13:52:04	"GET /uv248fip248inf210/project_part1.html HTTP/1.1"
2439	2024/01/22 13:52:04	"GET /uv248fip248inf210/web_architecture_home.html HTTP/1.1"
2410	2024/01/22 13:52:07	"GET /uv248fip248inf210/data_home.html HTTP/1.1"
2430	2024/01/22 13:52:09	"GET /uv248fip248inf210/project_part2.html HTTP/1.1"
2438	2024/01/22 13:52:10	"GET /uv248fip248inf210/practice_jpa_advanced.html HTTP/1.1"
2410	2024/01/22 13:52:12	"GET /uv248fip248inf210/practice_transaction.html HTTP/1.1"
2438	2024/01/22 13:52:18	"GET /uv248fip248inf210/practice_jpa.html HTTP/1.1"
2414	2024/01/22 13:52:26	"GET /uv248fip248inf210/index.html HTTP/1.1"
2430	2024/01/22 13:52:29	"GET /uv248fip248inf210/data_home.html HTTP/1.1"
2414	2024/01/22 13:52:30	"GET /uv248fip248inf210/web_architecture_home.html HTTP/1.1"
2414	2024/01/22 13:52:32	"GET /uv248fip248inf210/images/web_architecture/prerequisite_archiweb/prerequisite_archiweb.html HTTP/1.1"
2425	2024/01/22 13:52:35	"GET /uv248fip248inf210/images/web_architecture/prerequisite_archiweb/prerequisite_archiweb.html HTTP/1.1"
2425	2024/01/22 13:52:38	"GET /uv248fip248inf210/lecture_dto.html HTTP/1.1"
2443	2024/01/22 13:53:18	"GET /uv248fip248inf210/data_home.html HTTP/1.1"
2413	2024/01/22 13:53:20	"GET /uv248fip248inf210/activity_conceptual_modeling.html HTTP/1.1"
2443	2024/01/22 13:53:22	"GET /uv248fip248inf210/lecture_transaction.html HTTP/1.1"
2423	2024/01/22 13:54:00	"GET /uv248fip248inf210/data_home.html HTTP/1.1"
2445	2024/01/22 13:54:09	"GET /uv248fip248inf210/web_architecture_home.html HTTP/1.1"
2417	2024/01/22 13:54:09	"GET /uv248fip248inf210/practice_spring_2tiers.html HTTP/1.1"
2433	2024/01/22 13:54:18	"GET /uv248fip248inf210/web_architecture_home.html HTTP/1.1"
2415	2024/01/22 13:54:18	"GET /uv248fip248inf210/index.html HTTP/1.1"
247	2024/01/22 13:54:18	"GET /uv248fip248inf210/lecture_transaction.html HTTP/1.1"
2433	2024/01/22 13:54:23	"GET /uv248fip248inf210/practice_jpa.html HTTP/1.1"
2417	2024/01/22 13:54:25	"GET /uv248fip248inf210/index.html HTTP/1.1"
2445	2024/01/22 13:54:29	"GET /uv248fip248inf210/practice_jpa.html HTTP/1.1"
2417	2024/01/22 13:54:30	"GET /uv248fip248inf210/data_home.html HTTP/1.1"
2417	2024/01/22 13:54:41	"GET /uv248fip248inf210/lecture_relational_model.html HTTP/1.1"
2413	2024/01/22 13:54:45	"GET /uv248fip248inf210/practice_sql.html HTTP/1.1"
2413	2024/01/22 13:54:52	"GET /uv248fip248inf210/practice_advanced_sql.html HTTP/1.1"
2427	2024/01/22 13:54:58	"GET /uv248fip248inf210/index.html HTTP/1.1"
2446	2024/01/22 13:55:00	"GET /uv248fip248inf210/lecture_relational_model.html HTTP/1.1"
2427	2024/01/22 13:55:42	"GET /uv248fip248inf210/web_architecture_home.html HTTP/1.1"
2413	2024/01/22 13:55:52	"GET /uv248fip248inf210/practice_transaction.html HTTP/1.1"
2427	2024/01/22 13:55:57	"GET /uv248fip248inf210/images/web_architecture/prerequisite_archiweb/prerequisite_archiweb.html HTTP/1.1"
2427	2024/01/22 13:56:06	"GET /uv248fip248inf210/practice_spring_2tiers.html HTTP/1.1"
2425	2024/01/22 13:56:08	"GET /uv248fip248inf210/lecture_json.html HTTP/1.1"
2413	2024/01/22 13:56:58	"GET /uv248fip248inf210/practice_spring_2tiers.html HTTP/1.1"
2425	2024/01/22 13:58:20	"GET /uv248fip248inf210/practice_json.html HTTP/1.1"
2434	2024/01/22 13:58:25	"GET /uv248fip248inf210/data_home.html HTTP/1.1"
2434	2024/01/22 13:58:27	"GET /uv248fip248inf210/lecture_relational_model.html HTTP/1.1"
2414	2024/01/22 13:58:38	"GET /uv248fip248inf210/practice_transaction.html HTTP/1.1"
2439	2024/01/22 13:59:01	"GET /uv248fip248inf210/practice_sql_correction.html HTTP/1.1"
2414	2024/01/22 13:59:12	"GET /uv248fip248inf210/practice_spring_2tiers.html HTTP/1.1"
2434	2024/01/22 13:59:52	"GET /uv248fip248inf210/project_home.html HTTP/1.1"
2417	2024/01/22 13:59:53	"GET /uv248fip248inf210/lecture_db_integrity.html HTTP/1.1"
2434	2024/01/22 14:00:00	"GET /uv248fip248inf210/technical_environment_home.html HTTP/1.1"
2434	2024/01/22 14:00:12	"GET /uv248fip248inf210/data_home.html HTTP/1.1"
2434	2024/01/22 14:00:13	"GET /uv248fip248inf210/lecture_relational_model.html HTTP/1.1"
2434	2024/01/22 14:00:20	"GET /uv248fip248inf210/lecture_transaction.html HTTP/1.1"
2441	2024/01/22 14:00:23	"GET /uv248fip248inf210/web_architecture_home.html HTTP/1.1"
2434	2024/01/22 14:00:24	"GET /uv248fip248inf210/practice_transaction.html HTTP/1.1"
2441	2024/01/22 14:00:29	"GET /uv248fip248inf210/data_home.html HTTP/1.1"
2441	2024/01/22 14:00:38	"GET /uv248fip248inf210/practice_spring_2tiers.html HTTP/1.1"
2442	2024/01/22 14:00:42	"GET /uv248fip248inf210/activity_sql.html HTTP/1.1"
2430	2024/01/22 14:01:34	"GET /uv248fip248inf210/practice_spring_2tiers_ext.html HTTP/1.1"
2426	2024/01/22 14:01:36	"GET /uv248fip248inf210/activity_normalization_correction.html HTTP/1.1"
2430	2024/01/22 14:01:37	"GET /uv248fip248inf210/practice_jpa_advanced.html HTTP/1.1"
2414	2024/01/22 14:01:47	"GET /uv248fip248inf210/images/data/prerequisite_data/prerequisite_data.html HTTP/1.1"
2430	2024/01/22 14:01:58	"GET /uv248fip248inf210/lecture_technical_architecture.html HTTP/1.1"
2430	2024/01/22 14:02:02	"GET /uv248fip248inf210/images/web_architecture/prerequisite_archiweb/prerequisite_archiweb.html HTTP/1.1"
2430	2024/01/22 14:02:05	"GET /uv248fip248inf210/images/data/prerequisite_data/prerequisite_data.html HTTP/1.1"
2431	2024/01/22 14:02:28	"GET /uv248fip248inf210/images/web_architecture/prerequisite_archiweb/prerequisite_archiweb.html HTTP/1.1"
2441	2024/01/22 14:02:49	"GET /uv248fip248inf210/practice_jpa.html HTTP/1.1"
2423	2024/01/22 14:02:50	"GET /uv248fip248inf210/activity_sql.html HTTP/1.1"
2423	2024/01/22 14:02:52	"GET /uv248fip248inf210/images/data/prerequisite_data/prerequisite_data.html HTTP/1.1"
2435	2024/01/22 14:03:08	"GET /uv248fip248inf210/web_architecture_home.html HTTP/1.1"
2431	2024/01/22 14:03:09	"GET /uv248fip248inf210/lecture_jpa.html HTTP/1.1"
2423	2024/01/22 14:03:09	"GET /uv248fip248inf210/activity_conceptual_modeling.html HTTP/1.1"
2416	2024/01/22 14:03:14	"GET /uv248fip248inf210/web_architecture_home.html HTTP/1.1"
2440	2024/01/22 14:03:21	"GET /uv248fip248inf210/lecture_json.html HTTP/1.1"
2416	2024/01/22 14:03:21	"GET /uv248fip248inf210/images/web_architecture/prerequisite_archiweb/prerequisite_archiweb.html HTTP/1.1"
2416	2024/01/22 14:03:23	"GET /uv248fip248inf210/lecture_mvc_spring.html HTTP/1.1"
2435	2024/01/22 14:03:31	"GET /uv248fip248inf210/data_home.html HTTP/1.1"
2423	2024/01/22 14:03:38	"GET /uv248fip248inf210/practice_sql.html HTTP/1.1"
2431	2024/01/22 14:03:46	"GET /uv248fip248inf210/index.html HTTP/1.1"
2431	2024/01/22 14:03:50	"GET /uv248fip248inf210/data_home.html HTTP/1.1"
2431	2024/01/22 14:03:52	"GET /uv248fip248inf210/images/data/prerequisite_data/prerequisite_data.html HTTP/1.1"
2430	2024/01/22 14:04:57	"GET /uv248fip248inf210/practice_spring_2tiers.html HTTP/1.1"
2414	2024/01/22 14:05:08	"GET /uv248fip248inf210/lecture_transaction.html HTTP/1.1"
2414	2024/01/22 14:05:09	"GET /uv248fip248inf210/practice_transaction.html HTTP/1.1"
2423	2024/01/22 14:05:35	"GET /uv248fip248inf210/documentation_rdbms.html HTTP/1.1"
2423	2024/01/22 14:05:52	"GET /uv248fip248inf210/technical_environment_home.html HTTP/1.1"
2435	2024/01/22 14:06:03	"GET /uv248fip248inf210/practice_sql.html HTTP/1.1"
2423	2024/01/22 14:06:09	"GET /uv248fip248inf210/documentation_si.html HTTP/1.1"
2441	2024/01/22 14:06:38	"GET /uv248fip248inf210/lecture_xml.html HTTP/1.1"
2441	2024/01/22 14:06:44	"GET /uv248fip248inf210/practice_xml.html HTTP/1.1"
2423	2024/01/22 14:06:47	"GET /uv248fip248inf210/practice_postgresql.html HTTP/1.1"
2437	2024/01/22 14:07:07	"GET /uv248fip248inf210/index.html HTTP/1.1"
2437	2024/01/22 14:07:12	"GET /uv248fip248inf210/web_architecture_home.html HTTP/1.1"
2437	2024/01/22 14:07:14	"GET /uv248fip248inf210/practice_spring_2tiers.html HTTP/1.1"
2437	2024/01/22 14:07:26	"GET /uv248fip248inf210/practice_jpa.html HTTP/1.1"
2439	2024/01/22 14:09:46	"GET /uv248fip248inf210/lecture_transaction.html HTTP/1.1"
2431	2024/01/22 14:10:37	"GET /uv248fip248inf210/activity_decomposition.html HTTP/1.1"
2444	2024/01/22 14:11:32	"GET /uv248fip248inf210/data_home.html HTTP/1.1"
2444	2024/01/22 14:11:38	"GET /uv248fip248inf210/activity_sql.html HTTP/1.1"
2430	2024/01/22 14:11:56	"GET /uv248fip248inf210/activity_relational_model.html HTTP/1.1"
2430	2024/01/22 14:11:59	"GET /uv248fip248inf210/activity_conceptual_modeling.html HTTP/1.1"
2430	2024/01/22 14:12:05	"GET /uv248fip248inf210/activity_normalization.html HTTP/1.1"
2442	2024/01/22 14:13:02	"GET /uv248fip248inf210/technical_environment_home.html HTTP/1.1"
2422	2024/01/22 14:13:06	"GET /uv248fip248inf210/index.html HTTP/1.1"
2442	2024/01/22 14:13:09	"GET /uv248fip248inf210/practice_postgresql.html HTTP/1.1"
2422	2024/01/22 14:13:13	"GET /uv248fip248inf210/data_home.html HTTP/1.1"
2422	2024/01/22 14:13:17	"GET /uv248fip248inf210/lecture_relational_model.html HTTP/1.1"
2422	2024/01/22 14:13:22	"GET /uv248fip248inf210/lecture_db_integrity.html HTTP/1.1"
2435	2024/01/22 14:13:28	"GET /uv248fip248inf210/practice_sql_correction.html HTTP/1.1"
2439	2024/01/22 14:14:04	"GET /uv248fip248inf210/practice_transaction.html HTTP/1.1"
2439	2024/01/22 14:14:14	"GET /uv248fip248inf210/practice_transaction_correction.html HTTP/1.1"
2449	2024/01/22 14:14:56	"GET /uv248fip248inf210/data_home.html HTTP/1.1"
2449	2024/01/22 14:15:03	"GET /uv248fip248inf210/lecture_modeling_normalization.html HTTP/1.1"
247	2024/01/22 14:15:09	"GET /uv248fip248inf210/lecture_isolation.html HTTP/1.1"
2444	2024/01/22 14:15:10	"GET /uv248fip248inf210/practice_sql.html HTTP/1.1"
2444	2024/01/22 14:15:13	"GET /uv248fip248inf210/index.html HTTP/1.1"
2446	2024/01/22 14:15:13	"GET /uv248fip248inf210/lecture_db_integrity.html HTTP/1.1"
247	2024/01/22 14:15:14	"GET /uv248fip248inf210/lecture_indexation.html HTTP/1.1"
2449	2024/01/22 14:15:17	"GET /uv248fip248inf210/activity_sql.html HTTP/1.1"
2444	2024/01/22 14:15:18	"GET /uv248fip248inf210/images/data/prerequisite_data/prerequisite_data.html HTTP/1.1"
2449	2024/01/22 14:15:54	"GET /uv248fip248inf210/index.html HTTP/1.1"
2449	2024/01/22 14:16:04	"GET /uv248fip248inf210/images/data/prerequisite_data/prerequisite_data.html HTTP/1.1"
2412	2024/01/22 14:16:47	"GET /uv248fip248inf210/data_home.html HTTP/1.1"
2412	2024/01/22 14:16:58	"GET /uv248fip248inf210/images/data/prerequisite_data/prerequisite_data.html HTTP/1.1"
2412	2024/01/22 14:16:59	"GET /uv248fip248inf210/activity_decomposition.html HTTP/1.1"
2419	2024/01/22 14:17:12	"GET /uv248fip248inf210/index.html HTTP/1.1"
2419	2024/01/22 14:17:15	"GET /uv248fip248inf210/web_architecture_home.html HTTP/1.1"
2419	2024/01/22 14:17:26	"GET /uv248fip248inf210/lecture_mvc_spring.html HTTP/1.1"
241	2024/01/22 14:17:27	"GET /uv248fip248inf210/lecture_isolation.html HTTP/1.1"
249	2024/01/22 14:17:37	"GET /uv248fip248inf210/data_home.html HTTP/1.1"
247	2024/01/22 14:17:46	"GET /uv248fip248inf210/practice_transaction.html HTTP/1.1"
249	2024/01/22 14:18:03	"GET /uv248fip248inf210/practice_transaction.html HTTP/1.1"
2441	2024/01/22 14:18:14	"GET /uv248fip248inf210/lecture_dto.html HTTP/1.1"
2441	2024/01/22 14:18:29	"GET /uv248fip248inf210/lecture_json.html HTTP/1.1"
249	2024/01/22 14:18:38	"GET /uv248fip248inf210/lecture_modeling_normalization.html HTTP/1.1"
2441	2024/01/22 14:19:12	"GET /uv248fip248inf210/index.html HTTP/1.1"
2441	2024/01/22 14:19:21	"GET /uv248fip248inf210/activity_relational_model.html HTTP/1.1"
2441	2024/01/22 14:19:26	"GET /uv248fip248inf210/activity_conceptual_modeling.html HTTP/1.1"
2441	2024/01/22 14:19:30	"GET /uv248fip248inf210/practice_sql.html HTTP/1.1"
2425	2024/01/22 14:21:09	"GET /uv248fip248inf210/lecture_dto.html HTTP/1.1"
246	2024/01/22 14:21:13	"GET /uv248fip248inf210/index.html HTTP/1.1"
246	2024/01/22 14:21:15	"GET /uv248fip248inf210/data_home.html HTTP/1.1"
246	2024/01/22 14:21:16	"GET /uv248fip248inf210/images/data/prerequisite_data/prerequisite_data.html HTTP/1.1"
2425	2024/01/22 14:21:16	"GET /uv248fip248inf210/data_home.html HTTP/1.1"
2425	2024/01/22 14:21:19	"GET /uv248fip248inf210/images/data/prerequisite_data/prerequisite_data.html HTTP/1.1"
2412	2024/01/22 14:23:00	"GET /uv248fip248inf210/practice_advanced_sql.html HTTP/1.1"
2412	2024/01/22 14:23:09	"GET /uv248fip248inf210/activity_decomposition.html HTTP/1.1"
2412	2024/01/22 14:23:13	"GET /uv248fip248inf210/index.html HTTP/1.1"
241	2024/01/22 14:23:26	"GET /uv248fip248inf210/practice_transaction.html HTTP/1.1"
2412	2024/01/22 14:23:26	"GET /uv248fip248inf210/web_architecture_home.html HTTP/1.1"
2418	2024/01/22 14:24:14	"GET /uv248fip248inf210/data_home.html HTTP/1.1"
2418	2024/01/22 14:24:20	"GET /uv248fip248inf210/practice_transaction.html HTTP/1.1"
2418	2024/01/22 14:24:42	"GET /uv248fip248inf210/web_architecture_home.html HTTP/1.1"
2418	2024/01/22 14:24:57	"GET /uv248fip248inf210/lecture_validity.html HTTP/1.1"
2434	2024/01/22 14:25:23	"GET /uv248fip248inf210/lecture_db_integrity.html HTTP/1.1"
2449	2024/01/22 14:26:12	"GET /uv248fip248inf210/activity_conceptual_modeling.html HTTP/1.1"
2444	2024/01/22 14:27:38	"GET /uv248fip248inf210/lecture_normalization.html HTTP/1.1"
241	2024/01/22 14:28:18	"GET /uv248fip248inf210/images/data/prerequisite_data/prerequisite_data.html HTTP/1.1"
2443	2024/01/22 14:28:26	"GET /uv248fip248inf210/practice_transaction.html HTTP/1.1"
2442	2024/01/22 14:28:31	"GET /uv248fip248inf210/activity_sql_correction.html HTTP/1.1"
2432	2024/01/22 14:28:36	"GET /uv248fip248inf210/lecture_jpa.html HTTP/1.1"
2425	2024/01/22 14:29:03	"GET /uv248fip248inf210/lecture_xml.html HTTP/1.1"
2420	2024/01/22 14:29:47	"GET /uv248fip248inf210/data_home.html HTTP/1.1"
2421	2024/01/22 14:29:48	"GET /uv248fip248inf210/data_home.html HTTP/1.1"
2420	2024/01/22 14:29:51	"GET /uv248fip248inf210/activity_decomposition.html HTTP/1.1"
2421	2024/01/22 14:29:51	"GET /uv248fip248inf210/activity_sql.html HTTP/1.1"
2434	2024/01/22 14:29:51	"GET /uv248fip248inf210/activity_relational_model.html HTTP/1.1"
2434	2024/01/22 14:29:52	"GET /uv248fip248inf210/lecture_relational_algebra.html HTTP/1.1"
2412	2024/01/22 14:29:57	"GET /uv248fip248inf210/activity_normalization.html HTTP/1.1"
2420	2024/01/22 14:29:57	"GET /uv248fip248inf210/activity_sql.html HTTP/1.1"
2426	2024/01/22 14:30:06	"GET /uv248fip248inf210/activity_decomposition.html HTTP/1.1"
2430	2024/01/22 14:30:07	"GET /uv248fip248inf210/lecture_validity.html HTTP/1.1"
2430	2024/01/22 14:30:11	"GET /uv248fip248inf210/lecture_xml.html HTTP/1.1"
249	2024/01/22 14:30:40	"GET /uv248fip248inf210/practice_transaction.html HTTP/1.1"
249	2024/01/22 14:30:53	"GET /uv248fip248inf210/technical_environment_home.html HTTP/1.1"
2441	2024/01/22 14:31:35	"GET /uv248fip248inf210/practice_json.html HTTP/1.1"
2442	2024/01/22 14:31:42	"GET /uv248fip248inf210/activity_conceptual_modeling.html HTTP/1.1"
2420	2024/01/22 14:31:59	"GET /uv248fip248inf210/index.html HTTP/1.1"
2420	2024/01/22 14:32:03	"GET /uv248fip248inf210/images/data/prerequisite_data/prerequisite_data.html HTTP/1.1"
249	2024/01/22 14:32:48	"GET /uv248fip248inf210/web_architecture_home.html HTTP/1.1"
2412	2024/01/22 14:33:22	"GET /uv248fip248inf210/activity_decomposition.html HTTP/1.1"
2436	2024/01/22 14:33:24	"GET /uv248fip248inf210/practice_jpa.html HTTP/1.1"
2442	2024/01/22 14:33:30	"GET /uv248fip248inf210/practice_jpa.html HTTP/1.1"
2449	2024/01/22 14:33:37	"GET /uv248fip248inf210/web_architecture_home.html HTTP/1.1"
2412	2024/01/22 14:33:39	"GET /uv248fip248inf210/index.html HTTP/1.1"
2436	2024/01/22 14:33:48	"GET /uv248fip248inf210/lecture_jpa.html HTTP/1.1"
2447	2024/01/22 14:34:27	"GET /uv248fip248inf210/web_architecture_home.html HTTP/1.1"
2447	2024/01/22 14:34:30	"GET /uv248fip248inf210/practice_xml.html HTTP/1.1"
249	2024/01/22 14:34:49	"GET /uv248fip248inf210/data_home.html HTTP/1.1"
249	2024/01/22 14:34:51	"GET /uv248fip248inf210/images/data/prerequisite_data/prerequisite_data.html HTTP/1.1"
2439	2024/01/22 14:34:53	"GET /uv248fip248inf210/practice_transaction.html HTTP/1.1"
2440	2024/01/22 14:35:11	"GET /uv248fip248inf210/practice_xml.html HTTP/1.1"
2418	2024/01/22 14:35:21	"GET /uv248fip248inf210/lecture_transaction.html HTTP/1.1"
2442	2024/01/22 14:35:27	"GET /uv248fip248inf210/practice_sql.html HTTP/1.1"
2410	2024/01/22 14:35:36	"GET /uv248fip248inf210/lecture_transaction.html HTTP/1.1"
2447	2024/01/22 14:36:16	"GET /uv248fip248inf210/lecture_validity.html HTTP/1.1"
2434	2024/01/22 14:36:46	"GET /uv248fip248inf210/index.html HTTP/1.1"
2434	2024/01/22 14:36:47	"GET /uv248fip248inf210/web_architecture_home.html HTTP/1.1"
2434	2024/01/22 14:37:25	"GET /uv248fip248inf210/images/web_architecture/prerequisite_archiweb/prerequisite_archiweb.html HTTP/1.1"
2446	2024/01/22 14:38:12	"GET /uv248fip248inf210/activity_relational_model.html HTTP/1.1"
247	2024/01/22 14:39:30	"GET /uv248fip248inf210/lecture_relational_model.html HTTP/1.1"
247	2024/01/22 14:39:38	"GET /uv248fip248inf210/lecture_db_integrity.html HTTP/1.1"
247	2024/01/22 14:39:44	"GET /uv248fip248inf210/lecture_relational_algebra.html HTTP/1.1"
247	2024/01/22 14:39:48	"GET /uv248fip248inf210/activity_relational_model.html HTTP/1.1"
2417	2024/01/22 14:40:24	"GET /uv248fip248inf210/activity_relational_model.html HTTP/1.1"
2410	2024/01/22 14:40:40	"GET /uv248fip248inf210/technical_environment_home.html HTTP/1.1"
2410	2024/01/22 14:40:46	"GET /uv248fip248inf210/web_architecture_home.html HTTP/1.1"
2441	2024/01/22 14:43:53	"GET /uv248fip248inf210/practice_apis.html HTTP/1.1"
2441	2024/01/22 14:43:54	"GET /uv248fip248inf210/practice_json.html HTTP/1.1"
2415	2024/01/22 14:44:43	"GET /uv248fip248inf210/web_architecture_home.html HTTP/1.1"
2418	2024/01/22 14:46:09	"GET /uv248fip248inf210/images/data/prerequisite_data/prerequisite_data.html HTTP/1.1"
246	2024/01/22 14:46:46	"GET /uv248fip248inf210/lecture_jpa.html HTTP/1.1"
2433	2024/01/22 14:46:50	"GET /uv248fip248inf210/practice_spring_2tiers.html HTTP/1.1"
2418	2024/01/22 14:48:49	"GET /uv248fip248inf210/lecture_conceptual_modeling.html HTTP/1.1"
2432	2024/01/22 14:48:58	"GET /uv248fip248inf210/practice_jpa.html HTTP/1.1"
2425	2024/01/22 14:49:02	"GET /uv248fip248inf210/lecture_validity.html HTTP/1.1"
2425	2024/01/22 14:49:08	"GET /uv248fip248inf210/practice_xml.html HTTP/1.1"
2432	2024/01/22 14:49:13	"GET /uv248fip248inf210/practice_spring_2tiers.html HTTP/1.1"
2443	2024/01/22 14:51:01	"GET /uv248fip248inf210/technical_environment_home.html HTTP/1.1"
2443	2024/01/22 14:51:11	"GET /uv248fip248inf210/documentation_programming.html HTTP/1.1"
2443	2024/01/22 14:51:18	"GET /uv248fip248inf210/practice_spring.html HTTP/1.1"
2439	2024/01/22 14:51:27	"GET /uv248fip248inf210/lecture_technical_architecture.html HTTP/1.1"
2420	2024/01/22 14:52:18	"GET /uv248fip248inf210/practice_sql.html HTTP/1.1"
2447	2024/01/22 14:52:43	"GET /uv248fip248inf210/index.html HTTP/1.1"
2447	2024/01/22 14:52:47	"GET /uv248fip248inf210/data_home.html HTTP/1.1"
2447	2024/01/22 14:52:51	"GET /uv248fip248inf210/images/data/prerequisite_data/prerequisite_data.html HTTP/1.1"
246	2024/01/22 14:53:34	"GET /uv248fip248inf210/practice_jpa.html HTTP/1.1"
2441	2024/01/22 14:53:45	"GET /uv248fip248inf210/practice_jpa.html HTTP/1.1"
2447	2024/01/22 14:53:55	"GET /uv248fip248inf210/lecture_relational_model.html HTTP/1.1"
2422	2024/01/22 14:54:16	"GET /uv248fip248inf210/activity_conceptual_modeling.html HTTP/1.1"
2422	2024/01/22 14:54:26	"GET /uv248fip248inf210/activity_normalization.html HTTP/1.1"
2447	2024/01/22 14:54:30	"GET /uv248fip248inf210/lecture_relational_model.html HTTP/1.1"
2444	2024/01/22 14:54:48	"GET /uv248fip248inf210/activity_sql_correction.html HTTP/1.1"
2422	2024/01/22 14:54:54	"GET /uv248fip248inf210/activity_decomposition.html HTTP/1.1"
2419	2024/01/22 14:56:55	"GET /uv248fip248inf210/lecture_jpa.html HTTP/1.1"
2447	2024/01/22 14:57:02	"GET /uv248fip248inf210/lecture_modeling_normalization.html HTTP/1.1"
2443	2024/01/22 14:57:02	"GET /uv248fip248inf210/project_home.html HTTP/1.1"
2443	2024/01/22 14:57:08	"GET /uv248fip248inf210/project_presentation.html HTTP/1.1"
2441	2024/01/22 14:57:20	"GET /uv248fip248inf210/lecture_technical_architecture.html HTTP/1.1"
2419	2024/01/22 14:57:34	"GET /uv248fip248inf210/practice_jpa.html HTTP/1.1"
247	2024/01/22 14:57:45	"GET /uv248fip248inf210/practice_transaction_correction.html HTTP/1.1"
2443	2024/01/22 14:57:46	"GET /uv248fip248inf210/project_specifications.html HTTP/1.1"
241	2024/01/22 14:58:33	"GET /uv248fip248inf210/practice_transaction_correction.html HTTP/1.1"
2441	2024/01/22 14:59:01	"GET /uv248fip248inf210/practice_schema_xml.html HTTP/1.1"
2447	2024/01/22 14:59:39	"GET /uv248fip248inf210/lecture_conceptual_modeling.html HTTP/1.1"
2443	2024/01/22 15:01:07	"GET /uv248fip248inf210/project_part1.html HTTP/1.1"
2433	2024/01/22 15:02:39	"GET /uv248fip248inf210/lecture_mvc_spring.html HTTP/1.1"
2429	2024/01/22 15:21:27	"GET /uv248fip248inf210/index.html HTTP/1.1"
2440	2024/01/22 15:21:32	"GET /uv248fip248inf210/data_home.html HTTP/1.1"
2429	2024/01/22 15:21:33	"GET /uv248fip248inf210/data_home.html HTTP/1.1"
2429	2024/01/22 15:21:36	"GET /uv248fip248inf210/lecture_relational_model.html HTTP/1.1"
2429	2024/01/22 15:21:53	"GET /uv248fip248inf210/images/data/prerequisite_data/prerequisite_data.html HTTP/1.1"
2440	2024/01/22 15:21:56	"GET /uv248fip248inf210/images/data/prerequisite_data/prerequisite_data.html HTTP/1.1"
2436	2024/01/22 15:21:58	"GET /uv248fip248inf210/index.html HTTP/1.1"
2436	2024/01/22 15:22:02	"GET /uv248fip248inf210/technical_environment_home.html HTTP/1.1"
2426	2024/01/22 15:22:10	"GET /uv248fip248inf210/activity_decomposition_correction.html HTTP/1.1"
2436	2024/01/22 15:22:22	"GET /uv248fip248inf210/documentation_programming.html HTTP/1.1"
2436	2024/01/22 15:22:23	"GET /uv248fip248inf210/inversion_of_control.html HTTP/1.1"
2436	2024/01/22 15:22:24	"GET /uv248fip248inf210/practice_spring.html HTTP/1.1"
2436	2024/01/22 15:22:29	"GET /uv248fip248inf210/documentation_si.html HTTP/1.1"
2436	2024/01/22 15:22:29	"GET /uv248fip248inf210/documentation_rdbms.html HTTP/1.1"
2436	2024/01/22 15:22:30	"GET /uv248fip248inf210/practice_postgresql.html HTTP/1.1"
2442	2024/01/22 15:23:26	"GET /uv248fip248inf210/practice_sql_correction.html HTTP/1.1"
2436	2024/01/22 15:23:42	"GET /uv248fip248inf210/documentation_docker.html HTTP/1.1"
2436	2024/01/22 15:23:46	"GET /uv248fip248inf210/practice_docker.html HTTP/1.1"
2436	2024/01/22 15:23:52	"GET /uv248fip248inf210/web_architecture_home.html HTTP/1.1"
2438	2024/01/22 15:24:23	"GET /uv248fip248inf210/practice_spring_2tiers.html HTTP/1.1"
2430	2024/01/22 15:24:40	"GET /uv248fip248inf210/lecture_xpath.html HTTP/1.1"
2430	2024/01/22 15:24:42	"GET /uv248fip248inf210/lecture_parser.html HTTP/1.1"
2426	2024/01/22 15:25:03	"GET /uv248fip248inf210/practice_independence_views.html HTTP/1.1"
2426	2024/01/22 15:27:07	"GET /uv248fip248inf210/activity_sql.html HTTP/1.1"
2440	2024/01/22 15:27:24	"GET /uv248fip248inf210/lecture_relational_model.html HTTP/1.1"
2439	2024/01/22 15:31:23	"GET /uv248fip248inf210/lecture_software_architecture.html HTTP/1.1"
2440	2024/01/22 15:32:24	"GET /uv248fip248inf210/lecture_db_integrity.html HTTP/1.1"
245	2024/01/22 15:45:01	"GET /uv248fip248inf210/images/web_architecture/prerequisite_archiweb/prerequisite_archiweb.html HTTP/1.1"
245	2024/01/22 15:45:07	"GET /uv248fip248inf210/lecture_mvc_spring.html HTTP/1.1"
2444	2024/01/22 15:45:50	"GET /uv248fip248inf210/practice_sql_correction.html HTTP/1.1"
241	2024/01/22 15:46:51	"GET /uv248fip248inf210/practice_isolation.html HTTP/1.1"
2430	2024/01/22 15:47:15	"GET /uv248fip248inf210/lecture_jaxb.html HTTP/1.1"
2426	2024/01/22 15:51:04	"GET /uv248fip248inf210/activity_sql_correction.html HTTP/1.1"
2426	2024/01/22 15:53:00	"GET /uv248fip248inf210/practice_sql.html HTTP/1.1"
2440	2024/01/22 15:55:09	"GET /uv248fip248inf210/activity_relational_model.html HTTP/1.1"
2434	2024/01/22 15:55:48	"GET /uv248fip248inf210/lecture_modeling_normalization.html HTTP/1.1"
247	2024/01/22 16:06:34	"GET /uv248fip248inf210/index.html HTTP/1.1"
247	2024/01/22 16:06:43	"GET /uv248fip248inf210/project_home.html HTTP/1.1"
247	2024/01/22 16:06:45	"GET /uv248fip248inf210/project_presentation.html HTTP/1.1"
247	2024/01/22 16:06:46	"GET /uv248fip248inf210/project_evaluation.html HTTP/1.1"
2447	2024/01/22 16:07:12	"GET /uv248fip248inf210/activity_conceptual_modeling.html HTTP/1.1"
2438	2024/01/22 16:11:21	"GET /uv248fip248inf210/activity_relational_model.html HTTP/1.1"
247	2024/01/22 16:12:05	"GET /uv248fip248inf210/project_specifications.html HTTP/1.1"
2430	2024/01/22 16:12:42	"GET /uv248fip248inf210/practice_xml.html HTTP/1.1"
247	2024/01/22 16:12:52	"GET /uv248fip248inf210/project_task_time.html HTTP/1.1"
247	2024/01/22 16:13:02	"GET /uv248fip248inf210/project_part1.html HTTP/1.1"
2437	2024/01/22 16:13:39	"GET /uv248fip248inf210/data_home.html HTTP/1.1"
2437	2024/01/22 16:13:42	"GET /uv248fip248inf210/lecture_relational_model.html HTTP/1.1"
2437	2024/01/22 16:14:05	"GET /uv248fip248inf210/lecture_db_integrity.html HTTP/1.1"
2418	2024/01/22 16:14:53	"GET /uv248fip248inf210/lecture_relational_model.html HTTP/1.1"
2418	2024/01/22 16:15:43	"GET /uv248fip248inf210/lecture_db_integrity.html HTTP/1.1"
2437	2024/01/22 16:15:54	"GET /uv248fip248inf210/activity_relational_model.html HTTP/1.1"
2418	2024/01/22 16:17:10	"GET /uv248fip248inf210/lecture_relational_algebra.html HTTP/1.1"
2441	2024/01/22 16:17:16	"GET /uv248fip248inf210/practice_json.html HTTP/1.1"
2439	2024/01/22 16:17:26	"GET /uv248fip248inf210/lecture_mvc_spring.html HTTP/1.1"
2434	2024/01/22 16:23:58	"GET /uv248fip248inf210/technical_environment_home.html HTTP/1.1"
2434	2024/01/22 16:24:05	"GET /uv248fip248inf210/lecture_modeling_normalization.html HTTP/1.1"
2418	2024/01/22 16:24:12	"GET /uv248fip248inf210/lecture_modeling_normalization.html HTTP/1.1"
2444	2024/01/22 16:24:53	"GET /uv248fip248inf210/lecture_transaction.html HTTP/1.1"
2415	2024/01/22 16:25:52	"GET /uv248fip248inf210/practice_spring_2tiers_ext.html HTTP/1.1"
2430	2024/01/22 16:30:03	"GET /uv248fip248inf210/practice_schema_xml.html HTTP/1.1"
2434	2024/01/22 16:30:06	"GET /uv248fip248inf210/lecture_conceptual_modeling.html HTTP/1.1"
2434	2024/01/22 16:30:07	"GET /uv248fip248inf210/lecture_normalisation.html HTTP/1.1"
2436	2024/01/22 23:41:05	"GET /uv248fip248inf210/web_architecture_home.html HTTP/1.1"
2436	2024/01/22 23:41:11	"GET /uv248fip248inf210/images/web_architecture/prerequisite_archiweb/prerequisite_archiweb.html HTTP/1.1"
2436	2024/01/22 23:41:12	"GET /uv248fip248inf210/lecture_mvc_spring.html HTTP/1.1"
2436	2024/01/22 23:41:23	"GET /uv248fip248inf210/practice_spring_2tiers.html HTTP/1.1"
2436	2024/01/22 23:41:32	"GET /uv248fip248inf210/lecture_software_architecture.html HTTP/1.1"
2446	2024/02/18 14:17:59	"GET /uv248fip248inf210/index.html HTTP/1.1"
2446	2024/02/18 14:18:24	"GET /uv248fip248inf210/technical_environment_home.html HTTP/1.1"
2446	2024/02/18 14:18:30	"GET /uv248fip248inf210/project_home.html HTTP/1.1"
2446	2024/02/18 14:18:35	"GET /uv248fip248inf210/data_home.html HTTP/1.1"
2446	2024/02/18 14:18:44	"GET /uv248fip248inf210/activity_sql.html HTTP/1.1"
2446	2024/02/18 14:40:27	"GET /uv248fip248inf210/activity_sql_correction.html HTTP/1.1"
246	2024/02/18 14:59:14	"GET /uv248fip248inf210/project_specifications.html HTTP/1.1"
246	2024/02/18 14:59:17	"GET /uv248fip248inf210/index.html HTTP/1.1"
246	2024/02/18 14:59:20	"GET /uv248fip248inf210/data_home.html HTTP/1.1"
246	2024/02/18 14:59:22	"GET /uv248fip248inf210/activity_sql.html HTTP/1.1"
246	2024/02/18 14:59:23	"GET /uv248fip248inf210/practice_sql.html HTTP/1.1"
246	2024/02/18 14:59:26	"GET /uv248fip248inf210/practice_sql_correction.html HTTP/1.1"
241	2024/01/23 09:21:11	"GET /uv248fip248inf210/practice_indexation.html HTTP/1.1"
2436	2024/01/23 13:07:30	"GET /uv248fip248inf210/practice_jpa.html HTTP/1.1"
2438	2024/01/23 13:24:06	"GET /uv248fip248inf210/activity_conceptual_modeling.html HTTP/1.1"
2438	2024/01/23 13:24:25	"GET /uv248fip248inf210/lecture_conceptual_modeling.html HTTP/1.1"
2438	2024/01/23 13:31:45	"GET /uv248fip248inf210/activity_normalization.html HTTP/1.1"
2438	2024/01/23 13:39:42	"GET /uv248fip248inf210/activity_normalization_correction.html HTTP/1.1"
2438	2024/01/23 13:42:03	"GET /uv248fip248inf210/activity_relational_model.html HTTP/1.1"
2438	2024/01/23 13:42:19	"GET /uv248fip248inf210/activity_sql.html HTTP/1.1"
2438	2024/01/23 13:42:23	"GET /uv248fip248inf210/practice_sql.html HTTP/1.1"
2436	2024/01/23 14:52:52	"GET /uv248fip248inf210/practice_spring_2tiers.html HTTP/1.1"
241	2024/01/23 15:12:13	"GET /uv248fip248inf210/practice_indexation.html HTTP/1.1"
241	2024/01/23 15:12:16	"GET /uv248fip248inf210/index.html HTTP/1.1"
2440	2024/01/23 15:24:32	"GET /uv248fip248inf210/technical_environment_home.html HTTP/1.1"
2440	2024/01/23 15:24:41	"GET /uv248fip248inf210/project_home.html HTTP/1.1"
2440	2024/01/23 15:24:49	"GET /uv248fip248inf210/project_presentation.html HTTP/1.1"
2436	2024/01/23 16:12:16	"GET /uv248fip248inf210/project_home.html HTTP/1.1"
2436	2024/01/23 16:12:23	"GET /uv248fip248inf210/project_presentation.html HTTP/1.1"
2436	2024/01/23 16:14:35	"GET /uv248fip248inf210/project_evaluation.html HTTP/1.1"
2436	2024/01/23 16:15:34	"GET /uv248fip248inf210/project_specifications.html HTTP/1.1"
2436	2024/01/23 16:20:36	"GET /uv248fip248inf210/project_part1.html HTTP/1.1"
2436	2024/01/23 16:20:53	"GET /uv248fip248inf210/bd_cours_mor_generalites.html HTTP/1.1"
2436	2024/01/23 16:20:57	"GET /uv248fip248inf210/bd_cours_mor_generalites.html HTTP/1.1"
2436	2024/01/23 16:21:00	"GET /uv248fip248inf210/bd_cours_mor_jpa.html HTTP/1.1"
2438	2024/01/23 18:25:12	"GET /uv248fip248inf210/index.html HTTP/1.1"
2438	2024/01/23 18:25:14	"GET /uv248fip248inf210/technical_environment_home.html HTTP/1.1"
2438	2024/01/23 18:25:19	"GET /uv248fip248inf210/web_architecture_home.html HTTP/1.1"
2438	2024/01/23 18:25:21	"GET /uv248fip248inf210/images/web_architecture/prerequisite_archiweb/prerequisite_archiweb.html HTTP/1.1"
2438	2024/01/23 18:25:44	"GET /uv248fip248inf210/lecture_software_architecture.html HTTP/1.1"
2438	2024/01/23 18:26:13	"GET /uv248fip248inf210/lecture_mvc_spring.html HTTP/1.1"
2434	2024/01/23 18:32:54	"GET /uv248fip248inf210/lecture_modeling_normalization.html HTTP/1.1"
2436	2024/01/23 22:27:52	"GET /uv248fip248inf210/project_part2.html HTTP/1.1"
2436	2024/01/23 22:27:56	"GET /uv248fip248inf210/index.html HTTP/1.1"
2436	2024/01/23 22:27:59	"GET /uv248fip248inf210/technical_environment_home.html HTTP/1.1"
2436	2024/01/23 22:28:17	"GET /uv248fip248inf210/data_home.html HTTP/1.1"
2436	2024/01/23 22:28:19	"GET /uv248fip248inf210/images/data/prerequisite_data/prerequisite_data.html HTTP/1.1"
2436	2024/01/23 22:33:12	"GET /uv248fip248inf210/lecture_relational_model.html HTTP/1.1"
2436	2024/01/23 22:42:07	"GET /uv248fip248inf210/lecture_db_integrity.html HTTP/1.1"
2436	2024/01/23 22:54:58	"GET /uv248fip248inf210/activity_relational_model.html HTTP/1.1"
241	2024/02/19 07:54:24	"GET /uv248fip248inf210/project_part2.html HTTP/1.1"
249	2024/02/19 08:05:53	"GET /uv248fip248inf210/project_home.html HTTP/1.1"
249	2024/02/19 08:06:07	"GET /uv248fip248inf210/project_presentation.html HTTP/1.1"
249	2024/02/19 08:11:14	"GET /uv248fip248inf210/project_part1.html HTTP/1.1"
249	2024/02/19 08:11:18	"GET /uv248fip248inf210/project_specifications.html HTTP/1.1"
249	2024/02/19 08:15:31	"GET /uv248fip248inf210/project_part2.html HTTP/1.1"
2418	2024/02/19 09:32:34	"GET /uv248fip248inf210/project_home.html HTTP/1.1"
2418	2024/02/19 09:32:37	"GET /uv248fip248inf210/project_part1.html HTTP/1.1"
2414	2024/02/19 09:34:25	"GET /uv248fip248inf210/technical_environment_home.html HTTP/1.1"
2414	2024/02/19 09:34:38	"GET /uv248fip248inf210/documentation_programming.html HTTP/1.1"
2414	2024/02/19 09:35:08	"GET /uv248fip248inf210/index.html HTTP/1.1"
2412	2024/02/19 09:35:09	"GET /uv248fip248inf210/data_home.html HTTP/1.1"
2414	2024/02/19 09:35:12	"GET /uv248fip248inf210/project_home.html HTTP/1.1"
2413	2024/02/19 09:35:14	"GET /uv248fip248inf210/web_architecture_home.html HTTP/1.1"
2414	2024/02/19 09:35:15	"GET /uv248fip248inf210/project_part1.html HTTP/1.1"
2412	2024/02/19 09:35:27	"GET /uv248fip248inf210/index.html HTTP/1.1"
2412	2024/02/19 09:35:30	"GET /uv248fip248inf210/web_architecture_home.html HTTP/1.1"
247	2024/02/19 09:35:31	"GET /uv248fip248inf210/index.html HTTP/1.1"
2414	2024/02/19 09:35:32	"GET /uv248fip248inf210/project_presentation.html HTTP/1.1"
2422	2024/02/19 09:35:32	"GET /uv248fip248inf210/index.html HTTP/1.1"
2412	2024/02/19 09:35:34	"GET /uv248fip248inf210/images/web_architecture/prerequisite_archiweb/prerequisite_archiweb.html HTTP/1.1"
2412	2024/02/19 09:35:35	"GET /uv248fip248inf210/practice_spring_2tiers_ext.html HTTP/1.1"
247	2024/02/19 09:35:36	"GET /uv248fip248inf210/web_architecture_home.html HTTP/1.1"
2422	2024/02/19 09:35:38	"GET /uv248fip248inf210/web_architecture_home.html HTTP/1.1"
2422	2024/02/19 09:35:42	"GET /uv248fip248inf210/data_home.html HTTP/1.1"
2413	2024/02/19 09:35:45	"GET /uv248fip248inf210/practice_spring_2tiers_ext.html HTTP/1.1"
2422	2024/02/19 09:35:46	"GET /uv248fip248inf210/project_home.html HTTP/1.1"
2422	2024/02/19 09:36:08	"GET /uv248fip248inf210/images/web_architecture/prerequisite_archiweb/prerequisite_archiweb.html HTTP/1.1"
2422	2024/02/19 09:36:10	"GET /uv248fip248inf210/practice_spring_2tiers_ext.html HTTP/1.1"
2415	2024/02/19 09:36:18	"GET /uv248fip248inf210/practice_jpa_advanced.html HTTP/1.1"
2410	2024/02/19 09:36:20	"GET /uv248fip248inf210/index.html HTTP/1.1"
2440	2024/02/19 09:36:24	"GET /uv248fip248inf210/technical_environment_home.html HTTP/1.1"
2420	2024/02/19 09:36:51	"GET /uv248fip248inf210/web_architecture_home.html HTTP/1.1"
2443	2024/02/19 09:37:06	"GET /uv248fip248inf210/index.html HTTP/1.1"
2420	2024/02/19 09:37:10	"GET /uv248fip248inf210/data_home.html HTTP/1.1"
2413	2024/02/19 09:37:14	"GET /uv248fip248inf210/practice_jpa.html HTTP/1.1"
2420	2024/02/19 09:37:17	"GET /uv248fip248inf210/project_home.html HTTP/1.1"
2420	2024/02/19 09:37:24	"GET /uv248fip248inf210/project_specifications.html HTTP/1.1"
2440	2024/02/19 09:37:26	"GET /uv248fip248inf210/index.html HTTP/1.1"
2440	2024/02/19 09:37:35	"GET /uv248fip248inf210/web_architecture_home.html HTTP/1.1"
2440	2024/02/19 09:37:44	"GET /uv248fip248inf210/images/web_architecture/prerequisite_archiweb/prerequisite_archiweb.html HTTP/1.1"
2441	2024/02/19 09:37:50	"GET /uv248fip248inf210/data_home.html HTTP/1.1"
2443	2024/02/19 09:38:00	"GET /uv248fip248inf210/web_architecture_home.html HTTP/1.1"
2414	2024/02/19 09:38:05	"GET /uv248fip248inf210/project_specifications.html HTTP/1.1"
2425	2024/02/19 09:38:22	"GET /uv248fip248inf210/practice_docker.html HTTP/1.1"
2425	2024/02/19 09:38:25	"GET /uv248fip248inf210/index.html HTTP/1.1"
2411	2024/02/19 09:38:58	"GET /uv248fip248inf210/project_home.html HTTP/1.1"
2411	2024/02/19 09:39:02	"GET /uv248fip248inf210/project_part1.html HTTP/1.1"
245	2024/02/19 09:39:03	"GET /uv248fip248inf210/project_task_time.html HTTP/1.1"
245	2024/02/19 09:39:10	"GET /uv248fip248inf210/index.html HTTP/1.1"
2420	2024/02/19 09:39:14	"GET /uv248fip248inf210/project_task_time.html HTTP/1.1"
2417	2024/02/19 09:39:32	"GET /uv248fip248inf210/project_home.html HTTP/1.1"
2421	2024/02/19 09:39:34	"GET /uv248fip248inf210/project_home.html HTTP/1.1"
245	2024/02/19 09:39:35	"GET /uv248fip248inf210/web_architecture_home.html HTTP/1.1"
2421	2024/02/19 09:39:36	"GET /uv248fip248inf210/project_presentation.html HTTP/1.1"
2415	2024/02/19 09:39:44	"GET /uv248fip248inf210/practice_spring_2tiers_ext.html HTTP/1.1"
2440	2024/02/19 09:39:47	"GET /uv248fip248inf210/practice_spring_2tiers_ext.html HTTP/1.1"
2420	2024/02/19 09:39:49	"GET /uv248fip248inf210/project_presentation.html HTTP/1.1"
2411	2024/02/19 09:39:50	"GET /uv248fip248inf210/web_architecture_home.html HTTP/1.1"
2420	2024/02/19 09:39:51	"GET /uv248fip248inf210/project_evaluation.html HTTP/1.1"
2411	2024/02/19 09:39:51	"GET /uv248fip248inf210/images/web_architecture/prerequisite_archiweb/prerequisite_archiweb.html HTTP/1.1"
245	2024/02/19 09:39:52	"GET /uv248fip248inf210/data_home.html HTTP/1.1"
2411	2024/02/19 09:39:53	"GET /uv248fip248inf210/practice_spring_2tiers_ext.html HTTP/1.1"
2441	2024/02/19 09:39:54	"GET /uv248fip248inf210/practice_sql.html HTTP/1.1"
2414	2024/02/19 09:39:56	"GET /uv248fip248inf210/data_home.html HTTP/1.1"
2414	2024/02/19 09:40:01	"GET /uv248fip248inf210/web_architecture_home.html HTTP/1.1"
2431	2024/02/19 09:40:05	"GET /uv248fip248inf210/web_architecture_home.html HTTP/1.1"
2431	2024/02/19 09:40:07	"GET /uv248fip248inf210/images/web_architecture/prerequisite_archiweb/prerequisite_archiweb.html HTTP/1.1"
2417	2024/02/19 09:40:10	"GET /uv248fip248inf210/project_part1.html HTTP/1.1"
2431	2024/02/19 09:40:13	"GET /uv248fip248inf210/practice_jpa_advanced.html HTTP/1.1"
2414	2024/02/19 09:40:13	"GET /uv248fip248inf210/images/web_architecture/prerequisite_archiweb/prerequisite_archiweb.html HTTP/1.1"
2421	2024/02/19 09:40:14	"GET /uv248fip248inf210/project_evaluation.html HTTP/1.1"
2421	2024/02/19 09:40:19	"GET /uv248fip248inf210/project_specifications.html HTTP/1.1"
2417	2024/02/19 09:40:20	"GET /uv248fip248inf210/project_presentation.html HTTP/1.1"
2443	2024/02/19 09:40:23	"GET /uv248fip248inf210/practice_spring_2tiers_ext.html HTTP/1.1"
2421	2024/02/19 09:40:25	"GET /uv248fip248inf210/project_part1.html HTTP/1.1"
2429	2024/02/19 09:40:34	"GET /uv248fip248inf210/web_architecture_home.html HTTP/1.1"
2414	2024/02/19 09:40:34	"GET /uv248fip248inf210/images/data/prerequisite_data/prerequisite_data.html HTTP/1.1"
2441	2024/02/19 09:40:35	"GET /uv248fip248inf210/lecture_modeling_normalization.html HTTP/1.1"
245	2024/02/19 09:40:37	"GET /uv248fip248inf210/practice_spring_2tiers_ext.html HTTP/1.1"
2429	2024/02/19 09:40:39	"GET /uv248fip248inf210/practice_spring_2tiers_ext.html HTTP/1.1"
2411	2024/02/19 09:40:39	"GET /uv248fip248inf210/project_specifications.html HTTP/1.1"
2449	2024/02/19 09:40:43	"GET /uv248fip248inf210/lecture_transaction.html HTTP/1.1"
249	2024/02/19 09:40:48	"GET /uv248fip248inf210/technical_environment_home.html HTTP/1.1"
2417	2024/02/19 09:40:54	"GET /uv248fip248inf210/project_evaluation.html HTTP/1.1"
2449	2024/02/19 09:40:57	"GET /uv248fip248inf210/lecture_transaction.html HTTP/1.1"
249	2024/02/19 09:41:01	"GET /uv248fip248inf210/practice_docker_advanced.html HTTP/1.1"
2449	2024/02/19 09:41:01	"GET /uv248fip248inf210/lecture_transaction.html HTTP/1.1"
2449	2024/02/19 09:41:04	"GET /uv248fip248inf210/lecture_transaction.html HTTP/1.1"
2449	2024/02/19 09:41:06	"GET /uv248fip248inf210/lecture_transaction.html HTTP/1.1"
2449	2024/02/19 09:41:13	"GET /uv248fip248inf210/index.html HTTP/1.1"
2449	2024/02/19 09:41:15	"GET /uv248fip248inf210/project_home.html HTTP/1.1"
249	2024/02/19 09:41:26	"GET /uv248fip248inf210/web_architecture_home.html HTTP/1.1"
249	2024/02/19 09:41:30	"GET /uv248fip248inf210/data_home.html HTTP/1.1"
2431	2024/02/19 09:41:34	"GET /uv248fip248inf210/practice_spring_2tiers_ext.html HTTP/1.1"
2449	2024/02/19 09:42:22	"GET /uv248fip248inf210/data_home.html HTTP/1.1"
2420	2024/02/19 09:42:27	"GET /uv248fip248inf210/project_part1.html HTTP/1.1"
2449	2024/02/19 09:42:32	"GET /uv248fip248inf210/web_architecture_home.html HTTP/1.1"
249	2024/02/19 09:42:38	"GET /uv248fip248inf210/practice_spring_2tiers_ext.html HTTP/1.1"
2434	2024/02/19 09:42:47	"GET /uv248fip248inf210/project_home.html HTTP/1.1"
2434	2024/02/19 09:42:50	"GET /uv248fip248inf210/project_presentation.html HTTP/1.1"
2449	2024/02/19 09:42:51	"GET /uv248fip248inf210/practice_spring_2tiers_ext.html HTTP/1.1"
2426	2024/02/19 09:43:30	"GET /uv248fip248inf210/index.html HTTP/1.1"
2449	2024/02/19 09:43:32	"GET /uv248fip248inf210/practice_spring_2tiers.html HTTP/1.1"
2426	2024/02/19 09:43:35	"GET /uv248fip248inf210/project_home.html HTTP/1.1"
2434	2024/02/19 09:43:39	"GET /uv248fip248inf210/project_part1.html HTTP/1.1"
2426	2024/02/19 09:43:53	"GET /uv248fip248inf210/project_specifications.html HTTP/1.1"
2414	2024/02/19 09:44:08	"GET /uv248fip248inf210/lecture_mvc_spring.html HTTP/1.1"
2432	2024/02/19 09:44:09	"GET /uv248fip248inf210/project_home.html HTTP/1.1"
2432	2024/02/19 09:44:13	"GET /uv248fip248inf210/project_part2.html HTTP/1.1"
2414	2024/02/19 09:44:20	"GET /uv248fip248inf210/lecture_jpa.html HTTP/1.1"
2434	2024/02/19 09:44:35	"GET /uv248fip248inf210/project_specifications.html HTTP/1.1"
2426	2024/02/19 09:44:40	"GET /uv248fip248inf210/project_task_time.html HTTP/1.1"
2444	2024/02/19 09:44:50	"GET /uv248fip248inf210/index.html HTTP/1.1"
2426	2024/02/19 09:44:54	"GET /uv248fip248inf210/project_part1.html HTTP/1.1"
2442	2024/02/19 09:45:00	"GET /uv248fip248inf210/web_architecture_home.html HTTP/1.1"
2414	2024/02/19 09:45:00	"GET /uv248fip248inf210/project_part1.html HTTP/1.1"
2442	2024/02/19 09:45:01	"GET /uv248fip248inf210/images/web_architecture/prerequisite_archiweb/prerequisite_archiweb.html HTTP/1.1"
2442	2024/02/19 09:45:04	"GET /uv248fip248inf210/practice_spring_2tiers_ext.html HTTP/1.1"
2426	2024/02/19 09:45:08	"GET /uv248fip248inf210/project_part2.html HTTP/1.1"
2414	2024/02/19 09:45:10	"GET /uv248fip248inf210/project_part2.html HTTP/1.1"
2411	2024/02/19 09:45:11	"GET /uv248fip248inf210/project_presentation.html HTTP/1.1"
2414	2024/02/19 09:45:13	"GET /uv248fip248inf210/fproject_part3.html HTTP/1.1"
2414	2024/02/19 09:45:14	"GET /uv248fip248inf210/project_structureui.html HTTP/1.1"
2414	2024/02/19 09:45:17	"GET /uv248fip248inf210/project_part4.html HTTP/1.1"
2411	2024/02/19 09:45:18	"GET /uv248fip248inf210/project_evaluation.html HTTP/1.1"
2426	2024/02/19 09:45:25	"GET /uv248fip248inf210/fproject_part3.html HTTP/1.1"
2411	2024/02/19 09:45:27	"GET /uv248fip248inf210/project_task_time.html HTTP/1.1"
2426	2024/02/19 09:45:30	"GET /uv248fip248inf210/project_structureui.html HTTP/1.1"
2426	2024/02/19 09:45:39	"GET /uv248fip248inf210/fproject_part3.html HTTP/1.1"
2411	2024/02/19 09:45:41	"GET /uv248fip248inf210/project_part2.html HTTP/1.1"
2414	2024/02/19 09:45:53	"GET /uv248fip248inf210/bd_cours_mor_generalites.html HTTP/1.1"
2414	2024/02/19 09:45:54	"GET /uv248fip248inf210/bd_cours_mor_jpa.html HTTP/1.1"
2411	2024/02/19 09:45:56	"GET /uv248fip248inf210/fproject_part3.html HTTP/1.1"
2414	2024/02/19 09:45:56	"GET /uv248fip248inf210/bd_memento_jpa.html HTTP/1.1"
2426	2024/02/19 09:45:57	"GET /uv248fip248inf210/fproject_part3.html HTTP/1.1"
2414	2024/02/19 09:46:01	"GET /uv248fip248inf210/probleme_glassfish_certificats_expires.html HTTP/1.1"
2426	2024/02/19 09:46:03	"GET /uv248fip248inf210/project_part4.html HTTP/1.1"
2411	2024/02/19 09:46:38	"GET /uv248fip248inf210/index.html HTTP/1.1"
247	2024/02/19 09:47:56	"GET /uv248fip248inf210/practice_jpa_advanced.html HTTP/1.1"
247	2024/02/19 09:48:00	"GET /uv248fip248inf210/practice_spring_2tiers_ext.html HTTP/1.1"
2426	2024/02/19 09:49:28	"GET /uv248fip248inf210/project_part4.html HTTP/1.1"
2421	2024/02/19 09:49:35	"GET /uv248fip248inf210/data_home.html HTTP/1.1"
2421	2024/02/19 09:49:44	"GET /uv248fip248inf210/lecture_normalization.html HTTP/1.1"
2421	2024/02/19 09:49:59	"GET /uv248fip248inf210/activity_decomposition.html HTTP/1.1"
2413	2024/02/19 09:50:00	"GET /uv248fip248inf210/practice_spring_2tiers.html HTTP/1.1"
2421	2024/02/19 09:50:04	"GET /uv248fip248inf210/activity_normalization.html HTTP/1.1"
2421	2024/02/19 09:50:11	"GET /uv248fip248inf210/activity_conceptual_modeling.html HTTP/1.1"
2439	2024/02/19 09:50:32	"GET /uv248fip248inf210/data_home.html HTTP/1.1"
2421	2024/02/19 09:50:48	"GET /uv248fip248inf210/activity_conceptual_modeling_correction.html HTTP/1.1"
2431	2024/02/19 09:51:17	"GET /uv248fip248inf210/practice_spring_2tiers.html HTTP/1.1"
2410	2024/02/19 09:54:13	"GET /uv248fip248inf210/project_specifications.html HTTP/1.1"
2444	2024/02/19 09:54:19	"GET /uv248fip248inf210/web_architecture_home.html HTTP/1.1"
2444	2024/02/19 09:54:31	"GET /uv248fip248inf210/lecture_jpa.html HTTP/1.1"
2444	2024/02/19 09:54:35	"GET /uv248fip248inf210/lecture_mvc_spring.html HTTP/1.1"
2430	2024/02/19 09:55:16	"GET /uv248fip248inf210/activity_conceptual_modeling.html HTTP/1.1"
2425	2024/02/19 09:55:49	"GET /uv248fip248inf210/web_architecture_home.html HTTP/1.1"
2439	2024/02/19 09:55:56	"GET /uv248fip248inf210/images/data/prerequisite_data/prerequisite_data.html HTTP/1.1"
2425	2024/02/19 09:55:57	"GET /uv248fip248inf210/images/web_architecture/prerequisite_archiweb/prerequisite_archiweb.html HTTP/1.1"
2425	2024/02/19 09:55:59	"GET /uv248fip248inf210/practice_spring_2tiers_ext.html HTTP/1.1"
2438	2024/02/19 09:56:01	"GET /uv248fip248inf210/index.html HTTP/1.1"
2443	2024/02/19 09:56:04	"GET /uv248fip248inf210/technical_environment_home.html HTTP/1.1"
2438	2024/02/19 09:56:04	"GET /uv248fip248inf210/web_architecture_home.html HTTP/1.1"
2439	2024/02/19 09:56:13	"GET /uv248fip248inf210/activity_conceptual_modeling_advanced.html HTTP/1.1"
2443	2024/02/19 09:56:17	"GET /uv248fip248inf210/documentation_docker.html HTTP/1.1"
2443	2024/02/19 09:56:19	"GET /uv248fip248inf210/practice_docker.html HTTP/1.1"
2441	2024/02/19 09:58:13	"GET /uv248fip248inf210/lecture_relational_model.html HTTP/1.1"
2418	2024/02/19 09:59:14	"GET /uv248fip248inf210/project_part1.html HTTP/1.1"
2418	2024/02/19 09:59:16	"GET /uv248fip248inf210/index.html HTTP/1.1"
2418	2024/02/19 09:59:19	"GET /uv248fip248inf210/data_home.html HTTP/1.1"
2418	2024/02/19 09:59:22	"GET /uv248fip248inf210/activity_sql.html HTTP/1.1"
2418	2024/02/19 09:59:31	"GET /uv248fip248inf210/practice_sql.html HTTP/1.1"
2418	2024/02/19 09:59:42	"GET /uv248fip248inf210/practice_advanced_sql.html HTTP/1.1"
2449	2024/02/19 09:59:48	"GET /uv248fip248inf210/technical_environment_home.html HTTP/1.1"
2449	2024/02/19 09:59:51	"GET /uv248fip248inf210/practice_docker_advanced.html HTTP/1.1"
2412	2024/02/19 09:59:52	"GET /uv248fip248inf210/practice_spring_2tiers.html HTTP/1.1"
2449	2024/02/19 10:00:13	"GET /uv248fip248inf210/documentation_programming.html HTTP/1.1"
2449	2024/02/19 10:00:19	"GET /uv248fip248inf210/practice_spring.html HTTP/1.1"
241	2024/02/19 10:01:48	"GET /uv248fip248inf210/index.html HTTP/1.1"
241	2024/02/19 10:01:50	"GET /uv248fip248inf210/web_architecture_home.html HTTP/1.1"
241	2024/02/19 10:02:02	"GET /uv248fip248inf210/practice_spring_2tiers.html HTTP/1.1"
241	2024/02/19 10:02:05	"GET /uv248fip248inf210/practice_spring_2tiers_ext.html HTTP/1.1"
2412	2024/02/19 10:02:18	"GET /uv248fip248inf210/technical_environment_home.html HTTP/1.1"
2412	2024/02/19 10:06:22	"GET /uv248fip248inf210/documentation_programming.html HTTP/1.1"
2416	2024/02/19 10:06:23	"GET /uv248fip248inf210/index.html HTTP/1.1"
2416	2024/02/19 10:06:50	"GET /uv248fip248inf210/project_home.html HTTP/1.1"
2412	2024/02/19 10:06:53	"GET /uv248fip248inf210/practice_spring.html HTTP/1.1"
2416	2024/02/19 10:06:56	"GET /uv248fip248inf210/web_architecture_home.html HTTP/1.1"
2416	2024/02/19 10:07:08	"GET /uv248fip248inf210/practice_json.html HTTP/1.1"
2416	2024/02/19 10:07:59	"GET /uv248fip248inf210/technical_environment_home.html HTTP/1.1"
2426	2024/02/19 10:09:14	"GET /uv248fip248inf210/project_part1.html HTTP/1.1"
2416	2024/02/19 10:09:46	"GET /uv248fip248inf210/practice_spring.html HTTP/1.1"
2434	2024/02/19 10:12:17	"GET /uv248fip248inf210/project_task_time.html HTTP/1.1"
2440	2024/02/19 10:13:16	"GET /uv248fip248inf210/index.html HTTP/1.1"
2440	2024/02/19 10:13:20	"GET /uv248fip248inf210/web_architecture_home.html HTTP/1.1"
2440	2024/02/19 10:13:21	"GET /uv248fip248inf210/images/web_architecture/prerequisite_archiweb/prerequisite_archiweb.html HTTP/1.1"
2440	2024/02/19 10:13:23	"GET /uv248fip248inf210/lecture_technical_architecture.html HTTP/1.1"
2440	2024/02/19 10:13:27	"GET /uv248fip248inf210/lecture_software_architecture.html HTTP/1.1"
2440	2024/02/19 10:13:37	"GET /uv248fip248inf210/practice_spring_2tiers.html HTTP/1.1"
2434	2024/02/19 10:14:16	"GET /uv248fip248inf210/project_evaluation.html HTTP/1.1"
2414	2024/02/19 10:14:26	"GET /uv248fip248inf210/lecture_software_architecture.html HTTP/1.1"
2429	2024/02/19 10:14:38	"GET /uv248fip248inf210/web_architecture_home.html HTTP/1.1"
2434	2024/02/19 10:15:42	"GET /uv248fip248inf210/index.html HTTP/1.1"
2434	2024/02/19 10:15:44	"GET /uv248fip248inf210/technical_environment_home.html HTTP/1.1"
2434	2024/02/19 10:16:06	"GET /uv248fip248inf210/practice_postgresql.html HTTP/1.1"
2430	2024/02/19 10:16:17	"GET /uv248fip248inf210/activity_conceptual_modeling_correction.html HTTP/1.1"
2437	2024/02/19 10:17:10	"GET /uv248fip248inf210/index.html HTTP/1.1"
2437	2024/02/19 10:17:14	"GET /uv248fip248inf210/data_home.html HTTP/1.1"
2437	2024/02/19 10:17:22	"GET /uv248fip248inf210/lecture_transaction.html HTTP/1.1"
2437	2024/02/19 10:17:23	"GET /uv248fip248inf210/practice_transaction.html HTTP/1.1"
2430	2024/02/19 10:21:40	"GET /uv248fip248inf210/activity_conceptual_modeling_advanced.html HTTP/1.1"
2430	2024/02/19 10:25:14	"GET /uv248fip248inf210/activity_conceptual_modeling_advanced_correction.html HTTP/1.1"
2430	2024/02/19 10:25:58	"GET /uv248fip248inf210/activity_normalization.html HTTP/1.1"
2430	2024/02/19 10:26:04	"GET /uv248fip248inf210/activity_normalization_correction.html HTTP/1.1"
2430	2024/02/19 10:29:03	"GET /uv248fip248inf210/activity_decomposition.html HTTP/1.1"
2430	2024/02/19 10:29:10	"GET /uv248fip248inf210/activity_sql.html HTTP/1.1"
2446	2024/02/19 10:31:16	"GET /uv248fip248inf210/practice_sql.html HTTP/1.1"
2414	2024/02/19 10:32:48	"GET /uv248fip248inf210/practice_jpa.html HTTP/1.1"
2430	2024/02/19 10:36:24	"GET /uv248fip248inf210/practice_sql.html HTTP/1.1"
2430	2024/02/19 10:37:33	"GET /uv248fip248inf210/practice_sql_correction.html HTTP/1.1"
2446	2024/02/19 10:39:20	"GET /uv248fip248inf210/practice_sql_correction.html HTTP/1.1"
2415	2024/02/19 10:39:26	"GET /uv248fip248inf210/practice_jpa_advanced.html HTTP/1.1"
2418	2024/02/19 10:41:06	"GET /uv248fip248inf210/project_part2.html HTTP/1.1"
2441	2024/02/19 11:00:50	"GET /uv248fip248inf210/index.html HTTP/1.1"
2441	2024/02/19 11:00:52	"GET /uv248fip248inf210/project_home.html HTTP/1.1"
2441	2024/02/19 11:00:58	"GET /uv248fip248inf210/project_part1.html HTTP/1.1"
2441	2024/02/19 11:01:08	"GET /uv248fip248inf210/project_presentation.html HTTP/1.1"
2429	2024/02/19 11:02:01	"GET /uv248fip248inf210/project_home.html HTTP/1.1"
2429	2024/02/19 11:02:36	"GET /uv248fip248inf210/project_presentation.html HTTP/1.1"
2429	2024/02/19 11:03:14	"GET /uv248fip248inf210/project_part1.html HTTP/1.1"
2441	2024/02/19 11:03:23	"GET /uv248fip248inf210/project_part2.html HTTP/1.1"
2429	2024/02/19 11:03:41	"GET /uv248fip248inf210/project_specifications.html HTTP/1.1"
2414	2024/02/19 11:05:03	"GET /uv248fip248inf210/lecture_conceptual_modeling.html HTTP/1.1"
2441	2024/02/19 11:05:22	"GET /uv248fip248inf210/project_task_time.html HTTP/1.1"
2414	2024/02/19 11:06:13	"GET /uv248fip248inf210/lecture_modeling_normalization.html HTTP/1.1"
2417	2024/02/19 11:16:01	"GET /uv248fip248inf210/project_specifications.html HTTP/1.1"
2420	2024/02/19 11:24:44	"GET /uv248fip248inf210/practice_spring_2tiers_ext.html HTTP/1.1"
2432	2024/02/19 11:26:38	"GET /uv248fip248inf210/project_part2.html HTTP/1.1"
2430	2024/02/19 11:34:01	"GET /uv248fip248inf210/practice_advanced_sql.html HTTP/1.1"
2430	2024/02/19 11:44:45	"GET /uv248fip248inf210/practice_advanced_sql_correction.html HTTP/1.1"
2446	2024/02/19 11:44:57	"GET /uv248fip248inf210/project_home.html HTTP/1.1"
2446	2024/02/19 11:45:13	"GET /uv248fip248inf210/project_specifications.html HTTP/1.1"
2414	2024/02/19 11:47:48	"GET /uv248fip248inf210/lecture_normalization.html HTTP/1.1"
2414	2024/02/19 11:47:55	"GET /uv248fip248inf210/lecture_independence_views.html HTTP/1.1"
2414	2024/02/19 11:48:04	"GET /uv248fip248inf210/activity_conceptual_modeling.html HTTP/1.1"
2414	2024/02/19 11:51:46	"GET /uv248fip248inf210/index.html HTTP/1.1"
2444	2024/02/19 11:59:38	"GET /uv248fip248inf210/practice_jpa.html HTTP/1.1"
2446	2024/02/19 12:06:58	"GET /uv248fip248inf210/project_task_time.html HTTP/1.1"
2446	2024/02/19 12:07:09	"GET /uv248fip248inf210/project_part1.html HTTP/1.1"
2444	2024/02/19 12:09:35	"GET /uv248fip248inf210/lecture_technical_architecture.html HTTP/1.1"
2444	2024/02/19 12:09:45	"GET /uv248fip248inf210/lecture_software_architecture.html HTTP/1.1"
2444	2024/02/19 12:09:56	"GET /uv248fip248inf210/technical_environment_home.html HTTP/1.1"
2432	2024/02/11 15:16:16	"GET /uv248fip248inf210/data_home.html HTTP/1.1"
2410	2024/02/11 15:39:16	"GET /uv248fip248inf210/index.html HTTP/1.1"
2417	2024/02/11 19:06:53	"GET /uv248fip248inf210/practice_spring_2tiers.html HTTP/1.1"
247	2024/02/04 11:18:55	"GET /uv248fip248inf210/documentation_si.html HTTP/1.1"
247	2024/02/04 11:48:15	"GET /uv248fip248inf210/documentation_programming.html HTTP/1.1"
247	2024/02/04 11:48:21	"GET /uv248fip248inf210/inversion_of_control.html HTTP/1.1"
247	2024/02/04 11:48:22	"GET /uv248fip248inf210/spring_bean.html HTTP/1.1"
247	2024/02/04 11:48:34	"GET /uv248fip248inf210/practice_spring.html HTTP/1.1"
249	2024/02/04 12:46:11	"GET /uv248fip248inf210/data_home.html HTTP/1.1"
249	2024/02/04 12:46:56	"GET /uv248fip248inf210/lecture_relational_model.html HTTP/1.1"
249	2024/02/04 12:46:57	"GET /uv248fip248inf210/lecture_db_integrity.html HTTP/1.1"
249	2024/02/04 12:46:58	"GET /uv248fip248inf210/activity_relational_model.html HTTP/1.1"
249	2024/02/04 12:47:02	"GET /uv248fip248inf210/lecture_modeling_normalization.html HTTP/1.1"
249	2024/02/04 12:52:41	"GET /uv248fip248inf210/activity_relational_model.html HTTP/1.1"
249	2024/02/04 12:53:28	"GET /uv248fip248inf210/lecture_conceptual_modeling.html HTTP/1.1"
249	2024/02/04 12:56:12	"GET /uv248fip248inf210/lecture_normalization.html HTTP/1.1"
2420	2024/02/04 13:39:28	"GET /uv248fip248inf210/lecture_conceptual_modeling.html HTTP/1.1"
241	2024/02/04 13:53:34	"GET /uv248fip248inf210/data_home.html HTTP/1.1"
241	2024/02/04 13:56:35	"GET /uv248fip248inf210/images/data/prerequisite_data/prerequisite_data.html HTTP/1.1"
241	2024/02/04 13:56:40	"GET /uv248fip248inf210/lecture_modeling_normalization.html HTTP/1.1"
2445	2024/02/04 13:59:47	"GET /uv248fip248inf210/data_home.html HTTP/1.1"
2445	2024/02/04 14:00:01	"GET /uv248fip248inf210/lecture_normalization.html HTTP/1.1"
2445	2024/02/04 14:16:22	"GET /uv248fip248inf210/index.html HTTP/1.1"
2445	2024/02/04 14:16:25	"GET /uv248fip248inf210/web_architecture_home.html HTTP/1.1"
2445	2024/02/04 14:16:33	"GET /uv248fip248inf210/lecture_json.html HTTP/1.1"
2445	2024/02/04 14:16:41	"GET /uv248fip248inf210/practice_json.html HTTP/1.1"
2445	2024/02/04 14:16:51	"GET /uv248fip248inf210/practice_spring_2tiers.html HTTP/1.1"
241	2024/02/04 14:22:38	"GET /uv248fip248inf210/lecture_conceptual_modeling.html HTTP/1.1"
241	2024/02/04 14:34:32	"GET /uv248fip248inf210/lecture_normalization.html HTTP/1.1"
241	2024/02/04 14:38:04	"GET /uv248fip248inf210/lecture_independence_views.html HTTP/1.1"
241	2024/02/04 14:38:42	"GET /uv248fip248inf210/activity_conceptual_modeling.html HTTP/1.1"
241	2024/02/04 14:46:33	"GET /uv248fip248inf210/index.html HTTP/1.1"
241	2024/02/04 14:46:40	"GET /uv248fip248inf210/lecture_jpa.html HTTP/1.1"
241	2024/02/04 14:46:50	"GET /uv248fip248inf210/practice_jpa.html HTTP/1.1"
241	2024/02/04 14:59:14	"GET /uv248fip248inf210/practice_spring_2tiers.html HTTP/1.1"
2420	2024/02/04 15:02:14	"GET /uv248fip248inf210/activity_conceptual_modeling.html HTTP/1.1"
2420	2024/02/04 15:02:26	"GET /uv248fip248inf210/activity_conceptual_modeling_correction.html HTTP/1.1"
2420	2024/02/04 15:04:03	"GET /uv248fip248inf210/activity_conceptual_modeling_advanced.html HTTP/1.1"
2420	2024/02/04 15:04:05	"GET /uv248fip248inf210/activity_conceptual_modeling_advanced_correction.html HTTP/1.1"
2420	2024/02/04 15:04:22	"GET /uv248fip248inf210/activity_normalization_correction.html HTTP/1.1"
241	2024/02/04 15:16:03	"GET /uv248fip248inf210/lecture_dto.html HTTP/1.1"
241	2024/02/04 15:16:15	"GET /uv248fip248inf210/technical_environment_home.html HTTP/1.1"
241	2024/02/04 15:16:18	"GET /uv248fip248inf210/documentation_programming.html HTTP/1.1"
241	2024/02/04 15:16:20	"GET /uv248fip248inf210/spring_bean.html HTTP/1.1"
2443	2024/02/04 15:17:58	"GET /uv248fip248inf210/index.html HTTP/1.1"
2443	2024/02/04 15:21:02	"GET /uv248fip248inf210/data_home.html HTTP/1.1"
2443	2024/02/04 15:21:09	"GET /uv248fip248inf210/images/data/prerequisite_data/prerequisite_data.html HTTP/1.1"
2443	2024/02/04 15:21:16	"GET /uv248fip248inf210/lecture_conceptual_modeling.html HTTP/1.1"
241	2024/02/04 15:25:34	"GET /uv248fip248inf210/practice_spring.html HTTP/1.1"
241	2024/02/04 15:26:34	"GET /uv248fip248inf210/inversion_of_control.html HTTP/1.1"
241	2024/02/04 15:26:54	"GET /uv248fip248inf210/lecture_transaction.html HTTP/1.1"
2443	2024/02/04 15:33:46	"GET /uv248fip248inf210/activity_conceptual_modeling.html HTTP/1.1"
2443	2024/02/04 15:33:50	"GET /uv248fip248inf210/lecture_normalization.html HTTP/1.1"
241	2024/02/04 15:42:25	"GET /uv248fip248inf210/lecture_relational_model.html HTTP/1.1"
241	2024/02/04 15:42:41	"GET /uv248fip248inf210/lecture_db_integrity.html HTTP/1.1"
2443	2024/02/04 15:50:51	"GET /uv248fip248inf210/activity_normalization.html HTTP/1.1"
247	2024/02/04 15:57:55	"GET /uv248fip248inf210/lecture_jpa.html HTTP/1.1"
247	2024/02/04 15:58:07	"GET /uv248fip248inf210/lecture_mvc_spring.html HTTP/1.1"
2443	2024/02/04 16:13:14	"GET /uv248fip248inf210/activity_normalization_correction.html HTTP/1.1"
245	2024/02/04 16:42:08	"GET /uv248fip248inf210/web_architecture_home.html HTTP/1.1"
245	2024/02/04 16:42:21	"GET /uv248fip248inf210/index.html HTTP/1.1"
245	2024/02/04 16:43:49	"GET /uv248fip248inf210/images/web_architecture/prerequisite_archiweb/prerequisite_archiweb.html HTTP/1.1"
245	2024/02/04 16:44:04	"GET /uv248fip248inf210/practice_xml.html HTTP/1.1"
245	2024/02/04 16:44:41	"GET /uv248fip248inf210/web_architecture_home.html HTTP/1.1"
245	2024/02/04 16:44:46	"GET /uv248fip248inf210/data_home.html HTTP/1.1"
245	2024/02/04 16:45:00	"GET /uv248fip248inf210/images/data/prerequisite_data/prerequisite_data.html HTTP/1.1"
241	2024/02/04 16:50:50	"GET /uv248fip248inf210/activity_relational_model.html HTTP/1.1"
245	2024/02/04 16:55:08	"GET /uv248fip248inf210/lecture_relational_model.html HTTP/1.1"
245	2024/02/04 16:59:18	"GET /uv248fip248inf210/lecture_db_integrity.html HTTP/1.1"
2423	2024/02/04 17:02:40	"GET /uv248fip248inf210/web_architecture_home.html HTTP/1.1"
2423	2024/02/04 17:02:52	"GET /uv248fip248inf210/images/web_architecture/prerequisite_archiweb/prerequisite_archiweb.html HTTP/1.1"
2423	2024/02/04 17:02:54	"GET /uv248fip248inf210/lecture_technical_architecture.html HTTP/1.1"
247	2024/02/04 17:03:22	"GET /uv248fip248inf210/data_home.html HTTP/1.1"
247	2024/02/04 17:03:25	"GET /uv248fip248inf210/lecture_relational_model.html HTTP/1.1"
247	2024/02/04 17:03:32	"GET /uv248fip248inf210/activity_relational_model.html HTTP/1.1"
247	2024/02/04 17:03:41	"GET /uv248fip248inf210/lecture_conceptual_modeling.html HTTP/1.1"
247	2024/02/04 17:05:00	"GET /uv248fip248inf210/activity_conceptual_modeling.html HTTP/1.1"
2423	2024/02/04 17:05:47	"GET /uv248fip248inf210/lecture_software_architecture.html HTTP/1.1"
2423	2024/02/04 17:09:07	"GET /uv248fip248inf210/lecture_mvc_spring.html HTTP/1.1"
2423	2024/02/04 17:11:53	"GET /uv248fip248inf210/lecture_jpa.html HTTP/1.1"
241	2024/02/04 17:12:18	"GET /uv248fip248inf210/activity_conceptual_modeling_correction.html HTTP/1.1"
245	2024/02/04 17:12:51	"GET /uv248fip248inf210/lecture_modeling_normalization.html HTTP/1.1"
2423	2024/02/04 17:14:26	"GET /uv248fip248inf210/lecture_dto.html HTTP/1.1"
247	2024/02/04 17:14:29	"GET /uv248fip248inf210/activity_conceptual_modeling_advanced.html HTTP/1.1"
247	2024/02/04 17:14:35	"GET /uv248fip248inf210/activity_normalization.html HTTP/1.1"
2423	2024/02/04 17:15:15	"GET /uv248fip248inf210/lecture_validity.html HTTP/1.1"
2423	2024/02/04 17:16:17	"GET /uv248fip248inf210/data_home.html HTTP/1.1"
245	2024/02/04 17:25:09	"GET /uv248fip248inf210/lecture_conceptual_modeling.html HTTP/1.1"
2420	2024/02/04 17:38:08	"GET /uv248fip248inf210/activity_decomposition.html HTTP/1.1"
2420	2024/02/04 17:38:14	"GET /uv248fip248inf210/activity_decomposition_correction.html HTTP/1.1"
245	2024/02/04 17:38:24	"GET /uv248fip248inf210/lecture_normalization.html HTTP/1.1"
2420	2024/02/04 17:39:39	"GET /uv248fip248inf210/practice_independence_views.html HTTP/1.1"
2420	2024/02/04 17:39:42	"GET /uv248fip248inf210/practice_sql.html HTTP/1.1"
2420	2024/02/04 17:39:45	"GET /uv248fip248inf210/practice_sql_correction.html HTTP/1.1"
247	2024/02/04 17:46:09	"GET /uv248fip248inf210/lecture_normalization.html HTTP/1.1"
2420	2024/02/04 17:46:33	"GET /uv248fip248inf210/lecture_transaction.html HTTP/1.1"
245	2024/02/04 17:48:42	"GET /uv248fip248inf210/lecture_transaction.html HTTP/1.1"
245	2024/02/04 17:54:42	"GET /uv248fip248inf210/lecture_technical_architecture.html HTTP/1.1"
245	2024/02/04 17:59:56	"GET /uv248fip248inf210/lecture_mvc_spring.html HTTP/1.1"
245	2024/02/04 18:12:59	"GET /uv248fip248inf210/lecture_jpa.html HTTP/1.1"
2438	2024/02/04 18:15:52	"GET /uv248fip248inf210/index.html HTTP/1.1"
2438	2024/02/04 18:16:25	"GET /uv248fip248inf210/data_home.html HTTP/1.1"
2438	2024/02/04 18:16:26	"GET /uv248fip248inf210/images/data/prerequisite_data/prerequisite_data.html HTTP/1.1"
2438	2024/02/04 18:16:28	"GET /uv248fip248inf210/lecture_conceptual_modeling.html HTTP/1.1"
245	2024/02/04 18:20:55	"GET /uv248fip248inf210/lecture_dto.html HTTP/1.1"
2438	2024/02/04 18:21:24	"GET /uv248fip248inf210/lecture_modeling_normalization.html HTTP/1.1"
2438	2024/02/04 18:38:24	"GET /uv248fip248inf210/lecture_normalization.html HTTP/1.1"
2423	2024/02/04 18:53:08	"GET /uv248fip248inf210/images/data/prerequisite_data/prerequisite_data.html HTTP/1.1"
2423	2024/02/04 18:54:00	"GET /uv248fip248inf210/lecture_db_integrity.html HTTP/1.1"
2415	2024/02/04 18:55:13	"GET /uv248fip248inf210/project_part1.html HTTP/1.1"
2415	2024/02/04 18:55:16	"GET /uv248fip248inf210/index.html HTTP/1.1"
2423	2024/02/04 18:58:04	"GET /uv248fip248inf210/lecture_modeling_normalization.html HTTP/1.1"
2423	2024/02/04 19:02:01	"GET /uv248fip248inf210/lecture_normalization.html HTTP/1.1"
2423	2024/02/04 19:02:13	"GET /uv248fip248inf210/lecture_conceptual_modeling.html HTTP/1.1"
2423	2024/02/04 19:03:59	"GET /uv248fip248inf210/activity_normalization.html HTTP/1.1"
2423	2024/02/04 19:04:43	"GET /uv248fip248inf210/activity_normalization_correction.html HTTP/1.1"
2423	2024/02/04 19:14:12	"GET /uv248fip248inf210/lecture_transaction.html HTTP/1.1"
2423	2024/02/04 19:15:38	"GET /uv248fip248inf210/practice_transaction.html HTTP/1.1"
2423	2024/02/04 19:16:01	"GET /uv248fip248inf210/practice_transaction_correction.html HTTP/1.1"
2427	2024/02/04 20:07:14	"GET /uv248fip248inf210/technical_environment_home.html HTTP/1.1"
2427	2024/02/04 20:07:28	"GET /uv248fip248inf210/data_home.html HTTP/1.1"
2427	2024/02/04 20:07:31	"GET /uv248fip248inf210/images/data/prerequisite_data/prerequisite_data.html HTTP/1.1"
2427	2024/02/04 20:07:43	"GET /uv248fip248inf210/lecture_relational_model.html HTTP/1.1"
2427	2024/02/04 20:07:52	"GET /uv248fip248inf210/lecture_db_integrity.html HTTP/1.1"
2427	2024/02/04 20:08:05	"GET /uv248fip248inf210/activity_relational_model.html HTTP/1.1"
2427	2024/02/04 20:08:24	"GET /uv248fip248inf210/lecture_modeling_normalization.html HTTP/1.1"
2427	2024/02/04 20:08:37	"GET /uv248fip248inf210/lecture_transaction.html HTTP/1.1"
2427	2024/02/04 20:10:47	"GET /uv248fip248inf210/practice_transaction.html HTTP/1.1"
2427	2024/02/04 20:11:15	"GET /uv248fip248inf210/lecture_conceptual_modeling.html HTTP/1.1"
2427	2024/02/04 20:17:19	"GET /uv248fip248inf210/activity_conceptual_modeling.html HTTP/1.1"
2427	2024/02/04 20:17:23	"GET /uv248fip248inf210/activity_conceptual_modeling_correction.html HTTP/1.1"
2427	2024/02/04 20:22:34	"GET /uv248fip248inf210/lecture_normalization.html HTTP/1.1"
2427	2024/02/04 20:22:45	"GET /uv248fip248inf210/activity_normalization.html HTTP/1.1"
2427	2024/02/04 20:22:54	"GET /uv248fip248inf210/activity_normalization_correction.html HTTP/1.1"
2420	2024/02/04 20:37:36	"GET /uv248fip248inf210/lecture_normalization.html HTTP/1.1"
2420	2024/02/04 20:37:45	"GET /uv248fip248inf210/lecture_conceptual_modeling.html HTTP/1.1"
2420	2024/02/04 20:37:48	"GET /uv248fip248inf210/lecture_independence_views.html HTTP/1.1"
2420	2024/02/04 20:38:57	"GET /uv248fip248inf210/index.html HTTP/1.1"
2420	2024/02/04 20:38:59	"GET /uv248fip248inf210/web_architecture_home.html HTTP/1.1"
2420	2024/02/04 20:39:04	"GET /uv248fip248inf210/lecture_technical_architecture.html HTTP/1.1"
2420	2024/02/04 20:39:26	"GET /uv248fip248inf210/lecture_software_architecture.html HTTP/1.1"
2420	2024/02/04 20:39:39	"GET /uv248fip248inf210/lecture_mvc_spring.html HTTP/1.1"
2427	2024/02/04 20:39:46	"GET /uv248fip248inf210/index.html HTTP/1.1"
2427	2024/02/04 20:39:50	"GET /uv248fip248inf210/data_home.html HTTP/1.1"
2420	2024/02/04 20:40:22	"GET /uv248fip248inf210/lecture_jpa.html HTTP/1.1"
2420	2024/02/04 20:41:11	"GET /uv248fip248inf210/practice_jpa.html HTTP/1.1"
2420	2024/02/04 20:41:28	"GET /uv248fip248inf210/lecture_xml.html HTTP/1.1"
2420	2024/02/04 20:41:36	"GET /uv248fip248inf210/lecture_json.html HTTP/1.1"
2446	2024/02/04 21:17:30	"GET /uv248fip248inf210/lecture_relational_model.html HTTP/1.1"
2446	2024/02/04 21:22:01	"GET /uv248fip248inf210/lecture_db_integrity.html HTTP/1.1"
2446	2024/02/04 21:26:03	"GET /uv248fip248inf210/lecture_relational_algebra.html HTTP/1.1"
2446	2024/02/04 21:26:05	"GET /uv248fip248inf210/activity_relational_model.html HTTP/1.1"
2446	2024/02/04 21:26:25	"GET /uv248fip248inf210/lecture_modeling_normalization.html HTTP/1.1"
2446	2024/02/04 21:28:35	"GET /uv248fip248inf210/lecture_modeling_normalization.html HTTP/1.1"
2446	2024/02/04 21:28:36	"GET /uv248fip248inf210/lecture_conceptual_modeling.html HTTP/1.1"
2427	2024/02/04 21:32:01	"GET /uv248fip248inf210/web_architecture_home.html HTTP/1.1"
2427	2024/02/04 21:32:02	"GET /uv248fip248inf210/images/web_architecture/prerequisite_archiweb/prerequisite_archiweb.html HTTP/1.1"
2427	2024/02/04 21:32:08	"GET /uv248fip248inf210/lecture_xml.html HTTP/1.1"
2427	2024/02/04 21:32:35	"GET /uv248fip248inf210/lecture_validity.html HTTP/1.1"
2427	2024/02/04 21:32:44	"GET /uv248fip248inf210/lecture_json.html HTTP/1.1"
2427	2024/02/04 21:33:13	"GET /uv248fip248inf210/lecture_jpa.html HTTP/1.1"
241	2024/02/04 21:38:50	"GET /uv248fip248inf210/web_architecture_home.html HTTP/1.1"
2446	2024/02/04 21:39:35	"GET /uv248fip248inf210/lecture_normalization.html HTTP/1.1"
241	2024/02/04 21:43:49	"GET /uv248fip248inf210/activity_conceptual_modeling_advanced.html HTTP/1.1"
241	2024/02/04 21:46:12	"GET /uv248fip248inf210/activity_normalization.html HTTP/1.1"
2446	2024/02/04 21:48:06	"GET /uv248fip248inf210/activity_conceptual_modeling.html HTTP/1.1"
2446	2024/02/04 21:48:31	"GET /uv248fip248inf210/activity_normalization.html HTTP/1.1"
2446	2024/02/04 21:48:40	"GET /uv248fip248inf210/activity_decomposition.html HTTP/1.1"
2446	2024/02/04 22:10:00	"GET /uv248fip248inf210/index.html HTTP/1.1"
2446	2024/02/04 22:10:06	"GET /uv248fip248inf210/web_architecture_home.html HTTP/1.1"
2446	2024/02/04 22:10:14	"GET /uv248fip248inf210/lecture_technical_architecture.html HTTP/1.1"
2446	2024/02/04 22:10:21	"GET /uv248fip248inf210/lecture_software_architecture.html HTTP/1.1"
2446	2024/02/04 22:10:27	"GET /uv248fip248inf210/lecture_mvc_spring.html HTTP/1.1"
2446	2024/02/04 22:22:43	"GET /uv248fip248inf210/lecture_mvc_spring.html HTTP/1.1"
2446	2024/02/04 22:24:57	"GET /uv248fip248inf210/lecture_xml.html HTTP/1.1"
2446	2024/02/04 22:25:02	"GET /uv248fip248inf210/lecture_dto.html HTTP/1.1"
2446	2024/02/04 22:25:06	"GET /uv248fip248inf210/practice_xml.html HTTP/1.1"
2444	2024/02/04 22:30:30	"GET /uv248fip248inf210/technical_environment_home.html HTTP/1.1"
2423	2024/02/04 22:46:54	"GET /uv248fip248inf210/index.html HTTP/1.1"
2423	2024/02/04 22:46:56	"GET /uv248fip248inf210/technical_environment_home.html HTTP/1.1"
2423	2024/02/04 22:47:05	"GET /uv248fip248inf210/documentation_programming.html HTTP/1.1"
2423	2024/02/04 22:47:08	"GET /uv248fip248inf210/practice_spring.html HTTP/1.1"
2423	2024/02/04 22:47:12	"GET /uv248fip248inf210/web_architecture_home.html HTTP/1.1"
2423	2024/02/04 22:47:33	"GET /uv248fip248inf210/images/data/prerequisite_data/prerequisite_data.html HTTP/1.1"
2423	2024/02/04 22:50:26	"GET /uv248fip248inf210/lecture_conceptual_modeling.html HTTP/1.1"
2439	2024/02/04 22:50:52	"GET /uv248fip248inf210/web_architecture_home.html HTTP/1.1"
2439	2024/02/04 22:50:55	"GET /uv248fip248inf210/lecture_technical_architecture.html HTTP/1.1"
2439	2024/02/04 22:51:01	"GET /uv248fip248inf210/lecture_software_architecture.html HTTP/1.1"
2439	2024/02/04 22:51:12	"GET /uv248fip248inf210/lecture_xml.html HTTP/1.1"
2446	2024/02/04 23:30:46	"GET /uv248fip248inf210/lecture_jpa.html HTTP/1.1"
247	2024/02/04 23:31:02	"GET /uv248fip248inf210/lecture_db_integrity.html HTTP/1.1"
247	2024/02/04 23:32:04	"GET /uv248fip248inf210/lecture_modeling_normalization.html HTTP/1.1"
2446	2024/02/04 23:41:10	"GET /uv248fip248inf210/data_home.html HTTP/1.1"
2446	2024/02/04 23:41:15	"GET /uv248fip248inf210/activity_sql.html HTTP/1.1"
2446	2024/02/04 23:41:38	"GET /uv248fip248inf210/practice_sql.html HTTP/1.1"
2423	2024/02/04 23:55:47	"GET /uv248fip248inf210/images/web_architecture/prerequisite_archiweb/prerequisite_archiweb.html HTTP/1.1"
2423	2024/02/04 23:55:48	"GET /uv248fip248inf210/lecture_xml.html HTTP/1.1"
2426	2024/02/05 00:23:22	"GET /uv248fip248inf210/data_home.html HTTP/1.1"
2426	2024/02/05 00:23:29	"GET /uv248fip248inf210/lecture_transaction.html HTTP/1.1"
2426	2024/02/05 00:23:51	"GET /uv248fip248inf210/lecture_isolation.html HTTP/1.1"
2426	2024/02/05 00:31:23	"GET /uv248fip248inf210/practice_transaction.html HTTP/1.1"
2426	2024/02/05 00:31:53	"GET /uv248fip248inf210/practice_transaction_correction.html HTTP/1.1"
2415	2024/03/07 08:39:14	"GET /uv248fip248inf210/project_specifications.html HTTP/1.1"
2415	2024/03/07 08:42:25	"GET /uv248fip248inf210/project_part3.html HTTP/1.1"
247	2024/03/07 08:47:35	"GET /uv248fip248inf210/project_part4.html HTTP/1.1"
247	2024/03/07 08:47:44	"GET /uv248fip248inf210/project_part4.html HTTP/1.1"
2421	2024/03/07 09:36:39	"GET /uv248fip248inf210/project_home.html HTTP/1.1"
2421	2024/03/07 09:36:44	"GET /uv248fip248inf210/project_part4.html HTTP/1.1"
2418	2024/03/07 09:36:45	"GET /uv248fip248inf210/project_home.html HTTP/1.1"
2418	2024/03/07 09:36:48	"GET /uv248fip248inf210/project_specifications.html HTTP/1.1"
2421	2024/03/07 09:36:51	"GET /uv248fip248inf210/project_structureui.html HTTP/1.1"
2421	2024/03/07 09:36:56	"GET /uv248fip248inf210/project_part4.html HTTP/1.1"
2421	2024/03/07 09:37:01	"GET /uv248fip248inf210/project_part2.html HTTP/1.1"
2421	2024/03/07 09:37:10	"GET /uv248fip248inf210/project_specifications.html HTTP/1.1"
2415	2024/03/07 09:39:30	"GET /uv248fip248inf210/project_specifications.html HTTP/1.1"
2427	2024/03/07 09:41:57	"GET /uv248fip248inf210/data_home.html HTTP/1.1"
2427	2024/03/07 09:42:02	"GET /uv248fip248inf210/project_home.html HTTP/1.1"
2427	2024/03/07 09:43:16	"GET /uv248fip248inf210/project_specifications.html HTTP/1.1"
2442	2024/03/07 09:44:13	"GET /uv248fip248inf210/project_home.html HTTP/1.1"
2442	2024/03/07 09:44:29	"GET /uv248fip248inf210/project_specifications.html HTTP/1.1"
247	2024/03/07 09:45:09	"GET /uv248fip248inf210/technical_environment_home.html HTTP/1.1"
247	2024/03/07 09:45:12	"GET /uv248fip248inf210/index.html HTTP/1.1"
247	2024/03/07 09:45:14	"GET /uv248fip248inf210/project_home.html HTTP/1.1"
2425	2024/03/07 09:45:37	"GET /uv248fip248inf210/index.html HTTP/1.1"
2416	2024/03/07 09:46:06	"GET /uv248fip248inf210/project_home.html HTTP/1.1"
2416	2024/03/07 09:46:32	"GET /uv248fip248inf210/technical_environment_home.html HTTP/1.1"
2425	2024/03/07 09:47:04	"GET /uv248fip248inf210/project_home.html HTTP/1.1"
2425	2024/03/07 09:49:45	"GET /uv248fip248inf210/project_specifications.html HTTP/1.1"
2420	2024/03/07 09:51:31	"GET /uv248fip248inf210/project_home.html HTTP/1.1"
2420	2024/03/07 09:51:53	"GET /uv248fip248inf210/project_evaluation.html HTTP/1.1"
2420	2024/03/07 09:51:57	"GET /uv248fip248inf210/project_specifications.html HTTP/1.1"
2416	2024/03/07 09:57:36	"GET /uv248fip248inf210/documentation_docker.html HTTP/1.1"
2416	2024/03/07 09:58:35	"GET /uv248fip248inf210/spring_bean.html HTTP/1.1"
2416	2024/03/07 09:58:36	"GET /uv248fip248inf210/practice_spring.html HTTP/1.1"
2416	2024/03/07 09:58:40	"GET /uv248fip248inf210/documentation_programming.html HTTP/1.1"
2416	2024/03/07 09:58:52	"GET /uv248fip248inf210/practice_docker.html HTTP/1.1"
2410	2024/03/07 10:08:15	"GET /uv248fip248inf210/project_evaluation.html HTTP/1.1"
245	2024/03/07 10:09:52	"GET /uv248fip248inf210/project_specifications.html HTTP/1.1"
2410	2024/03/07 10:11:27	"GET /uv248fip248inf210/project_part3.html HTTP/1.1"
2416	2024/03/07 10:22:56	"GET /uv248fip248inf210/practice_docker_advanced.html HTTP/1.1"
2435	2024/03/07 10:23:46	"GET /uv248fip248inf210/technical_environment_home.html HTTP/1.1"
249	2024/03/07 10:23:59	"GET /uv248fip248inf210/project_specifications.html HTTP/1.1"
2435	2024/03/07 10:24:01	"GET /uv248fip248inf210/documentation_docker.html HTTP/1.1"
2435	2024/03/07 10:24:10	"GET /uv248fip248inf210/practice_docker.html HTTP/1.1"
2416	2024/03/07 10:41:14	"GET /uv248fip248inf210/practice_postgresql.html HTTP/1.1"
2416	2024/03/07 10:45:53	"GET /uv248fip248inf210/documentation_si.html HTTP/1.1"
2447	2024/03/07 10:49:04	"GET /uv248fip248inf210/project_evaluation.html HTTP/1.1"
2430	2024/03/07 10:52:12	"GET /uv248fip248inf210/project_specifications.html HTTP/1.1"
2437	2024/03/07 10:52:53	"GET /uv248fip248inf210/index.html HTTP/1.1"
2437	2024/03/07 10:52:56	"GET /uv248fip248inf210/technical_environment_home.html HTTP/1.1"
2437	2024/03/07 10:53:00	"GET /uv248fip248inf210/project_home.html HTTP/1.1"
2437	2024/03/07 10:53:03	"GET /uv248fip248inf210/project_specifications.html HTTP/1.1"
2435	2024/03/07 10:53:50	"GET /uv248fip248inf210/documentation_programming.html HTTP/1.1"
2435	2024/03/07 10:54:02	"GET /uv248fip248inf210/inversion_of_control.html HTTP/1.1"
2435	2024/03/07 10:54:05	"GET /uv248fip248inf210/practice_spring.html HTTP/1.1"
246	2024/03/07 10:56:00	"GET /uv248fip248inf210/project_specifications.html HTTP/1.1"
2416	2024/03/07 10:58:46	"GET /uv248fip248inf210/inversion_of_control.html HTTP/1.1"
2416	2024/03/07 10:59:01	"GET /uv248fip248inf210/index.html HTTP/1.1"
2431	2024/03/07 11:00:10	"GET /uv248fip248inf210/project_part3.html HTTP/1.1"
2445	2024/03/07 11:12:48	"GET /uv248fip248inf210/web_architecture_home.html HTTP/1.1"
2445	2024/03/07 11:12:55	"GET /uv248fip248inf210/practice_spring_2tiers.html HTTP/1.1"
2435	2024/03/07 11:14:05	"GET /uv248fip248inf210/web_architecture_home.html HTTP/1.1"
2435	2024/03/07 11:14:09	"GET /uv248fip248inf210/practice_spring_2tiers.html HTTP/1.1"
2416	2024/03/07 11:17:58	"GET /uv248fip248inf210/data_home.html HTTP/1.1"
2447	2024/03/07 11:18:14	"GET /uv248fip248inf210/project_presentation.html HTTP/1.1"
2447	2024/03/07 11:18:19	"GET /uv248fip248inf210/project_part1.html HTTP/1.1"
2447	2024/03/07 11:18:47	"GET /uv248fip248inf210/project_part2.html HTTP/1.1"
2447	2024/03/07 11:18:54	"GET /uv248fip248inf210/project_part3.html HTTP/1.1"
2445	2024/03/07 11:21:54	"GET /uv248fip248inf210/project_home.html HTTP/1.1"
246	2024/03/07 11:23:25	"GET /uv248fip248inf210/project_home.html HTTP/1.1"
246	2024/03/07 11:23:27	"GET /uv248fip248inf210/project_evaluation.html HTTP/1.1"
2410	2024/03/07 11:27:32	"GET /uv248fip248inf210/project_task_time.html HTTP/1.1"
2420	2024/03/07 11:27:44	"GET /uv248fip248inf210/project_part3.html HTTP/1.1"
2420	2024/03/07 11:27:49	"GET /uv248fip248inf210/project_structureui.html HTTP/1.1"
2441	2024/03/07 11:50:27	"GET /uv248fip248inf210/index.html HTTP/1.1"
2441	2024/03/07 11:50:30	"GET /uv248fip248inf210/project_home.html HTTP/1.1"
2411	2024/03/07 12:03:42	"GET /uv248fip248inf210/project_home.html HTTP/1.1"
2442	2024/03/07 12:07:16	"GET /uv248fip248inf210/project_part4.html HTTP/1.1"
2442	2024/03/07 12:07:19	"GET /uv248fip248inf210/project_part4.html HTTP/1.1"
2442	2024/03/07 12:07:19	"GET /uv248fip248inf210/project_part4.html HTTP/1.1"
2442	2024/03/07 12:07:20	"GET /uv248fip248inf210/project_part4.html HTTP/1.1"
2425	2024/03/07 12:10:57	"GET /uv248fip248inf210/index.html HTTP/1.1"
2425	2024/03/07 12:11:11	"GET /uv248fip248inf210/technical_environment_home.html HTTP/1.1"
2425	2024/03/07 12:11:18	"GET /uv248fip248inf210/index.html HTTP/1.1"
2425	2024/03/07 12:11:20	"GET /uv248fip248inf210/project_home.html HTTP/1.1"
2425	2024/03/07 12:11:28	"GET /uv248fip248inf210/project_evaluation.html HTTP/1.1"
2425	2024/03/07 12:11:41	"GET /uv248fip248inf210/project_part1.html HTTP/1.1"
2425	2024/03/07 12:12:24	"GET /uv248fip248inf210/licence.html HTTP/1.1"
2425	2024/03/07 12:12:43	"GET /uv248fip248inf210/project_part2.html HTTP/1.1"
2425	2024/03/07 12:13:04	"GET /uv248fip248inf210/project_part3.html HTTP/1.1"
2418	2024/03/07 12:22:42	"GET /uv248fip248inf210/project_part4.html HTTP/1.1"
2418	2024/03/07 12:22:44	"GET /uv248fip248inf210/project_specifications.html HTTP/1.1"
2429	2024/03/07 13:34:30	"GET /uv248fip248inf210/project_home.html HTTP/1.1"
2429	2024/03/07 13:34:33	"GET /uv248fip248inf210/project_part1.html HTTP/1.1"
2429	2024/03/07 13:36:28	"GET /uv248fip248inf210/project_evaluation.html HTTP/1.1"
2429	2024/03/07 13:36:52	"GET /uv248fip248inf210/project_part1.html HTTP/1.1"
2447	2024/03/07 14:16:06	"GET /uv248fip248inf210/project_part3.html HTTP/1.1"
2447	2024/03/07 14:16:14	"GET /uv248fip248inf210/project_structureui.html HTTP/1.1"
2447	2024/03/07 14:16:19	"GET /uv248fip248inf210/project_part4.html HTTP/1.1"
2447	2024/03/07 14:16:49	"GET /uv248fip248inf210/project_specifications.html HTTP/1.1"
2418	2024/03/07 14:19:55	"GET /uv248fip248inf210/project_part1.html HTTP/1.1"
241	2024/03/07 16:12:32	"GET /uv248fip248inf210/web_architecture_home.html HTTP/1.1"
241	2024/03/07 16:12:36	"GET /uv248fip248inf210/data_home.html HTTP/1.1"
241	2024/03/07 16:12:39	"GET /uv248fip248inf210/project_home.html HTTP/1.1"
241	2024/03/07 16:12:43	"GET /uv248fip248inf210/project_task_time.html HTTP/1.1"
241	2024/03/07 16:12:50	"GET /uv248fip248inf210/project_part3.html HTTP/1.1"
2446	2024/03/07 16:27:11	"GET /uv248fip248inf210/project_task_time.html HTTP/1.1"
2446	2024/03/07 16:27:15	"GET /uv248fip248inf210/project_specifications.html HTTP/1.1"
2446	2024/03/07 16:27:23	"GET /uv248fip248inf210/project_part1.html HTTP/1.1"
2446	2024/03/07 16:27:33	"GET /uv248fip248inf210/project_part2.html HTTP/1.1"
2440	2024/03/07 16:34:26	"GET /uv248fip248inf210/project_part3.html HTTP/1.1"
2439	2024/03/07 16:49:37	"GET /uv248fip248inf210/project_part4.html HTTP/1.1"
2439	2024/03/07 16:50:00	"GET /uv248fip248inf210/project_home.html HTTP/1.1"
2439	2024/03/07 16:50:04	"GET /uv248fip248inf210/project_part4.html HTTP/1.1"
2439	2024/03/07 16:50:10	"GET /uv248fip248inf210/project_part4.html HTTP/1.1"
2439	2024/03/07 16:50:25	"GET /uv248fip248inf210/project_part4.html HTTP/1.1"
247	2024/03/07 17:26:37	"GET /uv248fip248inf210/project_task_time.html HTTP/1.1"
247	2024/03/07 17:26:59	"GET /uv248fip248inf210/project_part3.html HTTP/1.1"
247	2024/03/07 17:27:34	"GET /uv248fip248inf210/project_structureui.html HTTP/1.1"
247	2024/03/07 17:27:48	"GET /uv248fip248inf210/project_specifications.html HTTP/1.1"
2419	2024/03/07 17:30:13	"GET /uv248fip248inf210/project_specifications.html HTTP/1.1"
241	2024/03/07 17:46:23	"GET /uv248fip248inf210/project_structureui.html HTTP/1.1"
241	2024/03/07 17:46:25	"GET /uv248fip248inf210/project_part4.html HTTP/1.1"
241	2024/03/07 17:46:31	"GET /uv248fip248inf210/project_specifications.html HTTP/1.1"
247	2024/03/07 19:08:00	"GET /uv248fip248inf210/project_part4.html HTTP/1.1"
2426	2024/03/07 19:52:58	"GET /uv248fip248inf210/project_presentation.html HTTP/1.1"
2426	2024/03/07 19:53:05	"GET /uv248fip248inf210/project_part1.html HTTP/1.1"
2426	2024/03/07 19:58:22	"GET /uv248fip248inf210/project_part2.html HTTP/1.1"
2446	2024/03/07 20:06:21	"GET /uv248fip248inf210/index.html HTTP/1.1"
2446	2024/03/07 20:06:28	"GET /uv248fip248inf210/project_home.html HTTP/1.1"
2439	2024/03/07 20:12:40	"GET /uv248fip248inf210/index.html HTTP/1.1"
2439	2024/03/07 20:12:52	"GET /uv248fip248inf210/web_architecture_home.html HTTP/1.1"
2439	2024/03/07 20:12:57	"GET /uv248fip248inf210/practice_jpa_advanced.html HTTP/1.1"
2439	2024/03/07 20:13:11	"GET /uv248fip248inf210/practice_spring_2tiers.html HTTP/1.1"
2429	2024/03/12 10:09:46	"GET /uv248fip248inf210/project_home.html HTTP/1.1"
2429	2024/03/12 10:10:33	"GET /uv248fip248inf210/project_part3.html HTTP/1.1"
2429	2024/03/12 10:10:36	"GET /uv248fip248inf210/project_part2.html HTTP/1.1"
2429	2024/03/12 10:10:44	"GET /uv248fip248inf210/project_part3.html HTTP/1.1"
2446	2024/03/12 10:15:42	"GET /uv248fip248inf210/project_home.html HTTP/1.1"
2446	2024/03/12 10:15:46	"GET /uv248fip248inf210/project_part3.html HTTP/1.1"
2429	2024/03/12 10:17:04	"GET /uv248fip248inf210/project_home.html HTTP/1.1"
2429	2024/03/12 10:17:07	"GET /uv248fip248inf210/project_part3.html HTTP/1.1"
2439	2024/03/12 10:17:41	"GET /uv248fip248inf210/index.html HTTP/1.1"
2439	2024/03/12 10:17:57	"GET /uv248fip248inf210/data_home.html HTTP/1.1"
2439	2024/03/12 10:18:03	"GET /uv248fip248inf210/project_home.html HTTP/1.1"
2439	2024/03/12 10:18:08	"GET /uv248fip248inf210/project_part3.html HTTP/1.1"
2422	2024/03/12 10:21:08	"GET /uv248fip248inf210/project_part3.html HTTP/1.1"
2439	2024/03/12 10:33:32	"GET /uv248fip248inf210/project_specifications.html HTTP/1.1"
2439	2024/03/12 10:58:15	"GET /uv248fip248inf210/project_part3.html HTTP/1.1"
2439	2024/03/12 12:57:29	"GET /uv248fip248inf210/project_presentation.html HTTP/1.1"
2439	2024/03/12 12:57:37	"GET /uv248fip248inf210/index.html HTTP/1.1"
2439	2024/03/12 12:57:39	"GET /uv248fip248inf210/technical_environment_home.html HTTP/1.1"
2439	2024/03/12 12:58:15	"GET /uv248fip248inf210/documentation_docker.html HTTP/1.1"
2439	2024/03/12 13:22:37	"GET /uv248fip248inf210/project_home.html HTTP/1.1"
2439	2024/03/12 13:22:39	"GET /uv248fip248inf210/project_part3.html HTTP/1.1"
2427	2024/03/12 15:54:55	"GET /uv248fip248inf210/technical_environment_home.html HTTP/1.1"
2427	2024/03/12 15:55:06	"GET /uv248fip248inf210/images/technical_environment/prerequisite_techenv/prerequisite_techenv.html HTTP/1.1"
2427	2024/03/12 15:55:08	"GET /uv248fip248inf210/practice_postgresql.html HTTP/1.1"
2427	2024/03/12 15:55:13	"GET /uv248fip248inf210/documentation_programming.html HTTP/1.1"
2427	2024/03/12 15:55:19	"GET /uv248fip248inf210/practice_spring.html HTTP/1.1"
2427	2024/03/12 15:55:51	"GET /uv248fip248inf210/lecture_software_architecture.html HTTP/1.1"
2427	2024/03/12 15:56:22	"GET /uv248fip248inf210/lecture_technical_architecture.html HTTP/1.1"
2427	2024/03/12 15:56:32	"GET /uv248fip248inf210/lecture_mvc_spring.html HTTP/1.1"
2427	2024/03/12 16:06:09	"GET /uv248fip248inf210/lecture_jpa.html HTTP/1.1"
2427	2024/03/12 16:06:17	"GET /uv248fip248inf210/practice_jpa.html HTTP/1.1"
2429	2024/09/16 15:14:04	"GET /uv248fip248inf210/web_architecture_home.html HTTP/1.1"
2429	2024/09/16 15:14:15	"GET /uv248fip248inf210/practice_spring_2tiers_ext.html HTTP/1.1"
2429	2024/09/16 15:14:24	"GET /uv248fip248inf210/practice_spring_2tiers.html HTTP/1.1"
2425	2024/09/03 18:54:59	"GET /uv248fip248inf210/documentation_programming.html HTTP/1.1"
2425	2024/09/03 18:56:34	"GET /uv248fip248inf210/spring_bean.html HTTP/1.1"
2425	2024/09/03 20:55:11	"GET /uv248fip248inf210/practice_spring.html HTTP/1.1"
2425	2024/09/03 20:55:32	"GET /uv248fip248inf210/index.html HTTP/1.1"
2425	2024/09/03 20:55:36	"GET /uv248fip248inf210/web_architecture_home.html HTTP/1.1"
2425	2024/09/03 20:55:55	"GET /uv248fip248inf210/lecture_software_architecture.html HTTP/1.1"
2425	2024/09/03 20:56:06	"GET /uv248fip248inf210/project_home.html HTTP/1.1"
2425	2024/09/03 20:56:22	"GET /uv248fip248inf210/project_part1.html HTTP/1.1"
2425	2024/09/03 20:56:52	"GET /uv248fip248inf210/project_part2.html HTTP/1.1"
2425	2024/09/03 20:56:57	"GET /uv248fip248inf210/project_part3.html HTTP/1.1"
2425	2024/09/03 20:57:05	"GET /uv248fip248inf210/data_home.html HTTP/1.1"
2425	2024/09/03 20:57:19	"GET /uv248fip248inf210/images/data/prerequisite_data/prerequisite_data.html HTTP/1.1"
2425	2024/09/03 20:57:21	"GET /uv248fip248inf210/practice_transaction.html HTTP/1.1"
2425	2024/09/03 20:57:54	"GET /uv248fip248inf210/practice_jpa.html HTTP/1.1"
2425	2024/09/03 20:58:21	"GET /uv248fip248inf210/practice_spring_2tiers.html HTTP/1.1"
2425	2024/09/03 21:15:31	"GET /uv248fip248inf210/technical_environment_home.html HTTP/1.1"
2425	2024/09/03 21:15:41	"GET /uv248fip248inf210/images/technical_environment/prerequisite_techenv/prerequisite_techenv.html HTTP/1.1"
2411	2024/04/26 15:58:02	"GET /uv248fip248inf210/project_part1.html HTTP/1.1"
2429	2024/09/19 08:26:21	"GET /uv248fip248inf210/lecture_xpath.html HTTP/1.1"
2429	2024/09/19 08:27:09	"GET /uv248fip248inf210/lecture_technical_architecture.html HTTP/1.1"
2429	2024/09/19 08:27:39	"GET /uv248fip248inf210/lecture_software_architecture.html HTTP/1.1"
2429	2024/09/19 08:29:50	"GET /uv248fip248inf210/lecture_jpa.html HTTP/1.1"
2429	2024/09/19 08:30:02	"GET /uv248fip248inf210/practice_jpa.html HTTP/1.1"
2429	2024/09/19 09:24:07	"GET /uv248fip248inf210/index.html HTTP/1.1"
2429	2024/09/19 09:24:11	"GET /uv248fip248inf210/data_home.html HTTP/1.1"
2429	2024/09/19 09:24:15	"GET /uv248fip248inf210/lecture_modeling_normalization.html HTTP/1.1"
2429	2024/09/19 09:24:20	"GET /uv248fip248inf210/activity_conceptual_modeling.html HTTP/1.1"
2429	2024/09/19 09:24:24	"GET /uv248fip248inf210/activity_conceptual_modeling_correction.html HTTP/1.1"
2429	2024/09/19 09:26:04	"GET /uv248fip248inf210/activity_conceptual_modeling_correction.html HTTP/1.1"
2429	2024/09/19 09:39:54	"GET /uv248fip248inf210/activity_conceptual_modeling_advanced.html HTTP/1.1"
2429	2024/09/19 09:40:00	"GET /uv248fip248inf210/activity_normalization.html HTTP/1.1"
2429	2024/09/19 09:41:55	"GET /uv248fip248inf210/activity_normalization_correction.html HTTP/1.1"
2429	2024/09/19 10:19:28	"GET /uv248fip248inf210/activity_decomposition.html HTTP/1.1"
2440	2024/01/24 09:46:15	"GET /uv248fip248inf210/activity_relational_model.html HTTP/1.1"
2440	2024/01/24 10:09:23	"GET /uv248fip248inf210/activity_relational_model_correction.html HTTP/1.1"
2438	2024/01/24 14:26:42	"GET /uv248fip248inf210/index.html HTTP/1.1"
2438	2024/01/24 14:26:56	"GET /uv248fip248inf210/practice_spring_2tiers.html HTTP/1.1"
2438	2024/01/24 14:27:00	"GET /uv248fip248inf210/lecture_jpa.html HTTP/1.1"
2438	2024/01/24 14:27:13	"GET /uv248fip248inf210/practice_spring_2tiers_ext.html HTTP/1.1"
2440	2024/01/31 16:31:56	"GET /uv248fip248inf210/technical_environment_home.html HTTP/1.1"
2440	2024/01/31 16:32:14	"GET /uv248fip248inf210/images/data/prerequisite_data/prerequisite_data.html HTTP/1.1"
2440	2024/01/31 16:32:17	"GET /uv248fip248inf210/activity_sql.html HTTP/1.1"
2429	2024/01/31 16:40:23	"GET /uv248fip248inf210/data_home.html HTTP/1.1"
2429	2024/01/31 16:40:26	"GET /uv248fip248inf210/activity_sql.html HTTP/1.1"
2439	2024/01/31 16:42:34	"GET /uv248fip248inf210/data_home.html HTTP/1.1"
2439	2024/01/31 16:42:43	"GET /uv248fip248inf210/images/data/prerequisite_data/prerequisite_data.html HTTP/1.1"
2439	2024/01/31 16:42:47	"GET /uv248fip248inf210/activity_sql.html HTTP/1.1"
2429	2024/01/31 16:44:17	"GET /uv248fip248inf210/activity_sql_correction.html HTTP/1.1"
2440	2024/01/31 16:44:22	"GET /uv248fip248inf210/activity_sql_correction.html HTTP/1.1"
2440	2024/01/31 17:28:36	"GET /uv248fip248inf210/practice_sql.html HTTP/1.1"
2440	2024/01/31 17:30:26	"GET /uv248fip248inf210/lecture_transaction.html HTTP/1.1"
2429	2024/01/31 17:39:42	"GET /uv248fip248inf210/lecture_transaction.html HTTP/1.1"
2439	2024/01/31 17:39:44	"GET /uv248fip248inf210/practice_transaction.html HTTP/1.1"
2439	2024/01/31 17:39:47	"GET /uv248fip248inf210/lecture_transaction.html HTTP/1.1"
2440	2024/01/31 17:51:07	"GET /uv248fip248inf210/practice_transaction.html HTTP/1.1"
2439	2024/01/31 18:23:51	"GET /uv248fip248inf210/activity_relational_model.html HTTP/1.1"
2443	2024/01/31 21:58:10	"GET /uv248fip248inf210/index.html HTTP/1.1"
2443	2024/01/31 21:58:16	"GET /uv248fip248inf210/index.html HTTP/1.1"
2443	2024/01/31 21:58:18	"GET /uv248fip248inf210/technical_environment_home.html HTTP/1.1"
246	2024/03/08 13:33:18	"GET /uv248fip248inf210/project_home.html HTTP/1.1"
246	2024/03/08 13:33:22	"GET /uv248fip248inf210/project_specifications.html HTTP/1.1"
249	2024/07/14 06:31:32	"GET /uv248fip248inf210/technical_environment_home.html HTTP/1.1"
249	2024/07/14 06:31:37	"GET /uv248fip248inf210/documentation_si.html HTTP/1.1"
249	2024/07/14 06:32:19	"GET /uv248fip248inf210/documentation_rdbms.html HTTP/1.1"
249	2024/07/14 07:17:50	"GET /uv248fip248inf210/practice_postgresql.html HTTP/1.1"
2440	2024/02/03 10:46:10	"GET /uv248fip248inf210/images/technical_environment/prerequisite_techenv/prerequisite_techenv.html HTTP/1.1"
2440	2024/02/03 10:46:26	"GET /uv248fip248inf210/web_architecture_home.html HTTP/1.1"
2440	2024/02/03 10:46:29	"GET /uv248fip248inf210/images/web_architecture/prerequisite_archiweb/prerequisite_archiweb.html HTTP/1.1"
2440	2024/02/03 10:50:47	"GET /uv248fip248inf210/lecture_technical_architecture.html HTTP/1.1"
2440	2024/02/03 10:51:17	"GET /uv248fip248inf210/lecture_software_architecture.html HTTP/1.1"
2440	2024/02/03 11:07:42	"GET /uv248fip248inf210/lecture_mvc_spring.html HTTP/1.1"
2440	2024/02/03 11:11:17	"GET /uv248fip248inf210/lecture_jpa.html HTTP/1.1"
2440	2024/02/03 11:21:08	"GET /uv248fip248inf210/practice_jpa.html HTTP/1.1"
2440	2024/02/03 11:31:28	"GET /uv248fip248inf210/practice_spring_2tiers.html HTTP/1.1"
2443	2024/02/03 11:31:34	"GET /uv248fip248inf210/technical_environment_home.html HTTP/1.1"
2443	2024/02/03 11:31:51	"GET /uv248fip248inf210/web_architecture_home.html HTTP/1.1"
2443	2024/02/03 11:31:57	"GET /uv248fip248inf210/images/web_architecture/prerequisite_archiweb/prerequisite_archiweb.html HTTP/1.1"
2440	2024/02/03 11:32:33	"GET /uv248fip248inf210/lecture_dto.html HTTP/1.1"
2443	2024/02/03 11:32:48	"GET /uv248fip248inf210/index.html HTTP/1.1"
2440	2024/02/03 11:44:08	"GET /uv248fip248inf210/lecture_xml.html HTTP/1.1"
2440	2024/02/03 14:20:05	"GET /uv248fip248inf210/lecture_validity.html HTTP/1.1"
2440	2024/02/03 14:25:52	"GET /uv248fip248inf210/practice_xml.html HTTP/1.1"
2440	2024/02/03 14:28:02	"GET /uv248fip248inf210/lecture_json.html HTTP/1.1"
2440	2024/02/03 14:32:52	"GET /uv248fip248inf210/practice_json.html HTTP/1.1"
2440	2024/02/03 14:35:38	"GET /uv248fip248inf210/data_home.html HTTP/1.1"
2440	2024/02/03 14:35:39	"GET /uv248fip248inf210/images/data/prerequisite_data/prerequisite_data.html HTTP/1.1"
247	2024/02/03 15:14:24	"GET /uv248fip248inf210/index.html HTTP/1.1"
247	2024/02/03 15:17:19	"GET /uv248fip248inf210/technical_environment_home.html HTTP/1.1"
2421	2024/02/03 15:24:26	"GET /uv248fip248inf210/data_home.html HTTP/1.1"
2421	2024/02/03 15:24:32	"GET /uv248fip248inf210/lecture_modeling_normalization.html HTTP/1.1"
2421	2024/02/03 15:26:08	"GET /uv248fip248inf210/lecture_conceptual_modeling.html HTTP/1.1"
2446	2024/02/03 15:27:17	"GET /uv248fip248inf210/images/data/prerequisite_data/prerequisite_data.html HTTP/1.1"
2446	2024/02/03 15:27:20	"GET /uv248fip248inf210/activity_normalization.html HTTP/1.1"
2446	2024/02/03 15:27:32	"GET /uv248fip248inf210/lecture_conceptual_modeling.html HTTP/1.1"
246	2024/02/03 15:27:55	"GET /uv248fip248inf210/data_home.html HTTP/1.1"
246	2024/02/03 15:28:03	"GET /uv248fip248inf210/lecture_conceptual_modeling.html HTTP/1.1"
2421	2024/02/03 15:43:02	"GET /uv248fip248inf210/lecture_normalization.html HTTP/1.1"
246	2024/02/03 15:47:58	"GET /uv248fip248inf210/lecture_normalization.html HTTP/1.1"
246	2024/02/03 15:48:19	"GET /uv248fip248inf210/activity_conceptual_modeling.html HTTP/1.1"
246	2024/02/03 15:48:24	"GET /uv248fip248inf210/activity_conceptual_modeling_correction.html HTTP/1.1"
2446	2024/02/03 15:49:47	"GET /uv248fip248inf210/lecture_normalization.html HTTP/1.1"
2440	2024/02/03 15:52:25	"GET /uv248fip248inf210/lecture_relational_model.html HTTP/1.1"
2440	2024/02/03 15:55:00	"GET /uv248fip248inf210/lecture_db_integrity.html HTTP/1.1"
2440	2024/02/03 16:00:15	"GET /uv248fip248inf210/activity_relational_model.html HTTP/1.1"
2440	2024/02/03 16:00:21	"GET /uv248fip248inf210/lecture_modeling_normalization.html HTTP/1.1"
247	2024/02/03 16:00:53	"GET /uv248fip248inf210/documentation_docker.html HTTP/1.1"
2440	2024/02/03 16:01:32	"GET /uv248fip248inf210/lecture_conceptual_modeling.html HTTP/1.1"
2440	2024/02/03 16:10:31	"GET /uv248fip248inf210/index.html HTTP/1.1"
2440	2024/02/03 16:10:33	"GET /uv248fip248inf210/data_home.html HTTP/1.1"
2440	2024/02/03 16:10:43	"GET /uv248fip248inf210/lecture_conceptual_modeling.html HTTP/1.1"
2440	2024/02/03 16:31:32	"GET /uv248fip248inf210/activity_conceptual_modeling.html HTTP/1.1"
2440	2024/02/03 16:31:48	"GET /uv248fip248inf210/activity_decomposition.html HTTP/1.1"
2421	2024/02/03 16:31:52	"GET /uv248fip248inf210/activity_conceptual_modeling.html HTTP/1.1"
2440	2024/02/03 16:32:05	"GET /uv248fip248inf210/activity_decomposition_correction.html HTTP/1.1"
2440	2024/02/03 16:33:30	"GET /uv248fip248inf210/activity_sql.html HTTP/1.1"
2425	2024/02/03 16:36:29	"GET /uv248fip248inf210/practice_docker.html HTTP/1.1"
2425	2024/02/03 16:37:28	"GET /uv248fip248inf210/index.html HTTP/1.1"
2425	2024/02/03 16:38:37	"GET /uv248fip248inf210/project_home.html HTTP/1.1"
2440	2024/02/03 16:38:47	"GET /uv248fip248inf210/activity_sql_correction.html HTTP/1.1"
2421	2024/02/03 16:41:25	"GET /uv248fip248inf210/activity_conceptual_modeling_correction.html HTTP/1.1"
2440	2024/02/03 16:41:56	"GET /uv248fip248inf210/practice_sql.html HTTP/1.1"
2440	2024/02/03 16:42:15	"GET /uv248fip248inf210/lecture_transaction.html HTTP/1.1"
2425	2024/02/03 16:42:40	"GET /uv248fip248inf210/technical_environment_home.html HTTP/1.1"
2425	2024/02/03 16:42:54	"GET /uv248fip248inf210/documentation_docker.html HTTP/1.1"
2440	2024/02/03 16:47:39	"GET /uv248fip248inf210/practice_transaction.html HTTP/1.1"
2421	2024/02/03 16:50:30	"GET /uv248fip248inf210/activity_normalization.html HTTP/1.1"
2421	2024/02/03 16:51:13	"GET /uv248fip248inf210/activity_normalization_correction.html HTTP/1.1"
2421	2024/02/03 16:54:23	"GET /uv248fip248inf210/activity_decomposition.html HTTP/1.1"
2425	2024/02/03 16:57:26	"GET /uv248fip248inf210/web_architecture_home.html HTTP/1.1"
2425	2024/02/03 16:57:35	"GET /uv248fip248inf210/data_home.html HTTP/1.1"
2425	2024/02/03 17:08:44	"GET /uv248fip248inf210/lecture_relational_model.html HTTP/1.1"
2425	2024/02/03 17:12:28	"GET /uv248fip248inf210/lecture_db_integrity.html HTTP/1.1"
2425	2024/02/03 17:12:34	"GET /uv248fip248inf210/lecture_modeling_normalization.html HTTP/1.1"
2425	2024/02/03 17:12:47	"GET /uv248fip248inf210/lecture_db_tools.html HTTP/1.1"
2425	2024/02/03 17:12:48	"GET /uv248fip248inf210/activity_relational_model.html HTTP/1.1"
2425	2024/02/03 17:13:16	"GET /uv248fip248inf210/lecture_normalization.html HTTP/1.1"
2445	2024/02/03 20:01:50	"GET /uv248fip248inf210/data_home.html HTTP/1.1"
2445	2024/02/03 20:02:12	"GET /uv248fip248inf210/lecture_normalization.html HTTP/1.1"
2445	2024/02/03 20:02:18	"GET /uv248fip248inf210/lecture_conceptual_modeling.html HTTP/1.1"
2417	2024/02/03 21:23:13	"GET /uv248fip248inf210/practice_spring_2tiers.html HTTP/1.1"
2417	2024/02/03 21:23:18	"GET /uv248fip248inf210/index.html HTTP/1.1"
2417	2024/02/03 21:23:33	"GET /uv248fip248inf210/data_home.html HTTP/1.1"
2417	2024/02/03 21:23:35	"GET /uv248fip248inf210/images/data/prerequisite_data/prerequisite_data.html HTTP/1.1"
2417	2024/02/03 21:24:11	"GET /uv248fip248inf210/lecture_normalization.html HTTP/1.1"
2417	2024/02/03 21:30:33	"GET /uv248fip248inf210/lecture_conceptual_modeling.html HTTP/1.1"
2417	2024/02/03 21:39:26	"GET /uv248fip248inf210/lecture_modeling_normalization.html HTTP/1.1"
2420	2024/02/03 21:47:26	"GET /uv248fip248inf210/data_home.html HTTP/1.1"
2420	2024/02/03 21:47:31	"GET /uv248fip248inf210/activity_normalization.html HTTP/1.1"
2420	2024/02/03 21:47:43	"GET /uv248fip248inf210/lecture_normalization.html HTTP/1.1"
247	2024/02/03 22:12:50	"GET /uv248fip248inf210/practice_docker.html HTTP/1.1"
2417	2024/02/03 22:14:01	"GET /uv248fip248inf210/activity_normalization.html HTTP/1.1"
2417	2024/02/03 22:17:14	"GET /uv248fip248inf210/activity_decomposition.html HTTP/1.1"
247	2024/02/03 22:26:26	"GET /uv248fip248inf210/practice_docker_advanced.html HTTP/1.1"
247	2024/02/03 22:45:02	"GET /uv248fip248inf210/documentation_rdbms.html HTTP/1.1"
247	2024/02/03 22:45:06	"GET /uv248fip248inf210/practice_postgresql.html HTTP/1.1"
2439	2024/01/10 09:39:34	"GET /uv248fip248inf210/web_architecture_home.html HTTP/1.1"
2439	2024/01/10 09:39:39	"GET /uv248fip248inf210/index.html HTTP/1.1"
2439	2024/01/10 09:39:42	"GET /uv248fip248inf210/technical_environment_home.html HTTP/1.1"
2439	2024/01/10 09:39:47	"GET /uv248fip248inf210/documentation_docker.html HTTP/1.1"
2439	2024/01/10 10:09:24	"GET /uv248fip248inf210/practice_docker.html HTTP/1.1"
246	2024/01/10 14:06:07	"GET /uv248fip248inf210/technical_environment_home.html HTTP/1.1"
246	2024/01/10 14:06:28	"GET /uv248fip248inf210/documentation_docker.html HTTP/1.1"
246	2024/01/10 14:06:32	"GET /uv248fip248inf210/practice_docker.html HTTP/1.1"
246	2024/01/10 14:06:41	"GET /uv248fip248inf210/practice_postgresql.html HTTP/1.1"
246	2024/01/10 14:13:01	"GET /uv248fip248inf210/documentation_programming.html HTTP/1.1"
246	2024/01/10 14:26:00	"GET /uv248fip248inf210/documentation_si.html HTTP/1.1"
246	2024/01/10 14:26:11	"GET /uv248fip248inf210/documentation_rdbms.html HTTP/1.1"
246	2024/01/10 14:26:26	"GET /uv248fip248inf210/inversion_of_control.html HTTP/1.1"
246	2024/01/10 14:30:19	"GET /uv248fip248inf210/web_architecture_home.html HTTP/1.1"
246	2024/01/10 14:30:35	"GET /uv248fip248inf210/images/web_architecture/prerequisite_archiweb/prerequisite_archiweb.html HTTP/1.1"
246	2024/01/10 14:33:00	"GET /uv248fip248inf210/lecture_technical_architecture.html HTTP/1.1"
246	2024/01/10 14:43:15	"GET /uv248fip248inf210/lecture_software_architecture.html HTTP/1.1"
246	2024/01/10 14:43:22	"GET /uv248fip248inf210/lecture_mvc_spring.html HTTP/1.1"
2411	2024/01/10 14:59:06	"GET /uv248fip248inf210/images/web_architecture/prerequisite_archiweb/prerequisite_archiweb.html HTTP/1.1"
2446	2024/01/10 18:07:22	"GET /uv248fip248inf210/practice_docker_advanced.html HTTP/1.1"
2417	2024/01/10 18:07:44	"GET /uv248fip248inf210/practice_docker_advanced.html HTTP/1.1"
2446	2024/01/10 18:07:48	"GET /uv248fip248inf210/practice_postgresql.html HTTP/1.1"
2417	2024/01/10 18:08:05	"GET /uv248fip248inf210/practice_postgresql.html HTTP/1.1"
2417	2024/01/10 18:08:17	"GET /uv248fip248inf210/documentation_si.html HTTP/1.1"
2417	2024/01/10 18:08:31	"GET /uv248fip248inf210/documentation_rdbms.html HTTP/1.1"
2417	2024/01/10 18:09:07	"GET /uv248fip248inf210/practice_docker_advanced.html HTTP/1.1"
2446	2024/01/10 18:09:47	"GET /uv248fip248inf210/documentation_programming.html HTTP/1.1"
2417	2024/01/10 18:09:47	"GET /uv248fip248inf210/documentation_programming.html HTTP/1.1"
2417	2024/01/10 18:20:04	"GET /uv248fip248inf210/inversion_of_control.html HTTP/1.1"
2446	2024/01/10 18:20:19	"GET /uv248fip248inf210/inversion_of_control.html HTTP/1.1"
2417	2024/01/10 18:21:29	"GET /uv248fip248inf210/spring_bean.html HTTP/1.1"
2417	2024/01/10 18:29:50	"GET /uv248fip248inf210/practice_spring.html HTTP/1.1"
2446	2024/01/10 19:04:11	"GET /uv248fip248inf210/index.html HTTP/1.1"
2446	2024/01/10 21:21:35	"GET /uv248fip248inf210/technical_environment_home.html HTTP/1.1"
2446	2024/01/10 21:21:41	"GET /uv248fip248inf210/documentation_docker.html HTTP/1.1"
2446	2024/01/10 21:21:47	"GET /uv248fip248inf210/practice_docker.html HTTP/1.1"
2434	2024/01/10 21:22:17	"GET /uv248fip248inf210/practice_docker.html HTTP/1.1"
2434	2024/01/10 21:43:09	"GET /uv248fip248inf210/documentation_si.html HTTP/1.1"
2434	2024/01/10 21:43:14	"GET /uv248fip248inf210/documentation_rdbms.html HTTP/1.1"
2434	2024/01/10 21:44:10	"GET /uv248fip248inf210/index.html HTTP/1.1"
2434	2024/01/10 21:44:20	"GET /uv248fip248inf210/technical_environment_home.html HTTP/1.1"
2434	2024/01/10 22:33:11	"GET /uv248fip248inf210/technical_environment_home.html HTTP/1.1"
2434	2024/01/10 22:33:53	"GET /uv248fip248inf210/technical_environment_home.html HTTP/1.1"
2434	2024/01/10 22:44:07	"GET /uv248fip248inf210/documentation_docker.html HTTP/1.1"
2434	2024/01/10 23:01:13	"GET /uv248fip248inf210/practice_docker.html HTTP/1.1"
2434	2024/01/10 23:17:20	"GET /uv248fip248inf210/documentation_docker.html HTTP/1.1"
2434	2024/01/10 23:18:53	"GET /uv248fip248inf210/practice_docker_advanced.html HTTP/1.1"
2434	2024/01/10 23:19:21	"GET /uv248fip248inf210/documentation_rdbms.html HTTP/1.1"
2434	2024/01/10 23:19:21	"GET /uv248fip248inf210/practice_postgresql.html HTTP/1.1"
2434	2024/01/10 23:52:07	"GET /uv248fip248inf210/documentation_programming.html HTTP/1.1"
2434	2024/01/10 23:52:38	"GET /uv248fip248inf210/practice_spring.html HTTP/1.1"
2434	2024/01/10 23:54:07	"GET /uv248fip248inf210/documentation_si.html HTTP/1.1"
2434	2024/01/10 23:55:22	"GET /uv248fip248inf210/inversion_of_control.html HTTP/1.1"
247	2024/02/22 09:09:57	"GET /uv248fip248inf210/data_home.html HTTP/1.1"
247	2024/02/22 09:10:02	"GET /uv248fip248inf210/lecture_relational_model.html HTTP/1.1"
247	2024/02/22 09:10:05	"GET /uv248fip248inf210/lecture_db_integrity.html HTTP/1.1"
247	2024/02/22 09:10:08	"GET /uv248fip248inf210/activity_relational_model.html HTTP/1.1"
247	2024/02/22 09:10:15	"GET /uv248fip248inf210/lecture_modeling_normalization.html HTTP/1.1"
247	2024/02/22 09:10:17	"GET /uv248fip248inf210/lecture_conceptual_modeling.html HTTP/1.1"
245	2024/02/22 09:22:47	"GET /uv248fip248inf210/lecture_normalization.html HTTP/1.1"
245	2024/02/22 09:23:13	"GET /uv248fip248inf210/activity_conceptual_modeling.html HTTP/1.1"
245	2024/02/22 09:23:24	"GET /uv248fip248inf210/activity_normalization.html HTTP/1.1"
2439	2024/02/22 12:41:12	"GET /uv248fip248inf210/project_home.html HTTP/1.1"
2439	2024/02/22 12:41:24	"GET /uv248fip248inf210/project_task_time.html HTTP/1.1"
2422	2024/02/22 13:03:22	"GET /uv248fip248inf210/index.html HTTP/1.1"
2422	2024/02/22 13:04:45	"GET /uv248fip248inf210/project_part1.html HTTP/1.1"
2430	2024/02/22 13:14:34	"GET /uv248fip248inf210/project_home.html HTTP/1.1"
2430	2024/02/22 13:14:39	"GET /uv248fip248inf210/project_part2.html HTTP/1.1"
2415	2024/02/22 13:31:45	"GET /uv248fip248inf210/project_home.html HTTP/1.1"
2415	2024/02/22 13:31:48	"GET /uv248fip248inf210/project_part2.html HTTP/1.1"
2418	2024/02/22 13:51:28	"GET /uv248fip248inf210/project_home.html HTTP/1.1"
2418	2024/02/22 13:52:04	"GET /uv248fip248inf210/project_part3.html HTTP/1.1"
2418	2024/02/22 13:52:11	"GET /uv248fip248inf210/project_part4.html HTTP/1.1"
2418	2024/02/22 13:52:16	"GET /uv248fip248inf210/project_part2.html HTTP/1.1"
2419	2024/02/22 13:53:52	"GET /uv248fip248inf210/technical_environment_home.html HTTP/1.1"
2419	2024/02/22 13:53:58	"GET /uv248fip248inf210/practice_docker.html HTTP/1.1"
2419	2024/02/22 13:55:28	"GET /uv248fip248inf210/practice_postgresql.html HTTP/1.1"
2419	2024/02/22 13:56:48	"GET /uv248fip248inf210/index.html HTTP/1.1"
2419	2024/02/22 13:56:53	"GET /uv248fip248inf210/project_home.html HTTP/1.1"
2418	2024/02/22 14:00:45	"GET /uv248fip248inf210/web_architecture_home.html HTTP/1.1"
2419	2024/02/22 14:08:37	"GET /uv248fip248inf210/project_part1.html HTTP/1.1"
2419	2024/02/22 14:12:23	"GET /uv248fip248inf210/project_task_time.html HTTP/1.1"
2419	2024/02/22 14:12:39	"GET /uv248fip248inf210/project_specifications.html HTTP/1.1"
2437	2024/02/22 14:56:35	"GET /uv248fip248inf210/index.html HTTP/1.1"
2437	2024/02/22 14:56:44	"GET /uv248fip248inf210/project_home.html HTTP/1.1"
2437	2024/02/22 14:56:49	"GET /uv248fip248inf210/project_presentation.html HTTP/1.1"
2437	2024/02/22 14:56:50	"GET /uv248fip248inf210/project_part1.html HTTP/1.1"
2410	2024/02/22 15:31:21	"GET /uv248fip248inf210/index.html HTTP/1.1"
2410	2024/02/22 15:31:25	"GET /uv248fip248inf210/project_home.html HTTP/1.1"
2410	2024/02/22 15:31:31	"GET /uv248fip248inf210/project_evaluation.html HTTP/1.1"
2422	2024/02/22 16:31:31	"GET /uv248fip248inf210/project_part1.html HTTP/1.1"
2429	2024/02/22 18:05:22	"GET /uv248fip248inf210/project_home.html HTTP/1.1"
2429	2024/02/22 18:05:31	"GET /uv248fip248inf210/project_specifications.html HTTP/1.1"
2429	2024/02/22 18:05:38	"GET /uv248fip248inf210/project_evaluation.html HTTP/1.1"
2422	2024/02/22 18:06:00	"GET /uv248fip248inf210/project_part2.html HTTP/1.1"
2430	2024/11/03 10:00:14	"GET /uv248fip248inf210/technical_environment_home.html HTTP/1.1"
2430	2024/11/03 10:00:17	"GET /uv248fip248inf210/index.html HTTP/1.1"
2430	2024/11/03 10:00:20	"GET /uv248fip248inf210/data_home.html HTTP/1.1"
2430	2024/11/03 10:00:28	"GET /uv248fip248inf210/lecture_conceptual_modeling.html HTTP/1.1"
2430	2024/11/03 10:37:41	"GET /uv248fip248inf210/project_home.html HTTP/1.1"
2430	2024/11/03 10:37:44	"GET /uv248fip248inf210/project_part1.html HTTP/1.1"
2430	2024/11/03 11:33:15	"GET /uv248fip248inf210/lecture_normalization.html HTTP/1.1"
2430	2024/11/03 11:33:33	"GET /uv248fip248inf210/activity_conceptual_modeling.html HTTP/1.1"
2430	2024/11/03 11:33:45	"GET /uv248fip248inf210/activity_conceptual_modeling_correction.html HTTP/1.1"
2437	2024/01/18 09:44:51	"GET /uv248fip248inf210/practice_spring_2tiers.html HTTP/1.1"
2418	2024/01/18 09:59:17	"GET /uv248fip248inf210/data_home.html HTTP/1.1"
2418	2024/01/18 09:59:22	"GET /uv248fip248inf210/lecture_relational_model.html HTTP/1.1"
2418	2024/01/18 10:00:51	"GET /uv248fip248inf210/lecture_db_integrity.html HTTP/1.1"
2418	2024/01/18 10:04:05	"GET /uv248fip248inf210/lecture_relational_algebra.html HTTP/1.1"
2418	2024/01/18 10:08:18	"GET /uv248fip248inf210/activity_relational_model.html HTTP/1.1"
2422	2024/01/18 16:16:57	"GET /uv248fip248inf210/index.html HTTP/1.1"
2422	2024/01/18 16:17:10	"GET /uv248fip248inf210/web_architecture_home.html HTTP/1.1"
2422	2024/01/18 16:17:13	"GET /uv248fip248inf210/practice_jpa.html HTTP/1.1"
2422	2024/01/18 16:17:23	"GET /uv248fip248inf210/lecture_xml.html HTTP/1.1"
241	2024/01/18 21:39:43	"GET /uv248fip248inf210/web_architecture_home.html HTTP/1.1"
241	2024/01/18 21:39:53	"GET /uv248fip248inf210/practice_json.html HTTP/1.1"
241	2024/01/18 21:40:15	"GET /uv248fip248inf210/index.html HTTP/1.1"
241	2024/01/18 21:40:18	"GET /uv248fip248inf210/data_home.html HTTP/1.1"
241	2024/01/18 21:40:28	"GET /uv248fip248inf210/practice_advanced_sql.html HTTP/1.1"
241	2024/01/18 21:57:19	"GET /uv248fip248inf210/practice_advanced_sql_correction.html HTTP/1.1"
2446	2024/01/18 23:39:33	"GET /uv248fip248inf210/lecture_jpa.html HTTP/1.1"
2446	2024/01/18 23:39:43	"GET /uv248fip248inf210/images/web_architecture/prerequisite_archiweb/prerequisite_archiweb.html HTTP/1.1"
2446	2024/01/18 23:39:48	"GET /uv248fip248inf210/lecture_dto.html HTTP/1.1"
2439	2024/09/25 08:31:44	"GET /uv248fip248inf210/practice_spring.html HTTP/1.1"
2439	2024/09/25 08:32:33	"GET /uv248fip248inf210/practice_postgresql.html HTTP/1.1"
2439	2024/09/25 08:46:35	"GET /uv248fip248inf210/technical_environment_home.html HTTP/1.1"
2439	2024/09/25 09:07:48	"GET /uv248fip248inf210/index.html HTTP/1.1"
2439	2024/09/25 09:07:59	"GET /uv248fip248inf210/lecture_technical_architecture.html HTTP/1.1"
2439	2024/09/25 13:14:55	"GET /uv248fip248inf210/lecture_db_integrity.html HTTP/1.1"
2439	2024/09/25 13:15:01	"GET /uv248fip248inf210/lecture_normalization.html HTTP/1.1"
2437	2024/09/25 16:06:15	"GET /uv248fip248inf210/web_architecture_home.html HTTP/1.1"
2437	2024/09/25 16:06:21	"GET /uv248fip248inf210/lecture_technical_architecture.html HTTP/1.1"
2437	2024/09/25 16:08:27	"GET /uv248fip248inf210/lecture_software_architecture.html HTTP/1.1"
2439	2024/09/25 20:36:34	"GET /uv248fip248inf210/images/technical_environment/prerequisite_techenv/prerequisite_techenv.html HTTP/1.1"
2439	2024/09/25 20:49:50	"GET /uv248fip248inf210/documentation_docker.html HTTP/1.1"
241	2024/01/17 08:49:42	"GET /uv248fip248inf210/web_architecture_home.html HTTP/1.1"
241	2024/01/17 08:50:04	"GET /uv248fip248inf210/data_home.html HTTP/1.1"
241	2024/01/17 08:50:11	"GET /uv248fip248inf210/activity_sql.html HTTP/1.1"
241	2024/01/17 08:50:21	"GET /uv248fip248inf210/lecture_relation_model.html HTTP/1.1"
241	2024/01/17 08:50:25	"GET /uv248fip248inf210/lecture_relational_model.html HTTP/1.1"
241	2024/01/17 09:01:01	"GET /uv248fip248inf210/lecture_db_integrity.html HTTP/1.1"
2410	2024/01/17 09:26:21	"GET /uv248fip248inf210/practice_docker.html HTTP/1.1"
2410	2024/01/17 09:26:29	"GET /uv248fip248inf210/practice_docker.html HTTP/1.1"
2410	2024/01/17 09:28:58	"GET /uv248fip248inf210/index.html HTTP/1.1"
2410	2024/01/17 09:29:00	"GET /uv248fip248inf210/data_home.html HTTP/1.1"
2410	2024/01/17 09:29:03	"GET /uv248fip248inf210/images/data/prerequisite_data/prerequisite_data.html HTTP/1.1"
2410	2024/01/17 09:29:18	"GET /uv248fip248inf210/activity_decomposition.html HTTP/1.1"
2412	2024/01/17 09:29:18	"GET /uv248fip248inf210/web_architecture_home.html HTTP/1.1"
2412	2024/01/17 09:29:31	"GET /uv248fip248inf210/images/web_architecture/prerequisite_archiweb/prerequisite_archiweb.html HTTP/1.1"
2412	2024/01/17 09:29:33	"GET /uv248fip248inf210/lecture_json.html HTTP/1.1"
2412	2024/01/17 09:29:59	"GET /uv248fip248inf210/practice_json.html HTTP/1.1"
2425	2024/01/17 09:30:27	"GET /uv248fip248inf210/practice_docker.html HTTP/1.1"
2412	2024/01/17 09:30:29	"GET /uv248fip248inf210/lecture_xml.html HTTP/1.1"
2425	2024/01/17 09:30:33	"GET /uv248fip248inf210/index.html HTTP/1.1"
2425	2024/01/17 09:30:37	"GET /uv248fip248inf210/web_architecture_home.html HTTP/1.1"
2425	2024/01/17 09:30:45	"GET /uv248fip248inf210/practice_spring_2tiers.html HTTP/1.1"
2410	2024/01/17 09:31:07	"GET /uv248fip248inf210/activity_sql.html HTTP/1.1"
245	2024/01/17 09:31:13	"GET /uv248fip248inf210/lecture_transaction.html HTTP/1.1"
2422	2024/01/17 09:31:31	"GET /uv248fip248inf210/index.html HTTP/1.1"
2443	2024/01/17 09:31:48	"GET /uv248fip248inf210/index.html HTTP/1.1"
2443	2024/01/17 09:31:56	"GET /uv248fip248inf210/data_home.html HTTP/1.1"
2423	2024/01/17 09:31:58	"GET /uv248fip248inf210/web_architecture_home.html HTTP/1.1"
2423	2024/01/17 09:32:03	"GET /uv248fip248inf210/images/web_architecture/prerequisite_archiweb/prerequisite_archiweb.html HTTP/1.1"
2443	2024/01/17 09:32:13	"GET /uv248fip248inf210/images/data/prerequisite_data/prerequisite_data.html HTTP/1.1"
247	2024/01/17 09:32:16	"GET /uv248fip248inf210/data_home.html HTTP/1.1"
2443	2024/01/17 09:32:41	"GET /uv248fip248inf210/lecture_conceptual_modeling.html HTTP/1.1"
2423	2024/01/17 09:32:46	"GET /uv248fip248inf210/data_home.html HTTP/1.1"
2443	2024/01/17 09:32:49	"GET /uv248fip248inf210/lecture_normalization.html HTTP/1.1"
2423	2024/01/17 09:32:57	"GET /uv248fip248inf210/images/data/prerequisite_data/prerequisite_data.html HTTP/1.1"
2423	2024/01/17 09:32:59	"GET /uv248fip248inf210/activity_relational_model.html HTTP/1.1"
2420	2024/01/17 09:33:24	"GET /uv248fip248inf210/web_architecture_home.html HTTP/1.1"
2420	2024/01/17 09:33:28	"GET /uv248fip248inf210/practice_spring_2tiers.html HTTP/1.1"
2412	2024/01/17 09:34:32	"GET /uv248fip248inf210/practice_xml.html HTTP/1.1"
241	2024/01/17 09:36:10	"GET /uv248fip248inf210/lecture_modeling_normalization.html HTTP/1.1"
246	2024/01/17 09:36:38	"GET /uv248fip248inf210/data_home.html HTTP/1.1"
2412	2024/01/17 09:37:06	"GET /uv248fip248inf210/lecture_xpath.html HTTP/1.1"
2449	2024/01/17 09:37:24	"GET /uv248fip248inf210/data_home.html HTTP/1.1"
2449	2024/01/17 09:37:26	"GET /uv248fip248inf210/lecture_relational_model.html HTTP/1.1"
247	2024/01/17 09:38:33	"GET /uv248fip248inf210/activity_sql.html HTTP/1.1"
2412	2024/01/17 09:38:43	"GET /uv248fip248inf210/lecture_parser.html HTTP/1.1"
245	2024/01/17 09:39:57	"GET /uv248fip248inf210/practice_transaction.html HTTP/1.1"
246	2024/01/17 09:40:07	"GET /uv248fip248inf210/images/data/prerequisite_data/prerequisite_data.html HTTP/1.1"
246	2024/01/17 09:40:10	"GET /uv248fip248inf210/activity_sql.html HTTP/1.1"
2449	2024/01/17 09:41:39	"GET /uv248fip248inf210/lecture_db_integrity.html HTTP/1.1"
246	2024/01/17 09:42:38	"GET /uv248fip248inf210/practice_sql.html HTTP/1.1"
2435	2024/01/17 09:42:57	"GET /uv248fip248inf210/data_home.html HTTP/1.1"
2435	2024/01/17 09:43:07	"GET /uv248fip248inf210/lecture_modeling_normalization.html HTTP/1.1"
2444	2024/01/17 09:43:48	"GET /uv248fip248inf210/data_home.html HTTP/1.1"
2435	2024/01/17 09:44:20	"GET /uv248fip248inf210/lecture_conceptual_modeling.html HTTP/1.1"
2412	2024/01/17 09:44:36	"GET /uv248fip248inf210/practice_jpa.html HTTP/1.1"
2412	2024/01/17 09:44:46	"GET /uv248fip248inf210/index.html HTTP/1.1"
2412	2024/01/17 09:44:59	"GET /uv248fip248inf210/lecture_jpa.html HTTP/1.1"
2443	2024/01/17 09:46:43	"GET /uv248fip248inf210/lecture_conceptual_modeling.html HTTP/1.1"
241	2024/01/17 09:47:01	"GET /uv248fip248inf210/practice_advanced_sql.html HTTP/1.1"
241	2024/01/17 09:47:01	"GET /uv248fip248inf210/practice_sql.html HTTP/1.1"
2435	2024/01/17 09:47:03	"GET /uv248fip248inf210/lecture_normalization.html HTTP/1.1"
241	2024/01/17 09:47:28	"GET /uv248fip248inf210/activity_sql_correction.html HTTP/1.1"
2449	2024/01/17 09:47:33	"GET /uv248fip248inf210/lecture_relational_algebra.html HTTP/1.1"
2443	2024/01/17 09:47:44	"GET /uv248fip248inf210/activity_conceptual_modeling.html HTTP/1.1"
2427	2024/01/17 09:50:19	"GET /uv248fip248inf210/index.html HTTP/1.1"
2427	2024/01/17 09:50:23	"GET /uv248fip248inf210/index.html HTTP/1.1"
2427	2024/01/17 09:50:31	"GET /uv248fip248inf210/data_home.html HTTP/1.1"
2427	2024/01/17 09:50:38	"GET /uv248fip248inf210/images/data/prerequisite_data/prerequisite_data.html HTTP/1.1"
2427	2024/01/17 09:50:41	"GET /uv248fip248inf210/lecture_normalization.html HTTP/1.1"
2443	2024/01/17 09:52:57	"GET /uv248fip248inf210/activity_conceptual_modeling_correction.html HTTP/1.1"
247	2024/01/17 09:53:05	"GET /uv248fip248inf210/lecture_relational_model.html HTTP/1.1"
247	2024/01/17 09:53:10	"GET /uv248fip248inf210/lecture_db_integrity.html HTTP/1.1"
247	2024/01/17 09:53:18	"GET /uv248fip248inf210/lecture_relational_algebra.html HTTP/1.1"
2443	2024/01/17 09:53:34	"GET /uv248fip248inf210/lecture_normalization.html HTTP/1.1"
247	2024/01/17 09:53:40	"GET /uv248fip248inf210/activity_relational_model.html HTTP/1.1"
247	2024/01/17 09:53:49	"GET /uv248fip248inf210/lecture_modeling_normalization.html HTTP/1.1"
247	2024/01/17 09:53:54	"GET /uv248fip248inf210/lecture_conceptual_modeling.html HTTP/1.1"
2443	2024/01/17 09:54:20	"GET /uv248fip248inf210/lecture_relation_model.html HTTP/1.1"
247	2024/01/17 09:54:34	"GET /uv248fip248inf210/lecture_normalization.html HTTP/1.1"
247	2024/01/17 09:54:41	"GET /uv248fip248inf210/lecture_independence_views.html HTTP/1.1"
247	2024/01/17 09:54:41	"GET /uv248fip248inf210/activity_conceptual_modeling.html HTTP/1.1"
2410	2024/01/17 09:54:50	"GET /uv248fip248inf210/practice_sql.html HTTP/1.1"
247	2024/01/17 09:54:53	"GET /uv248fip248inf210/activity_normalization.html HTTP/1.1"
247	2024/01/17 09:54:57	"GET /uv248fip248inf210/activity_decomposition.html HTTP/1.1"
247	2024/01/17 09:55:01	"GET /uv248fip248inf210/practice_independence_views.html HTTP/1.1"
247	2024/01/17 09:55:04	"GET /uv248fip248inf210/practice_sql.html HTTP/1.1"
2449	2024/01/17 09:55:39	"GET /uv248fip248inf210/activity_relational_model.html HTTP/1.1"
2443	2024/01/17 09:57:11	"GET /uv248fip248inf210/activity_normalization.html HTTP/1.1"
2443	2024/01/17 09:57:28	"GET /uv248fip248inf210/activity_normalization_correction.html HTTP/1.1"
2443	2024/01/17 09:57:34	"GET /uv248fip248inf210/activity_normalization.html HTTP/1.1"
2443	2024/01/17 09:58:27	"GET /uv248fip248inf210/activity_decomposition.html HTTP/1.1"
2427	2024/01/17 09:59:27	"GET /uv248fip248inf210/activity_normalization.html HTTP/1.1"
2444	2024/01/17 09:59:34	"GET /uv248fip248inf210/activity_normalization.html HTTP/1.1"
2427	2024/01/17 09:59:42	"GET /uv248fip248inf210/activity_normalization_correction.html HTTP/1.1"
2443	2024/01/17 10:01:31	"GET /uv248fip248inf210/activity_normalization_correction.html HTTP/1.1"
246	2024/01/17 10:04:09	"GET /uv248fip248inf210/practice_sql_correction.html HTTP/1.1"
2444	2024/01/17 10:09:07	"GET /uv248fip248inf210/activity_decomposition.html HTTP/1.1"
2444	2024/01/17 10:10:25	"GET /uv248fip248inf210/activity_normalization.html HTTP/1.1"
2446	2024/01/17 10:11:08	"GET /uv248fip248inf210/index.html HTTP/1.1"
2446	2024/01/17 10:11:14	"GET /uv248fip248inf210/web_architecture_home.html HTTP/1.1"
2446	2024/01/17 10:11:17	"GET /uv248fip248inf210/practice_jpa.html HTTP/1.1"
2444	2024/01/17 10:17:06	"GET /uv248fip248inf210/activity_sql.html HTTP/1.1"
2444	2024/01/17 10:19:49	"GET /uv248fip248inf210/activity_decomposition.html HTTP/1.1"
2444	2024/01/17 10:19:58	"GET /uv248fip248inf210/activity_sql.html HTTP/1.1"
2435	2024/01/17 10:21:12	"GET /uv248fip248inf210/lecture_independence_views.html HTTP/1.1"
2435	2024/01/17 10:24:30	"GET /uv248fip248inf210/activity_conceptual_modeling.html HTTP/1.1"
2435	2024/01/17 10:24:43	"GET /uv248fip248inf210/activity_conceptual_modeling_advanced.html HTTP/1.1"
2412	2024/01/17 10:34:00	"GET /uv248fip248inf210/practice_jpa.html HTTP/1.1"
2412	2024/01/17 10:34:18	"GET /uv248fip248inf210/lecture_mvc_spring.html HTTP/1.1"
2412	2024/01/17 10:34:23	"GET /uv248fip248inf210/index.html HTTP/1.1"
2412	2024/01/17 10:34:25	"GET /uv248fip248inf210/data_home.html HTTP/1.1"
2412	2024/01/17 10:34:26	"GET /uv248fip248inf210/images/data/prerequisite_data/prerequisite_data.html HTTP/1.1"
2412	2024/01/17 10:34:39	"GET /uv248fip248inf210/lecture_normalization.html HTTP/1.1"
2410	2024/01/17 10:39:00	"GET /uv248fip248inf210/lecture_transaction.html HTTP/1.1"
245	2024/01/17 10:42:26	"GET /uv248fip248inf210/practice_transaction_correction.html HTTP/1.1"
2435	2024/01/17 11:01:48	"GET /uv248fip248inf210/activity_decomposition.html HTTP/1.1"
2435	2024/01/17 11:05:13	"GET /uv248fip248inf210/practice_independence_views.html HTTP/1.1"
247	2024/01/17 11:06:05	"GET /uv248fip248inf210/index.html HTTP/1.1"
2435	2024/01/17 11:06:09	"GET /uv248fip248inf210/activity_sql.html HTTP/1.1"
2435	2024/01/17 11:06:20	"GET /uv248fip248inf210/practice_sql.html HTTP/1.1"
2435	2024/01/17 11:07:06	"GET /uv248fip248inf210/lecture_transaction.html HTTP/1.1"
2420	2024/01/17 11:10:27	"GET /uv248fip248inf210/lecture_dto.html HTTP/1.1"
2421	2024/01/17 11:11:15	"GET /uv248fip248inf210/data_home.html HTTP/1.1"
2421	2024/01/17 11:11:21	"GET /uv248fip248inf210/web_architecture_home.html HTTP/1.1"
2421	2024/01/17 11:11:24	"GET /uv248fip248inf210/practice_spring_2tiers.html HTTP/1.1"
2421	2024/01/17 11:11:27	"GET /uv248fip248inf210/practice_jpa.html HTTP/1.1"
2421	2024/01/17 11:11:51	"GET /uv248fip248inf210/lecture_dto.html HTTP/1.1"
246	2024/01/17 11:11:53	"GET /uv248fip248inf210/lecture_transaction.html HTTP/1.1"
246	2024/01/17 11:13:04	"GET /uv248fip248inf210/index.html HTTP/1.1"
246	2024/01/17 11:13:09	"GET /uv248fip248inf210/web_architecture_home.html HTTP/1.1"
246	2024/01/17 11:13:11	"GET /uv248fip248inf210/images/web_architecture/prerequisite_archiweb/prerequisite_archiweb.html HTTP/1.1"
2425	2024/01/17 11:13:49	"GET /uv248fip248inf210/data_home.html HTTP/1.1"
2425	2024/01/17 11:13:52	"GET /uv248fip248inf210/activity_sql.html HTTP/1.1"
2435	2024/01/17 11:15:15	"GET /uv248fip248inf210/index.html HTTP/1.1"
2410	2024/01/17 11:15:16	"GET /uv248fip248inf210/practice_transaction.html HTTP/1.1"
2435	2024/01/17 11:15:20	"GET /uv248fip248inf210/web_architecture_home.html HTTP/1.1"
2435	2024/01/17 11:15:25	"GET /uv248fip248inf210/images/web_architecture/prerequisite_archiweb/prerequisite_archiweb.html HTTP/1.1"
2435	2024/01/17 11:15:41	"GET /uv248fip248inf210/lecture_technical_architecture.html HTTP/1.1"
2425	2024/01/17 11:16:29	"GET /uv248fip248inf210/activity_sql_correction.html HTTP/1.1"
2431	2024/01/17 11:20:07	"GET /uv248fip248inf210/activity_normalization.html HTTP/1.1"
2435	2024/01/17 11:20:13	"GET /uv248fip248inf210/lecture_software_architecture.html HTTP/1.1"
2431	2024/01/17 11:20:25	"GET /uv248fip248inf210/activity_normalization_correction.html HTTP/1.1"
2420	2024/01/17 11:21:47	"GET /uv248fip248inf210/lecture_xml.html HTTP/1.1"
2420	2024/01/17 11:22:20	"GET /uv248fip248inf210/practice_xml.html HTTP/1.1"
2421	2024/01/17 11:22:24	"GET /uv248fip248inf210/lecture_xml.html HTTP/1.1"
2435	2024/01/17 11:23:03	"GET /uv248fip248inf210/lecture_mvc_spring.html HTTP/1.1"
2421	2024/01/17 11:25:41	"GET /uv248fip248inf210/practice_xml.html HTTP/1.1"
2435	2024/01/17 11:26:19	"GET /uv248fip248inf210/lecture_jpa.html HTTP/1.1"
2435	2024/01/17 11:26:24	"GET /uv248fip248inf210/practice_spring_2tiers.html HTTP/1.1"
2435	2024/01/17 11:26:50	"GET /uv248fip248inf210/practice_jpa.html HTTP/1.1"
2412	2024/01/17 11:30:13	"GET /uv248fip248inf210/index.html HTTP/1.1"
2412	2024/01/17 11:30:18	"GET /uv248fip248inf210/technical_environment_home.html HTTP/1.1"
2412	2024/01/17 11:30:41	"GET /uv248fip248inf210/project_home.html HTTP/1.1"
2412	2024/01/17 11:30:44	"GET /uv248fip248inf210/project_presentation.html HTTP/1.1"
241	2024/01/17 11:35:28	"GET /uv248fip248inf210/practice_sql_correction.html HTTP/1.1"
246	2024/01/17 11:35:56	"GET /uv248fip248inf210/practice_transaction.html HTTP/1.1"
2420	2024/01/17 11:40:30	"GET /uv248fip248inf210/lecture_json.html HTTP/1.1"
2421	2024/01/17 11:40:33	"GET /uv248fip248inf210/lecture_json.html HTTP/1.1"
2421	2024/01/17 11:40:38	"GET /uv248fip248inf210/practice_json.html HTTP/1.1"
2420	2024/01/17 11:41:03	"GET /uv248fip248inf210/practice_json.html HTTP/1.1"
2427	2024/01/17 11:45:33	"GET /uv248fip248inf210/activity_decomposition.html HTTP/1.1"
2443	2024/01/17 11:46:02	"GET /uv248fip248inf210/activity_normalization.html HTTP/1.1"
2443	2024/01/17 11:46:04	"GET /uv248fip248inf210/activity_decomposition.html HTTP/1.1"
247	2024/01/17 11:47:40	"GET /uv248fip248inf210/practice_sql_correction.html HTTP/1.1"
2431	2024/01/17 11:48:24	"GET /uv248fip248inf210/data_home.html HTTP/1.1"
2431	2024/01/17 11:48:29	"GET /uv248fip248inf210/index.html HTTP/1.1"
2431	2024/01/17 11:48:32	"GET /uv248fip248inf210/web_architecture_home.html HTTP/1.1"
2431	2024/01/17 11:48:33	"GET /uv248fip248inf210/images/web_architecture/prerequisite_archiweb/prerequisite_archiweb.html HTTP/1.1"
246	2024/01/17 11:49:09	"GET /uv248fip248inf210/practice_transaction_correction.html HTTP/1.1"
247	2024/01/17 11:49:30	"GET /uv248fip248inf210/practice_advanced_sql.html HTTP/1.1"
247	2024/01/17 11:49:41	"GET /uv248fip248inf210/lecture_transaction.html HTTP/1.1"
247	2024/01/17 11:49:45	"GET /uv248fip248inf210/practice_transaction.html HTTP/1.1"
2431	2024/01/17 11:51:44	"GET /uv248fip248inf210/lecture_technical_architecture.html HTTP/1.1"
2417	2024/01/17 11:51:51	"GET /uv248fip248inf210/practice_spring_2tiers.html HTTP/1.1"
2417	2024/01/17 11:51:53	"GET /uv248fip248inf210/practice_jpa.html HTTP/1.1"
2420	2024/01/17 11:52:10	"GET /uv248fip248inf210/index.html HTTP/1.1"
2420	2024/01/17 11:52:14	"GET /uv248fip248inf210/data_home.html HTTP/1.1"
2425	2024/01/17 11:55:43	"GET /uv248fip248inf210/practice_sql.html HTTP/1.1"
2425	2024/01/17 11:56:36	"GET /uv248fip248inf210/documentation_rdbms.html HTTP/1.1"
2431	2024/01/17 12:00:17	"GET /uv248fip248inf210/lecture_dto.html HTTP/1.1"
2427	2024/01/17 12:01:16	"GET /uv248fip248inf210/activity_decomposition_correction.html HTTP/1.1"
2431	2024/01/17 12:01:35	"GET /uv248fip248inf210/lecture_json.html HTTP/1.1"
2431	2024/01/17 12:03:26	"GET /uv248fip248inf210/practice_json.html HTTP/1.1"
2430	2024/01/17 13:40:09	"GET /uv248fip248inf210/technical_environment_home.html HTTP/1.1"
2430	2024/01/17 13:40:19	"GET /uv248fip248inf210/index.html HTTP/1.1"
2430	2024/01/17 13:40:21	"GET /uv248fip248inf210/web_architecture_home.html HTTP/1.1"
2430	2024/01/17 13:40:25	"GET /uv248fip248inf210/practice_spring_2tiers.html HTTP/1.1"
2430	2024/01/17 13:40:29	"GET /uv248fip248inf210/practice_spring_2tiers_ext.html HTTP/1.1"
2430	2024/01/17 13:40:41	"GET /uv248fip248inf210/practice_jpa_advanced.html HTTP/1.1"
2411	2024/01/17 13:46:30	"GET /uv248fip248inf210/lecture_dto.html HTTP/1.1"
2442	2024/01/17 13:47:16	"GET /uv248fip248inf210/web_architecture_home.html HTTP/1.1"
2442	2024/01/17 13:47:18	"GET /uv248fip248inf210/images/web_architecture/prerequisite_archiweb/prerequisite_archiweb.html HTTP/1.1"
2414	2024/01/17 13:47:20	"GET /uv248fip248inf210/images/web_architecture/prerequisite_archiweb/prerequisite_archiweb.html HTTP/1.1"
2414	2024/01/17 13:47:30	"GET /uv248fip248inf210/practice_spring_2tiers.html HTTP/1.1"
2434	2024/01/17 13:47:33	"GET /uv248fip248inf210/data_home.html HTTP/1.1"
2411	2024/01/17 13:47:33	"GET /uv248fip248inf210/index.html HTTP/1.1"
2442	2024/01/17 13:47:34	"GET /uv248fip248inf210/practice_xml.html HTTP/1.1"
2414	2024/01/17 13:47:35	"GET /uv248fip248inf210/index.html HTTP/1.1"
2411	2024/01/17 13:47:36	"GET /uv248fip248inf210/web_architecture_home.html HTTP/1.1"
2434	2024/01/17 13:47:38	"GET /uv248fip248inf210/web_architecture_home.html HTTP/1.1"
2414	2024/01/17 13:47:39	"GET /uv248fip248inf210/data_home.html HTTP/1.1"
2434	2024/01/17 13:47:40	"GET /uv248fip248inf210/practice_spring_2tiers_ext.html HTTP/1.1"
2411	2024/01/17 13:47:40	"GET /uv248fip248inf210/images/web_architecture/prerequisite_archiweb/prerequisite_archiweb.html HTTP/1.1"
2415	2024/01/17 13:47:40	"GET /uv248fip248inf210/practice_transaction_correction.html HTTP/1.1"
2411	2024/01/17 13:47:41	"GET /uv248fip248inf210/lecture_json.html HTTP/1.1"
2414	2024/01/17 13:47:43	"GET /uv248fip248inf210/images/data/prerequisite_data/prerequisite_data.html HTTP/1.1"
249	2024/01/17 13:47:52	"GET /uv248fip248inf210/project_home.html HTTP/1.1"
249	2024/01/17 13:48:00	"GET /uv248fip248inf210/project_part1.html HTTP/1.1"
249	2024/01/17 13:48:31	"GET /uv248fip248inf210/data_home.html HTTP/1.1"
2426	2024/01/17 13:48:32	"GET /uv248fip248inf210/lecture_json.html HTTP/1.1"
249	2024/01/17 13:48:36	"GET /uv248fip248inf210/images/data/prerequisite_data/prerequisite_data.html HTTP/1.1"
249	2024/01/17 13:48:58	"GET /uv248fip248inf210/lecture_modeling_normalization.html HTTP/1.1"
2413	2024/01/17 13:49:13	"GET /uv248fip248inf210/index.html HTTP/1.1"
2413	2024/01/17 13:49:19	"GET /uv248fip248inf210/data_home.html HTTP/1.1"
2413	2024/01/17 13:49:22	"GET /uv248fip248inf210/practice_transaction.html HTTP/1.1"
2442	2024/01/17 13:50:24	"GET /uv248fip248inf210/lecture_json.html HTTP/1.1"
2411	2024/01/17 13:51:01	"GET /uv248fip248inf210/practice_json.html HTTP/1.1"
249	2024/01/17 13:52:32	"GET /uv248fip248inf210/lecture_relational_model.html HTTP/1.1"
2413	2024/01/17 13:52:51	"GET /uv248fip248inf210/lecture_transaction.html HTTP/1.1"
2418	2024/01/17 13:53:17	"GET /uv248fip248inf210/web_architecture_home.html HTTP/1.1"
2418	2024/01/17 13:53:20	"GET /uv248fip248inf210/practice_spring_2tiers_ext.html HTTP/1.1"
2429	2024/01/17 13:53:49	"GET /uv248fip248inf210/web_architecture_home.html HTTP/1.1"
2426	2024/01/17 13:53:52	"GET /uv248fip248inf210/lecture_dto.html HTTP/1.1"
249	2024/01/17 13:53:53	"GET /uv248fip248inf210/lecture_transaction.html HTTP/1.1"
2429	2024/01/17 13:53:53	"GET /uv248fip248inf210/practice_spring_2tiers.html HTTP/1.1"
2432	2024/01/17 13:53:54	"GET /uv248fip248inf210/web_architecture_home.html HTTP/1.1"
2419	2024/01/17 13:53:55	"GET /uv248fip248inf210/data_home.html HTTP/1.1"
2432	2024/01/17 13:53:56	"GET /uv248fip248inf210/lecture_technical_architecture.html HTTP/1.1"
2437	2024/01/17 13:53:58	"GET /uv248fip248inf210/web_architecture_home.html HTTP/1.1"
2445	2024/01/17 13:54:01	"GET /uv248fip248inf210/project_home.html HTTP/1.1"
2437	2024/01/17 13:54:02	"GET /uv248fip248inf210/practice_jpa.html HTTP/1.1"
2433	2024/01/17 13:54:08	"GET /uv248fip248inf210/web_architecture_home.html HTTP/1.1"
2432	2024/01/17 13:54:11	"GET /uv248fip248inf210/index.html HTTP/1.1"
2433	2024/01/17 13:54:11	"GET /uv248fip248inf210/lecture_technical_architecture.html HTTP/1.1"
2432	2024/01/17 13:54:13	"GET /uv248fip248inf210/data_home.html HTTP/1.1"
2445	2024/01/17 13:54:27	"GET /uv248fip248inf210/web_architecture_home.html HTTP/1.1"
2445	2024/01/17 13:54:37	"GET /uv248fip248inf210/lecture_technical_architecture.html HTTP/1.1"
2426	2024/01/17 13:55:34	"GET /uv248fip248inf210/lecture_xml.html HTTP/1.1"
2432	2024/01/17 13:56:28	"GET /uv248fip248inf210/lecture_isolation.html HTTP/1.1"
2432	2024/01/17 13:56:35	"GET /uv248fip248inf210/lecture_transaction.html HTTP/1.1"
2432	2024/01/17 13:56:42	"GET /uv248fip248inf210/practice_advanced_sql.html HTTP/1.1"
2415	2024/01/17 13:59:07	"GET /uv248fip248inf210/practice_transaction.html HTTP/1.1"
2415	2024/01/17 13:59:12	"GET /uv248fip248inf210/practice_isolation.html HTTP/1.1"
2414	2024/01/17 13:59:30	"GET /uv248fip248inf210/lecture_relational_model.html HTTP/1.1"
2413	2024/01/17 13:59:49	"GET /uv248fip248inf210/practice_transaction_correction.html HTTP/1.1"
2418	2024/01/17 14:00:01	"GET /uv248fip248inf210/lecture_dto.html HTTP/1.1"
2415	2024/01/17 14:00:07	"GET /uv248fip248inf210/practice_indexation.html HTTP/1.1"
2442	2024/01/17 14:00:38	"GET /uv248fip248inf210/practice_json.html HTTP/1.1"
2418	2024/01/17 14:00:46	"GET /uv248fip248inf210/lecture_xml.html HTTP/1.1"
249	2024/01/17 14:00:54	"GET /uv248fip248inf210/practice_transaction.html HTTP/1.1"
2415	2024/01/17 14:02:51	"GET /uv248fip248inf210/index.html HTTP/1.1"
2415	2024/01/17 14:02:55	"GET /uv248fip248inf210/project_home.html HTTP/1.1"
2439	2024/01/17 14:03:05	"GET /uv248fip248inf210/data_home.html HTTP/1.1"
2434	2024/01/17 14:03:17	"GET /uv248fip248inf210/lecture_dto.html HTTP/1.1"
2415	2024/01/17 14:03:46	"GET /uv248fip248inf210/project_presentation.html HTTP/1.1"
2415	2024/01/17 14:04:45	"GET /uv248fip248inf210/project_evaluation.html HTTP/1.1"
2413	2024/01/17 14:04:47	"GET /uv248fip248inf210/index.html HTTP/1.1"
2413	2024/01/17 14:04:51	"GET /uv248fip248inf210/web_architecture_home.html HTTP/1.1"
2415	2024/01/17 14:04:52	"GET /uv248fip248inf210/project_part1.html HTTP/1.1"
2413	2024/01/17 14:04:54	"GET /uv248fip248inf210/lecture_technical_architecture.html HTTP/1.1"
2415	2024/01/17 14:05:07	"GET /uv248fip248inf210/web_architecture_home.html HTTP/1.1"
2415	2024/01/17 14:05:08	"GET /uv248fip248inf210/web_architecture_home.html HTTP/1.1"
249	2024/01/17 14:05:20	"GET /uv248fip248inf210/documentation_rdbms.html HTTP/1.1"
2415	2024/01/17 14:05:26	"GET /uv248fip248inf210/lecture_technical_architecture.html HTTP/1.1"
2434	2024/01/17 14:06:01	"GET /uv248fip248inf210/lecture_xml.html HTTP/1.1"
2445	2024/01/17 14:06:31	"GET /uv248fip248inf210/lecture_software_architecture.html HTTP/1.1"
2441	2024/01/17 14:10:03	"GET /uv248fip248inf210/web_architecture_home.html HTTP/1.1"
2441	2024/01/17 14:10:14	"GET /uv248fip248inf210/practice_spring_2tiers.html HTTP/1.1"
2441	2024/01/17 14:10:17	"GET /uv248fip248inf210/practice_jpa.html HTTP/1.1"
2426	2024/01/17 14:11:10	"GET /uv248fip248inf210/practice_xml.html HTTP/1.1"
2441	2024/01/17 14:11:51	"GET /uv248fip248inf210/practice_jpa_advanced.html HTTP/1.1"
2439	2024/01/17 14:12:15	"GET /uv248fip248inf210/lecture_normalization.html HTTP/1.1"
2418	2024/01/17 14:13:38	"GET /uv248fip248inf210/lecture_json.html HTTP/1.1"
2433	2024/01/17 14:14:31	"GET /uv248fip248inf210/lecture_software_architecture.html HTTP/1.1"
2413	2024/01/17 14:14:58	"GET /uv248fip248inf210/lecture_software_architecture.html HTTP/1.1"
2414	2024/01/17 14:15:16	"GET /uv248fip248inf210/lecture_modeling_normalization.html HTTP/1.1"
2415	2024/01/17 14:15:28	"GET /uv248fip248inf210/lecture_software_architecture.html HTTP/1.1"
2432	2024/01/17 14:16:13	"GET /uv248fip248inf210/practice_transaction.html HTTP/1.1"
2414	2024/01/17 14:18:47	"GET /uv248fip248inf210/lecture_db_integrity.html HTTP/1.1"
2418	2024/01/17 14:19:21	"GET /uv248fip248inf210/practice_json.html HTTP/1.1"
2418	2024/01/17 14:20:10	"GET /uv248fip248inf210/lecture_json.html HTTP/1.1"
2413	2024/01/17 14:21:09	"GET /uv248fip248inf210/lecture_mvc_spring.html HTTP/1.1"
2415	2024/01/17 14:22:12	"GET /uv248fip248inf210/lecture_mvc_spring.html HTTP/1.1"
2413	2024/01/17 14:22:54	"GET /uv248fip248inf210/lecture_jpa.html HTTP/1.1"
2418	2024/01/17 14:22:58	"GET /uv248fip248inf210/practice_json.html HTTP/1.1"
2413	2024/01/17 14:23:06	"GET /uv248fip248inf210/practice_jpa.html HTTP/1.1"
2437	2024/01/17 14:23:51	"GET /uv248fip248inf210/lecture_dto.html HTTP/1.1"
2437	2024/01/17 14:24:05	"GET /uv248fip248inf210/lecture_xml.html HTTP/1.1"
2418	2024/01/17 14:24:20	"GET /uv248fip248inf210/lecture_json.html HTTP/1.1"
2437	2024/01/17 14:24:20	"GET /uv248fip248inf210/practice_xml.html HTTP/1.1"
2415	2024/01/17 14:24:32	"GET /uv248fip248inf210/lecture_jpa.html HTTP/1.1"
2415	2024/01/17 14:24:33	"GET /uv248fip248inf210/practice_jpa.html HTTP/1.1"
2414	2024/01/17 14:26:26	"GET /uv248fip248inf210/activity_sql.html HTTP/1.1"
2414	2024/01/17 14:26:32	"GET /uv248fip248inf210/activity_relational_model.html HTTP/1.1"
2411	2024/01/17 14:29:01	"GET /uv248fip248inf210/practice_xml.html HTTP/1.1"
2438	2024/01/17 14:30:20	"GET /uv248fip248inf210/index.html HTTP/1.1"
2438	2024/01/17 14:30:22	"GET /uv248fip248inf210/web_architecture_home.html HTTP/1.1"
2438	2024/01/17 14:30:24	"GET /uv248fip248inf210/images/web_architecture/prerequisite_archiweb/prerequisite_archiweb.html HTTP/1.1"
2437	2024/01/17 14:30:43	"GET /uv248fip248inf210/practice_spring_2tiers.html HTTP/1.1"
2438	2024/01/17 14:30:59	"GET /uv248fip248inf210/lecture_jpa.html HTTP/1.1"
2437	2024/01/17 14:31:58	"GET /uv248fip248inf210/index.html HTTP/1.1"
2437	2024/01/17 14:32:06	"GET /uv248fip248inf210/lecture_mvc_spring.html HTTP/1.1"
2437	2024/01/17 14:32:11	"GET /uv248fip248inf210/lecture_jpa.html HTTP/1.1"
2414	2024/01/17 14:33:11	"GET /uv248fip248inf210/practice_sql.html HTTP/1.1"
2434	2024/01/17 14:34:39	"GET /uv248fip248inf210/lecture_validity.html HTTP/1.1"
2434	2024/01/17 14:34:42	"GET /uv248fip248inf210/lecture_xml.html HTTP/1.1"
2442	2024/01/17 14:36:02	"GET /uv248fip248inf210/lecture_dto.html HTTP/1.1"
2440	2024/01/17 14:36:08	"GET /uv248fip248inf210/technical_environment_home.html HTTP/1.1"
2440	2024/01/17 14:36:16	"GET /uv248fip248inf210/index.html HTTP/1.1"
2432	2024/01/17 14:36:17	"GET /uv248fip248inf210/practice_transaction_correction.html HTTP/1.1"
2440	2024/01/17 14:36:20	"GET /uv248fip248inf210/web_architecture_home.html HTTP/1.1"
2438	2024/01/17 14:36:31	"GET /uv248fip248inf210/practice_jpa.html HTTP/1.1"
2440	2024/01/17 14:36:42	"GET /uv248fip248inf210/images/web_architecture/prerequisite_archiweb/prerequisite_archiweb.html HTTP/1.1"
2440	2024/01/17 14:36:44	"GET /uv248fip248inf210/practice_spring_2tiers.html HTTP/1.1"
2442	2024/01/17 14:37:06	"GET /uv248fip248inf210/index.html HTTP/1.1"
2442	2024/01/17 14:37:11	"GET /uv248fip248inf210/data_home.html HTTP/1.1"
2442	2024/01/17 14:37:13	"GET /uv248fip248inf210/images/data/prerequisite_data/prerequisite_data.html HTTP/1.1"
2434	2024/01/17 14:44:25	"GET /uv248fip248inf210/lecture_xpath.html HTTP/1.1"
2442	2024/01/17 14:44:52	"GET /uv248fip248inf210/lecture_relational_model.html HTTP/1.1"
2434	2024/01/17 14:46:20	"GET /uv248fip248inf210/lecture_parser.html HTTP/1.1"
2433	2024/01/17 14:48:55	"GET /uv248fip248inf210/lecture_mvc_spring.html HTTP/1.1"
2442	2024/01/17 14:52:06	"GET /uv248fip248inf210/lecture_db_integrity.html HTTP/1.1"
2418	2024/01/17 14:53:55	"GET /uv248fip248inf210/practice_xml.html HTTP/1.1"
2418	2024/01/17 14:54:02	"GET /uv248fip248inf210/lecture_xml.html HTTP/1.1"
2434	2024/01/17 14:54:10	"GET /uv248fip248inf210/lecture_jaxb.html HTTP/1.1"
2418	2024/01/17 14:58:59	"GET /uv248fip248inf210/practice_xml.html HTTP/1.1"
2442	2024/01/17 14:59:28	"GET /uv248fip248inf210/activity_relational_model.html HTTP/1.1"
2439	2024/01/17 15:02:22	"GET /uv248fip248inf210/activity_normalization.html HTTP/1.1"
2414	2024/01/17 15:03:58	"GET /uv248fip248inf210/practice_sql_correction.html HTTP/1.1"
2411	2024/01/17 15:04:09	"GET /uv248fip248inf210/lecture_validity.html HTTP/1.1"
2445	2024/01/17 15:18:12	"GET /uv248fip248inf210/lecture_mvc_spring.html HTTP/1.1"
2445	2024/01/17 15:18:14	"GET /uv248fip248inf210/practice_jpa.html HTTP/1.1"
2411	2024/01/17 15:19:57	"GET /uv248fip248inf210/data_home.html HTTP/1.1"
2411	2024/01/17 15:20:29	"GET /uv248fip248inf210/images/data/prerequisite_data/prerequisite_data.html HTTP/1.1"
2445	2024/01/17 15:21:03	"GET /uv248fip248inf210/web_architecture_home.html HTTP/1.1"
2426	2024/01/17 15:22:36	"GET /uv248fip248inf210/lecture_json.html HTTP/1.1"
2426	2024/01/17 15:22:47	"GET /uv248fip248inf210/lecture_dto.html HTTP/1.1"
2426	2024/01/17 15:22:54	"GET /uv248fip248inf210/practice_json.html HTTP/1.1"
2426	2024/01/17 15:24:01	"GET /uv248fip248inf210/index.html HTTP/1.1"
2426	2024/01/17 15:24:06	"GET /uv248fip248inf210/data_home.html HTTP/1.1"
2426	2024/01/17 15:24:11	"GET /uv248fip248inf210/lecture_relational_model.html HTTP/1.1"
2433	2024/01/17 15:24:37	"GET /uv248fip248inf210/lecture_jpa.html HTTP/1.1"
2418	2024/01/17 15:26:38	"GET /uv248fip248inf210/web_architecture_home.html HTTP/1.1"
2418	2024/01/17 15:26:41	"GET /uv248fip248inf210/practice_xml.html HTTP/1.1"
2445	2024/01/17 15:27:16	"GET /uv248fip248inf210/lecture_jpa.html HTTP/1.1"
2418	2024/01/17 15:27:24	"GET /uv248fip248inf210/practice_xml.html HTTP/1.1"
2411	2024/01/17 15:29:44	"GET /uv248fip248inf210/lecture_relational_model.html HTTP/1.1"
2440	2024/01/17 15:30:28	"GET /uv248fip248inf210/lecture_dto.html HTTP/1.1"
2429	2024/01/17 15:32:07	"GET /uv248fip248inf210/lecture_dto.html HTTP/1.1"
2440	2024/01/17 15:32:26	"GET /uv248fip248inf210/lecture_xml.html HTTP/1.1"
2418	2024/01/17 15:34:51	"GET /uv248fip248inf210/index.html HTTP/1.1"
2418	2024/01/17 15:34:54	"GET /uv248fip248inf210/data_home.html HTTP/1.1"
2429	2024/01/17 15:35:34	"GET /uv248fip248inf210/practice_xml.html HTTP/1.1"
2418	2024/01/17 15:35:52	"GET /uv248fip248inf210/lecture_relational_model.html HTTP/1.1"
2411	2024/01/17 15:37:10	"GET /uv248fip248inf210/lecture_db_integrity.html HTTP/1.1"
2426	2024/01/17 15:39:30	"GET /uv248fip248inf210/lecture_db_integrity.html HTTP/1.1"
2414	2024/01/17 15:42:29	"GET /uv248fip248inf210/lecture_transaction.html HTTP/1.1"
2414	2024/01/17 15:42:31	"GET /uv248fip248inf210/practice_transaction.html HTTP/1.1"
2439	2024/01/17 15:43:18	"GET /uv248fip248inf210/activity_normalization_correction.html HTTP/1.1"
2440	2024/01/17 15:46:46	"GET /uv248fip248inf210/lecture_validity.html HTTP/1.1"
2440	2024/01/17 15:46:48	"GET /uv248fip248inf210/practice_xml.html HTTP/1.1"
2432	2024/01/17 15:53:57	"GET /uv248fip248inf210/lecture_software_architecture.html HTTP/1.1"
2411	2024/01/17 15:55:42	"GET /uv248fip248inf210/activity_relational_model.html HTTP/1.1"
2433	2024/01/17 16:01:41	"GET /uv248fip248inf210/practice_jpa.html HTTP/1.1"
2426	2024/01/17 16:06:37	"GET /uv248fip248inf210/lecture_relational_algebra.html HTTP/1.1"
2426	2024/01/17 16:07:43	"GET /uv248fip248inf210/activity_relational_model.html HTTP/1.1"
2433	2024/01/17 16:08:30	"GET /uv248fip248inf210/index.html HTTP/1.1"
2433	2024/01/17 16:08:33	"GET /uv248fip248inf210/technical_environment_home.html HTTP/1.1"
2433	2024/01/17 16:08:56	"GET /uv248fip248inf210/images/technical_environment/prerequisite_techenv/prerequisite_techenv.html HTTP/1.1"
2433	2024/01/17 16:09:23	"GET /uv248fip248inf210/practice_spring.html HTTP/1.1"
2434	2024/01/17 16:14:17	"GET /uv248fip248inf210/practice_xml.html HTTP/1.1"
2434	2024/01/17 16:15:39	"GET /uv248fip248inf210/lecture_jaxb.html HTTP/1.1"
2434	2024/01/17 16:15:41	"GET /uv248fip248inf210/index.html HTTP/1.1"
2434	2024/01/17 16:15:43	"GET /uv248fip248inf210/data_home.html HTTP/1.1"
2434	2024/01/17 16:15:50	"GET /uv248fip248inf210/project_home.html HTTP/1.1"
2434	2024/01/17 16:16:00	"GET /uv248fip248inf210/lecture_software_architecture.html HTTP/1.1"
249	2024/01/17 16:18:38	"GET /uv248fip248inf210/bd_cours_isolation.html HTTP/1.1"
249	2024/01/17 16:18:40	"GET /uv248fip248inf210/bd_tp_isolation.html HTTP/1.1"
249	2024/01/17 16:18:43	"GET /uv248fip248inf210/practice_isolation.html HTTP/1.1"
2439	2024/01/17 16:22:21	"GET /uv248fip248inf210/activity_decomposition.html HTTP/1.1"
2439	2024/01/17 16:22:26	"GET /uv248fip248inf210/activity_decomposition_correction.html HTTP/1.1"
249	2024/01/17 23:54:58	"GET /uv248fip248inf210/data_home.html HTTP/1.1"
249	2024/01/17 23:56:59	"GET /uv248fip248inf210/lecture_modeling_normalization.html HTTP/1.1"
249	2024/01/17 23:57:04	"GET /uv248fip248inf210/lecture_relational_model.html HTTP/1.1"
247	2024/10/12 16:10:22	"GET /uv248fip248inf210/activity_normalization_correction.html HTTP/1.1"
2430	2024/02/25 09:49:58	"GET /uv248fip248inf210/project_home.html HTTP/1.1"
2430	2024/02/25 09:50:04	"GET /uv248fip248inf210/project_part2.html HTTP/1.1"
241	2024/02/25 11:30:07	"GET /uv248fip248inf210/project_home.html HTTP/1.1"
241	2024/02/25 11:30:09	"GET /uv248fip248inf210/project_part2.html HTTP/1.1"
2410	2024/02/25 12:10:20	"GET /uv248fip248inf210/index.html HTTP/1.1"
2410	2024/02/25 12:10:23	"GET /uv248fip248inf210/project_home.html HTTP/1.1"
2410	2024/02/25 14:55:45	"GET /uv248fip248inf210/project_part2.html HTTP/1.1"
2410	2024/02/25 14:55:57	"GET /uv248fip248inf210/project_evaluation.html HTTP/1.1"
2418	2024/02/25 18:38:57	"GET /uv248fip248inf210/project_home.html HTTP/1.1"
2418	2024/02/25 18:38:59	"GET /uv248fip248inf210/project_part3.html HTTP/1.1"
2418	2024/02/25 18:39:08	"GET /uv248fip248inf210/project_part4.html HTTP/1.1"
2418	2024/02/25 18:39:10	"GET /uv248fip248inf210/project_part3.html HTTP/1.1"
2418	2024/02/25 18:40:07	"GET /uv248fip248inf210/project_part2.html HTTP/1.1"
2418	2024/02/25 19:45:28	"GET /uv248fip248inf210/project_part3.html HTTP/1.1"
2418	2024/02/25 19:45:30	"GET /uv248fip248inf210/project_structureui.html HTTP/1.1"
2418	2024/02/25 19:45:32	"GET /uv248fip248inf210/project_part3.html HTTP/1.1"
2418	2024/02/25 19:45:34	"GET /uv248fip248inf210/project_structureui.html HTTP/1.1"
2447	2024/02/25 19:47:15	"GET /uv248fip248inf210/project_home.html HTTP/1.1"
2447	2024/02/25 19:47:17	"GET /uv248fip248inf210/project_part3.html HTTP/1.1"
2418	2024/02/25 19:47:42	"GET /uv248fip248inf210/project_part4.html HTTP/1.1"
2418	2024/02/25 19:47:44	"GET /uv248fip248inf210/project_structureui.html HTTP/1.1"
2418	2024/02/25 19:47:49	"GET /uv248fip248inf210/project_structureui.html HTTP/1.1"
2418	2024/02/25 19:48:06	"GET /uv248fip248inf210/project_part3.html HTTP/1.1"
2447	2024/02/25 19:48:21	"GET /uv248fip248inf210/project_structureui.html HTTP/1.1"
2447	2024/02/25 19:48:39	"GET /uv248fip248inf210/project_part4.html HTTP/1.1"
2447	2024/02/25 19:49:08	"GET /uv248fip248inf210/project_part2.html HTTP/1.1"
2418	2024/02/25 19:49:10	"GET /uv248fip248inf210/project_structureui.html HTTP/1.1"
2418	2024/02/25 19:56:10	"GET /uv248fip248inf210/project_part2.html HTTP/1.1"
2418	2024/02/25 23:01:54	"GET /uv248fip248inf210/project_part4.html HTTP/1.1"
2418	2024/02/25 23:01:56	"GET /uv248fip248inf210/project_part2.html HTTP/1.1"
2418	2024/02/25 23:01:59	"GET /uv248fip248inf210/project_part3.html HTTP/1.1"
2425	2024/09/22 17:40:54	"GET /uv248fip248inf210/web_architecture_home.html HTTP/1.1"
2425	2024/09/22 17:41:15	"GET /uv248fip248inf210/images/web_architecture/prerequisite_archiweb/prerequisite_archiweb.html HTTP/1.1"
2425	2024/09/22 17:41:17	"GET /uv248fip248inf210/lecture_jpa.html HTTP/1.1"
2425	2024/09/22 18:14:38	"GET /uv248fip248inf210/practice_jpa.html HTTP/1.1"
2425	2024/09/22 22:17:50	"GET /uv248fip248inf210/data_home.html HTTP/1.1"
2425	2024/09/22 22:17:58	"GET /uv248fip248inf210/activity_normalization.html HTTP/1.1"
2425	2024/09/22 22:18:06	"GET /uv248fip248inf210/lecture_conceptual_modeling.html HTTP/1.1"
2411	2024/02/24 09:38:05	"GET /uv248fip248inf210/data_home.html HTTP/1.1"
2411	2024/02/24 09:38:08	"GET /uv248fip248inf210/project_home.html HTTP/1.1"
2411	2024/02/24 09:38:19	"GET /uv248fip248inf210/project_part2.html HTTP/1.1"
2430	2024/02/24 15:10:54	"GET /uv248fip248inf210/index.html HTTP/1.1"
2430	2024/02/24 15:11:02	"GET /uv248fip248inf210/project_home.html HTTP/1.1"
2430	2024/02/24 15:11:04	"GET /uv248fip248inf210/project_part3.html HTTP/1.1"
2430	2024/02/24 15:11:11	"GET /uv248fip248inf210/project_structureui.html HTTP/1.1"
2430	2024/02/24 15:11:13	"GET /uv248fip248inf210/project_part3.html HTTP/1.1"
241	2024/02/24 20:52:47	"GET /uv248fip248inf210/project_home.html HTTP/1.1"
241	2024/02/24 20:52:49	"GET /uv248fip248inf210/project_part2.html HTTP/1.1"
247	2024/02/24 20:54:34	"GET /uv248fip248inf210/index.html HTTP/1.1"
247	2024/02/24 20:54:37	"GET /uv248fip248inf210/project_home.html HTTP/1.1"
247	2024/02/24 20:54:40	"GET /uv248fip248inf210/project_part2.html HTTP/1.1"
247	2024/02/24 21:05:47	"GET /uv248fip248inf210/project_part2.html HTTP/1.1"
2410	2024/02/24 21:57:11	"GET /uv248fip248inf210/index.html HTTP/1.1"
2439	2024/09/23 22:16:46	"GET /uv248fip248inf210/technical_environment_home.html HTTP/1.1"
2439	2024/09/23 22:17:05	"GET /uv248fip248inf210/index.html HTTP/1.1"
2439	2024/09/23 22:17:08	"GET /uv248fip248inf210/web_architecture_home.html HTTP/1.1"
2439	2024/09/23 22:17:11	"GET /uv248fip248inf210/lecture_technical_architecture.html HTTP/1.1"
2439	2024/09/23 22:17:19	"GET /uv248fip248inf210/lecture_software_architecture.html HTTP/1.1"
2439	2024/09/23 22:17:40	"GET /uv248fip248inf210/data_home.html HTTP/1.1"
2439	2024/09/23 22:20:08	"GET /uv248fip248inf210/lecture_modeling_normalization.html HTTP/1.1"
2417	2024/01/16 21:34:00	"GET /uv248fip248inf210/practice_spring_2tiers.html HTTP/1.1"
2446	2024/01/16 23:03:31	"GET /uv248fip248inf210/index.html HTTP/1.1"
2446	2024/01/16 23:03:36	"GET /uv248fip248inf210/web_architecture_home.html HTTP/1.1"
2446	2024/01/16 23:03:39	"GET /uv248fip248inf210/practice_spring_2tiers.html HTTP/1.1"
2446	2024/01/16 23:03:40	"GET /uv248fip248inf210/lecture_jpa.html HTTP/1.1"
2446	2024/01/16 23:03:41	"GET /uv248fip248inf210/practice_jpa.html HTTP/1.1"
2425	2024/08/28 14:51:54	"GET /uv248fip248inf210/practice_docker.html HTTP/1.1"
2418	2024/02/23 09:39:40	"GET /uv248fip248inf210/project_home.html HTTP/1.1"
2418	2024/02/23 09:39:43	"GET /uv248fip248inf210/project_part3.html HTTP/1.1"
2418	2024/02/23 09:39:47	"GET /uv248fip248inf210/project_part2.html HTTP/1.1"
2414	2024/02/23 12:55:45	"GET /uv248fip248inf210/technical_environment_home.html HTTP/1.1"
2414	2024/02/23 12:55:48	"GET /uv248fip248inf210/index.html HTTP/1.1"
2414	2024/02/23 12:55:51	"GET /uv248fip248inf210/project_home.html HTTP/1.1"
2414	2024/02/23 12:55:53	"GET /uv248fip248inf210/project_part2.html HTTP/1.1"
2427	2024/02/23 13:02:56	"GET /uv248fip248inf210/index.html HTTP/1.1"
2427	2024/02/23 13:03:52	"GET /uv248fip248inf210/data_home.html HTTP/1.1"
2427	2024/02/23 13:04:09	"GET /uv248fip248inf210/project_home.html HTTP/1.1"
2427	2024/02/23 13:04:11	"GET /uv248fip248inf210/project_part1.html HTTP/1.1"
2418	2024/02/23 13:04:27	"GET /uv248fip248inf210/project_home.html HTTP/1.1"
2418	2024/02/23 13:04:30	"GET /uv248fip248inf210/project_part2.html HTTP/1.1"
2443	2024/02/23 13:12:43	"GET /uv248fip248inf210/project_home.html HTTP/1.1"
2423	2024/02/23 19:42:46	"GET /uv248fip248inf210/data_home.html HTTP/1.1"
2423	2024/02/23 19:42:49	"GET /uv248fip248inf210/project_home.html HTTP/1.1"
2423	2024/02/23 19:42:57	"GET /uv248fip248inf210/project_task_time.html HTTP/1.1"
2425	2024/02/23 21:20:40	"GET /uv248fip248inf210/practice_docker.html HTTP/1.1"
2425	2024/02/23 21:20:52	"GET /uv248fip248inf210/index.html HTTP/1.1"
2425	2024/02/23 21:21:00	"GET /uv248fip248inf210/project_home.html HTTP/1.1"
2425	2024/02/23 21:21:05	"GET /uv248fip248inf210/project_part1.html HTTP/1.1"
2425	2024/02/23 21:21:32	"GET /uv248fip248inf210/project_specifications.html HTTP/1.1"
2425	2024/02/23 21:50:48	"GET /uv248fip248inf210/project_presentation.html HTTP/1.1"
2425	2024/02/23 22:40:34	"GET /uv248fip248inf210/project_evaluation.html HTTP/1.1"
2425	2024/02/23 22:40:57	"GET /uv248fip248inf210/project_task_time.html HTTP/1.1"
2439	2024/09/24 08:37:09	"GET /uv248fip248inf210/project_home.html HTTP/1.1"
2439	2024/09/24 08:37:26	"GET /uv248fip248inf210/project_part1.html HTTP/1.1"
2439	2024/09/24 08:38:08	"GET /uv248fip248inf210/project_presentation.html HTTP/1.1"
2439	2024/09/24 08:38:16	"GET /uv248fip248inf210/project_evaluation.html HTTP/1.1"
2439	2024/09/24 10:19:06	"GET /uv248fip248inf210/practice_docker.html HTTP/1.1"
2439	2024/09/24 14:30:10	"GET /uv248fip248inf210/lecture_conceptual_modeling.html HTTP/1.1"
2439	2024/09/24 14:30:39	"GET /uv248fip248inf210/lecture_relational_model.html HTTP/1.1"
2439	2024/09/24 14:46:26	"GET /uv248fip248inf210/documentation_si.html HTTP/1.1"
2439	2024/09/24 14:47:13	"GET /uv248fip248inf210/documentation_rdbms.html HTTP/1.1"
2439	2024/09/24 14:47:48	"GET /uv248fip248inf210/lecture_mvc_spring.html HTTP/1.1"
2442	2024/01/19 09:32:28	"GET /uv248fip248inf210/web_architecture_home.html HTTP/1.1"
2442	2024/01/19 09:32:29	"GET /uv248fip248inf210/images/web_architecture/prerequisite_archiweb/prerequisite_archiweb.html HTTP/1.1"
249	2024/01/19 09:32:37	"GET /uv248fip248inf210/data_home.html HTTP/1.1"
249	2024/01/19 09:32:42	"GET /uv248fip248inf210/activity_sql.html HTTP/1.1"
2442	2024/01/19 09:32:43	"GET /uv248fip248inf210/data_home.html HTTP/1.1"
2442	2024/01/19 09:32:45	"GET /uv248fip248inf210/images/data/prerequisite_data/prerequisite_data.html HTTP/1.1"
249	2024/01/19 09:32:45	"GET /uv248fip248inf210/practice_sql.html HTTP/1.1"
2442	2024/01/19 09:32:53	"GET /uv248fip248inf210/activity_relational_model.html HTTP/1.1"
2423	2024/01/19 09:33:42	"GET /uv248fip248inf210/data_home.html HTTP/1.1"
245	2024/01/19 09:34:49	"GET /uv248fip248inf210/index.html HTTP/1.1"
2420	2024/01/19 09:35:08	"GET /uv248fip248inf210/technical_environment_home.html HTTP/1.1"
245	2024/01/19 09:35:24	"GET /uv248fip248inf210/images/data/prerequisite_data/prerequisite_data.html HTTP/1.1"
2420	2024/01/19 09:35:27	"GET /uv248fip248inf210/practice_postgresql.html HTTP/1.1"
245	2024/01/19 09:35:33	"GET /uv248fip248inf210/practice_transaction.html HTTP/1.1"
2420	2024/01/19 09:35:33	"GET /uv248fip248inf210/index.html HTTP/1.1"
2420	2024/01/19 09:35:35	"GET /uv248fip248inf210/data_home.html HTTP/1.1"
2420	2024/01/19 09:35:38	"GET /uv248fip248inf210/lecture_relational_model.html HTTP/1.1"
245	2024/01/19 09:36:22	"GET /uv248fip248inf210/web_architecture_home.html HTTP/1.1"
245	2024/01/19 09:36:27	"GET /uv248fip248inf210/images/web_architecture/prerequisite_archiweb/prerequisite_archiweb.html HTTP/1.1"
246	2024/01/19 09:36:59	"GET /uv248fip248inf210/web_architecture_home.html HTTP/1.1"
246	2024/01/19 09:37:04	"GET /uv248fip248inf210/data_home.html HTTP/1.1"
246	2024/01/19 09:37:05	"GET /uv248fip248inf210/images/data/prerequisite_data/prerequisite_data.html HTTP/1.1"
246	2024/01/19 09:37:07	"GET /uv248fip248inf210/practice_transaction.html HTTP/1.1"
2412	2024/01/19 09:37:32	"GET /uv248fip248inf210/data_home.html HTTP/1.1"
2412	2024/01/19 09:37:36	"GET /uv248fip248inf210/images/data/prerequisite_data/prerequisite_data.html HTTP/1.1"
2412	2024/01/19 09:37:38	"GET /uv248fip248inf210/lecture_normalization.html HTTP/1.1"
2430	2024/01/19 09:37:39	"GET /uv248fip248inf210/technical_environment_home.html HTTP/1.1"
2443	2024/01/19 09:38:08	"GET /uv248fip248inf210/index.html HTTP/1.1"
2443	2024/01/19 09:38:31	"GET /uv248fip248inf210/technical_environment_home.html HTTP/1.1"
247	2024/01/19 09:38:36	"GET /uv248fip248inf210/data_home.html HTTP/1.1"
2443	2024/01/19 09:38:37	"GET /uv248fip248inf210/data_home.html HTTP/1.1"
2413	2024/01/19 09:38:40	"GET /uv248fip248inf210/index.html HTTP/1.1"
2422	2024/01/19 09:38:42	"GET /uv248fip248inf210/technical_environment_home.html HTTP/1.1"
2423	2024/01/19 09:38:42	"GET /uv248fip248inf210/activity_relational_model.html HTTP/1.1"
245	2024/01/19 09:38:43	"GET /uv248fip248inf210/lecture_technical_architecture.html HTTP/1.1"
2413	2024/01/19 09:38:43	"GET /uv248fip248inf210/web_architecture_home.html HTTP/1.1"
2430	2024/01/19 09:38:47	"GET /uv248fip248inf210/index.html HTTP/1.1"
2430	2024/01/19 09:38:50	"GET /uv248fip248inf210/web_architecture_home.html HTTP/1.1"
2421	2024/01/19 09:38:55	"GET /uv248fip248inf210/data_home.html HTTP/1.1"
2421	2024/01/19 09:38:58	"GET /uv248fip248inf210/lecture_relational_model.html HTTP/1.1"
2430	2024/01/19 09:39:04	"GET /uv248fip248inf210/practice_jpa_advanced.html HTTP/1.1"
2430	2024/01/19 09:39:04	"GET /uv248fip248inf210/practice_spring_2tiers.html HTTP/1.1"
247	2024/01/19 09:39:45	"GET /uv248fip248inf210/practice_advanced_sql.html HTTP/1.1"
2412	2024/01/19 09:40:38	"GET /uv248fip248inf210/lecture_conceptual_modeling.html HTTP/1.1"
2434	2024/01/19 09:41:10	"GET /uv248fip248inf210/web_architecture_home.html HTTP/1.1"
2434	2024/01/19 09:41:15	"GET /uv248fip248inf210/lecture_jaxb.html HTTP/1.1"
2425	2024/01/19 09:42:21	"GET /uv248fip248inf210/practice_docker.html HTTP/1.1"
2425	2024/01/19 09:42:30	"GET /uv248fip248inf210/index.html HTTP/1.1"
2425	2024/01/19 09:42:46	"GET /uv248fip248inf210/data_home.html HTTP/1.1"
246	2024/01/19 09:43:22	"GET /uv248fip248inf210/activity_decomposition.html HTTP/1.1"
246	2024/01/19 09:43:43	"GET /uv248fip248inf210/activity_decomposition_correction.html HTTP/1.1"
2418	2024/01/19 09:44:15	"GET /uv248fip248inf210/data_home.html HTTP/1.1"
2418	2024/01/19 09:44:24	"GET /uv248fip248inf210/activity_relational_model.html HTTP/1.1"
2425	2024/01/19 09:44:28	"GET /uv248fip248inf210/images/data/prerequisite_data/prerequisite_data.html HTTP/1.1"
2425	2024/01/19 09:44:31	"GET /uv248fip248inf210/lecture_transaction.html HTTP/1.1"
2420	2024/01/19 09:45:56	"GET /uv248fip248inf210/lecture_db_integrity.html HTTP/1.1"
245	2024/01/19 09:46:31	"GET /uv248fip248inf210/lecture_software_architecture.html HTTP/1.1"
2431	2024/01/19 09:47:30	"GET /uv248fip248inf210/web_architecture_home.html HTTP/1.1"
2431	2024/01/19 09:47:32	"GET /uv248fip248inf210/images/web_architecture/prerequisite_archiweb/prerequisite_archiweb.html HTTP/1.1"
2431	2024/01/19 09:47:39	"GET /uv248fip248inf210/practice_json.html HTTP/1.1"
2411	2024/01/19 09:47:53	"GET /uv248fip248inf210/images/data/prerequisite_data/prerequisite_data.html HTTP/1.1"
2411	2024/01/19 09:47:55	"GET /uv248fip248inf210/activity_relational_model.html HTTP/1.1"
2411	2024/01/19 09:48:08	"GET /uv248fip248inf210/lecture_db_integrity.html HTTP/1.1"
2412	2024/01/19 09:48:19	"GET /uv248fip248inf210/lecture_independence_views.html HTTP/1.1"
2411	2024/01/19 09:48:19	"GET /uv248fip248inf210/lecture_modeling_normalization.html HTTP/1.1"
2411	2024/01/19 09:48:40	"GET /uv248fip248inf210/lecture_conceptual_modeling.html HTTP/1.1"
2421	2024/01/19 09:48:59	"GET /uv248fip248inf210/lecture_db_integrity.html HTTP/1.1"
2433	2024/01/19 09:50:03	"GET /uv248fip248inf210/web_architecture_home.html HTTP/1.1"
2434	2024/01/19 09:50:06	"GET /uv248fip248inf210/practice_xml.html HTTP/1.1"
2434	2024/01/19 09:50:06	"GET /uv248fip248inf210/practice_xml.html HTTP/1.1"
2433	2024/01/19 09:50:09	"GET /uv248fip248inf210/practice_jpa.html HTTP/1.1"
2435	2024/01/19 09:50:15	"GET /uv248fip248inf210/web_architecture_home.html HTTP/1.1"
2435	2024/01/19 09:50:22	"GET /uv248fip248inf210/practice_jpa.html HTTP/1.1"
247	2024/01/19 09:50:30	"GET /uv248fip248inf210/activity_normalization.html HTTP/1.1"
247	2024/01/19 09:50:39	"GET /uv248fip248inf210/activity_sql.html HTTP/1.1"
2417	2024/01/19 09:50:42	"GET /uv248fip248inf210/practice_spring_2tiers.html HTTP/1.1"
247	2024/01/19 09:50:48	"GET /uv248fip248inf210/lecture_modeling_normalization.html HTTP/1.1"
247	2024/01/19 09:50:51	"GET /uv248fip248inf210/lecture_conceptual_modeling.html HTTP/1.1"
247	2024/01/19 09:50:56	"GET /uv248fip248inf210/lecture_normalization.html HTTP/1.1"
247	2024/01/19 09:51:04	"GET /uv248fip248inf210/lecture_independence_views.html HTTP/1.1"
247	2024/01/19 09:51:05	"GET /uv248fip248inf210/activity_conceptual_modeling.html HTTP/1.1"
2417	2024/01/19 09:51:09	"GET /uv248fip248inf210/index.html HTTP/1.1"
247	2024/01/19 09:51:12	"GET /uv248fip248inf210/activity_decomposition.html HTTP/1.1"
2417	2024/01/19 09:51:13	"GET /uv248fip248inf210/data_home.html HTTP/1.1"
247	2024/01/19 09:51:52	"GET /uv248fip248inf210/practice_independence_views.html HTTP/1.1"
2438	2024/01/19 09:52:05	"GET /uv248fip248inf210/index.html HTTP/1.1"
2417	2024/01/19 09:52:07	"GET /uv248fip248inf210/web_architecture_home.html HTTP/1.1"
2415	2024/01/19 09:52:09	"GET /uv248fip248inf210/practice_jpa.html HTTP/1.1"
2435	2024/01/19 09:52:19	"GET /uv248fip248inf210/lecture_jpa.html HTTP/1.1"
2417	2024/01/19 09:52:21	"GET /uv248fip248inf210/lecture_dto.html HTTP/1.1"
2422	2024/01/19 09:53:52	"GET /uv248fip248inf210/documentation_docker.html HTTP/1.1"
2412	2024/01/19 09:53:53	"GET /uv248fip248inf210/activity_conceptual_modeling.html HTTP/1.1"
2422	2024/01/19 09:54:03	"GET /uv248fip248inf210/lecture_technical_architecture.html HTTP/1.1"
2422	2024/01/19 09:54:15	"GET /uv248fip248inf210/lecture_software_architecture.html HTTP/1.1"
2417	2024/01/19 09:54:29	"GET /uv248fip248inf210/lecture_xml.html HTTP/1.1"
2422	2024/01/19 09:55:03	"GET /uv248fip248inf210/lecture_mvc_spring.html HTTP/1.1"
2446	2024/01/19 09:55:12	"GET /uv248fip248inf210/lecture_xml.html HTTP/1.1"
2422	2024/01/19 09:55:20	"GET /uv248fip248inf210/lecture_jpa.html HTTP/1.1"
2420	2024/01/19 09:55:40	"GET /uv248fip248inf210/activity_relational_model.html HTTP/1.1"
2421	2024/01/19 09:55:56	"GET /uv248fip248inf210/activity_relational_model.html HTTP/1.1"
2416	2024/01/19 09:56:23	"GET /uv248fip248inf210/web_architecture_home.html HTTP/1.1"
2416	2024/01/19 09:56:33	"GET /uv248fip248inf210/practice_xml.html HTTP/1.1"
2416	2024/01/19 09:56:34	"GET /uv248fip248inf210/lecture_validity.html HTTP/1.1"
2422	2024/01/19 09:56:38	"GET /uv248fip248inf210/practice_jpa.html HTTP/1.1"
2435	2024/01/19 09:56:46	"GET /uv248fip248inf210/lecture_mvc_spring.html HTTP/1.1"
2422	2024/01/19 09:58:38	"GET /uv248fip248inf210/practice_spring_2tiers.html HTTP/1.1"
2422	2024/01/19 09:58:50	"GET /uv248fip248inf210/index.html HTTP/1.1"
2422	2024/01/19 09:58:52	"GET /uv248fip248inf210/data_home.html HTTP/1.1"
2422	2024/01/19 09:58:55	"GET /uv248fip248inf210/lecture_relational_model.html HTTP/1.1"
2437	2024/01/19 09:59:00	"GET /uv248fip248inf210/practice_spring_2tiers.html HTTP/1.1"
2426	2024/01/19 09:59:04	"GET /uv248fip248inf210/activity_relational_model_correction.html HTTP/1.1"
2437	2024/01/19 09:59:05	"GET /uv248fip248inf210/index.html HTTP/1.1"
2430	2024/01/19 09:59:07	"GET /uv248fip248inf210/practice_spring_2tiers_ext.html HTTP/1.1"
2437	2024/01/19 09:59:08	"GET /uv248fip248inf210/web_architecture_home.html HTTP/1.1"
2437	2024/01/19 09:59:23	"GET /uv248fip248inf210/practice_jpa.html HTTP/1.1"
2440	2024/01/19 09:59:51	"GET /uv248fip248inf210/lecture_xpath.html HTTP/1.1"
2422	2024/01/19 10:00:11	"GET /uv248fip248inf210/lecture_db_integrity.html HTTP/1.1"
2420	2024/01/19 10:01:29	"GET /uv248fip248inf210/lecture_modeling_normalization.html HTTP/1.1"
2438	2024/01/19 10:01:35	"GET /uv248fip248inf210/technical_environment_home.html HTTP/1.1"
2422	2024/01/19 10:01:41	"GET /uv248fip248inf210/activity_relational_model.html HTTP/1.1"
2422	2024/01/19 10:02:11	"GET /uv248fip248inf210/lecture_modeling_normalization.html HTTP/1.1"
2422	2024/01/19 10:02:15	"GET /uv248fip248inf210/lecture_conceptual_modeling.html HTTP/1.1"
2440	2024/01/19 10:02:19	"GET /uv248fip248inf210/practice_xml.html HTTP/1.1"
2444	2024/01/19 10:03:06	"GET /uv248fip248inf210/data_home.html HTTP/1.1"
2444	2024/01/19 10:03:16	"GET /uv248fip248inf210/activity_sql.html HTTP/1.1"
2440	2024/01/19 10:03:27	"GET /uv248fip248inf210/lecture_xml.html HTTP/1.1"
245	2024/01/19 10:04:00	"GET /uv248fip248inf210/lecture_mvc_spring.html HTTP/1.1"
2441	2024/01/19 10:04:18	"GET /uv248fip248inf210/web_architecture_home.html HTTP/1.1"
2441	2024/01/19 10:04:22	"GET /uv248fip248inf210/practice_spring_2tiers.html HTTP/1.1"
2426	2024/01/19 10:04:27	"GET /uv248fip248inf210/index.html HTTP/1.1"
2426	2024/01/19 10:04:32	"GET /uv248fip248inf210/data_home.html HTTP/1.1"
2441	2024/01/19 10:04:35	"GET /uv248fip248inf210/lecture_dto.html HTTP/1.1"
2444	2024/01/19 10:04:46	"GET /uv248fip248inf210/lecture_relation_model.html HTTP/1.1"
2426	2024/01/19 10:04:49	"GET /uv248fip248inf210/activity_relational_model.html HTTP/1.1"
2433	2024/01/19 10:05:05	"GET /uv248fip248inf210/index.html HTTP/1.1"
2426	2024/01/19 10:05:05	"GET /uv248fip248inf210/lecture_modeling_normalization.html HTTP/1.1"
2433	2024/01/19 10:05:07	"GET /uv248fip248inf210/technical_environment_home.html HTTP/1.1"
2433	2024/01/19 10:05:13	"GET /uv248fip248inf210/practice_spring.html HTTP/1.1"
2415	2024/01/19 10:05:19	"GET /uv248fip248inf210/lecture_jpa.html HTTP/1.1"
2445	2024/01/19 10:05:31	"GET /uv248fip248inf210/web_architecture_home.html HTTP/1.1"
2413	2024/01/19 10:05:33	"GET /uv248fip248inf210/practice_spring_2tiers.html HTTP/1.1"
2429	2024/01/19 10:05:37	"GET /uv248fip248inf210/data_home.html HTTP/1.1"
2441	2024/01/19 10:05:39	"GET /uv248fip248inf210/lecture_xml.html HTTP/1.1"
2431	2024/01/19 10:05:41	"GET /uv248fip248inf210/index.html HTTP/1.1"
2445	2024/01/19 10:05:42	"GET /uv248fip248inf210/practice_jpa.html HTTP/1.1"
2419	2024/01/19 10:05:42	"GET /uv248fip248inf210/data_home.html HTTP/1.1"
2431	2024/01/19 10:05:44	"GET /uv248fip248inf210/technical_environment_home.html HTTP/1.1"
2419	2024/01/19 10:05:45	"GET /uv248fip248inf210/activity_sql.html HTTP/1.1"
2429	2024/01/19 10:05:45	"GET /uv248fip248inf210/web_architecture_home.html HTTP/1.1"
2431	2024/01/19 10:05:47	"GET /uv248fip248inf210/images/technical_environment/prerequisite_techenv/prerequisite_techenv.html HTTP/1.1"
2431	2024/01/19 10:05:49	"GET /uv248fip248inf210/practice_spring.html HTTP/1.1"
2429	2024/01/19 10:05:50	"GET /uv248fip248inf210/practice_xml.html HTTP/1.1"
2449	2024/01/19 10:05:53	"GET /uv248fip248inf210/data_home.html HTTP/1.1"
2449	2024/01/19 10:05:56	"GET /uv248fip248inf210/lecture_modeling_normalization.html HTTP/1.1"
2441	2024/01/19 10:05:57	"GET /uv248fip248inf210/practice_xml.html HTTP/1.1"
2441	2024/01/19 10:05:58	"GET /uv248fip248inf210/lecture_jaxb.html HTTP/1.1"
2441	2024/01/19 10:06:17	"GET /uv248fip248inf210/index.html HTTP/1.1"
2419	2024/01/19 10:06:22	"GET /uv248fip248inf210/index.html HTTP/1.1"
2419	2024/01/19 10:06:25	"GET /uv248fip248inf210/web_architecture_home.html HTTP/1.1"
2436	2024/01/19 10:06:27	"GET /uv248fip248inf210/index.html HTTP/1.1"
2421	2024/01/19 10:06:27	"GET /uv248fip248inf210/lecture_modeling_normalization.html HTTP/1.1"
2419	2024/01/19 10:06:28	"GET /uv248fip248inf210/lecture_technical_architecture.html HTTP/1.1"
2436	2024/01/19 10:06:34	"GET /uv248fip248inf210/data_home.html HTTP/1.1"
2436	2024/01/19 10:06:42	"GET /uv248fip248inf210/images/data/prerequisite_data/prerequisite_data.html HTTP/1.1"
2442	2024/01/19 10:07:39	"GET /uv248fip248inf210/activity_relational_model_correction.html HTTP/1.1"
2432	2024/01/19 10:09:13	"GET /uv248fip248inf210/lecture_mvc_spring.html HTTP/1.1"
2427	2024/01/19 10:09:54	"GET /uv248fip248inf210/project_home.html HTTP/1.1"
2427	2024/01/19 10:10:08	"GET /uv248fip248inf210/project_part1.html HTTP/1.1"
2422	2024/01/19 10:10:28	"GET /uv248fip248inf210/project_home.html HTTP/1.1"
2422	2024/01/19 10:10:30	"GET /uv248fip248inf210/project_part1.html HTTP/1.1"
2422	2024/01/19 10:11:36	"GET /uv248fip248inf210/project_part2.html HTTP/1.1"
2426	2024/01/19 10:12:16	"GET /uv248fip248inf210/lecture_conceptual_modeling.html HTTP/1.1"
2427	2024/01/19 10:12:45	"GET /uv248fip248inf210/project_task_time.html HTTP/1.1"
2420	2024/01/19 10:13:54	"GET /uv248fip248inf210/lecture_conceptual_modeling.html HTTP/1.1"
2418	2024/01/19 10:14:11	"GET /uv248fip248inf210/lecture_modeling_normalization.html HTTP/1.1"
245	2024/01/19 10:15:07	"GET /uv248fip248inf210/practice_spring_2tiers.html HTTP/1.1"
2418	2024/01/19 10:15:09	"GET /uv248fip248inf210/lecture_conceptual_modeling.html HTTP/1.1"
2431	2024/01/19 10:17:25	"GET /uv248fip248inf210/lecture_xml.html HTTP/1.1"
2436	2024/01/19 10:17:59	"GET /uv248fip248inf210/lecture_relational_model.html HTTP/1.1"
2427	2024/01/19 10:18:57	"GET /uv248fip248inf210/index.html HTTP/1.1"
2422	2024/01/19 10:19:01	"GET /uv248fip248inf210/project_specifications.html HTTP/1.1"
2418	2024/01/19 10:19:03	"GET /uv248fip248inf210/lecture_normalization.html HTTP/1.1"
246	2024/01/19 10:19:21	"GET /uv248fip248inf210/practice_transaction_correction.html HTTP/1.1"
2427	2024/01/19 10:20:45	"GET /uv248fip248inf210/web_architecture_home.html HTTP/1.1"
2421	2024/01/19 10:21:26	"GET /uv248fip248inf210/lecture_conceptual_modeling.html HTTP/1.1"
2444	2024/01/19 10:23:14	"GET /uv248fip248inf210/activity_sql_correction.html HTTP/1.1"
2441	2024/01/19 10:25:25	"GET /uv248fip248inf210/practice_jpa.html HTTP/1.1"
2421	2024/01/19 10:25:35	"GET /uv248fip248inf210/lecture_normalization.html HTTP/1.1"
2416	2024/01/19 10:25:59	"GET /uv248fip248inf210/practice_schema_xml.html HTTP/1.1"
2416	2024/01/19 10:26:41	"GET /uv248fip248inf210/practice_xpath.html HTTP/1.1"
2431	2024/01/19 10:26:52	"GET /uv248fip248inf210/lecture_validity.html HTTP/1.1"
246	2024/01/19 10:27:13	"GET /uv248fip248inf210/lecture_db_integrity.html HTTP/1.1"
246	2024/01/19 10:27:30	"GET /uv248fip248inf210/activity_relational_model.html HTTP/1.1"
246	2024/01/19 10:27:53	"GET /uv248fip248inf210/index.html HTTP/1.1"
2421	2024/01/19 10:28:07	"GET /uv248fip248inf210/activity_conceptual_modeling.html HTTP/1.1"
2434	2024/01/19 10:28:22	"GET /uv248fip248inf210/practice_schema_xml.html HTTP/1.1"
2420	2024/01/19 10:29:13	"GET /uv248fip248inf210/lecture_normalization.html HTTP/1.1"
2412	2024/01/19 10:29:46	"GET /uv248fip248inf210/activity_conceptual_modeling_advanced.html HTTP/1.1"
2411	2024/01/19 10:29:53	"GET /uv248fip248inf210/activity_conceptual_modeling.html HTTP/1.1"
2412	2024/01/19 10:30:06	"GET /uv248fip248inf210/activity_conceptual_modeling_advanced_correction.html HTTP/1.1"
2442	2024/01/19 10:30:34	"GET /uv248fip248inf210/lecture_modeling_normalization.html HTTP/1.1"
2418	2024/01/19 10:30:43	"GET /uv248fip248inf210/activity_conceptual_modeling.html HTTP/1.1"
2423	2024/01/19 10:30:54	"GET /uv248fip248inf210/activity_relational_model_correction.html HTTP/1.1"
2436	2024/01/19 10:30:58	"GET /uv248fip248inf210/index.html HTTP/1.1"
2436	2024/01/19 10:31:02	"GET /uv248fip248inf210/technical_environment_home.html HTTP/1.1"
2436	2024/01/19 10:31:13	"GET /uv248fip248inf210/documentation_programming.html HTTP/1.1"
2436	2024/01/19 10:31:22	"GET /uv248fip248inf210/web_architecture_home.html HTTP/1.1"
246	2024/01/19 10:31:53	"GET /uv248fip248inf210/images/web_architecture/prerequisite_archiweb/prerequisite_archiweb.html HTTP/1.1"
246	2024/01/19 10:32:03	"GET /uv248fip248inf210/lecture_dto.html HTTP/1.1"
246	2024/01/19 10:32:10	"GET /uv248fip248inf210/lecture_json.html HTTP/1.1"
246	2024/01/19 10:32:20	"GET /uv248fip248inf210/practice_json.html HTTP/1.1"
2431	2024/01/19 10:32:21	"GET /uv248fip248inf210/practice_xml.html HTTP/1.1"
2416	2024/01/19 10:32:21	"GET /uv248fip248inf210/lecture_json.html HTTP/1.1"
2416	2024/01/19 10:32:54	"GET /uv248fip248inf210/practice_json.html HTTP/1.1"
2444	2024/01/19 10:33:13	"GET /uv248fip248inf210/practice_sql.html HTTP/1.1"
2438	2024/01/19 10:35:46	"GET /uv248fip248inf210/images/technical_environment/prerequisite_techenv/prerequisite_techenv.html HTTP/1.1"
2438	2024/01/19 10:35:57	"GET /uv248fip248inf210/web_architecture_home.html HTTP/1.1"
2438	2024/01/19 10:35:59	"GET /uv248fip248inf210/images/web_architecture/prerequisite_archiweb/prerequisite_archiweb.html HTTP/1.1"
2438	2024/01/19 10:36:02	"GET /uv248fip248inf210/practice_jpa.html HTTP/1.1"
2420	2024/01/19 10:37:57	"GET /uv248fip248inf210/activity_conceptual_modeling.html HTTP/1.1"
247	2024/01/19 10:38:08	"GET /uv248fip248inf210/practice_advanced_sql_correction.html HTTP/1.1"
2420	2024/01/19 10:39:06	"GET /uv248fip248inf210/activity_conceptual_modeling_correction.html HTTP/1.1"
2420	2024/01/19 10:39:57	"GET /uv248fip248inf210/activity_normalization.html HTTP/1.1"
2425	2024/01/19 10:40:22	"GET /uv248fip248inf210/practice_transaction.html HTTP/1.1"
2434	2024/01/19 10:40:39	"GET /uv248fip248inf210/practice_xpath.html HTTP/1.1"
2439	2024/01/19 10:41:35	"GET /uv248fip248inf210/activity_decomposition_correction.html HTTP/1.1"
2425	2024/01/19 10:41:40	"GET /uv248fip248inf210/documentation_rdbms.html HTTP/1.1"
2434	2024/01/19 10:42:41	"GET /uv248fip248inf210/practice_apis.html HTTP/1.1"
2418	2024/01/19 10:54:54	"GET /uv248fip248inf210/activity_conceptual_modeling_correction.html HTTP/1.1"
2418	2024/01/19 10:55:23	"GET /uv248fip248inf210/activity_normalization.html HTTP/1.1"
2418	2024/01/19 10:57:03	"GET /uv248fip248inf210/lecture_conceptual_modeling.html HTTP/1.1"
2418	2024/01/19 10:57:10	"GET /uv248fip248inf210/lecture_modeling_normalization.html HTTP/1.1"
2442	2024/01/19 10:57:12	"GET /uv248fip248inf210/lecture_conceptual_modeling.html HTTP/1.1"
2418	2024/01/19 10:57:13	"GET /uv248fip248inf210/lecture_normalization.html HTTP/1.1"
2418	2024/01/19 11:02:55	"GET /uv248fip248inf210/activity_decomposition.html HTTP/1.1"
2422	2024/01/19 11:05:27	"GET /uv248fip248inf210/web_architecture_home.html HTTP/1.1"
2427	2024/01/19 11:05:27	"GET /uv248fip248inf210/images/web_architecture/prerequisite_archiweb/prerequisite_archiweb.html HTTP/1.1"
2422	2024/01/19 11:05:34	"GET /uv248fip248inf210/lecture_xml.html HTTP/1.1"
2427	2024/01/19 11:05:46	"GET /uv248fip248inf210/lecture_technical_architecture.html HTTP/1.1"
2442	2024/01/19 11:06:04	"GET /uv248fip248inf210/activity_conceptual_modeling.html HTTP/1.1"
2422	2024/01/19 11:06:13	"GET /uv248fip248inf210/practice_xml.html HTTP/1.1"
2422	2024/01/19 11:06:22	"GET /uv248fip248inf210/practice_schema_xml.html HTTP/1.1"
2422	2024/01/19 11:06:45	"GET /uv248fip248inf210/practice_xpath.html HTTP/1.1"
2422	2024/01/19 11:07:06	"GET /uv248fip248inf210/lecture_json.html HTTP/1.1"
2438	2024/01/19 11:07:57	"GET /uv248fip248inf210/lecture_jpa.html HTTP/1.1"
2422	2024/01/19 11:07:58	"GET /uv248fip248inf210/lecture_jaxb.html HTTP/1.1"
2426	2024/01/19 11:09:05	"GET /uv248fip248inf210/lecture_normalization.html HTTP/1.1"
2411	2024/01/19 11:09:21	"GET /uv248fip248inf210/activity_conceptual_modeling_correction.html HTTP/1.1"
2418	2024/01/19 11:13:30	"GET /uv248fip248inf210/activity_sql.html HTTP/1.1"
246	2024/01/19 11:14:14	"GET /uv248fip248inf210/lecture_mvc_spring.html HTTP/1.1"
246	2024/01/19 11:14:17	"GET /uv248fip248inf210/lecture_jpa.html HTTP/1.1"
246	2024/01/19 11:14:20	"GET /uv248fip248inf210/practice_spring_2tiers.html HTTP/1.1"
2418	2024/01/19 11:15:30	"GET /uv248fip248inf210/practice_sql.html HTTP/1.1"
2411	2024/01/19 11:17:42	"GET /uv248fip248inf210/index.html HTTP/1.1"
2411	2024/01/19 11:17:45	"GET /uv248fip248inf210/data_home.html HTTP/1.1"
2411	2024/01/19 11:17:52	"GET /uv248fip248inf210/images/data/prerequisite_data/prerequisite_data.html HTTP/1.1"
2411	2024/01/19 11:17:53	"GET /uv248fip248inf210/activity_conceptual_modeling_advanced.html HTTP/1.1"
2411	2024/01/19 11:18:07	"GET /uv248fip248inf210/lecture_normalization.html HTTP/1.1"
2442	2024/01/19 11:18:48	"GET /uv248fip248inf210/activity_conceptual_modeling_correction.html HTTP/1.1"
2412	2024/01/19 11:19:01	"GET /uv248fip248inf210/index.html HTTP/1.1"
2412	2024/01/19 11:19:04	"GET /uv248fip248inf210/project_home.html HTTP/1.1"
2413	2024/01/19 11:19:53	"GET /uv248fip248inf210/lecture_jpa.html HTTP/1.1"
2419	2024/01/19 11:19:57	"GET /uv248fip248inf210/lecture_software_architecture.html HTTP/1.1"
2444	2024/01/19 11:20:02	"GET /uv248fip248inf210/web_architecture_home.html HTTP/1.1"
2444	2024/01/19 11:20:05	"GET /uv248fip248inf210/data_home.html HTTP/1.1"
2444	2024/01/19 11:20:07	"GET /uv248fip248inf210/practice_sql.html HTTP/1.1"
2439	2024/01/19 11:20:27	"GET /uv248fip248inf210/activity_sql.html HTTP/1.1"
2434	2024/01/19 11:22:12	"GET /uv248fip248inf210/lecture_json.html HTTP/1.1"
2434	2024/01/19 11:22:17	"GET /uv248fip248inf210/practice_json.html HTTP/1.1"
2442	2024/01/19 11:22:19	"GET /uv248fip248inf210/lecture_normalization.html HTTP/1.1"
2418	2024/01/19 11:23:43	"GET /uv248fip248inf210/activity_sql.html HTTP/1.1"
2411	2024/01/19 11:24:50	"GET /uv248fip248inf210/lecture_relation_model.html HTTP/1.1"
2440	2024/01/19 11:24:53	"GET /uv248fip248inf210/lecture_validity.html HTTP/1.1"
2411	2024/01/19 11:24:54	"GET /uv248fip248inf210/lecture_sql.html HTTP/1.1"
2440	2024/01/19 11:25:17	"GET /uv248fip248inf210/lecture_validity.html HTTP/1.1"
2418	2024/01/19 11:26:21	"GET /uv248fip248inf210/activity_sql.html HTTP/1.1"
2435	2024/01/19 11:26:40	"GET /uv248fip248inf210/lecture_dto.html HTTP/1.1"
2435	2024/01/19 11:26:42	"GET /uv248fip248inf210/lecture_jaxb.html HTTP/1.1"
2435	2024/01/19 11:26:44	"GET /uv248fip248inf210/lecture_parser.html HTTP/1.1"
2435	2024/01/19 11:26:50	"GET /uv248fip248inf210/lecture_json.html HTTP/1.1"
2435	2024/01/19 11:26:55	"GET /uv248fip248inf210/practice_json.html HTTP/1.1"
2423	2024/01/19 11:26:57	"GET /uv248fip248inf210/lecture_independence_views.html HTTP/1.1"
2412	2024/01/19 11:27:07	"GET /uv248fip248inf210/index.html HTTP/1.1"
246	2024/01/19 11:27:09	"GET /uv248fip248inf210/lecture_xml.html HTTP/1.1"
2412	2024/01/19 11:27:10	"GET /uv248fip248inf210/data_home.html HTTP/1.1"
2426	2024/01/19 11:27:56	"GET /uv248fip248inf210/lecture_independence_views.html HTTP/1.1"
2427	2024/01/19 11:29:01	"GET /uv248fip248inf210/lecture_software_architecture.html HTTP/1.1"
2434	2024/01/19 11:29:32	"GET /uv248fip248inf210/practice_json.html HTTP/1.1"
2446	2024/01/19 11:31:42	"GET /uv248fip248inf210/lecture_validity.html HTTP/1.1"
2446	2024/01/19 11:31:55	"GET /uv248fip248inf210/practice_xml.html HTTP/1.1"
2421	2024/01/19 11:32:18	"GET /uv248fip248inf210/activity_normalization.html HTTP/1.1"
2417	2024/01/19 11:32:21	"GET /uv248fip248inf210/lecture_validity.html HTTP/1.1"
2410	2024/01/19 11:33:06	"GET /uv248fip248inf210/index.html HTTP/1.1"
2417	2024/01/19 11:33:08	"GET /uv248fip248inf210/practice_xml.html HTTP/1.1"
2410	2024/01/19 11:33:11	"GET /uv248fip248inf210/project_home.html HTTP/1.1"
2410	2024/01/19 11:33:23	"GET /uv248fip248inf210/project_part1.html HTTP/1.1"
2410	2024/01/19 11:33:29	"GET /uv248fip248inf210/project_presentation.html HTTP/1.1"
2410	2024/01/19 11:33:44	"GET /uv248fip248inf210/project_specifications.html HTTP/1.1"
2449	2024/01/19 11:33:57	"GET /uv248fip248inf210/lecture_conceptual_modeling.html HTTP/1.1"
2444	2024/01/19 11:33:59	"GET /uv248fip248inf210/technical_environment_home.html HTTP/1.1"
2444	2024/01/19 11:34:02	"GET /uv248fip248inf210/practice_docker.html HTTP/1.1"
2440	2024/01/19 11:34:09	"GET /uv248fip248inf210/index.html HTTP/1.1"
2440	2024/01/19 11:34:15	"GET /uv248fip248inf210/web_architecture_home.html HTTP/1.1"
2410	2024/01/19 11:34:19	"GET /uv248fip248inf210/project_part4.html HTTP/1.1"
2410	2024/01/19 11:34:22	"GET /uv248fip248inf210/fproject_part3.html HTTP/1.1"
2440	2024/01/19 11:34:27	"GET /uv248fip248inf210/images/web_architecture/prerequisite_archiweb/prerequisite_archiweb.html HTTP/1.1"
2410	2024/01/19 11:34:28	"GET /uv248fip248inf210/project_part2.html HTTP/1.1"
2418	2024/01/19 11:34:51	"GET /uv248fip248inf210/lecture_transaction.html HTTP/1.1"
2442	2024/01/19 11:35:15	"GET /uv248fip248inf210/index.html HTTP/1.1"
2410	2024/01/19 11:35:16	"GET /uv248fip248inf210/bd_cours_mor_generalites.html HTTP/1.1"
2442	2024/01/19 11:35:28	"GET /uv248fip248inf210/project_home.html HTTP/1.1"
246	2024/01/19 11:35:42	"GET /uv248fip248inf210/lecture_validity.html HTTP/1.1"
2418	2024/01/19 11:35:49	"GET /uv248fip248inf210/practice_transaction.html HTTP/1.1"
2442	2024/01/19 11:35:51	"GET /uv248fip248inf210/project_part1.html HTTP/1.1"
2426	2024/01/19 11:36:01	"GET /uv248fip248inf210/activity_conceptual_modeling.html HTTP/1.1"
246	2024/01/19 11:36:15	"GET /uv248fip248inf210/practice_xml.html HTTP/1.1"
2427	2024/01/19 11:36:33	"GET /uv248fip248inf210/lecture_mvc_spring.html HTTP/1.1"
2442	2024/01/19 11:37:37	"GET /uv248fip248inf210/lecture_sql.html HTTP/1.1"
2444	2024/01/19 11:38:18	"GET /uv248fip248inf210/practice_postgresql.html HTTP/1.1"
2425	2024/01/19 11:38:25	"GET /uv248fip248inf210/practice_transaction_correction.html HTTP/1.1"
2426	2024/01/19 11:41:25	"GET /uv248fip248inf210/activity_conceptual_modeling_correction.html HTTP/1.1"
241	2024/01/19 11:41:35	"GET /uv248fip248inf210/lecture_transaction.html HTTP/1.1"
2422	2024/01/19 11:43:00	"GET /uv248fip248inf210/practice_json.html HTTP/1.1"
2429	2024/01/19 11:43:07	"GET /uv248fip248inf210/web_architecture_home.html HTTP/1.1"
2412	2024/01/19 11:43:23	"GET /uv248fip248inf210/project_evaluation.html HTTP/1.1"
2431	2024/01/19 11:43:37	"GET /uv248fip248inf210/lecture_software_architecture.html HTTP/1.1"
2426	2024/01/19 11:46:10	"GET /uv248fip248inf210/activity_conceptual_modeling_advanced.html HTTP/1.1"
2426	2024/01/19 11:47:05	"GET /uv248fip248inf210/activity_conceptual_modeling_advanced_correction.html HTTP/1.1"
2421	2024/01/19 11:47:20	"GET /uv248fip248inf210/activity_sql.html HTTP/1.1"
2427	2024/01/19 11:47:20	"GET /uv248fip248inf210/lecture_jpa.html HTTP/1.1"
2429	2024/01/19 11:47:23	"GET /uv248fip248inf210/web_architecture_home.html HTTP/1.1"
2426	2024/01/19 11:47:59	"GET /uv248fip248inf210/activity_normalization.html HTTP/1.1"
2429	2024/01/19 11:49:28	"GET /uv248fip248inf210/practice_xml.html HTTP/1.1"
2411	2024/01/19 11:50:46	"GET /uv248fip248inf210/activity_normalization.html HTTP/1.1"
2434	2024/01/19 11:51:52	"GET /uv248fip248inf210/index.html HTTP/1.1"
2434	2024/01/19 11:51:55	"GET /uv248fip248inf210/data_home.html HTTP/1.1"
2434	2024/01/19 11:51:56	"GET /uv248fip248inf210/lecture_relational_model.html HTTP/1.1"
2434	2024/01/19 11:52:27	"GET /uv248fip248inf210/web_architecture_home.html HTTP/1.1"
2434	2024/01/19 11:52:30	"GET /uv248fip248inf210/project_home.html HTTP/1.1"
2434	2024/01/19 11:52:33	"GET /uv248fip248inf210/technical_environment_home.html HTTP/1.1"
2434	2024/01/19 11:52:47	"GET /uv248fip248inf210/lecture_technical_architecture.html HTTP/1.1"
2434	2024/01/19 11:52:49	"GET /uv248fip248inf210/lecture_software_architecture.html HTTP/1.1"
2442	2024/01/19 11:53:34	"GET /uv248fip248inf210/activity_normalization.html HTTP/1.1"
2440	2024/01/19 11:53:38	"GET /uv248fip248inf210/lecture_json.html HTTP/1.1"
2419	2024/01/19 11:53:38	"GET /uv248fip248inf210/lecture_jpa.html HTTP/1.1"
2412	2024/01/19 11:54:12	"GET /uv248fip248inf210/activity_decomposition.html HTTP/1.1"
2412	2024/01/19 11:54:36	"GET /uv248fip248inf210/activity_decomposition_correction.html HTTP/1.1"
2440	2024/01/19 11:55:02	"GET /uv248fip248inf210/lecture_dto.html HTTP/1.1"
2440	2024/01/19 11:55:43	"GET /uv248fip248inf210/practice_json.html HTTP/1.1"
241	2024/01/19 12:00:20	"GET /uv248fip248inf210/lecture_isolation.html HTTP/1.1"
2442	2024/01/19 12:01:14	"GET /uv248fip248inf210/activity_normalization_correction.html HTTP/1.1"
241	2024/01/19 12:01:55	"GET /uv248fip248inf210/lecture_indexation.html HTTP/1.1"
2415	2024/01/19 12:02:45	"GET /uv248fip248inf210/practice_spring_2tiers.html HTTP/1.1"
2421	2024/01/19 12:03:57	"GET /uv248fip248inf210/project_home.html HTTP/1.1"
2421	2024/01/19 12:04:04	"GET /uv248fip248inf210/project_part1.html HTTP/1.1"
2430	2024/01/19 12:04:17	"GET /uv248fip248inf210/lecture_dto.html HTTP/1.1"
2429	2024/01/19 12:04:19	"GET /uv248fip248inf210/lecture_parser.html HTTP/1.1"
2429	2024/01/19 12:04:31	"GET /uv248fip248inf210/lecture_xpath.html HTTP/1.1"
2429	2024/01/19 12:04:35	"GET /uv248fip248inf210/lecture_validity.html HTTP/1.1"
2439	2024/01/19 12:05:51	"GET /uv248fip248inf210/practice_sql.html HTTP/1.1"
241	2024/01/19 12:06:04	"GET /uv248fip248inf210/practice_transaction.html HTTP/1.1"
2431	2024/01/19 12:06:15	"GET /uv248fip248inf210/lecture_mvc_spring.html HTTP/1.1"
2418	2024/01/19 12:06:40	"GET /uv248fip248inf210/practice_transaction_correction.html HTTP/1.1"
2416	2024/01/19 12:06:59	"GET /uv248fip248inf210/lecture_validity.html HTTP/1.1"
2416	2024/01/19 12:07:32	"GET /uv248fip248inf210/data_home.html HTTP/1.1"
2416	2024/01/19 12:07:42	"GET /uv248fip248inf210/activity_decomposition.html HTTP/1.1"
2416	2024/01/19 12:08:38	"GET /uv248fip248inf210/practice_transaction.html HTTP/1.1"
2439	2024/01/19 12:08:39	"GET /uv248fip248inf210/index.html HTTP/1.1"
2430	2024/01/19 12:10:34	"GET /uv248fip248inf210/lecture_xml.html HTTP/1.1"
2420	2024/01/19 13:48:50	"GET /uv248fip248inf210/practice_spring_2tiers.html HTTP/1.1"
2425	2024/08/27 19:23:02	"GET /uv248fip248inf210/index.html HTTP/1.1"
2440	2024/01/11 07:59:08	"GET /uv248fip248inf210/technical_environment_home.html HTTP/1.1"
2440	2024/01/11 07:59:25	"GET /uv248fip248inf210/images/technical_environment/prerequisite_techenv/prerequisite_techenv.html HTTP/1.1"
2440	2024/01/11 07:59:27	"GET /uv248fip248inf210/documentation_programming.html HTTP/1.1"
2410	2024/01/11 07:59:32	"GET /uv248fip248inf210/practice_docker.html HTTP/1.1"
2410	2024/01/11 07:59:36	"GET /uv248fip248inf210/documentation_programming.html HTTP/1.1"
2426	2024/01/11 08:00:00	"GET /uv248fip248inf210/images/technical_environment/prerequisite_techenv/prerequisite_techenv.html HTTP/1.1"
2426	2024/01/11 08:00:04	"GET /uv248fip248inf210/documentation_programming.html HTTP/1.1"
2425	2024/01/11 08:00:17	"GET /uv248fip248inf210/practice_docker.html HTTP/1.1"
2413	2024/01/11 08:00:29	"GET /uv248fip248inf210/technical_environment_home.html HTTP/1.1"
2413	2024/01/11 08:00:37	"GET /uv248fip248inf210/images/technical_environment/prerequisite_techenv/prerequisite_techenv.html HTTP/1.1"
2413	2024/01/11 08:00:38	"GET /uv248fip248inf210/documentation_programming.html HTTP/1.1"
2412	2024/01/11 08:00:40	"GET /uv248fip248inf210/technical_environment_home.html HTTP/1.1"
245	2024/01/11 08:00:44	"GET /uv248fip248inf210/practice_docker.html HTTP/1.1"
2412	2024/01/11 08:00:45	"GET /uv248fip248inf210/practice_postgresql.html HTTP/1.1"
2412	2024/01/11 08:00:59	"GET /uv248fip248inf210/practice_docker.html HTTP/1.1"
2442	2024/01/11 08:01:00	"GET /uv248fip248inf210/technical_environment_home.html HTTP/1.1"
2442	2024/01/11 08:01:09	"GET /uv248fip248inf210/images/technical_environment/prerequisite_techenv/prerequisite_techenv.html HTTP/1.1"
2426	2024/01/11 08:01:14	"GET /uv248fip248inf210/images/technical_environment/prerequisite_techenv/prerequisite_techenv.html HTTP/1.1"
2442	2024/01/11 08:01:14	"GET /uv248fip248inf210/practice_spring.html HTTP/1.1"
2446	2024/01/11 08:01:24	"GET /uv248fip248inf210/documentation_programming.html HTTP/1.1"
249	2024/01/11 08:01:33	"GET /uv248fip248inf210/web_architecture_home.html HTTP/1.1"
2423	2024/01/11 08:01:34	"GET /uv248fip248inf210/technical_environment_home.html HTTP/1.1"
2440	2024/01/11 08:01:42	"GET /uv248fip248inf210/inversion_of_control.html HTTP/1.1"
249	2024/01/11 08:01:46	"GET /uv248fip248inf210/lecture_technical_architecture.html HTTP/1.1"
249	2024/01/11 08:01:48	"GET /uv248fip248inf210/lecture_jpa.html HTTP/1.1"
2423	2024/01/11 08:02:05	"GET /uv248fip248inf210/images/technical_environment/prerequisite_techenv/prerequisite_techenv.html HTTP/1.1"
2423	2024/01/11 08:02:09	"GET /uv248fip248inf210/documentation_docker.html HTTP/1.1"
2410	2024/01/11 08:03:31	"GET /uv248fip248inf210/practice_spring.html HTTP/1.1"
249	2024/01/11 08:03:33	"GET /uv248fip248inf210/practice_jpa.html HTTP/1.1"
249	2024/01/11 08:03:53	"GET /uv248fip248inf210/technical_environment_home.html HTTP/1.1"
249	2024/01/11 08:04:04	"GET /uv248fip248inf210/data_home.html HTTP/1.1"
249	2024/01/11 08:04:07	"GET /uv248fip248inf210/project_home.html HTTP/1.1"
249	2024/01/11 08:04:17	"GET /uv248fip248inf210/project_presentation.html HTTP/1.1"
2412	2024/01/11 08:04:20	"GET /uv248fip248inf210/practice_postgresql.html HTTP/1.1"
249	2024/01/11 08:04:21	"GET /uv248fip248inf210/project_presentation.html HTTP/1.1"
2414	2024/01/11 08:04:25	"GET /uv248fip248inf210/images/technical_environment/prerequisite_techenv/prerequisite_techenv.html HTTP/1.1"
2414	2024/01/11 08:04:34	"GET /uv248fip248inf210/documentation_programming.html HTTP/1.1"
2413	2024/01/11 08:04:35	"GET /uv248fip248inf210/images/technical_environment/prerequisite_techenv/prerequisite_techenv.html HTTP/1.1"
2420	2024/01/11 08:04:36	"GET /uv248fip248inf210/technical_environment_home.html HTTP/1.1"
2415	2024/01/11 08:04:37	"GET /uv248fip248inf210/images/technical_environment/prerequisite_techenv/prerequisite_techenv.html HTTP/1.1"
2413	2024/01/11 08:04:39	"GET /uv248fip248inf210/practice_spring.html HTTP/1.1"
2420	2024/01/11 08:04:39	"GET /uv248fip248inf210/practice_docker.html HTTP/1.1"
241	2024/01/11 08:04:40	"GET /uv248fip248inf210/spring_bean.html HTTP/1.1"
2415	2024/01/11 08:04:41	"GET /uv248fip248inf210/practice_spring.html HTTP/1.1"
2415	2024/01/11 08:05:21	"GET /uv248fip248inf210/index.html HTTP/1.1"
2415	2024/01/11 08:05:28	"GET /uv248fip248inf210/technical_environment_home.html HTTP/1.1"
2412	2024/01/11 08:05:44	"GET /uv248fip248inf210/practice_postgresql.html HTTP/1.1"
247	2024/01/11 08:05:50	"GET /uv248fip248inf210/data_home.html HTTP/1.1"
247	2024/01/11 08:05:56	"GET /uv248fip248inf210/technical_environment_home.html HTTP/1.1"
2412	2024/01/11 08:05:59	"GET /uv248fip248inf210/practice_postgresql.html HTTP/1.1"
2412	2024/01/11 08:06:05	"GET /uv248fip248inf210/practice_postgresql.html HTTP/1.1"
247	2024/01/11 08:06:06	"GET /uv248fip248inf210/practice_postgresql.html HTTP/1.1"
2417	2024/01/11 08:06:12	"GET /uv248fip248inf210/documentation_programming.html HTTP/1.1"
247	2024/01/11 08:06:17	"GET /uv248fip248inf210/documentation_programming.html HTTP/1.1"
2418	2024/01/11 08:06:33	"GET /uv248fip248inf210/data_home.html HTTP/1.1"
2418	2024/01/11 08:06:39	"GET /uv248fip248inf210/technical_environment_home.html HTTP/1.1"
2418	2024/01/11 08:06:43	"GET /uv248fip248inf210/practice_postgresql.html HTTP/1.1"
2418	2024/01/11 08:06:58	"GET /uv248fip248inf210/documentation_programming.html HTTP/1.1"
2417	2024/01/11 08:07:02	"GET /uv248fip248inf210/practice_spring.html HTTP/1.1"
2418	2024/01/11 08:07:03	"GET /uv248fip248inf210/practice_spring.html HTTP/1.1"
2437	2024/01/11 08:07:11	"GET /uv248fip248inf210/technical_environment_home.html HTTP/1.1"
2412	2024/01/11 08:07:30	"GET /uv248fip248inf210/practice_postgresql.html HTTP/1.1"
2444	2024/01/11 08:07:38	"GET /uv248fip248inf210/technical_environment_home.html HTTP/1.1"
2437	2024/01/11 08:07:49	"GET /uv248fip248inf210/practice_docker_advanced.html HTTP/1.1"
2437	2024/01/11 08:07:50	"GET /uv248fip248inf210/practice_docker.html HTTP/1.1"
2444	2024/01/11 08:07:53	"GET /uv248fip248inf210/practice_spring.html HTTP/1.1"
241	2024/01/11 08:08:17	"GET /uv248fip248inf210/documentation_programming.html HTTP/1.1"
2412	2024/01/11 08:08:21	"GET /uv248fip248inf210/practice_docker.html HTTP/1.1"
241	2024/01/11 08:08:39	"GET /uv248fip248inf210/inversion_of_control.html HTTP/1.1"
2435	2024/01/11 08:08:51	"GET /uv248fip248inf210/technical_environment_home.html HTTP/1.1"
2414	2024/01/11 08:08:55	"GET /uv248fip248inf210/practice_spring.html HTTP/1.1"
2414	2024/01/11 08:08:58	"GET /uv248fip248inf210/practice_spring.html HTTP/1.1"
2412	2024/01/11 08:09:09	"GET /uv248fip248inf210/practice_docker_advanced.html HTTP/1.1"
2414	2024/01/11 08:09:18	"GET /uv248fip248inf210/technical_environment_home.html HTTP/1.1"
2435	2024/01/11 08:09:28	"GET /uv248fip248inf210/documentation_docker.html HTTP/1.1"
2412	2024/01/11 08:09:30	"GET /uv248fip248inf210/documentation_si.html HTTP/1.1"
2412	2024/01/11 08:09:36	"GET /uv248fip248inf210/documentation_rdbms.html HTTP/1.1"
2412	2024/01/11 08:09:42	"GET /uv248fip248inf210/practice_postgresql.html HTTP/1.1"
2438	2024/01/11 08:10:05	"GET /uv248fip248inf210/technical_environment_home.html HTTP/1.1"
2435	2024/01/11 08:10:17	"GET /uv248fip248inf210/practice_docker.html HTTP/1.1"
2438	2024/01/11 08:10:27	"GET /uv248fip248inf210/documentation_programming.html HTTP/1.1"
2430	2024/01/11 08:10:28	"GET /uv248fip248inf210/technical_environment_home.html HTTP/1.1"
2446	2024/01/11 08:10:38	"GET /uv248fip248inf210/practice_spring.html HTTP/1.1"
2435	2024/01/11 08:10:59	"GET /uv248fip248inf210/technical_environment_home.html HTTP/1.1"
2438	2024/01/11 08:11:09	"GET /uv248fip248inf210/practice_spring.html HTTP/1.1"
2421	2024/01/11 08:11:10	"GET /uv248fip248inf210/technical_environment_home.html HTTP/1.1"
2421	2024/01/11 08:11:12	"GET /uv248fip248inf210/practice_docker.html HTTP/1.1"
2449	2024/01/11 08:11:21	"GET /uv248fip248inf210/practice_docker.html HTTP/1.1"
2437	2024/01/11 08:11:24	"GET /uv248fip248inf210/documentation_si.html HTTP/1.1"
2410	2024/01/11 08:11:25	"GET /uv248fip248inf210/documentation_programming.html HTTP/1.1"
2410	2024/01/11 08:11:29	"GET /uv248fip248inf210/practice_spring.html HTTP/1.1"
246	2024/01/11 08:11:40	"GET /uv248fip248inf210/technical_environment_home.html HTTP/1.1"
2445	2024/01/11 08:11:54	"GET /uv248fip248inf210/technical_environment_home.html HTTP/1.1"
2445	2024/01/11 08:11:58	"GET /uv248fip248inf210/documentation_docker.html HTTP/1.1"
241	2024/01/11 08:12:03	"GET /uv248fip248inf210/spring_bean.html HTTP/1.1"
2436	2024/01/11 08:12:08	"GET /uv248fip248inf210/technical_environment_home.html HTTP/1.1"
2436	2024/01/11 08:12:18	"GET /uv248fip248inf210/images/technical_environment/prerequisite_techenv/prerequisite_techenv.html HTTP/1.1"
2412	2024/01/11 08:12:19	"GET /uv248fip248inf210/documentation_programming.html HTTP/1.1"
2436	2024/01/11 08:12:20	"GET /uv248fip248inf210/documentation_programming.html HTTP/1.1"
2415	2024/01/11 08:12:22	"GET /uv248fip248inf210/images/technical_environment/prerequisite_techenv/prerequisite_techenv.html HTTP/1.1"
2415	2024/01/11 08:12:23	"GET /uv248fip248inf210/practice_spring.html HTTP/1.1"
2436	2024/01/11 08:12:25	"GET /uv248fip248inf210/practice_spring.html HTTP/1.1"
2430	2024/01/11 08:12:26	"GET /uv248fip248inf210/documentation_si.html HTTP/1.1"
2430	2024/01/11 08:12:30	"GET /uv248fip248inf210/practice_docker_advanced.html HTTP/1.1"
2431	2024/01/11 08:12:41	"GET /uv248fip248inf210/technical_environment_home.html HTTP/1.1"
2431	2024/01/11 08:12:43	"GET /uv248fip248inf210/images/technical_environment/prerequisite_techenv/prerequisite_techenv.html HTTP/1.1"
2431	2024/01/11 08:12:48	"GET /uv248fip248inf210/documentation_programming.html HTTP/1.1"
2433	2024/01/11 08:12:58	"GET /uv248fip248inf210/technical_environment_home.html HTTP/1.1"
2433	2024/01/11 08:13:04	"GET /uv248fip248inf210/practice_docker_advanced.html HTTP/1.1"
2446	2024/01/11 08:13:40	"GET /uv248fip248inf210/documentation_programming.html HTTP/1.1"
2412	2024/01/11 08:13:50	"GET /uv248fip248inf210/practice_spring.html HTTP/1.1"
2433	2024/01/11 08:13:56	"GET /uv248fip248inf210/documentation_docker.html HTTP/1.1"
2434	2024/01/11 08:14:02	"GET /uv248fip248inf210/project_home.html HTTP/1.1"
2434	2024/01/11 08:14:06	"GET /uv248fip248inf210/data_home.html HTTP/1.1"
2434	2024/01/11 08:14:17	"GET /uv248fip248inf210/technical_environment_home.html HTTP/1.1"
2434	2024/01/11 08:14:21	"GET /uv248fip248inf210/practice_spring.html HTTP/1.1"
241	2024/01/11 08:14:27	"GET /uv248fip248inf210/inversion_of_control.html HTTP/1.1"
2437	2024/01/11 08:15:28	"GET /uv248fip248inf210/documentation_rdbms.html HTTP/1.1"
2437	2024/01/11 08:15:46	"GET /uv248fip248inf210/practice_postgresql.html HTTP/1.1"
2440	2024/01/11 08:16:00	"GET /uv248fip248inf210/images/technical_environment/prerequisite_techenv/prerequisite_techenv.html HTTP/1.1"
249	2024/01/11 08:16:00	"GET /uv248fip248inf210/project_part1.html HTTP/1.1"
2440	2024/01/11 08:16:03	"GET /uv248fip248inf210/technical_environment_home.html HTTP/1.1"
2410	2024/01/11 08:16:12	"GET /uv248fip248inf210/practice_spring.html HTTP/1.1"
247	2024/01/11 08:17:20	"GET /uv248fip248inf210/inversion_of_control.html HTTP/1.1"
2430	2024/01/11 08:17:34	"GET /uv248fip248inf210/practice_postgresql.html HTTP/1.1"
2423	2024/01/11 08:17:34	"GET /uv248fip248inf210/images/technical_environment/prerequisite_techenv/prerequisite_techenv.html HTTP/1.1"
2441	2024/01/11 08:17:38	"GET /uv248fip248inf210/technical_environment_home.html HTTP/1.1"
2423	2024/01/11 08:17:40	"GET /uv248fip248inf210/practice_docker.html HTTP/1.1"
2441	2024/01/11 08:17:43	"GET /uv248fip248inf210/practice_docker.html HTTP/1.1"
2430	2024/01/11 08:17:55	"GET /uv248fip248inf210/documentation_programming.html HTTP/1.1"
249	2024/01/11 08:18:13	"GET /uv248fip248inf210/practice_jpa.html HTTP/1.1"
2433	2024/01/11 08:18:47	"GET /uv248fip248inf210/practice_docker.html HTTP/1.1"
2435	2024/01/11 08:19:11	"GET /uv248fip248inf210/technical_environment_home.html HTTP/1.1"
2435	2024/01/11 08:19:13	"GET /uv248fip248inf210/practice_docker.html HTTP/1.1"
2429	2024/01/11 08:19:16	"GET /uv248fip248inf210/web_architecture_home.html HTTP/1.1"
2429	2024/01/11 08:19:35	"GET /uv248fip248inf210/lecture_mvc_spring.html HTTP/1.1"
2435	2024/01/11 08:19:38	"GET /uv248fip248inf210/practice_docker_advanced.html HTTP/1.1"
2435	2024/01/11 08:19:53	"GET /uv248fip248inf210/documentation_si.html HTTP/1.1"
2423	2024/01/11 08:20:19	"GET /uv248fip248inf210/images/technical_environment/prerequisite_techenv/prerequisite_techenv.html HTTP/1.1"
2423	2024/01/11 08:20:21	"GET /uv248fip248inf210/documentation_si.html HTTP/1.1"
2429	2024/01/11 08:20:27	"GET /uv248fip248inf210/lecture_jpa.html HTTP/1.1"
2423	2024/01/11 08:20:34	"GET /uv248fip248inf210/documentation_programming.html HTTP/1.1"
2429	2024/01/11 08:20:43	"GET /uv248fip248inf210/practice_jpa.html HTTP/1.1"
2413	2024/01/11 08:20:47	"GET /uv248fip248inf210/images/technical_environment/prerequisite_techenv/prerequisite_techenv.html HTTP/1.1"
2413	2024/01/11 08:20:52	"GET /uv248fip248inf210/practice_spring.html HTTP/1.1"
2423	2024/01/11 08:21:18	"GET /uv248fip248inf210/practice_spring.html HTTP/1.1"
2445	2024/01/11 08:21:25	"GET /uv248fip248inf210/practice_docker.html HTTP/1.1"
2443	2024/01/11 08:21:27	"GET /uv248fip248inf210/technical_environment_home.html HTTP/1.1"
2410	2024/01/11 08:21:40	"GET /uv248fip248inf210/inversion_of_control.html HTTP/1.1"
2446	2024/01/11 08:21:42	"GET /uv248fip248inf210/practice_spring.html HTTP/1.1"
2423	2024/01/11 08:22:00	"GET /uv248fip248inf210/inversion_of_control.html HTTP/1.1"
2430	2024/01/11 08:22:02	"GET /uv248fip248inf210/inversion_of_control.html HTTP/1.1"
2429	2024/01/11 08:22:34	"GET /uv248fip248inf210/lecture_technical_architecture.html HTTP/1.1"
2422	2024/01/11 08:22:37	"GET /uv248fip248inf210/technical_environment_home.html HTTP/1.1"
2429	2024/01/11 08:22:39	"GET /uv248fip248inf210/lecture_software_architecture.html HTTP/1.1"
2422	2024/01/11 08:22:41	"GET /uv248fip248inf210/documentation_programming.html HTTP/1.1"
2411	2024/01/11 08:22:53	"GET /uv248fip248inf210/web_architecture_home.html HTTP/1.1"
2411	2024/01/11 08:22:56	"GET /uv248fip248inf210/images/web_architecture/prerequisite_archiweb/prerequisite_archiweb.html HTTP/1.1"
2414	2024/01/11 08:23:16	"GET /uv248fip248inf210/inversion_of_control.html HTTP/1.1"
2414	2024/01/11 08:23:18	"GET /uv248fip248inf210/spring_bean.html HTTP/1.1"
2429	2024/01/11 08:23:19	"GET /uv248fip248inf210/lecture_mvc_spring.html HTTP/1.1"
2429	2024/01/11 08:23:20	"GET /uv248fip248inf210/web_architecture_home.html HTTP/1.1"
2429	2024/01/11 08:23:35	"GET /uv248fip248inf210/technical_environment_home.html HTTP/1.1"
2434	2024/01/11 08:23:46	"GET /uv248fip248inf210/practice_spring.html HTTP/1.1"
249	2024/01/11 08:23:52	"GET /uv248fip248inf210/technical_environment_home.html HTTP/1.1"
2411	2024/01/11 08:23:54	"GET /uv248fip248inf210/lecture_technical_architecture.html HTTP/1.1"
249	2024/01/11 08:24:02	"GET /uv248fip248inf210/web_architecture_home.html HTTP/1.1"
2429	2024/01/11 08:24:04	"GET /uv248fip248inf210/documentation_programming.html HTTP/1.1"
249	2024/01/11 08:24:06	"GET /uv248fip248inf210/lecture_jpa.html HTTP/1.1"
249	2024/01/11 08:24:06	"GET /uv248fip248inf210/lecture_mvc_spring.html HTTP/1.1"
2422	2024/01/11 08:25:09	"GET /uv248fip248inf210/inversion_of_control.html HTTP/1.1"
2442	2024/01/11 08:25:10	"GET /uv248fip248inf210/index.html HTTP/1.1"
2442	2024/01/11 08:25:21	"GET /uv248fip248inf210/data_home.html HTTP/1.1"
2421	2024/01/11 08:25:44	"GET /uv248fip248inf210/practice_docker_advanced.html HTTP/1.1"
2442	2024/01/11 08:25:45	"GET /uv248fip248inf210/web_architecture_home.html HTTP/1.1"
2421	2024/01/11 08:25:46	"GET /uv248fip248inf210/practice_docker.html HTTP/1.1"
2421	2024/01/11 08:25:47	"GET /uv248fip248inf210/documentation_docker.html HTTP/1.1"
2411	2024/01/11 08:25:48	"GET /uv248fip248inf210/lecture_software_architecture.html HTTP/1.1"
2437	2024/01/11 08:26:06	"GET /uv248fip248inf210/index.html HTTP/1.1"
2437	2024/01/11 08:26:16	"GET /uv248fip248inf210/technical_environment_home.html HTTP/1.1"
2437	2024/01/11 08:26:19	"GET /uv248fip248inf210/practice_docker.html HTTP/1.1"
2439	2024/01/11 08:27:26	"GET /uv248fip248inf210/technical_environment_home.html HTTP/1.1"
2429	2024/01/11 08:27:39	"GET /uv248fip248inf210/practice_spring.html HTTP/1.1"
241	2024/01/11 08:27:43	"GET /uv248fip248inf210/spring_bean.html HTTP/1.1"
241	2024/01/11 08:27:44	"GET /uv248fip248inf210/practice_spring.html HTTP/1.1"
2439	2024/01/11 08:27:55	"GET /uv248fip248inf210/web_architecture_home.html HTTP/1.1"
2422	2024/01/11 08:28:32	"GET /uv248fip248inf210/spring_bean.html HTTP/1.1"
2444	2024/01/11 08:28:33	"GET /uv248fip248inf210/technical_environment_home.html HTTP/1.1"
2442	2024/01/11 08:28:36	"GET /uv248fip248inf210/images/web_architecture/prerequisite_archiweb/prerequisite_archiweb.html HTTP/1.1"
2442	2024/01/11 08:29:02	"GET /uv248fip248inf210/lecture_technical_architecture.html HTTP/1.1"
247	2024/01/11 08:29:10	"GET /uv248fip248inf210/spring_bean.html HTTP/1.1"
2444	2024/01/11 08:29:27	"GET /uv248fip248inf210/documentation_docker.html HTTP/1.1"
2422	2024/01/11 08:29:30	"GET /uv248fip248inf210/practice_spring.html HTTP/1.1"
2411	2024/01/11 08:30:29	"GET /uv248fip248inf210/lecture_mvc_spring.html HTTP/1.1"
2411	2024/01/11 08:30:39	"GET /uv248fip248inf210/lecture_software_architecture.html HTTP/1.1"
2431	2024/01/11 08:31:13	"GET /uv248fip248inf210/practice_spring.html HTTP/1.1"
2439	2024/01/11 08:31:28	"GET /uv248fip248inf210/documentation_docker.html HTTP/1.1"
247	2024/01/11 08:31:59	"GET /uv248fip248inf210/practice_spring.html HTTP/1.1"
2444	2024/01/11 08:32:14	"GET /uv248fip248inf210/practice_docker.html HTTP/1.1"
2443	2024/01/11 08:32:22	"GET /uv248fip248inf210/index.html HTTP/1.1"
2443	2024/01/11 08:32:27	"GET /uv248fip248inf210/technical_environment_home.html HTTP/1.1"
2440	2024/01/11 08:32:33	"GET /uv248fip248inf210/images/technical_environment/prerequisite_techenv/prerequisite_techenv.html HTTP/1.1"
2440	2024/01/11 08:32:35	"GET /uv248fip248inf210/documentation_programming.html HTTP/1.1"
2429	2024/01/11 08:32:42	"GET /uv248fip248inf210/technical_environment_home.html HTTP/1.1"
2423	2024/01/11 08:33:58	"GET /uv248fip248inf210/web_architecture_home.html HTTP/1.1"
2426	2024/01/11 08:33:58	"GET /uv248fip248inf210/technical_environment_home.html HTTP/1.1"
2440	2024/01/11 08:34:13	"GET /uv248fip248inf210/technical_environment_home.html HTTP/1.1"
2444	2024/01/11 08:34:17	"GET /uv248fip248inf210/documentation_si.html HTTP/1.1"
2440	2024/01/11 08:34:19	"GET /uv248fip248inf210/practice_spring.html HTTP/1.1"
2429	2024/01/11 08:34:43	"GET /uv248fip248inf210/documentation_programming.html HTTP/1.1"
2429	2024/01/11 08:34:51	"GET /uv248fip248inf210/inversion_of_control.html HTTP/1.1"
2435	2024/01/11 08:35:08	"GET /uv248fip248inf210/documentation_rdbms.html HTTP/1.1"
2420	2024/01/11 08:35:58	"GET /uv248fip248inf210/practice_docker_advanced.html HTTP/1.1"
2444	2024/01/11 08:36:04	"GET /uv248fip248inf210/documentation_rdbms.html HTTP/1.1"
2444	2024/01/11 08:37:43	"GET /uv248fip248inf210/documentation_programming.html HTTP/1.1"
2410	2024/01/11 08:37:45	"GET /uv248fip248inf210/index.html HTTP/1.1"
2410	2024/01/11 08:37:52	"GET /uv248fip248inf210/web_architecture_home.html HTTP/1.1"
2430	2024/01/11 08:37:56	"GET /uv248fip248inf210/inversion_of_control.html HTTP/1.1"
2410	2024/01/11 08:37:56	"GET /uv248fip248inf210/images/web_architecture/prerequisite_archiweb/prerequisite_archiweb.html HTTP/1.1"
2414	2024/01/11 08:38:00	"GET /uv248fip248inf210/inversion_of_control.html HTTP/1.1"
2436	2024/01/11 08:38:06	"GET /uv248fip248inf210/practice_spring.html HTTP/1.1"
2437	2024/01/11 08:38:35	"GET /uv248fip248inf210/documentation_programming.html HTTP/1.1"
2410	2024/01/11 08:39:00	"GET /uv248fip248inf210/lecture_technical_architecture.html HTTP/1.1"
2430	2024/01/11 08:39:21	"GET /uv248fip248inf210/spring_bean.html HTTP/1.1"
2444	2024/01/11 08:39:41	"GET /uv248fip248inf210/inversion_of_control.html HTTP/1.1"
2435	2024/01/11 08:40:25	"GET /uv248fip248inf210/practice_postgresql.html HTTP/1.1"
2414	2024/01/11 08:40:48	"GET /uv248fip248inf210/practice_spring.html HTTP/1.1"
2435	2024/01/11 08:40:58	"GET /uv248fip248inf210/documentation_programming.html HTTP/1.1"
2429	2024/01/11 08:40:58	"GET /uv248fip248inf210/practice_spring.html HTTP/1.1"
2418	2024/01/11 08:41:00	"GET /uv248fip248inf210/practice_docker_advanced.html HTTP/1.1"
2435	2024/01/11 08:41:07	"GET /uv248fip248inf210/inversion_of_control.html HTTP/1.1"
2449	2024/01/11 08:42:27	"GET /uv248fip248inf210/practice_docker_advanced.html HTTP/1.1"
2438	2024/01/11 08:42:28	"GET /uv248fip248inf210/documentation_docker.html HTTP/1.1"
2435	2024/01/11 08:42:31	"GET /uv248fip248inf210/documentation_docker.html HTTP/1.1"
2414	2024/01/11 08:42:35	"GET /uv248fip248inf210/technical_environment_home.html HTTP/1.1"
2449	2024/01/11 08:42:38	"GET /uv248fip248inf210/documentation_si.html HTTP/1.1"
2449	2024/01/11 08:42:39	"GET /uv248fip248inf210/practice_postgresql.html HTTP/1.1"
2414	2024/01/11 08:42:43	"GET /uv248fip248inf210/web_architecture_home.html HTTP/1.1"
2414	2024/01/11 08:42:49	"GET /uv248fip248inf210/project_home.html HTTP/1.1"
2449	2024/01/11 08:42:54	"GET /uv248fip248inf210/documentation_programming.html HTTP/1.1"
2414	2024/01/11 08:43:00	"GET /uv248fip248inf210/images/web_architecture/prerequisite_archiweb/prerequisite_archiweb.html HTTP/1.1"
2435	2024/01/11 08:43:00	"GET /uv248fip248inf210/practice_docker.html HTTP/1.1"
2444	2024/01/11 08:43:16	"GET /uv248fip248inf210/spring_bean.html HTTP/1.1"
2435	2024/01/11 08:43:39	"GET /uv248fip248inf210/documentation_si.html HTTP/1.1"
2442	2024/01/11 08:43:57	"GET /uv248fip248inf210/lecture_technical_architecture.html HTTP/1.1"
2441	2024/01/11 08:44:00	"GET /uv248fip248inf210/practice_postgresql.html HTTP/1.1"
2430	2024/01/11 08:44:01	"GET /uv248fip248inf210/practice_spring.html HTTP/1.1"
2418	2024/01/11 08:44:05	"GET /uv248fip248inf210/practice_spring.html HTTP/1.1"
2410	2024/01/11 08:44:08	"GET /uv248fip248inf210/web_architecture_home.html HTTP/1.1"
2438	2024/01/11 08:44:28	"GET /uv248fip248inf210/practice_docker.html HTTP/1.1"
2410	2024/01/11 08:44:34	"GET /uv248fip248inf210/lecture_software_architecture.html HTTP/1.1"
2442	2024/01/11 08:44:41	"GET /uv248fip248inf210/web_architecture_home.html HTTP/1.1"
2442	2024/01/11 08:44:46	"GET /uv248fip248inf210/lecture_software_architecture.html HTTP/1.1"
2421	2024/01/11 08:44:49	"GET /uv248fip248inf210/technical_environment_home.html HTTP/1.1"
2421	2024/01/11 08:44:52	"GET /uv248fip248inf210/practice_docker.html HTTP/1.1"
2439	2024/01/11 08:44:59	"GET /uv248fip248inf210/practice_docker.html HTTP/1.1"
2444	2024/01/11 08:45:05	"GET /uv248fip248inf210/practice_spring.html HTTP/1.1"
2414	2024/01/11 08:46:36	"GET /uv248fip248inf210/lecture_technical_architecture.html HTTP/1.1"
2412	2024/01/11 08:46:46	"GET /uv248fip248inf210/licence.html HTTP/1.1"
2412	2024/01/11 08:46:48	"GET /uv248fip248inf210/index.html HTTP/1.1"
2412	2024/01/11 08:46:51	"GET /uv248fip248inf210/web_architecture_home.html HTTP/1.1"
2412	2024/01/11 08:46:53	"GET /uv248fip248inf210/lecture_technical_architecture.html HTTP/1.1"
2442	2024/01/11 08:47:14	"GET /uv248fip248inf210/lecture_mvc_spring.html HTTP/1.1"
2416	2024/01/11 08:47:22	"GET /uv248fip248inf210/documentation_programming.html HTTP/1.1"
2410	2024/01/11 08:47:28	"GET /uv248fip248inf210/lecture_mvc_spring.html HTTP/1.1"
2437	2024/01/11 08:49:02	"GET /uv248fip248inf210/inversion_of_control.html HTTP/1.1"
2434	2024/01/11 08:49:49	"GET /uv248fip248inf210/index.html HTTP/1.1"
2418	2024/01/11 08:50:06	"GET /uv248fip248inf210/web_architecture_home.html HTTP/1.1"
2434	2024/01/11 08:50:06	"GET /uv248fip248inf210/web_architecture_home.html HTTP/1.1"
2422	2024/01/11 08:50:14	"GET /uv248fip248inf210/practice_postgresql.html HTTP/1.1"
246	2024/01/11 08:50:17	"GET /uv248fip248inf210/index.html HTTP/1.1"
246	2024/01/11 08:50:19	"GET /uv248fip248inf210/web_architecture_home.html HTTP/1.1"
2444	2024/01/11 08:50:20	"GET /uv248fip248inf210/practice_postgresql.html HTTP/1.1"
2418	2024/01/11 08:50:42	"GET /uv248fip248inf210/web_architecture_home.html HTTP/1.1"
2436	2024/01/11 08:50:46	"GET /uv248fip248inf210/technical_environment_home.html HTTP/1.1"
2434	2024/01/11 08:50:59	"GET /uv248fip248inf210/data_home.html HTTP/1.1"
2436	2024/01/11 08:51:01	"GET /uv248fip248inf210/images/technical_environment/prerequisite_techenv/prerequisite_techenv.html HTTP/1.1"
2431	2024/01/11 08:51:25	"GET /uv248fip248inf210/documentation_rdbms.html HTTP/1.1"
2418	2024/01/11 08:51:37	"GET /uv248fip248inf210/web_architecture_home.html HTTP/1.1"
2422	2024/01/11 08:51:54	"GET /uv248fip248inf210/practice_docker_advanced.html HTTP/1.1"
2434	2024/01/11 08:51:58	"GET /uv248fip248inf210/technical_environment_home.html HTTP/1.1"
2422	2024/01/11 08:52:07	"GET /uv248fip248inf210/practice_docker.html HTTP/1.1"
2422	2024/01/11 08:52:12	"GET /uv248fip248inf210/documentation_docker.html HTTP/1.1"
2431	2024/01/11 08:52:23	"GET /uv248fip248inf210/documentation_si.html HTTP/1.1"
2446	2024/01/11 08:52:39	"GET /uv248fip248inf210/inversion_of_control.html HTTP/1.1"
2446	2024/01/11 08:52:41	"GET /uv248fip248inf210/spring_bean.html HTTP/1.1"
2436	2024/01/11 08:52:47	"GET /uv248fip248inf210/documentation_docker.html HTTP/1.1"
2431	2024/01/11 08:52:50	"GET /uv248fip248inf210/inversion_of_control.html HTTP/1.1"
2410	2024/01/11 08:52:50	"GET /uv248fip248inf210/practice_spring_2tiers.html HTTP/1.1"
2434	2024/01/11 08:52:57	"GET /uv248fip248inf210/lecture_technical_architecture.html HTTP/1.1"
2417	2024/01/11 08:53:38	"GET /uv248fip248inf210/index.html HTTP/1.1"
2446	2024/01/11 08:53:39	"GET /uv248fip248inf210/index.html HTTP/1.1"
2417	2024/01/11 08:53:45	"GET /uv248fip248inf210/web_architecture_home.html HTTP/1.1"
2446	2024/01/11 08:53:53	"GET /uv248fip248inf210/web_architecture_home.html HTTP/1.1"
2417	2024/01/11 08:54:11	"GET /uv248fip248inf210/data_home.html HTTP/1.1"
2417	2024/01/11 08:54:39	"GET /uv248fip248inf210/lecture_technical_architecture.html HTTP/1.1"
2446	2024/01/11 08:54:42	"GET /uv248fip248inf210/lecture_technical_architecture.html HTTP/1.1"
2414	2024/01/11 08:55:38	"GET /uv248fip248inf210/lecture_technical_architecture.html HTTP/1.1"
2414	2024/01/11 08:55:51	"GET /uv248fip248inf210/lecture_software_architecture.html HTTP/1.1"
2420	2024/01/11 08:56:23	"GET /uv248fip248inf210/practice_postgresql.html HTTP/1.1"
2411	2024/01/11 08:56:27	"GET /uv248fip248inf210/images/web_architecture/prerequisite_archiweb/prerequisite_archiweb.html HTTP/1.1"
2411	2024/01/11 08:56:30	"GET /uv248fip248inf210/lecture_mvc_spring.html HTTP/1.1"
2442	2024/01/11 08:56:56	"GET /uv248fip248inf210/practice_spring_2tiers.html HTTP/1.1"
2443	2024/01/11 08:57:05	"GET /uv248fip248inf210/index.html HTTP/1.1"
2443	2024/01/11 08:57:14	"GET /uv248fip248inf210/web_architecture_home.html HTTP/1.1"
246	2024/01/11 08:57:37	"GET /uv248fip248inf210/lecture_technical_architecture.html HTTP/1.1"
2411	2024/01/11 08:57:38	"GET /uv248fip248inf210/lecture_mvc_spring.html HTTP/1.1"
2443	2024/01/11 08:57:47	"GET /uv248fip248inf210/lecture_technical_architecture.html HTTP/1.1"
246	2024/01/11 08:58:10	"GET /uv248fip248inf210/lecture_mvc_spring.html HTTP/1.1"
2443	2024/01/11 08:58:17	"GET /uv248fip248inf210/lecture_software_architecture.html HTTP/1.1"
2418	2024/01/11 08:58:24	"GET /uv248fip248inf210/lecture_technical_architecture.html HTTP/1.1"
2443	2024/01/11 08:58:34	"GET /uv248fip248inf210/lecture_mvc_spring.html HTTP/1.1"
2441	2024/01/11 08:59:04	"GET /uv248fip248inf210/practice_spring.html HTTP/1.1"
2438	2024/01/11 08:59:07	"GET /uv248fip248inf210/practice_docker.html HTTP/1.1"
2441	2024/01/11 08:59:11	"GET /uv248fip248inf210/practice_postgresql.html HTTP/1.1"
2436	2024/01/11 08:59:16	"GET /uv248fip248inf210/practice_docker.html HTTP/1.1"
2441	2024/01/11 08:59:19	"GET /uv248fip248inf210/documentation_si.html HTTP/1.1"
245	2024/01/11 08:59:49	"GET /uv248fip248inf210/documentation_programming.html HTTP/1.1"
2421	2024/01/11 09:00:23	"GET /uv248fip248inf210/practice_spring.html HTTP/1.1"
2412	2024/01/11 09:00:46	"GET /uv248fip248inf210/lecture_software_architecture.html HTTP/1.1"
245	2024/01/11 09:01:47	"GET /uv248fip248inf210/practice_spring.html HTTP/1.1"
2430	2024/01/11 09:01:58	"GET /uv248fip248inf210/index.html HTTP/1.1"
2430	2024/01/11 09:02:01	"GET /uv248fip248inf210/web_architecture_home.html HTTP/1.1"
245	2024/01/11 09:02:34	"GET /uv248fip248inf210/technical_environment_home.html HTTP/1.1"
2429	2024/01/11 09:02:36	"GET /uv248fip248inf210/practice_postgresql.html HTTP/1.1"
2442	2024/01/11 09:03:43	"GET /uv248fip248inf210/index.html HTTP/1.1"
2442	2024/01/11 09:03:50	"GET /uv248fip248inf210/technical_environment_home.html HTTP/1.1"
2418	2024/01/11 09:03:51	"GET /uv248fip248inf210/lecture_software_architecture.html HTTP/1.1"
2442	2024/01/11 09:03:57	"GET /uv248fip248inf210/documentation_programming.html HTTP/1.1"
2442	2024/01/11 09:04:02	"GET /uv248fip248inf210/practice_spring.html HTTP/1.1"
2442	2024/01/11 09:04:08	"GET /uv248fip248inf210/practice_docker.html HTTP/1.1"
2430	2024/01/11 09:05:07	"GET /uv248fip248inf210/data_home.html HTTP/1.1"
2414	2024/01/11 09:05:37	"GET /uv248fip248inf210/lecture_mvc_spring.html HTTP/1.1"
2414	2024/01/11 09:05:38	"GET /uv248fip248inf210/lecture_jpa.html HTTP/1.1"
2412	2024/01/11 09:05:46	"GET /uv248fip248inf210/lecture_mvc_spring.html HTTP/1.1"
2425	2024/01/11 09:06:10	"GET /uv248fip248inf210/technical_environment_home.html HTTP/1.1"
2443	2024/01/11 09:06:21	"GET /uv248fip248inf210/technical_environment_home.html HTTP/1.1"
2425	2024/01/11 09:06:25	"GET /uv248fip248inf210/practice_postgresql.html HTTP/1.1"
2443	2024/01/11 09:06:27	"GET /uv248fip248inf210/practice_docker.html HTTP/1.1"
2414	2024/01/11 09:06:31	"GET /uv248fip248inf210/lecture_software_architecture.html HTTP/1.1"
2441	2024/01/11 09:07:25	"GET /uv248fip248inf210/documentation_programming.html HTTP/1.1"
2445	2024/01/11 09:07:36	"GET /uv248fip248inf210/practice_docker_advanced.html HTTP/1.1"
2430	2024/01/11 09:08:34	"GET /uv248fip248inf210/lecture_relational_model.html HTTP/1.1"
2433	2024/01/11 09:08:38	"GET /uv248fip248inf210/practice_docker_advanced.html HTTP/1.1"
2412	2024/01/11 09:08:41	"GET /uv248fip248inf210/lecture_jpa.html HTTP/1.1"
2437	2024/01/11 09:09:15	"GET /uv248fip248inf210/spring_bean.html HTTP/1.1"
2441	2024/01/11 09:09:27	"GET /uv248fip248inf210/inversion_of_control.html HTTP/1.1"
245	2024/01/11 09:09:38	"GET /uv248fip248inf210/index.html HTTP/1.1"
2423	2024/01/11 09:09:55	"GET /uv248fip248inf210/documentation_programming.html HTTP/1.1"
2423	2024/01/11 09:10:03	"GET /uv248fip248inf210/practice_spring.html HTTP/1.1"
2418	2024/01/11 09:10:28	"GET /uv248fip248inf210/lecture_mvc_spring.html HTTP/1.1"
2445	2024/01/11 09:10:39	"GET /uv248fip248inf210/documentation_si.html HTTP/1.1"
2445	2024/01/11 09:11:09	"GET /uv248fip248inf210/documentation_rdbms.html HTTP/1.1"
2433	2024/01/11 09:11:13	"GET /uv248fip248inf210/technical_environment_home.html HTTP/1.1"
2433	2024/01/11 09:11:19	"GET /uv248fip248inf210/documentation_si.html HTTP/1.1"
2442	2024/01/11 09:11:21	"GET /uv248fip248inf210/practice_docker.html HTTP/1.1"
2433	2024/01/11 09:11:24	"GET /uv248fip248inf210/practice_postgresql.html HTTP/1.1"
2445	2024/01/11 09:11:24	"GET /uv248fip248inf210/practice_postgresql.html HTTP/1.1"
2437	2024/01/11 09:11:46	"GET /uv248fip248inf210/inversion_of_control.html HTTP/1.1"
2421	2024/01/11 09:12:09	"GET /uv248fip248inf210/practice_postgresql.html HTTP/1.1"
2421	2024/01/11 09:12:16	"GET /uv248fip248inf210/documentation_si.html HTTP/1.1"
245	2024/01/11 09:13:36	"GET /uv248fip248inf210/practice_spring.html HTTP/1.1"
2412	2024/01/11 09:13:39	"GET /uv248fip248inf210/practice_jpa.html HTTP/1.1"
245	2024/01/11 09:13:45	"GET /uv248fip248inf210/technical_environment_home.html HTTP/1.1"
2421	2024/01/11 09:13:52	"GET /uv248fip248inf210/practice_docker_advanced.html HTTP/1.1"
2421	2024/01/11 09:13:55	"GET /uv248fip248inf210/practice_docker.html HTTP/1.1"
2441	2024/01/11 09:14:07	"GET /uv248fip248inf210/spring_bean.html HTTP/1.1"
2430	2024/01/11 09:14:31	"GET /uv248fip248inf210/lecture_db_integrity.html HTTP/1.1"
2422	2024/01/11 09:14:32	"GET /uv248fip248inf210/documentation_docker.html HTTP/1.1"
2422	2024/01/11 09:14:37	"GET /uv248fip248inf210/technical_environment_home.html HTTP/1.1"
2437	2024/01/11 09:15:42	"GET /uv248fip248inf210/practice_spring.html HTTP/1.1"
2439	2024/01/11 09:17:30	"GET /uv248fip248inf210/practice_docker.html HTTP/1.1"
2440	2024/01/11 09:17:36	"GET /uv248fip248inf210/practice_spring.html HTTP/1.1"
2430	2024/01/11 09:24:05	"GET /uv248fip248inf210/lecture_relational_algebra.html HTTP/1.1"
2430	2024/01/11 09:24:13	"GET /uv248fip248inf210/activity_relational_model.html HTTP/1.1"
2430	2024/01/11 09:24:22	"GET /uv248fip248inf210/lecture_modeling_normalization.html HTTP/1.1"
2430	2024/01/11 09:24:23	"GET /uv248fip248inf210/lecture_conceptual_modeling.html HTTP/1.1"
2430	2024/01/11 09:24:30	"GET /uv248fip248inf210/activity_conceptual_modeling_advanced.html HTTP/1.1"
2430	2024/01/11 09:24:44	"GET /uv248fip248inf210/index.html HTTP/1.1"
2430	2024/01/11 09:24:56	"GET /uv248fip248inf210/images/web_architecture/prerequisite_archiweb/prerequisite_archiweb.html HTTP/1.1"
2430	2024/01/11 09:24:57	"GET /uv248fip248inf210/practice_jpa.html HTTP/1.1"
2411	2024/01/11 09:28:30	"GET /uv248fip248inf210/practice_spring_2tiers.html HTTP/1.1"
2430	2024/01/11 09:29:35	"GET /uv248fip248inf210/web_architecture_home.html HTTP/1.1"
2430	2024/01/11 09:30:46	"GET /uv248fip248inf210/lecture_technical_architecture.html HTTP/1.1"
241	2024/01/11 09:31:39	"GET /uv248fip248inf210/technical_environment_home.html HTTP/1.1"
241	2024/01/11 09:32:43	"GET /uv248fip248inf210/documentation_docker.html HTTP/1.1"
241	2024/01/11 09:32:57	"GET /uv248fip248inf210/index.html HTTP/1.1"
241	2024/01/11 09:33:04	"GET /uv248fip248inf210/web_architecture_home.html HTTP/1.1"
2431	2024/01/11 09:34:23	"GET /uv248fip248inf210/spring_bean.html HTTP/1.1"
2430	2024/01/11 09:35:48	"GET /uv248fip248inf210/lecture_software_architecture.html HTTP/1.1"
2440	2024/01/11 09:35:50	"GET /uv248fip248inf210/technical_environment_home.html HTTP/1.1"
2440	2024/01/11 09:35:56	"GET /uv248fip248inf210/images/technical_environment/prerequisite_techenv/prerequisite_techenv.html HTTP/1.1"
2440	2024/01/11 09:35:58	"GET /uv248fip248inf210/practice_postgresql.html HTTP/1.1"
2419	2024/01/11 09:36:39	"GET /uv248fip248inf210/technical_environment_home.html HTTP/1.1"
2425	2024/01/11 09:36:41	"GET /uv248fip248inf210/index.html HTTP/1.1"
2419	2024/01/11 09:36:49	"GET /uv248fip248inf210/documentation_docker.html HTTP/1.1"
2431	2024/01/11 09:38:36	"GET /uv248fip248inf210/practice_docker_advanced.html HTTP/1.1"
2425	2024/01/11 09:39:01	"GET /uv248fip248inf210/web_architecture_home.html HTTP/1.1"
241	2024/01/11 09:39:39	"GET /uv248fip248inf210/lecture_technical_architecture.html HTTP/1.1"
2445	2024/01/11 09:40:20	"GET /uv248fip248inf210/documentation_programming.html HTTP/1.1"
2439	2024/01/11 09:41:15	"GET /uv248fip248inf210/practice_postgresql.html HTTP/1.1"
2449	2024/01/11 09:41:35	"GET /uv248fip248inf210/inversion_of_control.html HTTP/1.1"
2435	2024/01/11 09:41:39	"GET /uv248fip248inf210/technical_environment_home.html HTTP/1.1"
2435	2024/01/11 09:41:51	"GET /uv248fip248inf210/documentation_docker.html HTTP/1.1"
2435	2024/01/11 09:41:52	"GET /uv248fip248inf210/practice_docker_advanced.html HTTP/1.1"
2435	2024/01/11 09:41:53	"GET /uv248fip248inf210/practice_docker.html HTTP/1.1"
2430	2024/01/11 09:45:05	"GET /uv248fip248inf210/lecture_mvc_spring.html HTTP/1.1"
2430	2024/01/11 09:45:06	"GET /uv248fip248inf210/practice_jpa.html HTTP/1.1"
241	2024/01/11 09:47:08	"GET /uv248fip248inf210/lecture_software_architecture.html HTTP/1.1"
2440	2024/01/11 09:47:29	"GET /uv248fip248inf210/practice_docker.html HTTP/1.1"
2415	2024/01/11 09:47:52	"GET /uv248fip248inf210/images/technical_environment/prerequisite_techenv/prerequisite_techenv.html HTTP/1.1"
2415	2024/01/11 09:47:53	"GET /uv248fip248inf210/practice_postgresql.html HTTP/1.1"
2413	2024/01/11 09:48:02	"GET /uv248fip248inf210/images/technical_environment/prerequisite_techenv/prerequisite_techenv.html HTTP/1.1"
2413	2024/01/11 09:48:23	"GET /uv248fip248inf210/practice_postgresql.html HTTP/1.1"
241	2024/01/11 09:49:26	"GET /uv248fip248inf210/lecture_mvc_spring.html HTTP/1.1"
2449	2024/01/11 09:49:39	"GET /uv248fip248inf210/practice_spring.html HTTP/1.1"
2437	2024/01/11 09:49:54	"GET /uv248fip248inf210/index.html HTTP/1.1"
2437	2024/01/11 09:49:58	"GET /uv248fip248inf210/technical_environment_home.html HTTP/1.1"
2419	2024/01/11 09:50:57	"GET /uv248fip248inf210/practice_docker.html HTTP/1.1"
2430	2024/01/11 09:51:39	"GET /uv248fip248inf210/lecture_jpa.html HTTP/1.1"
2433	2024/01/11 09:51:51	"GET /uv248fip248inf210/documentation_programming.html HTTP/1.1"
2445	2024/01/11 09:51:51	"GET /uv248fip248inf210/inversion_of_control.html HTTP/1.1"
2418	2024/01/11 09:52:06	"GET /uv248fip248inf210/lecture_jpa.html HTTP/1.1"
2445	2024/01/11 09:52:59	"GET /uv248fip248inf210/spring_bean.html HTTP/1.1"
249	2024/01/11 09:53:22	"GET /uv248fip248inf210/practice_jpa.html HTTP/1.1"
2445	2024/01/11 09:53:53	"GET /uv248fip248inf210/practice_spring.html HTTP/1.1"
241	2024/01/11 09:54:12	"GET /uv248fip248inf210/lecture_jpa.html HTTP/1.1"
2417	2024/01/11 09:55:40	"GET /uv248fip248inf210/lecture_software_architecture.html HTTP/1.1"
2446	2024/01/11 09:55:41	"GET /uv248fip248inf210/lecture_software_architecture.html HTTP/1.1"
2418	2024/01/11 09:56:53	"GET /uv248fip248inf210/practice_jpa.html HTTP/1.1"
2414	2024/01/11 09:57:20	"GET /uv248fip248inf210/web_architecture_home.html HTTP/1.1"
249	2024/01/11 09:57:25	"GET /uv248fip248inf210/practice_spring_2tiers.html HTTP/1.1"
2414	2024/01/11 09:57:36	"GET /uv248fip248inf210/images/web_architecture/prerequisite_archiweb/prerequisite_archiweb.html HTTP/1.1"
2433	2024/01/11 09:57:40	"GET /uv248fip248inf210/practice_spring.html HTTP/1.1"
2414	2024/01/11 09:57:44	"GET /uv248fip248inf210/lecture_software_architecture.html HTTP/1.1"
2425	2024/01/11 09:58:10	"GET /uv248fip248inf210/index.html HTTP/1.1"
2425	2024/01/11 09:58:37	"GET /uv248fip248inf210/data_home.html HTTP/1.1"
2418	2024/01/11 09:58:59	"GET /uv248fip248inf210/practice_jpa.html HTTP/1.1"
2425	2024/01/11 10:00:27	"GET /uv248fip248inf210/web_architecture_home.html HTTP/1.1"
2415	2024/01/11 10:00:48	"GET /uv248fip248inf210/index.html HTTP/1.1"
2413	2024/01/11 10:01:10	"GET /uv248fip248inf210/images/technical_environment/prerequisite_techenv/prerequisite_techenv.html HTTP/1.1"
2411	2024/01/11 10:01:12	"GET /uv248fip248inf210/practice_spring_2tiers.html HTTP/1.1"
2415	2024/01/11 10:01:31	"GET /uv248fip248inf210/images/technical_environment/prerequisite_techenv/prerequisite_techenv.html HTTP/1.1"
2418	2024/01/11 10:01:39	"GET /uv248fip248inf210/practice_jpa.html HTTP/1.1"
2438	2024/01/11 10:01:44	"GET /uv248fip248inf210/practice_postgresql.html HTTP/1.1"
2438	2024/01/11 10:02:50	"GET /uv248fip248inf210/practice_docker.html HTTP/1.1"
2413	2024/01/11 10:03:39	"GET /uv248fip248inf210/practice_docker_advanced.html HTTP/1.1"
2418	2024/01/11 10:03:52	"GET /uv248fip248inf210/web_architecture_home.html HTTP/1.1"
2434	2024/01/11 10:04:27	"GET /uv248fip248inf210/technical_environment_home.html HTTP/1.1"
2434	2024/01/11 10:04:30	"GET /uv248fip248inf210/index.html HTTP/1.1"
2434	2024/01/11 10:04:31	"GET /uv248fip248inf210/web_architecture_home.html HTTP/1.1"
2434	2024/01/11 10:04:33	"GET /uv248fip248inf210/lecture_technical_architecture.html HTTP/1.1"
2418	2024/01/11 10:04:51	"GET /uv248fip248inf210/practice_jpa.html HTTP/1.1"
2416	2024/01/11 10:05:54	"GET /uv248fip248inf210/inversion_of_control.html HTTP/1.1"
2434	2024/01/11 10:06:23	"GET /uv248fip248inf210/lecture_software_architecture.html HTTP/1.1"
2415	2024/01/11 10:06:29	"GET /uv248fip248inf210/web_architecture_home.html HTTP/1.1"
2417	2024/01/11 10:06:50	"GET /uv248fip248inf210/data_home.html HTTP/1.1"
2439	2024/01/11 10:06:51	"GET /uv248fip248inf210/practice_docker_advanced.html HTTP/1.1"
2417	2024/01/11 10:06:54	"GET /uv248fip248inf210/lecture_relational_model.html HTTP/1.1"
2439	2024/01/11 10:07:06	"GET /uv248fip248inf210/index.html HTTP/1.1"
2439	2024/01/11 10:07:54	"GET /uv248fip248inf210/technical_environment_home.html HTTP/1.1"
2417	2024/01/11 10:08:39	"GET /uv248fip248inf210/web_architecture_home.html HTTP/1.1"
2417	2024/01/11 10:08:47	"GET /uv248fip248inf210/lecture_software_architecture.html HTTP/1.1"
2439	2024/01/11 10:09:25	"GET /uv248fip248inf210/images/technical_environment/prerequisite_techenv/prerequisite_techenv.html HTTP/1.1"
2416	2024/01/11 10:10:10	"GET /uv248fip248inf210/spring_bean.html HTTP/1.1"
2446	2024/01/11 10:10:45	"GET /uv248fip248inf210/lecture_mvc_spring.html HTTP/1.1"
2417	2024/01/11 10:10:47	"GET /uv248fip248inf210/lecture_mvc_spring.html HTTP/1.1"
2438	2024/01/11 10:11:34	"GET /uv248fip248inf210/index.html HTTP/1.1"
2438	2024/01/11 10:11:39	"GET /uv248fip248inf210/technical_environment_home.html HTTP/1.1"
2438	2024/01/11 10:11:40	"GET /uv248fip248inf210/images/technical_environment/prerequisite_techenv/prerequisite_techenv.html HTTP/1.1"
241	2024/01/11 10:12:02	"GET /uv248fip248inf210/practice_jpa_advanced.html HTTP/1.1"
241	2024/01/11 10:12:02	"GET /uv248fip248inf210/practice_jpa.html HTTP/1.1"
2438	2024/01/11 10:12:04	"GET /uv248fip248inf210/documentation_si.html HTTP/1.1"
2438	2024/01/11 10:12:09	"GET /uv248fip248inf210/documentation_rdbms.html HTTP/1.1"
2438	2024/01/11 10:12:17	"GET /uv248fip248inf210/practice_spring.html HTTP/1.1"
247	2024/01/11 10:13:22	"GET /uv248fip248inf210/index.html HTTP/1.1"
2434	2024/01/11 10:14:53	"GET /uv248fip248inf210/lecture_mvc_spring.html HTTP/1.1"
2415	2024/01/11 10:15:23	"GET /uv248fip248inf210/documentation_rdbms.html HTTP/1.1"
247	2024/01/11 10:15:59	"GET /uv248fip248inf210/technical_environment_home.html HTTP/1.1"
247	2024/01/11 10:16:04	"GET /uv248fip248inf210/web_architecture_home.html HTTP/1.1"
2417	2024/01/11 10:17:10	"GET /uv248fip248inf210/lecture_jpa.html HTTP/1.1"
2417	2024/01/11 10:17:30	"GET /uv248fip248inf210/practice_jpa.html HTTP/1.1"
2425	2024/01/11 10:17:50	"GET /uv248fip248inf210/index.html HTTP/1.1"
246	2024/01/11 10:19:08	"GET /uv248fip248inf210/index.html HTTP/1.1"
246	2024/01/11 10:19:16	"GET /uv248fip248inf210/data_home.html HTTP/1.1"
246	2024/01/11 10:19:18	"GET /uv248fip248inf210/images/data/prerequisite_data/prerequisite_data.html HTTP/1.1"
2439	2024/01/11 10:19:19	"GET /uv248fip248inf210/documentation_programming.html HTTP/1.1"
2443	2024/01/11 10:19:26	"GET /uv248fip248inf210/index.html HTTP/1.1"
2443	2024/01/11 10:19:30	"GET /uv248fip248inf210/project_home.html HTTP/1.1"
2439	2024/01/11 10:19:31	"GET /uv248fip248inf210/practice_spring.html HTTP/1.1"
246	2024/01/11 10:20:59	"GET /uv248fip248inf210/web_architecture_home.html HTTP/1.1"
246	2024/01/11 10:21:03	"GET /uv248fip248inf210/images/web_architecture/prerequisite_archiweb/prerequisite_archiweb.html HTTP/1.1"
247	2024/01/11 10:21:30	"GET /uv248fip248inf210/lecture_technical_architecture.html HTTP/1.1"
2419	2024/01/11 10:21:42	"GET /uv248fip248inf210/practice_docker.html HTTP/1.1"
2422	2024/01/11 10:23:05	"GET /uv248fip248inf210/technical_environment_home.html HTTP/1.1"
2449	2024/01/11 10:23:32	"GET /uv248fip248inf210/documentation_si.html HTTP/1.1"
2434	2024/01/11 10:24:07	"GET /uv248fip248inf210/lecture_jpa.html HTTP/1.1"
2412	2024/01/11 10:26:28	"GET /uv248fip248inf210/web_architecture_home.html HTTP/1.1"
2412	2024/01/11 10:26:32	"GET /uv248fip248inf210/lecture_software_architecture.html HTTP/1.1"
2412	2024/01/11 10:26:38	"GET /uv248fip248inf210/lecture_jpa.html HTTP/1.1"
2412	2024/01/11 10:26:42	"GET /uv248fip248inf210/practice_jpa.html HTTP/1.1"
2425	2024/01/11 10:27:51	"GET /uv248fip248inf210/data_home.html HTTP/1.1"
249	2024/01/11 10:27:55	"GET /uv248fip248inf210/index.html HTTP/1.1"
246	2024/01/11 10:28:20	"GET /uv248fip248inf210/lecture_relational_model.html HTTP/1.1"
245	2024/01/11 10:28:26	"GET /uv248fip248inf210/index.html HTTP/1.1"
245	2024/01/11 10:28:34	"GET /uv248fip248inf210/technical_environment_home.html HTTP/1.1"
245	2024/01/11 10:28:53	"GET /uv248fip248inf210/images/technical_environment/prerequisite_techenv/prerequisite_techenv.html HTTP/1.1"
245	2024/01/11 10:28:56	"GET /uv248fip248inf210/documentation_programming.html HTTP/1.1"
2431	2024/01/11 10:29:02	"GET /uv248fip248inf210/practice_docker.html HTTP/1.1"
245	2024/01/11 10:29:05	"GET /uv248fip248inf210/practice_spring.html HTTP/1.1"
245	2024/01/11 10:29:19	"GET /uv248fip248inf210/practice_postgresql.html HTTP/1.1"
2425	2024/01/11 10:29:27	"GET /uv248fip248inf210/lecture_relational_model.html HTTP/1.1"
2443	2024/01/11 10:31:01	"GET /uv248fip248inf210/project_presentation.html HTTP/1.1"
2443	2024/01/11 10:31:27	"GET /uv248fip248inf210/project_specifications.html HTTP/1.1"
2443	2024/01/11 10:31:30	"GET /uv248fip248inf210/project_evaluation.html HTTP/1.1"
2439	2024/01/11 10:31:38	"GET /uv248fip248inf210/practice_spring.html HTTP/1.1"
2418	2024/01/11 10:31:46	"GET /uv248fip248inf210/practice_jpa.html HTTP/1.1"
2418	2024/01/11 10:31:49	"GET /uv248fip248inf210/index.html HTTP/1.1"
2418	2024/01/11 10:31:54	"GET /uv248fip248inf210/technical_environment_home.html HTTP/1.1"
2430	2024/01/11 10:32:07	"GET /uv248fip248inf210/lecture_jpa.html HTTP/1.1"
2430	2024/01/11 10:32:08	"GET /uv248fip248inf210/practice_jpa.html HTTP/1.1"
247	2024/01/11 10:32:37	"GET /uv248fip248inf210/lecture_software_architecture.html HTTP/1.1"
249	2024/01/11 10:33:41	"GET /uv248fip248inf210/data_home.html HTTP/1.1"
245	2024/01/11 10:34:02	"GET /uv248fip248inf210/practice_docker.html HTTP/1.1"
2427	2024/01/11 10:34:57	"GET /uv248fip248inf210/technical_environment_home.html HTTP/1.1"
2436	2024/01/11 10:34:59	"GET /uv248fip248inf210/index.html HTTP/1.1"
2427	2024/01/11 10:35:02	"GET /uv248fip248inf210/documentation_docker.html HTTP/1.1"
2436	2024/01/11 10:35:08	"GET /uv248fip248inf210/technical_environment_home.html HTTP/1.1"
2436	2024/01/11 10:35:10	"GET /uv248fip248inf210/images/technical_environment/prerequisite_techenv/prerequisite_techenv.html HTTP/1.1"
2436	2024/01/11 10:37:00	"GET /uv248fip248inf210/practice_postgresql.html HTTP/1.1"
2444	2024/01/11 10:39:15	"GET /uv248fip248inf210/technical_environment_home.html HTTP/1.1"
249	2024/01/11 10:39:30	"GET /uv248fip248inf210/web_architecture_home.html HTTP/1.1"
249	2024/01/11 10:39:32	"GET /uv248fip248inf210/lecture_technical_architecture.html HTTP/1.1"
249	2024/01/11 10:39:41	"GET /uv248fip248inf210/lecture_software_architecture.html HTTP/1.1"
249	2024/01/11 10:39:51	"GET /uv248fip248inf210/lecture_mvc_spring.html HTTP/1.1"
2417	2024/01/11 10:39:56	"GET /uv248fip248inf210/lecture_jpa.html HTTP/1.1"
2440	2024/01/11 10:41:26	"GET /uv248fip248inf210/practice_spring.html HTTP/1.1"
2439	2024/01/11 10:41:28	"GET /uv248fip248inf210/practice_docker.html HTTP/1.1"
2418	2024/01/11 10:41:31	"GET /uv248fip248inf210/lecture_jpa.html HTTP/1.1"
2440	2024/01/11 10:41:32	"GET /uv248fip248inf210/technical_environment_home.html HTTP/1.1"
2440	2024/01/11 10:41:36	"GET /uv248fip248inf210/images/technical_environment/prerequisite_techenv/prerequisite_techenv.html HTTP/1.1"
2440	2024/01/11 10:41:38	"GET /uv248fip248inf210/practice_postgresql.html HTTP/1.1"
2440	2024/01/11 10:41:55	"GET /uv248fip248inf210/practice_docker.html HTTP/1.1"
2446	2024/01/11 10:42:35	"GET /uv248fip248inf210/lecture_technical_architecture.html HTTP/1.1"
2446	2024/01/11 10:42:39	"GET /uv248fip248inf210/lecture_mvc_spring.html HTTP/1.1"
2425	2024/01/11 10:42:43	"GET /uv248fip248inf210/index.html HTTP/1.1"
2425	2024/01/11 10:42:45	"GET /uv248fip248inf210/lecture_db_integrity.html HTTP/1.1"
2425	2024/01/11 10:43:02	"GET /uv248fip248inf210/lecture_modeling_normalization.html HTTP/1.1"
2418	2024/01/11 10:43:42	"GET /uv248fip248inf210/lecture_jpa.html HTTP/1.1"
2439	2024/01/11 10:44:02	"GET /uv248fip248inf210/practice_spring.html HTTP/1.1"
2434	2024/01/11 10:44:31	"GET /uv248fip248inf210/practice_jpa.html HTTP/1.1"
247	2024/01/11 10:45:37	"GET /uv248fip248inf210/lecture_mvc_spring.html HTTP/1.1"
2436	2024/01/11 10:48:55	"GET /uv248fip248inf210/documentation_rdbms.html HTTP/1.1"
2436	2024/01/11 10:49:19	"GET /uv248fip248inf210/web_architecture_home.html HTTP/1.1"
2436	2024/01/11 10:49:23	"GET /uv248fip248inf210/images/web_architecture/prerequisite_archiweb/prerequisite_archiweb.html HTTP/1.1"
2436	2024/01/11 10:50:51	"GET /uv248fip248inf210/practice_spring.html HTTP/1.1"
2441	2024/01/11 10:59:14	"GET /uv248fip248inf210/index.html HTTP/1.1"
2417	2024/01/11 11:03:57	"GET /uv248fip248inf210/index.html HTTP/1.1"
2417	2024/01/11 11:04:02	"GET /uv248fip248inf210/web_architecture_home.html HTTP/1.1"
2417	2024/01/11 11:04:06	"GET /uv248fip248inf210/lecture_jpa.html HTTP/1.1"
2436	2024/01/11 11:06:04	"GET /uv248fip248inf210/lecture_technical_architecture.html HTTP/1.1"
2417	2024/01/11 11:12:30	"GET /uv248fip248inf210/practice_jpa.html HTTP/1.1"
2426	2024/01/11 11:12:54	"GET /uv248fip248inf210/technical_environment_home.html HTTP/1.1"
2436	2024/01/11 11:15:03	"GET /uv248fip248inf210/lecture_software_architecture.html HTTP/1.1"
2417	2024/01/11 11:18:05	"GET /uv248fip248inf210/practice_jpa.html HTTP/1.1"
2436	2024/01/11 11:21:14	"GET /uv248fip248inf210/index.html HTTP/1.1"
2436	2024/01/11 11:21:18	"GET /uv248fip248inf210/web_architecture_home.html HTTP/1.1"
2436	2024/01/11 11:22:25	"GET /uv248fip248inf210/images/web_architecture/prerequisite_archiweb/prerequisite_archiweb.html HTTP/1.1"
2436	2024/01/11 11:22:33	"GET /uv248fip248inf210/lecture_mvc_spring.html HTTP/1.1"
2417	2024/01/11 11:30:14	"GET /uv248fip248inf210/index.html HTTP/1.1"
2417	2024/01/11 11:30:20	"GET /uv248fip248inf210/technical_environment_home.html HTTP/1.1"
2417	2024/01/11 11:30:26	"GET /uv248fip248inf210/practice_docker.html HTTP/1.1"
2417	2024/01/11 11:41:10	"GET /uv248fip248inf210/web_architecture_home.html HTTP/1.1"
2417	2024/01/11 11:41:17	"GET /uv248fip248inf210/practice_jpa.html HTTP/1.1"
2446	2024/01/11 11:42:29	"GET /uv248fip248inf210/lecture_jpa.html HTTP/1.1"
2434	2024/01/11 11:45:44	"GET /uv248fip248inf210/practice_jpa.html HTTP/1.1"
2434	2024/01/11 11:46:57	"GET /uv248fip248inf210/practice_jpa.html HTTP/1.1"
2434	2024/01/11 11:47:01	"GET /uv248fip248inf210/practice_jpa.html HTTP/1.1"
2446	2024/01/11 11:49:24	"GET /uv248fip248inf210/practice_jpa.html HTTP/1.1"
2434	2024/01/11 11:50:13	"GET /uv248fip248inf210/index.html HTTP/1.1"
2434	2024/01/11 11:50:17	"GET /uv248fip248inf210/data_home.html HTTP/1.1"
2434	2024/01/11 11:50:21	"GET /uv248fip248inf210/web_architecture_home.html HTTP/1.1"
2411	2024/01/11 12:31:50	"GET /uv248fip248inf210/images/web_architecture/prerequisite_archiweb/prerequisite_archiweb.html HTTP/1.1"
2411	2024/01/11 12:31:52	"GET /uv248fip248inf210/lecture_mvc_spring.html HTTP/1.1"
2434	2024/01/11 12:45:51	"GET /uv248fip248inf210/practice_jpa.html HTTP/1.1"
2422	2024/01/11 12:49:39	"GET /uv248fip248inf210/technical_environment_home.html HTTP/1.1"
2434	2024/01/11 12:54:31	"GET /uv248fip248inf210/index.html HTTP/1.1"
247	2024/01/11 12:58:17	"GET /uv248fip248inf210/lecture_jpa.html HTTP/1.1"
247	2024/01/11 12:58:22	"GET /uv248fip248inf210/practice_jpa_advanced.html HTTP/1.1"
2443	2024/01/11 14:22:42	"GET /uv248fip248inf210/index.html HTTP/1.1"
2427	2024/01/11 14:23:34	"GET /uv248fip248inf210/technical_environment_home.html HTTP/1.1"
2427	2024/01/11 14:23:38	"GET /uv248fip248inf210/images/technical_environment/prerequisite_techenv/prerequisite_techenv.html HTTP/1.1"
2427	2024/01/11 14:23:45	"GET /uv248fip248inf210/documentation_docker.html HTTP/1.1"
249	2024/01/11 14:43:48	"GET /uv248fip248inf210/technical_environment_home.html HTTP/1.1"
2427	2024/01/11 14:53:11	"GET /uv248fip248inf210/practice_docker.html HTTP/1.1"
2439	2024/01/11 15:03:47	"GET /uv248fip248inf210/technical_environment_home.html HTTP/1.1"
2439	2024/01/11 15:03:52	"GET /uv248fip248inf210/practice_spring.html HTTP/1.1"
2440	2024/01/11 15:19:05	"GET /uv248fip248inf210/technical_environment_home.html HTTP/1.1"
2440	2024/01/11 15:19:08	"GET /uv248fip248inf210/images/technical_environment/prerequisite_techenv/prerequisite_techenv.html HTTP/1.1"
2440	2024/01/11 15:19:10	"GET /uv248fip248inf210/practice_postgresql.html HTTP/1.1"
2415	2024/01/11 15:19:16	"GET /uv248fip248inf210/index.html HTTP/1.1"
2415	2024/01/11 15:19:49	"GET /uv248fip248inf210/data_home.html HTTP/1.1"
2431	2024/01/11 15:19:50	"GET /uv248fip248inf210/data_home.html HTTP/1.1"
2431	2024/01/11 15:19:53	"GET /uv248fip248inf210/images/data/prerequisite_data/prerequisite_data.html HTTP/1.1"
2415	2024/01/11 15:20:00	"GET /uv248fip248inf210/web_architecture_home.html HTTP/1.1"
2444	2024/01/11 15:20:48	"GET /uv248fip248inf210/web_architecture_home.html HTTP/1.1"
2444	2024/01/11 15:20:58	"GET /uv248fip248inf210/technical_environment_home.html HTTP/1.1"
245	2024/01/11 15:20:58	"GET /uv248fip248inf210/index.html HTTP/1.1"
2444	2024/01/11 15:21:04	"GET /uv248fip248inf210/data_home.html HTTP/1.1"
2439	2024/01/11 15:21:07	"GET /uv248fip248inf210/practice_docker.html HTTP/1.1"
2415	2024/01/11 15:21:49	"GET /uv248fip248inf210/lecture_relational_model.html HTTP/1.1"
2437	2024/01/11 15:21:49	"GET /uv248fip248inf210/index.html HTTP/1.1"
2437	2024/01/11 15:21:56	"GET /uv248fip248inf210/web_architecture_home.html HTTP/1.1"
2437	2024/01/11 15:22:02	"GET /uv248fip248inf210/lecture_technical_architecture.html HTTP/1.1"
2413	2024/01/11 15:22:33	"GET /uv248fip248inf210/index.html HTTP/1.1"
2413	2024/01/11 15:22:37	"GET /uv248fip248inf210/data_home.html HTTP/1.1"
2413	2024/01/11 15:22:41	"GET /uv248fip248inf210/images/data/prerequisite_data/prerequisite_data.html HTTP/1.1"
2413	2024/01/11 15:22:49	"GET /uv248fip248inf210/lecture_relational_model.html HTTP/1.1"
2431	2024/01/11 15:22:57	"GET /uv248fip248inf210/lecture_relational_model.html HTTP/1.1"
2418	2024/01/11 15:23:07	"GET /uv248fip248inf210/web_architecture_home.html HTTP/1.1"
2418	2024/01/11 15:23:11	"GET /uv248fip248inf210/practice_jpa.html HTTP/1.1"
2422	2024/01/11 15:23:13	"GET /uv248fip248inf210/technical_environment_home.html HTTP/1.1"
2422	2024/01/11 15:23:16	"GET /uv248fip248inf210/practice_postgresql.html HTTP/1.1"
2432	2024/01/11 15:24:31	"GET /uv248fip248inf210/technical_environment_home.html HTTP/1.1"
2432	2024/01/11 15:24:34	"GET /uv248fip248inf210/practice_docker.html HTTP/1.1"
2425	2024/01/11 15:24:52	"GET /uv248fip248inf210/practice_docker.html HTTP/1.1"
2425	2024/01/11 15:24:57	"GET /uv248fip248inf210/index.html HTTP/1.1"
2439	2024/01/11 15:25:18	"GET /uv248fip248inf210/practice_spring.html HTTP/1.1"
2433	2024/01/11 15:25:23	"GET /uv248fip248inf210/index.html HTTP/1.1"
2433	2024/01/11 15:25:30	"GET /uv248fip248inf210/web_architecture_home.html HTTP/1.1"
2425	2024/01/11 15:25:36	"GET /uv248fip248inf210/data_home.html HTTP/1.1"
2445	2024/01/11 15:25:37	"GET /uv248fip248inf210/data_home.html HTTP/1.1"
2433	2024/01/11 15:25:43	"GET /uv248fip248inf210/lecture_dto.html HTTP/1.1"
2445	2024/01/11 15:25:44	"GET /uv248fip248inf210/technical_environment_home.html HTTP/1.1"
2425	2024/01/11 15:25:45	"GET /uv248fip248inf210/lecture_modeling_normalization.html HTTP/1.1"
2445	2024/01/11 15:25:47	"GET /uv248fip248inf210/practice_spring.html HTTP/1.1"
2433	2024/01/11 15:25:56	"GET /uv248fip248inf210/data_home.html HTTP/1.1"
2445	2024/01/11 15:25:59	"GET /uv248fip248inf210/documentation_programming.html HTTP/1.1"
2433	2024/01/11 15:26:03	"GET /uv248fip248inf210/lecture_relational_model.html HTTP/1.1"
2445	2024/01/11 15:26:07	"GET /uv248fip248inf210/documentation_docker.html HTTP/1.1"
2425	2024/01/11 15:26:22	"GET /uv248fip248inf210/lecture_db_integrity.html HTTP/1.1"
246	2024/01/11 15:26:32	"GET /uv248fip248inf210/data_home.html HTTP/1.1"
246	2024/01/11 15:26:51	"GET /uv248fip248inf210/lecture_modeling_normalization.html HTTP/1.1"
245	2024/01/11 15:26:59	"GET /uv248fip248inf210/data_home.html HTTP/1.1"
245	2024/01/11 15:27:05	"GET /uv248fip248inf210/images/data/prerequisite_data/prerequisite_data.html HTTP/1.1"
2431	2024/01/11 15:27:44	"GET /uv248fip248inf210/lecture_db_integrity.html HTTP/1.1"
2420	2024/01/11 15:27:47	"GET /uv248fip248inf210/web_architecture_home.html HTTP/1.1"
2423	2024/01/11 15:28:42	"GET /uv248fip248inf210/web_architecture_home.html HTTP/1.1"
2445	2024/01/11 15:28:53	"GET /uv248fip248inf210/index.html HTTP/1.1"
2445	2024/01/11 15:28:58	"GET /uv248fip248inf210/web_architecture_home.html HTTP/1.1"
2423	2024/01/11 15:29:08	"GET /uv248fip248inf210/images/web_architecture/prerequisite_archiweb/prerequisite_archiweb.html HTTP/1.1"
2435	2024/01/11 15:29:10	"GET /uv248fip248inf210/web_architecture_home.html HTTP/1.1"
2423	2024/01/11 15:29:14	"GET /uv248fip248inf210/practice_spring_2tiers.html HTTP/1.1"
2445	2024/01/11 15:29:16	"GET /uv248fip248inf210/project_home.html HTTP/1.1"
2435	2024/01/11 15:29:18	"GET /uv248fip248inf210/technical_environment_home.html HTTP/1.1"
2449	2024/01/11 15:29:21	"GET /uv248fip248inf210/index.html HTTP/1.1"
2435	2024/01/11 15:29:23	"GET /uv248fip248inf210/practice_postgresql.html HTTP/1.1"
2449	2024/01/11 15:29:28	"GET /uv248fip248inf210/web_architecture_home.html HTTP/1.1"
2449	2024/01/11 15:29:32	"GET /uv248fip248inf210/data_home.html HTTP/1.1"
2449	2024/01/11 15:29:48	"GET /uv248fip248inf210/lecture_relational_model.html HTTP/1.1"
2420	2024/01/11 15:31:25	"GET /uv248fip248inf210/lecture_technical_architecture.html HTTP/1.1"
2423	2024/01/11 15:32:00	"GET /uv248fip248inf210/data_home.html HTTP/1.1"
247	2024/01/11 15:32:14	"GET /uv248fip248inf210/practice_jpa_advanced.html HTTP/1.1"
2435	2024/01/11 15:32:30	"GET /uv248fip248inf210/practice_docker.html HTTP/1.1"
2413	2024/01/11 15:32:46	"GET /uv248fip248inf210/lecture_db_integrity.html HTTP/1.1"
249	2024/01/11 15:33:13	"GET /uv248fip248inf210/web_architecture_home.html HTTP/1.1"
2423	2024/01/11 15:33:28	"GET /uv248fip248inf210/lecture_technical_architecture.html HTTP/1.1"
2425	2024/01/11 15:33:28	"GET /uv248fip248inf210/data_home.html HTTP/1.1"
2425	2024/01/11 15:33:31	"GET /uv248fip248inf210/images/data/prerequisite_data/prerequisite_data.html HTTP/1.1"
2425	2024/01/11 15:33:41	"GET /uv248fip248inf210/lecture_conceptual_modeling.html HTTP/1.1"
2415	2024/01/11 15:33:54	"GET /uv248fip248inf210/lecture_db_integrity.html HTTP/1.1"
2423	2024/01/11 15:33:56	"GET /uv248fip248inf210/technical_environment_home.html HTTP/1.1"
2423	2024/01/11 15:34:16	"GET /uv248fip248inf210/practice_docker.html HTTP/1.1"
2435	2024/01/11 15:34:29	"GET /uv248fip248inf210/practice_docker_advanced.html HTTP/1.1"
2439	2024/01/11 15:34:36	"GET /uv248fip248inf210/index.html HTTP/1.1"
2433	2024/01/11 15:34:37	"GET /uv248fip248inf210/lecture_db_integrity.html HTTP/1.1"
2445	2024/01/11 15:34:39	"GET /uv248fip248inf210/project_presentation.html HTTP/1.1"
2429	2024/01/11 15:34:45	"GET /uv248fip248inf210/practice_postgresql.html HTTP/1.1"
2439	2024/01/11 15:34:49	"GET /uv248fip248inf210/web_architecture_home.html HTTP/1.1"
2435	2024/01/11 15:34:58	"GET /uv248fip248inf210/documentation_si.html HTTP/1.1"
2435	2024/01/11 15:35:03	"GET /uv248fip248inf210/documentation_rdbms.html HTTP/1.1"
2427	2024/01/11 15:35:04	"GET /uv248fip248inf210/technical_environment_home.html HTTP/1.1"
2427	2024/01/11 15:35:06	"GET /uv248fip248inf210/images/technical_environment/prerequisite_techenv/prerequisite_techenv.html HTTP/1.1"
2445	2024/01/11 15:35:09	"GET /uv248fip248inf210/lecture_relational_model.html HTTP/1.1"
2439	2024/01/11 15:35:14	"GET /uv248fip248inf210/data_home.html HTTP/1.1"
2431	2024/01/11 15:35:27	"GET /uv248fip248inf210/web_architecture_home.html HTTP/1.1"
2437	2024/01/11 15:35:36	"GET /uv248fip248inf210/project_home.html HTTP/1.1"
2422	2024/01/11 15:35:41	"GET /uv248fip248inf210/index.html HTTP/1.1"
2437	2024/01/11 15:35:47	"GET /uv248fip248inf210/technical_environment_home.html HTTP/1.1"
2446	2024/01/11 15:35:47	"GET /uv248fip248inf210/lecture_jpa.html HTTP/1.1"
2422	2024/01/11 15:35:49	"GET /uv248fip248inf210/web_architecture_home.html HTTP/1.1"
2419	2024/01/11 15:35:49	"GET /uv248fip248inf210/technical_environment_home.html HTTP/1.1"
2446	2024/01/11 15:35:51	"GET /uv248fip248inf210/lecture_mvc_spring.html HTTP/1.1"
2419	2024/01/11 15:35:58	"GET /uv248fip248inf210/practice_docker.html HTTP/1.1"
2439	2024/01/11 15:35:59	"GET /uv248fip248inf210/practice_spring.html HTTP/1.1"
2446	2024/01/11 15:36:00	"GET /uv248fip248inf210/index.html HTTP/1.1"
2446	2024/01/11 15:36:04	"GET /uv248fip248inf210/web_architecture_home.html HTTP/1.1"
2446	2024/01/11 15:36:05	"GET /uv248fip248inf210/images/web_architecture/prerequisite_archiweb/prerequisite_archiweb.html HTTP/1.1"
2443	2024/01/11 15:36:08	"GET /uv248fip248inf210/index.html HTTP/1.1"
2429	2024/01/11 15:36:16	"GET /uv248fip248inf210/index.html HTTP/1.1"
2443	2024/01/11 15:36:18	"GET /uv248fip248inf210/technical_environment_home.html HTTP/1.1"
2435	2024/01/11 15:36:18	"GET /uv248fip248inf210/documentation_docker.html HTTP/1.1"
249	2024/01/11 15:36:22	"GET /uv248fip248inf210/data_home.html HTTP/1.1"
2443	2024/01/11 15:36:22	"GET /uv248fip248inf210/practice_docker.html HTTP/1.1"
2420	2024/01/11 15:36:33	"GET /uv248fip248inf210/lecture_software_architecture.html HTTP/1.1"
249	2024/01/11 15:36:33	"GET /uv248fip248inf210/practice_xml.html HTTP/1.1"
249	2024/01/11 15:36:38	"GET /uv248fip248inf210/practice_spring_2tiers.html HTTP/1.1"
245	2024/01/11 15:36:42	"GET /uv248fip248inf210/lecture_relational_model.html HTTP/1.1"
247	2024/01/11 15:36:48	"GET /uv248fip248inf210/lecture_jpa.html HTTP/1.1"
2429	2024/01/11 15:36:51	"GET /uv248fip248inf210/data_home.html HTTP/1.1"
247	2024/01/11 15:36:57	"GET /uv248fip248inf210/practice_jpa.html HTTP/1.1"
2429	2024/01/11 15:37:02	"GET /uv248fip248inf210/index.html HTTP/1.1"
2446	2024/01/11 15:37:04	"GET /uv248fip248inf210/lecture_technical_architecture.html HTTP/1.1"
2429	2024/01/11 15:37:07	"GET /uv248fip248inf210/technical_environment_home.html HTTP/1.1"
2432	2024/01/11 15:37:24	"GET /uv248fip248inf210/practice_postgresql.html HTTP/1.1"
2437	2024/01/11 15:37:32	"GET /uv248fip248inf210/lecture_software_architecture.html HTTP/1.1"
2417	2024/01/11 15:37:48	"GET /uv248fip248inf210/practice_jpa.html HTTP/1.1"
2422	2024/01/11 15:38:07	"GET /uv248fip248inf210/documentation_rdbms.html HTTP/1.1"
2421	2024/01/11 15:38:08	"GET /uv248fip248inf210/practice_docker_advanced.html HTTP/1.1"
2422	2024/01/11 15:38:19	"GET /uv248fip248inf210/documentation_si.html HTTP/1.1"
2421	2024/01/11 15:38:22	"GET /uv248fip248inf210/index.html HTTP/1.1"
2421	2024/01/11 15:38:25	"GET /uv248fip248inf210/web_architecture_home.html HTTP/1.1"
2421	2024/01/11 15:38:28	"GET /uv248fip248inf210/lecture_technical_architecture.html HTTP/1.1"
2444	2024/01/11 15:38:40	"GET /uv248fip248inf210/lecture_relational_model.html HTTP/1.1"
2440	2024/01/11 15:39:25	"GET /uv248fip248inf210/index.html HTTP/1.1"
2429	2024/01/11 15:39:41	"GET /uv248fip248inf210/web_architecture_home.html HTTP/1.1"
2439	2024/01/11 15:39:43	"GET /uv248fip248inf210/practice_postgresql.html HTTP/1.1"
2427	2024/01/11 15:39:43	"GET /uv248fip248inf210/practice_postgresql.html HTTP/1.1"
2429	2024/01/11 15:39:49	"GET /uv248fip248inf210/lecture_technical_architecture.html HTTP/1.1"
2440	2024/01/11 15:39:50	"GET /uv248fip248inf210/web_architecture_home.html HTTP/1.1"
2415	2024/01/11 15:40:02	"GET /uv248fip248inf210/lecture_relational_algebra.html HTTP/1.1"
2431	2024/01/11 15:40:24	"GET /uv248fip248inf210/activity_sql.html HTTP/1.1"
2440	2024/01/11 15:40:24	"GET /uv248fip248inf210/images/web_architecture/prerequisite_archiweb/prerequisite_archiweb.html HTTP/1.1"
2429	2024/01/11 15:40:57	"GET /uv248fip248inf210/index.html HTTP/1.1"
2429	2024/01/11 15:40:59	"GET /uv248fip248inf210/data_home.html HTTP/1.1"
2429	2024/01/11 15:41:05	"GET /uv248fip248inf210/images/data/prerequisite_data/prerequisite_data.html HTTP/1.1"
247	2024/01/11 15:41:16	"GET /uv248fip248inf210/index.html HTTP/1.1"
2440	2024/01/11 15:41:16	"GET /uv248fip248inf210/lecture_technical_architecture.html HTTP/1.1"
2431	2024/01/11 15:41:18	"GET /uv248fip248inf210/lecture_relational_algebra.html HTTP/1.1"
2437	2024/01/11 15:41:30	"GET /uv248fip248inf210/lecture_mvc_spring.html HTTP/1.1"
2445	2024/01/11 15:41:36	"GET /uv248fip248inf210/lecture_db_integrity.html HTTP/1.1"
2433	2024/01/11 15:41:40	"GET /uv248fip248inf210/lecture_relational_algebra.html HTTP/1.1"
2415	2024/01/11 15:42:12	"GET /uv248fip248inf210/activity_relational_model.html HTTP/1.1"
2413	2024/01/11 15:42:13	"GET /uv248fip248inf210/activity_relational_model.html HTTP/1.1"
2440	2024/01/11 15:42:13	"GET /uv248fip248inf210/lecture_software_architecture.html HTTP/1.1"
2434	2024/01/11 15:42:44	"GET /uv248fip248inf210/web_architecture_home.html HTTP/1.1"
2433	2024/01/11 15:42:49	"GET /uv248fip248inf210/activity_relational_model.html HTTP/1.1"
2434	2024/01/11 15:42:49	"GET /uv248fip248inf210/practice_jpa.html HTTP/1.1"
246	2024/01/11 15:43:06	"GET /uv248fip248inf210/index.html HTTP/1.1"
245	2024/01/11 15:43:12	"GET /uv248fip248inf210/lecture_db_integrity.html HTTP/1.1"
2429	2024/01/11 15:43:22	"GET /uv248fip248inf210/images/web_architecture/prerequisite_archiweb/prerequisite_archiweb.html HTTP/1.1"
2426	2024/01/11 15:43:45	"GET /uv248fip248inf210/documentation_docker.html HTTP/1.1"
2420	2024/01/11 15:43:45	"GET /uv248fip248inf210/lecture_mvc_spring.html HTTP/1.1"
2416	2024/01/11 15:43:47	"GET /uv248fip248inf210/index.html HTTP/1.1"
2431	2024/01/11 15:43:57	"GET /uv248fip248inf210/activity_sql.html HTTP/1.1"
2416	2024/01/11 15:44:00	"GET /uv248fip248inf210/data_home.html HTTP/1.1"
2438	2024/01/11 15:44:08	"GET /uv248fip248inf210/technical_environment_home.html HTTP/1.1"
2445	2024/01/11 15:44:16	"GET /uv248fip248inf210/activity_relational_model.html HTTP/1.1"
2438	2024/01/11 15:44:27	"GET /uv248fip248inf210/index.html HTTP/1.1"
2438	2024/01/11 15:44:34	"GET /uv248fip248inf210/licence.html HTTP/1.1"
2421	2024/01/11 15:44:37	"GET /uv248fip248inf210/lecture_software_architecture.html HTTP/1.1"
246	2024/01/11 15:44:42	"GET /uv248fip248inf210/lecture_conceptual_modeling.html HTTP/1.1"
2422	2024/01/11 15:44:44	"GET /uv248fip248inf210/lecture_technical_architecture.html HTTP/1.1"
2429	2024/01/11 15:45:01	"GET /uv248fip248inf210/lecture_software_architecture.html HTTP/1.1"
2446	2024/01/11 15:45:05	"GET /uv248fip248inf210/lecture_software_architecture.html HTTP/1.1"
2432	2024/01/11 15:45:06	"GET /uv248fip248inf210/practice_spring.html HTTP/1.1"
2432	2024/01/11 15:45:14	"GET /uv248fip248inf210/documentation_programming.html HTTP/1.1"
2432	2024/01/11 15:45:15	"GET /uv248fip248inf210/inversion_of_control.html HTTP/1.1"
2432	2024/01/11 15:45:15	"GET /uv248fip248inf210/spring_bean.html HTTP/1.1"
2432	2024/01/11 15:45:21	"GET /uv248fip248inf210/index.html HTTP/1.1"
2432	2024/01/11 15:45:24	"GET /uv248fip248inf210/web_architecture_home.html HTTP/1.1"
2432	2024/01/11 15:45:30	"GET /uv248fip248inf210/data_home.html HTTP/1.1"
2427	2024/01/11 15:45:35	"GET /uv248fip248inf210/index.html HTTP/1.1"
2432	2024/01/11 15:45:43	"GET /uv248fip248inf210/documentation_docker.html HTTP/1.1"
2438	2024/01/11 15:46:02	"GET /uv248fip248inf210/web_architecture_home.html HTTP/1.1"
2438	2024/01/11 15:46:09	"GET /uv248fip248inf210/images/web_architecture/prerequisite_archiweb/prerequisite_archiweb.html HTTP/1.1"
2441	2024/01/11 15:46:11	"GET /uv248fip248inf210/web_architecture_home.html HTTP/1.1"
2427	2024/01/11 15:46:22	"GET /uv248fip248inf210/data_home.html HTTP/1.1"
2427	2024/01/11 15:46:24	"GET /uv248fip248inf210/images/data/prerequisite_data/prerequisite_data.html HTTP/1.1"
2436	2024/01/11 15:46:38	"GET /uv248fip248inf210/technical_environment_home.html HTTP/1.1"
2436	2024/01/11 15:46:45	"GET /uv248fip248inf210/index.html HTTP/1.1"
2439	2024/01/11 15:47:04	"GET /uv248fip248inf210/practice_spring.html HTTP/1.1"
2436	2024/01/11 15:47:12	"GET /uv248fip248inf210/web_architecture_home.html HTTP/1.1"
2422	2024/01/11 15:47:19	"GET /uv248fip248inf210/lecture_software_architecture.html HTTP/1.1"
2436	2024/01/11 15:47:25	"GET /uv248fip248inf210/images/web_architecture/prerequisite_archiweb/prerequisite_archiweb.html HTTP/1.1"
2422	2024/01/11 15:47:26	"GET /uv248fip248inf210/lecture_mvc_spring.html HTTP/1.1"
2422	2024/01/11 15:47:49	"GET /uv248fip248inf210/lecture_jpa.html HTTP/1.1"
2422	2024/01/11 15:48:02	"GET /uv248fip248inf210/practice_jpa.html HTTP/1.1"
2429	2024/01/11 15:48:06	"GET /uv248fip248inf210/index.html HTTP/1.1"
247	2024/01/11 15:48:30	"GET /uv248fip248inf210/web_architecture_home.html HTTP/1.1"
2436	2024/01/11 15:48:45	"GET /uv248fip248inf210/lecture_dto.html HTTP/1.1"
2449	2024/01/11 15:49:12	"GET /uv248fip248inf210/lecture_db_integrity.html HTTP/1.1"
2444	2024/01/11 15:49:31	"GET /uv248fip248inf210/lecture_db_integrity.html HTTP/1.1"
2443	2024/01/11 15:49:32	"GET /uv248fip248inf210/web_architecture_home.html HTTP/1.1"
2443	2024/01/11 15:49:41	"GET /uv248fip248inf210/data_home.html HTTP/1.1"
2437	2024/01/11 15:49:54	"GET /uv248fip248inf210/lecture_jpa.html HTTP/1.1"
2423	2024/01/11 15:49:56	"GET /uv248fip248inf210/practice_docker_advanced.html HTTP/1.1"
2437	2024/01/11 15:49:58	"GET /uv248fip248inf210/practice_jpa.html HTTP/1.1"
2436	2024/01/11 15:50:04	"GET /uv248fip248inf210/practice_json.html HTTP/1.1"
2438	2024/01/11 15:50:05	"GET /uv248fip248inf210/practice_json.html HTTP/1.1"
2443	2024/01/11 15:50:08	"GET /uv248fip248inf210/lecture_relational_model.html HTTP/1.1"
2433	2024/01/11 15:50:10	"GET /uv248fip248inf210/activity_relational_model.html HTTP/1.1"
2443	2024/01/11 15:50:17	"GET /uv248fip248inf210/lecture_transaction.html HTTP/1.1"
2423	2024/01/11 15:50:24	"GET /uv248fip248inf210/practice_postgresql.html HTTP/1.1"
2443	2024/01/11 15:50:39	"GET /uv248fip248inf210/lecture_isolation.html HTTP/1.1"
2415	2024/01/11 15:50:40	"GET /uv248fip248inf210/technical_environment_home.html HTTP/1.1"
2436	2024/01/11 15:50:42	"GET /uv248fip248inf210/lecture_xml.html HTTP/1.1"
2423	2024/01/11 15:50:47	"GET /uv248fip248inf210/practice_spring.html HTTP/1.1"
2423	2024/01/11 15:50:56	"GET /uv248fip248inf210/index.html HTTP/1.1"
2427	2024/01/11 15:51:16	"GET /uv248fip248inf210/lecture_db_integrity.html HTTP/1.1"
2420	2024/01/11 15:51:19	"GET /uv248fip248inf210/lecture_jpa.html HTTP/1.1"
2443	2024/01/11 15:51:33	"GET /uv248fip248inf210/lecture_mvc_spring.html HTTP/1.1"
2443	2024/01/11 15:52:05	"GET /uv248fip248inf210/lecture_jpa.html HTTP/1.1"
2429	2024/01/11 15:52:15	"GET /uv248fip248inf210/practice_spring_2tiers.html HTTP/1.1"
2443	2024/01/11 15:52:18	"GET /uv248fip248inf210/practice_jpa.html HTTP/1.1"
2431	2024/01/11 15:52:38	"GET /uv248fip248inf210/activity_sql_correction.html HTTP/1.1"
2425	2024/01/11 15:52:40	"GET /uv248fip248inf210/lecture_normalization.html HTTP/1.1"
2446	2024/01/11 15:53:30	"GET /uv248fip248inf210/practice_jpa.html HTTP/1.1"
245	2024/01/11 15:54:02	"GET /uv248fip248inf210/activity_sql.html HTTP/1.1"
245	2024/01/11 15:54:27	"GET /uv248fip248inf210/lecture_relational_algebra.html HTTP/1.1"
2440	2024/01/11 15:54:53	"GET /uv248fip248inf210/lecture_mvc_spring.html HTTP/1.1"
2449	2024/01/11 15:55:20	"GET /uv248fip248inf210/lecture_relational_algebra.html HTTP/1.1"
2446	2024/01/11 15:56:00	"GET /uv248fip248inf210/practice_jpa.html HTTP/1.1"
2446	2024/01/11 15:56:03	"GET /uv248fip248inf210/practice_jpa.html HTTP/1.1"
2439	2024/01/11 15:56:09	"GET /uv248fip248inf210/documentation_si.html HTTP/1.1"
2446	2024/01/11 15:56:09	"GET /uv248fip248inf210/practice_jpa.html HTTP/1.1"
2446	2024/01/11 15:56:10	"GET /uv248fip248inf210/practice_jpa.html HTTP/1.1"
2446	2024/01/11 15:56:12	"GET /uv248fip248inf210/practice_jpa.html HTTP/1.1"
2439	2024/01/11 15:56:15	"GET /uv248fip248inf210/documentation_rdbms.html HTTP/1.1"
2439	2024/01/11 15:56:21	"GET /uv248fip248inf210/practice_postgresql.html HTTP/1.1"
2442	2024/01/11 15:56:27	"GET /uv248fip248inf210/web_architecture_home.html HTTP/1.1"
2442	2024/01/11 15:56:29	"GET /uv248fip248inf210/images/web_architecture/prerequisite_archiweb/prerequisite_archiweb.html HTTP/1.1"
2442	2024/01/11 15:56:33	"GET /uv248fip248inf210/practice_spring_2tiers.html HTTP/1.1"
246	2024/01/11 15:56:39	"GET /uv248fip248inf210/web_architecture_home.html HTTP/1.1"
246	2024/01/11 15:56:46	"GET /uv248fip248inf210/lecture_mvc_spring.html HTTP/1.1"
246	2024/01/11 15:56:48	"GET /uv248fip248inf210/practice_jpa.html HTTP/1.1"
246	2024/01/11 15:57:05	"GET /uv248fip248inf210/activity_sql.html HTTP/1.1"
2427	2024/01/11 15:57:36	"GET /uv248fip248inf210/activity_relational_model.html HTTP/1.1"
2444	2024/01/11 15:57:57	"GET /uv248fip248inf210/lecture_relational_algebra.html HTTP/1.1"
2444	2024/01/11 15:58:27	"GET /uv248fip248inf210/activity_relational_model.html HTTP/1.1"
2437	2024/01/11 15:58:52	"GET /uv248fip248inf210/images/technical_environment/prerequisite_techenv/prerequisite_techenv.html HTTP/1.1"
2419	2024/01/11 15:59:09	"GET /uv248fip248inf210/practice_docker_advanced.html HTTP/1.1"
2420	2024/01/11 15:59:12	"GET /uv248fip248inf210/practice_jpa.html HTTP/1.1"
2419	2024/01/11 15:59:21	"GET /uv248fip248inf210/documentation_programming.html HTTP/1.1"
2419	2024/01/11 15:59:26	"GET /uv248fip248inf210/inversion_of_control.html HTTP/1.1"
2419	2024/01/11 15:59:28	"GET /uv248fip248inf210/practice_spring.html HTTP/1.1"
2443	2024/01/11 16:00:33	"GET /uv248fip248inf210/practice_spring.html HTTP/1.1"
2413	2024/01/11 16:00:36	"GET /uv248fip248inf210/activity_relational_model_correction.html HTTP/1.1"
2426	2024/01/11 16:04:56	"GET /uv248fip248inf210/practice_docker.html HTTP/1.1"
246	2024/01/11 16:05:17	"GET /uv248fip248inf210/images/data/prerequisite_data/prerequisite_data.html HTTP/1.1"
246	2024/01/11 16:05:20	"GET /uv248fip248inf210/activity_conceptual_modeling.html HTTP/1.1"
2425	2024/01/11 16:05:26	"GET /uv248fip248inf210/activity_conceptual_modeling.html HTTP/1.1"
2440	2024/01/11 16:05:34	"GET /uv248fip248inf210/images/technical_environment/prerequisite_techenv/prerequisite_techenv.html HTTP/1.1"
2440	2024/01/11 16:05:36	"GET /uv248fip248inf210/practice_spring.html HTTP/1.1"
2425	2024/01/11 16:06:07	"GET /uv248fip248inf210/activity_conceptual_modeling.html HTTP/1.1"
2425	2024/01/11 16:06:09	"GET /uv248fip248inf210/activity_conceptual_modeling.html HTTP/1.1"
2425	2024/01/11 16:06:24	"GET /uv248fip248inf210/activity_conceptual_modeling.html HTTP/1.1"
2425	2024/01/11 16:06:41	"GET /uv248fip248inf210/lecture_modeling_normalization.html HTTP/1.1"
2431	2024/01/11 16:06:55	"GET /uv248fip248inf210/practice_sql.html HTTP/1.1"
2431	2024/01/11 16:09:51	"GET /uv248fip248inf210/technical_environment_home.html HTTP/1.1"
2431	2024/01/11 16:09:53	"GET /uv248fip248inf210/images/technical_environment/prerequisite_techenv/prerequisite_techenv.html HTTP/1.1"
241	2024/01/11 16:09:54	"GET /uv248fip248inf210/lecture_jpa.html HTTP/1.1"
2431	2024/01/11 16:09:55	"GET /uv248fip248inf210/practice_docker.html HTTP/1.1"
241	2024/01/11 16:11:17	"GET /uv248fip248inf210/practice_jpa.html HTTP/1.1"
249	2024/01/11 16:11:45	"GET /uv248fip248inf210/web_architecture_home.html HTTP/1.1"
2443	2024/01/11 16:12:04	"GET /uv248fip248inf210/practice_spring_2tiers.html HTTP/1.1"
2445	2024/01/11 16:13:06	"GET /uv248fip248inf210/activity_relational_model_correction.html HTTP/1.1"
2433	2024/01/11 16:13:26	"GET /uv248fip248inf210/activity_relational_model_correction.html HTTP/1.1"
2418	2024/01/11 16:13:55	"GET /uv248fip248inf210/practice_spring_2tiers.html HTTP/1.1"
2413	2024/01/11 16:16:09	"GET /uv248fip248inf210/activity_relational_model.html HTTP/1.1"
2431	2024/01/11 16:16:26	"GET /uv248fip248inf210/practice_sql_correction.html HTTP/1.1"
2437	2024/01/11 16:16:34	"GET /uv248fip248inf210/documentation_programming.html HTTP/1.1"
2437	2024/01/11 16:16:38	"GET /uv248fip248inf210/index.html HTTP/1.1"
2437	2024/01/11 16:16:40	"GET /uv248fip248inf210/web_architecture_home.html HTTP/1.1"
2437	2024/01/11 16:16:45	"GET /uv248fip248inf210/lecture_technical_architecture.html HTTP/1.1"
2415	2024/01/11 16:17:21	"GET /uv248fip248inf210/activity_relational_model_correction.html HTTP/1.1"
2437	2024/01/11 16:21:01	"GET /uv248fip248inf210/practice_docker.html HTTP/1.1"
2415	2024/01/11 16:21:10	"GET /uv248fip248inf210/lecture_modeling_normalization.html HTTP/1.1"
247	2024/01/11 16:21:27	"GET /uv248fip248inf210/practice_jpa.html HTTP/1.1"
2446	2024/01/11 16:21:47	"GET /uv248fip248inf210/practice_spring_2tiers.html HTTP/1.1"
2446	2024/01/11 16:22:40	"GET /uv248fip248inf210/technical_environment_home.html HTTP/1.1"
2446	2024/01/11 16:22:43	"GET /uv248fip248inf210/index.html HTTP/1.1"
2446	2024/01/11 16:22:48	"GET /uv248fip248inf210/web_architecture_home.html HTTP/1.1"
2433	2024/01/11 16:23:10	"GET /uv248fip248inf210/lecture_modeling_normalization.html HTTP/1.1"
2427	2024/01/11 16:27:15	"GET /uv248fip248inf210/activity_relational_model_correction.html HTTP/1.1"
2440	2024/01/11 16:30:28	"GET /uv248fip248inf210/lecture_jpa.html HTTP/1.1"
2436	2024/01/11 16:47:56	"GET /uv248fip248inf210/index.html HTTP/1.1"
2436	2024/01/11 16:48:10	"GET /uv248fip248inf210/technical_environment_home.html HTTP/1.1"
2436	2024/01/11 16:48:13	"GET /uv248fip248inf210/images/technical_environment/prerequisite_techenv/prerequisite_techenv.html HTTP/1.1"
2436	2024/01/11 16:48:14	"GET /uv248fip248inf210/documentation_docker.html HTTP/1.1"
2436	2024/01/11 16:48:26	"GET /uv248fip248inf210/practice_docker.html HTTP/1.1"
2436	2024/01/11 16:48:35	"GET /uv248fip248inf210/index.html HTTP/1.1"
2436	2024/01/11 16:48:37	"GET /uv248fip248inf210/technical_environment_home.html HTTP/1.1"
2436	2024/01/11 16:49:00	"GET /uv248fip248inf210/index.html HTTP/1.1"
2436	2024/01/11 16:49:17	"GET /uv248fip248inf210/technical_environment_home.html HTTP/1.1"
2446	2024/01/11 18:10:10	"GET /uv248fip248inf210/index.html HTTP/1.1"
2446	2024/01/11 18:10:22	"GET /uv248fip248inf210/technical_environment_home.html HTTP/1.1"
2446	2024/01/11 18:10:53	"GET /uv248fip248inf210/practice_spring.html HTTP/1.1"
2422	2024/01/11 18:16:19	"GET /uv248fip248inf210/practice_jpa.html HTTP/1.1"
2417	2024/01/11 18:17:31	"GET /uv248fip248inf210/practice_jpa.html HTTP/1.1"
2434	2024/01/11 23:02:07	"GET /uv248fip248inf210/practice_jpa_advanced.html HTTP/1.1"
2434	2024/01/11 23:02:15	"GET /uv248fip248inf210/practice_spring_2tiers.html HTTP/1.1"
2434	2024/01/11 23:02:21	"GET /uv248fip248inf210/practice_spring_2tiers_ext.html HTTP/1.1"
2434	2024/01/11 23:02:28	"GET /uv248fip248inf210/lecture_jaxb.html HTTP/1.1"
2434	2024/01/11 23:02:31	"GET /uv248fip248inf210/lecture_dto.html HTTP/1.1"
2434	2024/01/11 23:02:32	"GET /uv248fip248inf210/lecture_validity.html HTTP/1.1"
2434	2024/01/11 23:02:36	"GET /uv248fip248inf210/practice_jpa.html HTTP/1.1"
2437	2024/09/26 11:03:00	"GET /uv248fip248inf210/web_architecture_home.html HTTP/1.1"
2437	2024/09/26 11:03:05	"GET /uv248fip248inf210/lecture_mvc_spring.html HTTP/1.1"
2437	2024/09/26 11:06:32	"GET /uv248fip248inf210/practice_spring_2tiers.html HTTP/1.1"
2437	2024/09/26 11:09:55	"GET /uv248fip248inf210/lecture_technical_architecture.html HTTP/1.1"
2437	2024/09/26 11:10:07	"GET /uv248fip248inf210/lecture_software_architecture.html HTTP/1.1"
2437	2024/09/26 11:10:18	"GET /uv248fip248inf210/practice_jpa.html HTTP/1.1"
2437	2024/09/26 11:10:53	"GET /uv248fip248inf210/lecture_jpa.html HTTP/1.1"
2437	2024/09/26 11:11:37	"GET /uv248fip248inf210/index.html HTTP/1.1"
2437	2024/09/26 11:11:40	"GET /uv248fip248inf210/technical_environment_home.html HTTP/1.1"
2437	2024/09/26 11:11:45	"GET /uv248fip248inf210/documentation_docker.html HTTP/1.1"
2437	2024/09/26 11:12:00	"GET /uv248fip248inf210/practice_docker.html HTTP/1.1"
2437	2024/09/26 11:12:08	"GET /uv248fip248inf210/documentation_programming.html HTTP/1.1"
2437	2024/09/26 11:12:15	"GET /uv248fip248inf210/practice_spring.html HTTP/1.1"
2437	2024/09/26 11:18:21	"GET /uv248fip248inf210/practice_postgresql.html HTTP/1.1"
2437	2024/09/26 12:13:26	"GET /uv248fip248inf210/data_home.html HTTP/1.1"
2439	2024/09/26 13:32:05	"GET /uv248fip248inf210/lecture_software_architecture.html HTTP/1.1"
2425	2024/09/26 14:28:04	"GET /uv248fip248inf210/technical_environment_home.html HTTP/1.1"
2437	2024/09/26 14:55:45	"GET /uv248fip248inf210/practice_sql.html HTTP/1.1"
2437	2024/09/26 14:56:05	"GET /uv248fip248inf210/activity_sql.html HTTP/1.1"
2439	2024/09/26 15:08:45	"GET /uv248fip248inf210/lecture_xml.html HTTP/1.1"
2439	2024/09/26 15:08:52	"GET /uv248fip248inf210/lecture_validity.html HTTP/1.1"
2439	2024/09/26 15:08:57	"GET /uv248fip248inf210/lecture_dto.html HTTP/1.1"
246	2024/02/21 11:25:29	"GET /uv248fip248inf210/project_specifications.html HTTP/1.1"
246	2024/02/21 11:25:31	"GET /uv248fip248inf210/project_part1.html HTTP/1.1"
246	2024/02/21 11:26:01	"GET /uv248fip248inf210/project_part2.html HTTP/1.1"
249	2024/02/21 12:55:56	"GET /uv248fip248inf210/data_home.html HTTP/1.1"
249	2024/02/21 12:59:14	"GET /uv248fip248inf210/images/data/prerequisite_data/prerequisite_data.html HTTP/1.1"
249	2024/02/21 13:04:25	"GET /uv248fip248inf210/project_home.html HTTP/1.1"
249	2024/02/21 13:07:20	"GET /uv248fip248inf210/project_presentation.html HTTP/1.1"
249	2024/02/21 13:07:23	"GET /uv248fip248inf210/project_part1.html HTTP/1.1"
2414	2024/02/21 13:44:09	"GET /uv248fip248inf210/index.html HTTP/1.1"
2433	2024/02/21 13:46:06	"GET /uv248fip248inf210/project_home.html HTTP/1.1"
2433	2024/02/21 13:46:11	"GET /uv248fip248inf210/project_presentation.html HTTP/1.1"
2445	2024/02/21 13:46:12	"GET /uv248fip248inf210/project_home.html HTTP/1.1"
2445	2024/02/21 13:46:18	"GET /uv248fip248inf210/project_specifications.html HTTP/1.1"
2413	2024/02/21 13:46:58	"GET /uv248fip248inf210/practice_spring_2tiers_ext.html HTTP/1.1"
2413	2024/02/21 13:47:01	"GET /uv248fip248inf210/index.html HTTP/1.1"
2415	2024/02/21 13:47:03	"GET /uv248fip248inf210/practice_spring_2tiers_ext.html HTTP/1.1"
2413	2024/02/21 13:47:04	"GET /uv248fip248inf210/project_home.html HTTP/1.1"
2413	2024/02/21 13:47:08	"GET /uv248fip248inf210/project_presentation.html HTTP/1.1"
2415	2024/02/21 13:47:12	"GET /uv248fip248inf210/index.html HTTP/1.1"
2433	2024/02/21 13:47:13	"GET /uv248fip248inf210/project_evaluation.html HTTP/1.1"
2415	2024/02/21 13:47:14	"GET /uv248fip248inf210/project_home.html HTTP/1.1"
2415	2024/02/21 13:47:17	"GET /uv248fip248inf210/project_specifications.html HTTP/1.1"
2445	2024/02/21 13:47:22	"GET /uv248fip248inf210/project_part1.html HTTP/1.1"
2415	2024/02/21 13:47:24	"GET /uv248fip248inf210/project_task_time.html HTTP/1.1"
2415	2024/02/21 13:47:25	"GET /uv248fip248inf210/project_part1.html HTTP/1.1"
2433	2024/02/21 13:47:38	"GET /uv248fip248inf210/project_specifications.html HTTP/1.1"
2431	2024/02/21 13:47:49	"GET /uv248fip248inf210/project_home.html HTTP/1.1"
2410	2024/02/21 13:48:10	"GET /uv248fip248inf210/index.html HTTP/1.1"
2441	2024/02/21 13:48:12	"GET /uv248fip248inf210/technical_environment_home.html HTTP/1.1"
2410	2024/02/21 13:48:13	"GET /uv248fip248inf210/project_home.html HTTP/1.1"
2410	2024/02/21 13:48:16	"GET /uv248fip248inf210/project_part1.html HTTP/1.1"
2441	2024/02/21 13:48:26	"GET /uv248fip248inf210/index.html HTTP/1.1"
2441	2024/02/21 13:48:29	"GET /uv248fip248inf210/project_home.html HTTP/1.1"
2441	2024/02/21 13:48:34	"GET /uv248fip248inf210/project_presentation.html HTTP/1.1"
2444	2024/02/21 13:48:39	"GET /uv248fip248inf210/index.html HTTP/1.1"
2438	2024/02/21 13:48:50	"GET /uv248fip248inf210/index.html HTTP/1.1"
2438	2024/02/21 13:48:53	"GET /uv248fip248inf210/project_home.html HTTP/1.1"
2445	2024/02/21 13:48:55	"GET /uv248fip248inf210/project_task_time.html HTTP/1.1"
2440	2024/02/21 13:49:01	"GET /uv248fip248inf210/technical_environment_home.html HTTP/1.1"
2420	2024/02/21 13:49:02	"GET /uv248fip248inf210/project_home.html HTTP/1.1"
2441	2024/02/21 13:49:04	"GET /uv248fip248inf210/project_evaluation.html HTTP/1.1"
2420	2024/02/21 13:49:06	"GET /uv248fip248inf210/project_task_time.html HTTP/1.1"
2438	2024/02/21 13:49:07	"GET /uv248fip248inf210/project_part1.html HTTP/1.1"
249	2024/02/21 13:49:08	"GET /uv248fip248inf210/project_specifications.html HTTP/1.1"
2440	2024/02/21 13:49:08	"GET /uv248fip248inf210/index.html HTTP/1.1"
2414	2024/02/21 13:49:09	"GET /uv248fip248inf210/project_part1.html HTTP/1.1"
2439	2024/02/21 13:49:11	"GET /uv248fip248inf210/project_home.html HTTP/1.1"
2420	2024/02/21 13:49:11	"GET /uv248fip248inf210/project_specifications.html HTTP/1.1"
2442	2024/02/21 13:49:13	"GET /uv248fip248inf210/project_home.html HTTP/1.1"
2440	2024/02/21 13:49:13	"GET /uv248fip248inf210/project_home.html HTTP/1.1"
2443	2024/02/21 13:49:14	"GET /uv248fip248inf210/index.html HTTP/1.1"
2445	2024/02/21 13:49:19	"GET /uv248fip248inf210/project_specifications.html HTTP/1.1"
2443	2024/02/21 13:49:20	"GET /uv248fip248inf210/project_home.html HTTP/1.1"
2422	2024/02/21 13:49:20	"GET /uv248fip248inf210/index.html HTTP/1.1"
2440	2024/02/21 13:49:24	"GET /uv248fip248inf210/project_presentation.html HTTP/1.1"
2442	2024/02/21 13:49:26	"GET /uv248fip248inf210/project_presentation.html HTTP/1.1"
2442	2024/02/21 13:49:34	"GET /uv248fip248inf210/project_part1.html HTTP/1.1"
2430	2024/02/21 13:49:52	"GET /uv248fip248inf210/technical_environment_home.html HTTP/1.1"
2441	2024/02/21 13:49:55	"GET /uv248fip248inf210/project_specifications.html HTTP/1.1"
247	2024/02/21 13:49:58	"GET /uv248fip248inf210/activity_normalization_correction.html HTTP/1.1"
247	2024/02/21 13:50:01	"GET /uv248fip248inf210/index.html HTTP/1.1"
2430	2024/02/21 13:50:06	"GET /uv248fip248inf210/index.html HTTP/1.1"
2430	2024/02/21 13:50:08	"GET /uv248fip248inf210/project_home.html HTTP/1.1"
2422	2024/02/21 13:50:12	"GET /uv248fip248inf210/project_home.html HTTP/1.1"
2437	2024/02/21 13:50:12	"GET /uv248fip248inf210/technical_environment_home.html HTTP/1.1"
2422	2024/02/21 13:50:15	"GET /uv248fip248inf210/project_part1.html HTTP/1.1"
2431	2024/02/21 13:50:15	"GET /uv248fip248inf210/project_home.html HTTP/1.1"
2437	2024/02/21 13:50:16	"GET /uv248fip248inf210/index.html HTTP/1.1"
2437	2024/02/21 13:50:18	"GET /uv248fip248inf210/project_home.html HTTP/1.1"
2420	2024/02/21 13:50:18	"GET /uv248fip248inf210/project_part1.html HTTP/1.1"
2437	2024/02/21 13:50:21	"GET /uv248fip248inf210/project_part1.html HTTP/1.1"
249	2024/02/21 13:50:21	"GET /uv248fip248inf210/project_part1.html HTTP/1.1"
2412	2024/02/21 13:50:22	"GET /uv248fip248inf210/web_architecture_home.html HTTP/1.1"
2443	2024/02/21 13:50:23	"GET /uv248fip248inf210/project_part1.html HTTP/1.1"
2439	2024/02/21 13:50:24	"GET /uv248fip248inf210/project_part1.html HTTP/1.1"
249	2024/02/21 13:50:26	"GET /uv248fip248inf210/project_presentation.html HTTP/1.1"
2412	2024/02/21 13:50:26	"GET /uv248fip248inf210/index.html HTTP/1.1"
2412	2024/02/21 13:50:28	"GET /uv248fip248inf210/project_home.html HTTP/1.1"
2444	2024/02/21 13:50:28	"GET /uv248fip248inf210/project_home.html HTTP/1.1"
2412	2024/02/21 13:50:37	"GET /uv248fip248inf210/project_part1.html HTTP/1.1"
2438	2024/02/21 13:50:40	"GET /uv248fip248inf210/project_presentation.html HTTP/1.1"
2439	2024/02/21 13:50:47	"GET /uv248fip248inf210/project_presentation.html HTTP/1.1"
2413	2024/02/21 13:50:50	"GET /uv248fip248inf210/project_part1.html HTTP/1.1"
2430	2024/02/21 13:50:52	"GET /uv248fip248inf210/project_presentation.html HTTP/1.1"
2415	2024/02/21 13:50:56	"GET /uv248fip248inf210/project_part1.html HTTP/1.1"
2439	2024/02/21 13:51:00	"GET /uv248fip248inf210/project_evaluation.html HTTP/1.1"
2413	2024/02/21 13:51:13	"GET /uv248fip248inf210/data_home.html HTTP/1.1"
2441	2024/02/21 13:51:14	"GET /uv248fip248inf210/project_part1.html HTTP/1.1"
2433	2024/02/21 13:51:19	"GET /uv248fip248inf210/project_task_time.html HTTP/1.1"
2413	2024/02/21 13:51:38	"GET /uv248fip248inf210/activity_conceptual_modeling.html HTTP/1.1"
2431	2024/02/21 13:51:53	"GET /uv248fip248inf210/project_home.html HTTP/1.1"
2436	2024/02/21 13:51:53	"GET /uv248fip248inf210/web_architecture_home.html HTTP/1.1"
2431	2024/02/21 13:52:00	"GET /uv248fip248inf210/project_part1.html HTTP/1.1"
2432	2024/02/21 13:52:01	"GET /uv248fip248inf210/project_home.html HTTP/1.1"
2432	2024/02/21 13:52:02	"GET /uv248fip248inf210/project_home.html HTTP/1.1"
2432	2024/02/21 13:52:08	"GET /uv248fip248inf210/project_part1.html HTTP/1.1"
2431	2024/02/21 13:52:09	"GET /uv248fip248inf210/project_presentation.html HTTP/1.1"
2444	2024/02/21 13:52:12	"GET /uv248fip248inf210/project_presentation.html HTTP/1.1"
2413	2024/02/21 13:52:15	"GET /uv248fip248inf210/activity_conceptual_modeling_correction.html HTTP/1.1"
2415	2024/02/21 13:52:21	"GET /uv248fip248inf210/project_part2.html HTTP/1.1"
2415	2024/02/21 13:52:24	"GET /uv248fip248inf210/project_part3.html HTTP/1.1"
2436	2024/02/21 13:52:43	"GET /uv248fip248inf210/index.html HTTP/1.1"
2436	2024/02/21 13:52:45	"GET /uv248fip248inf210/project_home.html HTTP/1.1"
2436	2024/02/21 13:53:00	"GET /uv248fip248inf210/project_specifications.html HTTP/1.1"
2436	2024/02/21 13:53:02	"GET /uv248fip248inf210/project_task_time.html HTTP/1.1"
2440	2024/02/21 13:53:05	"GET /uv248fip248inf210/project_specifications.html HTTP/1.1"
2419	2024/02/21 13:53:09	"GET /uv248fip248inf210/project_home.html HTTP/1.1"
2436	2024/02/21 13:53:09	"GET /uv248fip248inf210/project_part1.html HTTP/1.1"
2419	2024/02/21 13:53:12	"GET /uv248fip248inf210/project_part1.html HTTP/1.1"
2425	2024/02/21 13:53:24	"GET /uv248fip248inf210/index.html HTTP/1.1"
2429	2024/02/21 13:53:25	"GET /uv248fip248inf210/project_home.html HTTP/1.1"
2444	2024/02/21 13:53:27	"GET /uv248fip248inf210/project_specifications.html HTTP/1.1"
245	2024/02/21 13:53:28	"GET /uv248fip248inf210/index.html HTTP/1.1"
2425	2024/02/21 13:53:28	"GET /uv248fip248inf210/project_home.html HTTP/1.1"
2444	2024/02/21 13:53:29	"GET /uv248fip248inf210/project_evaluation.html HTTP/1.1"
2429	2024/02/21 13:53:31	"GET /uv248fip248inf210/project_part1.html HTTP/1.1"
2425	2024/02/21 13:53:33	"GET /uv248fip248inf210/project_part1.html HTTP/1.1"
245	2024/02/21 13:53:33	"GET /uv248fip248inf210/project_home.html HTTP/1.1"
2440	2024/02/21 13:53:35	"GET /uv248fip248inf210/project_part1.html HTTP/1.1"
245	2024/02/21 13:53:37	"GET /uv248fip248inf210/project_part1.html HTTP/1.1"
2431	2024/02/21 13:53:41	"GET /uv248fip248inf210/project_evaluation.html HTTP/1.1"
2423	2024/02/21 13:53:41	"GET /uv248fip248inf210/project_home.html HTTP/1.1"
2439	2024/02/21 13:53:46	"GET /uv248fip248inf210/project_specifications.html HTTP/1.1"
2423	2024/02/21 13:53:46	"GET /uv248fip248inf210/project_presentation.html HTTP/1.1"
247	2024/02/21 13:53:52	"GET /uv248fip248inf210/project_home.html HTTP/1.1"
247	2024/02/21 13:53:55	"GET /uv248fip248inf210/project_part1.html HTTP/1.1"
2439	2024/02/21 13:54:03	"GET /uv248fip248inf210/project_task_time.html HTTP/1.1"
2449	2024/02/21 13:54:08	"GET /uv248fip248inf210/index.html HTTP/1.1"
2427	2024/02/21 13:54:09	"GET /uv248fip248inf210/project_home.html HTTP/1.1"
2411	2024/02/21 13:54:09	"GET /uv248fip248inf210/project_part1.html HTTP/1.1"
2449	2024/02/21 13:54:11	"GET /uv248fip248inf210/project_home.html HTTP/1.1"
2427	2024/02/21 13:54:11	"GET /uv248fip248inf210/project_part1.html HTTP/1.1"
2440	2024/02/21 13:54:13	"GET /uv248fip248inf210/project_task_time.html HTTP/1.1"
2449	2024/02/21 13:54:14	"GET /uv248fip248inf210/project_presentation.html HTTP/1.1"
247	2024/02/21 13:54:24	"GET /uv248fip248inf210/project_part2.html HTTP/1.1"
2427	2024/02/21 13:54:25	"GET /uv248fip248inf210/project_evaluation.html HTTP/1.1"
2440	2024/02/21 13:54:29	"GET /uv248fip248inf210/project_evaluation.html HTTP/1.1"
2429	2024/02/21 13:54:34	"GET /uv248fip248inf210/project_specifications.html HTTP/1.1"
245	2024/02/21 13:54:48	"GET /uv248fip248inf210/project_specifications.html HTTP/1.1"
2444	2024/02/21 13:54:49	"GET /uv248fip248inf210/project_task_time.html HTTP/1.1"
249	2024/02/21 13:54:55	"GET /uv248fip248inf210/lecture_normalization.html HTTP/1.1"
249	2024/02/21 13:55:06	"GET /uv248fip248inf210/lecture_conceptual_modeling.html HTTP/1.1"
2441	2024/02/21 13:55:07	"GET /uv248fip248inf210/project_part1.html HTTP/1.1"
2427	2024/02/21 13:55:07	"GET /uv248fip248inf210/project_specifications.html HTTP/1.1"
241	2024/02/21 13:55:13	"GET /uv248fip248inf210/project_home.html HTTP/1.1"
241	2024/02/21 13:55:14	"GET /uv248fip248inf210/project_part1.html HTTP/1.1"
2431	2024/02/21 13:55:18	"GET /uv248fip248inf210/index.html HTTP/1.1"
2449	2024/02/21 13:55:23	"GET /uv248fip248inf210/project_part1.html HTTP/1.1"
2444	2024/02/21 13:55:29	"GET /uv248fip248inf210/project_part1.html HTTP/1.1"
2430	2024/02/21 13:55:59	"GET /uv248fip248inf210/project_specifications.html HTTP/1.1"
2435	2024/02/21 13:56:05	"GET /uv248fip248inf210/project_home.html HTTP/1.1"
2417	2024/02/21 13:56:10	"GET /uv248fip248inf210/project_task_time.html HTTP/1.1"
2423	2024/02/21 13:56:16	"GET /uv248fip248inf210/project_part1.html HTTP/1.1"
2435	2024/02/21 13:56:18	"GET /uv248fip248inf210/project_presentation.html HTTP/1.1"
2430	2024/02/21 13:56:29	"GET /uv248fip248inf210/project_task_time.html HTTP/1.1"
2423	2024/02/21 13:56:32	"GET /uv248fip248inf210/project_specifications.html HTTP/1.1"
2433	2024/02/21 13:56:45	"GET /uv248fip248inf210/project_part1.html HTTP/1.1"
2416	2024/02/21 13:56:50	"GET /uv248fip248inf210/project_home.html HTTP/1.1"
2416	2024/02/21 13:56:58	"GET /uv248fip248inf210/project_presentation.html HTTP/1.1"
2431	2024/02/21 13:57:01	"GET /uv248fip248inf210/project_specifications.html HTTP/1.1"
2430	2024/02/21 13:57:13	"GET /uv248fip248inf210/project_part1.html HTTP/1.1"
2416	2024/02/21 13:57:13	"GET /uv248fip248inf210/project_part1.html HTTP/1.1"
2431	2024/02/21 13:57:16	"GET /uv248fip248inf210/project_task_time.html HTTP/1.1"
2429	2024/02/21 13:57:27	"GET /uv248fip248inf210/project_task_time.html HTTP/1.1"
2441	2024/02/21 13:57:39	"GET /uv248fip248inf210/project_task_time.html HTTP/1.1"
2429	2024/02/21 13:57:40	"GET /uv248fip248inf210/project_evaluation.html HTTP/1.1"
2435	2024/02/21 13:58:54	"GET /uv248fip248inf210/project_specifications.html HTTP/1.1"
2435	2024/02/21 13:59:07	"GET /uv248fip248inf210/project_evaluation.html HTTP/1.1"
2411	2024/02/21 14:00:01	"GET /uv248fip248inf210/index.html HTTP/1.1"
2411	2024/02/21 14:00:05	"GET /uv248fip248inf210/project_home.html HTTP/1.1"
2435	2024/02/21 14:00:16	"GET /uv248fip248inf210/project_part1.html HTTP/1.1"
2411	2024/02/21 14:00:31	"GET /uv248fip248inf210/project_part1.html HTTP/1.1"
2433	2024/02/21 14:03:06	"GET /uv248fip248inf210/technical_environment_home.html HTTP/1.1"
2433	2024/02/21 14:03:10	"GET /uv248fip248inf210/practice_docker.html HTTP/1.1"
2430	2024/02/21 14:03:10	"GET /uv248fip248inf210/data_home.html HTTP/1.1"
2412	2024/02/21 14:04:23	"GET /uv248fip248inf210/project_home.html HTTP/1.1"
2412	2024/02/21 14:04:26	"GET /uv248fip248inf210/project_part1.html HTTP/1.1"
245	2024/02/21 14:04:36	"GET /uv248fip248inf210/data_home.html HTTP/1.1"
245	2024/02/21 14:04:39	"GET /uv248fip248inf210/images/data/prerequisite_data/prerequisite_data.html HTTP/1.1"
245	2024/02/21 14:04:52	"GET /uv248fip248inf210/activity_relational_model.html HTTP/1.1"
245	2024/02/21 14:05:02	"GET /uv248fip248inf210/lecture_relational_model.html HTTP/1.1"
245	2024/02/21 14:05:09	"GET /uv248fip248inf210/lecture_db_integrity.html HTTP/1.1"
245	2024/02/21 14:05:23	"GET /uv248fip248inf210/lecture_modeling_normalization.html HTTP/1.1"
2430	2024/02/21 14:05:24	"GET /uv248fip248inf210/project_part2.html HTTP/1.1"
245	2024/02/21 14:05:28	"GET /uv248fip248inf210/lecture_conceptual_modeling.html HTTP/1.1"
2430	2024/02/21 14:05:31	"GET /uv248fip248inf210/project_part3.html HTTP/1.1"
2430	2024/02/21 14:05:36	"GET /uv248fip248inf210/project_part3.html HTTP/1.1"
2426	2024/02/21 14:06:17	"GET /uv248fip248inf210/index.html HTTP/1.1"
2426	2024/02/21 14:06:21	"GET /uv248fip248inf210/project_home.html HTTP/1.1"
2431	2024/02/21 14:07:01	"GET /uv248fip248inf210/project_part1.html HTTP/1.1"
2431	2024/02/21 14:07:06	"GET /uv248fip248inf210/project_evaluation.html HTTP/1.1"
2431	2024/02/21 14:07:53	"GET /uv248fip248inf210/project_part1.html HTTP/1.1"
2444	2024/02/21 14:08:36	"GET /uv248fip248inf210/project_task_time.html HTTP/1.1"
2414	2024/02/21 14:11:41	"GET /uv248fip248inf210/index.html HTTP/1.1"
2444	2024/02/21 14:11:57	"GET /uv248fip248inf210/project_part1.html HTTP/1.1"
2443	2024/02/21 14:12:22	"GET /uv248fip248inf210/technical_environment_home.html HTTP/1.1"
2443	2024/02/21 14:12:36	"GET /uv248fip248inf210/documentation_docker.html HTTP/1.1"
2443	2024/02/21 14:12:44	"GET /uv248fip248inf210/practice_docker.html HTTP/1.1"
2410	2024/02/21 14:17:13	"GET /uv248fip248inf210/project_part1.html HTTP/1.1"
2410	2024/02/21 14:17:21	"GET /uv248fip248inf210/project_presentation.html HTTP/1.1"
2442	2024/02/21 14:18:32	"GET /uv248fip248inf210/project_task_time.html HTTP/1.1"
2418	2024/02/21 14:18:35	"GET /uv248fip248inf210/project_home.html HTTP/1.1"
2438	2024/02/21 14:20:31	"GET /uv248fip248inf210/project_part1.html HTTP/1.1"
2410	2024/02/21 14:22:29	"GET /uv248fip248inf210/project_part2.html HTTP/1.1"
247	2024/02/21 14:24:40	"GET /uv248fip248inf210/project_part1.html HTTP/1.1"
2443	2024/02/21 14:24:42	"GET /uv248fip248inf210/project_home.html HTTP/1.1"
2431	2024/02/21 14:24:49	"GET /uv248fip248inf210/project_part1.html HTTP/1.1"
2410	2024/02/21 14:24:54	"GET /uv248fip248inf210/project_specifications.html HTTP/1.1"
2443	2024/02/21 14:24:57	"GET /uv248fip248inf210/project_home.html HTTP/1.1"
2410	2024/02/21 14:25:49	"GET /uv248fip248inf210/project_part1.html HTTP/1.1"
2443	2024/02/21 14:25:59	"GET /uv248fip248inf210/project_home.html HTTP/1.1"
2431	2024/02/21 14:27:25	"GET /uv248fip248inf210/project_part1.html HTTP/1.1"
2443	2024/02/21 14:29:29	"GET /uv248fip248inf210/project_home.html HTTP/1.1"
2443	2024/02/21 14:29:36	"GET /uv248fip248inf210/project_part1.html HTTP/1.1"
247	2024/02/21 14:30:09	"GET /uv248fip248inf210/project_part1.html HTTP/1.1"
2410	2024/02/21 14:30:13	"GET /uv248fip248inf210/project_specifications.html HTTP/1.1"
2420	2024/02/21 14:33:53	"GET /uv248fip248inf210/project_specifications.html HTTP/1.1"
2420	2024/02/21 14:33:58	"GET /uv248fip248inf210/project_task_time.html HTTP/1.1"
2427	2024/02/21 14:34:00	"GET /uv248fip248inf210/project_part1.html HTTP/1.1"
2446	2024/02/21 14:35:23	"GET /uv248fip248inf210/lecture_conceptual_modeling.html HTTP/1.1"
2436	2024/02/21 14:36:08	"GET /uv248fip248inf210/project_home.html HTTP/1.1"
2437	2024/02/21 14:37:13	"GET /uv248fip248inf210/project_specifications.html HTTP/1.1"
2413	2024/02/21 14:39:21	"GET /uv248fip248inf210/project_home.html HTTP/1.1"
2413	2024/02/21 14:39:23	"GET /uv248fip248inf210/project_part1.html HTTP/1.1"
2436	2024/02/21 14:40:49	"GET /uv248fip248inf210/project_part1.html HTTP/1.1"
241	2024/02/21 14:40:54	"GET /uv248fip248inf210/project_part1.html HTTP/1.1"
2421	2024/02/21 14:41:52	"GET /uv248fip248inf210/project_home.html HTTP/1.1"
2446	2024/02/21 14:46:25	"GET /uv248fip248inf210/project_specifications.html HTTP/1.1"
2425	2024/02/21 14:47:55	"GET /uv248fip248inf210/project_specifications.html HTTP/1.1"
2410	2024/02/21 14:48:30	"GET /uv248fip248inf210/project_part1.html HTTP/1.1"
2444	2024/02/21 14:49:48	"GET /uv248fip248inf210/project_part1.html HTTP/1.1"
2422	2024/02/21 14:50:00	"GET /uv248fip248inf210/project_part1.html HTTP/1.1"
2435	2024/02/21 14:51:57	"GET /uv248fip248inf210/project_part1.html HTTP/1.1"
2411	2024/02/21 14:53:31	"GET /uv248fip248inf210/project_presentation.html HTTP/1.1"
2444	2024/02/21 14:53:32	"GET /uv248fip248inf210/project_part2.html HTTP/1.1"
2444	2024/02/21 14:53:38	"GET /uv248fip248inf210/project_part3.html HTTP/1.1"
2411	2024/02/21 14:53:41	"GET /uv248fip248inf210/project_specifications.html HTTP/1.1"
2444	2024/02/21 14:53:43	"GET /uv248fip248inf210/project_part1.html HTTP/1.1"
2444	2024/02/21 14:53:47	"GET /uv248fip248inf210/project_part2.html HTTP/1.1"
2435	2024/02/21 14:54:20	"GET /uv248fip248inf210/project_specifications.html HTTP/1.1"
2425	2024/02/21 14:55:07	"GET /uv248fip248inf210/project_part1.html HTTP/1.1"
2427	2024/02/21 14:55:15	"GET /uv248fip248inf210/index.html HTTP/1.1"
2444	2024/02/21 14:55:16	"GET /uv248fip248inf210/project_evaluation.html HTTP/1.1"
2427	2024/02/21 14:55:17	"GET /uv248fip248inf210/technical_environment_home.html HTTP/1.1"
2427	2024/02/21 14:55:27	"GET /uv248fip248inf210/data_home.html HTTP/1.1"
2427	2024/02/21 14:55:29	"GET /uv248fip248inf210/images/data/prerequisite_data/prerequisite_data.html HTTP/1.1"
2427	2024/02/21 14:55:32	"GET /uv248fip248inf210/lecture_conceptual_modeling.html HTTP/1.1"
249	2024/02/21 14:57:32	"GET /uv248fip248inf210/project_specifications.html HTTP/1.1"
2410	2024/02/21 14:59:26	"GET /uv248fip248inf210/project_evaluation.html HTTP/1.1"
2442	2024/02/21 14:59:57	"GET /uv248fip248inf210/project_specifications.html HTTP/1.1"
2437	2024/02/21 15:07:09	"GET /uv248fip248inf210/index.html HTTP/1.1"
2437	2024/02/21 15:07:15	"GET /uv248fip248inf210/technical_environment_home.html HTTP/1.1"
2437	2024/02/21 15:07:18	"GET /uv248fip248inf210/practice_docker.html HTTP/1.1"
2442	2024/02/21 15:07:34	"GET /uv248fip248inf210/project_part1.html HTTP/1.1"
2437	2024/02/21 15:07:40	"GET /uv248fip248inf210/web_architecture_home.html HTTP/1.1"
2437	2024/02/21 15:07:42	"GET /uv248fip248inf210/lecture_technical_architecture.html HTTP/1.1"
2418	2024/02/21 15:07:43	"GET /uv248fip248inf210/project_part1.html HTTP/1.1"
2437	2024/02/21 15:07:45	"GET /uv248fip248inf210/lecture_software_architecture.html HTTP/1.1"
2437	2024/02/21 15:07:54	"GET /uv248fip248inf210/lecture_mvc_spring.html HTTP/1.1"
2437	2024/02/21 15:07:58	"GET /uv248fip248inf210/lecture_jpa.html HTTP/1.1"
2437	2024/02/21 15:08:04	"GET /uv248fip248inf210/practice_jpa.html HTTP/1.1"
2437	2024/02/21 15:08:53	"GET /uv248fip248inf210/practice_spring_2tiers.html HTTP/1.1"
2410	2024/02/21 15:19:34	"GET /uv248fip248inf210/project_task_time.html HTTP/1.1"
2410	2024/02/21 15:19:40	"GET /uv248fip248inf210/project_evaluation.html HTTP/1.1"
2414	2024/02/21 15:21:37	"GET /uv248fip248inf210/project_part1.html HTTP/1.1"
2410	2024/02/21 15:21:54	"GET /uv248fip248inf210/project_part1.html HTTP/1.1"
2418	2024/02/21 15:25:08	"GET /uv248fip248inf210/project_part2.html HTTP/1.1"
2418	2024/02/21 15:25:12	"GET /uv248fip248inf210/project_part2.html HTTP/1.1"
2418	2024/02/21 15:25:23	"GET /uv248fip248inf210/project_part2.html HTTP/1.1"
2418	2024/02/21 15:25:41	"GET /uv248fip248inf210/project_part3.html HTTP/1.1"
2418	2024/02/21 15:25:44	"GET /uv248fip248inf210/project_structureui.html HTTP/1.1"
2418	2024/02/21 15:25:53	"GET /uv248fip248inf210/project_part4.html HTTP/1.1"
2418	2024/02/21 15:26:00	"GET /uv248fip248inf210/project_structureui.html HTTP/1.1"
2418	2024/02/21 15:26:05	"GET /uv248fip248inf210/project_part2.html HTTP/1.1"
2434	2024/02/21 15:26:16	"GET /uv248fip248inf210/project_home.html HTTP/1.1"
2434	2024/02/21 15:26:17	"GET /uv248fip248inf210/project_part2.html HTTP/1.1"
2418	2024/02/21 15:26:54	"GET /uv248fip248inf210/project_part2.html HTTP/1.1"
2418	2024/02/21 15:26:58	"GET /uv248fip248inf210/project_part1.html HTTP/1.1"
2418	2024/02/21 15:27:04	"GET /uv248fip248inf210/project_part2.html HTTP/1.1"
2418	2024/02/21 15:27:07	"GET /uv248fip248inf210/project_part.html HTTP/1.1"
2418	2024/02/21 15:27:13	"GET /uv248fip248inf210/project_part2.html HTTP/1.1"
2418	2024/02/21 15:27:18	"GET /uv248fip248inf210/project_part0.html HTTP/1.1"
2418	2024/02/21 15:27:26	"GET /uv248fip248inf210/project_part2.html HTTP/1.1"
2418	2024/02/21 15:27:41	"GET /uv248fip248inf210/project_part3.html HTTP/1.1"
2445	2024/02/21 15:29:23	"GET /uv248fip248inf210/index.html HTTP/1.1"
2418	2024/02/21 15:29:27	"GET /uv248fip248inf210/project_home.html HTTP/1.1"
2418	2024/02/21 15:29:30	"GET /uv248fip248inf210/project_part2.html HTTP/1.1"
2418	2024/02/21 15:29:35	"GET /uv248fip248inf210/project_part3.html HTTP/1.1"
247	2024/02/21 15:32:00	"GET /uv248fip248inf210/project_home.html HTTP/1.1"
247	2024/02/21 15:32:03	"GET /uv248fip248inf210/project_part1.html HTTP/1.1"
247	2024/02/21 15:32:20	"GET /uv248fip248inf210/project_part2.html HTTP/1.1"
2410	2024/02/21 15:32:48	"GET /uv248fip248inf210/project_task_time.html HTTP/1.1"
2437	2024/02/21 15:34:46	"GET /uv248fip248inf210/practice_postgresql.html HTTP/1.1"
2417	2024/02/21 15:35:24	"GET /uv248fip248inf210/project_task_time.html HTTP/1.1"
2425	2024/02/21 15:35:39	"GET /uv248fip248inf210/project_specifications.html HTTP/1.1"
2431	2024/02/21 15:36:18	"GET /uv248fip248inf210/index.html HTTP/1.1"
2434	2024/02/21 15:36:45	"GET /uv248fip248inf210/project_home.html HTTP/1.1"
2434	2024/02/21 15:36:47	"GET /uv248fip248inf210/project_part2.html HTTP/1.1"
2418	2024/02/21 15:38:20	"GET /uv248fip248inf210/index.html HTTP/1.1"
2410	2024/02/21 15:38:26	"GET /uv248fip248inf210/project_specifications.html HTTP/1.1"
2410	2024/02/21 15:38:29	"GET /uv248fip248inf210/project_evaluation.html HTTP/1.1"
2418	2024/02/21 15:40:29	"GET /uv248fip248inf210/project_home.html HTTP/1.1"
2418	2024/02/21 15:40:34	"GET /uv248fip248inf210/project_part2.html HTTP/1.1"
2418	2024/02/21 15:40:38	"GET /uv248fip248inf210/project_part2.html HTTP/1.1"
2418	2024/02/21 15:40:49	"GET /uv248fip248inf210/project_part1.html HTTP/1.1"
2410	2024/02/21 15:41:39	"GET /uv248fip248inf210/project_part1.html HTTP/1.1"
2413	2024/02/21 15:42:39	"GET /uv248fip248inf210/project_home.html HTTP/1.1"
2413	2024/02/21 15:42:42	"GET /uv248fip248inf210/project_part2.html HTTP/1.1"
2433	2024/02/21 15:44:09	"GET /uv248fip248inf210/project_part2.html HTTP/1.1"
2438	2024/02/21 15:48:17	"GET /uv248fip248inf210/technical_environment_home.html HTTP/1.1"
2438	2024/02/21 15:48:30	"GET /uv248fip248inf210/practice_docker.html HTTP/1.1"
2438	2024/02/21 15:48:31	"GET /uv248fip248inf210/documentation_docker.html HTTP/1.1"
2438	2024/02/21 15:48:36	"GET /uv248fip248inf210/documentation_si.html HTTP/1.1"
2438	2024/02/21 15:48:41	"GET /uv248fip248inf210/documentation_programming.html HTTP/1.1"
2438	2024/02/21 15:49:25	"GET /uv248fip248inf210/practice_spring.html HTTP/1.1"
2438	2024/02/21 15:49:37	"GET /uv248fip248inf210/inversion_of_control.html HTTP/1.1"
2438	2024/02/21 15:49:38	"GET /uv248fip248inf210/spring_bean.html HTTP/1.1"
2438	2024/02/21 15:49:42	"GET /uv248fip248inf210/documentation_rdbms.html HTTP/1.1"
2438	2024/02/21 15:49:44	"GET /uv248fip248inf210/practice_postgresql.html HTTP/1.1"
2417	2024/02/21 15:51:02	"GET /uv248fip248inf210/project_part3.html HTTP/1.1"
2438	2024/02/21 15:51:13	"GET /uv248fip248inf210/project_home.html HTTP/1.1"
2438	2024/02/21 15:51:15	"GET /uv248fip248inf210/project_part1.html HTTP/1.1"
2417	2024/02/21 15:51:53	"GET /uv248fip248inf210/project_task_time.html HTTP/1.1"
2425	2024/02/21 15:52:24	"GET /uv248fip248inf210/technical_environment_home.html HTTP/1.1"
2425	2024/02/21 15:52:40	"GET /uv248fip248inf210/practice_postgresql.html HTTP/1.1"
2410	2024/02/21 15:53:02	"GET /uv248fip248inf210/project_evaluation.html HTTP/1.1"
2415	2024/02/21 15:55:04	"GET /uv248fip248inf210/project_part1.html HTTP/1.1"
2415	2024/02/21 15:55:13	"GET /uv248fip248inf210/data_home.html HTTP/1.1"
2415	2024/02/21 15:55:17	"GET /uv248fip248inf210/activity_sql.html HTTP/1.1"
2415	2024/02/21 15:55:23	"GET /uv248fip248inf210/lecture_modeling_normalization.html HTTP/1.1"
2415	2024/02/21 15:55:34	"GET /uv248fip248inf210/lecture_transaction.html HTTP/1.1"
2433	2024/02/21 15:55:37	"GET /uv248fip248inf210/project_part2.html HTTP/1.1"
2433	2024/02/21 15:55:39	"GET /uv248fip248inf210/project_part2.html HTTP/1.1"
2433	2024/02/21 15:55:45	"GET /uv248fip248inf210/project_part1.html HTTP/1.1"
2433	2024/02/21 15:55:47	"GET /uv248fip248inf210/project_part2.html HTTP/1.1"
2433	2024/02/21 15:55:54	"GET /uv248fip248inf210/project_part2.html HTTP/1.1"
2429	2024/02/21 15:55:57	"GET /uv248fip248inf210/project_evaluation.html HTTP/1.1"
246	2024/02/21 15:56:19	"GET /uv248fip248inf210/project_home.html HTTP/1.1"
246	2024/02/21 15:56:22	"GET /uv248fip248inf210/project_part2.html HTTP/1.1"
246	2024/02/21 15:56:28	"GET /uv248fip248inf210/project_part1.html HTTP/1.1"
2434	2024/02/21 15:56:45	"GET /uv248fip248inf210/project_part2.html HTTP/1.1"
2434	2024/02/21 15:56:50	"GET /uv248fip248inf210/project_part2.html HTTP/1.1"
2434	2024/02/21 15:56:54	"GET /uv248fip248inf210/project_presentation.html HTTP/1.1"
2434	2024/02/21 15:56:58	"GET /uv248fip248inf210/project_part2.html HTTP/1.1"
2418	2024/02/21 15:57:04	"GET /uv248fip248inf210/project_part2.html HTTP/1.1"
2427	2024/02/21 15:57:13	"GET /uv248fip248inf210/project_specifications.html HTTP/1.1"
2434	2024/02/21 15:57:17	"GET /uv248fip248inf210/project_part2.html HTTP/1.1"
2427	2024/02/21 15:57:21	"GET /uv248fip248inf210/project_evaluation.html HTTP/1.1"
2434	2024/02/21 15:57:21	"GET /uv248fip248inf210/project_part3.html HTTP/1.1"
2441	2024/02/21 15:57:23	"GET /uv248fip248inf210/project_task_time.html HTTP/1.1"
2434	2024/02/21 15:57:25	"GET /uv248fip248inf210/project_structureui.html HTTP/1.1"
2441	2024/02/21 15:57:26	"GET /uv248fip248inf210/project_evaluation.html HTTP/1.1"
2418	2024/02/21 15:58:21	"GET /uv248fip248inf210/project_part1.html HTTP/1.1"
2418	2024/02/21 15:58:24	"GET /uv248fip248inf210/project_part2.html HTTP/1.1"
2418	2024/02/21 15:58:27	"GET /uv248fip248inf210/project_part3.html HTTP/1.1"
2418	2024/02/21 15:58:32	"GET /uv248fip248inf210/project_part4.html HTTP/1.1"
2418	2024/02/21 15:58:43	"GET /uv248fip248inf210/project_part2.html HTTP/1.1"
2415	2024/02/21 15:58:44	"GET /uv248fip248inf210/project_task_time.html HTTP/1.1"
2434	2024/02/21 15:58:47	"GET /uv248fip248inf210/project_part2.html HTTP/1.1"
2415	2024/02/21 15:58:53	"GET /uv248fip248inf210/project_evaluation.html HTTP/1.1"
2446	2024/02/21 15:58:54	"GET /uv248fip248inf210/project_specifications.html HTTP/1.1"
2414	2024/02/21 15:59:00	"GET /uv248fip248inf210/project_task_time.html HTTP/1.1"
2415	2024/02/21 15:59:01	"GET /uv248fip248inf210/project_part1.html HTTP/1.1"
2434	2024/02/21 16:00:32	"GET /uv248fip248inf210/project_part3.html HTTP/1.1"
2410	2024/02/21 16:03:08	"GET /uv248fip248inf210/project_part2.html HTTP/1.1"
2414	2024/02/21 16:04:08	"GET /uv248fip248inf210/project_home.html HTTP/1.1"
2432	2024/02/21 16:05:23	"GET /uv248fip248inf210/project_part2.html HTTP/1.1"
2434	2024/02/21 16:05:47	"GET /uv248fip248inf210/project_part2.html HTTP/1.1"
2430	2024/02/21 16:07:51	"GET /uv248fip248inf210/project_specifications.html HTTP/1.1"
2438	2024/02/21 16:11:16	"GET /uv248fip248inf210/project_home.html HTTP/1.1"
2438	2024/02/21 16:11:18	"GET /uv248fip248inf210/project_part1.html HTTP/1.1"
2441	2024/02/21 16:12:55	"GET /uv248fip248inf210/project_task_time.html HTTP/1.1"
2410	2024/02/21 16:14:07	"GET /uv248fip248inf210/project_evaluation.html HTTP/1.1"
2441	2024/02/21 16:15:33	"GET /uv248fip248inf210/project_part1.html HTTP/1.1"
2430	2024/02/21 16:16:30	"GET /uv248fip248inf210/project_task_time.html HTTP/1.1"
2418	2024/02/21 16:16:55	"GET /uv248fip248inf210/project_home.html HTTP/1.1"
2418	2024/02/21 16:16:57	"GET /uv248fip248inf210/project_part3.html HTTP/1.1"
247	2024/02/21 16:17:38	"GET /uv248fip248inf210/project_specifications.html HTTP/1.1"
247	2024/02/21 16:17:39	"GET /uv248fip248inf210/project_task_time.html HTTP/1.1"
247	2024/02/21 16:17:44	"GET /uv248fip248inf210/project_evaluation.html HTTP/1.1"
2443	2024/02/21 16:20:16	"GET /uv248fip248inf210/project_home.html HTTP/1.1"
2443	2024/02/21 16:20:25	"GET /uv248fip248inf210/project_specifications.html HTTP/1.1"
2438	2024/02/21 16:20:35	"GET /uv248fip248inf210/project_part2.html HTTP/1.1"
2436	2024/02/21 16:20:45	"GET /uv248fip248inf210/project_home.html HTTP/1.1"
2436	2024/02/21 16:20:48	"GET /uv248fip248inf210/project_part2.html HTTP/1.1"
2436	2024/02/21 16:20:53	"GET /uv248fip248inf210/project_part3.html HTTP/1.1"
2436	2024/02/21 16:20:56	"GET /uv248fip248inf210/project_structureui.html HTTP/1.1"
2413	2024/02/21 16:21:08	"GET /uv248fip248inf210/project_presentation.html HTTP/1.1"
2413	2024/02/21 16:21:13	"GET /uv248fip248inf210/project_evaluation.html HTTP/1.1"
2413	2024/02/21 16:21:40	"GET /uv248fip248inf210/project_task_time.html HTTP/1.1"
246	2024/02/21 16:23:00	"GET /uv248fip248inf210/project_specifications.html HTTP/1.1"
247	2024/02/21 16:23:00	"GET /uv248fip248inf210/project_presentation.html HTTP/1.1"
2430	2024/02/21 16:25:38	"GET /uv248fip248inf210/project_part2.html HTTP/1.1"
2427	2024/02/21 16:26:42	"GET /uv248fip248inf210/project_evaluation.html HTTP/1.1"
2426	2024/02/21 16:28:00	"GET /uv248fip248inf210/project_task_time.html HTTP/1.1"
2443	2024/02/21 16:28:29	"GET /uv248fip248inf210/project_part1.html HTTP/1.1"
2418	2024/02/21 16:30:19	"GET /uv248fip248inf210/project_home.html HTTP/1.1"
2418	2024/02/21 16:30:21	"GET /uv248fip248inf210/project_part3.html HTTP/1.1"
2441	2024/02/21 16:31:39	"GET /uv248fip248inf210/project_task_time.html HTTP/1.1"
2436	2024/02/21 16:34:41	"GET /uv248fip248inf210/project_home.html HTTP/1.1"
2436	2024/02/21 16:34:44	"GET /uv248fip248inf210/project_part1.html HTTP/1.1"
2436	2024/02/21 16:35:09	"GET /uv248fip248inf210/project_specifications.html HTTP/1.1"
2436	2024/02/21 16:35:10	"GET /uv248fip248inf210/project_task_time.html HTTP/1.1"
2438	2024/02/21 16:36:10	"GET /uv248fip248inf210/project_part1.html HTTP/1.1"
2436	2024/02/21 16:41:12	"GET /uv248fip248inf210/project_part2.html HTTP/1.1"
2418	2024/02/21 17:03:22	"GET /uv248fip248inf210/project_part3.html HTTP/1.1"
2418	2024/02/21 17:03:27	"GET /uv248fip248inf210/project_part2.html HTTP/1.1"
2414	2024/02/21 17:19:42	"GET /uv248fip248inf210/project_part2.html HTTP/1.1"
2414	2024/02/21 17:19:44	"GET /uv248fip248inf210/project_part2.html HTTP/1.1"
2414	2024/02/21 17:19:49	"GET /uv248fip248inf210/project_part2.html HTTP/1.1"
2414	2024/02/21 17:19:53	"GET /uv248fip248inf210/project_part1.html HTTP/1.1"
2430	2024/02/21 17:26:55	"GET /uv248fip248inf210/project_part2.html HTTP/1.1"
2430	2024/02/21 17:27:03	"GET /uv248fip248inf210/project_part2.html HTTP/1.1"
2430	2024/02/21 17:27:07	"GET /uv248fip248inf210/project_part2.html HTTP/1.1"
2429	2024/02/21 18:07:07	"GET /uv248fip248inf210/project_home.html HTTP/1.1"
2429	2024/02/21 18:07:16	"GET /uv248fip248inf210/project_evaluation.html HTTP/1.1"
2429	2024/02/21 18:07:24	"GET /uv248fip248inf210/project_presentation.html HTTP/1.1"
2429	2024/02/21 18:07:52	"GET /uv248fip248inf210/project_task_time.html HTTP/1.1"
2418	2024/02/21 19:40:22	"GET /uv248fip248inf210/project_part3.html HTTP/1.1"
2418	2024/02/21 19:40:31	"GET /uv248fip248inf210/project_part4.html HTTP/1.1"
241	2024/02/21 19:44:56	"GET /uv248fip248inf210/project_home.html HTTP/1.1"
241	2024/02/21 19:48:11	"GET /uv248fip248inf210/project_part1.html HTTP/1.1"
247	2024/02/21 20:43:17	"GET /uv248fip248inf210/project_part1.html HTTP/1.1"
247	2024/02/21 20:50:12	"GET /uv248fip248inf210/project_task_time.html HTTP/1.1"
245	2024/02/21 20:50:52	"GET /uv248fip248inf210/project_task_time.html HTTP/1.1"
241	2024/02/21 20:58:28	"GET /uv248fip248inf210/project_part1.html HTTP/1.1"
2415	2024/02/21 21:24:52	"GET /uv248fip248inf210/project_part1.html HTTP/1.1"
2415	2024/02/21 21:24:55	"GET /uv248fip248inf210/project_part2.html HTTP/1.1"
2436	2024/02/21 22:28:56	"GET /uv248fip248inf210/project_presentation.html HTTP/1.1"
2436	2024/02/21 22:59:19	"GET /uv248fip248inf210/project_part2.html HTTP/1.1"
241	2024/02/29 08:56:14	"GET /uv248fip248inf210/project_part3.html HTTP/1.1"
247	2024/02/29 08:57:56	"GET /uv248fip248inf210/project_part3.html HTTP/1.1"
241	2024/02/29 09:12:10	"GET /uv248fip248inf210/project_part2.html HTTP/1.1"
2420	2024/02/29 09:45:43	"GET /uv248fip248inf210/technical_environment_home.html HTTP/1.1"
2420	2024/02/29 09:45:54	"GET /uv248fip248inf210/documentation_programming.html HTTP/1.1"
2420	2024/02/29 09:46:01	"GET /uv248fip248inf210/practice_spring.html HTTP/1.1"
2420	2024/02/29 09:47:14	"GET /uv248fip248inf210/practice_docker.html HTTP/1.1"
2420	2024/02/29 09:59:24	"GET /uv248fip248inf210/documentation_docker.html HTTP/1.1"
2420	2024/02/29 10:10:57	"GET /uv248fip248inf210/practice_postgresql.html HTTP/1.1"
2423	2024/02/29 10:29:06	"GET /uv248fip248inf210/project_home.html HTTP/1.1"
2423	2024/02/29 10:29:10	"GET /uv248fip248inf210/project_part3.html HTTP/1.1"
2423	2024/02/29 10:30:31	"GET /uv248fip248inf210/project_structureui.html HTTP/1.1"
2438	2024/02/29 11:51:42	"GET /uv248fip248inf210/project_part3.html HTTP/1.1"
2438	2024/02/29 12:00:03	"GET /uv248fip248inf210/project_structureui.html HTTP/1.1"
2438	2024/02/29 12:00:16	"GET /uv248fip248inf210/project_specifications.html HTTP/1.1"
2438	2024/02/29 13:56:12	"GET /uv248fip248inf210/project_part2.html HTTP/1.1"
2436	2024/02/29 14:29:57	"GET /uv248fip248inf210/project_part3.html HTTP/1.1"
2439	2024/02/29 15:25:06	"GET /uv248fip248inf210/project_home.html HTTP/1.1"
2439	2024/02/29 15:25:09	"GET /uv248fip248inf210/project_part2.html HTTP/1.1"
241	2024/02/29 15:39:16	"GET /uv248fip248inf210/web_architecture_home.html HTTP/1.1"
241	2024/02/29 15:39:23	"GET /uv248fip248inf210/practice_jpa.html HTTP/1.1"
2436	2024/02/29 15:45:14	"GET /uv248fip248inf210/web_architecture_home.html HTTP/1.1"
2436	2024/02/29 15:45:18	"GET /uv248fip248inf210/index.html HTTP/1.1"
2436	2024/02/29 15:45:23	"GET /uv248fip248inf210/project_home.html HTTP/1.1"
2436	2024/02/29 15:45:53	"GET /uv248fip248inf210/project_specifications.html HTTP/1.1"
249	2024/02/29 16:20:14	"GET /uv248fip248inf210/project_specifications.html HTTP/1.1"
2418	2024/02/29 17:58:27	"GET /uv248fip248inf210/project_home.html HTTP/1.1"
2418	2024/02/29 17:58:30	"GET /uv248fip248inf210/project_specifications.html HTTP/1.1"
2437	2024/02/29 18:11:59	"GET /uv248fip248inf210/index.html HTTP/1.1"
2437	2024/02/29 18:12:02	"GET /uv248fip248inf210/project_home.html HTTP/1.1"
2437	2024/02/29 18:12:06	"GET /uv248fip248inf210/project_part2.html HTTP/1.1"
2439	2024/02/29 20:19:34	"GET /uv248fip248inf210/project_part3.html HTTP/1.1"
2417	2024/02/29 20:37:51	"GET /uv248fip248inf210/project_home.html HTTP/1.1"
2417	2024/02/29 20:37:55	"GET /uv248fip248inf210/project_part2.html HTTP/1.1"
245	2024/02/29 22:34:58	"GET /uv248fip248inf210/project_part3.html HTTP/1.1"
245	2024/02/29 22:35:01	"GET /uv248fip248inf210/project_part2.html HTTP/1.1"
2436	2024/01/13 09:51:48	"GET /uv248fip248inf210/index.html HTTP/1.1"
2436	2024/01/13 09:51:55	"GET /uv248fip248inf210/web_architecture_home.html HTTP/1.1"
2436	2024/01/13 09:52:13	"GET /uv248fip248inf210/images/web_architecture/prerequisite_archiweb/prerequisite_archiweb.html HTTP/1.1"
2436	2024/01/13 09:52:19	"GET /uv248fip248inf210/lecture_software_architecture.html HTTP/1.1"
2436	2024/01/13 09:52:51	"GET /uv248fip248inf210/lecture_jpa.html HTTP/1.1"
2436	2024/01/13 09:53:14	"GET /uv248fip248inf210/lecture_jpa.html HTTP/1.1"
2436	2024/01/13 10:11:05	"GET /uv248fip248inf210/practice_jpa.html HTTP/1.1"
2436	2024/01/13 10:11:37	"GET /uv248fip248inf210/lecture_dto.html HTTP/1.1"
2436	2024/01/13 10:43:19	"GET /uv248fip248inf210/images/web_architecture/prerequisite_archiweb/prerequisite_archiweb.html HTTP/1.1"
2436	2024/01/13 10:43:35	"GET /uv248fip248inf210/lecture_xml.html HTTP/1.1"
2436	2024/01/13 10:47:24	"GET /uv248fip248inf210/lecture_json.html HTTP/1.1"
2436	2024/01/13 10:50:11	"GET /uv248fip248inf210/web_architecture_home.html HTTP/1.1"
2436	2024/01/13 10:50:26	"GET /uv248fip248inf210/data_home.html HTTP/1.1"
2436	2024/01/13 10:50:33	"GET /uv248fip248inf210/images/data/prerequisite_data/prerequisite_data.html HTTP/1.1"
2436	2024/01/13 10:50:36	"GET /uv248fip248inf210/activity_sql.html HTTP/1.1"
2436	2024/01/13 10:51:54	"GET /uv248fip248inf210/lecture_relational_model.html HTTP/1.1"
2436	2024/01/13 10:54:44	"GET /uv248fip248inf210/lecture_db_integrity.html HTTP/1.1"
2418	2024/01/13 13:03:47	"GET /uv248fip248inf210/technical_environment_home.html HTTP/1.1"
2418	2024/01/13 13:03:58	"GET /uv248fip248inf210/web_architecture_home.html HTTP/1.1"
2418	2024/01/13 13:04:07	"GET /uv248fip248inf210/lecture_mvc_spring.html HTTP/1.1"
2429	2024/01/13 13:39:19	"GET /uv248fip248inf210/web_architecture_home.html HTTP/1.1"
2429	2024/01/13 13:39:45	"GET /uv248fip248inf210/images/web_architecture/prerequisite_archiweb/prerequisite_archiweb.html HTTP/1.1"
2429	2024/01/13 13:39:46	"GET /uv248fip248inf210/practice_spring_2tiers.html HTTP/1.1"
2429	2024/01/13 13:40:10	"GET /uv248fip248inf210/practice_jpa.html HTTP/1.1"
246	2024/01/13 14:15:53	"GET /uv248fip248inf210/web_architecture_home.html HTTP/1.1"
246	2024/01/13 14:16:02	"GET /uv248fip248inf210/images/web_architecture/prerequisite_archiweb/prerequisite_archiweb.html HTTP/1.1"
246	2024/01/13 14:16:38	"GET /uv248fip248inf210/practice_spring_2tiers.html HTTP/1.1"
241	2024/01/13 14:23:26	"GET /uv248fip248inf210/index.html HTTP/1.1"
241	2024/01/13 14:24:22	"GET /uv248fip248inf210/web_architecture_home.html HTTP/1.1"
241	2024/01/13 14:24:29	"GET /uv248fip248inf210/practice_spring_2tiers_ext.html HTTP/1.1"
241	2024/01/13 15:05:34	"GET /uv248fip248inf210/practice_spring_2tiers.html HTTP/1.1"
246	2024/01/13 17:58:31	"GET /uv248fip248inf210/lecture_jpa.html HTTP/1.1"
246	2024/01/13 18:01:07	"GET /uv248fip248inf210/practice_jpa.html HTTP/1.1"
246	2024/01/13 18:01:15	"GET /uv248fip248inf210/practice_jpa.html HTTP/1.1"
246	2024/01/13 18:02:48	"GET /uv248fip248inf210/lecture_dto.html HTTP/1.1"
246	2024/01/13 18:02:50	"GET /uv248fip248inf210/lecture_xml.html HTTP/1.1"
246	2024/01/13 18:03:11	"GET /uv248fip248inf210/practice_xml.html HTTP/1.1"
246	2024/01/13 18:03:12	"GET /uv248fip248inf210/lecture_jaxb.html HTTP/1.1"
246	2024/01/13 18:03:29	"GET /uv248fip248inf210/lecture_json.html HTTP/1.1"
246	2024/01/13 18:03:31	"GET /uv248fip248inf210/index.html HTTP/1.1"
246	2024/01/13 18:03:35	"GET /uv248fip248inf210/project_home.html HTTP/1.1"
246	2024/01/13 18:03:37	"GET /uv248fip248inf210/project_presentation.html HTTP/1.1"
246	2024/01/13 18:14:43	"GET /uv248fip248inf210/fproject_part3.html HTTP/1.1"
246	2024/01/13 18:14:48	"GET /uv248fip248inf210/project_part1.html HTTP/1.1"
246	2024/01/13 18:14:54	"GET /uv248fip248inf210/project_specifications.html HTTP/1.1"
246	2024/01/13 18:14:59	"GET /uv248fip248inf210/project_task_time.html HTTP/1.1"
246	2024/01/13 18:17:50	"GET /uv248fip248inf210/project_evaluation.html HTTP/1.1"
246	2024/01/13 18:32:08	"GET /uv248fip248inf210/bd_cours_mor_generalites.html HTTP/1.1"
2440	2024/04/11 13:08:04	"GET /uv248fip248inf210/technical_environment_home.html HTTP/1.1"
2440	2024/04/11 13:08:12	"GET /uv248fip248inf210/index.html HTTP/1.1"
2440	2024/04/11 13:08:23	"GET /uv248fip248inf210/project_home.html HTTP/1.1"
2440	2024/04/11 13:08:30	"GET /uv248fip248inf210/project_specifications.html HTTP/1.1"
2429	2024/04/11 13:50:10	"GET /uv248fip248inf210/project_home.html HTTP/1.1"
2429	2024/04/11 13:50:15	"GET /uv248fip248inf210/project_evaluation.html HTTP/1.1"
2429	2024/04/11 13:50:28	"GET /uv248fip248inf210/project_evaluation.html HTTP/1.1"
2429	2024/04/11 13:50:41	"GET /uv248fip248inf210/project_presentation.html HTTP/1.1"
2429	2024/04/11 13:53:13	"GET /uv248fip248inf210/technical_environment_home.html HTTP/1.1"
2415	2024/09/21 09:48:56	"GET /uv248fip248inf210/practice_spring.html HTTP/1.1"
2425	2024/09/21 10:05:16	"GET /uv248fip248inf210/practice_docker.html HTTP/1.1"
2425	2024/09/21 10:05:22	"GET /uv248fip248inf210/index.html HTTP/1.1"
2425	2024/09/21 10:06:35	"GET /uv248fip248inf210/lecture_relational_model.html HTTP/1.1"
2425	2024/09/21 10:06:58	"GET /uv248fip248inf210/lecture_conceptual_modeling.html HTTP/1.1"
2415	2024/09/21 10:08:00	"GET /uv248fip248inf210/practice_docker_advanced.html HTTP/1.1"
2415	2024/09/21 10:13:53	"GET /uv248fip248inf210/spring_bean.html HTTP/1.1"
2415	2024/09/21 10:13:54	"GET /uv248fip248inf210/practice_spring.html HTTP/1.1"
2415	2024/09/21 10:14:05	"GET /uv248fip248inf210/index.html HTTP/1.1"
2415	2024/09/21 10:14:13	"GET /uv248fip248inf210/web_architecture_home.html HTTP/1.1"
2415	2024/09/21 10:14:15	"GET /uv248fip248inf210/lecture_software_architecture.html HTTP/1.1"
2415	2024/09/21 10:14:21	"GET /uv248fip248inf210/practice_spring_2tiers_ext.html HTTP/1.1"
2415	2024/09/21 10:14:25	"GET /uv248fip248inf210/practice_spring_2tiers.html HTTP/1.1"
2415	2024/09/21 10:23:59	"GET /uv248fip248inf210/project_home.html HTTP/1.1"
2415	2024/09/21 10:24:03	"GET /uv248fip248inf210/project_part1.html HTTP/1.1"
2415	2024/09/21 10:25:05	"GET /uv248fip248inf210/project_part3.html HTTP/1.1"
2415	2024/09/21 10:26:44	"GET /uv248fip248inf210/project_part2.html HTTP/1.1"
2425	2024/09/21 10:29:11	"GET /uv248fip248inf210/lecture_normalization.html HTTP/1.1"
2415	2024/09/21 10:48:44	"GET /uv248fip248inf210/project_part2.html HTTP/1.1"
2415	2024/09/21 10:49:59	"GET /uv248fip248inf210/project_structureui.html HTTP/1.1"
2425	2024/09/21 18:20:37	"GET /uv248fip248inf210/practice_sql.html HTTP/1.1"
2425	2024/09/21 18:22:53	"GET /uv248fip248inf210/practice_sql_correction.html HTTP/1.1"
2447	2024/01/09 09:48:44	"GET /uv248fip248inf210/intex.html HTTP/1.1"
2447	2024/01/09 09:52:43	"GET /uv248fip248inf210/technical_environment_home.html HTTP/1.1"
246	2024/01/09 09:53:17	"GET /uv248fip248inf210/technical_environment_home.html HTTP/1.1"
246	2024/01/09 09:54:46	"GET /uv248fip248inf210/index.html HTTP/1.1"
2434	2024/01/09 09:55:33	"GET /uv248fip248inf210/project_home.html HTTP/1.1"
2434	2024/01/09 09:55:36	"GET /uv248fip248inf210/web_architecture_home.html HTTP/1.1"
2434	2024/01/09 09:55:41	"GET /uv248fip248inf210/technical_environment_home.html HTTP/1.1"
2413	2024/01/09 09:56:20	"GET /uv248fip248inf210/technical_environment_home.html HTTP/1.1"
241	2024/01/09 09:56:25	"GET /uv248fip248inf210/technical_environment_home.html HTTP/1.1"
249	2024/01/09 09:56:36	"GET /uv248fip248inf210/data_home.html HTTP/1.1"
249	2024/01/09 09:56:40	"GET /uv248fip248inf210/images/data/prerequisite_data/prerequisite_data.html HTTP/1.1"
246	2024/01/09 09:57:01	"GET /uv248fip248inf210/images/technical_environment/prerequisite_techenv/prerequisite_techenv.html HTTP/1.1"
2413	2024/01/09 09:58:03	"GET /uv248fip248inf210/images/technical_environment/prerequisite_techenv/prerequisite_techenv.html HTTP/1.1"
241	2024/01/09 09:58:04	"GET /uv248fip248inf210/images/technical_environment/prerequisite_techenv/prerequisite_techenv.html HTTP/1.1"
241	2024/01/09 09:58:07	"GET /uv248fip248inf210/documentation_programming.html HTTP/1.1"
2413	2024/01/09 09:58:10	"GET /uv248fip248inf210/practice_docker.html HTTP/1.1"
246	2024/01/09 09:58:25	"GET /uv248fip248inf210/web_architecture_home.html HTTP/1.1"
2413	2024/01/09 10:00:29	"GET /uv248fip248inf210/inversion_of_control.html HTTP/1.1"
2413	2024/01/09 10:00:31	"GET /uv248fip248inf210/spring_bean.html HTTP/1.1"
2413	2024/01/09 10:00:33	"GET /uv248fip248inf210/practice_spring.html HTTP/1.1"
2413	2024/01/09 10:00:35	"GET /uv248fip248inf210/practice_postgresql.html HTTP/1.1"
2413	2024/01/09 10:00:37	"GET /uv248fip248inf210/documentation_programming.html HTTP/1.1"
2413	2024/01/09 10:00:39	"GET /uv248fip248inf210/documentation_rdbms.html HTTP/1.1"
2413	2024/01/09 10:00:41	"GET /uv248fip248inf210/documentation_si.html HTTP/1.1"
249	2024/01/09 10:00:41	"GET /uv248fip248inf210/technical_environment_home.html HTTP/1.1"
249	2024/01/09 10:02:29	"GET /uv248fip248inf210/images/technical_environment/prerequisite_techenv/prerequisite_techenv.html HTTP/1.1"
2415	2024/01/09 10:22:23	"GET /uv248fip248inf210/technical_environment_home.html HTTP/1.1"
2413	2024/01/09 10:22:25	"GET /uv248fip248inf210/technical_environment_home.html HTTP/1.1"
2426	2024/01/09 10:23:24	"GET /uv248fip248inf210/technical_environment_home.html HTTP/1.1"
2426	2024/01/09 10:23:28	"GET /uv248fip248inf210/images/technical_environment/prerequisite_techenv/prerequisite_techenv.html HTTP/1.1"
2413	2024/01/09 10:24:18	"GET /uv248fip248inf210/images/technical_environment/prerequisite_techenv/prerequisite_techenv.html HTTP/1.1"
2410	2024/01/09 10:24:22	"GET /uv248fip248inf210/technical_environment_home.html HTTP/1.1"
247	2024/01/09 10:24:24	"GET /uv248fip248inf210/technical_environment_home.html HTTP/1.1"
2412	2024/01/09 10:24:30	"GET /uv248fip248inf210/technical_environment_home.html HTTP/1.1"
249	2024/01/09 10:24:35	"GET /uv248fip248inf210/documentation_docker.html HTTP/1.1"
2430	2024/01/09 10:24:35	"GET /uv248fip248inf210/technical_environment_home.html HTTP/1.1"
2411	2024/01/09 10:24:38	"GET /uv248fip248inf210/technical_environment_home.html HTTP/1.1"
2412	2024/01/09 10:24:43	"GET /uv248fip248inf210/images/technical_environment/prerequisite_techenv/prerequisite_techenv.html HTTP/1.1"
2431	2024/01/09 10:24:47	"GET /uv248fip248inf210/technical_environment_home.html HTTP/1.1"
2411	2024/01/09 10:24:49	"GET /uv248fip248inf210/images/technical_environment/prerequisite_techenv/prerequisite_techenv.html HTTP/1.1"
2443	2024/01/09 10:24:50	"GET /uv248fip248inf210/index.html HTTP/1.1"
2417	2024/01/09 10:24:53	"GET /uv248fip248inf210/technical_environment_home.html HTTP/1.1"
2427	2024/01/09 10:25:02	"GET /uv248fip248inf210/technical_environment_home.html HTTP/1.1"
246	2024/01/09 10:25:03	"GET /uv248fip248inf210/technical_environment_home.html HTTP/1.1"
2443	2024/01/09 10:25:03	"GET /uv248fip248inf210/technical_environment_home.html HTTP/1.1"
2420	2024/01/09 10:25:04	"GET /uv248fip248inf210/technical_environment_home.html HTTP/1.1"
2442	2024/01/09 10:25:04	"GET /uv248fip248inf210/licence.html HTTP/1.1"
246	2024/01/09 10:25:06	"GET /uv248fip248inf210/images/technical_environment/prerequisite_techenv/prerequisite_techenv.html HTTP/1.1"
2446	2024/01/09 10:25:14	"GET /uv248fip248inf210/data_home.html HTTP/1.1"
2440	2024/01/09 10:25:27	"GET /uv248fip248inf210/technical_environment_home.html HTTP/1.1"
2415	2024/01/09 10:25:29	"GET /uv248fip248inf210/images/technical_environment/prerequisite_techenv/prerequisite_techenv.html HTTP/1.1"
2446	2024/01/09 10:25:34	"GET /uv248fip248inf210/images/data/prerequisite_data/prerequisite_data.html HTTP/1.1"
2419	2024/01/09 10:25:35	"GET /uv248fip248inf210/technical_environment_home.html HTTP/1.1"
2438	2024/01/09 10:25:35	"GET /uv248fip248inf210/technical_environment_home.html HTTP/1.1"
2446	2024/01/09 10:25:45	"GET /uv248fip248inf210/technical_environment_home.html HTTP/1.1"
2431	2024/01/09 10:25:47	"GET /uv248fip248inf210/images/technical_environment/prerequisite_techenv/prerequisite_techenv.html HTTP/1.1"
2437	2024/01/09 10:25:52	"GET /uv248fip248inf210/technical_environment_home.html HTTP/1.1"
2442	2024/01/09 10:25:53	"GET /uv248fip248inf210/technical_environment_home.html HTTP/1.1"
2414	2024/01/09 10:25:54	"GET /uv248fip248inf210/technical_environment_home.html HTTP/1.1"
2415	2024/01/09 10:25:56	"GET /uv248fip248inf210/documentation_docker.html HTTP/1.1"
249	2024/01/09 10:26:02	"GET /uv248fip248inf210/practice_docker.html HTTP/1.1"
2416	2024/01/09 10:26:07	"GET /uv248fip248inf210/technical_environment_home.html HTTP/1.1"
2416	2024/01/09 10:26:11	"GET /uv248fip248inf210/images/technical_environment/prerequisite_techenv/prerequisite_techenv.html HTTP/1.1"
2418	2024/01/09 10:26:13	"GET /uv248fip248inf210/technical_environment_home.html HTTP/1.1"
2427	2024/01/09 10:26:14	"GET /uv248fip248inf210/images/technical_environment/prerequisite_techenv/prerequisite_techenv.html HTTP/1.1"
2425	2024/01/09 10:26:14	"GET /uv248fip248inf210/technical_environment_home.html HTTP/1.1"
2440	2024/01/09 10:26:15	"GET /uv248fip248inf210/images/technical_environment/prerequisite_techenv/prerequisite_techenv.html HTTP/1.1"
2433	2024/01/09 10:26:17	"GET /uv248fip248inf210/technical_environment_home.html HTTP/1.1"
2427	2024/01/09 10:26:17	"GET /uv248fip248inf210/practice_postgresql.html HTTP/1.1"
2421	2024/01/09 10:26:22	"GET /uv248fip248inf210/technical_environment_home.html HTTP/1.1"
2438	2024/01/09 10:26:23	"GET /uv248fip248inf210/index.html HTTP/1.1"
2434	2024/01/09 10:26:23	"GET /uv248fip248inf210/images/technical_environment/prerequisite_techenv/prerequisite_techenv.html HTTP/1.1"
2414	2024/01/09 10:26:26	"GET /uv248fip248inf210/images/technical_environment/prerequisite_techenv/prerequisite_techenv.html HTTP/1.1"
2416	2024/01/09 10:26:28	"GET /uv248fip248inf210/documentation_rdbms.html HTTP/1.1"
2416	2024/01/09 10:26:42	"GET /uv248fip248inf210/documentation_docker.html HTTP/1.1"
2410	2024/01/09 10:26:42	"GET /uv248fip248inf210/documentation_docker.html HTTP/1.1"
2410	2024/01/09 10:26:51	"GET /uv248fip248inf210/images/technical_environment/prerequisite_techenv/prerequisite_techenv.html HTTP/1.1"
2433	2024/01/09 10:26:56	"GET /uv248fip248inf210/images/technical_environment/prerequisite_techenv/prerequisite_techenv.html HTTP/1.1"
2439	2024/01/09 10:27:00	"GET /uv248fip248inf210/technical_environment_home.html HTTP/1.1"
2439	2024/01/09 10:27:08	"GET /uv248fip248inf210/images/technical_environment/prerequisite_techenv/prerequisite_techenv.html HTTP/1.1"
2445	2024/01/09 10:27:14	"GET /uv248fip248inf210/technical_environment_home.html HTTP/1.1"
2441	2024/01/09 10:27:19	"GET /uv248fip248inf210/technical_environment_home.html HTTP/1.1"
2432	2024/01/09 10:27:19	"GET /uv248fip248inf210/technical_environment_home.html HTTP/1.1"
2429	2024/01/09 10:27:20	"GET /uv248fip248inf210/technical_environment_home.html HTTP/1.1"
2445	2024/01/09 10:27:21	"GET /uv248fip248inf210/images/technical_environment/prerequisite_techenv/prerequisite_techenv.html HTTP/1.1"
2422	2024/01/09 10:27:29	"GET /uv248fip248inf210/technical_environment_home.html HTTP/1.1"
2438	2024/01/09 10:27:41	"GET /uv248fip248inf210/data_home.html HTTP/1.1"
2438	2024/01/09 10:27:56	"GET /uv248fip248inf210/images/technical_environment/prerequisite_techenv/prerequisite_techenv.html HTTP/1.1"
2422	2024/01/09 10:28:00	"GET /uv248fip248inf210/images/technical_environment/prerequisite_techenv/prerequisite_techenv.html HTTP/1.1"
2427	2024/01/09 10:28:08	"GET /uv248fip248inf210/images/technical_environment/prerequisite_techenv/prerequisite_techenv.html HTTP/1.1"
2410	2024/01/09 10:28:43	"GET /uv248fip248inf210/practice_docker.html HTTP/1.1"
2423	2024/01/09 10:28:44	"GET /uv248fip248inf210/technical_environment_home.html HTTP/1.1"
2434	2024/01/09 10:28:46	"GET /uv248fip248inf210/technical_environment_home.html HTTP/1.1"
2420	2024/01/09 10:29:27	"GET /uv248fip248inf210/images/technical_environment/prerequisite_techenv/prerequisite_techenv.html HTTP/1.1"
2435	2024/01/09 10:29:33	"GET /uv248fip248inf210/technical_environment_home.html HTTP/1.1"
2422	2024/01/09 10:30:06	"GET /uv248fip248inf210/documentation_programming.html HTTP/1.1"
2420	2024/01/09 10:30:16	"GET /uv248fip248inf210/images/technical_environment/prerequisite_techenv/prerequisite_techenv.html HTTP/1.1"
2420	2024/01/09 10:30:26	"GET /uv248fip248inf210/documentation_docker.html HTTP/1.1"
2443	2024/01/09 10:30:53	"GET /uv248fip248inf210/documentation_docker.html HTTP/1.1"
2443	2024/01/09 10:31:07	"GET /uv248fip248inf210/practice_docker.html HTTP/1.1"
2443	2024/01/09 10:31:20	"GET /uv248fip248inf210/practice_docker_advanced.html HTTP/1.1"
2443	2024/01/09 10:31:33	"GET /uv248fip248inf210/documentation_si.html HTTP/1.1"
245	2024/01/09 10:31:34	"GET /uv248fip248inf210/technical_environment_home.html HTTP/1.1"
2443	2024/01/09 10:31:43	"GET /uv248fip248inf210/documentation_rdbms.html HTTP/1.1"
2443	2024/01/09 10:31:50	"GET /uv248fip248inf210/practice_postgresql.html HTTP/1.1"
2446	2024/01/09 10:32:06	"GET /uv248fip248inf210/index.html HTTP/1.1"
2443	2024/01/09 10:32:06	"GET /uv248fip248inf210/documentation_programming.html HTTP/1.1"
2443	2024/01/09 10:32:10	"GET /uv248fip248inf210/inversion_of_control.html HTTP/1.1"
245	2024/01/09 10:32:10	"GET /uv248fip248inf210/images/technical_environment/prerequisite_techenv/prerequisite_techenv.html HTTP/1.1"
2412	2024/01/09 10:32:14	"GET /uv248fip248inf210/documentation_docker.html HTTP/1.1"
2412	2024/01/09 10:32:39	"GET /uv248fip248inf210/technical_environment_home.html HTTP/1.1"
2427	2024/01/09 10:32:45	"GET /uv248fip248inf210/documentation_docker.html HTTP/1.1"
2443	2024/01/09 10:32:51	"GET /uv248fip248inf210/spring_bean.html HTTP/1.1"
2443	2024/01/09 10:33:08	"GET /uv248fip248inf210/practice_spring.html HTTP/1.1"
2443	2024/01/09 10:33:08	"GET /uv248fip248inf210/practice_spring.html HTTP/1.1"
2422	2024/01/09 10:33:42	"GET /uv248fip248inf210/documentation_docker.html HTTP/1.1"
2436	2024/01/09 10:34:14	"GET /uv248fip248inf210/technical_environment_home.html HTTP/1.1"
2444	2024/01/09 10:34:24	"GET /uv248fip248inf210/technical_environment_home.html HTTP/1.1"
2422	2024/01/09 10:34:25	"GET /uv248fip248inf210/practice_docker.html HTTP/1.1"
2443	2024/01/09 10:35:04	"GET /uv248fip248inf210/web_architecture_home.html HTTP/1.1"
2443	2024/01/09 10:35:27	"GET /uv248fip248inf210/data_home.html HTTP/1.1"
2443	2024/01/09 10:35:32	"GET /uv248fip248inf210/project_home.html HTTP/1.1"
241	2024/01/09 10:35:39	"GET /uv248fip248inf210/documentation_docker.html HTTP/1.1"
2449	2024/01/09 10:36:15	"GET /uv248fip248inf210/technical_environment_home.html HTTP/1.1"
2422	2024/01/09 10:37:04	"GET /uv248fip248inf210/practice_docker_advanced.html HTTP/1.1"
241	2024/01/09 10:37:21	"GET /uv248fip248inf210/practice_docker.html HTTP/1.1"
2427	2024/01/09 10:37:50	"GET /uv248fip248inf210/practice_docker.html HTTP/1.1"
2430	2024/01/09 10:38:19	"GET /uv248fip248inf210/documentation_docker.html HTTP/1.1"
2431	2024/01/09 10:39:49	"GET /uv248fip248inf210/documentation_programming.html HTTP/1.1"
2431	2024/01/09 10:40:05	"GET /uv248fip248inf210/documentation_docker.html HTTP/1.1"
2416	2024/01/09 10:44:42	"GET /uv248fip248inf210/practice_docker.html HTTP/1.1"
2445	2024/01/09 10:45:15	"GET /uv248fip248inf210/technical_environment_home.html HTTP/1.1"
247	2024/01/09 10:45:17	"GET /uv248fip248inf210/documentation_docker.html HTTP/1.1"
2411	2024/01/09 10:46:00	"GET /uv248fip248inf210/documentation_programming.html HTTP/1.1"
2427	2024/01/09 10:46:20	"GET /uv248fip248inf210/documentation_programming.html HTTP/1.1"
2431	2024/01/09 10:48:38	"GET /uv248fip248inf210/practice_docker.html HTTP/1.1"
249	2024/01/09 10:48:38	"GET /uv248fip248inf210/documentation_programming.html HTTP/1.1"
2427	2024/01/09 10:48:39	"GET /uv248fip248inf210/practice_spring.html HTTP/1.1"
2430	2024/01/09 10:49:32	"GET /uv248fip248inf210/practice_docker.html HTTP/1.1"
2426	2024/01/09 10:49:35	"GET /uv248fip248inf210/technical_environment_home.html HTTP/1.1"
2444	2024/01/09 10:51:03	"GET /uv248fip248inf210/documentation_docker.html HTTP/1.1"
2420	2024/01/09 10:51:30	"GET /uv248fip248inf210/documentation_programming.html HTTP/1.1"
246	2024/01/09 10:52:20	"GET /uv248fip248inf210/documentation_programming.html HTTP/1.1"
2413	2024/01/09 10:53:05	"GET /uv248fip248inf210/documentation_docker.html HTTP/1.1"
2414	2024/01/09 10:53:13	"GET /uv248fip248inf210/documentation_docker.html HTTP/1.1"
247	2024/01/09 10:53:41	"GET /uv248fip248inf210/practice_docker.html HTTP/1.1"
2442	2024/01/09 10:54:25	"GET /uv248fip248inf210/images/technical_environment/prerequisite_techenv/prerequisite_techenv.html HTTP/1.1"
2442	2024/01/09 10:54:29	"GET /uv248fip248inf210/documentation_docker.html HTTP/1.1"
2420	2024/01/09 10:54:53	"GET /uv248fip248inf210/practice_spring.html HTTP/1.1"
249	2024/01/09 10:55:21	"GET /uv248fip248inf210/inversion_of_control.html HTTP/1.1"
2417	2024/01/09 10:55:29	"GET /uv248fip248inf210/images/technical_environment/prerequisite_techenv/prerequisite_techenv.html HTTP/1.1"
2417	2024/01/09 10:55:41	"GET /uv248fip248inf210/documentation_docker.html HTTP/1.1"
2411	2024/01/09 10:57:24	"GET /uv248fip248inf210/practice_spring.html HTTP/1.1"
2444	2024/01/09 10:57:41	"GET /uv248fip248inf210/practice_docker.html HTTP/1.1"
2419	2024/01/09 10:57:49	"GET /uv248fip248inf210/documentation_docker.html HTTP/1.1"
2444	2024/01/09 10:57:50	"GET /uv248fip248inf210/practice_docker.html HTTP/1.1"
2419	2024/01/09 10:57:52	"GET /uv248fip248inf210/documentation_docker.html HTTP/1.1"
249	2024/01/09 10:58:09	"GET /uv248fip248inf210/practice_spring.html HTTP/1.1"
2449	2024/01/09 10:58:14	"GET /uv248fip248inf210/technical_environment_home.html HTTP/1.1"
2442	2024/01/09 10:58:32	"GET /uv248fip248inf210/documentation_docker.html HTTP/1.1"
2442	2024/01/09 10:58:40	"GET /uv248fip248inf210/practice_docker.html HTTP/1.1"
2440	2024/01/09 10:59:09	"GET /uv248fip248inf210/documentation_docker.html HTTP/1.1"
2440	2024/01/09 10:59:09	"GET /uv248fip248inf210/documentation_docker.html HTTP/1.1"
2426	2024/01/09 10:59:20	"GET /uv248fip248inf210/images/technical_environment/prerequisite_techenv/prerequisite_techenv.html HTTP/1.1"
2426	2024/01/09 10:59:22	"GET /uv248fip248inf210/documentation_docker.html HTTP/1.1"
2445	2024/01/09 11:00:05	"GET /uv248fip248inf210/technical_environment_home.html HTTP/1.1"
2415	2024/01/09 11:01:42	"GET /uv248fip248inf210/practice_docker.html HTTP/1.1"
2413	2024/01/09 11:01:44	"GET /uv248fip248inf210/practice_docker.html HTTP/1.1"
2437	2024/01/09 11:01:44	"GET /uv248fip248inf210/documentation_docker.html HTTP/1.1"
2416	2024/01/09 11:02:25	"GET /uv248fip248inf210/practice_docker.html%20https:/hub.imt248atlantique.fr/uv248fip248inf210/practice_docker.html HTTP/1.1"
2426	2024/01/09 11:02:29	"GET /uv248fip248inf210/documentation_programming.html HTTP/1.1"
2414	2024/01/09 11:03:48	"GET /uv248fip248inf210/practice_docker.html HTTP/1.1"
2416	2024/01/09 11:04:01	"GET /uv248fip248inf210/practice_docker.html HTTP/1.1"
2412	2024/01/09 11:04:04	"GET /uv248fip248inf210/practice_docker.html HTTP/1.1"
2416	2024/01/09 11:04:10	"GET /uv248fip248inf210/index.html HTTP/1.1"
2412	2024/01/09 11:04:36	"GET /uv248fip248inf210/practice_postgresql.html HTTP/1.1"
2412	2024/01/09 11:05:15	"GET /uv248fip248inf210/documentation_programming.html HTTP/1.1"
2425	2024/01/09 11:05:23	"GET /uv248fip248inf210/documentation_programming.html HTTP/1.1"
2412	2024/01/09 11:05:24	"GET /uv248fip248inf210/practice_spring.html HTTP/1.1"
2416	2024/01/09 11:05:41	"GET /uv248fip248inf210/practice_docker_advanced.html HTTP/1.1"
2412	2024/01/09 11:05:55	"GET /uv248fip248inf210/documentation_docker.html HTTP/1.1"
2444	2024/01/09 11:06:29	"GET /uv248fip248inf210/practice_postgresql.html HTTP/1.1"
246	2024/01/09 11:08:17	"GET /uv248fip248inf210/practice_spring.html HTTP/1.1"
2425	2024/01/09 11:08:35	"GET /uv248fip248inf210/practice_spring.html HTTP/1.1"
2444	2024/01/09 11:09:15	"GET /uv248fip248inf210/documentation_programming.html HTTP/1.1"
2421	2024/01/09 11:11:19	"GET /uv248fip248inf210/technical_environment_home.html HTTP/1.1"
2426	2024/01/09 11:11:53	"GET /uv248fip248inf210/documentation_si.html HTTP/1.1"
249	2024/01/09 11:11:56	"GET /uv248fip248inf210/practice_postgresql.html HTTP/1.1"
241	2024/01/09 11:12:00	"GET /uv248fip248inf210/practice_postgresql.html HTTP/1.1"
2418	2024/01/09 11:12:40	"GET /uv248fip248inf210/technical_environment_home.html HTTP/1.1"
2421	2024/01/09 11:13:10	"GET /uv248fip248inf210/documentation_programming.html HTTP/1.1"
2421	2024/01/09 11:13:14	"GET /uv248fip248inf210/practice_spring.html HTTP/1.1"
2440	2024/01/09 11:13:31	"GET /uv248fip248inf210/practice_docker.html HTTP/1.1"
2446	2024/01/09 11:14:17	"GET /uv248fip248inf210/documentation_docker.html HTTP/1.1"
2431	2024/01/09 11:14:18	"GET /uv248fip248inf210/practice_postgresql.html HTTP/1.1"
2441	2024/01/09 11:14:21	"GET /uv248fip248inf210/technical_environment_home.html HTTP/1.1"
2441	2024/01/09 11:14:28	"GET /uv248fip248inf210/documentation_docker.html HTTP/1.1"
2434	2024/01/09 11:15:30	"GET /uv248fip248inf210/documentation_docker.html HTTP/1.1"
249	2024/01/09 11:16:48	"GET /uv248fip248inf210/documentation_rdbms.html HTTP/1.1"
2418	2024/01/09 11:17:07	"GET /uv248fip248inf210/documentation_docker.html HTTP/1.1"
2433	2024/01/09 11:17:10	"GET /uv248fip248inf210/documentation_docker.html HTTP/1.1"
2429	2024/01/09 11:17:39	"GET /uv248fip248inf210/documentation_docker.html HTTP/1.1"
247	2024/01/09 11:17:43	"GET /uv248fip248inf210/practice_postgresql.html HTTP/1.1"
2416	2024/01/09 11:18:59	"GET /uv248fip248inf210/documentation_rdbms.html HTTP/1.1"
2416	2024/01/09 11:19:06	"GET /uv248fip248inf210/practice_postgresql.html HTTP/1.1"
2444	2024/01/09 11:19:26	"GET /uv248fip248inf210/practice_spring.html HTTP/1.1"
2416	2024/01/09 11:19:34	"GET /uv248fip248inf210/documentation_si.html HTTP/1.1"
245	2024/01/09 11:19:42	"GET /uv248fip248inf210/documentation_docker.html HTTP/1.1"
249	2024/01/09 11:19:52	"GET /uv248fip248inf210/web_architecture_home.html HTTP/1.1"
2441	2024/01/09 11:20:37	"GET /uv248fip248inf210/practice_docker.html HTTP/1.1"
2426	2024/01/09 11:21:26	"GET /uv248fip248inf210/documentation_rdbms.html HTTP/1.1"
249	2024/01/09 11:21:26	"GET /uv248fip248inf210/images/web_architecture/prerequisite_archiweb/prerequisite_archiweb.html HTTP/1.1"
2436	2024/01/09 11:21:57	"GET /uv248fip248inf210/images/technical_environment/prerequisite_techenv/prerequisite_techenv.html HTTP/1.1"
2436	2024/01/09 11:22:10	"GET /uv248fip248inf210/documentation_docker.html HTTP/1.1"
2436	2024/01/09 11:22:15	"GET /uv248fip248inf210/practice_docker.html HTTP/1.1"
249	2024/01/09 11:23:10	"GET /uv248fip248inf210/lecture_dto.html HTTP/1.1"
2429	2024/01/09 11:23:57	"GET /uv248fip248inf210/practice_docker.html HTTP/1.1"
249	2024/01/09 11:24:27	"GET /uv248fip248inf210/lecture_xml.html HTTP/1.1"
2430	2024/01/09 11:24:38	"GET /uv248fip248inf210/practice_docker_advanced.html HTTP/1.1"
249	2024/01/09 11:24:44	"GET /uv248fip248inf210/lecture_validity.html HTTP/1.1"
249	2024/01/09 11:24:48	"GET /uv248fip248inf210/practice_xml.html HTTP/1.1"
2433	2024/01/09 11:24:56	"GET /uv248fip248inf210/practice_docker.html HTTP/1.1"
241	2024/01/09 11:25:30	"GET /uv248fip248inf210/practice_docker_advanced.html HTTP/1.1"
241	2024/01/09 11:25:52	"GET /uv248fip248inf210/documentation_si.html HTTP/1.1"
249	2024/01/09 11:25:55	"GET /uv248fip248inf210/lecture_dto.html HTTP/1.1"
2437	2024/01/09 11:26:17	"GET /uv248fip248inf210/practice_docker.html HTTP/1.1"
2418	2024/01/09 11:26:54	"GET /uv248fip248inf210/practice_docker.html HTTP/1.1"
2433	2024/01/09 11:27:18	"GET /uv248fip248inf210/documentation_docker.html HTTP/1.1"
2426	2024/01/09 11:27:28	"GET /uv248fip248inf210/practice_spring.html HTTP/1.1"
2410	2024/01/09 11:28:36	"GET /uv248fip248inf210/practice_postgresql.html HTTP/1.1"
2434	2024/01/09 11:28:55	"GET /uv248fip248inf210/practice_docker.html HTTP/1.1"
2410	2024/01/09 11:29:09	"GET /uv248fip248inf210/documentation_si.html HTTP/1.1"
2410	2024/01/09 11:29:19	"GET /uv248fip248inf210/documentation_rdbms.html HTTP/1.1"
2445	2024/01/09 11:29:21	"GET /uv248fip248inf210/web_architecture_home.html HTTP/1.1"
2445	2024/01/09 11:29:58	"GET /uv248fip248inf210/documentation_docker.html HTTP/1.1"
2433	2024/01/09 11:30:55	"GET /uv248fip248inf210/practice_docker_advanced.html HTTP/1.1"
2442	2024/01/09 11:31:18	"GET /uv248fip248inf210/practice_postgresql.html HTTP/1.1"
2445	2024/01/09 11:32:46	"GET /uv248fip248inf210/practice_docker.html HTTP/1.1"
2431	2024/01/09 11:33:14	"GET /uv248fip248inf210/index.html HTTP/1.1"
2431	2024/01/09 11:34:40	"GET /uv248fip248inf210/documentation_rdbms.html HTTP/1.1"
247	2024/01/09 11:35:10	"GET /uv248fip248inf210/practice_docker_advanced.html HTTP/1.1"
2426	2024/01/09 11:35:40	"GET /uv248fip248inf210/practice_spring.html HTTP/1.1"
2426	2024/01/09 11:35:44	"GET /uv248fip248inf210/technical_environment_home.html HTTP/1.1"
2410	2024/01/09 11:36:14	"GET /uv248fip248inf210/documentation_programming.html HTTP/1.1"
249	2024/01/09 11:37:40	"GET /uv248fip248inf210/lecture_dto.html HTTP/1.1"
249	2024/01/09 11:37:45	"GET /uv248fip248inf210/lecture_technical_architecture.html HTTP/1.1"
2410	2024/01/09 11:37:55	"GET /uv248fip248inf210/practice_spring.html HTTP/1.1"
2415	2024/01/09 11:38:09	"GET /uv248fip248inf210/practice_docker_advanced.html HTTP/1.1"
2418	2024/01/09 11:38:39	"GET /uv248fip248inf210/documentation_docker.html HTTP/1.1"
2418	2024/01/09 11:38:45	"GET /uv248fip248inf210/practice_docker.html HTTP/1.1"
2415	2024/01/09 11:39:01	"GET /uv248fip248inf210/documentation_si.html HTTP/1.1"
2415	2024/01/09 11:39:11	"GET /uv248fip248inf210/documentation_programming.html HTTP/1.1"
2413	2024/01/09 11:39:15	"GET /uv248fip248inf210/documentation_programming.html HTTP/1.1"
2432	2024/01/09 11:39:56	"GET /uv248fip248inf210/documentation_docker.html HTTP/1.1"
2432	2024/01/09 11:40:51	"GET /uv248fip248inf210/practice_docker.html HTTP/1.1"
2432	2024/01/09 11:40:56	"GET /uv248fip248inf210/practice_docker_advanced.html HTTP/1.1"
2439	2024/01/09 11:41:37	"GET /uv248fip248inf210/documentation_docker.html HTTP/1.1"
246	2024/01/09 11:42:22	"GET /uv248fip248inf210/documentation_docker.html HTTP/1.1"
241	2024/01/09 11:42:23	"GET /uv248fip248inf210/documentation_rdbms.html HTTP/1.1"
2425	2024/01/09 11:43:09	"GET /uv248fip248inf210/documentation_docker.html HTTP/1.1"
2419	2024/01/09 11:44:33	"GET /uv248fip248inf210/documentation_si.html HTTP/1.1"
2411	2024/01/09 11:45:39	"GET /uv248fip248inf210/documentation_docker.html HTTP/1.1"
2411	2024/01/09 11:45:56	"GET /uv248fip248inf210/practice_docker.html HTTP/1.1"
245	2024/01/09 11:47:09	"GET /uv248fip248inf210/practice_docker.html HTTP/1.1"
2414	2024/01/09 11:48:18	"GET /uv248fip248inf210/documentation_si.html HTTP/1.1"
2413	2024/01/09 11:50:17	"GET /uv248fip248inf210/practice_spring.html HTTP/1.1"
2430	2024/01/09 11:51:10	"GET /uv248fip248inf210/documentation_si.html HTTP/1.1"
2449	2024/01/09 11:51:15	"GET /uv248fip248inf210/documentation_docker.html HTTP/1.1"
2442	2024/01/09 11:52:14	"GET /uv248fip248inf210/documentation_programming.html HTTP/1.1"
2427	2024/01/09 11:53:16	"GET /uv248fip248inf210/documentation_si.html HTTP/1.1"
2414	2024/01/09 11:53:21	"GET /uv248fip248inf210/practice_postgresql.html HTTP/1.1"
249	2024/01/09 11:53:43	"GET /uv248fip248inf210/lecture_software_architecture.html HTTP/1.1"
2421	2024/01/09 11:54:03	"GET /uv248fip248inf210/practice_docker_advanced.html HTTP/1.1"
249	2024/01/09 11:55:50	"GET /uv248fip248inf210/lecture_mvc_spring.html HTTP/1.1"
247	2024/01/09 11:56:49	"GET /uv248fip248inf210/documentation_si.html HTTP/1.1"
246	2024/01/09 11:56:56	"GET /uv248fip248inf210/practice_docker.html HTTP/1.1"
2425	2024/01/09 11:57:02	"GET /uv248fip248inf210/practice_docker.html HTTP/1.1"
247	2024/01/09 11:57:05	"GET /uv248fip248inf210/documentation_rdbms.html HTTP/1.1"
2446	2024/01/09 11:57:12	"GET /uv248fip248inf210/practice_docker.html HTTP/1.1"
2417	2024/01/09 11:57:16	"GET /uv248fip248inf210/practice_docker.html HTTP/1.1"
2449	2024/01/09 11:57:30	"GET /uv248fip248inf210/documentation_programming.html HTTP/1.1"
2436	2024/01/09 11:58:33	"GET /uv248fip248inf210/index.html HTTP/1.1"
2443	2024/01/09 11:58:50	"GET /uv248fip248inf210/lecture_mvc_spring.html HTTP/1.1"
2443	2024/01/09 11:59:02	"GET /uv248fip248inf210/lecture_transaction.html HTTP/1.1"
2418	2024/01/09 11:59:18	"GET /uv248fip248inf210/practice_postgresql.html HTTP/1.1"
2421	2024/01/09 11:59:35	"GET /uv248fip248inf210/documentation_docker.html HTTP/1.1"
2442	2024/01/09 11:59:48	"GET /uv248fip248inf210/practice_spring.html HTTP/1.1"
2437	2024/01/09 12:01:26	"GET /uv248fip248inf210/practice_postgresql.html HTTP/1.1"
2420	2024/01/09 12:02:07	"GET /uv248fip248inf210/practice_docker.html HTTP/1.1"
2416	2024/01/09 12:02:18	"GET /uv248fip248inf210/documentation_programming.html HTTP/1.1"
249	2024/01/09 12:02:41	"GET /uv248fip248inf210/lecture_jpa.html HTTP/1.1"
2449	2024/01/09 12:02:44	"GET /uv248fip248inf210/practice_docker.html HTTP/1.1"
2418	2024/01/09 12:02:56	"GET /uv248fip248inf210/practice_docker.html HTTP/1.1"
2441	2024/01/09 12:02:59	"GET /uv248fip248inf210/practice_docker.html HTTP/1.1"
2418	2024/01/09 12:03:00	"GET /uv248fip248inf210/practice_docker.html HTTP/1.1"
2414	2024/01/09 12:03:27	"GET /uv248fip248inf210/documentation_rdbms.html HTTP/1.1"
2431	2024/01/09 12:03:42	"GET /uv248fip248inf210/documentation_si.html HTTP/1.1"
249	2024/01/09 12:03:52	"GET /uv248fip248inf210/practice_jpa.html HTTP/1.1"
2421	2024/01/09 12:07:09	"GET /uv248fip248inf210/practice_docker.html HTTP/1.1"
247	2024/01/09 12:09:55	"GET /uv248fip248inf210/documentation_programming.html HTTP/1.1"
2414	2024/01/09 12:10:10	"GET /uv248fip248inf210/documentation_programming.html HTTP/1.1"
2411	2024/01/09 13:41:51	"GET /uv248fip248inf210/documentation_si.html HTTP/1.1"
2411	2024/01/09 13:42:00	"GET /uv248fip248inf210/inversion_of_control.html HTTP/1.1"
2418	2024/01/09 13:56:29	"GET /uv248fip248inf210/web_architecture_home.html HTTP/1.1"
2418	2024/01/09 13:56:36	"GET /uv248fip248inf210/technical_environment_home.html HTTP/1.1"
2418	2024/01/09 13:56:45	"GET /uv248fip248inf210/practice_docker.html HTTP/1.1"
2418	2024/01/09 13:57:01	"GET /uv248fip248inf210/practice_docker_advanced.html HTTP/1.1"
2418	2024/01/09 13:58:30	"GET /uv248fip248inf210/practice_postgresql.html HTTP/1.1"
2418	2024/01/09 14:09:00	"GET /uv248fip248inf210/documentation_programming.html HTTP/1.1"
2418	2024/01/09 14:12:15	"GET /uv248fip248inf210/inversion_of_control.html HTTP/1.1"
2418	2024/01/09 14:13:15	"GET /uv248fip248inf210/spring_bean.html HTTP/1.1"
2418	2024/01/09 14:13:24	"GET /uv248fip248inf210/practice_spring.html HTTP/1.1"
2441	2024/01/09 14:21:58	"GET /uv248fip248inf210/practice_docker.html HTTP/1.1"
246	2024/01/09 14:52:57	"GET /uv248fip248inf210/practice_postgresql.html HTTP/1.1"
2437	2024/01/09 14:54:14	"GET /uv248fip248inf210/practice_docker_advanced.html HTTP/1.1"
2418	2024/01/09 15:56:17	"GET /uv248fip248inf210/practice_spring.html HTTP/1.1"
2418	2024/01/09 15:56:25	"GET /uv248fip248inf210/technical_environment_home.html HTTP/1.1"
2417	2024/01/09 18:42:15	"GET /uv248fip248inf210/practice_postgresql.html HTTP/1.1"
2446	2024/01/09 18:43:12	"GET /uv248fip248inf210/practice_postgresql.html HTTP/1.1"
2446	2024/01/09 20:13:02	"GET /uv248fip248inf210/practice_postgresql.html HTTP/1.1"
2417	2024/01/09 20:33:22	"GET /uv248fip248inf210/practice_postgresql.html HTTP/1.1"
2411	2024/01/09 21:03:47	"GET /uv248fip248inf210/practice_postgresql.html HTTP/1.1"
2446	2024/01/09 21:09:13	"GET /uv248fip248inf210/practice_docker_advanced.html HTTP/1.1"
2411	2024/01/09 21:12:09	"GET /uv248fip248inf210/inversion_of_control.html HTTP/1.1"
2411	2024/01/09 21:13:34	"GET /uv248fip248inf210/spring_bean.html HTTP/1.1"
2411	2024/01/09 21:13:59	"GET /uv248fip248inf210/documentation_rdbms.html HTTP/1.1"
2411	2024/01/09 21:43:00	"GET /uv248fip248inf210/documentation_docker.html HTTP/1.1"
2411	2024/01/09 21:43:28	"GET /uv248fip248inf210/web_architecture_home.html HTTP/1.1"
2447	2024/01/09 22:39:52	"GET /uv248fip248inf210/technical_environment_home.html HTTP/1.1"
2447	2024/01/09 23:06:38	"GET /uv248fip248inf210/documentation_docker.html HTTP/1.1"
2447	2024/01/09 23:06:45	"GET /uv248fip248inf210/practice_docker.html HTTP/1.1"
2447	2024/01/09 23:42:45	"GET /uv248fip248inf210/practice_docker_advanced.html HTTP/1.1"
2447	2024/01/09 23:46:48	"GET /uv248fip248inf210/practice_postgresql.html HTTP/1.1"
2447	2024/01/09 23:57:11	"GET /uv248fip248inf210/documentation_si.html HTTP/1.1"
2447	2024/01/09 23:57:50	"GET /uv248fip248inf210/documentation_rdbms.html HTTP/1.1"
2447	2024/01/10 00:06:28	"GET /uv248fip248inf210/index.html HTTP/1.1"
2447	2024/01/10 00:06:32	"GET /uv248fip248inf210/data_home.html HTTP/1.1"
2447	2024/01/10 00:06:35	"GET /uv248fip248inf210/lecture_relational_model.html HTTP/1.1"
2447	2024/01/10 00:09:43	"GET /uv248fip248inf210/technical_environment_home.html HTTP/1.1"
2447	2024/01/10 00:12:19	"GET /uv248fip248inf210/documentation_programming.html HTTP/1.1"
2447	2024/01/10 00:17:58	"GET /uv248fip248inf210/practice_spring.html HTTP/1.1"
2412	2024/02/26 08:03:22	"GET /uv248fip248inf210/technical_environment_home.html HTTP/1.1"
2412	2024/02/26 08:03:38	"GET /uv248fip248inf210/documentation_docker.html HTTP/1.1"
2412	2024/02/26 08:03:47	"GET /uv248fip248inf210/practice_docker.html HTTP/1.1"
2418	2024/02/26 08:54:17	"GET /uv248fip248inf210/project_home.html HTTP/1.1"
2418	2024/02/26 08:54:23	"GET /uv248fip248inf210/project_part4.html HTTP/1.1"
2418	2024/02/26 08:54:25	"GET /uv248fip248inf210/project_home.html HTTP/1.1"
2418	2024/02/26 08:54:27	"GET /uv248fip248inf210/project_part3.html HTTP/1.1"
2418	2024/02/26 08:54:30	"GET /uv248fip248inf210/project_part2.html HTTP/1.1"
2418	2024/02/26 09:04:49	"GET /uv248fip248inf210/project_part3.html HTTP/1.1"
2443	2024/02/26 09:31:09	"GET /uv248fip248inf210/index.html HTTP/1.1"
2440	2024/02/26 09:31:56	"GET /uv248fip248inf210/technical_environment_home.html HTTP/1.1"
2440	2024/02/26 09:32:24	"GET /uv248fip248inf210/index.html HTTP/1.1"
2440	2024/02/26 09:32:27	"GET /uv248fip248inf210/project_home.html HTTP/1.1"
2413	2024/02/26 09:32:34	"GET /uv248fip248inf210/index.html HTTP/1.1"
2413	2024/02/26 09:32:39	"GET /uv248fip248inf210/project_home.html HTTP/1.1"
2440	2024/02/26 09:32:43	"GET /uv248fip248inf210/project_part1.html HTTP/1.1"
2413	2024/02/26 09:32:44	"GET /uv248fip248inf210/project_part3.html HTTP/1.1"
2413	2024/02/26 09:32:47	"GET /uv248fip248inf210/project_part4.html HTTP/1.1"
2446	2024/02/26 09:32:47	"GET /uv248fip248inf210/index.html HTTP/1.1"
2442	2024/02/26 09:32:50	"GET /uv248fip248inf210/project_home.html HTTP/1.1"
2413	2024/02/26 09:32:51	"GET /uv248fip248inf210/project_part2.html HTTP/1.1"
2442	2024/02/26 09:32:54	"GET /uv248fip248inf210/project_part2.html HTTP/1.1"
2446	2024/02/26 09:32:56	"GET /uv248fip248inf210/project_home.html HTTP/1.1"
2443	2024/02/26 09:32:59	"GET /uv248fip248inf210/project_home.html HTTP/1.1"
2412	2024/02/26 09:33:00	"GET /uv248fip248inf210/index.html HTTP/1.1"
2438	2024/02/26 09:33:03	"GET /uv248fip248inf210/index.html HTTP/1.1"
2412	2024/02/26 09:33:04	"GET /uv248fip248inf210/project_home.html HTTP/1.1"
2438	2024/02/26 09:33:12	"GET /uv248fip248inf210/project_home.html HTTP/1.1"
2438	2024/02/26 09:33:14	"GET /uv248fip248inf210/project_part2.html HTTP/1.1"
2427	2024/02/26 09:33:36	"GET /uv248fip248inf210/project_home.html HTTP/1.1"
2440	2024/02/26 09:33:42	"GET /uv248fip248inf210/project_part2.html HTTP/1.1"
246	2024/02/26 09:33:49	"GET /uv248fip248inf210/project_home.html HTTP/1.1"
241	2024/02/26 09:33:56	"GET /uv248fip248inf210/project_part2.html HTTP/1.1"
2420	2024/02/26 09:34:02	"GET /uv248fip248inf210/technical_environment_home.html HTTP/1.1"
2431	2024/02/26 09:34:02	"GET /uv248fip248inf210/project_home.html HTTP/1.1"
2431	2024/02/26 09:34:05	"GET /uv248fip248inf210/project_part2.html HTTP/1.1"
2420	2024/02/26 09:34:12	"GET /uv248fip248inf210/index.html HTTP/1.1"
2420	2024/02/26 09:34:15	"GET /uv248fip248inf210/project_home.html HTTP/1.1"
246	2024/02/26 09:34:16	"GET /uv248fip248inf210/project_part2.html HTTP/1.1"
2420	2024/02/26 09:34:17	"GET /uv248fip248inf210/project_part2.html HTTP/1.1"
2431	2024/02/26 09:34:22	"GET /uv248fip248inf210/project_specifications.html HTTP/1.1"
2443	2024/02/26 09:34:22	"GET /uv248fip248inf210/web_architecture_home.html HTTP/1.1"
2431	2024/02/26 09:34:23	"GET /uv248fip248inf210/project_task_time.html HTTP/1.1"
2425	2024/02/26 09:34:23	"GET /uv248fip248inf210/practice_docker.html HTTP/1.1"
2429	2024/02/26 09:34:25	"GET /uv248fip248inf210/technical_environment_home.html HTTP/1.1"
2443	2024/02/26 09:34:25	"GET /uv248fip248inf210/lecture_software_architecture.html HTTP/1.1"
2417	2024/02/26 09:34:26	"GET /uv248fip248inf210/project_home.html HTTP/1.1"
2429	2024/02/26 09:34:28	"GET /uv248fip248inf210/project_home.html HTTP/1.1"
2425	2024/02/26 09:34:28	"GET /uv248fip248inf210/index.html HTTP/1.1"
2417	2024/02/26 09:34:30	"GET /uv248fip248inf210/project_part1.html HTTP/1.1"
2443	2024/02/26 09:34:31	"GET /uv248fip248inf210/practice_spring_2tiers_ext.html HTTP/1.1"
2425	2024/02/26 09:34:33	"GET /uv248fip248inf210/project_home.html HTTP/1.1"
2443	2024/02/26 09:34:36	"GET /uv248fip248inf210/technical_environment_home.html HTTP/1.1"
2446	2024/02/26 09:34:38	"GET /uv248fip248inf210/project_part2.html HTTP/1.1"
2443	2024/02/26 09:34:39	"GET /uv248fip248inf210/practice_docker_advanced.html HTTP/1.1"
2429	2024/02/26 09:34:39	"GET /uv248fip248inf210/project_part1.html HTTP/1.1"
2443	2024/02/26 09:34:39	"GET /uv248fip248inf210/practice_docker.html HTTP/1.1"
2420	2024/02/26 09:34:51	"GET /uv248fip248inf210/project_part1.html HTTP/1.1"
2429	2024/02/26 09:34:59	"GET /uv248fip248inf210/project_evaluation.html HTTP/1.1"
2421	2024/02/26 09:35:06	"GET /uv248fip248inf210/project_home.html HTTP/1.1"
2421	2024/02/26 09:35:09	"GET /uv248fip248inf210/project_part2.html HTTP/1.1"
2423	2024/02/26 09:35:12	"GET /uv248fip248inf210/project_home.html HTTP/1.1"
2427	2024/02/26 09:35:12	"GET /uv248fip248inf210/project_part2.html HTTP/1.1"
2439	2024/02/26 09:35:22	"GET /uv248fip248inf210/project_home.html HTTP/1.1"
2423	2024/02/26 09:35:23	"GET /uv248fip248inf210/project_part2.html HTTP/1.1"
2415	2024/02/26 09:36:12	"GET /uv248fip248inf210/project_home.html HTTP/1.1"
2415	2024/02/26 09:36:14	"GET /uv248fip248inf210/project_evaluation.html HTTP/1.1"
2415	2024/02/26 09:36:16	"GET /uv248fip248inf210/project_part1.html HTTP/1.1"
2415	2024/02/26 09:36:25	"GET /uv248fip248inf210/project_part2.html HTTP/1.1"
2423	2024/02/26 09:36:29	"GET /uv248fip248inf210/project_specifications.html HTTP/1.1"
2444	2024/02/26 09:36:32	"GET /uv248fip248inf210/index.html HTTP/1.1"
2444	2024/02/26 09:36:46	"GET /uv248fip248inf210/project_home.html HTTP/1.1"
2429	2024/02/26 09:36:47	"GET /uv248fip248inf210/project_part2.html HTTP/1.1"
2444	2024/02/26 09:36:48	"GET /uv248fip248inf210/project_part2.html HTTP/1.1"
2443	2024/02/26 09:36:51	"GET /uv248fip248inf210/project_home.html HTTP/1.1"
249	2024/02/26 09:37:06	"GET /uv248fip248inf210/project_home.html HTTP/1.1"
2442	2024/02/26 09:37:09	"GET /uv248fip248inf210/project_part1.html HTTP/1.1"
249	2024/02/26 09:37:10	"GET /uv248fip248inf210/project_part1.html HTTP/1.1"
249	2024/02/26 09:37:17	"GET /uv248fip248inf210/project_part2.html HTTP/1.1"
2434	2024/02/26 09:37:32	"GET /uv248fip248inf210/web_architecture_home.html HTTP/1.1"
2434	2024/02/26 09:37:36	"GET /uv248fip248inf210/project_home.html HTTP/1.1"
247	2024/02/26 09:37:40	"GET /uv248fip248inf210/activity_normalization_correction.html HTTP/1.1"
2434	2024/02/26 09:37:43	"GET /uv248fip248inf210/project_part2.html HTTP/1.1"
2439	2024/02/26 09:37:57	"GET /uv248fip248inf210/project_part2.html HTTP/1.1"
2433	2024/02/26 09:38:10	"GET /uv248fip248inf210/project_home.html HTTP/1.1"
2436	2024/02/26 09:38:11	"GET /uv248fip248inf210/web_architecture_home.html HTTP/1.1"
2436	2024/02/26 09:38:16	"GET /uv248fip248inf210/index.html HTTP/1.1"
2436	2024/02/26 09:38:19	"GET /uv248fip248inf210/project_home.html HTTP/1.1"
2433	2024/02/26 09:38:20	"GET /uv248fip248inf210/project_part2.html HTTP/1.1"
2436	2024/02/26 09:38:21	"GET /uv248fip248inf210/project_part2.html HTTP/1.1"
2433	2024/02/26 09:38:27	"GET /uv248fip248inf210/project_part1.html HTTP/1.1"
247	2024/02/26 09:38:31	"GET /uv248fip248inf210/project_home.html HTTP/1.1"
2427	2024/02/26 09:38:32	"GET /uv248fip248inf210/project_specifications.html HTTP/1.1"
2427	2024/02/26 09:38:34	"GET /uv248fip248inf210/project_task_time.html HTTP/1.1"
247	2024/02/26 09:38:36	"GET /uv248fip248inf210/project_part1.html HTTP/1.1"
245	2024/02/26 09:38:45	"GET /uv248fip248inf210/activity_normalization.html HTTP/1.1"
2443	2024/02/26 09:38:45	"GET /uv248fip248inf210/project_task_time.html HTTP/1.1"
245	2024/02/26 09:38:50	"GET /uv248fip248inf210/project_specifications.html HTTP/1.1"
245	2024/02/26 09:38:51	"GET /uv248fip248inf210/project_part1.html HTTP/1.1"
245	2024/02/26 09:38:56	"GET /uv248fip248inf210/project_part2.html HTTP/1.1"
2438	2024/02/26 09:38:58	"GET /uv248fip248inf210/project_part2.html HTTP/1.1"
2427	2024/02/26 09:39:03	"GET /uv248fip248inf210/project_evaluation.html HTTP/1.1"
247	2024/02/26 09:39:04	"GET /uv248fip248inf210/project_part2.html HTTP/1.1"
2423	2024/02/26 09:39:30	"GET /uv248fip248inf210/project_presentation.html HTTP/1.1"
2429	2024/02/26 09:39:38	"GET /uv248fip248inf210/project_specifications.html HTTP/1.1"
2423	2024/02/26 09:39:38	"GET /uv248fip248inf210/project_part1.html HTTP/1.1"
2432	2024/02/26 09:39:44	"GET /uv248fip248inf210/project_home.html HTTP/1.1"
2429	2024/02/26 09:39:45	"GET /uv248fip248inf210/project_evaluation.html HTTP/1.1"
2432	2024/02/26 09:39:46	"GET /uv248fip248inf210/project_part1.html HTTP/1.1"
2435	2024/02/26 09:40:22	"GET /uv248fip248inf210/project_home.html HTTP/1.1"
2435	2024/02/26 09:40:26	"GET /uv248fip248inf210/project_part2.html HTTP/1.1"
2443	2024/02/26 09:40:29	"GET /uv248fip248inf210/project_home.html HTTP/1.1"
2445	2024/02/26 09:40:30	"GET /uv248fip248inf210/project_home.html HTTP/1.1"
2445	2024/02/26 09:40:33	"GET /uv248fip248inf210/project_part2.html HTTP/1.1"
2420	2024/02/26 09:40:37	"GET /uv248fip248inf210/project_part1.html HTTP/1.1"
2443	2024/02/26 09:40:40	"GET /uv248fip248inf210/lecture_mvc_spring.html HTTP/1.1"
2412	2024/02/26 09:41:17	"GET /uv248fip248inf210/project_part2.html HTTP/1.1"
2422	2024/02/26 09:41:27	"GET /uv248fip248inf210/index.html HTTP/1.1"
2422	2024/02/26 09:41:31	"GET /uv248fip248inf210/project_home.html HTTP/1.1"
2425	2024/02/26 09:41:35	"GET /uv248fip248inf210/project_part2.html HTTP/1.1"
2422	2024/02/26 09:41:37	"GET /uv248fip248inf210/project_part2.html HTTP/1.1"
2416	2024/02/26 09:42:19	"GET /uv248fip248inf210/project_home.html HTTP/1.1"
2416	2024/02/26 09:42:22	"GET /uv248fip248inf210/project_part2.html HTTP/1.1"
2429	2024/02/26 09:42:30	"GET /uv248fip248inf210/project_part2.html HTTP/1.1"
2440	2024/02/26 09:44:56	"GET /uv248fip248inf210/project_part1.html HTTP/1.1"
2426	2024/02/26 09:45:22	"GET /uv248fip248inf210/project_part2.html HTTP/1.1"
2441	2024/02/26 09:45:57	"GET /uv248fip248inf210/project_home.html HTTP/1.1"
2441	2024/02/26 09:45:59	"GET /uv248fip248inf210/project_part2.html HTTP/1.1"
2420	2024/02/26 09:48:09	"GET /uv248fip248inf210/project_part2.html HTTP/1.1"
2411	2024/02/26 09:49:39	"GET /uv248fip248inf210/project_part2.html HTTP/1.1"
2443	2024/02/26 09:50:10	"GET /uv248fip248inf210/project_home.html HTTP/1.1"
2414	2024/02/26 09:50:12	"GET /uv248fip248inf210/technical_environment_home.html HTTP/1.1"
2443	2024/02/26 09:50:13	"GET /uv248fip248inf210/project_part2.html HTTP/1.1"
2427	2024/02/26 09:50:32	"GET /uv248fip248inf210/project_part2.html HTTP/1.1"
2425	2024/02/26 09:53:15	"GET /uv248fip248inf210/project_part1.html HTTP/1.1"
2425	2024/02/26 09:53:37	"GET /uv248fip248inf210/project_part2.html HTTP/1.1"
2445	2024/02/26 09:55:15	"GET /uv248fip248inf210/index.html HTTP/1.1"
2414	2024/02/26 09:55:50	"GET /uv248fip248inf210/index.html HTTP/1.1"
2414	2024/02/26 09:55:52	"GET /uv248fip248inf210/project_home.html HTTP/1.1"
2414	2024/02/26 09:55:55	"GET /uv248fip248inf210/project_part2.html HTTP/1.1"
2442	2024/02/26 09:56:01	"GET /uv248fip248inf210/project_specifications.html HTTP/1.1"
2417	2024/02/26 09:56:51	"GET /uv248fip248inf210/project_part2.html HTTP/1.1"
2437	2024/02/26 09:57:59	"GET /uv248fip248inf210/index.html HTTP/1.1"
2441	2024/02/26 09:58:16	"GET /uv248fip248inf210/project_part1.html HTTP/1.1"
2437	2024/02/26 09:58:30	"GET /uv248fip248inf210/project_home.html HTTP/1.1"
2437	2024/02/26 09:58:32	"GET /uv248fip248inf210/project_part2.html HTTP/1.1"
2441	2024/02/26 09:59:49	"GET /uv248fip248inf210/project_home.html HTTP/1.1"
2445	2024/02/26 10:00:26	"GET /uv248fip248inf210/project_home.html HTTP/1.1"
2445	2024/02/26 10:00:29	"GET /uv248fip248inf210/project_part2.html HTTP/1.1"
2429	2024/02/26 10:01:07	"GET /uv248fip248inf210/project_evaluation.html HTTP/1.1"
2426	2024/02/26 10:01:54	"GET /uv248fip248inf210/project_home.html HTTP/1.1"
2426	2024/02/26 10:02:37	"GET /uv248fip248inf210/project_part2.html HTTP/1.1"
2426	2024/02/26 10:02:58	"GET /uv248fip248inf210/project_part1.html HTTP/1.1"
2439	2024/02/26 10:03:01	"GET /uv248fip248inf210/project_part1.html HTTP/1.1"
2415	2024/02/26 10:03:08	"GET /uv248fip248inf210/project_part1.html HTTP/1.1"
2430	2024/02/26 10:03:53	"GET /uv248fip248inf210/technical_environment_home.html HTTP/1.1"
2439	2024/02/26 10:03:54	"GET /uv248fip248inf210/project_part2.html HTTP/1.1"
2410	2024/02/26 10:03:54	"GET /uv248fip248inf210/project_part2.html HTTP/1.1"
2415	2024/02/26 10:04:52	"GET /uv248fip248inf210/project_part2.html HTTP/1.1"
2444	2024/02/26 10:07:57	"GET /uv248fip248inf210/project_evaluation.html HTTP/1.1"
2441	2024/02/26 10:09:12	"GET /uv248fip248inf210/project_home.html HTTP/1.1"
2441	2024/02/26 10:09:15	"GET /uv248fip248inf210/project_part2.html HTTP/1.1"
2437	2024/02/26 10:09:34	"GET /uv248fip248inf210/web_architecture_home.html HTTP/1.1"
2441	2024/02/26 10:09:36	"GET /uv248fip248inf210/project_part1.html HTTP/1.1"
2437	2024/02/26 10:09:39	"GET /uv248fip248inf210/lecture_mvc_spring.html HTTP/1.1"
2437	2024/02/26 10:09:51	"GET /uv248fip248inf210/lecture_jpa.html HTTP/1.1"
2437	2024/02/26 10:10:10	"GET /uv248fip248inf210/lecture_technical_architecture.html HTTP/1.1"
2422	2024/02/26 10:13:25	"GET /uv248fip248inf210/project_part2.html HTTP/1.1"
2444	2024/02/26 10:13:39	"GET /uv248fip248inf210/project_part2.html HTTP/1.1"
2443	2024/02/26 10:14:00	"GET /uv248fip248inf210/project_part3.html HTTP/1.1"
2430	2024/02/26 10:14:17	"GET /uv248fip248inf210/project_home.html HTTP/1.1"
2430	2024/02/26 10:14:23	"GET /uv248fip248inf210/project_part2.html HTTP/1.1"
2420	2024/02/26 10:15:14	"GET /uv248fip248inf210/project_home.html HTTP/1.1"
2420	2024/02/26 10:15:17	"GET /uv248fip248inf210/project_part2.html HTTP/1.1"
246	2024/02/26 10:15:23	"GET /uv248fip248inf210/project_part2.html HTTP/1.1"
2421	2024/02/26 10:16:54	"GET /uv248fip248inf210/web_architecture_home.html HTTP/1.1"
2421	2024/02/26 10:16:59	"GET /uv248fip248inf210/lecture_software_architecture.html HTTP/1.1"
2431	2024/02/26 10:17:40	"GET /uv248fip248inf210/project_part2.html HTTP/1.1"
2412	2024/02/26 10:18:20	"GET /uv248fip248inf210/project_part2.html HTTP/1.1"
2421	2024/02/26 10:18:20	"GET /uv248fip248inf210/project_home.html HTTP/1.1"
2421	2024/02/26 10:18:35	"GET /uv248fip248inf210/technical_environment_home.html HTTP/1.1"
2421	2024/02/26 10:18:39	"GET /uv248fip248inf210/practice_docker.html HTTP/1.1"
2442	2024/02/26 10:20:47	"GET /uv248fip248inf210/index.html HTTP/1.1"
2415	2024/02/26 10:23:04	"GET /uv248fip248inf210/project_part2.html HTTP/1.1"
2426	2024/02/26 10:23:08	"GET /uv248fip248inf210/project_part2.html HTTP/1.1"
2413	2024/02/26 10:23:14	"GET /uv248fip248inf210/project_part2.html HTTP/1.1"
2415	2024/02/26 10:23:25	"GET /uv248fip248inf210/project_task_time.html HTTP/1.1"
2432	2024/02/26 10:24:43	"GET /uv248fip248inf210/project_part1.html HTTP/1.1"
2432	2024/02/26 10:24:46	"GET /uv248fip248inf210/project_part2.html HTTP/1.1"
245	2024/02/26 10:26:22	"GET /uv248fip248inf210/project_part2.html HTTP/1.1"
2417	2024/02/26 10:28:42	"GET /uv248fip248inf210/project_part1.html HTTP/1.1"
2417	2024/02/26 10:28:47	"GET /uv248fip248inf210/project_part2.html HTTP/1.1"
2447	2024/02/26 10:29:44	"GET /uv248fip248inf210/project_home.html HTTP/1.1"
2447	2024/02/26 10:29:47	"GET /uv248fip248inf210/project_part2.html HTTP/1.1"
2421	2024/02/26 10:34:14	"GET /uv248fip248inf210/project_part2.html HTTP/1.1"
246	2024/02/26 10:45:13	"GET /uv248fip248inf210/project_part1.html HTTP/1.1"
2430	2024/02/26 11:01:40	"GET /uv248fip248inf210/project_part1.html HTTP/1.1"
2430	2024/02/26 11:03:22	"GET /uv248fip248inf210/project_part2.html HTTP/1.1"
2445	2024/02/26 11:06:09	"GET /uv248fip248inf210/project_part2.html HTTP/1.1"
2433	2024/02/26 11:06:21	"GET /uv248fip248inf210/project_part2.html HTTP/1.1"
2441	2024/02/26 11:06:44	"GET /uv248fip248inf210/project_task_time.html HTTP/1.1"
2441	2024/02/26 11:06:52	"GET /uv248fip248inf210/project_evaluation.html HTTP/1.1"
246	2024/02/26 11:07:12	"GET /uv248fip248inf210/project_part1.html HTTP/1.1"
246	2024/02/26 11:07:14	"GET /uv248fip248inf210/project_part2.html HTTP/1.1"
2414	2024/02/26 11:09:43	"GET /uv248fip248inf210/project_part1.html HTTP/1.1"
2414	2024/02/26 11:09:52	"GET /uv248fip248inf210/project_part2.html HTTP/1.1"
2434	2024/02/26 11:13:56	"GET /uv248fip248inf210/project_home.html HTTP/1.1"
2434	2024/02/26 11:13:58	"GET /uv248fip248inf210/project_part2.html HTTP/1.1"
247	2024/02/26 11:19:22	"GET /uv248fip248inf210/project_part2.html HTTP/1.1"
2444	2024/02/26 11:20:45	"GET /uv248fip248inf210/project_evaluation.html HTTP/1.1"
2425	2024/02/26 11:22:37	"GET /uv248fip248inf210/project_home.html HTTP/1.1"
2425	2024/02/26 11:22:40	"GET /uv248fip248inf210/web_architecture_home.html HTTP/1.1"
247	2024/02/26 11:22:50	"GET /uv248fip248inf210/project_specifications.html HTTP/1.1"
247	2024/02/26 11:22:53	"GET /uv248fip248inf210/project_task_time.html HTTP/1.1"
2425	2024/02/26 11:22:56	"GET /uv248fip248inf210/images/web_architecture/prerequisite_archiweb/prerequisite_archiweb.html HTTP/1.1"
2425	2024/02/26 11:22:58	"GET /uv248fip248inf210/practice_jpa_advanced.html HTTP/1.1"
247	2024/02/26 11:23:11	"GET /uv248fip248inf210/project_evaluation.html HTTP/1.1"
2425	2024/02/26 11:23:37	"GET /uv248fip248inf210/practice_spring_2tiers_ext.html HTTP/1.1"
2411	2024/02/26 11:23:48	"GET /uv248fip248inf210/project_part2.html HTTP/1.1"
2417	2024/02/26 11:27:44	"GET /uv248fip248inf210/practice_spring_2tiers.html HTTP/1.1"
245	2024/02/26 11:27:48	"GET /uv248fip248inf210/project_part2.html HTTP/1.1"
2417	2024/02/26 11:27:49	"GET /uv248fip248inf210/index.html HTTP/1.1"
2417	2024/02/26 11:27:53	"GET /uv248fip248inf210/project_home.html HTTP/1.1"
2417	2024/02/26 11:28:07	"GET /uv248fip248inf210/project_part2.html HTTP/1.1"
2447	2024/02/26 11:28:43	"GET /uv248fip248inf210/project_home.html HTTP/1.1"
2447	2024/02/26 11:28:45	"GET /uv248fip248inf210/project_part2.html HTTP/1.1"
2418	2024/02/26 11:31:54	"GET /uv248fip248inf210/project_structureui.html HTTP/1.1"
2439	2024/02/26 11:35:56	"GET /uv248fip248inf210/project_home.html HTTP/1.1"
2439	2024/02/26 11:35:59	"GET /uv248fip248inf210/project_part2.html HTTP/1.1"
2444	2024/02/26 11:40:50	"GET /uv248fip248inf210/project_part2.html HTTP/1.1"
2449	2024/02/26 11:41:47	"GET /uv248fip248inf210/index.html HTTP/1.1"
2449	2024/02/26 11:42:02	"GET /uv248fip248inf210/project_home.html HTTP/1.1"
2421	2024/02/26 11:42:03	"GET /uv248fip248inf210/project_part2.html HTTP/1.1"
2449	2024/02/26 11:44:35	"GET /uv248fip248inf210/project_part2.html HTTP/1.1"
2420	2024/02/26 11:47:31	"GET /uv248fip248inf210/project_part2.html HTTP/1.1"
249	2024/02/26 11:48:28	"GET /uv248fip248inf210/technical_environment_home.html HTTP/1.1"
249	2024/02/26 11:48:37	"GET /uv248fip248inf210/practice_docker.html HTTP/1.1"
2433	2024/02/26 11:59:08	"GET /uv248fip248inf210/project_part2.html HTTP/1.1"
2444	2024/02/26 12:01:33	"GET /uv248fip248inf210/project_evaluation.html HTTP/1.1"
2447	2024/02/26 12:03:19	"GET /uv248fip248inf210/index.html HTTP/1.1"
2447	2024/02/26 12:03:21	"GET /uv248fip248inf210/technical_environment_home.html HTTP/1.1"
2447	2024/02/26 12:03:27	"GET /uv248fip248inf210/documentation_programming.html HTTP/1.1"
2447	2024/02/26 12:03:41	"GET /uv248fip248inf210/practice_spring.html HTTP/1.1"
2427	2024/02/26 12:03:53	"GET /uv248fip248inf210/project_part1.html HTTP/1.1"
2427	2024/02/26 12:04:01	"GET /uv248fip248inf210/index.html HTTP/1.1"
2427	2024/02/26 12:04:05	"GET /uv248fip248inf210/data_home.html HTTP/1.1"
2427	2024/02/26 12:04:06	"GET /uv248fip248inf210/images/data/prerequisite_data/prerequisite_data.html HTTP/1.1"
2427	2024/02/26 12:04:13	"GET /uv248fip248inf210/practice_sql.html HTTP/1.1"
2427	2024/02/26 12:04:26	"GET /uv248fip248inf210/practice_transaction.html HTTP/1.1"
2427	2024/02/26 12:05:11	"GET /uv248fip248inf210/practice_transaction_correction.html HTTP/1.1"
2427	2024/02/26 12:10:51	"GET /uv248fip248inf210/practice_advanced_sql.html HTTP/1.1"
2432	2024/02/26 12:13:32	"GET /uv248fip248inf210/project_part2.html HTTP/1.1"
2432	2024/02/26 12:13:34	"GET /uv248fip248inf210/project_part3.html HTTP/1.1"
2432	2024/02/26 12:13:37	"GET /uv248fip248inf210/project_structureui.html HTTP/1.1"
2421	2024/02/26 12:31:07	"GET /uv248fip248inf210/technical_environment_home.html HTTP/1.1"
2421	2024/02/26 12:31:12	"GET /uv248fip248inf210/documentation_programming.html HTTP/1.1"
2421	2024/02/26 12:38:43	"GET /uv248fip248inf210/web_architecture_home.html HTTP/1.1"
2421	2024/02/26 12:38:53	"GET /uv248fip248inf210/documentation_docker.html HTTP/1.1"
2421	2024/02/26 12:39:00	"GET /uv248fip248inf210/practice_docker_advanced.html HTTP/1.1"
2421	2024/02/26 12:39:01	"GET /uv248fip248inf210/practice_docker.html HTTP/1.1"
2421	2024/02/26 12:54:10	"GET /uv248fip248inf210/index.html HTTP/1.1"
2421	2024/02/26 12:54:11	"GET /uv248fip248inf210/project_home.html HTTP/1.1"
2421	2024/02/26 12:54:13	"GET /uv248fip248inf210/project_part2.html HTTP/1.1"
2414	2024/02/26 13:10:08	"GET /uv248fip248inf210/project_part1.html HTTP/1.1"
2439	2024/02/26 13:24:53	"GET /uv248fip248inf210/project_part2.html HTTP/1.1"
2421	2024/02/26 13:26:17	"GET /uv248fip248inf210/project_part2.html HTTP/1.1"
2421	2024/02/26 14:53:30	"GET /uv248fip248inf210/project_home.html HTTP/1.1"
2421	2024/02/26 14:53:33	"GET /uv248fip248inf210/project_part2.html HTTP/1.1"
2422	2024/02/26 18:52:44	"GET /uv248fip248inf210/project_home.html HTTP/1.1"
2422	2024/02/26 18:52:59	"GET /uv248fip248inf210/project_part2.html HTTP/1.1"
2421	2024/02/26 19:50:59	"GET /uv248fip248inf210/project_part2.html HTTP/1.1"
2415	2024/02/26 19:56:18	"GET /uv248fip248inf210/project_part2.html HTTP/1.1"
2415	2024/02/26 19:56:44	"GET /uv248fip248inf210/project_part3.html HTTP/1.1"
2415	2024/02/26 19:56:49	"GET /uv248fip248inf210/project_part4.html HTTP/1.1"
2415	2024/02/26 19:56:57	"GET /uv248fip248inf210/project_specifications.html HTTP/1.1"
2415	2024/02/26 19:56:58	"GET /uv248fip248inf210/project_task_time.html HTTP/1.1"
2415	2024/02/26 19:57:26	"GET /uv248fip248inf210/project_presentation.html HTTP/1.1"
2415	2024/02/26 19:58:01	"GET /uv248fip248inf210/project_evaluation.html HTTP/1.1"
2421	2024/02/26 21:23:29	"GET /uv248fip248inf210/project_home.html HTTP/1.1"
2421	2024/02/26 21:23:31	"GET /uv248fip248inf210/project_part2.html HTTP/1.1"
2421	2024/02/26 21:45:40	"GET /uv248fip248inf210/project_part1.html HTTP/1.1"
2426	2024/02/26 22:47:34	"GET /uv248fip248inf210/project_part2.html HTTP/1.1"
2426	2024/02/26 22:48:08	"GET /uv248fip248inf210/project_part1.html HTTP/1.1"
2426	2024/02/26 22:48:41	"GET /uv248fip248inf210/project_presentation.html HTTP/1.1"
2426	2024/02/26 22:48:52	"GET /uv248fip248inf210/project_specifications.html HTTP/1.1"
2426	2024/02/26 22:49:38	"GET /uv248fip248inf210/project_part1.html HTTP/1.1"
2426	2024/02/26 22:51:25	"GET /uv248fip248inf210/practice_jpa.html HTTP/1.1"
2426	2024/02/26 22:51:52	"GET /uv248fip248inf210/project_part2.html HTTP/1.1"
249	2024/02/26 23:02:24	"GET /uv248fip248inf210/project_home.html HTTP/1.1"
2426	2024/02/26 23:06:00	"GET /uv248fip248inf210/lecture_mvc_spring.html HTTP/1.1"
2426	2024/02/26 23:06:09	"GET /uv248fip248inf210/practice_jpa.html HTTP/1.1"
249	2024/02/26 23:42:19	"GET /uv248fip248inf210/web_architecture_home.html HTTP/1.1"
249	2024/02/26 23:42:31	"GET /uv248fip248inf210/project_part2.html HTTP/1.1"
2426	2024/02/26 23:59:05	"GET /uv248fip248inf210/project_evaluation.html HTTP/1.1"
2426	2024/02/26 23:59:20	"GET /uv248fip248inf210/project_specifications.html HTTP/1.1"
2426	2024/02/27 00:09:43	"GET /uv248fip248inf210/project_presentation.html HTTP/1.1"
2426	2024/02/27 00:09:45	"GET /uv248fip248inf210/project_evaluation.html HTTP/1.1"
2426	2024/02/27 00:11:34	"GET /uv248fip248inf210/project_part2.html HTTP/1.1"
249	2024/02/27 00:41:24	"GET /uv248fip248inf210/practice_postgresql.html HTTP/1.1"
2418	2024/02/27 00:47:19	"GET /uv248fip248inf210/project_home.html HTTP/1.1"
246	2024/01/14 11:54:03	"GET /uv248fip248inf210/data_home.html HTTP/1.1"
246	2024/01/14 11:54:08	"GET /uv248fip248inf210/images/data/prerequisite_data/prerequisite_data.html HTTP/1.1"
246	2024/01/14 11:54:13	"GET /uv248fip248inf210/activity_sql.html HTTP/1.1"
246	2024/01/14 12:19:10	"GET /uv248fip248inf210/lecture_relational_algebra.html HTTP/1.1"
246	2024/01/14 12:30:57	"GET /uv248fip248inf210/practice_sql.html HTTP/1.1"
246	2024/01/14 12:31:07	"GET /uv248fip248inf210/activity_sql_correction.html HTTP/1.1"
2446	2024/01/14 13:34:49	"GET /uv248fip248inf210/lecture_technical_architecture.html HTTP/1.1"
2410	2024/01/14 14:09:06	"GET /uv248fip248inf210/practice_docker.html HTTP/1.1"
2410	2024/01/14 14:09:11	"GET /uv248fip248inf210/technical_environment_home.html HTTP/1.1"
2410	2024/01/14 14:09:16	"GET /uv248fip248inf210/images/technical_environment/prerequisite_techenv/prerequisite_techenv.html HTTP/1.1"
2410	2024/01/14 14:09:22	"GET /uv248fip248inf210/index.html HTTP/1.1"
2410	2024/01/14 14:10:40	"GET /uv248fip248inf210/data_home.html HTTP/1.1"
2410	2024/01/14 14:10:44	"GET /uv248fip248inf210/images/data/prerequisite_data/prerequisite_data.html HTTP/1.1"
247	2024/01/14 14:35:33	"GET /uv248fip248inf210/web_architecture_home.html HTTP/1.1"
247	2024/01/14 14:35:42	"GET /uv248fip248inf210/practice_jpa_advanced.html HTTP/1.1"
247	2024/01/14 14:35:48	"GET /uv248fip248inf210/practice_spring_2tiers.html HTTP/1.1"
247	2024/01/14 14:35:59	"GET /uv248fip248inf210/practice_jpa.html HTTP/1.1"
2434	2024/01/14 15:38:06	"GET /uv248fip248inf210/index.html HTTP/1.1"
2434	2024/01/14 15:38:41	"GET /uv248fip248inf210/web_architecture_home.html HTTP/1.1"
2434	2024/01/14 15:38:44	"GET /uv248fip248inf210/practice_spring_2tiers.html HTTP/1.1"
241	2024/01/14 16:05:03	"GET /uv248fip248inf210/lecture_dto.html HTTP/1.1"
241	2024/01/14 16:05:28	"GET /uv248fip248inf210/lecture_xml.html HTTP/1.1"
241	2024/01/14 16:06:36	"GET /uv248fip248inf210/lecture_json.html HTTP/1.1"
241	2024/01/14 16:07:17	"GET /uv248fip248inf210/practice_json.html HTTP/1.1"
241	2024/01/14 16:08:19	"GET /uv248fip248inf210/index.html HTTP/1.1"
241	2024/01/14 16:08:21	"GET /uv248fip248inf210/data_home.html HTTP/1.1"
241	2024/01/14 16:08:25	"GET /uv248fip248inf210/lecture_relational_model.html HTTP/1.1"
241	2024/01/14 16:11:45	"GET /uv248fip248inf210/lecture_db_integrity.html HTTP/1.1"
241	2024/01/14 16:17:36	"GET /uv248fip248inf210/activity_relational_model.html HTTP/1.1"
241	2024/01/14 16:25:57	"GET /uv248fip248inf210/lecture_modeling_normalization.html HTTP/1.1"
241	2024/01/14 16:28:28	"GET /uv248fip248inf210/lecture_conceptual_modeling.html HTTP/1.1"
241	2024/01/14 16:29:54	"GET /uv248fip248inf210/lecture_normalization.html HTTP/1.1"
241	2024/01/14 16:32:55	"GET /uv248fip248inf210/technical_environment_home.html HTTP/1.1"
241	2024/01/14 16:32:59	"GET /uv248fip248inf210/web_architecture_home.html HTTP/1.1"
241	2024/01/14 16:33:09	"GET /uv248fip248inf210/practice_jpa.html HTTP/1.1"
241	2024/01/14 16:34:10	"GET /uv248fip248inf210/lecture_independence_views.html HTTP/1.1"
241	2024/01/14 16:34:11	"GET /uv248fip248inf210/activity_conceptual_modeling.html HTTP/1.1"
2434	2024/01/14 16:49:26	"GET /uv248fip248inf210/practice_spring_2tiers_ext.html HTTP/1.1"
241	2024/01/14 17:19:04	"GET /uv248fip248inf210/practice_spring_2tiers_ext.html HTTP/1.1"
241	2024/01/14 17:19:06	"GET /uv248fip248inf210/practice_spring_2tiers.html HTTP/1.1"
2434	2024/01/14 19:38:03	"GET /uv248fip248inf210/technical_environment_home.html HTTP/1.1"
2434	2024/01/14 19:38:17	"GET /uv248fip248inf210/index.html HTTP/1.1"
2417	2024/01/14 19:38:57	"GET /uv248fip248inf210/practice_jpa.html HTTP/1.1"
2434	2024/01/14 19:50:35	"GET /uv248fip248inf210/lecture_dto.html HTTP/1.1"
2434	2024/01/14 19:50:38	"GET /uv248fip248inf210/lecture_xml.html HTTP/1.1"
2417	2024/01/14 20:50:31	"GET /uv248fip248inf210/practice_jpa.html HTTP/1.1"
2446	2024/01/14 23:12:48	"GET /uv248fip248inf210/index.html HTTP/1.1"
2446	2024/01/14 23:12:53	"GET /uv248fip248inf210/web_architecture_home.html HTTP/1.1"
2446	2024/01/14 23:12:56	"GET /uv248fip248inf210/images/web_architecture/prerequisite_archiweb/prerequisite_archiweb.html HTTP/1.1"
2446	2024/01/14 23:13:03	"GET /uv248fip248inf210/lecture_technical_architecture.html HTTP/1.1"
2446	2024/01/14 23:22:02	"GET /uv248fip248inf210/lecture_software_architecture.html HTTP/1.1"
2446	2024/01/14 23:29:57	"GET /uv248fip248inf210/lecture_software_architecture.html HTTP/1.1"
2446	2024/01/14 23:30:21	"GET /uv248fip248inf210/lecture_mvc_spring.html HTTP/1.1"
2446	2024/01/14 23:48:07	"GET /uv248fip248inf210/lecture_mvc_spring.html HTTP/1.1"
2446	2024/01/14 23:48:15	"GET /uv248fip248inf210/lecture_jpa.html HTTP/1.1"
2440	2024/01/15 08:51:47	"GET /uv248fip248inf210/technical_environment_home.html HTTP/1.1"
2440	2024/01/15 09:00:11	"GET /uv248fip248inf210/index.html HTTP/1.1"
2440	2024/01/15 09:00:15	"GET /uv248fip248inf210/web_architecture_home.html HTTP/1.1"
2440	2024/01/15 09:00:30	"GET /uv248fip248inf210/images/web_architecture/prerequisite_archiweb/prerequisite_archiweb.html HTTP/1.1"
2440	2024/01/15 09:00:32	"GET /uv248fip248inf210/lecture_technical_architecture.html HTTP/1.1"
2440	2024/01/15 09:00:49	"GET /uv248fip248inf210/practice_jpa.html HTTP/1.1"
247	2024/01/15 09:19:08	"GET /uv248fip248inf210/web_architecture_home.html HTTP/1.1"
247	2024/01/15 09:28:23	"GET /uv248fip248inf210/practice_spring_2tiers.html HTTP/1.1"
247	2024/01/15 09:28:25	"GET /uv248fip248inf210/practice_jpa.html HTTP/1.1"
249	2024/01/15 09:29:16	"GET /uv248fip248inf210/data_home.html HTTP/1.1"
249	2024/01/15 09:29:19	"GET /uv248fip248inf210/web_architecture_home.html HTTP/1.1"
249	2024/01/15 09:29:34	"GET /uv248fip248inf210/lecture_dto.html HTTP/1.1"
2410	2024/01/15 09:29:41	"GET /uv248fip248inf210/practice_docker.html HTTP/1.1"
249	2024/01/15 09:29:42	"GET /uv248fip248inf210/practice_xml.html HTTP/1.1"
2410	2024/01/15 09:29:46	"GET /uv248fip248inf210/index.html HTTP/1.1"
2410	2024/01/15 09:29:53	"GET /uv248fip248inf210/data_home.html HTTP/1.1"
2442	2024/01/15 09:29:54	"GET /uv248fip248inf210/web_architecture_home.html HTTP/1.1"
2442	2024/01/15 09:29:57	"GET /uv248fip248inf210/images/web_architecture/prerequisite_archiweb/prerequisite_archiweb.html HTTP/1.1"
2410	2024/01/15 09:30:04	"GET /uv248fip248inf210/images/data/prerequisite_data/prerequisite_data.html HTTP/1.1"
249	2024/01/15 09:30:05	"GET /uv248fip248inf210/technical_environment_home.html HTTP/1.1"
2442	2024/01/15 09:30:06	"GET /uv248fip248inf210/practice_jpa.html HTTP/1.1"
249	2024/01/15 09:30:10	"GET /uv248fip248inf210/images/web_architecture/prerequisite_archiweb/prerequisite_archiweb.html HTTP/1.1"
249	2024/01/15 09:30:17	"GET /uv248fip248inf210/lecture_validity.html HTTP/1.1"
2410	2024/01/15 09:30:32	"GET /uv248fip248inf210/lecture_normalization.html HTTP/1.1"
2422	2024/01/15 09:30:56	"GET /uv248fip248inf210/index.html HTTP/1.1"
2412	2024/01/15 09:30:58	"GET /uv248fip248inf210/practice_jpa.html HTTP/1.1"
245	2024/01/15 09:31:15	"GET /uv248fip248inf210/activity_conceptual_modeling.html HTTP/1.1"
2422	2024/01/15 09:31:31	"GET /uv248fip248inf210/web_architecture_home.html HTTP/1.1"
2417	2024/01/15 09:31:31	"GET /uv248fip248inf210/practice_jpa.html HTTP/1.1"
245	2024/01/15 09:31:36	"GET /uv248fip248inf210/activity_normalization.html HTTP/1.1"
2422	2024/01/15 09:31:36	"GET /uv248fip248inf210/practice_jpa.html HTTP/1.1"
2431	2024/01/15 09:31:40	"GET /uv248fip248inf210/data_home.html HTTP/1.1"
2431	2024/01/15 09:31:44	"GET /uv248fip248inf210/images/data/prerequisite_data/prerequisite_data.html HTTP/1.1"
2431	2024/01/15 09:32:01	"GET /uv248fip248inf210/activity_relational_model.html HTTP/1.1"
2411	2024/01/15 09:32:28	"GET /uv248fip248inf210/images/web_architecture/prerequisite_archiweb/prerequisite_archiweb.html HTTP/1.1"
2411	2024/01/15 09:32:30	"GET /uv248fip248inf210/practice_jpa.html HTTP/1.1"
2446	2024/01/15 09:33:10	"GET /uv248fip248inf210/index.html HTTP/1.1"
2446	2024/01/15 09:33:19	"GET /uv248fip248inf210/technical_environment_home.html HTTP/1.1"
2446	2024/01/15 09:33:31	"GET /uv248fip248inf210/web_architecture_home.html HTTP/1.1"
2446	2024/01/15 09:33:43	"GET /uv248fip248inf210/practice_jpa.html HTTP/1.1"
2446	2024/01/15 09:33:48	"GET /uv248fip248inf210/images/web_architecture/prerequisite_archiweb/prerequisite_archiweb.html HTTP/1.1"
2418	2024/01/15 09:33:51	"GET /uv248fip248inf210/web_architecture_home.html HTTP/1.1"
2418	2024/01/15 09:33:54	"GET /uv248fip248inf210/practice_spring_2tiers.html HTTP/1.1"
2418	2024/01/15 09:34:07	"GET /uv248fip248inf210/practice_spring_2tiers_ext.html HTTP/1.1"
2432	2024/01/15 09:35:09	"GET /uv248fip248inf210/data_home.html HTTP/1.1"
2432	2024/01/15 09:35:16	"GET /uv248fip248inf210/lecture_modeling_normalization.html HTTP/1.1"
2415	2024/01/15 09:35:40	"GET /uv248fip248inf210/practice_sql.html HTTP/1.1"
2429	2024/01/15 09:35:57	"GET /uv248fip248inf210/web_architecture_home.html HTTP/1.1"
2429	2024/01/15 09:36:01	"GET /uv248fip248inf210/practice_jpa.html HTTP/1.1"
2441	2024/01/15 09:37:14	"GET /uv248fip248inf210/data_home.html HTTP/1.1"
2441	2024/01/15 09:37:18	"GET /uv248fip248inf210/web_architecture_home.html HTTP/1.1"
2441	2024/01/15 09:37:21	"GET /uv248fip248inf210/lecture_technical_architecture.html HTTP/1.1"
2422	2024/01/15 09:37:22	"GET /uv248fip248inf210/practice_jpa_advanced.html HTTP/1.1"
2422	2024/01/15 09:37:22	"GET /uv248fip248inf210/practice_spring_2tiers.html HTTP/1.1"
2410	2024/01/15 09:37:47	"GET /uv248fip248inf210/activity_normalization.html HTTP/1.1"
2413	2024/01/15 09:37:59	"GET /uv248fip248inf210/index.html HTTP/1.1"
2413	2024/01/15 09:38:08	"GET /uv248fip248inf210/data_home.html HTTP/1.1"
2417	2024/01/15 09:38:09	"GET /uv248fip248inf210/practice_spring_2tiers.html HTTP/1.1"
2413	2024/01/15 09:38:11	"GET /uv248fip248inf210/activity_sql.html HTTP/1.1"
2438	2024/01/15 09:38:31	"GET /uv248fip248inf210/index.html HTTP/1.1"
2445	2024/01/15 09:38:40	"GET /uv248fip248inf210/data_home.html HTTP/1.1"
2445	2024/01/15 09:38:43	"GET /uv248fip248inf210/activity_sql.html HTTP/1.1"
2415	2024/01/15 09:38:47	"GET /uv248fip248inf210/index.html HTTP/1.1"
2416	2024/01/15 09:38:57	"GET /uv248fip248inf210/technical_environment_home.html HTTP/1.1"
2416	2024/01/15 09:39:09	"GET /uv248fip248inf210/images/technical_environment/prerequisite_techenv/prerequisite_techenv.html HTTP/1.1"
245	2024/01/15 09:39:28	"GET /uv248fip248inf210/lecture_normalization.html HTTP/1.1"
2420	2024/01/15 09:39:36	"GET /uv248fip248inf210/web_architecture_home.html HTTP/1.1"
2420	2024/01/15 09:39:41	"GET /uv248fip248inf210/practice_spring_2tiers.html HTTP/1.1"
2438	2024/01/15 09:39:46	"GET /uv248fip248inf210/web_architecture_home.html HTTP/1.1"
2438	2024/01/15 09:40:19	"GET /uv248fip248inf210/images/web_architecture/prerequisite_archiweb/prerequisite_archiweb.html HTTP/1.1"
2438	2024/01/15 09:40:20	"GET /uv248fip248inf210/practice_spring_2tiers.html HTTP/1.1"
2441	2024/01/15 09:41:05	"GET /uv248fip248inf210/lecture_software_architecture.html HTTP/1.1"
2425	2024/01/15 09:41:44	"GET /uv248fip248inf210/practice_docker.html HTTP/1.1"
2425	2024/01/15 09:41:57	"GET /uv248fip248inf210/index.html HTTP/1.1"
2441	2024/01/15 09:42:00	"GET /uv248fip248inf210/lecture_mvc_spring.html HTTP/1.1"
246	2024/01/15 09:42:01	"GET /uv248fip248inf210/web_architecture_home.html HTTP/1.1"
2417	2024/01/15 09:42:01	"GET /uv248fip248inf210/index.html HTTP/1.1"
246	2024/01/15 09:42:04	"GET /uv248fip248inf210/images/web_architecture/prerequisite_archiweb/prerequisite_archiweb.html HTTP/1.1"
2417	2024/01/15 09:42:06	"GET /uv248fip248inf210/web_architecture_home.html HTTP/1.1"
2441	2024/01/15 09:42:08	"GET /uv248fip248inf210/practice_jpa.html HTTP/1.1"
2436	2024/01/15 09:42:09	"GET /uv248fip248inf210/practice_spring_2tiers.html HTTP/1.1"
2437	2024/01/15 09:42:11	"GET /uv248fip248inf210/web_architecture_home.html HTTP/1.1"
2417	2024/01/15 09:42:12	"GET /uv248fip248inf210/images/web_architecture/prerequisite_archiweb/prerequisite_archiweb.html HTTP/1.1"
2436	2024/01/15 09:42:13	"GET /uv248fip248inf210/lecture_mvc_spring.html HTTP/1.1"
246	2024/01/15 09:42:14	"GET /uv248fip248inf210/lecture_mvc_spring.html HTTP/1.1"
2437	2024/01/15 09:42:16	"GET /uv248fip248inf210/practice_jpa.html HTTP/1.1"
2436	2024/01/15 09:42:17	"GET /uv248fip248inf210/lecture_jpa.html HTTP/1.1"
2439	2024/01/15 09:42:19	"GET /uv248fip248inf210/lecture_conceptual_modeling.html HTTP/1.1"
2437	2024/01/15 09:42:20	"GET /uv248fip248inf210/lecture_jpa.html HTTP/1.1"
2425	2024/01/15 09:42:23	"GET /uv248fip248inf210/web_architecture_home.html HTTP/1.1"
2436	2024/01/15 09:42:24	"GET /uv248fip248inf210/index.html HTTP/1.1"
2436	2024/01/15 09:42:27	"GET /uv248fip248inf210/web_architecture_home.html HTTP/1.1"
2436	2024/01/15 09:42:30	"GET /uv248fip248inf210/images/web_architecture/prerequisite_archiweb/prerequisite_archiweb.html HTTP/1.1"
2425	2024/01/15 09:42:31	"GET /uv248fip248inf210/images/web_architecture/prerequisite_archiweb/prerequisite_archiweb.html HTTP/1.1"
2419	2024/01/15 09:42:35	"GET /uv248fip248inf210/data_home.html HTTP/1.1"
2419	2024/01/15 09:42:38	"GET /uv248fip248inf210/activity_sql.html HTTP/1.1"
2427	2024/01/15 09:42:38	"GET /uv248fip248inf210/data_home.html HTTP/1.1"
2410	2024/01/15 09:42:42	"GET /uv248fip248inf210/activity_normalization_correction.html HTTP/1.1"
2427	2024/01/15 09:42:44	"GET /uv248fip248inf210/images/data/prerequisite_data/prerequisite_data.html HTTP/1.1"
2427	2024/01/15 09:42:47	"GET /uv248fip248inf210/practice_sql.html HTTP/1.1"
2432	2024/01/15 09:42:49	"GET /uv248fip248inf210/lecture_conceptual_modeling.html HTTP/1.1"
2421	2024/01/15 09:43:01	"GET /uv248fip248inf210/web_architecture_home.html HTTP/1.1"
2425	2024/01/15 09:43:04	"GET /uv248fip248inf210/lecture_technical_architecture.html HTTP/1.1"
2421	2024/01/15 09:43:07	"GET /uv248fip248inf210/lecture_technical_architecture.html HTTP/1.1"
2425	2024/01/15 09:43:07	"GET /uv248fip248inf210/lecture_software_architecture.html HTTP/1.1"
2425	2024/01/15 09:43:14	"GET /uv248fip248inf210/practice_spring_2tiers.html HTTP/1.1"
2425	2024/01/15 09:43:24	"GET /uv248fip248inf210/project_home.html HTTP/1.1"
2425	2024/01/15 09:43:53	"GET /uv248fip248inf210/lecture_mvc_spring.html HTTP/1.1"
246	2024/01/15 09:45:07	"GET /uv248fip248inf210/lecture_jpa.html HTTP/1.1"
246	2024/01/15 09:45:28	"GET /uv248fip248inf210/practice_jpa.html HTTP/1.1"
2431	2024/01/15 09:47:09	"GET /uv248fip248inf210/activity_relational_model_correction.html HTTP/1.1"
2435	2024/01/15 09:48:33	"GET /uv248fip248inf210/technical_environment_home.html HTTP/1.1"
249	2024/01/15 09:48:40	"GET /uv248fip248inf210/lecture_json.html HTTP/1.1"
2435	2024/01/15 09:48:45	"GET /uv248fip248inf210/data_home.html HTTP/1.1"
2435	2024/01/15 09:48:48	"GET /uv248fip248inf210/lecture_modeling_normalization.html HTTP/1.1"
2413	2024/01/15 09:48:56	"GET /uv248fip248inf210/practice_independence_views.html HTTP/1.1"
2421	2024/01/15 09:49:28	"GET /uv248fip248inf210/lecture_software_architecture.html HTTP/1.1"
2430	2024/01/15 09:50:27	"GET /uv248fip248inf210/technical_environment_home.html HTTP/1.1"
2430	2024/01/15 09:50:39	"GET /uv248fip248inf210/index.html HTTP/1.1"
2414	2024/01/15 09:50:40	"GET /uv248fip248inf210/technical_environment_home.html HTTP/1.1"
2414	2024/01/15 09:50:42	"GET /uv248fip248inf210/images/technical_environment/prerequisite_techenv/prerequisite_techenv.html HTTP/1.1"
2430	2024/01/15 09:50:42	"GET /uv248fip248inf210/web_architecture_home.html HTTP/1.1"
2421	2024/01/15 09:50:46	"GET /uv248fip248inf210/lecture_mvc_spring.html HTTP/1.1"
2430	2024/01/15 09:50:49	"GET /uv248fip248inf210/practice_jpa_advanced.html HTTP/1.1"
2414	2024/01/15 09:50:52	"GET /uv248fip248inf210/documentation_programming.html HTTP/1.1"
2421	2024/01/15 09:50:54	"GET /uv248fip248inf210/lecture_jpa.html HTTP/1.1"
2414	2024/01/15 09:50:58	"GET /uv248fip248inf210/inversion_of_control.html HTTP/1.1"
2421	2024/01/15 09:51:05	"GET /uv248fip248inf210/practice_jpa.html HTTP/1.1"
2437	2024/01/15 09:51:25	"GET /uv248fip248inf210/index.html HTTP/1.1"
2437	2024/01/15 09:51:28	"GET /uv248fip248inf210/technical_environment_home.html HTTP/1.1"
2414	2024/01/15 09:51:35	"GET /uv248fip248inf210/index.html HTTP/1.1"
2414	2024/01/15 09:51:39	"GET /uv248fip248inf210/web_architecture_home.html HTTP/1.1"
2437	2024/01/15 09:51:40	"GET /uv248fip248inf210/practice_docker.html HTTP/1.1"
2414	2024/01/15 09:51:45	"GET /uv248fip248inf210/images/web_architecture/prerequisite_archiweb/prerequisite_archiweb.html HTTP/1.1"
2414	2024/01/15 09:51:58	"GET /uv248fip248inf210/practice_spring_2tiers.html HTTP/1.1"
2435	2024/01/15 09:52:32	"GET /uv248fip248inf210/lecture_conceptual_modeling.html HTTP/1.1"
2445	2024/01/15 09:53:02	"GET /uv248fip248inf210/practice_sql.html HTTP/1.1"
246	2024/01/15 09:53:22	"GET /uv248fip248inf210/index.html HTTP/1.1"
246	2024/01/15 09:53:27	"GET /uv248fip248inf210/data_home.html HTTP/1.1"
246	2024/01/15 09:53:31	"GET /uv248fip248inf210/activity_normalization.html HTTP/1.1"
2432	2024/01/15 09:54:30	"GET /uv248fip248inf210/lecture_normalization.html HTTP/1.1"
2441	2024/01/15 09:54:48	"GET /uv248fip248inf210/index.html HTTP/1.1"
2441	2024/01/15 09:54:51	"GET /uv248fip248inf210/technical_environment_home.html HTTP/1.1"
2441	2024/01/15 09:54:56	"GET /uv248fip248inf210/practice_docker.html HTTP/1.1"
246	2024/01/15 09:55:03	"GET /uv248fip248inf210/activity_normalization_correction.html HTTP/1.1"
2444	2024/01/15 09:55:34	"GET /uv248fip248inf210/web_architecture_home.html HTTP/1.1"
2444	2024/01/15 09:55:38	"GET /uv248fip248inf210/data_home.html HTTP/1.1"
2430	2024/01/15 09:55:42	"GET /uv248fip248inf210/practice_spring_2tiers.html HTTP/1.1"
2444	2024/01/15 09:55:47	"GET /uv248fip248inf210/lecture_modeling_normalization.html HTTP/1.1"
2442	2024/01/15 09:56:40	"GET /uv248fip248inf210/lecture_dto.html HTTP/1.1"
2444	2024/01/15 09:56:44	"GET /uv248fip248inf210/lecture_conceptual_modeling.html HTTP/1.1"
2433	2024/01/15 09:57:14	"GET /uv248fip248inf210/data_home.html HTTP/1.1"
2433	2024/01/15 09:57:25	"GET /uv248fip248inf210/practice_sql.html HTTP/1.1"
247	2024/01/15 09:58:04	"GET /uv248fip248inf210/lecture_jpa.html HTTP/1.1"
2413	2024/01/15 09:58:12	"GET /uv248fip248inf210/practice_sql.html HTTP/1.1"
241	2024/01/15 09:58:27	"GET /uv248fip248inf210/practice_jpa_advanced.html HTTP/1.1"
2432	2024/01/15 09:58:41	"GET /uv248fip248inf210/activity_conceptual_modeling.html HTTP/1.1"
2432	2024/01/15 09:58:47	"GET /uv248fip248inf210/activity_conceptual_modeling_advanced.html HTTP/1.1"
2432	2024/01/15 09:58:48	"GET /uv248fip248inf210/activity_normalization.html HTTP/1.1"
2432	2024/01/15 09:58:52	"GET /uv248fip248inf210/practice_sql.html HTTP/1.1"
2444	2024/01/15 10:00:43	"GET /uv248fip248inf210/lecture_normalization.html HTTP/1.1"
2432	2024/01/15 10:03:04	"GET /uv248fip248inf210/practice_independence_views.html HTTP/1.1"
2432	2024/01/15 10:03:14	"GET /uv248fip248inf210/activity_sql.html HTTP/1.1"
246	2024/01/15 10:03:16	"GET /uv248fip248inf210/practice_spring_2tiers_ext.html HTTP/1.1"
2427	2024/01/15 10:03:34	"GET /uv248fip248inf210/index.html HTTP/1.1"
2446	2024/01/15 10:03:52	"GET /uv248fip248inf210/lecture_mvc_spring.html HTTP/1.1"
2415	2024/01/15 10:03:56	"GET /uv248fip248inf210/activity_sql.html HTTP/1.1"
2442	2024/01/15 10:03:58	"GET /uv248fip248inf210/lecture_xml.html HTTP/1.1"
2446	2024/01/15 10:04:05	"GET /uv248fip248inf210/lecture_software_architecture.html HTTP/1.1"
2446	2024/01/15 10:04:10	"GET /uv248fip248inf210/lecture_technical_architecture.html HTTP/1.1"
2446	2024/01/15 10:04:14	"GET /uv248fip248inf210/practice_spring_2tiers.html HTTP/1.1"
2421	2024/01/15 10:04:37	"GET /uv248fip248inf210/practice_spring_2tiers.html HTTP/1.1"
2446	2024/01/15 10:04:44	"GET /uv248fip248inf210/lecture_jpa.html HTTP/1.1"
2434	2024/01/15 10:07:06	"GET /uv248fip248inf210/index.html HTTP/1.1"
2434	2024/01/15 10:07:10	"GET /uv248fip248inf210/web_architecture_home.html HTTP/1.1"
2434	2024/01/15 10:07:13	"GET /uv248fip248inf210/practice_spring_2tiers_ext.html HTTP/1.1"
2442	2024/01/15 10:07:32	"GET /uv248fip248inf210/lecture_validity.html HTTP/1.1"
245	2024/01/15 10:12:10	"GET /uv248fip248inf210/activity_normalization_correction.html HTTP/1.1"
2439	2024/01/15 10:12:26	"GET /uv248fip248inf210/activity_conceptual_modeling.html HTTP/1.1"
2423	2024/01/15 10:15:52	"GET /uv248fip248inf210/web_architecture_home.html HTTP/1.1"
2439	2024/01/15 10:16:41	"GET /uv248fip248inf210/activity_conceptual_modeling_correction.html HTTP/1.1"
2442	2024/01/15 10:17:06	"GET /uv248fip248inf210/practice_xml.html HTTP/1.1"
2419	2024/01/15 10:21:29	"GET /uv248fip248inf210/practice_sql.html HTTP/1.1"
2419	2024/01/15 10:21:33	"GET /uv248fip248inf210/activity_sql.html HTTP/1.1"
2432	2024/01/15 10:22:40	"GET /uv248fip248inf210/activity_sql_correction.html HTTP/1.1"
2444	2024/01/15 10:25:11	"GET /uv248fip248inf210/activity_conceptual_modeling.html HTTP/1.1"
2427	2024/01/15 10:29:15	"GET /uv248fip248inf210/index.html HTTP/1.1"
2427	2024/01/15 10:29:21	"GET /uv248fip248inf210/project_home.html HTTP/1.1"
2427	2024/01/15 10:29:27	"GET /uv248fip248inf210/web_architecture_home.html HTTP/1.1"
2431	2024/01/15 10:30:00	"GET /uv248fip248inf210/index.html HTTP/1.1"
2422	2024/01/15 10:30:09	"GET /uv248fip248inf210/technical_environment_home.html HTTP/1.1"
2431	2024/01/15 10:30:12	"GET /uv248fip248inf210/web_architecture_home.html HTTP/1.1"
2431	2024/01/15 10:30:14	"GET /uv248fip248inf210/images/web_architecture/prerequisite_archiweb/prerequisite_archiweb.html HTTP/1.1"
2422	2024/01/15 10:30:28	"GET /uv248fip248inf210/practice_docker.html HTTP/1.1"
2422	2024/01/15 10:30:29	"GET /uv248fip248inf210/documentation_docker.html HTTP/1.1"
2431	2024/01/15 10:30:58	"GET /uv248fip248inf210/activity_conceptual_modeling.html HTTP/1.1"
2429	2024/01/15 10:33:50	"GET /uv248fip248inf210/index.html HTTP/1.1"
2429	2024/01/15 10:34:09	"GET /uv248fip248inf210/practice_spring_2tiers.html HTTP/1.1"
2440	2024/01/15 10:34:09	"GET /uv248fip248inf210/practice_spring_2tiers.html HTTP/1.1"
2444	2024/01/15 10:34:31	"GET /uv248fip248inf210/activity_conceptual_modeling_correction.html HTTP/1.1"
2431	2024/01/15 10:37:30	"GET /uv248fip248inf210/lecture_normalization.html HTTP/1.1"
2441	2024/01/15 10:39:08	"GET /uv248fip248inf210/lecture_jpa.html HTTP/1.1"
2439	2024/01/15 10:39:34	"GET /uv248fip248inf210/lecture_normalization.html HTTP/1.1"
2416	2024/01/15 10:40:19	"GET /uv248fip248inf210/practice_postgresql.html HTTP/1.1"
2432	2024/01/15 11:10:32	"GET /uv248fip248inf210/index.html HTTP/1.1"
2410	2024/01/15 11:12:16	"GET /uv248fip248inf210/activity_decomposition.html HTTP/1.1"
2432	2024/01/15 11:13:01	"GET /uv248fip248inf210/practice_sql_correction.html HTTP/1.1"
2415	2024/01/15 11:15:05	"GET /uv248fip248inf210/practice_sql_correction.html HTTP/1.1"
2415	2024/01/15 11:15:20	"GET /uv248fip248inf210/practice_advanced_sql.html HTTP/1.1"
2415	2024/01/15 11:15:51	"GET /uv248fip248inf210/lecture_transaction.html HTTP/1.1"
2430	2024/01/15 11:18:29	"GET /uv248fip248inf210/practice_spring_2tiers_ext.html HTTP/1.1"
2413	2024/01/15 11:18:52	"GET /uv248fip248inf210/index.html HTTP/1.1"
245	2024/01/15 11:22:19	"GET /uv248fip248inf210/activity_decomposition.html HTTP/1.1"
2433	2024/01/15 11:22:32	"GET /uv248fip248inf210/practice_advanced_sql.html HTTP/1.1"
2433	2024/01/15 11:23:01	"GET /uv248fip248inf210/practice_advanced_sql_correction.html HTTP/1.1"
2413	2024/01/15 11:23:09	"GET /uv248fip248inf210/lecture_transaction.html HTTP/1.1"
2446	2024/01/15 11:24:59	"GET /uv248fip248inf210/practice_jpa.html HTTP/1.1"
2433	2024/01/15 11:25:04	"GET /uv248fip248inf210/lecture_transaction.html HTTP/1.1"
249	2024/01/15 11:30:00	"GET /uv248fip248inf210/data_home.html HTTP/1.1"
249	2024/01/15 11:30:22	"GET /uv248fip248inf210/data_home.html HTTP/1.1"
2433	2024/01/15 11:30:28	"GET /uv248fip248inf210/practice_transaction.html HTTP/1.1"
249	2024/01/15 11:30:51	"GET /uv248fip248inf210/practice_xml.html HTTP/1.1"
249	2024/01/15 11:31:01	"GET /uv248fip248inf210/lecture_json.html HTTP/1.1"
249	2024/01/15 11:31:03	"GET /uv248fip248inf210/practice_json.html HTTP/1.1"
2413	2024/01/15 11:34:03	"GET /uv248fip248inf210/practice_transaction.html HTTP/1.1"
2415	2024/01/15 11:34:33	"GET /uv248fip248inf210/lecture_isolation.html HTTP/1.1"
2439	2024/01/15 11:35:25	"GET /uv248fip248inf210/activity_normalization.html HTTP/1.1"
2410	2024/01/15 11:38:06	"GET /uv248fip248inf210/activity_sql.html HTTP/1.1"
2432	2024/01/15 11:42:01	"GET /uv248fip248inf210/practice_advanced_sql.html HTTP/1.1"
2415	2024/01/15 11:44:42	"GET /uv248fip248inf210/lecture_indexation.html HTTP/1.1"
245	2024/01/15 11:47:56	"GET /uv248fip248inf210/activity_decomposition_correction.html HTTP/1.1"
2439	2024/01/15 11:48:13	"GET /uv248fip248inf210/activity_normalization_correction.html HTTP/1.1"
2415	2024/01/15 11:48:59	"GET /uv248fip248inf210/practice_transaction.html HTTP/1.1"
2439	2024/01/15 11:51:11	"GET /uv248fip248inf210/activity_decomposition.html HTTP/1.1"
2449	2024/01/15 11:51:51	"GET /uv248fip248inf210/data_home.html HTTP/1.1"
2445	2024/01/15 11:52:21	"GET /uv248fip248inf210/lecture_transaction.html HTTP/1.1"
2410	2024/01/15 11:52:40	"GET /uv248fip248inf210/practice_sql.html HTTP/1.1"
2427	2024/01/15 11:55:46	"GET /uv248fip248inf210/images/web_architecture/prerequisite_archiweb/prerequisite_archiweb.html HTTP/1.1"
2427	2024/01/15 11:55:51	"GET /uv248fip248inf210/lecture_dto.html HTTP/1.1"
2415	2024/01/15 11:58:12	"GET /uv248fip248inf210/practice_transaction_correction.html HTTP/1.1"
2444	2024/01/15 12:01:36	"GET /uv248fip248inf210/activity_conceptual_modeling.html HTTP/1.1"
2444	2024/01/15 12:01:40	"GET /uv248fip248inf210/activity_normalization.html HTTP/1.1"
249	2024/01/15 12:05:15	"GET /uv248fip248inf210/data_home.html HTTP/1.1"
249	2024/01/15 12:05:18	"GET /uv248fip248inf210/lecture_relational_model.html HTTP/1.1"
2411	2024/01/15 12:08:16	"GET /uv248fip248inf210/images/web_architecture/prerequisite_archiweb/prerequisite_archiweb.html HTTP/1.1"
2411	2024/01/15 12:08:19	"GET /uv248fip248inf210/lecture_dto.html HTTP/1.1"
2426	2024/01/15 12:08:32	"GET /uv248fip248inf210/images/web_architecture/prerequisite_archiweb/prerequisite_archiweb.html HTTP/1.1"
2426	2024/01/15 12:08:36	"GET /uv248fip248inf210/lecture_dto.html HTTP/1.1"
2441	2024/01/15 12:09:04	"GET /uv248fip248inf210/web_architecture_home.html HTTP/1.1"
2441	2024/01/15 12:09:19	"GET /uv248fip248inf210/practice_jpa_advanced.html HTTP/1.1"
2426	2024/01/15 12:11:08	"GET /uv248fip248inf210/lecture_xml.html HTTP/1.1"
2411	2024/01/15 12:14:06	"GET /uv248fip248inf210/lecture_xml.html HTTP/1.1"
2434	2024/01/15 19:14:57	"GET /uv248fip248inf210/lecture_dto.html HTTP/1.1"
2434	2024/01/15 19:15:00	"GET /uv248fip248inf210/lecture_xml.html HTTP/1.1"
2434	2024/01/15 19:15:05	"GET /uv248fip248inf210/lecture_validity.html HTTP/1.1"
2434	2024/01/15 19:15:18	"GET /uv248fip248inf210/practice_spring_2tiers.html HTTP/1.1"
2434	2024/01/15 19:15:59	"GET /uv248fip248inf210/practice_jpa_advanced.html HTTP/1.1"
2434	2024/01/15 19:16:05	"GET /uv248fip248inf210/practice_jpa.html HTTP/1.1"
2434	2024/01/15 19:56:20	"GET /uv248fip248inf210/index.html HTTP/1.1"
2415	2024/09/20 14:29:24	"GET /uv248fip248inf210/technical_environment_home.html HTTP/1.1"
2415	2024/09/20 14:29:28	"GET /uv248fip248inf210/documentation_docker.html HTTP/1.1"
2415	2024/09/20 14:29:56	"GET /uv248fip248inf210/practice_docker.html HTTP/1.1"
2415	2024/09/20 14:29:58	"GET /uv248fip248inf210/documentation_si.html HTTP/1.1"
2415	2024/09/20 14:30:01	"GET /uv248fip248inf210/practice_postgresql.html HTTP/1.1"
2415	2024/09/20 14:30:03	"GET /uv248fip248inf210/documentation_programming.html HTTP/1.1"
2415	2024/09/20 14:30:06	"GET /uv248fip248inf210/inversion_of_control.html HTTP/1.1"
2421	2024/02/27 14:08:35	"GET /uv248fip248inf210/project_home.html HTTP/1.1"
2421	2024/02/27 14:08:40	"GET /uv248fip248inf210/project_part2.html HTTP/1.1"
249	2024/02/27 14:10:55	"GET /uv248fip248inf210/project_home.html HTTP/1.1"
249	2024/02/27 14:10:59	"GET /uv248fip248inf210/project_part2.html HTTP/1.1"
2418	2024/02/27 14:13:03	"GET /uv248fip248inf210/project_part3.html HTTP/1.1"
2418	2024/02/27 14:13:08	"GET /uv248fip248inf210/project_part4.html HTTP/1.1"
2418	2024/02/27 14:13:10	"GET /uv248fip248inf210/project_part3.html HTTP/1.1"
2418	2024/02/27 14:15:47	"GET /uv248fip248inf210/project_part3.html HTTP/1.1"
2410	2024/02/27 14:19:59	"GET /uv248fip248inf210/index.html HTTP/1.1"
2410	2024/02/27 14:20:03	"GET /uv248fip248inf210/project_home.html HTTP/1.1"
2410	2024/02/27 14:20:09	"GET /uv248fip248inf210/project_part2.html HTTP/1.1"
2415	2024/02/27 14:33:27	"GET /uv248fip248inf210/data_home.html HTTP/1.1"
2415	2024/02/27 14:33:32	"GET /uv248fip248inf210/project_home.html HTTP/1.1"
2415	2024/02/27 14:33:34	"GET /uv248fip248inf210/project_part1.html HTTP/1.1"
246	2024/02/27 14:35:40	"GET /uv248fip248inf210/project_home.html HTTP/1.1"
246	2024/02/27 14:35:43	"GET /uv248fip248inf210/project_part2.html HTTP/1.1"
246	2024/02/27 14:35:47	"GET /uv248fip248inf210/project_part3.html HTTP/1.1"
2415	2024/02/27 14:36:45	"GET /uv248fip248inf210/project_part2.html HTTP/1.1"
2437	2024/02/27 14:42:15	"GET /uv248fip248inf210/project_home.html HTTP/1.1"
2437	2024/02/27 14:42:21	"GET /uv248fip248inf210/project_part2.html HTTP/1.1"
2415	2024/02/27 21:17:49	"GET /uv248fip248inf210/project_part3.html HTTP/1.1"
2415	2024/02/27 21:17:52	"GET /uv248fip248inf210/project_structureui.html HTTP/1.1"
2415	2024/02/27 21:18:10	"GET /uv248fip248inf210/project_part4.html HTTP/1.1"
2415	2024/02/27 21:18:41	"GET /uv248fip248inf210/project_part3.html HTTP/1.1"
2415	2024/02/27 21:20:16	"GET /uv248fip248inf210/project_part2.html HTTP/1.1"
2416	2024/02/27 22:56:22	"GET /uv248fip248inf210/project_home.html HTTP/1.1"
2416	2024/02/27 22:56:49	"GET /uv248fip248inf210/project_part3.html HTTP/1.1"
2416	2024/02/27 22:58:03	"GET /uv248fip248inf210/project_part4.html HTTP/1.1"
2416	2024/02/27 22:58:10	"GET /uv248fip248inf210/project_part2.html HTTP/1.1"
249	2024/02/27 23:09:42	"GET /uv248fip248inf210/project_part3.html HTTP/1.1"
2440	2024/02/28 08:23:52	"GET /uv248fip248inf210/technical_environment_home.html HTTP/1.1"
2440	2024/02/28 08:24:01	"GET /uv248fip248inf210/index.html HTTP/1.1"
2440	2024/02/28 08:24:04	"GET /uv248fip248inf210/project_home.html HTTP/1.1"
2440	2024/02/28 08:24:33	"GET /uv248fip248inf210/project_part2.html HTTP/1.1"
247	2024/02/28 08:47:28	"GET /uv248fip248inf210/index.html HTTP/1.1"
247	2024/02/28 08:47:37	"GET /uv248fip248inf210/data_home.html HTTP/1.1"
247	2024/02/28 08:48:02	"GET /uv248fip248inf210/project_home.html HTTP/1.1"
247	2024/02/28 08:48:05	"GET /uv248fip248inf210/project_part2.html HTTP/1.1"
2413	2024/02/28 09:27:41	"GET /uv248fip248inf210/index.html HTTP/1.1"
2431	2024/02/28 09:28:40	"GET /uv248fip248inf210/project_home.html HTTP/1.1"
2431	2024/02/28 09:28:44	"GET /uv248fip248inf210/project_part2.html HTTP/1.1"
245	2024/02/28 09:31:50	"GET /uv248fip248inf210/project_part2.html HTTP/1.1"
2413	2024/02/28 09:31:57	"GET /uv248fip248inf210/project_home.html HTTP/1.1"
2413	2024/02/28 09:32:01	"GET /uv248fip248inf210/project_part2.html HTTP/1.1"
2412	2024/02/28 09:32:29	"GET /uv248fip248inf210/web_architecture_home.html HTTP/1.1"
2412	2024/02/28 09:32:37	"GET /uv248fip248inf210/data_home.html HTTP/1.1"
2412	2024/02/28 09:32:40	"GET /uv248fip248inf210/project_home.html HTTP/1.1"
2412	2024/02/28 09:32:43	"GET /uv248fip248inf210/project_part2.html HTTP/1.1"
2415	2024/02/28 09:33:49	"GET /uv248fip248inf210/project_part2.html HTTP/1.1"
2429	2024/02/28 09:34:40	"GET /uv248fip248inf210/project_home.html HTTP/1.1"
2429	2024/02/28 09:34:43	"GET /uv248fip248inf210/project_part2.html HTTP/1.1"
2447	2024/02/28 09:34:54	"GET /uv248fip248inf210/project_home.html HTTP/1.1"
2425	2024/02/28 09:34:57	"GET /uv248fip248inf210/practice_docker.html HTTP/1.1"
2447	2024/02/28 09:35:07	"GET /uv248fip248inf210/project_part2.html HTTP/1.1"
2418	2024/02/28 09:36:33	"GET /uv248fip248inf210/project_home.html HTTP/1.1"
2418	2024/02/28 09:36:37	"GET /uv248fip248inf210/project_part4.html HTTP/1.1"
2418	2024/02/28 09:36:40	"GET /uv248fip248inf210/project_home.html HTTP/1.1"
2418	2024/02/28 09:36:43	"GET /uv248fip248inf210/project_part3.html HTTP/1.1"
2446	2024/02/28 09:37:18	"GET /uv248fip248inf210/index.html HTTP/1.1"
2425	2024/02/28 09:38:07	"GET /uv248fip248inf210/project_home.html HTTP/1.1"
2425	2024/02/28 09:38:14	"GET /uv248fip248inf210/project_part2.html HTTP/1.1"
2446	2024/02/28 09:38:58	"GET /uv248fip248inf210/technical_environment_home.html HTTP/1.1"
2413	2024/02/28 09:39:02	"GET /uv248fip248inf210/project_part1.html HTTP/1.1"
2446	2024/02/28 09:39:03	"GET /uv248fip248inf210/project_home.html HTTP/1.1"
2446	2024/02/28 09:39:06	"GET /uv248fip248inf210/project_part2.html HTTP/1.1"
2432	2024/02/28 09:39:36	"GET /uv248fip248inf210/project_home.html HTTP/1.1"
2432	2024/02/28 09:39:38	"GET /uv248fip248inf210/project_part2.html HTTP/1.1"
2432	2024/02/28 09:39:41	"GET /uv248fip248inf210/project_part2.html HTTP/1.1"
2423	2024/02/28 09:40:05	"GET /uv248fip248inf210/project_home.html HTTP/1.1"
2423	2024/02/28 09:40:09	"GET /uv248fip248inf210/project_part2.html HTTP/1.1"
246	2024/02/28 09:40:24	"GET /uv248fip248inf210/project_home.html HTTP/1.1"
2439	2024/02/28 09:40:29	"GET /uv248fip248inf210/project_home.html HTTP/1.1"
2439	2024/02/28 09:40:32	"GET /uv248fip248inf210/project_part2.html HTTP/1.1"
246	2024/02/28 09:40:41	"GET /uv248fip248inf210/project_part2.html HTTP/1.1"
2445	2024/02/28 09:41:15	"GET /uv248fip248inf210/project_home.html HTTP/1.1"
2445	2024/02/28 09:41:19	"GET /uv248fip248inf210/project_part2.html HTTP/1.1"
2434	2024/02/28 09:41:40	"GET /uv248fip248inf210/project_home.html HTTP/1.1"
2434	2024/02/28 09:41:41	"GET /uv248fip248inf210/project_home.html HTTP/1.1"
2434	2024/02/28 09:41:44	"GET /uv248fip248inf210/project_part2.html HTTP/1.1"
2435	2024/02/28 09:41:46	"GET /uv248fip248inf210/project_home.html HTTP/1.1"
2441	2024/02/28 09:41:46	"GET /uv248fip248inf210/project_home.html HTTP/1.1"
2441	2024/02/28 09:41:49	"GET /uv248fip248inf210/project_part2.html HTTP/1.1"
2435	2024/02/28 09:41:55	"GET /uv248fip248inf210/project_part2.html HTTP/1.1"
2430	2024/02/28 09:42:23	"GET /uv248fip248inf210/index.html HTTP/1.1"
2430	2024/02/28 09:42:30	"GET /uv248fip248inf210/project_home.html HTTP/1.1"
2430	2024/02/28 09:42:38	"GET /uv248fip248inf210/project_part3.html HTTP/1.1"
2433	2024/02/28 09:42:46	"GET /uv248fip248inf210/project_home.html HTTP/1.1"
2433	2024/02/28 09:42:49	"GET /uv248fip248inf210/project_part2.html HTTP/1.1"
2430	2024/02/28 09:43:02	"GET /uv248fip248inf210/project_part1.html HTTP/1.1"
2437	2024/02/28 09:43:17	"GET /uv248fip248inf210/project_home.html HTTP/1.1"
2437	2024/02/28 09:44:19	"GET /uv248fip248inf210/project_part2.html HTTP/1.1"
2421	2024/02/28 09:44:24	"GET /uv248fip248inf210/project_home.html HTTP/1.1"
2421	2024/02/28 09:44:27	"GET /uv248fip248inf210/project_part2.html HTTP/1.1"
2436	2024/02/28 09:48:00	"GET /uv248fip248inf210/web_architecture_home.html HTTP/1.1"
2436	2024/02/28 09:48:06	"GET /uv248fip248inf210/index.html HTTP/1.1"
2436	2024/02/28 09:48:09	"GET /uv248fip248inf210/project_home.html HTTP/1.1"
2436	2024/02/28 09:48:12	"GET /uv248fip248inf210/project_part2.html HTTP/1.1"
2444	2024/02/28 09:50:48	"GET /uv248fip248inf210/index.html HTTP/1.1"
2417	2024/02/28 09:51:01	"GET /uv248fip248inf210/project_part2.html HTTP/1.1"
2444	2024/02/28 09:54:45	"GET /uv248fip248inf210/project_home.html HTTP/1.1"
2444	2024/02/28 09:56:32	"GET /uv248fip248inf210/project_part2.html HTTP/1.1"
2442	2024/02/28 09:58:02	"GET /uv248fip248inf210/project_home.html HTTP/1.1"
2442	2024/02/28 09:58:20	"GET /uv248fip248inf210/project_part2.html HTTP/1.1"
2416	2024/02/28 10:05:40	"GET /uv248fip248inf210/project_presentation.html HTTP/1.1"
2416	2024/02/28 10:05:56	"GET /uv248fip248inf210/project_evaluation.html HTTP/1.1"
2416	2024/02/28 10:06:07	"GET /uv248fip248inf210/project_task_time.html HTTP/1.1"
2416	2024/02/28 10:06:11	"GET /uv248fip248inf210/project_specifications.html HTTP/1.1"
2416	2024/02/28 10:06:21	"GET /uv248fip248inf210/project_part1.html HTTP/1.1"
2416	2024/02/28 10:06:42	"GET /uv248fip248inf210/project_part2.html HTTP/1.1"
2432	2024/02/28 10:07:25	"GET /uv248fip248inf210/web_architecture_home.html HTTP/1.1"
2432	2024/02/28 10:07:32	"GET /uv248fip248inf210/practice_jpa.html HTTP/1.1"
2432	2024/02/28 10:07:34	"GET /uv248fip248inf210/practice_jpa_advanced.html HTTP/1.1"
2432	2024/02/28 10:08:00	"GET /uv248fip248inf210/index.html HTTP/1.1"
2432	2024/02/28 10:08:03	"GET /uv248fip248inf210/project_home.html HTTP/1.1"
2432	2024/02/28 10:08:08	"GET /uv248fip248inf210/project_part2.html HTTP/1.1"
2412	2024/02/28 10:09:00	"GET /uv248fip248inf210/project_part2.html HTTP/1.1"
2425	2024/02/28 10:09:09	"GET /uv248fip248inf210/project_part3.html HTTP/1.1"
2436	2024/02/28 10:09:12	"GET /uv248fip248inf210/project_part2.html HTTP/1.1"
2419	2024/02/28 10:13:33	"GET /uv248fip248inf210/project_home.html HTTP/1.1"
2419	2024/02/28 10:13:36	"GET /uv248fip248inf210/project_part2.html HTTP/1.1"
2444	2024/02/28 10:14:27	"GET /uv248fip248inf210/project_part3.html HTTP/1.1"
2434	2024/02/28 10:15:31	"GET /uv248fip248inf210/web_architecture_home.html HTTP/1.1"
2418	2024/02/28 10:15:40	"GET /uv248fip248inf210/project_presentation.html HTTP/1.1"
2434	2024/02/28 10:16:07	"GET /uv248fip248inf210/technical_environment_home.html HTTP/1.1"
2434	2024/02/28 10:16:21	"GET /uv248fip248inf210/documentation_docker.html HTTP/1.1"
2434	2024/02/28 10:16:32	"GET /uv248fip248inf210/practice_docker.html HTTP/1.1"
2414	2024/02/28 10:17:13	"GET /uv248fip248inf210/technical_environment_home.html HTTP/1.1"
2414	2024/02/28 10:17:16	"GET /uv248fip248inf210/index.html HTTP/1.1"
2414	2024/02/28 10:17:24	"GET /uv248fip248inf210/project_home.html HTTP/1.1"
2414	2024/02/28 10:17:27	"GET /uv248fip248inf210/project_part2.html HTTP/1.1"
2411	2024/02/28 10:30:18	"GET /uv248fip248inf210/project_home.html HTTP/1.1"
2411	2024/02/28 10:30:20	"GET /uv248fip248inf210/project_part2.html HTTP/1.1"
2410	2024/02/28 10:33:50	"GET /uv248fip248inf210/project_part1.html HTTP/1.1"
2439	2024/02/28 10:34:45	"GET /uv248fip248inf210/project_part1.html HTTP/1.1"
2430	2024/02/28 10:37:09	"GET /uv248fip248inf210/project_part2.html HTTP/1.1"
2432	2024/02/28 10:43:37	"GET /uv248fip248inf210/project_task_time.html HTTP/1.1"
2442	2024/02/28 10:43:39	"GET /uv248fip248inf210/project_part3.html HTTP/1.1"
2441	2024/02/28 10:46:46	"GET /uv248fip248inf210/project_home.html HTTP/1.1"
2411	2024/02/28 10:56:10	"GET /uv248fip248inf210/project_part1.html HTTP/1.1"
2418	2024/02/28 10:59:15	"GET /uv248fip248inf210/project_part2.html HTTP/1.1"
2441	2024/02/28 11:00:37	"GET /uv248fip248inf210/project_part2.html HTTP/1.1"
2410	2024/02/28 11:02:10	"GET /uv248fip248inf210/index.html HTTP/1.1"
2410	2024/02/28 11:07:20	"GET /uv248fip248inf210/project_part2.html HTTP/1.1"
2410	2024/02/28 11:10:05	"GET /uv248fip248inf210/web_architecture_home.html HTTP/1.1"
2410	2024/02/28 11:10:18	"GET /uv248fip248inf210/lecture_jpa.html HTTP/1.1"
2410	2024/02/28 11:10:21	"GET /uv248fip248inf210/practice_jpa.html HTTP/1.1"
2445	2024/02/28 11:10:39	"GET /uv248fip248inf210/project_part2.html HTTP/1.1"
2442	2024/02/28 11:10:47	"GET /uv248fip248inf210/project_structureui.html HTTP/1.1"
2432	2024/02/28 11:11:23	"GET /uv248fip248inf210/project_part1.html HTTP/1.1"
2432	2024/02/28 11:11:43	"GET /uv248fip248inf210/project_part2.html HTTP/1.1"
2413	2024/02/28 11:16:19	"GET /uv248fip248inf210/project_part2.html HTTP/1.1"
2422	2024/02/28 11:18:25	"GET /uv248fip248inf210/project_home.html HTTP/1.1"
2441	2024/02/28 11:26:16	"GET /uv248fip248inf210/project_part2.html HTTP/1.1"
2441	2024/02/28 11:28:37	"GET /uv248fip248inf210/project_part2.html HTTP/1.1"
2445	2024/02/28 11:34:59	"GET /uv248fip248inf210/project_part1.html HTTP/1.1"
2432	2024/02/28 11:35:10	"GET /uv248fip248inf210/project_task_time.html HTTP/1.1"
2411	2024/02/28 11:36:42	"GET /uv248fip248inf210/project_specifications.html HTTP/1.1"
2426	2024/02/28 11:39:49	"GET /uv248fip248inf210/index.html HTTP/1.1"
2426	2024/02/28 11:39:54	"GET /uv248fip248inf210/project_home.html HTTP/1.1"
2427	2024/02/28 11:39:57	"GET /uv248fip248inf210/project_home.html HTTP/1.1"
2427	2024/02/28 11:39:59	"GET /uv248fip248inf210/project_part2.html HTTP/1.1"
2426	2024/02/28 11:40:10	"GET /uv248fip248inf210/project_specifications.html HTTP/1.1"
2415	2024/02/28 11:41:40	"GET /uv248fip248inf210/project_part3.html HTTP/1.1"
2415	2024/02/28 11:50:54	"GET /uv248fip248inf210/project_part3.html HTTP/1.1"
2430	2024/02/28 11:54:02	"GET /uv248fip248inf210/project_structureui.html HTTP/1.1"
2425	2024/02/28 11:57:05	"GET /uv248fip248inf210/project_part3.html HTTP/1.1"
2430	2024/02/28 11:58:39	"GET /uv248fip248inf210/project_specifications.html HTTP/1.1"
249	2024/02/28 12:03:56	"GET /uv248fip248inf210/project_home.html HTTP/1.1"
249	2024/02/28 12:03:58	"GET /uv248fip248inf210/project_part3.html HTTP/1.1"
249	2024/02/28 13:20:17	"GET /uv248fip248inf210/project_specifications.html HTTP/1.1"
2420	2024/02/28 13:50:05	"GET /uv248fip248inf210/project_home.html HTTP/1.1"
2420	2024/02/28 13:50:07	"GET /uv248fip248inf210/project_part2.html HTTP/1.1"
2425	2024/02/28 13:51:56	"GET /uv248fip248inf210/practice_docker.html HTTP/1.1"
2425	2024/02/28 13:51:59	"GET /uv248fip248inf210/index.html HTTP/1.1"
2435	2024/02/28 13:54:21	"GET /uv248fip248inf210/project_part1.html HTTP/1.1"
246	2024/02/28 13:54:38	"GET /uv248fip248inf210/data_home.html HTTP/1.1"
246	2024/02/28 13:54:40	"GET /uv248fip248inf210/index.html HTTP/1.1"
246	2024/02/28 13:54:46	"GET /uv248fip248inf210/project_part3.html HTTP/1.1"
246	2024/02/28 13:54:48	"GET /uv248fip248inf210/project_structureui.html HTTP/1.1"
246	2024/02/28 13:54:52	"GET /uv248fip248inf210/project_presentation.html HTTP/1.1"
2435	2024/02/28 13:55:01	"GET /uv248fip248inf210/project_presentation.html HTTP/1.1"
2435	2024/02/28 13:55:07	"GET /uv248fip248inf210/project_specifications.html HTTP/1.1"
2441	2024/02/28 13:57:31	"GET /uv248fip248inf210/project_home.html HTTP/1.1"
2441	2024/02/28 13:57:33	"GET /uv248fip248inf210/project_part2.html HTTP/1.1"
2413	2024/02/28 13:59:43	"GET /uv248fip248inf210/project_part3.html HTTP/1.1"
2413	2024/02/28 13:59:54	"GET /uv248fip248inf210/project_part4.html HTTP/1.1"
2413	2024/02/28 13:59:59	"GET /uv248fip248inf210/project_structureui.html HTTP/1.1"
2445	2024/02/28 14:00:55	"GET /uv248fip248inf210/project_home.html HTTP/1.1"
2410	2024/02/28 14:01:49	"GET /uv248fip248inf210/project_home.html HTTP/1.1"
2410	2024/02/28 14:01:52	"GET /uv248fip248inf210/project_part3.html HTTP/1.1"
2445	2024/02/28 14:03:25	"GET /uv248fip248inf210/project_part2.html HTTP/1.1"
2441	2024/02/28 14:05:57	"GET /uv248fip248inf210/project_evaluation.html HTTP/1.1"
2410	2024/02/28 14:06:34	"GET /uv248fip248inf210/project_structureui.html HTTP/1.1"
2415	2024/02/28 14:07:38	"GET /uv248fip248inf210/project_structureui.html HTTP/1.1"
2427	2024/02/28 14:08:02	"GET /uv248fip248inf210/project_part3.html HTTP/1.1"
2410	2024/02/28 14:08:30	"GET /uv248fip248inf210/project_part4.html HTTP/1.1"
2420	2024/02/28 14:08:32	"GET /uv248fip248inf210/project_part2.html HTTP/1.1"
2433	2024/02/28 14:10:09	"GET /uv248fip248inf210/project_part3.html HTTP/1.1"
2427	2024/02/28 14:10:12	"GET /uv248fip248inf210/project_part4.html HTTP/1.1"
2427	2024/02/28 14:10:23	"GET /uv248fip248inf210/project_evaluation.html HTTP/1.1"
2410	2024/02/28 14:11:43	"GET /uv248fip248inf210/project_task_time.html HTTP/1.1"
2410	2024/02/28 14:11:44	"GET /uv248fip248inf210/project_specifications.html HTTP/1.1"
2410	2024/02/28 14:11:47	"GET /uv248fip248inf210/project_evaluation.html HTTP/1.1"
2433	2024/02/28 14:15:59	"GET /uv248fip248inf210/project_part3.html HTTP/1.1"
246	2024/02/28 14:20:47	"GET /uv248fip248inf210/project_part4.html HTTP/1.1"
2439	2024/02/28 14:24:26	"GET /uv248fip248inf210/project_home.html HTTP/1.1"
2439	2024/02/28 14:24:27	"GET /uv248fip248inf210/project_part2.html HTTP/1.1"
2420	2024/02/28 14:24:45	"GET /uv248fip248inf210/project_part3.html HTTP/1.1"
2443	2024/02/28 14:32:48	"GET /uv248fip248inf210/index.html HTTP/1.1"
2443	2024/02/28 14:32:52	"GET /uv248fip248inf210/data_home.html HTTP/1.1"
2443	2024/02/28 14:32:56	"GET /uv248fip248inf210/project_home.html HTTP/1.1"
2443	2024/02/28 14:33:02	"GET /uv248fip248inf210/project_evaluation.html HTTP/1.1"
2443	2024/02/28 14:33:11	"GET /uv248fip248inf210/project_specifications.html HTTP/1.1"
2443	2024/02/28 14:33:12	"GET /uv248fip248inf210/project_task_time.html HTTP/1.1"
2427	2024/02/28 14:33:14	"GET /uv248fip248inf210/project_task_time.html HTTP/1.1"
2410	2024/02/28 14:33:21	"GET /uv248fip248inf210/project_part1.html HTTP/1.1"
2417	2024/02/28 14:37:16	"GET /uv248fip248inf210/index.html HTTP/1.1"
2417	2024/02/28 14:37:23	"GET /uv248fip248inf210/web_architecture_home.html HTTP/1.1"
2417	2024/02/28 14:37:25	"GET /uv248fip248inf210/images/web_architecture/prerequisite_archiweb/prerequisite_archiweb.html HTTP/1.1"
2417	2024/02/28 14:37:55	"GET /uv248fip248inf210/project_home.html HTTP/1.1"
249	2024/02/28 14:37:57	"GET /uv248fip248inf210/project_part4.html HTTP/1.1"
2447	2024/02/28 14:39:17	"GET /uv248fip248inf210/project_home.html HTTP/1.1"
2447	2024/02/28 14:39:22	"GET /uv248fip248inf210/project_part2.html HTTP/1.1"
246	2024/02/28 14:45:16	"GET /uv248fip248inf210/project_specifications.html HTTP/1.1"
2420	2024/02/28 14:53:34	"GET /uv248fip248inf210/project_specifications.html HTTP/1.1"
2417	2024/02/28 14:53:45	"GET /uv248fip248inf210/data_home.html HTTP/1.1"
2417	2024/02/28 14:53:53	"GET /uv248fip248inf210/lecture_transaction.html HTTP/1.1"
2417	2024/02/28 14:54:03	"GET /uv248fip248inf210/practice_transaction.html HTTP/1.1"
2417	2024/02/28 14:54:28	"GET /uv248fip248inf210/lecture_mvc_spring.html HTTP/1.1"
2417	2024/02/28 14:54:32	"GET /uv248fip248inf210/lecture_jpa.html HTTP/1.1"
2417	2024/02/28 14:54:36	"GET /uv248fip248inf210/practice_jpa.html HTTP/1.1"
2417	2024/02/28 14:57:36	"GET /uv248fip248inf210/practice_jpa_advanced.html HTTP/1.1"
2417	2024/02/28 14:57:51	"GET /uv248fip248inf210/practice_spring_2tiers_ext.html HTTP/1.1"
2445	2024/02/28 15:02:43	"GET /uv248fip248inf210/project_part3.html HTTP/1.1"
2418	2024/02/28 15:14:41	"GET /uv248fip248inf210/project_specifications.html HTTP/1.1"
2430	2024/02/28 15:16:48	"GET /uv248fip248inf210/project_home.html HTTP/1.1"
2429	2024/02/28 15:18:48	"GET /uv248fip248inf210/project_specifications.html HTTP/1.1"
2440	2024/02/28 15:18:49	"GET /uv248fip248inf210/project_specifications.html HTTP/1.1"
2432	2024/02/28 15:27:03	"GET /uv248fip248inf210/project_part3.html HTTP/1.1"
2432	2024/02/28 15:27:05	"GET /uv248fip248inf210/project_structureui.html HTTP/1.1"
2414	2024/02/28 15:30:46	"GET /uv248fip248inf210/project_home.html HTTP/1.1"
2414	2024/02/28 15:30:59	"GET /uv248fip248inf210/project_part3.html HTTP/1.1"
2433	2024/02/28 15:39:59	"GET /uv248fip248inf210/project_part2.html HTTP/1.1"
245	2024/02/28 15:45:43	"GET /uv248fip248inf210/project_part2.html HTTP/1.1"
2438	2024/02/28 15:50:16	"GET /uv248fip248inf210/project_specifications.html HTTP/1.1"
2418	2024/02/28 15:59:14	"GET /uv248fip248inf210/project_structureui.html HTTP/1.1"
2418	2024/02/28 15:59:19	"GET /uv248fip248inf210/project_structureui.html HTTP/1.1"
2418	2024/02/28 15:59:24	"GET /uv248fip248inf210/project_structureui.html HTTP/1.1"
2418	2024/02/28 15:59:28	"GET /uv248fip248inf210/project_specifications.html HTTP/1.1"
2418	2024/02/28 15:59:36	"GET /uv248fip248inf210/project_specifications.html HTTP/1.1"
2444	2024/02/28 16:00:02	"GET /uv248fip248inf210/index.html HTTP/1.1"
2444	2024/02/28 16:00:12	"GET /uv248fip248inf210/technical_environment_home.html HTTP/1.1"
2444	2024/02/28 16:00:17	"GET /uv248fip248inf210/project_home.html HTTP/1.1"
2444	2024/02/28 16:00:18	"GET /uv248fip248inf210/project_evaluation.html HTTP/1.1"
2438	2024/02/28 16:03:06	"GET /uv248fip248inf210/index.html HTTP/1.1"
2438	2024/02/28 16:03:09	"GET /uv248fip248inf210/project_home.html HTTP/1.1"
2438	2024/02/28 16:03:11	"GET /uv248fip248inf210/project_part2.html HTTP/1.1"
2411	2024/02/28 16:04:55	"GET /uv248fip248inf210/project_part1.html HTTP/1.1"
247	2024/02/28 16:07:08	"GET /uv248fip248inf210/project_part3.html HTTP/1.1"
2422	2024/02/28 16:14:37	"GET /uv248fip248inf210/project_part2.html HTTP/1.1"
241	2024/02/28 16:14:48	"GET /uv248fip248inf210/data_home.html HTTP/1.1"
241	2024/02/28 16:14:50	"GET /uv248fip248inf210/index.html HTTP/1.1"
241	2024/02/28 16:14:52	"GET /uv248fip248inf210/project_home.html HTTP/1.1"
241	2024/02/28 16:14:55	"GET /uv248fip248inf210/project_part3.html HTTP/1.1"
2422	2024/02/28 16:15:00	"GET /uv248fip248inf210/project_part1.html HTTP/1.1"
2425	2024/02/28 16:17:09	"GET /uv248fip248inf210/project_specifications.html HTTP/1.1"
247	2024/02/28 16:21:44	"GET /uv248fip248inf210/project_specifications.html HTTP/1.1"
2410	2024/02/28 16:22:37	"GET /uv248fip248inf210/project_part2.html HTTP/1.1"
245	2024/02/28 16:24:52	"GET /uv248fip248inf210/project_part3.html HTTP/1.1"
2420	2024/02/28 16:52:34	"GET /uv248fip248inf210/web_architecture_home.html HTTP/1.1"
2420	2024/02/28 16:52:36	"GET /uv248fip248inf210/lecture_technical_architecture.html HTTP/1.1"
2420	2024/02/28 16:52:47	"GET /uv248fip248inf210/lecture_software_architecture.html HTTP/1.1"
2420	2024/02/28 16:52:53	"GET /uv248fip248inf210/lecture_mvc_spring.html HTTP/1.1"
2420	2024/02/28 16:52:59	"GET /uv248fip248inf210/lecture_jpa.html HTTP/1.1"
2420	2024/02/28 16:53:00	"GET /uv248fip248inf210/practice_jpa.html HTTP/1.1"
2420	2024/02/28 16:54:08	"GET /uv248fip248inf210/technical_environment_home.html HTTP/1.1"
2420	2024/02/28 16:55:15	"GET /uv248fip248inf210/documentation_docker.html HTTP/1.1"
2420	2024/02/28 16:55:42	"GET /uv248fip248inf210/practice_docker.html HTTP/1.1"
2440	2024/02/28 17:19:40	"GET /uv248fip248inf210/project_part2.html HTTP/1.1"
2438	2024/02/28 17:32:03	"GET /uv248fip248inf210/project_part1.html HTTP/1.1"
2429	2024/02/28 18:39:56	"GET /uv248fip248inf210/project_home.html HTTP/1.1"
2429	2024/02/28 18:40:00	"GET /uv248fip248inf210/project_evaluation.html HTTP/1.1"
2418	2024/02/28 23:24:44	"GET /uv248fip248inf210/project_home.html HTTP/1.1"
2418	2024/02/28 23:24:48	"GET /uv248fip248inf210/project_specifications.html HTTP/1.1"
2436	2024/02/28 23:49:10	"GET /uv248fip248inf210/project_home.html HTTP/1.1"
2436	2024/02/28 23:49:19	"GET /uv248fip248inf210/project_part4.html HTTP/1.1"
2436	2024/02/28 23:49:22	"GET /uv248fip248inf210/project_part3.html HTTP/1.1"
2436	2024/02/28 23:49:43	"GET /uv248fip248inf210/project_part2.html HTTP/1.1"
2423	2024/02/28 23:58:20	"GET /uv248fip248inf210/project_home.html HTTP/1.1"
2423	2024/02/28 23:58:26	"GET /uv248fip248inf210/project_evaluation.html HTTP/1.1"
2423	2024/02/28 23:58:35	"GET /uv248fip248inf210/project_task_time.html HTTP/1.1"
247	2024/04/10 10:05:09	"GET /uv248fip248inf210/activity_normalization_correction.html HTTP/1.1"
245	2024/01/12 09:38:40	"GET /uv248fip248inf210/activity_sql.html HTTP/1.1"
241	2024/01/12 09:48:44	"GET /uv248fip248inf210/web_architecture_home.html HTTP/1.1"
241	2024/01/12 09:48:48	"GET /uv248fip248inf210/practice_jpa.html HTTP/1.1"
246	2024/01/12 10:17:12	"GET /uv248fip248inf210/data_home.html HTTP/1.1"
246	2024/01/12 10:17:29	"GET /uv248fip248inf210/activity_conceptual_modeling.html HTTP/1.1"
246	2024/01/12 10:18:01	"GET /uv248fip248inf210/lecture_normalization.html HTTP/1.1"
246	2024/01/12 10:18:11	"GET /uv248fip248inf210/lecture_conceptual_modeling.html HTTP/1.1"
247	2024/01/12 10:23:12	"GET /uv248fip248inf210/web_architecture_home.html HTTP/1.1"
247	2024/01/12 10:23:17	"GET /uv248fip248inf210/practice_jpa.html HTTP/1.1"
247	2024/01/12 10:26:40	"GET /uv248fip248inf210/practice_jpa_advanced.html HTTP/1.1"
247	2024/01/12 10:26:47	"GET /uv248fip248inf210/practice_spring_2tiers.html HTTP/1.1"
247	2024/01/12 10:29:08	"GET /uv248fip248inf210/practice_spring_2tiers_ext.html HTTP/1.1"
247	2024/01/12 10:39:02	"GET /uv248fip248inf210/lecture_technical_architecture.html HTTP/1.1"
245	2024/01/12 11:17:48	"GET /uv248fip248inf210/activity_sql_correction.html HTTP/1.1"
241	2024/01/12 11:20:23	"GET /uv248fip248inf210/practice_spring_2tiers.html HTTP/1.1"
249	2024/01/12 11:24:12	"GET /uv248fip248inf210/technical_environment_home.html HTTP/1.1"
247	2024/01/12 11:24:25	"GET /uv248fip248inf210/lecture_software_architecture.html HTTP/1.1"
246	2024/01/12 11:25:19	"GET /uv248fip248inf210/activity_conceptual_modeling_correction.html HTTP/1.1"
245	2024/01/12 11:26:41	"GET /uv248fip248inf210/practice_sql.html HTTP/1.1"
245	2024/01/12 11:27:28	"GET /uv248fip248inf210/practice_postgresql.html HTTP/1.1"
2410	2024/01/12 11:43:17	"GET /uv248fip248inf210/index.html HTTP/1.1"
2410	2024/01/12 11:45:23	"GET /uv248fip248inf210/web_architecture_home.html HTTP/1.1"
247	2024/01/12 11:50:58	"GET /uv248fip248inf210/lecture_mvc_spring.html HTTP/1.1"
247	2024/01/12 11:56:05	"GET /uv248fip248inf210/lecture_jpa.html HTTP/1.1"
241	2024/01/12 11:59:47	"GET /uv248fip248inf210/index.html HTTP/1.1"
241	2024/01/12 11:59:49	"GET /uv248fip248inf210/data_home.html HTTP/1.1"
246	2024/01/12 12:05:52	"GET /uv248fip248inf210/lecture_relational_model.html HTTP/1.1"
246	2024/01/12 12:05:56	"GET /uv248fip248inf210/index.html HTTP/1.1"
246	2024/01/12 12:06:18	"GET /uv248fip248inf210/images/data/prerequisite_data/prerequisite_data.html HTTP/1.1"
246	2024/01/12 12:06:21	"GET /uv248fip248inf210/activity_conceptual_modeling_advanced.html HTTP/1.1"
241	2024/01/12 12:39:05	"GET /uv248fip248inf210/lecture_relational_model.html HTTP/1.1"
246	2024/01/12 13:00:20	"GET /uv248fip248inf210/data_home.html HTTP/1.1"
246	2024/01/12 13:00:52	"GET /uv248fip248inf210/lecture_normalization.html HTTP/1.1"
246	2024/01/12 13:06:28	"GET /uv248fip248inf210/web_architecture_home.html HTTP/1.1"
246	2024/01/12 13:08:05	"GET /uv248fip248inf210/practice_spring_2tiers.html HTTP/1.1"
246	2024/01/12 13:10:17	"GET /uv248fip248inf210/lecture_mvc_spring.html HTTP/1.1"
246	2024/01/12 13:10:22	"GET /uv248fip248inf210/lecture_jpa.html HTTP/1.1"
246	2024/01/12 13:10:50	"GET /uv248fip248inf210/practice_jpa.html HTTP/1.1"
2411	2024/01/12 13:41:48	"GET /uv248fip248inf210/practice_spring_2tiers.html HTTP/1.1"
2412	2024/01/12 13:42:18	"GET /uv248fip248inf210/technical_environment_home.html HTTP/1.1"
2412	2024/01/12 13:42:24	"GET /uv248fip248inf210/index.html HTTP/1.1"
2412	2024/01/12 13:42:27	"GET /uv248fip248inf210/web_architecture_home.html HTTP/1.1"
2412	2024/01/12 13:42:29	"GET /uv248fip248inf210/practice_jpa.html HTTP/1.1"
2410	2024/01/12 13:43:55	"GET /uv248fip248inf210/lecture_jpa.html HTTP/1.1"
2413	2024/01/12 13:44:16	"GET /uv248fip248inf210/index.html HTTP/1.1"
2414	2024/01/12 13:44:21	"GET /uv248fip248inf210/lecture_jpa.html HTTP/1.1"
2413	2024/01/12 13:44:24	"GET /uv248fip248inf210/data_home.html HTTP/1.1"
2414	2024/01/12 13:44:25	"GET /uv248fip248inf210/lecture_mvc_spring.html HTTP/1.1"
2414	2024/01/12 13:44:41	"GET /uv248fip248inf210/images/web_architecture/prerequisite_archiweb/prerequisite_archiweb.html HTTP/1.1"
245	2024/01/12 13:44:50	"GET /uv248fip248inf210/practice_sql.html HTTP/1.1"
2415	2024/01/12 13:45:10	"GET /uv248fip248inf210/lecture_modeling_normalization.html HTTP/1.1"
2413	2024/01/12 13:45:34	"GET /uv248fip248inf210/lecture_modeling_normalization.html HTTP/1.1"
2416	2024/01/12 13:45:57	"GET /uv248fip248inf210/practice_sql.html HTTP/1.1"
2416	2024/01/12 13:46:12	"GET /uv248fip248inf210/images/data/prerequisite_data/prerequisite_data.html HTTP/1.1"
2416	2024/01/12 13:46:16	"GET /uv248fip248inf210/activity_sql.html HTTP/1.1"
2411	2024/01/12 13:46:21	"GET /uv248fip248inf210/web_architecture_home.html HTTP/1.1"
246	2024/01/12 13:46:37	"GET /uv248fip248inf210/activity_conceptual_modeling.html HTTP/1.1"
2417	2024/01/12 13:47:13	"GET /uv248fip248inf210/practice_spring_2tiers.html HTTP/1.1"
2415	2024/01/12 13:47:14	"GET /uv248fip248inf210/lecture_conceptual_modeling.html HTTP/1.1"
2417	2024/01/12 13:47:43	"GET /uv248fip248inf210/index.html HTTP/1.1"
2417	2024/01/12 13:47:47	"GET /uv248fip248inf210/web_architecture_home.html HTTP/1.1"
2417	2024/01/12 13:47:52	"GET /uv248fip248inf210/practice_jpa.html HTTP/1.1"
2418	2024/01/12 13:48:06	"GET /uv248fip248inf210/web_architecture_home.html HTTP/1.1"
2418	2024/01/12 13:48:11	"GET /uv248fip248inf210/practice_spring_2tiers.html HTTP/1.1"
2419	2024/01/12 13:48:19	"GET /uv248fip248inf210/technical_environment_home.html HTTP/1.1"
2410	2024/01/12 13:48:19	"GET /uv248fip248inf210/practice_jpa.html HTTP/1.1"
2412	2024/01/12 13:48:29	"GET /uv248fip248inf210/data_home.html HTTP/1.1"
2419	2024/01/12 13:48:29	"GET /uv248fip248inf210/practice_spring.html HTTP/1.1"
2412	2024/01/12 13:48:44	"GET /uv248fip248inf210/lecture_relational_model.html HTTP/1.1"
2420	2024/01/12 13:49:05	"GET /uv248fip248inf210/web_architecture_home.html HTTP/1.1"
2420	2024/01/12 13:49:16	"GET /uv248fip248inf210/practice_jpa.html HTTP/1.1"
2412	2024/01/12 13:49:21	"GET /uv248fip248inf210/lecture_db_integrity.html HTTP/1.1"
2412	2024/01/12 13:49:27	"GET /uv248fip248inf210/lecture_relational_algebra.html HTTP/1.1"
247	2024/01/12 13:49:29	"GET /uv248fip248inf210/web_architecture_home.html HTTP/1.1"
247	2024/01/12 13:49:34	"GET /uv248fip248inf210/practice_jpa.html HTTP/1.1"
2421	2024/01/12 13:49:38	"GET /uv248fip248inf210/index.html HTTP/1.1"
2413	2024/01/12 13:50:14	"GET /uv248fip248inf210/lecture_conceptual_modeling.html HTTP/1.1"
2422	2024/01/12 13:50:32	"GET /uv248fip248inf210/technical_environment_home.html HTTP/1.1"
241	2024/01/12 13:50:37	"GET /uv248fip248inf210/lecture_db_integrity.html HTTP/1.1"
2422	2024/01/12 13:50:37	"GET /uv248fip248inf210/index.html HTTP/1.1"
2422	2024/01/12 13:50:43	"GET /uv248fip248inf210/web_architecture_home.html HTTP/1.1"
2423	2024/01/12 13:50:50	"GET /uv248fip248inf210/web_architecture_home.html HTTP/1.1"
249	2024/01/12 13:50:51	"GET /uv248fip248inf210/data_home.html HTTP/1.1"
2422	2024/01/12 13:50:51	"GET /uv248fip248inf210/practice_jpa.html HTTP/1.1"
2412	2024/01/12 13:51:07	"GET /uv248fip248inf210/activity_relational_model.html HTTP/1.1"
2421	2024/01/12 13:51:08	"GET /uv248fip248inf210/web_architecture_home.html HTTP/1.1"
249	2024/01/12 13:51:08	"GET /uv248fip248inf210/web_architecture_home.html HTTP/1.1"
249	2024/01/12 13:51:12	"GET /uv248fip248inf210/lecture_xml.html HTTP/1.1"
249	2024/01/12 13:51:16	"GET /uv248fip248inf210/practice_xml.html HTTP/1.1"
2412	2024/01/12 13:51:23	"GET /uv248fip248inf210/lecture_modeling_normalization.html HTTP/1.1"
2412	2024/01/12 13:51:32	"GET /uv248fip248inf210/lecture_conceptual_modeling.html HTTP/1.1"
2425	2024/01/12 13:51:33	"GET /uv248fip248inf210/practice_docker.html HTTP/1.1"
2426	2024/01/12 13:51:37	"GET /uv248fip248inf210/practice_docker_advanced.html HTTP/1.1"
2421	2024/01/12 13:51:38	"GET /uv248fip248inf210/lecture_technical_architecture.html HTTP/1.1"
2425	2024/01/12 13:51:52	"GET /uv248fip248inf210/index.html HTTP/1.1"
2425	2024/01/12 13:51:58	"GET /uv248fip248inf210/data_home.html HTTP/1.1"
2427	2024/01/12 13:52:01	"GET /uv248fip248inf210/data_home.html HTTP/1.1"
2425	2024/01/12 13:52:06	"GET /uv248fip248inf210/lecture_normalization.html HTTP/1.1"
249	2024/01/12 13:52:09	"GET /uv248fip248inf210/web_architecture_home.html HTTP/1.1"
249	2024/01/12 13:52:10	"GET /uv248fip248inf210/data_home.html HTTP/1.1"
2427	2024/01/12 13:52:32	"GET /uv248fip248inf210/images/data/prerequisite_data/prerequisite_data.html HTTP/1.1"
2427	2024/01/12 13:52:34	"GET /uv248fip248inf210/lecture_db_integrity.html HTTP/1.1"
2427	2024/01/12 13:52:39	"GET /uv248fip248inf210/activity_relational_model.html HTTP/1.1"
249	2024/01/12 13:53:00	"GET /uv248fip248inf210/images/data/prerequisite_data/prerequisite_data.html HTTP/1.1"
2429	2024/01/12 13:53:29	"GET /uv248fip248inf210/web_architecture_home.html HTTP/1.1"
2413	2024/01/12 13:53:31	"GET /uv248fip248inf210/lecture_normalization.html HTTP/1.1"
2430	2024/01/12 13:53:32	"GET /uv248fip248inf210/technical_environment_home.html HTTP/1.1"
2432	2024/01/12 13:53:43	"GET /uv248fip248inf210/index.html HTTP/1.1"
2432	2024/01/12 13:53:47	"GET /uv248fip248inf210/data_home.html HTTP/1.1"
2423	2024/01/12 13:53:48	"GET /uv248fip248inf210/images/web_architecture/prerequisite_archiweb/prerequisite_archiweb.html HTTP/1.1"
2415	2024/01/12 13:53:49	"GET /uv248fip248inf210/lecture_normalization.html HTTP/1.1"
2432	2024/01/12 13:53:50	"GET /uv248fip248inf210/lecture_relational_model.html HTTP/1.1"
2423	2024/01/12 13:53:51	"GET /uv248fip248inf210/practice_spring_2tiers.html HTTP/1.1"
2429	2024/01/12 13:53:56	"GET /uv248fip248inf210/images/web_architecture/prerequisite_archiweb/prerequisite_archiweb.html HTTP/1.1"
2429	2024/01/12 13:53:59	"GET /uv248fip248inf210/practice_spring_2tiers.html HTTP/1.1"
2433	2024/01/12 13:54:02	"GET /uv248fip248inf210/data_home.html HTTP/1.1"
2414	2024/01/12 13:54:05	"GET /uv248fip248inf210/practice_spring_2tiers.html HTTP/1.1"
2434	2024/01/12 13:54:31	"GET /uv248fip248inf210/practice_jpa.html HTTP/1.1"
2429	2024/01/12 13:54:40	"GET /uv248fip248inf210/practice_jpa.html HTTP/1.1"
2433	2024/01/12 13:54:41	"GET /uv248fip248inf210/lecture_conceptual_modeling.html HTTP/1.1"
2412	2024/01/12 13:54:44	"GET /uv248fip248inf210/activity_conceptual_modeling.html HTTP/1.1"
2412	2024/01/12 13:54:49	"GET /uv248fip248inf210/activity_normalization.html HTTP/1.1"
2435	2024/01/12 13:54:54	"GET /uv248fip248inf210/technical_environment_home.html HTTP/1.1"
2435	2024/01/12 13:54:57	"GET /uv248fip248inf210/practice_postgresql.html HTTP/1.1"
2436	2024/01/12 13:55:03	"GET /uv248fip248inf210/index.html HTTP/1.1"
2412	2024/01/12 13:55:07	"GET /uv248fip248inf210/activity_decomposition.html HTTP/1.1"
249	2024/01/12 13:55:08	"GET /uv248fip248inf210/images/web_architecture/prerequisite_archiweb/prerequisite_archiweb.html HTTP/1.1"
2436	2024/01/12 13:55:10	"GET /uv248fip248inf210/technical_environment_home.html HTTP/1.1"
2436	2024/01/12 13:55:11	"GET /uv248fip248inf210/images/technical_environment/prerequisite_techenv/prerequisite_techenv.html HTTP/1.1"
2436	2024/01/12 13:55:13	"GET /uv248fip248inf210/practice_docker.html HTTP/1.1"
2435	2024/01/12 13:55:14	"GET /uv248fip248inf210/data_home.html HTTP/1.1"
249	2024/01/12 13:55:27	"GET /uv248fip248inf210/practice_sql.html HTTP/1.1"
2431	2024/01/12 13:55:57	"GET /uv248fip248inf210/data_home.html HTTP/1.1"
2431	2024/01/12 13:55:59	"GET /uv248fip248inf210/images/data/prerequisite_data/prerequisite_data.html HTTP/1.1"
2431	2024/01/12 13:56:02	"GET /uv248fip248inf210/practice_sql.html HTTP/1.1"
2435	2024/01/12 13:56:42	"GET /uv248fip248inf210/lecture_relational_model.html HTTP/1.1"
2435	2024/01/12 13:56:49	"GET /uv248fip248inf210/lecture_db_tools.html HTTP/1.1"
2437	2024/01/12 13:56:51	"GET /uv248fip248inf210/practice_jpa.html HTTP/1.1"
2411	2024/01/12 13:56:54	"GET /uv248fip248inf210/index.html HTTP/1.1"
2411	2024/01/12 13:56:56	"GET /uv248fip248inf210/technical_environment_home.html HTTP/1.1"
2426	2024/01/12 13:56:59	"GET /uv248fip248inf210/documentation_programming.html HTTP/1.1"
2411	2024/01/12 13:57:01	"GET /uv248fip248inf210/images/technical_environment/prerequisite_techenv/prerequisite_techenv.html HTTP/1.1"
2411	2024/01/12 13:57:03	"GET /uv248fip248inf210/practice_docker.html HTTP/1.1"
2426	2024/01/12 13:57:41	"GET /uv248fip248inf210/practice_spring.html HTTP/1.1"
2427	2024/01/12 13:57:47	"GET /uv248fip248inf210/activity_relational_model_correction.html HTTP/1.1"
245	2024/01/12 13:57:52	"GET /uv248fip248inf210/images/data/prerequisite_data/prerequisite_data.html HTTP/1.1"
245	2024/01/12 13:57:53	"GET /uv248fip248inf210/activity_sql.html HTTP/1.1"
2415	2024/01/12 13:58:25	"GET /uv248fip248inf210/lecture_independence_views.html HTTP/1.1"
2431	2024/01/12 13:58:33	"GET /uv248fip248inf210/activity_sql.html HTTP/1.1"
2438	2024/01/12 13:58:50	"GET /uv248fip248inf210/technical_environment_home.html HTTP/1.1"
2438	2024/01/12 13:58:59	"GET /uv248fip248inf210/index.html HTTP/1.1"
2413	2024/01/12 13:59:02	"GET /uv248fip248inf210/activity_conceptual_modeling.html HTTP/1.1"
2438	2024/01/12 13:59:11	"GET /uv248fip248inf210/web_architecture_home.html HTTP/1.1"
2438	2024/01/12 13:59:13	"GET /uv248fip248inf210/images/web_architecture/prerequisite_archiweb/prerequisite_archiweb.html HTTP/1.1"
2416	2024/01/12 13:59:44	"GET /uv248fip248inf210/practice_sql.html HTTP/1.1"
247	2024/01/12 13:59:55	"GET /uv248fip248inf210/lecture_jpa.html HTTP/1.1"
2439	2024/01/12 13:59:57	"GET /uv248fip248inf210/data_home.html HTTP/1.1"
2439	2024/01/12 14:00:03	"GET /uv248fip248inf210/index.html HTTP/1.1"
2439	2024/01/12 14:00:08	"GET /uv248fip248inf210/technical_environment_home.html HTTP/1.1"
2439	2024/01/12 14:00:11	"GET /uv248fip248inf210/practice_spring.html HTTP/1.1"
2437	2024/01/12 14:01:05	"GET /uv248fip248inf210/index.html HTTP/1.1"
2437	2024/01/12 14:01:07	"GET /uv248fip248inf210/technical_environment_home.html HTTP/1.1"
2437	2024/01/12 14:01:10	"GET /uv248fip248inf210/practice_docker.html HTTP/1.1"
2415	2024/01/12 14:01:30	"GET /uv248fip248inf210/activity_conceptual_modeling.html HTTP/1.1"
2415	2024/01/12 14:02:05	"GET /uv248fip248inf210/activity_conceptual_modeling_correction.html HTTP/1.1"
2440	2024/01/12 14:03:01	"GET /uv248fip248inf210/lecture_mvc_spring.html HTTP/1.1"
2435	2024/01/12 14:03:03	"GET /uv248fip248inf210/lecture_db_integrity.html HTTP/1.1"
2440	2024/01/12 14:03:04	"GET /uv248fip248inf210/lecture_jpa.html HTTP/1.1"
2429	2024/01/12 14:03:57	"GET /uv248fip248inf210/lecture_jpa.html HTTP/1.1"
247	2024/01/12 14:05:18	"GET /uv248fip248inf210/lecture_mvc_spring.html HTTP/1.1"
247	2024/01/12 14:05:35	"GET /uv248fip248inf210/lecture_software_architecture.html HTTP/1.1"
2438	2024/01/12 14:07:23	"GET /uv248fip248inf210/practice_json.html HTTP/1.1"
2429	2024/01/12 14:07:45	"GET /uv248fip248inf210/practice_jpa.html HTTP/1.1"
2426	2024/01/12 14:08:13	"GET /uv248fip248inf210/practice_postgresql.html HTTP/1.1"
2419	2024/01/12 14:08:21	"GET /uv248fip248inf210/index.html HTTP/1.1"
2419	2024/01/12 14:08:26	"GET /uv248fip248inf210/data_home.html HTTP/1.1"
2419	2024/01/12 14:08:33	"GET /uv248fip248inf210/activity_relational_model.html HTTP/1.1"
2436	2024/01/12 14:08:53	"GET /uv248fip248inf210/web_architecture_home.html HTTP/1.1"
2426	2024/01/12 14:08:58	"GET /uv248fip248inf210/documentation_programming.html HTTP/1.1"
2426	2024/01/12 14:09:03	"GET /uv248fip248inf210/practice_spring.html HTTP/1.1"
2438	2024/01/12 14:09:10	"GET /uv248fip248inf210/lecture_json.html HTTP/1.1"
2436	2024/01/12 14:09:14	"GET /uv248fip248inf210/images/web_architecture/prerequisite_archiweb/prerequisite_archiweb.html HTTP/1.1"
2440	2024/01/12 14:09:18	"GET /uv248fip248inf210/practice_jpa.html HTTP/1.1"
2430	2024/01/12 14:09:31	"GET /uv248fip248inf210/index.html HTTP/1.1"
2430	2024/01/12 14:09:37	"GET /uv248fip248inf210/web_architecture_home.html HTTP/1.1"
2430	2024/01/12 14:09:46	"GET /uv248fip248inf210/practice_jpa.html HTTP/1.1"
2431	2024/01/12 14:09:49	"GET /uv248fip248inf210/activity_sql_correction.html HTTP/1.1"
2431	2024/01/12 14:09:54	"GET /uv248fip248inf210/practice_sql_correction.html HTTP/1.1"
2436	2024/01/12 14:09:58	"GET /uv248fip248inf210/practice_jpa.html HTTP/1.1"
2435	2024/01/12 14:10:00	"GET /uv248fip248inf210/lecture_relational_algebra.html HTTP/1.1"
2438	2024/01/12 14:10:13	"GET /uv248fip248inf210/lecture_software_architecture.html HTTP/1.1"
2436	2024/01/12 14:10:51	"GET /uv248fip248inf210/practice_spring_2tiers.html HTTP/1.1"
2435	2024/01/12 14:11:07	"GET /uv248fip248inf210/activity_relational_model.html HTTP/1.1"
246	2024/01/12 14:11:11	"GET /uv248fip248inf210/images/data/prerequisite_data/prerequisite_data.html HTTP/1.1"
246	2024/01/12 14:11:20	"GET /uv248fip248inf210/practice_sql.html HTTP/1.1"
2439	2024/01/12 14:11:33	"GET /uv248fip248inf210/lecture_relational_model.html HTTP/1.1"
2442	2024/01/12 14:11:42	"GET /uv248fip248inf210/technical_environment_home.html HTTP/1.1"
2442	2024/01/12 14:11:53	"GET /uv248fip248inf210/images/technical_environment/prerequisite_techenv/prerequisite_techenv.html HTTP/1.1"
2443	2024/01/12 14:11:56	"GET /uv248fip248inf210/index.html HTTP/1.1"
2442	2024/01/12 14:11:59	"GET /uv248fip248inf210/practice_docker.html HTTP/1.1"
2420	2024/01/12 14:12:01	"GET /uv248fip248inf210/index.html HTTP/1.1"
2427	2024/01/12 14:12:30	"GET /uv248fip248inf210/lecture_modeling_normalization.html HTTP/1.1"
2443	2024/01/12 14:13:24	"GET /uv248fip248inf210/data_home.html HTTP/1.1"
2443	2024/01/12 14:13:26	"GET /uv248fip248inf210/web_architecture_home.html HTTP/1.1"
2443	2024/01/12 14:13:33	"GET /uv248fip248inf210/practice_spring_2tiers.html HTTP/1.1"
2438	2024/01/12 14:13:52	"GET /uv248fip248inf210/lecture_mvc_spring.html HTTP/1.1"
2432	2024/01/12 14:13:59	"GET /uv248fip248inf210/lecture_db_integrity.html HTTP/1.1"
245	2024/01/12 14:14:01	"GET /uv248fip248inf210/lecture_db_integrity.html HTTP/1.1"
2412	2024/01/12 14:15:36	"GET /uv248fip248inf210/practice_sql.html HTTP/1.1"
2430	2024/01/12 14:16:45	"GET /uv248fip248inf210/practice_jpa_advanced.html HTTP/1.1"
2430	2024/01/12 14:16:46	"GET /uv248fip248inf210/practice_spring_2tiers.html HTTP/1.1"
2430	2024/01/12 14:16:48	"GET /uv248fip248inf210/practice_spring_2tiers_ext.html HTTP/1.1"
2418	2024/01/12 14:16:49	"GET /uv248fip248inf210/practice_jpa.html HTTP/1.1"
2438	2024/01/12 14:16:52	"GET /uv248fip248inf210/practice_spring_2tiers.html HTTP/1.1"
2413	2024/01/12 14:17:08	"GET /uv248fip248inf210/activity_conceptual_modeling_correction.html HTTP/1.1"
2414	2024/01/12 14:17:34	"GET /uv248fip248inf210/technical_environment_home.html HTTP/1.1"
2414	2024/01/12 14:17:37	"GET /uv248fip248inf210/images/technical_environment/prerequisite_techenv/prerequisite_techenv.html HTTP/1.1"
2414	2024/01/12 14:17:39	"GET /uv248fip248inf210/practice_spring.html HTTP/1.1"
2432	2024/01/12 14:18:07	"GET /uv248fip248inf210/activity_relational_model.html HTTP/1.1"
2416	2024/01/12 14:19:10	"GET /uv248fip248inf210/practice_advanced_sql.html HTTP/1.1"
2427	2024/01/12 14:19:49	"GET /uv248fip248inf210/lecture_conceptual_modeling.html HTTP/1.1"
2412	2024/01/12 14:20:51	"GET /uv248fip248inf210/lecture_transaction.html HTTP/1.1"
2444	2024/01/12 14:20:56	"GET /uv248fip248inf210/data_home.html HTTP/1.1"
2444	2024/01/12 14:21:03	"GET /uv248fip248inf210/activity_relational_model.html HTTP/1.1"
2441	2024/01/12 14:22:23	"GET /uv248fip248inf210/web_architecture_home.html HTTP/1.1"
2412	2024/01/12 14:22:24	"GET /uv248fip248inf210/practice_advanced_sql.html HTTP/1.1"
2441	2024/01/12 14:22:31	"GET /uv248fip248inf210/lecture_technical_architecture.html HTTP/1.1"
2415	2024/01/12 14:23:41	"GET /uv248fip248inf210/activity_conceptual_modeling_advanced.html HTTP/1.1"
2413	2024/01/12 14:23:44	"GET /uv248fip248inf210/activity_conceptual_modeling_advanced.html HTTP/1.1"
2439	2024/01/12 14:25:18	"GET /uv248fip248inf210/lecture_db_integrity.html HTTP/1.1"
2426	2024/01/12 14:25:36	"GET /uv248fip248inf210/spring_bean.html HTTP/1.1"
2439	2024/01/12 14:25:51	"GET /uv248fip248inf210/activity_relational_model.html HTTP/1.1"
2419	2024/01/12 14:26:07	"GET /uv248fip248inf210/lecture_modeling_normalization.html HTTP/1.1"
2441	2024/01/12 14:27:16	"GET /uv248fip248inf210/practice_spring_2tiers.html HTTP/1.1"
246	2024/01/12 14:27:19	"GET /uv248fip248inf210/activity_normalization.html HTTP/1.1"
2419	2024/01/12 14:27:35	"GET /uv248fip248inf210/lecture_conceptual_modeling.html HTTP/1.1"
2432	2024/01/12 14:27:48	"GET /uv248fip248inf210/activity_conceptual_modeling.html HTTP/1.1"
2432	2024/01/12 14:27:55	"GET /uv248fip248inf210/activity_relational_model.html HTTP/1.1"
2419	2024/01/12 14:28:11	"GET /uv248fip248inf210/lecture_normalization.html HTTP/1.1"
2419	2024/01/12 14:28:15	"GET /uv248fip248inf210/activity_conceptual_modeling.html HTTP/1.1"
2433	2024/01/12 14:30:04	"GET /uv248fip248inf210/lecture_normalization.html HTTP/1.1"
2431	2024/01/12 14:30:48	"GET /uv248fip248inf210/activity_relational_model.html HTTP/1.1"
2431	2024/01/12 14:31:13	"GET /uv248fip248inf210/lecture_transaction.html HTTP/1.1"
2431	2024/01/12 14:31:26	"GET /uv248fip248inf210/lecture_db_integrity.html HTTP/1.1"
2434	2024/01/12 14:31:44	"GET /uv248fip248inf210/web_architecture_home.html HTTP/1.1"
2444	2024/01/12 14:33:09	"GET /uv248fip248inf210/lecture_modeling_normalization.html HTTP/1.1"
2422	2024/01/12 14:33:13	"GET /uv248fip248inf210/practice_jpa_advanced.html HTTP/1.1"
2422	2024/01/12 14:33:37	"GET /uv248fip248inf210/practice_spring_2tiers.html HTTP/1.1"
2435	2024/01/12 14:35:11	"GET /uv248fip248inf210/activity_sql.html HTTP/1.1"
2435	2024/01/12 14:35:19	"GET /uv248fip248inf210/lecture_modeling_normalization.html HTTP/1.1"
2427	2024/01/12 14:36:01	"GET /uv248fip248inf210/activity_conceptual_modeling.html HTTP/1.1"
2422	2024/01/12 14:36:06	"GET /uv248fip248inf210/lecture_dto.html HTTP/1.1"
2431	2024/01/12 14:36:14	"GET /uv248fip248inf210/lecture_isolation.html HTTP/1.1"
2422	2024/01/12 14:36:27	"GET /uv248fip248inf210/lecture_xml.html HTTP/1.1"
2431	2024/01/12 14:36:28	"GET /uv248fip248inf210/practice_transaction.html HTTP/1.1"
2427	2024/01/12 14:36:37	"GET /uv248fip248inf210/activity_conceptual_modeling_correction.html HTTP/1.1"
2422	2024/01/12 14:36:49	"GET /uv248fip248inf210/lecture_validity.html HTTP/1.1"
2422	2024/01/12 14:36:55	"GET /uv248fip248inf210/lecture_xpath.html HTTP/1.1"
2422	2024/01/12 14:37:40	"GET /uv248fip248inf210/lecture_parser.html HTTP/1.1"
2412	2024/01/12 14:37:42	"GET /uv248fip248inf210/lecture_conceptual_modeling.html HTTP/1.1"
2422	2024/01/12 14:37:50	"GET /uv248fip248inf210/lecture_jaxb.html HTTP/1.1"
2412	2024/01/12 14:37:52	"GET /uv248fip248inf210/lecture_modeling_normalization.html HTTP/1.1"
2412	2024/01/12 14:38:01	"GET /uv248fip248inf210/lecture_normalization.html HTTP/1.1"
2412	2024/01/12 14:38:03	"GET /uv248fip248inf210/activity_decomposition.html HTTP/1.1"
2412	2024/01/12 14:38:07	"GET /uv248fip248inf210/activity_sql.html HTTP/1.1"
2412	2024/01/12 14:38:24	"GET /uv248fip248inf210/practice_sql.html HTTP/1.1"
2425	2024/01/12 14:39:09	"GET /uv248fip248inf210/activity_normalization.html HTTP/1.1"
2434	2024/01/12 14:41:09	"GET /uv248fip248inf210/practice_jpa_advanced.html HTTP/1.1"
247	2024/01/12 14:41:19	"GET /uv248fip248inf210/practice_jpa_advanced.html HTTP/1.1"
2413	2024/01/12 14:42:10	"GET /uv248fip248inf210/activity_conceptual_modeling_advanced_correction.html HTTP/1.1"
2415	2024/01/12 14:42:12	"GET /uv248fip248inf210/activity_conceptual_modeling_advanced_correction.html HTTP/1.1"
2425	2024/01/12 14:42:47	"GET /uv248fip248inf210/activity_normalization_correction.html HTTP/1.1"
2421	2024/01/12 14:43:02	"GET /uv248fip248inf210/lecture_software_architecture.html HTTP/1.1"
2426	2024/01/12 14:43:16	"GET /uv248fip248inf210/practice_postgresql.html HTTP/1.1"
2426	2024/01/12 14:44:03	"GET /uv248fip248inf210/index.html HTTP/1.1"
2426	2024/01/12 14:44:17	"GET /uv248fip248inf210/web_architecture_home.html HTTP/1.1"
2426	2024/01/12 14:44:22	"GET /uv248fip248inf210/images/web_architecture/prerequisite_archiweb/prerequisite_archiweb.html HTTP/1.1"
2426	2024/01/12 14:44:43	"GET /uv248fip248inf210/lecture_jpa.html HTTP/1.1"
2415	2024/01/12 14:44:54	"GET /uv248fip248inf210/activity_normalization.html HTTP/1.1"
2436	2024/01/12 14:44:55	"GET /uv248fip248inf210/documentation_docker.html HTTP/1.1"
2413	2024/01/12 14:45:03	"GET /uv248fip248inf210/activity_normalization.html HTTP/1.1"
2435	2024/01/12 14:45:29	"GET /uv248fip248inf210/practice_sql.html HTTP/1.1"
2432	2024/01/12 14:45:56	"GET /uv248fip248inf210/activity_conceptual_modeling_advanced.html HTTP/1.1"
2413	2024/01/12 14:48:45	"GET /uv248fip248inf210/activity_normalization_correction.html HTTP/1.1"
2445	2024/01/12 14:49:08	"GET /uv248fip248inf210/data_home.html HTTP/1.1"
2445	2024/01/12 14:49:13	"GET /uv248fip248inf210/lecture_normalization.html HTTP/1.1"
2445	2024/01/12 14:51:36	"GET /uv248fip248inf210/activity_conceptual_modeling.html HTTP/1.1"
2415	2024/01/12 14:52:33	"GET /uv248fip248inf210/activity_normalization_correction.html HTTP/1.1"
2441	2024/01/12 14:52:46	"GET /uv248fip248inf210/practice_spring_2tiers.html HTTP/1.1"
2433	2024/01/12 14:52:48	"GET /uv248fip248inf210/index.html HTTP/1.1"
2433	2024/01/12 14:53:07	"GET /uv248fip248inf210/activity_conceptual_modeling.html HTTP/1.1"
2444	2024/01/12 14:55:24	"GET /uv248fip248inf210/lecture_conceptual_modeling.html HTTP/1.1"
2411	2024/01/12 14:55:45	"GET /uv248fip248inf210/images/web_architecture/prerequisite_archiweb/prerequisite_archiweb.html HTTP/1.1"
2411	2024/01/12 14:55:46	"GET /uv248fip248inf210/practice_spring_2tiers.html HTTP/1.1"
2433	2024/01/12 14:56:56	"GET /uv248fip248inf210/activity_conceptual_modeling_correction.html HTTP/1.1"
246	2024/01/12 14:59:03	"GET /uv248fip248inf210/activity_conceptual_modeling_correction.html HTTP/1.1"
2435	2024/01/12 14:59:04	"GET /uv248fip248inf210/practice_sql_correction.html HTTP/1.1"
2427	2024/01/12 14:59:51	"GET /uv248fip248inf210/lecture_normalization.html HTTP/1.1"
2411	2024/01/12 15:02:19	"GET /uv248fip248inf210/lecture_jpa.html HTTP/1.1"
2426	2024/01/12 15:10:15	"GET /uv248fip248inf210/practice_jpa.html HTTP/1.1"
2411	2024/01/12 15:15:42	"GET /uv248fip248inf210/lecture_mvc_spring.html HTTP/1.1"
2411	2024/01/12 15:15:56	"GET /uv248fip248inf210/practice_jpa.html HTTP/1.1"
2442	2024/01/12 15:16:24	"GET /uv248fip248inf210/index.html HTTP/1.1"
2442	2024/01/12 15:16:30	"GET /uv248fip248inf210/web_architecture_home.html HTTP/1.1"
2442	2024/01/12 15:16:32	"GET /uv248fip248inf210/images/web_architecture/prerequisite_archiweb/prerequisite_archiweb.html HTTP/1.1"
2439	2024/01/12 15:17:16	"GET /uv248fip248inf210/activity_relational_model_correction.html HTTP/1.1"
2442	2024/01/12 15:17:30	"GET /uv248fip248inf210/practice_spring_2tiers.html HTTP/1.1"
2442	2024/01/12 15:19:43	"GET /uv248fip248inf210/lecture_jpa.html HTTP/1.1"
2410	2024/01/12 15:21:36	"GET /uv248fip248inf210/lecture_dto.html HTTP/1.1"
2410	2024/01/12 15:22:07	"GET /uv248fip248inf210/lecture_xml.html HTTP/1.1"
2410	2024/01/12 15:24:18	"GET /uv248fip248inf210/practice_xml.html HTTP/1.1"
245	2024/01/12 15:25:38	"GET /uv248fip248inf210/practice_sql_correction.html HTTP/1.1"
2410	2024/01/12 15:27:33	"GET /uv248fip248inf210/lecture_json.html HTTP/1.1"
2410	2024/01/12 15:27:57	"GET /uv248fip248inf210/practice_json.html HTTP/1.1"
2410	2024/01/12 15:28:37	"GET /uv248fip248inf210/index.html HTTP/1.1"
2410	2024/01/12 15:28:41	"GET /uv248fip248inf210/data_home.html HTTP/1.1"
2410	2024/01/12 15:28:48	"GET /uv248fip248inf210/images/data/prerequisite_data/prerequisite_data.html HTTP/1.1"
2432	2024/01/12 15:29:37	"GET /uv248fip248inf210/activity_relational_model_correction.html HTTP/1.1"
2427	2024/01/12 15:31:28	"GET /uv248fip248inf210/activity_sql.html HTTP/1.1"
2427	2024/01/12 15:34:05	"GET /uv248fip248inf210/activity_sql_correction.html HTTP/1.1"
2433	2024/01/12 15:34:50	"GET /uv248fip248inf210/activity_normalization.html HTTP/1.1"
2442	2024/01/12 15:37:57	"GET /uv248fip248inf210/practice_jpa.html HTTP/1.1"
2415	2024/01/12 15:38:02	"GET /uv248fip248inf210/activity_decomposition.html HTTP/1.1"
2413	2024/01/12 15:38:18	"GET /uv248fip248inf210/activity_decomposition.html HTTP/1.1"
2410	2024/01/12 15:38:43	"GET /uv248fip248inf210/lecture_relational_model.html HTTP/1.1"
2427	2024/01/12 15:38:46	"GET /uv248fip248inf210/practice_sql.html HTTP/1.1"
2434	2024/01/12 15:40:06	"GET /uv248fip248inf210/practice_spring_2tiers.html HTTP/1.1"
2439	2024/01/12 15:40:15	"GET /uv248fip248inf210/lecture_modeling_normalization.html HTTP/1.1"
2410	2024/01/12 15:41:12	"GET /uv248fip248inf210/lecture_db_integrity.html HTTP/1.1"
245	2024/01/12 15:41:46	"GET /uv248fip248inf210/lecture_modeling_normalization.html HTTP/1.1"
2432	2024/01/12 15:42:41	"GET /uv248fip248inf210/lecture_modeling_normalization.html HTTP/1.1"
2445	2024/01/12 15:43:44	"GET /uv248fip248inf210/activity_normalization.html HTTP/1.1"
2433	2024/01/12 15:44:37	"GET /uv248fip248inf210/activity_normalization_correction.html HTTP/1.1"
2413	2024/01/12 15:44:37	"GET /uv248fip248inf210/activity_decomposition_correction.html HTTP/1.1"
2410	2024/01/12 15:46:08	"GET /uv248fip248inf210/activity_relational_model.html HTTP/1.1"
2423	2024/01/12 15:49:07	"GET /uv248fip248inf210/index.html HTTP/1.1"
2423	2024/01/12 15:49:10	"GET /uv248fip248inf210/technical_environment_home.html HTTP/1.1"
2423	2024/01/12 15:49:13	"GET /uv248fip248inf210/images/technical_environment/prerequisite_techenv/prerequisite_techenv.html HTTP/1.1"
2423	2024/01/12 15:49:16	"GET /uv248fip248inf210/practice_docker.html HTTP/1.1"
2415	2024/01/12 15:52:39	"GET /uv248fip248inf210/activity_decomposition_correction.html HTTP/1.1"
2410	2024/01/12 15:53:01	"GET /uv248fip248inf210/lecture_modeling_normalization.html HTTP/1.1"
245	2024/01/12 15:54:30	"GET /uv248fip248inf210/lecture_conceptual_modeling.html HTTP/1.1"
2415	2024/01/12 15:54:48	"GET /uv248fip248inf210/practice_independence_views.html HTTP/1.1"
2413	2024/01/12 15:54:52	"GET /uv248fip248inf210/practice_independence_views.html HTTP/1.1"
2416	2024/01/12 15:54:59	"GET /uv248fip248inf210/index.html HTTP/1.1"
2416	2024/01/12 15:55:07	"GET /uv248fip248inf210/practice_transaction.html HTTP/1.1"
2420	2024/01/12 15:55:35	"GET /uv248fip248inf210/practice_spring_2tiers.html HTTP/1.1"
2433	2024/01/12 15:56:13	"GET /uv248fip248inf210/activity_decomposition.html HTTP/1.1"
2436	2024/01/12 15:56:46	"GET /uv248fip248inf210/practice_spring_2tiers.html HTTP/1.1"
2410	2024/01/12 15:56:52	"GET /uv248fip248inf210/lecture_conceptual_modeling.html HTTP/1.1"
246	2024/01/12 15:57:00	"GET /uv248fip248inf210/activity_decomposition.html HTTP/1.1"
2416	2024/01/12 15:57:19	"GET /uv248fip248inf210/lecture_transaction.html HTTP/1.1"
2425	2024/01/12 15:57:27	"GET /uv248fip248inf210/activity_decomposition.html HTTP/1.1"
2416	2024/01/12 15:57:28	"GET /uv248fip248inf210/lecture_isolation.html HTTP/1.1"
2410	2024/01/12 15:58:28	"GET /uv248fip248inf210/activity_conceptual_modeling.html HTTP/1.1"
2413	2024/01/12 15:59:32	"GET /uv248fip248inf210/activity_sql.html HTTP/1.1"
2433	2024/01/12 16:00:06	"GET /uv248fip248inf210/activity_decomposition_correction.html HTTP/1.1"
2412	2024/01/12 16:00:18	"GET /uv248fip248inf210/practice_advanced_sql.html HTTP/1.1"
2415	2024/01/12 16:00:25	"GET /uv248fip248inf210/activity_sql.html HTTP/1.1"
2412	2024/01/12 16:01:00	"GET /uv248fip248inf210/lecture_transaction.html HTTP/1.1"
2432	2024/01/12 16:01:16	"GET /uv248fip248inf210/lecture_normalization.html HTTP/1.1"
2432	2024/01/12 16:01:19	"GET /uv248fip248inf210/lecture_conceptual_modeling.html HTTP/1.1"
2433	2024/01/12 16:01:25	"GET /uv248fip248inf210/activity_sql.html HTTP/1.1"
2427	2024/01/12 16:01:34	"GET /uv248fip248inf210/practice_sql_correction.html HTTP/1.1"
2434	2024/01/12 16:02:06	"GET /uv248fip248inf210/practice_spring_2tiers_ext.html HTTP/1.1"
2434	2024/01/12 16:02:42	"GET /uv248fip248inf210/index.html HTTP/1.1"
2434	2024/01/12 16:02:53	"GET /uv248fip248inf210/project_home.html HTTP/1.1"
2434	2024/01/12 16:02:55	"GET /uv248fip248inf210/project_part1.html HTTP/1.1"
2434	2024/01/12 16:03:01	"GET /uv248fip248inf210/lecture_mvc_spring.html HTTP/1.1"
2413	2024/01/12 16:03:34	"GET /uv248fip248inf210/activity_sql_correction.html HTTP/1.1"
2412	2024/01/12 16:03:39	"GET /uv248fip248inf210/practice_transaction.html HTTP/1.1"
2431	2024/01/12 16:04:08	"GET /uv248fip248inf210/practice_transaction_correction.html HTTP/1.1"
2415	2024/01/12 16:05:03	"GET /uv248fip248inf210/activity_sql_correction.html HTTP/1.1"
2415	2024/01/12 16:06:57	"GET /uv248fip248inf210/index.html HTTP/1.1"
2415	2024/01/12 16:07:00	"GET /uv248fip248inf210/data_home.html HTTP/1.1"
2415	2024/01/12 16:07:04	"GET /uv248fip248inf210/practice_sql.html HTTP/1.1"
2433	2024/01/12 16:08:55	"GET /uv248fip248inf210/activity_sql_correction.html HTTP/1.1"
2412	2024/01/12 16:10:06	"GET /uv248fip248inf210/lecture_transaction.html HTTP/1.1"
2412	2024/01/12 16:10:51	"GET /uv248fip248inf210/lecture_isolation.html HTTP/1.1"
2410	2024/01/12 16:11:48	"GET /uv248fip248inf210/activity_conceptual_modeling_correction.html HTTP/1.1"
2444	2024/01/12 16:11:57	"GET /uv248fip248inf210/lecture_normalization.html HTTP/1.1"
2412	2024/01/12 16:12:27	"GET /uv248fip248inf210/practice_transaction.html HTTP/1.1"
2433	2024/01/12 16:12:30	"GET /uv248fip248inf210/practice_sql.html HTTP/1.1"
2435	2024/01/12 16:13:05	"GET /uv248fip248inf210/practice_sql_correction.html HTTP/1.1"
245	2024/01/12 16:14:38	"GET /uv248fip248inf210/lecture_normalization.html HTTP/1.1"
2415	2024/01/12 16:16:47	"GET /uv248fip248inf210/practice_sql_correction.html HTTP/1.1"
2433	2024/01/12 16:17:03	"GET /uv248fip248inf210/technical_environment_home.html HTTP/1.1"
2433	2024/01/12 16:17:07	"GET /uv248fip248inf210/practice_spring.html HTTP/1.1"
2433	2024/01/12 16:17:32	"GET /uv248fip248inf210/practice_postgresql.html HTTP/1.1"
2418	2024/01/12 16:18:19	"GET /uv248fip248inf210/practice_spring_2tiers_ext.html HTTP/1.1"
2425	2024/01/12 16:18:28	"GET /uv248fip248inf210/activity_decomposition_correction.html HTTP/1.1"
2421	2024/01/12 16:21:51	"GET /uv248fip248inf210/technical_environment_home.html HTTP/1.1"
2421	2024/01/12 16:21:56	"GET /uv248fip248inf210/practice_docker.html HTTP/1.1"
246	2024/01/12 16:22:09	"GET /uv248fip248inf210/activity_decomposition_correction.html HTTP/1.1"
2412	2024/01/12 16:26:15	"GET /uv248fip248inf210/project_home.html HTTP/1.1"
2412	2024/01/12 16:26:23	"GET /uv248fip248inf210/project_presentation.html HTTP/1.1"
2412	2024/01/12 16:26:49	"GET /uv248fip248inf210/project_specifications.html HTTP/1.1"
2412	2024/01/12 16:26:51	"GET /uv248fip248inf210/project_task_time.html HTTP/1.1"
246	2024/01/12 16:27:38	"GET /uv248fip248inf210/index.html HTTP/1.1"
246	2024/01/12 16:28:05	"GET /uv248fip248inf210/web_architecture_home.html HTTP/1.1"
246	2024/01/12 16:28:09	"GET /uv248fip248inf210/images/web_architecture/prerequisite_archiweb/prerequisite_archiweb.html HTTP/1.1"
2412	2024/01/12 16:28:15	"GET /uv248fip248inf210/web_architecture_home.html HTTP/1.1"
2412	2024/01/12 16:28:29	"GET /uv248fip248inf210/lecture_technical_architecture.html HTTP/1.1"
2412	2024/01/12 16:28:33	"GET /uv248fip248inf210/lecture_software_architecture.html HTTP/1.1"
2412	2024/01/12 16:28:45	"GET /uv248fip248inf210/lecture_mvc_spring.html HTTP/1.1"
2412	2024/01/12 16:28:48	"GET /uv248fip248inf210/lecture_jpa.html HTTP/1.1"
246	2024/01/12 16:28:50	"GET /uv248fip248inf210/lecture_mvc_spring.html HTTP/1.1"
246	2024/01/12 16:28:59	"GET /uv248fip248inf210/practice_spring_2tiers.html HTTP/1.1"
246	2024/01/12 16:29:42	"GET /uv248fip248inf210/practice_jpa.html HTTP/1.1"
246	2024/01/12 16:30:06	"GET /uv248fip248inf210/lecture_software_architecture.html HTTP/1.1"
246	2024/01/12 18:28:03	"GET /uv248fip248inf210/data_home.html HTTP/1.1"
246	2024/01/12 18:28:14	"GET /uv248fip248inf210/lecture_technical_architecture.html HTTP/1.1"
2434	2024/01/12 19:09:52	"GET /uv248fip248inf210/web_architecture_home.html HTTP/1.1"
2434	2024/01/12 19:09:54	"GET /uv248fip248inf210/practice_spring_2tiers.html HTTP/1.1"
2434	2024/01/12 19:10:06	"GET /uv248fip248inf210/practice_jpa_advanced.html HTTP/1.1"
2434	2024/01/12 19:10:27	"GET /uv248fip248inf210/practice_jpa.html HTTP/1.1"
245	2024/01/12 20:17:02	"GET /uv248fip248inf210/activity_conceptual_modeling.html HTTP/1.1"
245	2024/01/12 20:19:24	"GET /uv248fip248inf210/lecture_relational_model.html HTTP/1.1"
245	2024/01/12 20:19:24	"GET /uv248fip248inf210/lecture_db_integrity.html HTTP/1.1"
245	2024/01/12 20:19:25	"GET /uv248fip248inf210/lecture_modeling_normalization.html HTTP/1.1"
245	2024/01/12 20:19:26	"GET /uv248fip248inf210/lecture_conceptual_modeling.html HTTP/1.1"
245	2024/01/12 20:21:48	"GET /uv248fip248inf210/lecture_normalization.html HTTP/1.1"
245	2024/01/12 20:22:07	"GET /uv248fip248inf210/activity_normalization.html HTTP/1.1"
245	2024/01/12 21:59:55	"GET /uv248fip248inf210/activity_conceptual_modeling_correction.html HTTP/1.1"
245	2024/01/12 22:01:49	"GET /uv248fip248inf210/index.html HTTP/1.1"
245	2024/01/12 22:04:22	"GET /uv248fip248inf210/activity_conceptual_modeling_correction.html HTTP/1.1"
2434	2024/01/13 00:01:30	"GET /uv248fip248inf210/web_architecture_home.html HTTP/1.1"
2434	2024/01/13 00:03:33	"GET /uv248fip248inf210/practice_spring_2tiers.html HTTP/1.1"
2436	2024/01/13 00:17:37	"GET /uv248fip248inf210/index.html HTTP/1.1"
2436	2024/01/13 00:17:44	"GET /uv248fip248inf210/technical_environment_home.html HTTP/1.1"
2436	2024/01/13 00:17:57	"GET /uv248fip248inf210/images/technical_environment/prerequisite_techenv/prerequisite_techenv.html HTTP/1.1"
2436	2024/01/13 00:17:59	"GET /uv248fip248inf210/documentation_programming.html HTTP/1.1"
2436	2024/01/13 00:22:32	"GET /uv248fip248inf210/inversion_of_control.html HTTP/1.1"
2436	2024/01/13 00:27:52	"GET /uv248fip248inf210/images/technical_environment/prerequisite_techenv/prerequisite_techenv.html HTTP/1.1"
2436	2024/01/13 00:28:08	"GET /uv248fip248inf210/project_home.html HTTP/1.1"
2436	2024/01/13 00:28:19	"GET /uv248fip248inf210/project_specifications.html HTTP/1.1"
2436	2024/01/13 00:29:29	"GET /uv248fip248inf210/project_task_time.html HTTP/1.1"
2436	2024/01/13 00:29:55	"GET /uv248fip248inf210/project_part1.html HTTP/1.1"
2436	2024/01/13 00:30:11	"GET /uv248fip248inf210/project_presentation.html HTTP/1.1"
2436	2024/01/13 00:30:15	"GET /uv248fip248inf210/project_presentation.html HTTP/1.1"
2436	2024/01/13 00:30:57	"GET /uv248fip248inf210/project_evaluation.html HTTP/1.1"
2436	2024/01/13 00:32:27	"GET /uv248fip248inf210/project_part2.html HTTP/1.1"
2436	2024/01/13 00:33:04	"GET /uv248fip248inf210/fproject_part3.html HTTP/1.1"
2436	2024/01/13 00:33:07	"GET /uv248fip248inf210/project_structureui.html HTTP/1.1"
2436	2024/01/13 00:33:36	"GET /uv248fip248inf210/project_part4.html HTTP/1.1"
2436	2024/01/13 00:34:14	"GET /uv248fip248inf210/data_home.html HTTP/1.1"
2436	2024/01/13 00:34:18	"GET /uv248fip248inf210/images/data/prerequisite_data/prerequisite_data.html HTTP/1.1"
2436	2024/01/13 00:36:19	"GET /uv248fip248inf210/lecture_relational_model.html HTTP/1.1"
247	2024/10/02 15:39:14	"GET /uv248fip248inf210/activity_normalization_correction.html HTTP/1.1"
2415	2024/10/02 17:42:19	"GET /uv248fip248inf210/web_architecture_home.html HTTP/1.1"
2415	2024/10/02 17:42:33	"GET /uv248fip248inf210/lecture_technical_architecture.html HTTP/1.1"
2415	2024/10/02 17:45:08	"GET /uv248fip248inf210/lecture_software_architecture.html HTTP/1.1"
2444	2024/02/20 09:42:23	"GET /uv248fip248inf210/technical_environment_home.html HTTP/1.1"
2443	2024/02/20 10:38:27	"GET /uv248fip248inf210/project_specifications.html HTTP/1.1"
246	2024/02/21 00:11:32	"GET /uv248fip248inf210/practice_sql_correction.html HTTP/1.1"
246	2024/02/21 00:11:34	"GET /uv248fip248inf210/index.html HTTP/1.1"
246	2024/02/21 00:11:36	"GET /uv248fip248inf210/project_home.html HTTP/1.1"
246	2024/02/21 00:11:38	"GET /uv248fip248inf210/project_part1.html HTTP/1.1"
246	2024/02/21 00:11:43	"GET /uv248fip248inf210/project_specifications.html HTTP/1.1"
246	2024/02/21 00:11:46	"GET /uv248fip248inf210/project_part2.html HTTP/1.1"
246	2024/02/21 00:11:49	"GET /uv248fip248inf210/project_part3.html HTTP/1.1"
246	2024/02/21 00:11:53	"GET /uv248fip248inf210/project_part4.html HTTP/1.1"
246	2024/02/21 00:11:56	"GET /uv248fip248inf210/project_part1.html HTTP/1.1"
246	2024/02/21 00:12:26	"GET /uv248fip248inf210/project_part4.html HTTP/1.1"
246	2024/02/21 00:12:29	"GET /uv248fip248inf210/project_presentation.html HTTP/1.1"
246	2024/02/21 00:12:34	"GET /uv248fip248inf210/project_part1.html HTTP/1.1"
246	2024/02/21 00:12:39	"GET /uv248fip248inf210/project_evaluation.html HTTP/1.1"
246	2024/02/21 00:14:29	"GET /uv248fip248inf210/project_task_time.html HTTP/1.1"
246	2024/02/21 00:14:38	"GET /uv248fip248inf210/project_part1.html HTTP/1.1"
