student_id,sequence,Note test TP,group,encoded
241,"['technical_environment_home', 'prerequisite_techenv', 'documentation_programming', 'documentation_docker', 'practice_docker', 'practice_postgresql', 'practice_docker_advanced', 'documentation_si', 'documentation_rdbms', 'spring_bean', 'documentation_programming', 'inversion_of_control', 'spring_bean', 'inversion_of_control', 'spring_bean', 'practice_spring', 'technical_environment_home', 'documentation_docker', 'web_architecture_home', 'lecture_technical_architecture', 'lecture_software_architecture', 'lecture_mvc_spring', 'lecture_jpa', 'practice_jpa_advanced', 'practice_jpa', 'practice_jpa_advanced', 'practice_jpa', 'lecture_jpa', 'practice_jpa', 'web_architecture_home', 'practice_jpa', 'practice_spring_2tiers', 'lecture_relational_model', 'lecture_db_integrity', 'web_architecture_home', 'practice_spring_2tiers_ext', 'practice_spring_2tiers', 'lecture_dto', 'lecture_xml', 'lecture_json', 'practice_json', 'lecture_relational_model', 'lecture_db_integrity', 'activity_relational_model', 'lecture_modeling_normalization', 'lecture_conceptual_modeling', 'lecture_normalization', 'technical_environment_home', 'web_architecture_home', 'practice_jpa', 'lecture_independence_views', 'activity_conceptual_modeling', 'practice_spring_2tiers_ext', 'practice_spring_2tiers', 'practice_jpa_advanced', 'web_architecture_home', 'activity_sql', 'lecture_relational_model', 'lecture_db_integrity', 'lecture_modeling_normalization', 'practice_advanced_sql', 'practice_sql', 'practice_advanced_sql', 'practice_sql', 'activity_sql_correction', 'practice_sql_correction', 'web_architecture_home', 'practice_json', 'practice_advanced_sql', 'practice_advanced_sql_correction', 'lecture_transaction', 'lecture_isolation', 'lecture_indexation', 'practice_transaction', 'web_architecture_home', 'lecture_transaction', 'lecture_isolation', 'practice_transaction', 'prerequisite_data', 'practice_transaction_correction', 'practice_isolation', 'practice_indexation', 'activity_conceptual_modeling', 'lecture_modeling_normalization', 'practice_independence_views', 'lecture_modeling_normalization', 'lecture_conceptual_modeling', 'lecture_normalization', 'lecture_independence_views', 'activity_conceptual_modeling', 'activity_conceptual_modeling_advanced', 'web_architecture_home', 'practice_json', 'lecture_parser', 'lecture_jaxb', 'practice_xml', 'practice_schema_xml', 'activity_decomposition', 'activity_conceptual_modeling_correction', 'activity_normalization', 'activity_normalization_correction', 'web_architecture_home', 'lecture_technical_architecture', 'lecture_software_architecture', 'lecture_mvc_spring', 'prerequisite_data', 'lecture_modeling_normalization', 'lecture_conceptual_modeling', 'lecture_normalization', 'lecture_independence_views', 'activity_conceptual_modeling', 'lecture_jpa', 'practice_jpa', 'practice_spring_2tiers', 'lecture_dto', 'technical_environment_home', 'documentation_programming', 'spring_bean', 'practice_spring', 'inversion_of_control', 'lecture_transaction', 'lecture_relational_model', 'lecture_db_integrity', 'activity_relational_model', 'activity_conceptual_modeling_correction', 'web_architecture_home', 'activity_conceptual_modeling_advanced', 'activity_normalization', 'activity_normalization_correction', 'lecture_relational_algebra', 'activity_decomposition', 'activity_decomposition_correction', 'practice_transaction', 'practice_isolation', 'lecture_technical_architecture', 'lecture_software_architecture', 'lecture_mvc_spring', 'lecture_json', 'practice_json', 'practice_sql', 'practice_sql_correction', 'web_architecture_home', 'lecture_xml', 'practice_spring_2tiers_ext', 'practice_jpa_advanced', 'practice_jpa', 'web_architecture_home', 'practice_spring_2tiers_ext', 'practice_indexation', 'lecture_indexation', 'activity_conceptual_modeling', 'activity_conceptual_modeling_advanced', 'activity_normalization', 'lecture_independence_views', 'lecture_normalization', 'lecture_independence_views', 'lecture_normalization', 'lecture_conceptual_modeling', 'web_architecture_home', 'practice_spring_2tiers', 'practice_spring_2tiers_ext', 'web_architecture_home', 'practice_jpa', 'web_architecture_home', 'activity_normalization', 'lecture_normalization', 'lecture_conceptual_modeling', 'lecture_modeling_normalization']",16.63,success,"[69, 66, 13, 12, 42, 51, 43, 15, 14, 68, 13, 16, 68, 16, 68, 53, 69, 12, 70, 34, 33, 28, 25, 49, 48, 49, 48, 25, 48, 70, 48, 54, 32, 18, 70, 55, 54, 20, 37, 26, 50, 32, 18, 8, 27, 17, 29, 69, 70, 48, 21, 0, 55, 54, 49, 70, 10, 32, 18, 27, 39, 56, 39, 56, 11, 57, 70, 50, 39, 40, 35, 23, 22, 58, 70, 35, 23, 58, 64, 59, 47, 46, 0, 27, 44, 27, 17, 29, 21, 0, 1, 70, 50, 30, 24, 60, 52, 4, 3, 6, 7, 70, 34, 33, 28, 64, 27, 17, 29, 21, 0, 25, 48, 54, 20, 69, 13, 68, 53, 16, 35, 32, 18, 8, 3, 70, 1, 6, 7, 31, 4, 5, 58, 47, 34, 33, 28, 26, 50, 56, 57, 70, 37, 55, 49, 48, 70, 55, 46, 22, 0, 1, 6, 21, 29, 21, 29, 17, 70, 54, 55, 70, 48, 70, 6, 29, 17, 27]"
2410,"['technical_environment_home', 'documentation_docker', 'prerequisite_techenv', 'practice_docker', 'practice_postgresql', 'documentation_si', 'documentation_rdbms', 'documentation_programming', 'practice_spring', 'practice_docker', 'documentation_programming', 'practice_spring', 'documentation_programming', 'practice_spring', 'inversion_of_control', 'web_architecture_home', 'prerequisite_archiweb', 'lecture_technical_architecture', 'web_architecture_home', 'lecture_software_architecture', 'lecture_mvc_spring', 'practice_spring_2tiers', 'web_architecture_home', 'lecture_jpa', 'practice_jpa', 'lecture_dto', 'lecture_xml', 'practice_xml', 'lecture_json', 'practice_json', 'prerequisite_data', 'lecture_relational_model', 'lecture_db_integrity', 'activity_relational_model', 'lecture_modeling_normalization', 'lecture_conceptual_modeling', 'activity_conceptual_modeling', 'activity_conceptual_modeling_correction', 'practice_docker', 'technical_environment_home', 'prerequisite_techenv', 'prerequisite_data', 'practice_docker', 'prerequisite_data', 'lecture_normalization', 'activity_normalization', 'activity_normalization_correction', 'activity_decomposition', 'activity_sql', 'practice_sql', 'practice_docker', 'prerequisite_data', 'activity_decomposition', 'activity_sql', 'practice_sql', 'lecture_transaction', 'practice_transaction', 'practice_docker', 'practice_transaction', 'lecture_transaction', 'technical_environment_home', 'web_architecture_home', 'technical_environment_home', 'web_architecture_home', 'prerequisite_archiweb', 'lecture_technical_architecture', 'lecture_software_architecture', 'lecture_mvc_spring', 'lecture_jpa', 'practice_jpa', 'practice_spring_2tiers', 'activity_conceptual_modeling', 'web_architecture_home', 'lecture_technical_architecture', 'lecture_dto', 'lecture_xml', 'practice_xml', 'lecture_json', 'lecture_jpa', 'lecture_modeling_normalization', 'lecture_conceptual_modeling', 'practice_json', 'practice_spring_2tiers', 'practice_jpa', 'lecture_mvc_spring', 'technical_environment_home', 'documentation_docker', 'practice_docker', 'activity_relational_model', 'activity_conceptual_modeling', 'technical_environment_home', 'prerequisite_techenv', 'practice_docker', 'practice_postgresql', 'web_architecture_home', 'lecture_jpa', 'practice_jpa', 'web_architecture_home', 'practice_spring_2tiers', 'practice_jpa', 'practice_jpa_advanced']",16.56,success,"[69, 12, 66, 42, 51, 15, 14, 13, 53, 42, 13, 53, 13, 53, 16, 70, 62, 34, 70, 33, 28, 54, 70, 25, 48, 20, 37, 60, 26, 50, 64, 32, 18, 8, 27, 17, 0, 3, 42, 69, 66, 64, 42, 64, 29, 6, 7, 4, 10, 56, 42, 64, 4, 10, 56, 35, 58, 42, 58, 35, 69, 70, 69, 70, 62, 34, 33, 28, 25, 48, 54, 0, 70, 34, 20, 37, 60, 26, 25, 27, 17, 50, 54, 48, 28, 69, 12, 42, 8, 0, 69, 66, 42, 51, 70, 25, 48, 70, 54, 48, 49]"
2411,"['technical_environment_home', 'prerequisite_techenv', 'documentation_programming', 'practice_spring', 'documentation_docker', 'practice_docker', 'documentation_si', 'inversion_of_control', 'practice_postgresql', 'inversion_of_control', 'spring_bean', 'documentation_rdbms', 'documentation_docker', 'web_architecture_home', 'prerequisite_archiweb', 'web_architecture_home', 'prerequisite_archiweb', 'lecture_technical_architecture', 'lecture_software_architecture', 'lecture_mvc_spring', 'lecture_software_architecture', 'prerequisite_archiweb', 'lecture_mvc_spring', 'practice_spring_2tiers', 'prerequisite_archiweb', 'lecture_mvc_spring', 'practice_spring_2tiers', 'web_architecture_home', 'technical_environment_home', 'prerequisite_techenv', 'practice_docker', 'prerequisite_archiweb', 'practice_spring_2tiers', 'lecture_jpa', 'lecture_mvc_spring', 'practice_jpa', 'prerequisite_archiweb', 'practice_jpa', 'prerequisite_archiweb', 'lecture_dto', 'lecture_xml', 'lecture_dto', 'web_architecture_home', 'prerequisite_archiweb', 'lecture_json', 'practice_json', 'practice_xml', 'lecture_validity', 'prerequisite_data', 'lecture_relational_model', 'lecture_db_integrity', 'activity_relational_model', 'prerequisite_data', 'activity_relational_model', 'lecture_db_integrity', 'lecture_modeling_normalization', 'lecture_conceptual_modeling', 'activity_conceptual_modeling', 'activity_conceptual_modeling_correction', 'prerequisite_data', 'activity_conceptual_modeling_advanced', 'lecture_normalization', 'activity_normalization', 'activity_relational_model', 'activity_sql', 'web_architecture_home', 'technical_environment_home', 'documentation_docker', 'practice_postgresql', 'prerequisite_data', 'activity_sql_correction', 'practice_sql', 'practice_sql_correction', 'prerequisite_archiweb', 'lecture_jpa', 'practice_jpa', 'lecture_mvc_spring', 'lecture_conceptual_modeling', 'web_architecture_home', 'prerequisite_data', 'lecture_transaction', 'lecture_isolation', 'practice_transaction', 'prerequisite_archiweb', 'practice_jpa_advanced', 'prerequisite_data', 'web_architecture_home', 'prerequisite_archiweb', 'practice_jpa_advanced', 'practice_jpa', 'web_architecture_home', 'prerequisite_archiweb', 'practice_spring_2tiers_ext', 'prerequisite_data', 'lecture_conceptual_modeling', 'activity_normalization', 'lecture_independence_views', 'technical_environment_home', 'web_architecture_home']",9.55,failure,"[69, 66, 13, 53, 12, 42, 15, 16, 51, 16, 68, 14, 12, 70, 62, 70, 62, 34, 33, 28, 33, 62, 28, 54, 62, 28, 54, 70, 69, 66, 42, 62, 54, 25, 28, 48, 62, 48, 62, 20, 37, 20, 70, 62, 26, 50, 60, 36, 64, 32, 18, 8, 64, 8, 18, 27, 17, 0, 3, 64, 1, 29, 6, 8, 10, 70, 69, 12, 51, 64, 11, 56, 57, 62, 25, 48, 28, 17, 70, 64, 35, 23, 58, 62, 49, 64, 70, 62, 49, 48, 70, 62, 55, 64, 17, 6, 21, 69, 70]"
2412,"['technical_environment_home', 'prerequisite_techenv', 'documentation_docker', 'technical_environment_home', 'practice_docker', 'practice_postgresql', 'documentation_programming', 'practice_spring', 'documentation_docker', 'technical_environment_home', 'practice_postgresql', 'practice_docker', 'practice_postgresql', 'practice_docker', 'practice_docker_advanced', 'documentation_si', 'documentation_rdbms', 'practice_postgresql', 'documentation_programming', 'practice_spring', 'web_architecture_home', 'lecture_technical_architecture', 'lecture_software_architecture', 'lecture_mvc_spring', 'lecture_jpa', 'practice_jpa', 'web_architecture_home', 'lecture_software_architecture', 'lecture_jpa', 'practice_jpa', 'technical_environment_home', 'web_architecture_home', 'practice_jpa', 'lecture_relational_model', 'lecture_db_integrity', 'lecture_relational_algebra', 'activity_relational_model', 'lecture_modeling_normalization', 'lecture_conceptual_modeling', 'activity_conceptual_modeling', 'activity_normalization', 'activity_decomposition', 'practice_sql', 'lecture_transaction', 'practice_advanced_sql', 'lecture_conceptual_modeling', 'lecture_modeling_normalization', 'lecture_normalization', 'activity_decomposition', 'activity_sql', 'practice_sql', 'practice_advanced_sql', 'lecture_transaction', 'practice_transaction', 'lecture_transaction', 'lecture_isolation', 'practice_transaction', 'web_architecture_home', 'lecture_technical_architecture', 'lecture_software_architecture', 'lecture_mvc_spring', 'lecture_jpa', 'practice_jpa', 'web_architecture_home', 'prerequisite_archiweb', 'lecture_json', 'practice_json', 'lecture_xml', 'practice_xml', 'lecture_xpath', 'lecture_parser', 'practice_jpa', 'lecture_jpa', 'practice_jpa', 'lecture_mvc_spring', 'prerequisite_data', 'lecture_normalization', 'technical_environment_home', 'prerequisite_data', 'lecture_normalization', 'lecture_conceptual_modeling', 'lecture_independence_views', 'activity_conceptual_modeling', 'activity_conceptual_modeling_advanced', 'activity_conceptual_modeling_advanced_correction', 'activity_decomposition', 'activity_decomposition_correction', 'prerequisite_data', 'activity_decomposition', 'practice_advanced_sql', 'activity_decomposition', 'web_architecture_home', 'activity_normalization', 'activity_decomposition', 'activity_decomposition_correction', 'activity_decomposition', 'web_architecture_home', 'prerequisite_archiweb', 'practice_spring_2tiers_ext', 'practice_spring_2tiers', 'technical_environment_home', 'documentation_programming', 'practice_spring', 'web_architecture_home', 'technical_environment_home', 'documentation_docker', 'practice_docker', 'web_architecture_home']",7.55,failure,"[69, 66, 12, 69, 42, 51, 13, 53, 12, 69, 51, 42, 51, 42, 43, 15, 14, 51, 13, 53, 70, 34, 33, 28, 25, 48, 70, 33, 25, 48, 69, 70, 48, 32, 18, 31, 8, 27, 17, 0, 6, 4, 56, 35, 39, 17, 27, 29, 4, 10, 56, 39, 35, 58, 35, 23, 58, 70, 34, 33, 28, 25, 48, 70, 62, 26, 50, 37, 60, 38, 30, 48, 25, 48, 28, 64, 29, 69, 64, 29, 17, 21, 0, 1, 2, 4, 5, 64, 4, 39, 4, 70, 6, 4, 5, 4, 70, 62, 55, 54, 69, 13, 53, 70, 69, 12, 42, 70]"
2413,"['technical_environment_home', 'prerequisite_techenv', 'practice_docker', 'inversion_of_control', 'spring_bean', 'practice_spring', 'practice_postgresql', 'documentation_programming', 'documentation_rdbms', 'documentation_si', 'technical_environment_home', 'prerequisite_techenv', 'documentation_docker', 'practice_docker', 'documentation_programming', 'practice_spring', 'technical_environment_home', 'prerequisite_techenv', 'documentation_programming', 'prerequisite_techenv', 'practice_spring', 'prerequisite_techenv', 'practice_spring', 'prerequisite_techenv', 'practice_postgresql', 'prerequisite_techenv', 'practice_docker_advanced', 'prerequisite_data', 'lecture_relational_model', 'lecture_db_integrity', 'activity_relational_model', 'activity_relational_model_correction', 'activity_relational_model', 'lecture_modeling_normalization', 'lecture_conceptual_modeling', 'lecture_normalization', 'activity_conceptual_modeling', 'activity_conceptual_modeling_correction', 'activity_conceptual_modeling_advanced', 'activity_conceptual_modeling_advanced_correction', 'activity_normalization', 'activity_normalization_correction', 'activity_decomposition', 'activity_decomposition_correction', 'practice_independence_views', 'activity_sql', 'activity_sql_correction', 'activity_sql', 'practice_independence_views', 'practice_sql', 'lecture_transaction', 'practice_transaction', 'lecture_transaction', 'practice_transaction_correction', 'web_architecture_home', 'lecture_technical_architecture', 'lecture_software_architecture', 'lecture_mvc_spring', 'lecture_jpa', 'practice_jpa', 'web_architecture_home', 'practice_spring_2tiers', 'lecture_jpa', 'web_architecture_home', 'prerequisite_data', 'activity_conceptual_modeling', 'practice_sql', 'practice_advanced_sql', 'practice_transaction', 'practice_spring_2tiers', 'web_architecture_home', 'practice_spring_2tiers', 'lecture_xml', 'practice_xml', 'lecture_json', 'prerequisite_data', 'web_architecture_home', 'practice_spring_2tiers_ext', 'practice_jpa', 'lecture_jpa', 'activity_normalization', 'web_architecture_home', 'practice_spring_2tiers_ext', 'practice_jpa', 'practice_spring_2tiers', 'practice_spring_2tiers_ext', 'activity_conceptual_modeling', 'activity_conceptual_modeling_correction']",8.506,failure,"[69, 66, 42, 16, 68, 53, 51, 13, 14, 15, 69, 66, 12, 42, 13, 53, 69, 66, 13, 66, 53, 66, 53, 66, 51, 66, 43, 64, 32, 18, 8, 9, 8, 27, 17, 29, 0, 3, 1, 2, 6, 7, 4, 5, 44, 10, 11, 10, 44, 56, 35, 58, 35, 59, 70, 34, 33, 28, 25, 48, 70, 54, 25, 70, 64, 0, 56, 39, 58, 54, 70, 54, 37, 60, 26, 64, 70, 55, 48, 25, 6, 70, 55, 48, 54, 55, 0, 3]"
2414,"['technical_environment_home', 'prerequisite_techenv', 'documentation_docker', 'practice_docker', 'documentation_si', 'practice_postgresql', 'documentation_rdbms', 'documentation_programming', 'prerequisite_techenv', 'documentation_programming', 'practice_spring', 'technical_environment_home', 'inversion_of_control', 'spring_bean', 'inversion_of_control', 'practice_spring', 'technical_environment_home', 'web_architecture_home', 'prerequisite_archiweb', 'lecture_technical_architecture', 'lecture_software_architecture', 'lecture_mvc_spring', 'lecture_jpa', 'lecture_software_architecture', 'web_architecture_home', 'prerequisite_archiweb', 'lecture_software_architecture', 'lecture_jpa', 'lecture_mvc_spring', 'prerequisite_archiweb', 'practice_spring_2tiers', 'technical_environment_home', 'prerequisite_techenv', 'practice_spring', 'technical_environment_home', 'prerequisite_techenv', 'documentation_programming', 'inversion_of_control', 'web_architecture_home', 'prerequisite_archiweb', 'practice_spring_2tiers', 'prerequisite_archiweb', 'practice_spring_2tiers', 'prerequisite_data', 'lecture_relational_model', 'lecture_modeling_normalization', 'lecture_db_integrity', 'activity_sql', 'activity_relational_model', 'practice_sql', 'practice_sql_correction', 'lecture_transaction', 'practice_transaction', 'web_architecture_home', 'prerequisite_archiweb', 'practice_transaction', 'practice_spring_2tiers', 'prerequisite_data', 'lecture_transaction', 'practice_transaction', 'technical_environment_home', 'documentation_si', 'documentation_rdbms', 'practice_postgresql', 'prerequisite_data', 'lecture_transaction', 'practice_transaction', 'practice_transaction_correction', 'activity_conceptual_modeling', 'activity_conceptual_modeling_correction', 'lecture_conceptual_modeling', 'lecture_normalization', 'activity_normalization', 'lecture_db_integrity', 'activity_relational_model', 'activity_relational_model_correction', 'technical_environment_home', 'prerequisite_data', 'lecture_conceptual_modeling', 'prerequisite_data', 'practice_sql', 'practice_sql_correction', 'lecture_normalization', 'activity_normalization', 'lecture_modeling_normalization', 'activity_normalization_correction', 'web_architecture_home', 'prerequisite_archiweb', 'practice_jpa_advanced', 'technical_environment_home', 'documentation_programming', 'web_architecture_home', 'prerequisite_archiweb', 'prerequisite_data', 'lecture_mvc_spring', 'lecture_jpa', 'lecture_software_architecture', 'practice_jpa', 'lecture_conceptual_modeling', 'lecture_modeling_normalization', 'lecture_normalization', 'lecture_independence_views', 'activity_conceptual_modeling', 'technical_environment_home', 'web_architecture_home', 'prerequisite_data', 'lecture_normalization', 'technical_environment_home']",10.94,failure,"[69, 66, 12, 42, 15, 51, 14, 13, 66, 13, 53, 69, 16, 68, 16, 53, 69, 70, 62, 34, 33, 28, 25, 33, 70, 62, 33, 25, 28, 62, 54, 69, 66, 53, 69, 66, 13, 16, 70, 62, 54, 62, 54, 64, 32, 27, 18, 10, 8, 56, 57, 35, 58, 70, 62, 58, 54, 64, 35, 58, 69, 15, 14, 51, 64, 35, 58, 59, 0, 3, 17, 29, 6, 18, 8, 9, 69, 64, 17, 64, 56, 57, 29, 6, 27, 7, 70, 62, 49, 69, 13, 70, 62, 64, 28, 25, 33, 48, 17, 27, 29, 21, 0, 69, 70, 64, 29, 69]"
2415,"['technical_environment_home', 'prerequisite_techenv', 'documentation_docker', 'practice_docker', 'practice_docker_advanced', 'documentation_si', 'documentation_programming', 'prerequisite_techenv', 'practice_spring', 'technical_environment_home', 'prerequisite_techenv', 'practice_spring', 'prerequisite_techenv', 'practice_postgresql', 'prerequisite_techenv', 'web_architecture_home', 'documentation_rdbms', 'web_architecture_home', 'lecture_relational_model', 'lecture_db_integrity', 'lecture_relational_algebra', 'activity_relational_model', 'technical_environment_home', 'activity_relational_model_correction', 'lecture_modeling_normalization', 'lecture_conceptual_modeling', 'lecture_normalization', 'lecture_independence_views', 'activity_conceptual_modeling', 'activity_conceptual_modeling_correction', 'activity_conceptual_modeling_advanced', 'activity_conceptual_modeling_advanced_correction', 'activity_normalization', 'activity_normalization_correction', 'activity_decomposition', 'activity_decomposition_correction', 'practice_independence_views', 'activity_sql', 'activity_sql_correction', 'practice_sql', 'practice_sql_correction', 'practice_sql', 'activity_sql', 'practice_sql_correction', 'practice_advanced_sql', 'lecture_transaction', 'lecture_isolation', 'lecture_indexation', 'practice_transaction', 'practice_transaction_correction', 'practice_transaction', 'practice_isolation', 'practice_indexation', 'web_architecture_home', 'lecture_technical_architecture', 'lecture_software_architecture', 'lecture_mvc_spring', 'lecture_jpa', 'practice_jpa', 'lecture_jpa', 'practice_spring_2tiers', 'web_architecture_home', 'practice_spring_2tiers_ext', 'web_architecture_home', 'practice_spring_2tiers', 'practice_spring_2tiers_ext', 'technical_environment_home', 'lecture_dto', 'lecture_xml', 'lecture_validity', 'practice_xml', 'lecture_parser', 'lecture_json', 'practice_json', 'lecture_dto', 'lecture_mvc_spring', 'documentation_programming', 'web_architecture_home', 'lecture_transaction', 'practice_transaction', 'practice_transaction_correction', 'practice_sql', 'practice_sql_correction', 'activity_decomposition', 'web_architecture_home', 'technical_environment_home', 'prerequisite_archiweb', 'practice_jpa_advanced', 'practice_spring_2tiers_ext', 'practice_jpa', 'practice_spring_2tiers', 'web_architecture_home', 'technical_environment_home', 'web_architecture_home', 'practice_jpa_advanced', 'practice_spring_2tiers_ext', 'practice_jpa_advanced', 'practice_spring_2tiers_ext', 'activity_sql', 'lecture_modeling_normalization', 'lecture_transaction', 'lecture_modeling_normalization', 'lecture_conceptual_modeling', 'lecture_normalization', 'activity_conceptual_modeling', 'activity_conceptual_modeling_advanced', 'activity_normalization', 'practice_independence_views', 'activity_decomposition', 'web_architecture_home', 'technical_environment_home', 'documentation_docker', 'practice_docker', 'documentation_si', 'practice_postgresql', 'documentation_programming', 'inversion_of_control', 'practice_spring', 'practice_docker_advanced', 'spring_bean', 'practice_spring', 'web_architecture_home', 'lecture_software_architecture', 'practice_spring_2tiers_ext', 'practice_spring_2tiers', 'web_architecture_home', 'lecture_technical_architecture', 'lecture_software_architecture']",7.19,failure,"[69, 66, 12, 42, 43, 15, 13, 66, 53, 69, 66, 53, 66, 51, 66, 70, 14, 70, 32, 18, 31, 8, 69, 9, 27, 17, 29, 21, 0, 3, 1, 2, 6, 7, 4, 5, 44, 10, 11, 56, 57, 56, 10, 57, 39, 35, 23, 22, 58, 59, 58, 47, 46, 70, 34, 33, 28, 25, 48, 25, 54, 70, 55, 70, 54, 55, 69, 20, 37, 36, 60, 30, 26, 50, 20, 28, 13, 70, 35, 58, 59, 56, 57, 4, 70, 69, 62, 49, 55, 48, 54, 70, 69, 70, 49, 55, 49, 55, 10, 27, 35, 27, 17, 29, 0, 1, 6, 44, 4, 70, 69, 12, 42, 15, 51, 13, 16, 53, 43, 68, 53, 70, 33, 55, 54, 70, 34, 33]"
2416,"['technical_environment_home', 'prerequisite_techenv', 'documentation_rdbms', 'documentation_docker', 'practice_docker', 'practice_docker_advanced', 'documentation_rdbms', 'practice_postgresql', 'documentation_si', 'documentation_programming', 'inversion_of_control', 'spring_bean', 'practice_sql', 'prerequisite_data', 'activity_sql', 'practice_sql', 'practice_advanced_sql', 'practice_transaction', 'lecture_transaction', 'lecture_isolation', 'technical_environment_home', 'prerequisite_techenv', 'practice_postgresql', 'web_architecture_home', 'practice_xml', 'lecture_validity', 'practice_schema_xml', 'practice_xpath', 'lecture_json', 'practice_json', 'lecture_validity', 'activity_decomposition', 'practice_transaction', 'web_architecture_home', 'prerequisite_archiweb', 'lecture_mvc_spring', 'prerequisite_data', 'activity_normalization', 'activity_conceptual_modeling', 'practice_transaction', 'web_architecture_home', 'practice_json', 'technical_environment_home', 'practice_spring', 'technical_environment_home', 'documentation_docker', 'spring_bean', 'practice_spring', 'documentation_programming', 'practice_docker', 'practice_docker_advanced', 'practice_postgresql', 'documentation_si', 'inversion_of_control']",9.06,failure,"[69, 66, 14, 12, 42, 43, 14, 51, 15, 13, 16, 68, 56, 64, 10, 56, 39, 58, 35, 23, 69, 66, 51, 70, 60, 36, 52, 61, 26, 50, 36, 4, 58, 70, 62, 28, 64, 6, 0, 58, 70, 50, 69, 53, 69, 12, 68, 53, 13, 42, 43, 51, 15, 16]"
2417,"['technical_environment_home', 'prerequisite_techenv', 'documentation_docker', 'practice_docker', 'practice_postgresql', 'practice_docker_advanced', 'practice_postgresql', 'documentation_si', 'documentation_rdbms', 'practice_docker_advanced', 'documentation_programming', 'inversion_of_control', 'spring_bean', 'practice_spring', 'documentation_programming', 'practice_spring', 'web_architecture_home', 'lecture_technical_architecture', 'lecture_software_architecture', 'lecture_relational_model', 'web_architecture_home', 'lecture_software_architecture', 'lecture_mvc_spring', 'lecture_jpa', 'practice_jpa', 'lecture_jpa', 'web_architecture_home', 'lecture_jpa', 'practice_jpa', 'technical_environment_home', 'practice_docker', 'web_architecture_home', 'practice_jpa', 'practice_spring_2tiers', 'web_architecture_home', 'practice_jpa', 'practice_spring_2tiers', 'web_architecture_home', 'prerequisite_archiweb', 'practice_spring_2tiers', 'practice_jpa', 'practice_spring_2tiers', 'web_architecture_home', 'lecture_dto', 'lecture_xml', 'lecture_validity', 'practice_xml', 'practice_spring_2tiers', 'lecture_relational_model', 'lecture_db_integrity', 'activity_relational_model', 'practice_spring_2tiers', 'prerequisite_data', 'lecture_relational_model', 'lecture_db_integrity', 'activity_relational_model', 'activity_relational_model_correction', 'lecture_modeling_normalization', 'lecture_conceptual_modeling', 'lecture_normalization', 'activity_conceptual_modeling', 'practice_spring_2tiers', 'activity_conceptual_modeling', 'activity_normalization', 'prerequisite_data', 'lecture_conceptual_modeling', 'practice_spring_2tiers', 'prerequisite_data', 'lecture_normalization', 'lecture_conceptual_modeling', 'lecture_modeling_normalization', 'activity_normalization', 'activity_decomposition', 'practice_spring_2tiers', 'prerequisite_data', 'activity_sql', 'lecture_relational_algebra', 'activity_conceptual_modeling', 'activity_normalization', 'lecture_normalization', 'activity_sql_correction', 'practice_sql', 'practice_sql_correction', 'activity_decomposition', 'activity_normalization', 'activity_conceptual_modeling', 'activity_decomposition_correction', 'practice_independence_views', 'lecture_transaction', 'practice_transaction', 'lecture_isolation', 'practice_spring_2tiers', 'practice_jpa_advanced', 'web_architecture_home', 'prerequisite_archiweb', 'lecture_software_architecture', 'lecture_mvc_spring', 'lecture_jpa', 'practice_jpa', 'practice_spring_2tiers', 'web_architecture_home', 'prerequisite_archiweb', 'lecture_transaction', 'practice_transaction', 'lecture_mvc_spring', 'lecture_jpa', 'practice_jpa', 'practice_jpa_advanced', 'practice_spring_2tiers_ext', 'prerequisite_data', 'lecture_normalization']",7.208,failure,"[69, 66, 12, 42, 51, 43, 51, 15, 14, 43, 13, 16, 68, 53, 13, 53, 70, 34, 33, 32, 70, 33, 28, 25, 48, 25, 70, 25, 48, 69, 42, 70, 48, 54, 70, 48, 54, 70, 62, 54, 48, 54, 70, 20, 37, 36, 60, 54, 32, 18, 8, 54, 64, 32, 18, 8, 9, 27, 17, 29, 0, 54, 0, 6, 64, 17, 54, 64, 29, 17, 27, 6, 4, 54, 64, 10, 31, 0, 6, 29, 11, 56, 57, 4, 6, 0, 5, 44, 35, 58, 23, 54, 49, 70, 62, 33, 28, 25, 48, 54, 70, 62, 35, 58, 28, 25, 48, 49, 55, 64, 29]"
2418,"['technical_environment_home', 'documentation_docker', 'practice_docker', 'documentation_docker', 'practice_docker', 'practice_postgresql', 'practice_docker', 'web_architecture_home', 'technical_environment_home', 'practice_docker', 'practice_docker_advanced', 'practice_postgresql', 'documentation_programming', 'inversion_of_control', 'spring_bean', 'practice_spring', 'technical_environment_home', 'practice_postgresql', 'documentation_programming', 'practice_spring', 'practice_docker_advanced', 'practice_spring', 'web_architecture_home', 'lecture_technical_architecture', 'lecture_software_architecture', 'lecture_mvc_spring', 'lecture_jpa', 'practice_jpa', 'web_architecture_home', 'practice_jpa', 'technical_environment_home', 'lecture_jpa', 'web_architecture_home', 'practice_jpa', 'practice_spring_2tiers', 'web_architecture_home', 'practice_spring_2tiers', 'practice_jpa', 'practice_spring_2tiers_ext', 'technical_environment_home', 'web_architecture_home', 'lecture_mvc_spring', 'web_architecture_home', 'practice_spring_2tiers', 'practice_spring_2tiers_ext', 'web_architecture_home', 'practice_spring_2tiers_ext', 'lecture_dto', 'lecture_xml', 'lecture_json', 'practice_json', 'lecture_json', 'practice_json', 'lecture_json', 'practice_xml', 'lecture_xml', 'practice_xml', 'web_architecture_home', 'practice_xml', 'lecture_relational_model', 'lecture_db_integrity', 'lecture_relational_algebra', 'activity_relational_model', 'lecture_modeling_normalization', 'lecture_conceptual_modeling', 'lecture_normalization', 'activity_conceptual_modeling', 'activity_conceptual_modeling_correction', 'activity_normalization', 'lecture_conceptual_modeling', 'lecture_modeling_normalization', 'lecture_normalization', 'activity_decomposition', 'activity_sql', 'practice_sql', 'activity_sql', 'lecture_transaction', 'practice_transaction', 'practice_transaction_correction', 'practice_transaction', 'web_architecture_home', 'lecture_validity', 'lecture_transaction', 'prerequisite_data', 'lecture_conceptual_modeling', 'lecture_relational_model', 'lecture_db_integrity', 'lecture_relational_algebra', 'lecture_modeling_normalization', 'lecture_conceptual_modeling', 'lecture_normalization', 'activity_decomposition', 'activity_normalization', 'lecture_modeling_normalization', 'lecture_conceptual_modeling', 'lecture_normalization', 'activity_conceptual_modeling', 'activity_conceptual_modeling_correction', 'activity_normalization', 'activity_normalization_correction', 'web_architecture_home', 'lecture_xml', 'lecture_validity', 'lecture_technical_architecture', 'lecture_software_architecture', 'lecture_jpa', 'lecture_mvc_spring', 'practice_jpa', 'activity_sql', 'lecture_relational_model', 'lecture_db_integrity', 'activity_relational_model', 'lecture_transaction', 'activity_conceptual_modeling', 'activity_conceptual_modeling_correction', 'activity_normalization', 'activity_normalization_correction', 'lecture_conceptual_modeling', 'lecture_normalization', 'lecture_modeling_normalization', 'lecture_conceptual_modeling', 'technical_environment_home', 'web_architecture_home', 'lecture_technical_architecture', 'lecture_software_architecture', 'lecture_technical_architecture', 'lecture_software_architecture', 'lecture_technical_architecture', 'web_architecture_home', 'practice_jpa', 'lecture_jpa', 'lecture_mvc_spring', 'practice_jpa_advanced', 'practice_spring_2tiers', 'practice_spring_2tiers_ext', 'lecture_technical_architecture', 'lecture_software_architecture', 'technical_environment_home', 'inversion_of_control', 'lecture_relational_model', 'activity_relational_model', 'lecture_modeling_normalization', 'lecture_conceptual_modeling', 'activity_sql', 'practice_sql', 'practice_advanced_sql', 'web_architecture_home', 'lecture_relational_algebra', 'lecture_db_integrity', 'activity_relational_model', 'lecture_modeling_normalization', 'lecture_conceptual_modeling', 'lecture_normalization', 'activity_decomposition', 'lecture_normalization', 'activity_normalization', 'activity_normalization_correction']",18.36,success,"[69, 12, 42, 12, 42, 51, 42, 70, 69, 42, 43, 51, 13, 16, 68, 53, 69, 51, 13, 53, 43, 53, 70, 34, 33, 28, 25, 48, 70, 48, 69, 25, 70, 48, 54, 70, 54, 48, 55, 69, 70, 28, 70, 54, 55, 70, 55, 20, 37, 26, 50, 26, 50, 26, 60, 37, 60, 70, 60, 32, 18, 31, 8, 27, 17, 29, 0, 3, 6, 17, 27, 29, 4, 10, 56, 10, 35, 58, 59, 58, 70, 36, 35, 64, 17, 32, 18, 31, 27, 17, 29, 4, 6, 27, 17, 29, 0, 3, 6, 7, 70, 37, 36, 34, 33, 25, 28, 48, 10, 32, 18, 8, 35, 0, 3, 6, 7, 17, 29, 27, 17, 69, 70, 34, 33, 34, 33, 34, 70, 48, 25, 28, 49, 54, 55, 34, 33, 69, 16, 32, 8, 27, 17, 10, 56, 39, 70, 31, 18, 8, 27, 17, 29, 4, 29, 6, 7]"
2419,"['technical_environment_home', 'documentation_docker', 'documentation_si', 'technical_environment_home', 'documentation_docker', 'practice_docker', 'technical_environment_home', 'practice_docker', 'practice_docker_advanced', 'documentation_programming', 'inversion_of_control', 'practice_spring', 'technical_environment_home', 'practice_spring', 'activity_relational_model', 'lecture_modeling_normalization', 'lecture_conceptual_modeling', 'lecture_normalization', 'activity_conceptual_modeling', 'activity_sql', 'practice_sql', 'activity_sql', 'web_architecture_home', 'lecture_technical_architecture', 'lecture_software_architecture', 'lecture_jpa', 'lecture_transaction', 'practice_transaction', 'web_architecture_home', 'lecture_mvc_spring', 'lecture_jpa', 'practice_jpa', 'technical_environment_home', 'documentation_docker', 'practice_docker', 'practice_docker_advanced', 'documentation_si', 'documentation_rdbms', 'practice_postgresql', 'documentation_programming', 'inversion_of_control', 'spring_bean', 'practice_spring', 'lecture_relational_model', 'technical_environment_home', 'practice_sql', 'web_architecture_home', 'lecture_jpa', 'technical_environment_home', 'practice_docker', 'practice_postgresql', 'technical_environment_home', 'practice_postgresql', 'documentation_si', 'documentation_rdbms', 'lecture_modeling_normalization', 'lecture_normalization']",8.42,failure,"[69, 12, 15, 69, 12, 42, 69, 42, 43, 13, 16, 53, 69, 53, 8, 27, 17, 29, 0, 10, 56, 10, 70, 34, 33, 25, 35, 58, 70, 28, 25, 48, 69, 12, 42, 43, 15, 14, 51, 13, 16, 68, 53, 32, 69, 56, 70, 25, 69, 42, 51, 69, 51, 15, 14, 27, 29]"
2420,"['technical_environment_home', 'prerequisite_techenv', 'documentation_docker', 'documentation_programming', 'practice_spring', 'practice_docker', 'technical_environment_home', 'practice_docker', 'practice_docker_advanced', 'practice_postgresql', 'web_architecture_home', 'lecture_technical_architecture', 'lecture_software_architecture', 'lecture_mvc_spring', 'lecture_jpa', 'practice_jpa', 'web_architecture_home', 'practice_jpa', 'practice_spring_2tiers', 'web_architecture_home', 'practice_spring_2tiers', 'web_architecture_home', 'practice_spring_2tiers', 'lecture_dto', 'lecture_xml', 'practice_xml', 'lecture_json', 'practice_json', 'technical_environment_home', 'practice_postgresql', 'lecture_relational_model', 'lecture_db_integrity', 'activity_relational_model', 'lecture_modeling_normalization', 'lecture_conceptual_modeling', 'lecture_normalization', 'activity_conceptual_modeling', 'activity_conceptual_modeling_correction', 'activity_normalization', 'practice_spring_2tiers', 'activity_decomposition', 'activity_sql', 'prerequisite_data', 'practice_sql', 'activity_sql', 'practice_sql', 'lecture_conceptual_modeling', 'lecture_normalization', 'web_architecture_home', 'activity_conceptual_modeling', 'activity_normalization', 'lecture_normalization', 'lecture_conceptual_modeling', 'activity_conceptual_modeling', 'activity_conceptual_modeling_correction', 'activity_conceptual_modeling_advanced', 'activity_conceptual_modeling_advanced_correction', 'activity_normalization_correction', 'activity_decomposition', 'activity_decomposition_correction', 'practice_independence_views', 'practice_sql', 'practice_sql_correction', 'lecture_transaction', 'lecture_normalization', 'lecture_conceptual_modeling', 'lecture_independence_views', 'web_architecture_home', 'lecture_technical_architecture', 'lecture_software_architecture', 'lecture_mvc_spring', 'lecture_jpa', 'practice_jpa', 'lecture_xml', 'lecture_json', 'activity_sql', 'practice_spring_2tiers_ext', 'practice_jpa_advanced', 'technical_environment_home', 'web_architecture_home', 'practice_jpa_advanced', 'web_architecture_home', 'practice_spring_2tiers_ext', 'technical_environment_home', 'web_architecture_home', 'lecture_technical_architecture', 'lecture_software_architecture', 'lecture_mvc_spring', 'lecture_jpa', 'practice_jpa', 'technical_environment_home', 'documentation_docker', 'practice_docker', 'technical_environment_home', 'documentation_programming', 'practice_spring', 'practice_docker', 'documentation_docker', 'practice_postgresql', 'lecture_normalization']",14.77,success,"[69, 66, 12, 13, 53, 42, 69, 42, 43, 51, 70, 34, 33, 28, 25, 48, 70, 48, 54, 70, 54, 70, 54, 20, 37, 60, 26, 50, 69, 51, 32, 18, 8, 27, 17, 29, 0, 3, 6, 54, 4, 10, 64, 56, 10, 56, 17, 29, 70, 0, 6, 29, 17, 0, 3, 1, 2, 7, 4, 5, 44, 56, 57, 35, 29, 17, 21, 70, 34, 33, 28, 25, 48, 37, 26, 10, 55, 49, 69, 70, 49, 70, 55, 69, 70, 34, 33, 28, 25, 48, 69, 12, 42, 69, 13, 53, 42, 12, 51, 29]"
2421,"['technical_environment_home', 'documentation_programming', 'practice_spring', 'practice_docker_advanced', 'documentation_docker', 'practice_docker', 'technical_environment_home', 'practice_docker', 'practice_docker_advanced', 'practice_docker', 'documentation_docker', 'technical_environment_home', 'practice_docker', 'practice_spring', 'practice_postgresql', 'documentation_si', 'practice_docker_advanced', 'practice_docker', 'practice_docker_advanced', 'web_architecture_home', 'lecture_technical_architecture', 'lecture_software_architecture', 'web_architecture_home', 'lecture_technical_architecture', 'lecture_software_architecture', 'technical_environment_home', 'practice_docker', 'web_architecture_home', 'lecture_technical_architecture', 'lecture_software_architecture', 'lecture_mvc_spring', 'lecture_jpa', 'practice_jpa', 'practice_spring_2tiers', 'web_architecture_home', 'practice_spring_2tiers', 'practice_jpa', 'lecture_dto', 'lecture_xml', 'practice_xml', 'lecture_json', 'practice_json', 'lecture_relational_model', 'lecture_db_integrity', 'activity_relational_model', 'lecture_modeling_normalization', 'lecture_conceptual_modeling', 'lecture_normalization', 'activity_conceptual_modeling', 'activity_normalization', 'activity_sql', 'technical_environment_home', 'prerequisite_techenv', 'lecture_relational_model', 'practice_sql', 'documentation_rdbms', 'activity_sql', 'technical_environment_home', 'prerequisite_techenv', 'documentation_programming', 'lecture_relational_model', 'lecture_db_integrity', 'activity_relational_model', 'activity_relational_model_correction', 'lecture_modeling_normalization', 'lecture_conceptual_modeling', 'lecture_modeling_normalization', 'lecture_conceptual_modeling', 'lecture_normalization', 'activity_conceptual_modeling', 'activity_conceptual_modeling_correction', 'activity_normalization', 'activity_normalization_correction', 'activity_decomposition', 'lecture_normalization', 'web_architecture_home', 'practice_spring_2tiers_ext', 'web_architecture_home', 'lecture_normalization', 'activity_decomposition', 'activity_normalization', 'activity_conceptual_modeling', 'activity_conceptual_modeling_correction', 'web_architecture_home', 'lecture_software_architecture', 'technical_environment_home', 'practice_docker', 'technical_environment_home', 'documentation_programming', 'web_architecture_home', 'documentation_docker', 'practice_docker_advanced', 'practice_docker', 'web_architecture_home', 'practice_spring_2tiers', 'practice_spring_2tiers_ext', 'lecture_software_architecture', 'practice_jpa', 'technical_environment_home', 'practice_spring', 'web_architecture_home', 'practice_spring_2tiers', 'practice_jpa', 'practice_spring_2tiers_ext', 'practice_sql', 'lecture_mvc_spring', 'lecture_jpa', 'practice_docker', 'web_architecture_home', 'practice_spring_2tiers', 'lecture_normalization']",14.25,success,"[69, 13, 53, 43, 12, 42, 69, 42, 43, 42, 12, 69, 42, 53, 51, 15, 43, 42, 43, 70, 34, 33, 70, 34, 33, 69, 42, 70, 34, 33, 28, 25, 48, 54, 70, 54, 48, 20, 37, 60, 26, 50, 32, 18, 8, 27, 17, 29, 0, 6, 10, 69, 66, 32, 56, 14, 10, 69, 66, 13, 32, 18, 8, 9, 27, 17, 27, 17, 29, 0, 3, 6, 7, 4, 29, 70, 55, 70, 29, 4, 6, 0, 3, 70, 33, 69, 42, 69, 13, 70, 12, 43, 42, 70, 54, 55, 33, 48, 69, 53, 70, 54, 48, 55, 56, 28, 25, 42, 70, 54, 29]"
2422,"['technical_environment_home', 'prerequisite_techenv', 'documentation_programming', 'documentation_docker', 'practice_docker', 'practice_docker_advanced', 'technical_environment_home', 'documentation_programming', 'inversion_of_control', 'spring_bean', 'practice_spring', 'practice_postgresql', 'practice_docker_advanced', 'practice_docker', 'documentation_docker', 'technical_environment_home', 'practice_postgresql', 'web_architecture_home', 'documentation_rdbms', 'documentation_si', 'lecture_technical_architecture', 'lecture_software_architecture', 'lecture_mvc_spring', 'lecture_jpa', 'practice_jpa', 'technical_environment_home', 'web_architecture_home', 'practice_jpa', 'practice_jpa_advanced', 'practice_spring_2tiers', 'lecture_dto', 'lecture_xml', 'lecture_validity', 'lecture_xpath', 'lecture_parser', 'lecture_jaxb', 'web_architecture_home', 'practice_jpa', 'practice_jpa_advanced', 'practice_spring_2tiers', 'practice_jpa_advanced', 'practice_spring_2tiers', 'technical_environment_home', 'practice_docker', 'documentation_docker', 'web_architecture_home', 'practice_jpa', 'lecture_xml', 'technical_environment_home', 'documentation_docker', 'lecture_technical_architecture', 'lecture_software_architecture', 'lecture_mvc_spring', 'lecture_jpa', 'practice_jpa', 'practice_spring_2tiers', 'lecture_relational_model', 'lecture_db_integrity', 'activity_relational_model', 'lecture_modeling_normalization', 'lecture_conceptual_modeling', 'web_architecture_home', 'lecture_xml', 'practice_xml', 'practice_schema_xml', 'practice_xpath', 'lecture_json', 'lecture_jaxb', 'practice_json', 'lecture_relational_model', 'lecture_db_integrity', 'activity_conceptual_modeling', 'activity_normalization', 'activity_decomposition', 'lecture_conceptual_modeling', 'lecture_normalization', 'activity_conceptual_modeling', 'activity_conceptual_modeling_correction', 'activity_sql', 'practice_sql', 'lecture_modeling_normalization', 'activity_normalization', 'activity_decomposition', 'activity_relational_model', 'practice_sql', 'practice_advanced_sql', 'web_architecture_home', 'lecture_dto', 'lecture_xml', 'lecture_dto', 'lecture_xml', 'practice_xml', 'lecture_json', 'lecture_parser', 'practice_jpa', 'web_architecture_home', 'prerequisite_archiweb', 'practice_spring_2tiers_ext', 'lecture_normalization']",9.3,failure,"[69, 66, 13, 12, 42, 43, 69, 13, 16, 68, 53, 51, 43, 42, 12, 69, 51, 70, 14, 15, 34, 33, 28, 25, 48, 69, 70, 48, 49, 54, 20, 37, 36, 38, 30, 24, 70, 48, 49, 54, 49, 54, 69, 42, 12, 70, 48, 37, 69, 12, 34, 33, 28, 25, 48, 54, 32, 18, 8, 27, 17, 70, 37, 60, 52, 61, 26, 24, 50, 32, 18, 0, 6, 4, 17, 29, 0, 3, 10, 56, 27, 6, 4, 8, 56, 39, 70, 20, 37, 20, 37, 60, 26, 30, 48, 70, 62, 55, 29]"
2423,"['technical_environment_home', 'prerequisite_techenv', 'documentation_docker', 'prerequisite_techenv', 'practice_docker', 'prerequisite_techenv', 'documentation_si', 'documentation_programming', 'practice_spring', 'inversion_of_control', 'web_architecture_home', 'documentation_programming', 'practice_spring', 'web_architecture_home', 'prerequisite_archiweb', 'practice_spring_2tiers', 'lecture_technical_architecture', 'technical_environment_home', 'practice_docker', 'practice_docker_advanced', 'practice_postgresql', 'practice_spring', 'web_architecture_home', 'prerequisite_archiweb', 'practice_spring_2tiers', 'technical_environment_home', 'prerequisite_techenv', 'practice_docker', 'web_architecture_home', 'prerequisite_archiweb', 'prerequisite_data', 'activity_relational_model', 'activity_relational_model_correction', 'lecture_independence_views', 'activity_sql', 'prerequisite_data', 'activity_conceptual_modeling', 'practice_sql', 'documentation_rdbms', 'technical_environment_home', 'documentation_si', 'practice_postgresql', 'prerequisite_data', 'activity_sql', 'lecture_transaction', 'prerequisite_data', 'web_architecture_home', 'prerequisite_archiweb', 'lecture_technical_architecture', 'lecture_software_architecture', 'lecture_mvc_spring', 'lecture_jpa', 'lecture_dto', 'lecture_validity', 'prerequisite_data', 'lecture_db_integrity', 'lecture_modeling_normalization', 'lecture_normalization', 'lecture_conceptual_modeling', 'activity_normalization', 'activity_normalization_correction', 'lecture_transaction', 'practice_transaction', 'practice_transaction_correction', 'technical_environment_home', 'documentation_programming', 'practice_spring', 'web_architecture_home', 'prerequisite_data', 'lecture_conceptual_modeling', 'prerequisite_archiweb', 'lecture_xml', 'practice_transaction', 'practice_transaction_correction', 'web_architecture_home', 'prerequisite_archiweb', 'practice_jpa_advanced', 'web_architecture_home']",10.56,failure,"[69, 66, 12, 66, 42, 66, 15, 13, 53, 16, 70, 13, 53, 70, 62, 54, 34, 69, 42, 43, 51, 53, 70, 62, 54, 69, 66, 42, 70, 62, 64, 8, 9, 21, 10, 64, 0, 56, 14, 69, 15, 51, 64, 10, 35, 64, 70, 62, 34, 33, 28, 25, 20, 36, 64, 18, 27, 29, 17, 6, 7, 35, 58, 59, 69, 13, 53, 70, 64, 17, 62, 37, 58, 59, 70, 62, 49, 70]"
2425,"['technical_environment_home', 'documentation_programming', 'practice_spring', 'documentation_docker', 'practice_docker', 'technical_environment_home', 'practice_postgresql', 'web_architecture_home', 'lecture_relational_model', 'lecture_db_integrity', 'lecture_modeling_normalization', 'practice_docker', 'lecture_modeling_normalization', 'lecture_db_integrity', 'prerequisite_data', 'lecture_conceptual_modeling', 'lecture_normalization', 'activity_conceptual_modeling', 'lecture_modeling_normalization', 'practice_docker', 'lecture_normalization', 'activity_normalization', 'activity_normalization_correction', 'activity_decomposition', 'activity_decomposition_correction', 'practice_docker', 'web_architecture_home', 'prerequisite_archiweb', 'lecture_technical_architecture', 'lecture_software_architecture', 'practice_spring_2tiers', 'lecture_mvc_spring', 'practice_docker', 'web_architecture_home', 'practice_spring_2tiers', 'activity_sql', 'activity_sql_correction', 'practice_sql', 'documentation_rdbms', 'practice_docker', 'prerequisite_data', 'lecture_transaction', 'practice_transaction', 'documentation_rdbms', 'practice_transaction_correction', 'practice_docker', 'web_architecture_home', 'prerequisite_archiweb', 'lecture_dto', 'lecture_json', 'practice_json', 'lecture_dto', 'prerequisite_data', 'lecture_xml', 'lecture_validity', 'practice_xml', 'practice_docker', 'web_architecture_home', 'prerequisite_archiweb', 'lecture_jpa', 'practice_xml', 'lecture_validity', 'practice_jpa', 'prerequisite_archiweb', 'practice_jpa', 'practice_docker', 'technical_environment_home', 'documentation_docker', 'web_architecture_home', 'lecture_relational_model', 'lecture_db_integrity', 'lecture_modeling_normalization', 'lecture_db_tools', 'activity_relational_model', 'lecture_normalization', 'practice_docker', 'activity_normalization', 'lecture_jpa', 'practice_jpa', 'practice_docker', 'prerequisite_data', 'activity_conceptual_modeling_advanced', 'activity_conceptual_modeling', 'activity_conceptual_modeling_correction', 'practice_docker', 'web_architecture_home', 'prerequisite_archiweb', 'practice_jpa', 'practice_jpa_advanced', 'technical_environment_home', 'practice_docker', 'web_architecture_home', 'prerequisite_archiweb', 'practice_spring_2tiers_ext', 'technical_environment_home', 'practice_postgresql', 'practice_docker', 'web_architecture_home', 'prerequisite_archiweb', 'practice_jpa_advanced', 'practice_spring_2tiers_ext', 'practice_docker', 'technical_environment_home', 'web_architecture_home', 'lecture_normalization', 'practice_docker', 'prerequisite_data', 'lecture_modeling_normalization', 'lecture_conceptual_modeling', 'documentation_programming', 'spring_bean', 'practice_spring', 'web_architecture_home', 'lecture_software_architecture', 'prerequisite_data', 'practice_transaction', 'practice_jpa', 'practice_spring_2tiers', 'technical_environment_home', 'prerequisite_techenv', 'practice_docker', 'web_architecture_home', 'practice_spring_2tiers', 'lecture_normalization', 'lecture_independence_views', 'activity_conceptual_modeling', 'activity_normalization', 'activity_normalization_correction', 'practice_docker', 'lecture_relational_model', 'lecture_conceptual_modeling', 'lecture_normalization', 'practice_sql', 'practice_sql_correction', 'web_architecture_home', 'prerequisite_archiweb', 'lecture_jpa', 'practice_jpa', 'activity_normalization', 'lecture_conceptual_modeling', 'technical_environment_home']",15.81,success,"[69, 13, 53, 12, 42, 69, 51, 70, 32, 18, 27, 42, 27, 18, 64, 17, 29, 0, 27, 42, 29, 6, 7, 4, 5, 42, 70, 62, 34, 33, 54, 28, 42, 70, 54, 10, 11, 56, 14, 42, 64, 35, 58, 14, 59, 42, 70, 62, 20, 26, 50, 20, 64, 37, 36, 60, 42, 70, 62, 25, 60, 36, 48, 62, 48, 42, 69, 12, 70, 32, 18, 27, 19, 8, 29, 42, 6, 25, 48, 42, 64, 1, 0, 3, 42, 70, 62, 48, 49, 69, 42, 70, 62, 55, 69, 51, 42, 70, 62, 49, 55, 42, 69, 70, 29, 42, 64, 27, 17, 13, 68, 53, 70, 33, 64, 58, 48, 54, 69, 66, 42, 70, 54, 29, 21, 0, 6, 7, 42, 32, 17, 29, 56, 57, 70, 62, 25, 48, 6, 17, 69]"
2426,"['technical_environment_home', 'prerequisite_techenv', 'technical_environment_home', 'prerequisite_techenv', 'documentation_docker', 'documentation_programming', 'documentation_si', 'documentation_rdbms', 'practice_spring', 'technical_environment_home', 'prerequisite_techenv', 'documentation_programming', 'prerequisite_techenv', 'technical_environment_home', 'documentation_docker', 'practice_docker', 'practice_docker_advanced', 'documentation_programming', 'practice_spring', 'practice_postgresql', 'documentation_programming', 'practice_spring', 'spring_bean', 'practice_postgresql', 'web_architecture_home', 'prerequisite_archiweb', 'lecture_jpa', 'practice_jpa', 'prerequisite_archiweb', 'lecture_dto', 'lecture_xml', 'lecture_json', 'lecture_dto', 'lecture_xml', 'practice_xml', 'lecture_json', 'lecture_dto', 'practice_json', 'lecture_relational_model', 'lecture_db_integrity', 'lecture_relational_algebra', 'activity_relational_model', 'activity_relational_model_correction', 'activity_relational_model', 'lecture_modeling_normalization', 'lecture_conceptual_modeling', 'lecture_normalization', 'lecture_independence_views', 'activity_conceptual_modeling', 'activity_conceptual_modeling_correction', 'activity_conceptual_modeling_advanced', 'activity_conceptual_modeling_advanced_correction', 'activity_normalization', 'activity_normalization_correction', 'activity_decomposition', 'activity_decomposition_correction', 'practice_independence_views', 'activity_sql', 'activity_sql_correction', 'practice_sql', 'practice_sql_correction', 'practice_advanced_sql', 'practice_advanced_sql_correction', 'lecture_transaction', 'lecture_isolation', 'practice_transaction', 'practice_transaction_correction', 'practice_sql', 'practice_sql_correction', 'web_architecture_home', 'lecture_mvc_spring', 'practice_jpa_advanced', 'practice_spring_2tiers_ext', 'lecture_mvc_spring', 'practice_jpa', 'lecture_mvc_spring', 'practice_jpa']",10.29,failure,"[69, 66, 69, 66, 12, 13, 15, 14, 53, 69, 66, 13, 66, 69, 12, 42, 43, 13, 53, 51, 13, 53, 68, 51, 70, 62, 25, 48, 62, 20, 37, 26, 20, 37, 60, 26, 20, 50, 32, 18, 31, 8, 9, 8, 27, 17, 29, 21, 0, 3, 1, 2, 6, 7, 4, 5, 44, 10, 11, 56, 57, 39, 40, 35, 23, 58, 59, 56, 57, 70, 28, 49, 55, 28, 48, 28, 48]"
2427,"['technical_environment_home', 'prerequisite_techenv', 'practice_postgresql', 'prerequisite_techenv', 'documentation_docker', 'practice_docker', 'documentation_programming', 'practice_spring', 'documentation_si', 'technical_environment_home', 'documentation_docker', 'technical_environment_home', 'prerequisite_techenv', 'documentation_docker', 'practice_docker', 'technical_environment_home', 'prerequisite_techenv', 'practice_postgresql', 'prerequisite_data', 'lecture_db_integrity', 'activity_relational_model', 'activity_relational_model_correction', 'prerequisite_data', 'lecture_db_integrity', 'activity_relational_model', 'activity_relational_model_correction', 'lecture_modeling_normalization', 'lecture_conceptual_modeling', 'activity_conceptual_modeling', 'activity_conceptual_modeling_correction', 'lecture_normalization', 'activity_sql', 'activity_sql_correction', 'practice_sql', 'practice_sql_correction', 'prerequisite_data', 'practice_sql', 'web_architecture_home', 'prerequisite_archiweb', 'lecture_dto', 'prerequisite_data', 'lecture_normalization', 'activity_normalization', 'activity_normalization_correction', 'activity_decomposition', 'activity_decomposition_correction', 'web_architecture_home', 'prerequisite_archiweb', 'lecture_technical_architecture', 'lecture_software_architecture', 'lecture_mvc_spring', 'lecture_jpa', 'web_architecture_home', 'prerequisite_archiweb', 'practice_spring_2tiers', 'technical_environment_home', 'prerequisite_data', 'lecture_relational_model', 'lecture_db_integrity', 'activity_relational_model', 'lecture_modeling_normalization', 'lecture_transaction', 'practice_transaction', 'lecture_conceptual_modeling', 'activity_conceptual_modeling', 'activity_conceptual_modeling_correction', 'lecture_normalization', 'activity_normalization', 'activity_normalization_correction', 'web_architecture_home', 'prerequisite_archiweb', 'lecture_xml', 'lecture_validity', 'lecture_json', 'lecture_jpa', 'prerequisite_data', 'activity_conceptual_modeling', 'lecture_normalization', 'activity_normalization', 'lecture_conceptual_modeling', 'activity_decomposition', 'lecture_modeling_normalization', 'activity_conceptual_modeling', 'activity_conceptual_modeling_correction', 'web_architecture_home', 'prerequisite_archiweb', 'practice_jpa', 'technical_environment_home', 'prerequisite_data', 'lecture_conceptual_modeling', 'prerequisite_data', 'practice_sql', 'practice_transaction', 'practice_transaction_correction', 'practice_advanced_sql', 'web_architecture_home', 'prerequisite_archiweb', 'practice_spring_2tiers', 'lecture_technical_architecture', 'lecture_software_architecture', 'lecture_mvc_spring', 'prerequisite_data', 'lecture_conceptual_modeling', 'activity_conceptual_modeling', 'activity_conceptual_modeling_correction', 'activity_normalization', 'activity_normalization_correction', 'activity_decomposition', 'activity_decomposition_correction', 'technical_environment_home', 'web_architecture_home', 'lecture_normalization', 'technical_environment_home', 'prerequisite_techenv', 'practice_postgresql', 'documentation_programming', 'practice_spring', 'lecture_software_architecture', 'lecture_technical_architecture', 'lecture_mvc_spring', 'lecture_jpa', 'practice_jpa']",12.84,success,"[69, 66, 51, 66, 12, 42, 13, 53, 15, 69, 12, 69, 66, 12, 42, 69, 66, 51, 64, 18, 8, 9, 64, 18, 8, 9, 27, 17, 0, 3, 29, 10, 11, 56, 57, 64, 56, 70, 62, 20, 64, 29, 6, 7, 4, 5, 70, 62, 34, 33, 28, 25, 70, 62, 54, 69, 64, 32, 18, 8, 27, 35, 58, 17, 0, 3, 29, 6, 7, 70, 62, 37, 36, 26, 25, 64, 0, 29, 6, 17, 4, 27, 0, 3, 70, 62, 48, 69, 64, 17, 64, 56, 58, 59, 39, 70, 62, 54, 34, 33, 28, 64, 17, 0, 3, 6, 7, 4, 5, 69, 70, 29, 69, 66, 51, 13, 53, 33, 34, 28, 25, 48]"
2429,"['technical_environment_home', 'documentation_docker', 'practice_docker', 'web_architecture_home', 'lecture_mvc_spring', 'lecture_jpa', 'practice_jpa', 'lecture_technical_architecture', 'lecture_software_architecture', 'lecture_mvc_spring', 'web_architecture_home', 'technical_environment_home', 'documentation_programming', 'practice_spring', 'technical_environment_home', 'documentation_programming', 'inversion_of_control', 'practice_spring', 'practice_postgresql', 'technical_environment_home', 'web_architecture_home', 'lecture_technical_architecture', 'prerequisite_data', 'prerequisite_archiweb', 'lecture_software_architecture', 'practice_spring_2tiers', 'web_architecture_home', 'prerequisite_archiweb', 'practice_spring_2tiers', 'practice_jpa', 'lecture_jpa', 'practice_jpa', 'web_architecture_home', 'prerequisite_archiweb', 'practice_spring_2tiers', 'practice_jpa', 'web_architecture_home', 'practice_jpa', 'practice_spring_2tiers', 'web_architecture_home', 'practice_spring_2tiers', 'lecture_dto', 'practice_xml', 'web_architecture_home', 'practice_xml', 'web_architecture_home', 'practice_xml', 'lecture_parser', 'lecture_xpath', 'lecture_validity', 'web_architecture_home', 'prerequisite_archiweb', 'practice_json', 'lecture_relational_model', 'prerequisite_data', 'web_architecture_home', 'activity_relational_model', 'activity_relational_model_correction', 'activity_conceptual_modeling', 'activity_conceptual_modeling_correction', 'lecture_normalization', 'activity_normalization', 'activity_normalization_correction', 'activity_sql', 'activity_sql_correction', 'lecture_transaction', 'practice_sql', 'practice_sql_correction', 'lecture_relational_model', 'lecture_db_integrity', 'activity_relational_model', 'activity_relational_model_correction', 'practice_transaction', 'web_architecture_home', 'practice_jpa', 'practice_jpa_advanced', 'practice_spring_2tiers', 'technical_environment_home', 'inversion_of_control', 'web_architecture_home', 'prerequisite_data', 'lecture_independence_views', 'lecture_modeling_normalization', 'prerequisite_archiweb', 'lecture_conceptual_modeling', 'activity_conceptual_modeling', 'activity_normalization', 'activity_decomposition', 'activity_decomposition_correction', 'web_architecture_home', 'practice_spring_2tiers_ext', 'web_architecture_home', 'technical_environment_home', 'web_architecture_home', 'practice_jpa_advanced', 'practice_spring_2tiers_ext', 'practice_spring_2tiers', 'technical_environment_home', 'practice_docker', 'documentation_rdbms', 'technical_environment_home', 'documentation_docker', 'web_architecture_home', 'practice_spring_2tiers_ext', 'practice_spring_2tiers', 'lecture_dto', 'lecture_xml', 'lecture_validity', 'practice_xml', 'lecture_json', 'lecture_mvc_spring', 'lecture_technical_architecture', 'lecture_relational_model', 'lecture_modeling_normalization', 'lecture_conceptual_modeling', 'lecture_normalization', 'activity_conceptual_modeling', 'lecture_normalization', 'web_architecture_home', 'lecture_json', 'activity_conceptual_modeling', 'lecture_normalization', 'lecture_conceptual_modeling', 'activity_normalization', 'activity_sql', 'practice_sql', 'web_architecture_home', 'lecture_mvc_spring', 'lecture_technical_architecture', 'lecture_xpath', 'lecture_technical_architecture', 'lecture_software_architecture', 'lecture_jpa', 'practice_jpa', 'lecture_modeling_normalization', 'activity_conceptual_modeling', 'activity_conceptual_modeling_correction', 'activity_conceptual_modeling_advanced', 'activity_normalization', 'activity_normalization_correction', 'activity_decomposition']",7.29,failure,"[69, 12, 42, 70, 28, 25, 48, 34, 33, 28, 70, 69, 13, 53, 69, 13, 16, 53, 51, 69, 70, 34, 64, 62, 33, 54, 70, 62, 54, 48, 25, 48, 70, 62, 54, 48, 70, 48, 54, 70, 54, 20, 60, 70, 60, 70, 60, 30, 38, 36, 70, 62, 50, 32, 64, 70, 8, 9, 0, 3, 29, 6, 7, 10, 11, 35, 56, 57, 32, 18, 8, 9, 58, 70, 48, 49, 54, 69, 16, 70, 64, 21, 27, 62, 17, 0, 6, 4, 5, 70, 55, 70, 69, 70, 49, 55, 54, 69, 42, 14, 69, 12, 70, 55, 54, 20, 37, 36, 60, 26, 28, 34, 32, 27, 17, 29, 0, 29, 70, 26, 0, 29, 17, 6, 10, 56, 70, 28, 34, 38, 34, 33, 25, 48, 27, 0, 3, 1, 6, 7, 4]"
2430,"['technical_environment_home', 'documentation_docker', 'practice_docker', 'practice_docker_advanced', 'documentation_si', 'technical_environment_home', 'documentation_si', 'practice_docker_advanced', 'practice_postgresql', 'documentation_programming', 'inversion_of_control', 'spring_bean', 'practice_spring', 'web_architecture_home', 'lecture_relational_model', 'lecture_db_integrity', 'lecture_relational_algebra', 'activity_relational_model', 'lecture_modeling_normalization', 'lecture_conceptual_modeling', 'activity_conceptual_modeling_advanced', 'prerequisite_archiweb', 'practice_jpa', 'web_architecture_home', 'lecture_technical_architecture', 'lecture_software_architecture', 'lecture_mvc_spring', 'practice_jpa', 'lecture_jpa', 'practice_jpa', 'technical_environment_home', 'web_architecture_home', 'practice_jpa', 'practice_jpa_advanced', 'practice_spring_2tiers', 'practice_spring_2tiers_ext', 'technical_environment_home', 'web_architecture_home', 'practice_jpa_advanced', 'practice_spring_2tiers', 'practice_spring_2tiers_ext', 'technical_environment_home', 'web_architecture_home', 'practice_spring_2tiers', 'practice_spring_2tiers_ext', 'practice_jpa_advanced', 'technical_environment_home', 'web_architecture_home', 'practice_jpa_advanced', 'practice_spring_2tiers', 'practice_jpa_advanced', 'practice_spring_2tiers', 'practice_spring_2tiers_ext', 'lecture_dto', 'lecture_xml', 'technical_environment_home', 'web_architecture_home', 'practice_spring_2tiers_ext', 'practice_jpa_advanced', 'lecture_technical_architecture', 'prerequisite_archiweb', 'prerequisite_data', 'practice_spring_2tiers', 'activity_relational_model', 'activity_conceptual_modeling', 'activity_normalization', 'lecture_validity', 'lecture_xml', 'lecture_xpath', 'lecture_parser', 'lecture_jaxb', 'practice_xml', 'practice_schema_xml', 'technical_environment_home', 'prerequisite_techenv', 'web_architecture_home', 'lecture_parser', 'lecture_jaxb', 'practice_xml', 'practice_schema_xml', 'lecture_json', 'practice_json', 'lecture_relational_model', 'lecture_db_integrity', 'lecture_relational_algebra', 'activity_relational_model', 'practice_postgresql', 'activity_conceptual_modeling', 'activity_conceptual_modeling_advanced', 'technical_environment_home', 'lecture_normalization', 'activity_conceptual_modeling', 'activity_normalization', 'activity_decomposition', 'activity_sql', 'practice_sql', 'practice_advanced_sql', 'lecture_transaction', 'lecture_relational_model', 'lecture_relational_algebra', 'lecture_db_integrity', 'lecture_conceptual_modeling', 'lecture_independence_views', 'technical_environment_home', 'lecture_relational_algebra', 'lecture_modeling_normalization', 'lecture_conceptual_modeling', 'lecture_normalization', 'lecture_independence_views', 'activity_conceptual_modeling', 'activity_conceptual_modeling_correction', 'activity_conceptual_modeling_advanced', 'activity_conceptual_modeling_advanced_correction', 'activity_normalization', 'activity_normalization_correction', 'activity_decomposition', 'activity_sql', 'practice_sql', 'practice_sql_correction', 'practice_advanced_sql', 'practice_advanced_sql_correction', 'technical_environment_home', 'web_architecture_home', 'lecture_normalization', 'technical_environment_home', 'lecture_normalization', 'lecture_independence_views', 'technical_environment_home', 'documentation_programming', 'practice_spring', 'documentation_si', 'documentation_rdbms', 'practice_postgresql', 'lecture_modeling_normalization', 'lecture_conceptual_modeling', 'activity_conceptual_modeling', 'activity_conceptual_modeling_correction', 'technical_environment_home', 'lecture_conceptual_modeling', 'lecture_normalization', 'activity_conceptual_modeling', 'activity_conceptual_modeling_correction', 'technical_environment_home', 'documentation_programming', 'spring_bean', 'web_architecture_home', 'prerequisite_archiweb', 'lecture_validity', 'practice_jpa', 'lecture_dto', 'lecture_xml', 'lecture_xpath', 'lecture_parser', 'lecture_jaxb', 'lecture_parser', 'lecture_jaxb', 'practice_xml', 'practice_schema_xml', 'practice_xpath', 'practice_apis', 'lecture_json', 'practice_json', 'lecture_jpa', 'practice_jpa_advanced', 'practice_spring_2tiers', 'practice_spring_2tiers_ext']",13.61,success,"[69, 12, 42, 43, 15, 69, 15, 43, 51, 13, 16, 68, 53, 70, 32, 18, 31, 8, 27, 17, 1, 62, 48, 70, 34, 33, 28, 48, 25, 48, 69, 70, 48, 49, 54, 55, 69, 70, 49, 54, 55, 69, 70, 54, 55, 49, 69, 70, 49, 54, 49, 54, 55, 20, 37, 69, 70, 55, 49, 34, 62, 64, 54, 8, 0, 6, 36, 37, 38, 30, 24, 60, 52, 69, 66, 70, 30, 24, 60, 52, 26, 50, 32, 18, 31, 8, 51, 0, 1, 69, 29, 0, 6, 4, 10, 56, 39, 35, 32, 31, 18, 17, 21, 69, 31, 27, 17, 29, 21, 0, 3, 1, 2, 6, 7, 4, 10, 56, 57, 39, 40, 69, 70, 29, 69, 29, 21, 69, 13, 53, 15, 14, 51, 27, 17, 0, 3, 69, 17, 29, 0, 3, 69, 13, 68, 70, 62, 36, 48, 20, 37, 38, 30, 24, 30, 24, 60, 52, 61, 41, 26, 50, 25, 49, 54, 55]"
2431,"['technical_environment_home', 'prerequisite_techenv', 'documentation_programming', 'documentation_docker', 'practice_docker', 'practice_postgresql', 'documentation_rdbms', 'documentation_si', 'technical_environment_home', 'prerequisite_techenv', 'documentation_programming', 'practice_spring', 'documentation_rdbms', 'documentation_si', 'inversion_of_control', 'spring_bean', 'practice_docker_advanced', 'practice_docker', 'prerequisite_data', 'lecture_relational_model', 'lecture_db_integrity', 'web_architecture_home', 'activity_sql', 'lecture_relational_algebra', 'activity_sql', 'activity_sql_correction', 'practice_sql', 'technical_environment_home', 'prerequisite_techenv', 'practice_docker', 'practice_sql_correction', 'prerequisite_data', 'practice_sql', 'activity_sql', 'activity_sql_correction', 'practice_sql_correction', 'activity_relational_model', 'lecture_transaction', 'lecture_db_integrity', 'lecture_isolation', 'practice_transaction', 'practice_transaction_correction', 'prerequisite_data', 'activity_relational_model', 'activity_relational_model_correction', 'web_architecture_home', 'prerequisite_archiweb', 'activity_conceptual_modeling', 'lecture_normalization', 'activity_normalization', 'activity_normalization_correction', 'web_architecture_home', 'prerequisite_archiweb', 'lecture_technical_architecture', 'lecture_dto', 'lecture_json', 'practice_json', 'web_architecture_home', 'prerequisite_archiweb', 'practice_json', 'technical_environment_home', 'prerequisite_techenv', 'practice_spring', 'lecture_xml', 'lecture_validity', 'practice_xml', 'lecture_software_architecture', 'lecture_mvc_spring', 'web_architecture_home', 'prerequisite_archiweb', 'lecture_jpa', 'prerequisite_data', 'activity_decomposition', 'web_architecture_home', 'prerequisite_archiweb', 'practice_jpa', 'practice_spring_2tiers', 'activity_conceptual_modeling', 'web_architecture_home', 'prerequisite_data', 'practice_sql', 'practice_sql_correction', 'activity_sql', 'activity_sql_correction', 'activity_normalization', 'activity_decomposition', 'activity_normalization_correction', 'activity_decomposition_correction', 'prerequisite_archiweb', 'practice_json', 'practice_spring_2tiers', 'lecture_xml', 'practice_jpa', 'practice_spring_2tiers', 'practice_jpa_advanced', 'web_architecture_home', 'prerequisite_archiweb', 'prerequisite_data', 'practice_jpa_advanced', 'practice_jpa', 'web_architecture_home', 'prerequisite_archiweb', 'practice_jpa_advanced', 'practice_spring_2tiers_ext', 'practice_spring_2tiers', 'web_architecture_home', 'prerequisite_data', 'lecture_normalization', 'activity_normalization', 'activity_decomposition', 'activity_decomposition_correction', 'activity_conceptual_modeling', 'activity_conceptual_modeling_correction']",10.09,failure,"[69, 66, 13, 12, 42, 51, 14, 15, 69, 66, 13, 53, 14, 15, 16, 68, 43, 42, 64, 32, 18, 70, 10, 31, 10, 11, 56, 69, 66, 42, 57, 64, 56, 10, 11, 57, 8, 35, 18, 23, 58, 59, 64, 8, 9, 70, 62, 0, 29, 6, 7, 70, 62, 34, 20, 26, 50, 70, 62, 50, 69, 66, 53, 37, 36, 60, 33, 28, 70, 62, 25, 64, 4, 70, 62, 48, 54, 0, 70, 64, 56, 57, 10, 11, 6, 4, 7, 5, 62, 50, 54, 37, 48, 54, 49, 70, 62, 64, 49, 48, 70, 62, 49, 55, 54, 70, 64, 29, 6, 4, 5, 0, 3]"
2432,"['technical_environment_home', 'documentation_docker', 'practice_docker', 'practice_docker_advanced', 'technical_environment_home', 'practice_docker', 'practice_postgresql', 'practice_spring', 'documentation_programming', 'inversion_of_control', 'spring_bean', 'inversion_of_control', 'spring_bean', 'web_architecture_home', 'documentation_docker', 'lecture_relational_model', 'lecture_db_integrity', 'activity_relational_model', 'activity_conceptual_modeling', 'activity_relational_model', 'activity_conceptual_modeling_advanced', 'activity_relational_model_correction', 'lecture_modeling_normalization', 'lecture_normalization', 'lecture_conceptual_modeling', 'lecture_modeling_normalization', 'lecture_conceptual_modeling', 'lecture_normalization', 'activity_conceptual_modeling', 'activity_conceptual_modeling_advanced', 'activity_normalization', 'practice_sql', 'practice_independence_views', 'activity_sql', 'activity_sql_correction', 'practice_sql_correction', 'practice_advanced_sql', 'web_architecture_home', 'lecture_technical_architecture', 'lecture_isolation', 'lecture_transaction', 'practice_advanced_sql', 'practice_transaction', 'practice_transaction_correction', 'lecture_software_architecture', 'lecture_mvc_spring', 'lecture_jpa', 'practice_jpa', 'practice_spring_2tiers', 'web_architecture_home', 'practice_jpa', 'practice_spring_2tiers', 'lecture_dto', 'technical_environment_home', 'practice_docker', 'practice_spring', 'web_architecture_home', 'practice_spring_2tiers', 'web_architecture_home', 'prerequisite_archiweb', 'web_architecture_home', 'practice_jpa', 'practice_jpa_advanced', 'lecture_relational_model', 'activity_relational_model', 'activity_conceptual_modeling', 'activity_conceptual_modeling_correction', 'activity_conceptual_modeling_advanced', 'activity_normalization', 'practice_sql', 'web_architecture_home', 'lecture_technical_architecture', 'lecture_software_architecture', 'lecture_jpa', 'practice_jpa', 'practice_jpa_advanced', 'technical_environment_home', 'documentation_docker', 'documentation_si', 'practice_postgresql', 'documentation_rdbms', 'practice_docker', 'practice_sql', 'activity_sql', 'lecture_relational_model', 'activity_conceptual_modeling', 'technical_environment_home', 'documentation_docker', 'practice_docker', 'web_architecture_home', 'technical_environment_home', 'documentation_docker', 'practice_docker', 'practice_docker_advanced', 'documentation_programming', 'inversion_of_control', 'spring_bean', 'practice_spring', 'web_architecture_home', 'lecture_mvc_spring', 'lecture_jpa', 'practice_jpa', 'practice_spring_2tiers', 'practice_json', 'practice_jpa_advanced', 'practice_spring_2tiers', 'technical_environment_home', 'lecture_normalization', 'web_architecture_home', 'lecture_normalization']",8.42,failure,"[69, 12, 42, 43, 69, 42, 51, 53, 13, 16, 68, 16, 68, 70, 12, 32, 18, 8, 0, 8, 1, 9, 27, 29, 17, 27, 17, 29, 0, 1, 6, 56, 44, 10, 11, 57, 39, 70, 34, 23, 35, 39, 58, 59, 33, 28, 25, 48, 54, 70, 48, 54, 20, 69, 42, 53, 70, 54, 70, 62, 70, 48, 49, 32, 8, 0, 3, 1, 6, 56, 70, 34, 33, 25, 48, 49, 69, 12, 15, 51, 14, 42, 56, 10, 32, 0, 69, 12, 42, 70, 69, 12, 42, 43, 13, 16, 68, 53, 70, 28, 25, 48, 54, 50, 49, 54, 69, 29, 70, 29]"
2433,"['technical_environment_home', 'prerequisite_techenv', 'documentation_docker', 'practice_docker', 'documentation_docker', 'practice_docker_advanced', 'technical_environment_home', 'practice_docker_advanced', 'documentation_docker', 'practice_docker', 'practice_docker_advanced', 'technical_environment_home', 'documentation_si', 'practice_postgresql', 'documentation_programming', 'practice_spring', 'web_architecture_home', 'lecture_dto', 'lecture_relational_model', 'lecture_db_integrity', 'lecture_relational_algebra', 'activity_relational_model', 'activity_relational_model_correction', 'lecture_modeling_normalization', 'lecture_conceptual_modeling', 'lecture_normalization', 'activity_conceptual_modeling', 'activity_conceptual_modeling_correction', 'activity_normalization', 'activity_normalization_correction', 'activity_decomposition', 'activity_decomposition_correction', 'activity_sql', 'activity_sql_correction', 'practice_sql', 'technical_environment_home', 'practice_spring', 'practice_postgresql', 'practice_sql', 'practice_advanced_sql', 'practice_advanced_sql_correction', 'lecture_transaction', 'practice_transaction', 'web_architecture_home', 'lecture_technical_architecture', 'lecture_software_architecture', 'lecture_mvc_spring', 'lecture_jpa', 'practice_jpa', 'technical_environment_home', 'prerequisite_techenv', 'practice_spring', 'web_architecture_home', 'practice_jpa', 'technical_environment_home', 'practice_spring', 'web_architecture_home', 'practice_jpa', 'practice_spring_2tiers', 'lecture_mvc_spring', 'web_architecture_home', 'practice_spring_2tiers', 'lecture_dto', 'lecture_xml', 'practice_xml', 'practice_advanced_sql', 'web_architecture_home', 'practice_jpa_advanced', 'technical_environment_home', 'practice_docker', 'technical_environment_home', 'documentation_docker']",7.39,failure,"[69, 66, 12, 42, 12, 43, 69, 43, 12, 42, 43, 69, 15, 51, 13, 53, 70, 20, 32, 18, 31, 8, 9, 27, 17, 29, 0, 3, 6, 7, 4, 5, 10, 11, 56, 69, 53, 51, 56, 39, 40, 35, 58, 70, 34, 33, 28, 25, 48, 69, 66, 53, 70, 48, 69, 53, 70, 48, 54, 28, 70, 54, 20, 37, 60, 39, 70, 49, 69, 42, 69, 12]"
2434,"['web_architecture_home', 'technical_environment_home', 'prerequisite_techenv', 'technical_environment_home', 'documentation_docker', 'practice_docker', 'documentation_si', 'documentation_rdbms', 'technical_environment_home', 'documentation_docker', 'practice_docker', 'documentation_docker', 'practice_docker_advanced', 'documentation_rdbms', 'practice_postgresql', 'documentation_rdbms', 'practice_postgresql', 'documentation_programming', 'practice_spring', 'documentation_si', 'inversion_of_control', 'technical_environment_home', 'practice_spring', 'web_architecture_home', 'technical_environment_home', 'lecture_technical_architecture', 'technical_environment_home', 'web_architecture_home', 'lecture_technical_architecture', 'lecture_software_architecture', 'lecture_mvc_spring', 'lecture_jpa', 'practice_jpa', 'web_architecture_home', 'practice_jpa', 'web_architecture_home', 'practice_jpa', 'practice_jpa_advanced', 'practice_spring_2tiers', 'practice_spring_2tiers_ext', 'lecture_jaxb', 'lecture_dto', 'lecture_validity', 'practice_jpa', 'web_architecture_home', 'practice_jpa_advanced', 'practice_spring_2tiers', 'practice_spring_2tiers_ext', 'lecture_mvc_spring', 'web_architecture_home', 'practice_spring_2tiers', 'practice_jpa_advanced', 'practice_jpa', 'web_architecture_home', 'practice_spring_2tiers', 'web_architecture_home', 'practice_spring_2tiers', 'practice_spring_2tiers_ext', 'technical_environment_home', 'lecture_dto', 'lecture_xml', 'web_architecture_home', 'practice_spring_2tiers_ext', 'lecture_dto', 'lecture_xml', 'lecture_validity', 'practice_spring_2tiers', 'practice_jpa_advanced', 'practice_jpa', 'web_architecture_home', 'practice_spring_2tiers_ext', 'lecture_dto', 'lecture_xml', 'lecture_validity', 'lecture_xml', 'lecture_xpath', 'lecture_parser', 'lecture_jaxb', 'practice_xml', 'lecture_jaxb', 'lecture_software_architecture', 'web_architecture_home', 'lecture_jaxb', 'practice_xml', 'practice_schema_xml', 'practice_xpath', 'practice_apis', 'lecture_json', 'practice_json', 'lecture_relational_model', 'web_architecture_home', 'technical_environment_home', 'lecture_technical_architecture', 'lecture_software_architecture', 'lecture_relational_model', 'technical_environment_home', 'lecture_relational_model', 'lecture_transaction', 'practice_transaction', 'lecture_db_integrity', 'activity_relational_model', 'lecture_relational_algebra', 'web_architecture_home', 'prerequisite_archiweb', 'lecture_modeling_normalization', 'technical_environment_home', 'lecture_modeling_normalization', 'lecture_conceptual_modeling', 'lecture_modeling_normalization', 'lecture_relational_model', 'lecture_modeling_normalization', 'lecture_conceptual_modeling', 'lecture_normalization', 'activity_conceptual_modeling', 'activity_normalization', 'activity_decomposition', 'activity_sql', 'practice_sql', 'practice_advanced_sql', 'lecture_transaction', 'practice_transaction', 'practice_sql', 'documentation_rdbms', 'practice_sql', 'web_architecture_home', 'lecture_relational_model', 'lecture_db_integrity', 'activity_relational_model', 'lecture_modeling_normalization', 'lecture_conceptual_modeling', 'technical_environment_home', 'practice_postgresql', 'activity_sql', 'practice_sql', 'lecture_transaction', 'practice_transaction', 'activity_sql', 'web_architecture_home', 'lecture_software_architecture', 'practice_json', 'lecture_parser', 'lecture_mvc_spring', 'lecture_relational_model', 'lecture_db_integrity', 'activity_relational_model', 'lecture_db_integrity', 'activity_relational_model', 'practice_independence_views', 'activity_decomposition', 'lecture_modeling_normalization', 'lecture_normalization', 'lecture_conceptual_modeling', 'activity_conceptual_modeling', 'practice_advanced_sql', 'lecture_transaction', 'practice_sql', 'activity_sql', 'practice_transaction', 'technical_environment_home', 'practice_postgresql', 'web_architecture_home', 'technical_environment_home', 'documentation_docker', 'practice_docker', 'technical_environment_home', 'documentation_programming', 'spring_bean', 'practice_spring', 'web_architecture_home', 'lecture_transaction', 'lecture_jaxb', 'lecture_json', 'practice_json', 'lecture_xml', 'practice_xml', 'lecture_xml', 'practice_xml', 'practice_spring_2tiers', 'lecture_technical_architecture', 'lecture_software_architecture', 'web_architecture_home', 'practice_spring_2tiers', 'lecture_technical_architecture', 'lecture_software_architecture', 'web_architecture_home', 'practice_jpa', 'lecture_mvc_spring', 'lecture_jpa', 'practice_jpa_advanced', 'lecture_dto', 'lecture_xml', 'lecture_json']",8.07,failure,"[70, 69, 66, 69, 12, 42, 15, 14, 69, 12, 42, 12, 43, 14, 51, 14, 51, 13, 53, 15, 16, 69, 53, 70, 69, 34, 69, 70, 34, 33, 28, 25, 48, 70, 48, 70, 48, 49, 54, 55, 24, 20, 36, 48, 70, 49, 54, 55, 28, 70, 54, 49, 48, 70, 54, 70, 54, 55, 69, 20, 37, 70, 55, 20, 37, 36, 54, 49, 48, 70, 55, 20, 37, 36, 37, 38, 30, 24, 60, 24, 33, 70, 24, 60, 52, 61, 41, 26, 50, 32, 70, 69, 34, 33, 32, 69, 32, 35, 58, 18, 8, 31, 70, 62, 27, 69, 27, 17, 27, 32, 27, 17, 29, 0, 6, 4, 10, 56, 39, 35, 58, 56, 14, 56, 70, 32, 18, 8, 27, 17, 69, 51, 10, 56, 35, 58, 10, 70, 33, 50, 30, 28, 32, 18, 8, 18, 8, 44, 4, 27, 29, 17, 0, 39, 35, 56, 10, 58, 69, 51, 70, 69, 12, 42, 69, 13, 68, 53, 70, 35, 24, 26, 50, 37, 60, 37, 60, 54, 34, 33, 70, 54, 34, 33, 70, 48, 28, 25, 49, 20, 37, 26]"
2435,"['technical_environment_home', 'documentation_docker', 'practice_docker', 'technical_environment_home', 'practice_docker', 'practice_docker_advanced', 'documentation_si', 'documentation_rdbms', 'practice_postgresql', 'documentation_programming', 'inversion_of_control', 'documentation_docker', 'practice_docker', 'documentation_si', 'technical_environment_home', 'documentation_docker', 'practice_docker_advanced', 'practice_docker', 'web_architecture_home', 'technical_environment_home', 'practice_postgresql', 'practice_docker', 'practice_docker_advanced', 'documentation_si', 'documentation_rdbms', 'documentation_docker', 'technical_environment_home', 'practice_postgresql', 'lecture_relational_model', 'lecture_db_tools', 'lecture_db_integrity', 'lecture_relational_algebra', 'activity_relational_model', 'activity_sql', 'lecture_modeling_normalization', 'practice_sql', 'practice_sql_correction', 'technical_environment_home', 'lecture_modeling_normalization', 'lecture_conceptual_modeling', 'lecture_modeling_normalization', 'lecture_conceptual_modeling', 'lecture_normalization', 'lecture_independence_views', 'activity_conceptual_modeling', 'activity_conceptual_modeling_advanced', 'activity_decomposition', 'practice_independence_views', 'activity_sql', 'practice_sql', 'lecture_transaction', 'web_architecture_home', 'prerequisite_archiweb', 'lecture_technical_architecture', 'lecture_software_architecture', 'lecture_mvc_spring', 'lecture_jpa', 'practice_spring_2tiers', 'practice_jpa', 'web_architecture_home', 'practice_jpa', 'lecture_jpa', 'lecture_mvc_spring', 'lecture_dto', 'lecture_jaxb', 'lecture_parser', 'lecture_json', 'practice_json', 'web_architecture_home', 'practice_sql', 'practice_sql_correction', 'practice_sql', 'practice_sql_correction', 'activity_sql', 'web_architecture_home', 'technical_environment_home', 'prerequisite_techenv', 'documentation_docker', 'documentation_programming', 'prerequisite_archiweb', 'lecture_technical_architecture', 'lecture_software_architecture', 'lecture_relational_model', 'practice_isolation', 'technical_environment_home', 'documentation_docker', 'practice_docker', 'documentation_programming', 'inversion_of_control', 'practice_spring', 'web_architecture_home', 'practice_spring_2tiers']",9.87,failure,"[69, 12, 42, 69, 42, 43, 15, 14, 51, 13, 16, 12, 42, 15, 69, 12, 43, 42, 70, 69, 51, 42, 43, 15, 14, 12, 69, 51, 32, 19, 18, 31, 8, 10, 27, 56, 57, 69, 27, 17, 27, 17, 29, 21, 0, 1, 4, 44, 10, 56, 35, 70, 62, 34, 33, 28, 25, 54, 48, 70, 48, 25, 28, 20, 24, 30, 26, 50, 70, 56, 57, 56, 57, 10, 70, 69, 66, 12, 13, 62, 34, 33, 32, 47, 69, 12, 42, 13, 16, 53, 70, 54]"
2436,"['technical_environment_home', 'prerequisite_techenv', 'documentation_docker', 'practice_docker', 'technical_environment_home', 'prerequisite_techenv', 'documentation_programming', 'practice_spring', 'technical_environment_home', 'prerequisite_techenv', 'documentation_docker', 'practice_docker', 'technical_environment_home', 'prerequisite_techenv', 'practice_postgresql', 'documentation_rdbms', 'web_architecture_home', 'prerequisite_archiweb', 'practice_spring', 'lecture_technical_architecture', 'lecture_software_architecture', 'web_architecture_home', 'prerequisite_archiweb', 'lecture_mvc_spring', 'technical_environment_home', 'web_architecture_home', 'prerequisite_archiweb', 'lecture_dto', 'practice_json', 'lecture_xml', 'technical_environment_home', 'prerequisite_techenv', 'documentation_docker', 'practice_docker', 'technical_environment_home', 'prerequisite_techenv', 'practice_docker', 'web_architecture_home', 'prerequisite_archiweb', 'practice_jpa', 'practice_spring_2tiers', 'documentation_docker', 'practice_spring_2tiers', 'technical_environment_home', 'prerequisite_techenv', 'documentation_programming', 'inversion_of_control', 'prerequisite_techenv', 'prerequisite_data', 'lecture_relational_model', 'web_architecture_home', 'prerequisite_archiweb', 'lecture_software_architecture', 'lecture_jpa', 'practice_jpa', 'lecture_dto', 'prerequisite_archiweb', 'lecture_xml', 'lecture_json', 'web_architecture_home', 'prerequisite_data', 'activity_sql', 'lecture_relational_model', 'lecture_db_integrity', 'practice_spring_2tiers', 'lecture_mvc_spring', 'lecture_jpa', 'web_architecture_home', 'prerequisite_archiweb', 'prerequisite_data', 'lecture_relational_model', 'technical_environment_home', 'documentation_programming', 'web_architecture_home', 'practice_jpa', 'lecture_jpa', 'technical_environment_home', 'documentation_programming', 'inversion_of_control', 'practice_spring', 'documentation_si', 'documentation_rdbms', 'documentation_si', 'documentation_rdbms', 'practice_postgresql', 'documentation_docker', 'practice_docker', 'web_architecture_home', 'prerequisite_archiweb', 'lecture_mvc_spring', 'practice_spring_2tiers', 'lecture_software_architecture', 'practice_jpa', 'practice_spring_2tiers', 'technical_environment_home', 'prerequisite_data', 'lecture_relational_model', 'lecture_db_integrity', 'activity_relational_model', 'prerequisite_data', 'lecture_modeling_normalization', 'web_architecture_home', 'lecture_conceptual_modeling', 'lecture_normalization', 'prerequisite_data', 'activity_conceptual_modeling', 'activity_decomposition', 'lecture_modeling_normalization', 'activity_sql', 'practice_sql', 'practice_sql_correction', 'lecture_transaction', 'practice_jpa', 'web_architecture_home', 'lecture_technical_architecture', 'technical_environment_home', 'lecture_software_architecture', 'lecture_mvc_spring', 'lecture_jpa', 'lecture_dto', 'lecture_xml', 'lecture_json', 'web_architecture_home', 'practice_jpa', 'web_architecture_home', 'prerequisite_archiweb', 'practice_jpa', 'web_architecture_home', 'prerequisite_archiweb', 'practice_jpa', 'web_architecture_home', 'lecture_technical_architecture', 'lecture_software_architecture', 'technical_environment_home', 'documentation_si', 'documentation_rdbms', 'practice_postgresql', 'documentation_programming', 'inversion_of_control', 'spring_bean']",11.8,failure,"[69, 66, 12, 42, 69, 66, 13, 53, 69, 66, 12, 42, 69, 66, 51, 14, 70, 62, 53, 34, 33, 70, 62, 28, 69, 70, 62, 20, 50, 37, 69, 66, 12, 42, 69, 66, 42, 70, 62, 48, 54, 12, 54, 69, 66, 13, 16, 66, 64, 32, 70, 62, 33, 25, 48, 20, 62, 37, 26, 70, 64, 10, 32, 18, 54, 28, 25, 70, 62, 64, 32, 69, 13, 70, 48, 25, 69, 13, 16, 53, 15, 14, 15, 14, 51, 12, 42, 70, 62, 28, 54, 33, 48, 54, 69, 64, 32, 18, 8, 64, 27, 70, 17, 29, 64, 0, 4, 27, 10, 56, 57, 35, 48, 70, 34, 69, 33, 28, 25, 20, 37, 26, 70, 48, 70, 62, 48, 70, 62, 48, 70, 34, 33, 69, 15, 14, 51, 13, 16, 68]"
2437,"['technical_environment_home', 'documentation_docker', 'practice_docker', 'practice_postgresql', 'practice_docker_advanced', 'technical_environment_home', 'practice_docker_advanced', 'practice_docker', 'documentation_si', 'documentation_rdbms', 'practice_postgresql', 'technical_environment_home', 'practice_docker', 'documentation_programming', 'inversion_of_control', 'spring_bean', 'inversion_of_control', 'practice_spring', 'technical_environment_home', 'web_architecture_home', 'lecture_technical_architecture', 'technical_environment_home', 'lecture_software_architecture', 'lecture_mvc_spring', 'lecture_jpa', 'practice_jpa', 'prerequisite_techenv', 'documentation_programming', 'web_architecture_home', 'lecture_technical_architecture', 'practice_docker', 'practice_jpa', 'technical_environment_home', 'practice_docker', 'web_architecture_home', 'practice_jpa', 'lecture_jpa', 'technical_environment_home', 'practice_docker', 'web_architecture_home', 'practice_jpa', 'lecture_dto', 'lecture_xml', 'practice_xml', 'practice_spring_2tiers', 'lecture_mvc_spring', 'lecture_jpa', 'practice_spring_2tiers', 'web_architecture_home', 'practice_jpa', 'web_architecture_home', 'practice_spring_2tiers', 'practice_jpa', 'lecture_relational_model', 'lecture_db_integrity', 'activity_relational_model', 'lecture_db_integrity', 'activity_relational_model', 'lecture_relational_model', 'lecture_modeling_normalization', 'lecture_conceptual_modeling', 'technical_environment_home', 'practice_spring', 'practice_postgresql', 'web_architecture_home', 'lecture_transaction', 'practice_transaction', 'technical_environment_home', 'practice_docker', 'web_architecture_home', 'lecture_technical_architecture', 'lecture_software_architecture', 'lecture_mvc_spring', 'lecture_jpa', 'practice_jpa', 'practice_spring_2tiers', 'practice_postgresql', 'web_architecture_home', 'lecture_mvc_spring', 'lecture_jpa', 'lecture_technical_architecture', 'technical_environment_home', 'web_architecture_home', 'practice_spring_2tiers', 'lecture_technical_architecture', 'lecture_software_architecture', 'practice_docker', 'web_architecture_home', 'lecture_normalization', 'technical_environment_home', 'web_architecture_home', 'documentation_programming', 'practice_spring', 'lecture_jpa', 'practice_jpa', 'practice_spring_2tiers', 'web_architecture_home', 'lecture_technical_architecture', 'lecture_software_architecture', 'web_architecture_home', 'lecture_mvc_spring', 'practice_spring_2tiers', 'lecture_technical_architecture', 'lecture_software_architecture', 'practice_jpa', 'lecture_jpa', 'technical_environment_home', 'documentation_docker', 'practice_docker', 'documentation_programming', 'practice_spring', 'practice_postgresql', 'practice_sql', 'activity_sql']",7.93,failure,"[69, 12, 42, 51, 43, 69, 43, 42, 15, 14, 51, 69, 42, 13, 16, 68, 16, 53, 69, 70, 34, 69, 33, 28, 25, 48, 66, 13, 70, 34, 42, 48, 69, 42, 70, 48, 25, 69, 42, 70, 48, 20, 37, 60, 54, 28, 25, 54, 70, 48, 70, 54, 48, 32, 18, 8, 18, 8, 32, 27, 17, 69, 53, 51, 70, 35, 58, 69, 42, 70, 34, 33, 28, 25, 48, 54, 51, 70, 28, 25, 34, 69, 70, 54, 34, 33, 42, 70, 29, 69, 70, 13, 53, 25, 48, 54, 70, 34, 33, 70, 28, 54, 34, 33, 48, 25, 69, 12, 42, 13, 53, 51, 56, 10]"
2438,"['technical_environment_home', 'prerequisite_techenv', 'technical_environment_home', 'documentation_programming', 'practice_spring', 'documentation_docker', 'practice_docker', 'practice_postgresql', 'practice_docker', 'technical_environment_home', 'prerequisite_techenv', 'documentation_si', 'documentation_rdbms', 'practice_spring', 'technical_environment_home', 'web_architecture_home', 'prerequisite_archiweb', 'practice_json', 'technical_environment_home', 'web_architecture_home', 'prerequisite_archiweb', 'practice_json', 'lecture_json', 'lecture_software_architecture', 'lecture_mvc_spring', 'practice_spring_2tiers', 'web_architecture_home', 'prerequisite_archiweb', 'practice_spring_2tiers', 'web_architecture_home', 'prerequisite_archiweb', 'lecture_jpa', 'practice_jpa', 'technical_environment_home', 'prerequisite_techenv', 'web_architecture_home', 'prerequisite_archiweb', 'practice_jpa', 'lecture_jpa', 'prerequisite_data', 'web_architecture_home', 'prerequisite_archiweb', 'practice_jpa_advanced', 'practice_jpa', 'practice_spring_2tiers', 'activity_relational_model', 'activity_conceptual_modeling', 'lecture_conceptual_modeling', 'activity_normalization', 'activity_normalization_correction', 'activity_relational_model', 'activity_sql', 'practice_sql', 'technical_environment_home', 'web_architecture_home', 'prerequisite_archiweb', 'lecture_software_architecture', 'lecture_mvc_spring', 'practice_spring_2tiers', 'lecture_jpa', 'practice_spring_2tiers_ext', 'technical_environment_home', 'documentation_docker', 'practice_docker', 'practice_docker_advanced', 'documentation_programming', 'practice_spring', 'web_architecture_home', 'lecture_technical_architecture', 'lecture_software_architecture', 'lecture_mvc_spring', 'lecture_jpa', 'practice_jpa', 'prerequisite_data', 'lecture_conceptual_modeling', 'lecture_modeling_normalization', 'lecture_normalization', 'technical_environment_home', 'web_architecture_home', 'prerequisite_archiweb', 'lecture_dto', 'lecture_xml', 'practice_xml', 'lecture_json', 'practice_json', 'lecture_software_architecture', 'prerequisite_data', 'lecture_normalization', 'activity_conceptual_modeling', 'activity_normalization', 'activity_decomposition', 'prerequisite_archiweb', 'practice_jpa', 'web_architecture_home', 'prerequisite_archiweb', 'lecture_jpa', 'practice_jpa_advanced', 'practice_jpa', 'web_architecture_home', 'technical_environment_home', 'practice_docker', 'documentation_docker', 'documentation_si', 'documentation_programming', 'practice_spring', 'inversion_of_control', 'spring_bean', 'documentation_rdbms', 'practice_postgresql', 'lecture_relational_model', 'lecture_db_integrity', 'activity_relational_model', 'lecture_relational_algebra', 'activity_decomposition', 'activity_conceptual_modeling_advanced', 'activity_conceptual_modeling', 'lecture_independence_views', 'lecture_normalization']",17.43,success,"[69, 66, 69, 13, 53, 12, 42, 51, 42, 69, 66, 15, 14, 53, 69, 70, 62, 50, 69, 70, 62, 50, 26, 33, 28, 54, 70, 62, 54, 70, 62, 25, 48, 69, 66, 70, 62, 48, 25, 64, 70, 62, 49, 48, 54, 8, 0, 17, 6, 7, 8, 10, 56, 69, 70, 62, 33, 28, 54, 25, 55, 69, 12, 42, 43, 13, 53, 70, 34, 33, 28, 25, 48, 64, 17, 27, 29, 69, 70, 62, 20, 37, 60, 26, 50, 33, 64, 29, 0, 6, 4, 62, 48, 70, 62, 25, 49, 48, 70, 69, 42, 12, 15, 13, 53, 16, 68, 14, 51, 32, 18, 8, 31, 4, 1, 0, 21, 29]"
2439,"['technical_environment_home', 'prerequisite_techenv', 'documentation_docker', 'web_architecture_home', 'technical_environment_home', 'documentation_docker', 'practice_docker', 'technical_environment_home', 'web_architecture_home', 'documentation_docker', 'practice_docker', 'practice_postgresql', 'practice_docker_advanced', 'technical_environment_home', 'prerequisite_techenv', 'documentation_programming', 'practice_spring', 'practice_docker', 'practice_spring', 'technical_environment_home', 'practice_spring', 'practice_docker', 'practice_spring', 'web_architecture_home', 'practice_spring', 'practice_postgresql', 'practice_spring', 'documentation_si', 'documentation_rdbms', 'practice_postgresql', 'technical_environment_home', 'practice_spring', 'lecture_relational_model', 'lecture_db_integrity', 'activity_relational_model', 'activity_relational_model_correction', 'lecture_modeling_normalization', 'lecture_conceptual_modeling', 'activity_conceptual_modeling', 'activity_conceptual_modeling_correction', 'lecture_normalization', 'activity_normalization', 'activity_normalization_correction', 'activity_decomposition', 'lecture_normalization', 'activity_normalization', 'activity_normalization_correction', 'activity_decomposition', 'activity_decomposition_correction', 'activity_sql', 'practice_sql', 'web_architecture_home', 'practice_sql_correction', 'lecture_transaction', 'practice_transaction', 'practice_transaction_correction', 'practice_transaction', 'lecture_technical_architecture', 'lecture_software_architecture', 'lecture_mvc_spring', 'web_architecture_home', 'lecture_technical_architecture', 'lecture_software_architecture', 'lecture_mvc_spring', 'lecture_dto', 'lecture_json', 'practice_json', 'lecture_xml', 'prerequisite_data', 'activity_sql', 'practice_transaction', 'lecture_transaction', 'activity_relational_model', 'prerequisite_data', 'lecture_normalization', 'web_architecture_home', 'lecture_technical_architecture', 'lecture_software_architecture', 'lecture_xml', 'lecture_normalization', 'web_architecture_home', 'lecture_mvc_spring', 'web_architecture_home', 'lecture_jpa', 'prerequisite_archiweb', 'practice_jpa_advanced', 'lecture_xpath', 'lecture_validity', 'technical_environment_home', 'prerequisite_techenv', 'documentation_si', 'documentation_rdbms', 'web_architecture_home', 'prerequisite_archiweb', 'practice_spring_2tiers', 'technical_environment_home', 'documentation_si', 'inversion_of_control', 'web_architecture_home', 'prerequisite_data', 'lecture_independence_views', 'prerequisite_data', 'activity_conceptual_modeling_advanced', 'web_architecture_home', 'practice_jpa_advanced', 'practice_spring_2tiers', 'lecture_normalization', 'lecture_conceptual_modeling', 'lecture_relational_model', 'activity_relational_model', 'activity_relational_model_correction', 'lecture_conceptual_modeling', 'lecture_modeling_normalization', 'lecture_normalization', 'lecture_conceptual_modeling', 'technical_environment_home', 'documentation_docker', 'technical_environment_home', 'web_architecture_home', 'lecture_technical_architecture', 'lecture_software_architecture', 'lecture_modeling_normalization', 'practice_docker', 'lecture_conceptual_modeling', 'lecture_relational_model', 'documentation_si', 'documentation_rdbms', 'lecture_mvc_spring', 'practice_spring', 'practice_postgresql', 'technical_environment_home', 'lecture_technical_architecture', 'lecture_db_integrity', 'lecture_normalization', 'prerequisite_techenv', 'documentation_docker', 'lecture_software_architecture', 'lecture_xml', 'lecture_validity', 'lecture_dto']",5.688,failure,"[69, 66, 12, 70, 69, 12, 42, 69, 70, 12, 42, 51, 43, 69, 66, 13, 53, 42, 53, 69, 53, 42, 53, 70, 53, 51, 53, 15, 14, 51, 69, 53, 32, 18, 8, 9, 27, 17, 0, 3, 29, 6, 7, 4, 29, 6, 7, 4, 5, 10, 56, 70, 57, 35, 58, 59, 58, 34, 33, 28, 70, 34, 33, 28, 20, 26, 50, 37, 64, 10, 58, 35, 8, 64, 29, 70, 34, 33, 37, 29, 70, 28, 70, 25, 62, 49, 38, 36, 69, 66, 15, 14, 70, 62, 54, 69, 15, 16, 70, 64, 21, 64, 1, 70, 49, 54, 29, 17, 32, 8, 9, 17, 27, 29, 17, 69, 12, 69, 70, 34, 33, 27, 42, 17, 32, 15, 14, 28, 53, 51, 69, 34, 18, 29, 66, 12, 33, 37, 36, 20]"
2440,"['technical_environment_home', 'prerequisite_techenv', 'documentation_docker', 'practice_docker', 'technical_environment_home', 'prerequisite_techenv', 'documentation_programming', 'inversion_of_control', 'prerequisite_techenv', 'technical_environment_home', 'prerequisite_techenv', 'documentation_programming', 'technical_environment_home', 'practice_spring', 'technical_environment_home', 'prerequisite_techenv', 'practice_postgresql', 'practice_docker', 'practice_spring', 'technical_environment_home', 'prerequisite_techenv', 'practice_postgresql', 'practice_docker', 'technical_environment_home', 'prerequisite_techenv', 'practice_postgresql', 'web_architecture_home', 'prerequisite_archiweb', 'lecture_technical_architecture', 'lecture_software_architecture', 'lecture_mvc_spring', 'prerequisite_techenv', 'practice_spring', 'lecture_jpa', 'lecture_mvc_spring', 'lecture_jpa', 'practice_jpa', 'technical_environment_home', 'web_architecture_home', 'prerequisite_archiweb', 'lecture_technical_architecture', 'practice_jpa', 'practice_spring_2tiers', 'technical_environment_home', 'web_architecture_home', 'prerequisite_archiweb', 'practice_spring_2tiers', 'lecture_dto', 'lecture_xml', 'lecture_validity', 'practice_xml', 'lecture_xpath', 'practice_xml', 'lecture_xml', 'lecture_validity', 'web_architecture_home', 'prerequisite_archiweb', 'lecture_json', 'lecture_dto', 'practice_json', 'technical_environment_home', 'web_architecture_home', 'prerequisite_archiweb', 'practice_json', 'lecture_json', 'practice_xml', 'prerequisite_data', 'lecture_relational_model', 'lecture_db_integrity', 'activity_relational_model', 'technical_environment_home', 'activity_relational_model', 'activity_relational_model_correction', 'prerequisite_data', 'activity_relational_model', 'lecture_modeling_normalization', 'lecture_conceptual_modeling', 'activity_conceptual_modeling', 'activity_conceptual_modeling_correction', 'prerequisite_data', 'activity_conceptual_modeling', 'activity_conceptual_modeling_correction', 'lecture_conceptual_modeling', 'lecture_normalization', 'activity_normalization', 'activity_normalization_correction', 'activity_decomposition', 'web_architecture_home', 'prerequisite_data', 'activity_decomposition', 'prerequisite_archiweb', 'activity_decomposition_correction', 'technical_environment_home', 'prerequisite_data', 'activity_sql', 'activity_sql_correction', 'practice_sql', 'lecture_transaction', 'practice_transaction', 'practice_transaction_correction', 'technical_environment_home', 'practice_transaction', 'lecture_conceptual_modeling', 'activity_conceptual_modeling', 'lecture_normalization', 'activity_normalization', 'activity_normalization_correction', 'lecture_db_integrity', 'activity_relational_model', 'web_architecture_home', 'prerequisite_archiweb', 'lecture_json', 'practice_json', 'lecture_dto', 'lecture_xml', 'prerequisite_techenv', 'web_architecture_home', 'prerequisite_archiweb', 'lecture_technical_architecture', 'lecture_software_architecture', 'lecture_mvc_spring', 'lecture_jpa', 'practice_jpa', 'practice_spring_2tiers', 'lecture_dto', 'lecture_xml', 'lecture_validity', 'practice_xml', 'lecture_json', 'practice_json', 'prerequisite_data', 'lecture_relational_model', 'lecture_db_integrity', 'activity_relational_model', 'lecture_modeling_normalization', 'lecture_conceptual_modeling', 'activity_conceptual_modeling', 'activity_decomposition', 'activity_decomposition_correction', 'activity_sql', 'activity_sql_correction', 'practice_sql', 'lecture_transaction', 'practice_transaction', 'technical_environment_home', 'activity_sql', 'practice_xml', 'lecture_transaction', 'practice_transaction', 'lecture_mvc_spring', 'lecture_relational_algebra', 'technical_environment_home', 'prerequisite_techenv', 'documentation_si', 'inversion_of_control', 'web_architecture_home', 'spring_bean', 'documentation_rdbms', 'practice_docker_advanced', 'prerequisite_archiweb', 'practice_jpa_advanced', 'technical_environment_home', 'prerequisite_data', 'lecture_normalization', 'lecture_conceptual_modeling', 'lecture_independence_views', 'activity_conceptual_modeling', 'activity_conceptual_modeling_advanced', 'activity_normalization', 'activity_decomposition', 'lecture_relational_algebra', 'lecture_isolation', 'lecture_indexation', 'practice_isolation', 'practice_indexation', 'web_architecture_home', 'prerequisite_archiweb', 'practice_jpa_advanced', 'technical_environment_home', 'web_architecture_home', 'prerequisite_archiweb', 'practice_spring_2tiers_ext', 'web_architecture_home', 'prerequisite_archiweb', 'lecture_technical_architecture', 'lecture_software_architecture', 'practice_spring_2tiers', 'technical_environment_home', 'prerequisite_data', 'lecture_conceptual_modeling', 'lecture_modeling_normalization', 'lecture_normalization', 'activity_conceptual_modeling', 'activity_normalization', 'technical_environment_home']",10.96,failure,"[69, 66, 12, 42, 69, 66, 13, 16, 66, 69, 66, 13, 69, 53, 69, 66, 51, 42, 53, 69, 66, 51, 42, 69, 66, 51, 70, 62, 34, 33, 28, 66, 53, 25, 28, 25, 48, 69, 70, 62, 34, 48, 54, 69, 70, 62, 54, 20, 37, 36, 60, 38, 60, 37, 36, 70, 62, 26, 20, 50, 69, 70, 62, 50, 26, 60, 64, 32, 18, 8, 69, 8, 9, 64, 8, 27, 17, 0, 3, 64, 0, 3, 17, 29, 6, 7, 4, 70, 64, 4, 62, 5, 69, 64, 10, 11, 56, 35, 58, 59, 69, 58, 17, 0, 29, 6, 7, 18, 8, 70, 62, 26, 50, 20, 37, 66, 70, 62, 34, 33, 28, 25, 48, 54, 20, 37, 36, 60, 26, 50, 64, 32, 18, 8, 27, 17, 0, 4, 5, 10, 11, 56, 35, 58, 69, 10, 60, 35, 58, 28, 31, 69, 66, 15, 16, 70, 68, 14, 43, 62, 49, 69, 64, 29, 17, 21, 0, 1, 6, 4, 31, 23, 22, 47, 46, 70, 62, 49, 69, 70, 62, 55, 70, 62, 34, 33, 54, 69, 64, 17, 27, 29, 0, 6, 69]"
2441,"['technical_environment_home', 'documentation_docker', 'practice_docker', 'technical_environment_home', 'practice_docker', 'practice_postgresql', 'practice_spring', 'practice_postgresql', 'documentation_si', 'documentation_programming', 'inversion_of_control', 'spring_bean', 'web_architecture_home', 'lecture_technical_architecture', 'practice_spring_2tiers', 'web_architecture_home', 'lecture_technical_architecture', 'lecture_software_architecture', 'lecture_mvc_spring', 'practice_jpa', 'technical_environment_home', 'practice_docker', 'lecture_jpa', 'web_architecture_home', 'practice_jpa_advanced', 'web_architecture_home', 'practice_spring_2tiers', 'practice_jpa', 'practice_jpa_advanced', 'web_architecture_home', 'practice_spring_2tiers', 'lecture_dto', 'lecture_xml', 'practice_xml', 'lecture_jaxb', 'practice_jpa', 'web_architecture_home', 'practice_spring_2tiers', 'practice_jpa', 'lecture_xml', 'practice_xml', 'lecture_dto', 'lecture_json', 'activity_relational_model', 'activity_conceptual_modeling', 'practice_sql', 'practice_json', 'practice_apis', 'practice_json', 'practice_jpa', 'lecture_technical_architecture', 'practice_schema_xml', 'practice_json', 'web_architecture_home', 'practice_xml', 'lecture_json', 'practice_json', 'lecture_relational_model', 'lecture_db_integrity', 'activity_relational_model', 'lecture_modeling_normalization', 'lecture_conceptual_modeling', 'technical_environment_home', 'practice_sql', 'lecture_modeling_normalization', 'lecture_relational_model', 'technical_environment_home', 'web_architecture_home', 'lecture_technical_architecture', 'lecture_software_architecture', 'lecture_mvc_spring', 'web_architecture_home', 'practice_jpa', 'lecture_xml', 'lecture_dto', 'practice_xml', 'practice_json', 'practice_jpa', 'lecture_dto', 'practice_xml', 'activity_relational_model', 'activity_conceptual_modeling', 'activity_normalization', 'web_architecture_home', 'practice_spring_2tiers', 'practice_jpa', 'web_architecture_home', 'lecture_jpa', 'practice_spring_2tiers', 'lecture_normalization']",8.72,failure,"[69, 12, 42, 69, 42, 51, 53, 51, 15, 13, 16, 68, 70, 34, 54, 70, 34, 33, 28, 48, 69, 42, 25, 70, 49, 70, 54, 48, 49, 70, 54, 20, 37, 60, 24, 48, 70, 54, 48, 37, 60, 20, 26, 8, 0, 56, 50, 41, 50, 48, 34, 52, 50, 70, 60, 26, 50, 32, 18, 8, 27, 17, 69, 56, 27, 32, 69, 70, 34, 33, 28, 70, 48, 37, 20, 60, 50, 48, 20, 60, 8, 0, 6, 70, 54, 48, 70, 25, 54, 29]"
2442,"['technical_environment_home', 'prerequisite_techenv', 'documentation_docker', 'practice_docker', 'practice_postgresql', 'documentation_programming', 'practice_spring', 'technical_environment_home', 'prerequisite_techenv', 'practice_spring', 'web_architecture_home', 'prerequisite_archiweb', 'lecture_technical_architecture', 'web_architecture_home', 'lecture_software_architecture', 'lecture_mvc_spring', 'practice_spring_2tiers', 'technical_environment_home', 'documentation_programming', 'practice_spring', 'practice_docker', 'web_architecture_home', 'prerequisite_archiweb', 'practice_spring_2tiers', 'technical_environment_home', 'prerequisite_techenv', 'practice_docker', 'web_architecture_home', 'prerequisite_archiweb', 'practice_spring_2tiers', 'lecture_jpa', 'practice_jpa', 'web_architecture_home', 'prerequisite_archiweb', 'practice_jpa', 'lecture_dto', 'lecture_xml', 'lecture_validity', 'practice_xml', 'web_architecture_home', 'prerequisite_archiweb', 'practice_xml', 'lecture_json', 'practice_json', 'lecture_dto', 'prerequisite_data', 'lecture_relational_model', 'lecture_db_integrity', 'activity_relational_model', 'web_architecture_home', 'prerequisite_archiweb', 'prerequisite_data', 'activity_relational_model', 'activity_relational_model_correction', 'lecture_modeling_normalization', 'lecture_conceptual_modeling', 'activity_conceptual_modeling', 'activity_conceptual_modeling_correction', 'lecture_normalization', 'activity_normalization', 'activity_normalization_correction', 'prerequisite_data', 'web_architecture_home', 'prerequisite_archiweb', 'activity_sql', 'technical_environment_home', 'practice_postgresql', 'activity_sql_correction', 'activity_conceptual_modeling', 'practice_jpa', 'practice_sql', 'practice_sql_correction', 'web_architecture_home', 'prerequisite_archiweb', 'lecture_technical_architecture', 'lecture_software_architecture', 'lecture_mvc_spring', 'lecture_jpa', 'lecture_xml', 'lecture_validity', 'lecture_json', 'practice_xml', 'prerequisite_data', 'lecture_relational_model', 'lecture_db_integrity', 'lecture_modeling_normalization', 'lecture_conceptual_modeling', 'lecture_normalization', 'activity_decomposition', 'activity_decomposition_correction', 'activity_sql', 'lecture_transaction', 'practice_transaction', 'activity_normalization', 'activity_normalization_correction', 'prerequisite_data', 'lecture_conceptual_modeling', 'practice_sql', 'practice_sql_correction', 'web_architecture_home', 'prerequisite_archiweb', 'prerequisite_data', 'activity_conceptual_modeling', 'lecture_conceptual_modeling', 'activity_conceptual_modeling_correction', 'practice_transaction', 'lecture_transaction', 'activity_sql', 'lecture_technical_architecture', 'lecture_modeling_normalization', 'technical_environment_home', 'lecture_independence_views', 'practice_independence_views', 'web_architecture_home', 'prerequisite_archiweb', 'prerequisite_data', 'practice_jpa_advanced', 'web_architecture_home', 'prerequisite_archiweb', 'practice_spring_2tiers_ext', 'technical_environment_home', 'prerequisite_data', 'lecture_normalization', 'activity_normalization', 'activity_decomposition', 'lecture_independence_views']",13.472,success,"[69, 66, 12, 42, 51, 13, 53, 69, 66, 53, 70, 62, 34, 70, 33, 28, 54, 69, 13, 53, 42, 70, 62, 54, 69, 66, 42, 70, 62, 54, 25, 48, 70, 62, 48, 20, 37, 36, 60, 70, 62, 60, 26, 50, 20, 64, 32, 18, 8, 70, 62, 64, 8, 9, 27, 17, 0, 3, 29, 6, 7, 64, 70, 62, 10, 69, 51, 11, 0, 48, 56, 57, 70, 62, 34, 33, 28, 25, 37, 36, 26, 60, 64, 32, 18, 27, 17, 29, 4, 5, 10, 35, 58, 6, 7, 64, 17, 56, 57, 70, 62, 64, 0, 17, 3, 58, 35, 10, 34, 27, 69, 21, 44, 70, 62, 64, 49, 70, 62, 55, 69, 64, 29, 6, 4, 21]"
2443,"['technical_environment_home', 'documentation_docker', 'practice_docker', 'practice_docker_advanced', 'documentation_si', 'documentation_rdbms', 'practice_postgresql', 'documentation_programming', 'inversion_of_control', 'spring_bean', 'practice_spring', 'web_architecture_home', 'lecture_mvc_spring', 'lecture_transaction', 'technical_environment_home', 'web_architecture_home', 'lecture_technical_architecture', 'lecture_software_architecture', 'lecture_mvc_spring', 'technical_environment_home', 'practice_docker', 'technical_environment_home', 'practice_docker', 'web_architecture_home', 'lecture_relational_model', 'lecture_transaction', 'lecture_isolation', 'lecture_mvc_spring', 'lecture_jpa', 'practice_jpa', 'practice_spring', 'practice_spring_2tiers', 'web_architecture_home', 'practice_spring_2tiers', 'prerequisite_data', 'lecture_conceptual_modeling', 'lecture_normalization', 'lecture_conceptual_modeling', 'activity_conceptual_modeling', 'activity_conceptual_modeling_correction', 'lecture_normalization', 'activity_normalization', 'activity_normalization_correction', 'activity_normalization', 'activity_decomposition', 'activity_normalization_correction', 'activity_normalization', 'activity_decomposition', 'technical_environment_home', 'lecture_transaction', 'practice_transaction', 'technical_environment_home', 'documentation_programming', 'practice_spring', 'lecture_db_tools', 'web_architecture_home', 'lecture_xml', 'lecture_jaxb', 'practice_xml', 'lecture_json', 'technical_environment_home', 'web_architecture_home', 'prerequisite_archiweb', 'prerequisite_data', 'lecture_conceptual_modeling', 'activity_conceptual_modeling', 'lecture_normalization', 'activity_normalization', 'activity_normalization_correction', 'technical_environment_home', 'documentation_si', 'practice_postgresql', 'documentation_rdbms', 'prerequisite_data', 'lecture_conceptual_modeling', 'technical_environment_home', 'documentation_programming', 'inversion_of_control', 'prerequisite_techenv', 'documentation_docker', 'practice_spring', 'practice_docker', 'technical_environment_home', 'lecture_db_tools', 'activity_relational_model', 'activity_decomposition', 'activity_normalization', 'lecture_normalization', 'web_architecture_home', 'practice_jpa', 'practice_jpa_advanced', 'web_architecture_home', 'practice_spring_2tiers_ext', 'technical_environment_home', 'documentation_docker', 'practice_docker', 'technical_environment_home', 'documentation_docker', 'practice_docker', 'web_architecture_home', 'lecture_software_architecture', 'practice_spring_2tiers_ext', 'technical_environment_home', 'practice_docker_advanced', 'practice_docker', 'practice_docker_advanced', 'practice_docker', 'lecture_mvc_spring', 'lecture_normalization', 'activity_normalization', 'activity_decomposition', 'activity_normalization', 'activity_normalization_correction', 'lecture_conceptual_modeling', 'lecture_normalization']",12.74,success,"[69, 12, 42, 43, 15, 14, 51, 13, 16, 68, 53, 70, 28, 35, 69, 70, 34, 33, 28, 69, 42, 69, 42, 70, 32, 35, 23, 28, 25, 48, 53, 54, 70, 54, 64, 17, 29, 17, 0, 3, 29, 6, 7, 6, 4, 7, 6, 4, 69, 35, 58, 69, 13, 53, 19, 70, 37, 24, 60, 26, 69, 70, 62, 64, 17, 0, 29, 6, 7, 69, 15, 51, 14, 64, 17, 69, 13, 16, 66, 12, 53, 42, 69, 19, 8, 4, 6, 29, 70, 48, 49, 70, 55, 69, 12, 42, 69, 12, 42, 70, 33, 55, 69, 43, 42, 43, 42, 28, 29, 6, 4, 6, 7, 17, 29]"
2444,"['technical_environment_home', 'documentation_docker', 'practice_docker', 'practice_postgresql', 'documentation_programming', 'practice_spring', 'technical_environment_home', 'practice_spring', 'technical_environment_home', 'documentation_docker', 'practice_docker', 'documentation_si', 'documentation_rdbms', 'documentation_programming', 'inversion_of_control', 'spring_bean', 'practice_spring', 'practice_postgresql', 'technical_environment_home', 'web_architecture_home', 'technical_environment_home', 'lecture_relational_model', 'lecture_db_integrity', 'lecture_relational_algebra', 'activity_relational_model', 'lecture_modeling_normalization', 'lecture_conceptual_modeling', 'lecture_normalization', 'web_architecture_home', 'lecture_modeling_normalization', 'lecture_conceptual_modeling', 'lecture_normalization', 'activity_conceptual_modeling', 'activity_conceptual_modeling_correction', 'activity_conceptual_modeling', 'activity_normalization', 'activity_decomposition', 'activity_normalization', 'activity_sql', 'activity_decomposition', 'activity_sql', 'activity_sql_correction', 'practice_sql', 'web_architecture_home', 'practice_sql', 'technical_environment_home', 'practice_docker', 'practice_postgresql', 'activity_sql', 'practice_sql', 'prerequisite_data', 'lecture_normalization', 'activity_sql_correction', 'practice_sql_correction', 'lecture_transaction', 'practice_sql', 'lecture_transaction', 'practice_transaction', 'practice_transaction_correction', 'web_architecture_home', 'lecture_technical_architecture', 'technical_environment_home', 'web_architecture_home', 'lecture_technical_architecture', 'web_architecture_home', 'lecture_mvc_spring', 'lecture_technical_architecture', 'lecture_software_architecture', 'practice_jpa', 'lecture_jpa', 'web_architecture_home', 'lecture_jpa', 'lecture_mvc_spring', 'practice_jpa', 'lecture_technical_architecture', 'lecture_software_architecture', 'technical_environment_home', 'web_architecture_home', 'lecture_jpa', 'practice_jpa', 'technical_environment_home', 'practice_docker', 'documentation_programming', 'practice_spring', 'practice_spring_2tiers', 'lecture_mvc_spring', 'practice_jpa_advanced', 'technical_environment_home', 'lecture_normalization']",12.64,success,"[69, 12, 42, 51, 13, 53, 69, 53, 69, 12, 42, 15, 14, 13, 16, 68, 53, 51, 69, 70, 69, 32, 18, 31, 8, 27, 17, 29, 70, 27, 17, 29, 0, 3, 0, 6, 4, 6, 10, 4, 10, 11, 56, 70, 56, 69, 42, 51, 10, 56, 64, 29, 11, 57, 35, 56, 35, 58, 59, 70, 34, 69, 70, 34, 70, 28, 34, 33, 48, 25, 70, 25, 28, 48, 34, 33, 69, 70, 25, 48, 69, 42, 13, 53, 54, 28, 49, 69, 29]"
2445,"['technical_environment_home', 'prerequisite_techenv', 'technical_environment_home', 'web_architecture_home', 'documentation_docker', 'practice_docker', 'technical_environment_home', 'documentation_docker', 'practice_docker', 'practice_docker_advanced', 'documentation_si', 'documentation_rdbms', 'practice_postgresql', 'documentation_programming', 'inversion_of_control', 'spring_bean', 'practice_spring', 'technical_environment_home', 'practice_spring', 'documentation_programming', 'documentation_docker', 'web_architecture_home', 'lecture_relational_model', 'lecture_db_integrity', 'activity_relational_model', 'activity_relational_model_correction', 'lecture_normalization', 'activity_conceptual_modeling', 'activity_normalization', 'activity_sql', 'practice_sql', 'lecture_transaction', 'web_architecture_home', 'lecture_technical_architecture', 'lecture_software_architecture', 'lecture_mvc_spring', 'practice_jpa', 'web_architecture_home', 'lecture_jpa', 'web_architecture_home', 'practice_jpa', 'web_architecture_home', 'practice_jpa', 'web_architecture_home', 'practice_jpa', 'practice_spring_2tiers', 'lecture_dto', 'lecture_xml', 'practice_xml', 'lecture_normalization', 'lecture_conceptual_modeling', 'lecture_normalization', 'web_architecture_home', 'lecture_json', 'practice_json', 'practice_spring_2tiers', 'web_architecture_home', 'practice_jpa', 'web_architecture_home', 'prerequisite_archiweb', 'practice_spring_2tiers', 'practice_jpa', 'web_architecture_home', 'practice_spring_2tiers', 'web_architecture_home', 'practice_spring_2tiers', 'web_architecture_home', 'practice_spring_2tiers', 'web_architecture_home', 'practice_spring_2tiers', 'activity_normalization', 'activity_decomposition', 'lecture_normalization']",9.91,failure,"[69, 66, 69, 70, 12, 42, 69, 12, 42, 43, 15, 14, 51, 13, 16, 68, 53, 69, 53, 13, 12, 70, 32, 18, 8, 9, 29, 0, 6, 10, 56, 35, 70, 34, 33, 28, 48, 70, 25, 70, 48, 70, 48, 70, 48, 54, 20, 37, 60, 29, 17, 29, 70, 26, 50, 54, 70, 48, 70, 62, 54, 48, 70, 54, 70, 54, 70, 54, 70, 54, 6, 4, 29]"
2446,"['prerequisite_data', 'technical_environment_home', 'documentation_docker', 'practice_docker', 'practice_postgresql', 'practice_docker_advanced', 'practice_postgresql', 'documentation_programming', 'inversion_of_control', 'technical_environment_home', 'documentation_docker', 'practice_docker', 'documentation_programming', 'practice_spring', 'documentation_programming', 'practice_spring', 'inversion_of_control', 'spring_bean', 'web_architecture_home', 'lecture_technical_architecture', 'lecture_software_architecture', 'lecture_mvc_spring', 'lecture_technical_architecture', 'lecture_mvc_spring', 'lecture_jpa', 'practice_jpa', 'lecture_jpa', 'lecture_mvc_spring', 'web_architecture_home', 'prerequisite_archiweb', 'lecture_technical_architecture', 'lecture_software_architecture', 'practice_jpa', 'practice_spring_2tiers', 'technical_environment_home', 'web_architecture_home', 'technical_environment_home', 'practice_spring', 'lecture_technical_architecture', 'web_architecture_home', 'prerequisite_archiweb', 'lecture_technical_architecture', 'lecture_software_architecture', 'lecture_mvc_spring', 'lecture_jpa', 'technical_environment_home', 'web_architecture_home', 'practice_jpa', 'prerequisite_archiweb', 'lecture_mvc_spring', 'lecture_software_architecture', 'lecture_technical_architecture', 'practice_spring_2tiers', 'lecture_jpa', 'practice_jpa', 'web_architecture_home', 'practice_spring_2tiers', 'lecture_jpa', 'practice_jpa', 'web_architecture_home', 'practice_jpa', 'lecture_jpa', 'prerequisite_archiweb', 'lecture_dto', 'lecture_xml', 'lecture_validity', 'practice_xml', 'prerequisite_archiweb', 'practice_xml', 'lecture_json', 'practice_json', 'prerequisite_data', 'lecture_relational_model', 'lecture_db_integrity', 'activity_relational_model', 'web_architecture_home', 'prerequisite_data', 'lecture_relational_model', 'prerequisite_data', 'lecture_relational_model', 'activity_relational_model', 'activity_relational_model_correction', 'lecture_modeling_normalization', 'lecture_db_integrity', 'lecture_conceptual_modeling', 'activity_conceptual_modeling', 'prerequisite_data', 'activity_conceptual_modeling', 'activity_normalization', 'prerequisite_data', 'activity_normalization', 'lecture_conceptual_modeling', 'lecture_normalization', 'lecture_relational_model', 'lecture_db_integrity', 'lecture_relational_algebra', 'activity_relational_model', 'lecture_modeling_normalization', 'lecture_conceptual_modeling', 'lecture_normalization', 'activity_conceptual_modeling', 'activity_normalization', 'activity_decomposition', 'web_architecture_home', 'lecture_technical_architecture', 'lecture_software_architecture', 'lecture_mvc_spring', 'lecture_xml', 'lecture_dto', 'practice_xml', 'lecture_jpa', 'activity_sql', 'practice_sql', 'lecture_normalization', 'activity_sql', 'lecture_normalization', 'activity_sql', 'web_architecture_home', 'lecture_jpa', 'practice_jpa', 'lecture_mvc_spring', 'lecture_relational_model', 'lecture_conceptual_modeling', 'lecture_software_architecture', 'lecture_technical_architecture', 'activity_decomposition', 'practice_transaction', 'lecture_transaction', 'lecture_mvc_spring', 'lecture_transaction', 'practice_transaction', 'documentation_rdbms', 'practice_transaction_correction', 'prerequisite_data', 'activity_sql', 'technical_environment_home', 'activity_sql', 'activity_sql_correction', 'practice_sql', 'practice_sql_correction', 'lecture_conceptual_modeling', 'technical_environment_home', 'web_architecture_home', 'lecture_relational_model', 'lecture_db_integrity', 'activity_relational_model', 'lecture_modeling_normalization', 'lecture_normalization', 'lecture_conceptual_modeling', 'lecture_modeling_normalization', 'lecture_normalization']",10.56,failure,"[64, 69, 12, 42, 51, 43, 51, 13, 16, 69, 12, 42, 13, 53, 13, 53, 16, 68, 70, 34, 33, 28, 34, 28, 25, 48, 25, 28, 70, 62, 34, 33, 48, 54, 69, 70, 69, 53, 34, 70, 62, 34, 33, 28, 25, 69, 70, 48, 62, 28, 33, 34, 54, 25, 48, 70, 54, 25, 48, 70, 48, 25, 62, 20, 37, 36, 60, 62, 60, 26, 50, 64, 32, 18, 8, 70, 64, 32, 64, 32, 8, 9, 27, 18, 17, 0, 64, 0, 6, 64, 6, 17, 29, 32, 18, 31, 8, 27, 17, 29, 0, 6, 4, 70, 34, 33, 28, 37, 20, 60, 25, 10, 56, 29, 10, 29, 10, 70, 25, 48, 28, 32, 17, 33, 34, 4, 58, 35, 28, 35, 58, 14, 59, 64, 10, 69, 10, 11, 56, 57, 17, 69, 70, 32, 18, 8, 27, 29, 17, 27, 29]"
2447,"['technical_environment_home', 'documentation_docker', 'practice_docker', 'practice_docker_advanced', 'practice_postgresql', 'documentation_si', 'documentation_rdbms', 'lecture_relational_model', 'technical_environment_home', 'documentation_programming', 'practice_spring', 'web_architecture_home', 'practice_xml', 'lecture_validity', 'prerequisite_data', 'lecture_relational_model', 'lecture_modeling_normalization', 'lecture_conceptual_modeling', 'activity_conceptual_modeling', 'technical_environment_home', 'documentation_programming', 'practice_spring', 'technical_environment_home', 'prerequisite_techenv', 'documentation_rdbms', 'documentation_si', 'practice_postgresql']",12.7,success,"[69, 12, 42, 43, 51, 15, 14, 32, 69, 13, 53, 70, 60, 36, 64, 32, 27, 17, 0, 69, 13, 53, 69, 66, 14, 15, 51]"
2449,"['technical_environment_home', 'documentation_docker', 'documentation_programming', 'practice_docker', 'practice_docker_advanced', 'documentation_si', 'practice_postgresql', 'documentation_programming', 'inversion_of_control', 'practice_spring', 'documentation_si', 'web_architecture_home', 'lecture_relational_model', 'lecture_db_integrity', 'lecture_relational_algebra', 'lecture_relational_model', 'lecture_db_integrity', 'lecture_relational_algebra', 'activity_relational_model', 'lecture_modeling_normalization', 'lecture_conceptual_modeling', 'lecture_modeling_normalization', 'activity_sql', 'prerequisite_data', 'activity_conceptual_modeling', 'web_architecture_home', 'lecture_transaction', 'web_architecture_home', 'practice_spring_2tiers_ext', 'practice_spring_2tiers', 'technical_environment_home', 'practice_docker_advanced', 'documentation_programming', 'practice_spring', 'web_architecture_home', 'practice_jpa_advanced', 'practice_jpa', 'web_architecture_home', 'technical_environment_home', 'practice_postgresql', 'documentation_docker']",15.1,success,"[69, 12, 13, 42, 43, 15, 51, 13, 16, 53, 15, 70, 32, 18, 31, 32, 18, 31, 8, 27, 17, 27, 10, 64, 0, 70, 35, 70, 55, 54, 69, 43, 13, 53, 70, 49, 48, 70, 69, 51, 12]"
245,"['technical_environment_home', 'prerequisite_techenv', 'documentation_docker', 'practice_docker', 'documentation_programming', 'practice_spring', 'technical_environment_home', 'practice_spring', 'technical_environment_home', 'prerequisite_techenv', 'documentation_programming', 'practice_spring', 'practice_postgresql', 'practice_docker', 'prerequisite_data', 'lecture_relational_model', 'lecture_db_integrity', 'activity_sql', 'lecture_relational_algebra', 'activity_sql', 'activity_sql_correction', 'practice_sql', 'practice_postgresql', 'practice_sql', 'prerequisite_data', 'activity_sql', 'lecture_db_integrity', 'practice_sql_correction', 'lecture_modeling_normalization', 'lecture_conceptual_modeling', 'lecture_normalization', 'activity_conceptual_modeling', 'lecture_relational_model', 'lecture_db_integrity', 'lecture_relational_model', 'lecture_db_integrity', 'lecture_modeling_normalization', 'lecture_conceptual_modeling', 'lecture_normalization', 'activity_normalization', 'activity_conceptual_modeling_correction', 'activity_conceptual_modeling', 'activity_normalization', 'lecture_normalization', 'activity_normalization_correction', 'activity_decomposition', 'activity_decomposition_correction', 'lecture_transaction', 'practice_transaction', 'practice_transaction_correction', 'prerequisite_data', 'practice_transaction', 'web_architecture_home', 'prerequisite_archiweb', 'lecture_technical_architecture', 'lecture_software_architecture', 'lecture_mvc_spring', 'practice_spring_2tiers', 'prerequisite_archiweb', 'lecture_mvc_spring', 'practice_spring_2tiers', 'lecture_mvc_spring', 'prerequisite_archiweb', 'lecture_dto', 'lecture_xml', 'lecture_validity', 'practice_xml', 'web_architecture_home', 'prerequisite_archiweb', 'practice_xml', 'web_architecture_home', 'prerequisite_data', 'lecture_relational_model', 'lecture_db_integrity', 'lecture_modeling_normalization', 'lecture_conceptual_modeling', 'lecture_normalization', 'lecture_transaction', 'lecture_technical_architecture', 'lecture_mvc_spring', 'lecture_jpa', 'lecture_dto', 'lecture_json', 'practice_json', 'lecture_xml', 'lecture_validity', 'lecture_conceptual_modeling', 'activity_conceptual_modeling', 'prerequisite_data', 'lecture_independence_views', 'lecture_relational_algebra', 'activity_conceptual_modeling_advanced', 'activity_conceptual_modeling', 'activity_normalization', 'practice_independence_views', 'lecture_relational_model', 'practice_transaction', 'prerequisite_data', 'practice_transaction', 'practice_independence_views', 'web_architecture_home', 'prerequisite_archiweb', 'practice_jpa_advanced', 'practice_jpa', 'web_architecture_home', 'practice_spring_2tiers_ext', 'prerequisite_data', 'activity_relational_model', 'lecture_relational_model', 'lecture_db_integrity', 'lecture_modeling_normalization', 'lecture_conceptual_modeling', 'lecture_normalization', 'activity_conceptual_modeling', 'activity_normalization', 'prerequisite_data', 'lecture_normalization', 'activity_normalization']",10.5,failure,"[69, 66, 12, 42, 13, 53, 69, 53, 69, 66, 13, 53, 51, 42, 64, 32, 18, 10, 31, 10, 11, 56, 51, 56, 64, 10, 18, 57, 27, 17, 29, 0, 32, 18, 32, 18, 27, 17, 29, 6, 3, 0, 6, 29, 7, 4, 5, 35, 58, 59, 64, 58, 70, 62, 34, 33, 28, 54, 62, 28, 54, 28, 62, 20, 37, 36, 60, 70, 62, 60, 70, 64, 32, 18, 27, 17, 29, 35, 34, 28, 25, 20, 26, 50, 37, 36, 17, 0, 64, 21, 31, 1, 0, 6, 44, 32, 58, 64, 58, 44, 70, 62, 49, 48, 70, 55, 64, 8, 32, 18, 27, 17, 29, 0, 6, 64, 29, 6]"
246,"['technical_environment_home', 'prerequisite_techenv', 'web_architecture_home', 'technical_environment_home', 'prerequisite_techenv', 'documentation_programming', 'practice_spring', 'documentation_docker', 'practice_docker', 'practice_postgresql', 'technical_environment_home', 'documentation_docker', 'practice_docker', 'practice_postgresql', 'documentation_programming', 'documentation_si', 'documentation_rdbms', 'inversion_of_control', 'web_architecture_home', 'prerequisite_archiweb', 'lecture_technical_architecture', 'lecture_software_architecture', 'lecture_mvc_spring', 'technical_environment_home', 'web_architecture_home', 'lecture_technical_architecture', 'lecture_mvc_spring', 'prerequisite_data', 'web_architecture_home', 'prerequisite_archiweb', 'lecture_relational_model', 'lecture_modeling_normalization', 'lecture_conceptual_modeling', 'web_architecture_home', 'lecture_mvc_spring', 'practice_jpa', 'activity_sql', 'prerequisite_data', 'activity_conceptual_modeling', 'lecture_normalization', 'lecture_conceptual_modeling', 'activity_conceptual_modeling_correction', 'lecture_relational_model', 'prerequisite_data', 'activity_conceptual_modeling_advanced', 'lecture_normalization', 'web_architecture_home', 'practice_spring_2tiers', 'lecture_mvc_spring', 'lecture_jpa', 'practice_jpa', 'activity_conceptual_modeling', 'prerequisite_data', 'practice_sql', 'activity_normalization', 'activity_conceptual_modeling_correction', 'activity_decomposition', 'activity_decomposition_correction', 'web_architecture_home', 'prerequisite_archiweb', 'lecture_mvc_spring', 'practice_spring_2tiers', 'practice_jpa', 'lecture_software_architecture', 'lecture_technical_architecture', 'web_architecture_home', 'prerequisite_archiweb', 'practice_spring_2tiers', 'lecture_jpa', 'practice_jpa', 'lecture_dto', 'lecture_xml', 'practice_xml', 'lecture_jaxb', 'lecture_json', 'prerequisite_data', 'activity_sql', 'lecture_relational_algebra', 'practice_sql', 'activity_sql_correction', 'web_architecture_home', 'prerequisite_archiweb', 'lecture_mvc_spring', 'lecture_jpa', 'practice_jpa', 'activity_normalization', 'activity_normalization_correction', 'practice_spring_2tiers_ext', 'prerequisite_data', 'activity_sql', 'practice_sql', 'practice_sql_correction', 'lecture_transaction', 'web_architecture_home', 'prerequisite_archiweb', 'practice_transaction', 'practice_transaction_correction', 'web_architecture_home', 'prerequisite_data', 'practice_transaction', 'activity_decomposition', 'activity_decomposition_correction', 'practice_transaction_correction', 'lecture_db_integrity', 'activity_relational_model', 'prerequisite_archiweb', 'lecture_dto', 'lecture_json', 'practice_json', 'lecture_mvc_spring', 'lecture_jpa', 'practice_spring_2tiers', 'lecture_xml', 'lecture_validity', 'practice_xml', 'web_architecture_home', 'prerequisite_archiweb', 'lecture_xml', 'lecture_validity', 'practice_xml', 'prerequisite_data', 'lecture_jpa', 'practice_jpa', 'web_architecture_home', 'prerequisite_archiweb', 'practice_jpa', 'lecture_conceptual_modeling', 'lecture_normalization', 'activity_conceptual_modeling', 'activity_conceptual_modeling_correction', 'activity_normalization', 'activity_normalization_correction', 'web_architecture_home', 'activity_conceptual_modeling_advanced', 'technical_environment_home', 'prerequisite_archiweb', 'practice_jpa_advanced', 'prerequisite_data', 'activity_conceptual_modeling', 'activity_conceptual_modeling_correction', 'activity_conceptual_modeling_advanced_correction', 'web_architecture_home', 'prerequisite_archiweb', 'practice_jpa_advanced', 'prerequisite_data', 'activity_conceptual_modeling_advanced', 'technical_environment_home', 'activity_sql', 'practice_sql', 'practice_sql_correction', 'activity_conceptual_modeling', 'activity_normalization', 'lecture_normalization', 'activity_decomposition', 'lecture_conceptual_modeling', 'lecture_modeling_normalization', 'web_architecture_home', 'lecture_conceptual_modeling', 'lecture_normalization', 'activity_conceptual_modeling', 'activity_normalization', 'activity_normalization_correction']",17.99,success,"[69, 66, 70, 69, 66, 13, 53, 12, 42, 51, 69, 12, 42, 51, 13, 15, 14, 16, 70, 62, 34, 33, 28, 69, 70, 34, 28, 64, 70, 62, 32, 27, 17, 70, 28, 48, 10, 64, 0, 29, 17, 3, 32, 64, 1, 29, 70, 54, 28, 25, 48, 0, 64, 56, 6, 3, 4, 5, 70, 62, 28, 54, 48, 33, 34, 70, 62, 54, 25, 48, 20, 37, 60, 24, 26, 64, 10, 31, 56, 11, 70, 62, 28, 25, 48, 6, 7, 55, 64, 10, 56, 57, 35, 70, 62, 58, 59, 70, 64, 58, 4, 5, 59, 18, 8, 62, 20, 26, 50, 28, 25, 54, 37, 36, 60, 70, 62, 37, 36, 60, 64, 25, 48, 70, 62, 48, 17, 29, 0, 3, 6, 7, 70, 1, 69, 62, 49, 64, 0, 3, 2, 70, 62, 49, 64, 1, 69, 10, 56, 57, 0, 6, 29, 4, 17, 27, 70, 17, 29, 0, 6, 7]"
247,"['technical_environment_home', 'documentation_docker', 'practice_docker', 'practice_postgresql', 'practice_docker_advanced', 'documentation_si', 'documentation_rdbms', 'documentation_programming', 'technical_environment_home', 'practice_postgresql', 'documentation_programming', 'inversion_of_control', 'spring_bean', 'practice_spring', 'technical_environment_home', 'web_architecture_home', 'lecture_technical_architecture', 'lecture_software_architecture', 'lecture_mvc_spring', 'lecture_jpa', 'practice_jpa_advanced', 'lecture_jpa', 'practice_jpa', 'web_architecture_home', 'practice_jpa', 'web_architecture_home', 'practice_jpa', 'practice_jpa_advanced', 'practice_spring_2tiers', 'practice_spring_2tiers_ext', 'lecture_technical_architecture', 'lecture_software_architecture', 'lecture_mvc_spring', 'lecture_jpa', 'web_architecture_home', 'practice_jpa', 'lecture_jpa', 'lecture_mvc_spring', 'lecture_software_architecture', 'practice_jpa_advanced', 'web_architecture_home', 'practice_jpa_advanced', 'practice_spring_2tiers', 'practice_jpa', 'web_architecture_home', 'practice_spring_2tiers', 'practice_jpa', 'lecture_jpa', 'activity_sql', 'lecture_relational_model', 'lecture_db_integrity', 'lecture_relational_algebra', 'activity_relational_model', 'lecture_modeling_normalization', 'lecture_conceptual_modeling', 'lecture_normalization', 'lecture_independence_views', 'activity_conceptual_modeling', 'lecture_independence_views', 'activity_conceptual_modeling', 'activity_normalization', 'activity_decomposition', 'practice_independence_views', 'practice_sql', 'practice_sql_correction', 'practice_advanced_sql', 'lecture_transaction', 'practice_transaction', 'practice_advanced_sql', 'activity_normalization', 'activity_sql', 'lecture_modeling_normalization', 'lecture_conceptual_modeling', 'lecture_normalization', 'lecture_independence_views', 'activity_conceptual_modeling', 'activity_decomposition', 'practice_independence_views', 'practice_advanced_sql_correction', 'practice_advanced_sql', 'lecture_transaction', 'lecture_isolation', 'lecture_indexation', 'practice_transaction', 'lecture_relational_model', 'lecture_db_integrity', 'lecture_relational_algebra', 'activity_relational_model', 'practice_transaction_correction', 'activity_conceptual_modeling_advanced', 'activity_conceptual_modeling', 'activity_conceptual_modeling_correction', 'technical_environment_home', 'practice_sql', 'lecture_transaction', 'practice_transaction', 'lecture_relational_model', 'lecture_db_integrity', 'lecture_relational_algebra', 'activity_relational_model', 'activity_relational_model_correction', 'lecture_modeling_normalization', 'web_architecture_home', 'lecture_software_architecture', 'lecture_technical_architecture', 'lecture_mvc_spring', 'lecture_jpa', 'practice_jpa', 'lecture_conceptual_modeling', 'lecture_software_architecture', 'web_architecture_home', 'lecture_technical_architecture', 'lecture_software_architecture', 'technical_environment_home', 'documentation_docker', 'practice_docker', 'practice_docker_advanced', 'documentation_rdbms', 'practice_postgresql', 'documentation_si', 'documentation_programming', 'inversion_of_control', 'spring_bean', 'practice_spring', 'lecture_jpa', 'lecture_mvc_spring', 'lecture_relational_model', 'activity_relational_model', 'lecture_conceptual_modeling', 'activity_conceptual_modeling', 'activity_conceptual_modeling_advanced', 'activity_normalization', 'lecture_normalization', 'lecture_db_integrity', 'lecture_modeling_normalization', 'activity_normalization_correction', 'activity_conceptual_modeling_correction', 'activity_decomposition', 'activity_sql', 'practice_sql', 'lecture_transaction', 'practice_transaction', 'web_architecture_home', 'practice_spring_2tiers', 'activity_conceptual_modeling_advanced_correction', 'practice_independence_views', 'practice_independence_views_correction', 'lecture_conceptual_modeling', 'activity_sql_correction', 'lecture_xml', 'lecture_json', 'practice_json', 'practice_xml', 'lecture_technical_architecture', 'lecture_software_architecture', 'practice_jpa', 'lecture_db_integrity', 'activity_relational_model', 'lecture_normalization', 'lecture_conceptual_modeling', 'practice_sql', 'activity_normalization_correction', 'lecture_db_integrity', 'web_architecture_home', 'lecture_software_architecture', 'practice_spring_2tiers', 'practice_jpa', 'lecture_transaction', 'activity_normalization_correction', 'practice_jpa_advanced', 'practice_spring_2tiers_ext', 'lecture_jpa', 'practice_jpa', 'lecture_relational_model', 'activity_relational_model', 'lecture_conceptual_modeling', 'lecture_modeling_normalization', 'activity_normalization_correction', 'lecture_conceptual_modeling', 'lecture_normalization', 'activity_conceptual_modeling', 'activity_normalization', 'activity_decomposition', 'lecture_relational_model', 'lecture_db_integrity', 'activity_relational_model', 'lecture_modeling_normalization', 'activity_conceptual_modeling_advanced', 'activity_conceptual_modeling_advanced_correction', 'activity_sql', 'practice_sql', 'practice_independence_views', 'web_architecture_home', 'practice_jpa_advanced', 'practice_spring_2tiers_ext', 'activity_normalization_correction', 'lecture_relational_model', 'lecture_db_integrity', 'activity_relational_model', 'lecture_modeling_normalization', 'lecture_conceptual_modeling', 'activity_normalization_correction', 'web_architecture_home', 'practice_spring_2tiers', 'practice_spring_2tiers_ext', 'lecture_xml', 'practice_jpa', 'technical_environment_home', 'activity_normalization_correction', 'lecture_relational_model', 'lecture_db_integrity', 'activity_relational_model', 'lecture_modeling_normalization', 'lecture_normalization', 'lecture_conceptual_modeling', 'activity_conceptual_modeling', 'activity_normalization', 'activity_decomposition', 'activity_normalization_correction']",10.21,failure,"[69, 12, 42, 51, 43, 15, 14, 13, 69, 51, 13, 16, 68, 53, 69, 70, 34, 33, 28, 25, 49, 25, 48, 70, 48, 70, 48, 49, 54, 55, 34, 33, 28, 25, 70, 48, 25, 28, 33, 49, 70, 49, 54, 48, 70, 54, 48, 25, 10, 32, 18, 31, 8, 27, 17, 29, 21, 0, 21, 0, 6, 4, 44, 56, 57, 39, 35, 58, 39, 6, 10, 27, 17, 29, 21, 0, 4, 44, 40, 39, 35, 23, 22, 58, 32, 18, 31, 8, 59, 1, 0, 3, 69, 56, 35, 58, 32, 18, 31, 8, 9, 27, 70, 33, 34, 28, 25, 48, 17, 33, 70, 34, 33, 69, 12, 42, 43, 14, 51, 15, 13, 16, 68, 53, 25, 28, 32, 8, 17, 0, 1, 6, 29, 18, 27, 7, 3, 4, 10, 56, 35, 58, 70, 54, 2, 44, 45, 17, 11, 37, 26, 50, 60, 34, 33, 48, 18, 8, 29, 17, 56, 7, 18, 70, 33, 54, 48, 35, 7, 49, 55, 25, 48, 32, 8, 17, 27, 7, 17, 29, 0, 6, 4, 32, 18, 8, 27, 1, 2, 10, 56, 44, 70, 49, 55, 7, 32, 18, 8, 27, 17, 7, 70, 54, 55, 37, 48, 69, 7, 32, 18, 8, 27, 29, 17, 0, 6, 4, 7]"
249,"['prerequisite_data', 'technical_environment_home', 'prerequisite_techenv', 'documentation_docker', 'practice_docker', 'documentation_programming', 'inversion_of_control', 'practice_spring', 'practice_postgresql', 'documentation_rdbms', 'web_architecture_home', 'prerequisite_archiweb', 'lecture_dto', 'lecture_xml', 'lecture_validity', 'practice_xml', 'lecture_dto', 'lecture_technical_architecture', 'lecture_software_architecture', 'lecture_mvc_spring', 'lecture_jpa', 'practice_jpa', 'web_architecture_home', 'lecture_technical_architecture', 'lecture_jpa', 'practice_jpa', 'technical_environment_home', 'practice_jpa', 'technical_environment_home', 'web_architecture_home', 'lecture_jpa', 'lecture_mvc_spring', 'lecture_jpa', 'lecture_mvc_spring', 'practice_jpa', 'practice_spring_2tiers', 'web_architecture_home', 'lecture_technical_architecture', 'lecture_software_architecture', 'lecture_mvc_spring', 'technical_environment_home', 'web_architecture_home', 'practice_xml', 'practice_spring_2tiers', 'web_architecture_home', 'technical_environment_home', 'web_architecture_home', 'lecture_xml', 'practice_xml', 'web_architecture_home', 'prerequisite_data', 'prerequisite_archiweb', 'practice_sql', 'web_architecture_home', 'lecture_dto', 'practice_xml', 'technical_environment_home', 'prerequisite_archiweb', 'lecture_validity', 'lecture_json', 'practice_xml', 'lecture_json', 'practice_json', 'lecture_relational_model', 'prerequisite_data', 'lecture_modeling_normalization', 'lecture_relational_model', 'lecture_transaction', 'practice_transaction', 'documentation_rdbms', 'practice_isolation', 'lecture_modeling_normalization', 'lecture_relational_model', 'activity_sql', 'practice_sql', 'practice_transaction', 'lecture_modeling_normalization', 'practice_transaction', 'technical_environment_home', 'web_architecture_home', 'prerequisite_data', 'lecture_relational_model', 'lecture_modeling_normalization', 'lecture_conceptual_modeling', 'activity_normalization', 'activity_conceptual_modeling', 'web_architecture_home', 'lecture_technical_architecture', 'lecture_relational_model', 'lecture_db_integrity', 'activity_relational_model', 'lecture_modeling_normalization', 'activity_relational_model', 'lecture_conceptual_modeling', 'lecture_normalization', 'practice_sql', 'practice_sql_correction', 'practice_sql', 'web_architecture_home', 'lecture_normalization', 'lecture_modeling_normalization', 'activity_conceptual_modeling', 'activity_conceptual_modeling_correction', 'lecture_conceptual_modeling', 'web_architecture_home', 'lecture_jpa', 'technical_environment_home', 'web_architecture_home', 'practice_jpa_advanced', 'technical_environment_home', 'practice_docker_advanced', 'web_architecture_home', 'practice_spring_2tiers_ext', 'prerequisite_data', 'lecture_normalization', 'lecture_conceptual_modeling', 'technical_environment_home', 'practice_docker', 'web_architecture_home', 'practice_postgresql', 'technical_environment_home', 'lecture_relational_model', 'lecture_modeling_normalization', 'lecture_normalization', 'lecture_conceptual_modeling', 'documentation_docker', 'practice_docker', 'technical_environment_home', 'documentation_programming', 'web_architecture_home', 'lecture_mvc_spring', 'lecture_jpa', 'practice_jpa', 'lecture_technical_architecture', 'lecture_software_architecture', 'technical_environment_home', 'documentation_si', 'documentation_rdbms', 'practice_postgresql']",15.25,success,"[64, 69, 66, 12, 42, 13, 16, 53, 51, 14, 70, 62, 20, 37, 36, 60, 20, 34, 33, 28, 25, 48, 70, 34, 25, 48, 69, 48, 69, 70, 25, 28, 25, 28, 48, 54, 70, 34, 33, 28, 69, 70, 60, 54, 70, 69, 70, 37, 60, 70, 64, 62, 56, 70, 20, 60, 69, 62, 36, 26, 60, 26, 50, 32, 64, 27, 32, 35, 58, 14, 47, 27, 32, 10, 56, 58, 27, 58, 69, 70, 64, 32, 27, 17, 6, 0, 70, 34, 32, 18, 8, 27, 8, 17, 29, 56, 57, 56, 70, 29, 27, 0, 3, 17, 70, 25, 69, 70, 49, 69, 43, 70, 55, 64, 29, 17, 69, 42, 70, 51, 69, 32, 27, 29, 17, 12, 42, 69, 13, 70, 28, 25, 48, 34, 33, 69, 15, 14, 51]"
2510,"['technical_environment_home', 'documentation_docker', 'practice_docker', 'practice_docker_advanced', 'practice_postgresql', 'documentation_programming', 'technical_environment_home', 'documentation_docker', 'practice_docker', 'practice_docker_advanced', 'documentation_rdbms', 'practice_postgresql', 'documentation_programming', 'inversion_of_control', 'spring_bean', 'practice_spring', 'web_architecture_home', 'practice_spring_2tiers', 'lecture_dto', 'lecture_software_architecture', 'lecture_mvc_spring', 'practice_spring_2tiers_ext', 'lecture_jpa', 'practice_jpa', 'practice_jpa_advanced', 'practice_jpa', 'practice_jpa_advanced', 'practice_spring_2tiers', 'technical_environment_home', 'inversion_of_control', 'documentation_programming', 'practice_spring', 'spring_bean', 'web_architecture_home', 'prerequisite_data_2025', 'lecture_relational_model', 'lecture_db_integrity', 'lecture_relational_algebra', 'activity_relational_model', 'lecture_modeling_normalization', 'lecture_conceptual_modeling', 'web_architecture_home', 'activity_conceptual_modeling', 'activity_conceptual_modeling_advanced', 'lecture_normalization', 'activity_normalization', 'lecture_normalization', 'technical_environment_home', 'practice_advanced_sql', 'lecture_transaction', 'practice_transaction', 'lecture_transaction', 'practice_transaction', 'lecture_indexation', 'practice_indexation', 'web_architecture_home', 'lecture_xml', 'lecture_json', 'practice_json', 'practice_apis', 'practice_xpath', 'lecture_jaxb', 'lecture_validity', 'technical_environment_home', 'web_architecture_home', 'practice_schema_xml', 'technical_environment_home', 'web_architecture_home', 'lecture_technical_architecture', 'lecture_software_architecture', 'lecture_mvc_spring', 'lecture_jpa', 'web_architecture_home', 'lecture_jpa', 'practice_jpa', 'technical_environment_home', 'documentation_programming', 'practice_spring', 'practice_spring_2tiers', 'technical_environment_home', 'practice_spring_2tiers', 'lecture_modeling_normalization', 'lecture_conceptual_modeling', 'activity_conceptual_modeling', 'lecture_normalization', 'activity_normalization', 'activity_decomposition', 'activity_conceptual_modeling_advanced', 'practice_independence_views', 'technical_environment_home', 'web_architecture_home', 'practice_spring_2tiers_ext', 'technical_environment_home', 'documentation_docker', 'documentation_rdbms', 'practice_docker_advanced', 'practice_docker', 'technical_environment_home', 'documentation_docker', 'practice_docker', 'practice_docker_advanced', 'documentation_programming', 'documentation_rdbms', 'practice_postgresql', 'spring_bean', 'practice_spring', 'lecture_relational_model', 'lecture_conceptual_modeling', 'activity_conceptual_modeling', 'lecture_modeling_normalization']",14.58,success,"[69, 12, 42, 43, 51, 13, 69, 12, 42, 43, 14, 51, 13, 16, 68, 53, 70, 54, 20, 33, 28, 55, 25, 48, 49, 48, 49, 54, 69, 16, 13, 53, 68, 70, 65, 32, 18, 31, 8, 27, 17, 70, 0, 1, 29, 6, 29, 69, 39, 35, 58, 35, 58, 22, 46, 70, 37, 26, 50, 41, 61, 24, 36, 69, 70, 52, 69, 70, 34, 33, 28, 25, 70, 25, 48, 69, 13, 53, 54, 69, 54, 27, 17, 0, 29, 6, 4, 1, 44, 69, 70, 55, 69, 12, 14, 43, 42, 69, 12, 42, 43, 13, 14, 51, 68, 53, 32, 17, 0, 27]"
2511,"['technical_environment_home', 'prerequisite_techenv_2025', 'documentation_docker', 'practice_docker', 'web_architecture_home', 'lecture_relational_model', 'lecture_db_integrity', 'lecture_relational_algebra', 'activity_relational_model', 'technical_environment_home', 'documentation_rdbms', 'practice_postgresql', 'documentation_docker', 'practice_docker', 'practice_docker_advanced', 'technical_environment_home', 'practice_postgresql', 'practice_docker', 'documentation_rdbms', 'practice_docker_advanced', 'practice_spring', 'lecture_db_integrity', 'activity_relational_model', 'activity_relational_model_correction', 'web_architecture_home', 'activity_sql', 'activity_sql_correction', 'technical_environment_home', 'documentation_rdbms', 'practice_postgresql', 'practice_sql', 'practice_sql_correction', 'technical_environment_home', 'practice_spring', 'practice_postgresql', 'documentation_rdbms', 'web_architecture_home', 'prerequisite_data_2025', 'lecture_modeling_normalization', 'lecture_conceptual_modeling', 'activity_conceptual_modeling', 'activity_conceptual_modeling_correction', 'lecture_normalization', 'activity_decomposition', 'activity_normalization', 'activity_normalization_correction', 'lecture_transaction', 'practice_transaction', 'practice_transaction_correction', 'web_architecture_home', 'lecture_technical_architecture', 'lecture_software_architecture', 'lecture_dto', 'technical_environment_home', 'lecture_db_integrity', 'lecture_conceptual_modeling', 'activity_normalization', 'lecture_normalization', 'lecture_modeling_normalization', 'activity_sql', 'activity_conceptual_modeling', 'lecture_relational_model', 'web_architecture_home', 'lecture_technical_architecture', 'lecture_software_architecture', 'lecture_dto', 'lecture_mvc_spring', 'lecture_jpa', 'practice_jpa', 'practice_jpa_advanced', 'web_architecture_home', 'lecture_relational_model', 'lecture_db_integrity', 'activity_relational_model', 'lecture_modeling_normalization', 'lecture_conceptual_modeling', 'activity_normalization', 'lecture_normalization', 'activity_normalization_correction', 'web_architecture_home', 'technical_environment_home', 'practice_spring', 'documentation_programming', 'documentation_docker', 'practice_postgresql', 'lecture_mvc_spring', 'lecture_jpa', 'lecture_xml', 'lecture_json', 'practice_spring_2tiers', 'technical_environment_home', 'web_architecture_home', 'lecture_relational_model', 'lecture_db_integrity', 'lecture_normalization', 'activity_normalization', 'practice_jpa', 'web_architecture_home', 'practice_spring_2tiers_ext', 'lecture_dto', 'lecture_normalization', 'activity_conceptual_modeling', 'lecture_conceptual_modeling', 'technical_environment_home', 'documentation_programming', 'web_architecture_home', 'practice_spring_2tiers_ext', 'technical_environment_home', 'web_architecture_home', 'lecture_relational_model', 'lecture_db_integrity', 'lecture_modeling_normalization', 'lecture_conceptual_modeling', 'technical_environment_home']",12.98,success,"[69, 67, 12, 42, 70, 32, 18, 31, 8, 69, 14, 51, 12, 42, 43, 69, 51, 42, 14, 43, 53, 18, 8, 9, 70, 10, 11, 69, 14, 51, 56, 57, 69, 53, 51, 14, 70, 65, 27, 17, 0, 3, 29, 4, 6, 7, 35, 58, 59, 70, 34, 33, 20, 69, 18, 17, 6, 29, 27, 10, 0, 32, 70, 34, 33, 20, 28, 25, 48, 49, 70, 32, 18, 8, 27, 17, 6, 29, 7, 70, 69, 53, 13, 12, 51, 28, 25, 37, 26, 54, 69, 70, 32, 18, 29, 6, 48, 70, 55, 20, 29, 0, 17, 69, 13, 70, 55, 69, 70, 32, 18, 27, 17, 69]"
2512,"['technical_environment_home', 'prerequisite_techenv_2025', 'technical_environment_home', 'prerequisite_techenv_2025', 'documentation_docker', 'practice_docker', 'practice_postgresql', 'documentation_programming', 'practice_spring', 'technical_environment_home', 'documentation_programming', 'lecture_relational_model', 'lecture_db_integrity', 'activity_relational_model', 'activity_relational_model_correction', 'lecture_modeling_normalization', 'lecture_conceptual_modeling', 'activity_conceptual_modeling', 'lecture_normalization', 'activity_normalization', 'activity_sql', 'activity_sql_correction', 'technical_environment_home', 'web_architecture_home', 'prerequisite_data_2025', 'activity_sql', 'practice_sql', 'web_architecture_home', 'lecture_modeling_normalization', 'lecture_conceptual_modeling', 'practice_sql', 'practice_sql_correction', 'practice_sql', 'lecture_transaction', 'practice_transaction', 'practice_jpa', 'practice_transaction', 'web_architecture_home', 'lecture_technical_architecture', 'technical_environment_home', 'web_architecture_home', 'lecture_conceptual_modeling', 'activity_normalization', 'activity_normalization_correction', 'practice_jpa', 'practice_jpa_advanced', 'practice_spring_2tiers', 'practice_xml', 'practice_json', 'practice_jpa', 'lecture_mvc_spring', 'practice_spring_2tiers', 'prerequisite_data_2025', 'web_architecture_home', 'practice_spring_2tiers_ext', 'lecture_conceptual_modeling']",11.29,failure,"[69, 67, 69, 67, 12, 42, 51, 13, 53, 69, 13, 32, 18, 8, 9, 27, 17, 0, 29, 6, 10, 11, 69, 70, 65, 10, 56, 70, 27, 17, 56, 57, 56, 35, 58, 48, 58, 70, 34, 69, 70, 17, 6, 7, 48, 49, 54, 60, 50, 48, 28, 54, 65, 70, 55, 17]"
2513,"['technical_environment_home', 'prerequisite_techenv_2025', 'documentation_rdbms', 'documentation_docker', 'practice_docker', 'technical_environment_home', 'prerequisite_techenv_2025', 'documentation_docker', 'practice_docker', 'prerequisite_data_2025', 'lecture_relational_model', 'lecture_db_integrity', 'activity_relational_model', 'activity_relational_model_correction', 'lecture_modeling_normalization', 'lecture_conceptual_modeling', 'activity_conceptual_modeling', 'activity_conceptual_modeling_correction', 'lecture_normalization', 'activity_normalization', 'prerequisite_data_2025', 'lecture_normalization', 'activity_normalization', 'activity_normalization_correction', 'activity_decomposition', 'prerequisite_data_2025', 'activity_decomposition', 'web_architecture_home', 'prerequisite_archiweb_2025', 'activity_decomposition_correction', 'activity_sql', 'activity_sql_correction', 'prerequisite_data_2025', 'activity_sql', 'activity_sql_correction', 'practice_sql', 'lecture_transaction', 'practice_transaction', 'lecture_transaction', 'practice_sql', 'technical_environment_home', 'prerequisite_techenv_2025', 'practice_docker', 'prerequisite_data_2025', 'practice_transaction', 'practice_transaction_correction', 'prerequisite_data_2025', 'practice_transaction', 'practice_transaction_correction', 'web_architecture_home', 'prerequisite_archiweb_2025', 'lecture_software_architecture', 'lecture_mvc_spring', 'practice_spring_2tiers', 'technical_environment_home', 'prerequisite_techenv_2025', 'documentation_programming', 'practice_spring', 'prerequisite_data_2025', 'web_architecture_home', 'prerequisite_archiweb_2025', 'web_architecture_home', 'prerequisite_archiweb_2025', 'activity_conceptual_modeling', 'lecture_conceptual_modeling', 'prerequisite_data_2025', 'lecture_conceptual_modeling', 'lecture_normalization', 'lecture_db_integrity', 'lecture_transaction', 'activity_sql', 'activity_conceptual_modeling', 'web_architecture_home', 'prerequisite_archiweb_2025', 'lecture_json', 'practice_spring_2tiers', 'lecture_technical_architecture', 'lecture_mvc_spring', 'lecture_jpa', 'practice_jpa', 'lecture_dto', 'web_architecture_home', 'prerequisite_archiweb_2025', 'lecture_json', 'lecture_validity', 'prerequisite_data_2025', 'lecture_conceptual_modeling', 'prerequisite_data_2025', 'activity_sql', 'lecture_db_integrity', 'activity_normalization', 'lecture_normalization', 'lecture_transaction', 'lecture_relational_model', 'technical_environment_home', 'prerequisite_techenv_2025', 'practice_postgresql', 'documentation_docker', 'practice_docker', 'practice_sql', 'technical_environment_home', 'web_architecture_home', 'prerequisite_data_2025', 'lecture_conceptual_modeling']",15.88,success,"[69, 67, 14, 12, 42, 69, 67, 12, 42, 65, 32, 18, 8, 9, 27, 17, 0, 3, 29, 6, 65, 29, 6, 7, 4, 65, 4, 70, 63, 5, 10, 11, 65, 10, 11, 56, 35, 58, 35, 56, 69, 67, 42, 65, 58, 59, 65, 58, 59, 70, 63, 33, 28, 54, 69, 67, 13, 53, 65, 70, 63, 70, 63, 0, 17, 65, 17, 29, 18, 35, 10, 0, 70, 63, 26, 54, 34, 28, 25, 48, 20, 70, 63, 26, 36, 65, 17, 65, 10, 18, 6, 29, 35, 32, 69, 67, 51, 12, 42, 56, 69, 70, 65, 17]"
2514,"['technical_environment_home', 'documentation_docker', 'practice_docker', 'documentation_programming', 'practice_spring', 'inversion_of_control', 'spring_bean', 'technical_environment_home', 'documentation_programming', 'practice_spring', 'spring_bean', 'documentation_docker', 'practice_docker', 'practice_docker_advanced', 'documentation_rdbms', 'practice_postgresql', 'web_architecture_home', 'activity_relational_model', 'lecture_relational_model', 'lecture_db_integrity', 'lecture_dto', 'lecture_modeling_normalization', 'activity_relational_model_correction', 'activity_relational_model', 'lecture_conceptual_modeling', 'activity_conceptual_modeling', 'activity_conceptual_modeling_correction', 'lecture_normalization', 'activity_sql', 'activity_sql_correction', 'practice_sql', 'lecture_relational_model', 'lecture_db_integrity', 'activity_relational_model', 'documentation_rdbms', 'practice_postgresql', 'practice_sql_correction', 'practice_sql', 'practice_sql_correction', 'lecture_transaction', 'practice_transaction', 'lecture_db_tools', 'practice_transaction', 'practice_sql', 'lecture_transaction', 'web_architecture_home', 'lecture_normalization', 'lecture_conceptual_modeling', 'activity_conceptual_modeling', 'practice_sql', 'web_architecture_home', 'lecture_technical_architecture', 'lecture_software_architecture', 'lecture_dto', 'lecture_mvc_spring', 'lecture_jpa', 'practice_jpa', 'practice_jpa_advanced', 'practice_spring_2tiers', 'lecture_xml', 'lecture_json', 'practice_json', 'technical_environment_home', 'web_architecture_home', 'lecture_technical_architecture', 'lecture_software_architecture', 'prerequisite_techenv_2025', 'documentation_docker', 'practice_docker', 'practice_postgresql', 'documentation_programming', 'practice_spring', 'spring_bean', 'lecture_relational_model', 'lecture_db_integrity', 'activity_relational_model', 'activity_relational_model_correction', 'lecture_modeling_normalization', 'lecture_conceptual_modeling', 'lecture_jpa', 'practice_spring_2tiers', 'practice_jpa_advanced', 'practice_jpa', 'practice_spring_2tiers_ext', 'lecture_normalization', 'practice_jpa', 'lecture_software_architecture', 'lecture_dto', 'lecture_mvc_spring', 'activity_normalization', 'lecture_normalization', 'technical_environment_home', 'web_architecture_home', 'practice_spring_2tiers_ext', 'practice_spring_2tiers', 'lecture_modeling_normalization', 'lecture_conceptual_modeling', 'activity_conceptual_modeling', 'lecture_normalization', 'activity_normalization', 'activity_decomposition', 'lecture_independence_views', 'activity_conceptual_modeling_advanced']",12.69,success,"[69, 12, 42, 13, 53, 16, 68, 69, 13, 53, 68, 12, 42, 43, 14, 51, 70, 8, 32, 18, 20, 27, 9, 8, 17, 0, 3, 29, 10, 11, 56, 32, 18, 8, 14, 51, 57, 56, 57, 35, 58, 19, 58, 56, 35, 70, 29, 17, 0, 56, 70, 34, 33, 20, 28, 25, 48, 49, 54, 37, 26, 50, 69, 70, 34, 33, 67, 12, 42, 51, 13, 53, 68, 32, 18, 8, 9, 27, 17, 25, 54, 49, 48, 55, 29, 48, 33, 20, 28, 6, 29, 69, 70, 55, 54, 27, 17, 0, 29, 6, 4, 21, 1]"
2515,"['technical_environment_home', 'prerequisite_techenv_2025', 'documentation_docker', 'practice_docker', 'practice_docker_advanced', 'practice_postgresql', 'practice_docker_advanced', 'documentation_rdbms', 'documentation_programming', 'inversion_of_control', 'spring_bean', 'practice_spring', 'web_architecture_home', 'prerequisite_archiweb_2025', 'lecture_technical_architecture', 'lecture_software_architecture', 'web_architecture_home', 'lecture_technical_architecture', 'lecture_software_architecture', 'lecture_dto', 'lecture_xml', 'lecture_mvc_spring', 'lecture_jpa', 'lecture_relational_model', 'lecture_db_integrity', 'practice_jpa', 'practice_jpa_advanced', 'practice_spring_2tiers', 'lecture_validity', 'lecture_xpath', 'lecture_parser', 'lecture_jaxb', 'practice_xml', 'practice_spring_2tiers', 'practice_xml', 'lecture_xml', 'lecture_json', 'practice_json', 'web_architecture_home', 'practice_xml', 'lecture_db_integrity', 'practice_spring_2tiers', 'practice_jpa_advanced', 'practice_spring_2tiers_ext', 'technical_environment_home', 'web_architecture_home', 'practice_spring_2tiers', 'lecture_mvc_spring', 'lecture_jpa', 'lecture_mvc_spring', 'lecture_jpa', 'lecture_relational_model', 'lecture_db_integrity', 'activity_relational_model', 'web_architecture_home', 'practice_xml', 'lecture_xml', 'lecture_validity', 'lecture_xpath', 'lecture_json', 'lecture_relational_algebra', 'lecture_db_integrity', 'lecture_relational_algebra', 'lecture_db_integrity', 'activity_relational_model', 'lecture_modeling_normalization', 'lecture_conceptual_modeling', 'lecture_modeling_normalization', 'lecture_conceptual_modeling', 'activity_conceptual_modeling', 'activity_normalization', 'activity_decomposition', 'activity_conceptual_modeling', 'lecture_conceptual_modeling', 'lecture_modeling_normalization', 'lecture_normalization', 'lecture_db_integrity', 'activity_relational_model', 'lecture_modeling_normalization', 'lecture_conceptual_modeling', 'lecture_normalization', 'activity_normalization', 'web_architecture_home', 'practice_spring_2tiers_ext', 'lecture_modeling_normalization', 'lecture_conceptual_modeling', 'activity_conceptual_modeling', 'lecture_normalization', 'activity_normalization', 'activity_decomposition', 'activity_sql', 'lecture_modeling_normalization', 'lecture_conceptual_modeling', 'lecture_relational_model', 'lecture_db_integrity', 'activity_relational_model', 'lecture_modeling_normalization', 'activity_conceptual_modeling', 'lecture_normalization', 'activity_normalization', 'activity_decomposition', 'activity_sql', 'lecture_conceptual_modeling', 'lecture_normalization', 'web_architecture_home', 'lecture_mvc_spring', 'lecture_jpa', 'practice_jpa', 'practice_spring_2tiers', 'lecture_software_architecture', 'lecture_dto', 'lecture_technical_architecture', 'lecture_mvc_spring', 'practice_jpa_advanced', 'practice_jpa', 'technical_environment_home', 'documentation_docker', 'practice_docker', 'documentation_programming', 'practice_spring', 'inversion_of_control', 'spring_bean', 'practice_spring', 'lecture_db_integrity', 'lecture_relational_model', 'lecture_conceptual_modeling', 'activity_conceptual_modeling', 'lecture_conceptual_modeling', 'activity_conceptual_modeling', 'lecture_conceptual_modeling', 'technical_environment_home', 'web_architecture_home']",11.85,failure,"[69, 67, 12, 42, 43, 51, 43, 14, 13, 16, 68, 53, 70, 63, 34, 33, 70, 34, 33, 20, 37, 28, 25, 32, 18, 48, 49, 54, 36, 38, 30, 24, 60, 54, 60, 37, 26, 50, 70, 60, 18, 54, 49, 55, 69, 70, 54, 28, 25, 28, 25, 32, 18, 8, 70, 60, 37, 36, 38, 26, 31, 18, 31, 18, 8, 27, 17, 27, 17, 0, 6, 4, 0, 17, 27, 29, 18, 8, 27, 17, 29, 6, 70, 55, 27, 17, 0, 29, 6, 4, 10, 27, 17, 32, 18, 8, 27, 0, 29, 6, 4, 10, 17, 29, 70, 28, 25, 48, 54, 33, 20, 34, 28, 49, 48, 69, 12, 42, 13, 53, 16, 68, 53, 18, 32, 17, 0, 17, 0, 17, 69, 70]"
2516,"['technical_environment_home', 'documentation_docker', 'practice_docker', 'practice_docker_advanced', 'web_architecture_home', 'prerequisite_archiweb_2025', 'technical_environment_home', 'practice_docker', 'practice_docker_advanced', 'technical_environment_home', 'lecture_relational_model', 'prerequisite_data_2025', 'lecture_db_integrity', 'activity_relational_model', 'activity_relational_model_correction', 'lecture_modeling_normalization', 'lecture_conceptual_modeling', 'activity_conceptual_modeling', 'lecture_normalization', 'activity_conceptual_modeling_correction', 'activity_normalization', 'activity_normalization_correction', 'activity_sql', 'activity_sql_correction', 'practice_sql', 'documentation_rdbms', 'activity_sql', 'practice_sql', 'technical_environment_home', 'practice_docker', 'practice_sql_correction', 'practice_sql', 'practice_advanced_sql', 'lecture_transaction', 'practice_transaction', 'practice_transaction_correction', 'technical_environment_home', 'practice_postgresql', 'documentation_programming', 'practice_spring', 'lecture_transaction', 'practice_transaction', 'web_architecture_home', 'practice_spring', 'lecture_technical_architecture', 'lecture_software_architecture', 'lecture_dto', 'lecture_mvc_spring', 'lecture_jpa', 'practice_jpa', 'web_architecture_home', 'practice_jpa', 'lecture_jpa', 'lecture_normalization', 'activity_conceptual_modeling', 'lecture_conceptual_modeling', 'technical_environment_home', 'practice_spring', 'lecture_xml', 'lecture_mvc_spring', 'practice_jpa_advanced', 'practice_spring_2tiers', 'practice_spring_2tiers_ext', 'web_architecture_home', 'lecture_jpa', 'practice_jpa', 'activity_normalization', 'lecture_conceptual_modeling', 'activity_conceptual_modeling', 'activity_conceptual_modeling_correction', 'activity_normalization_correction', 'lecture_normalization', 'activity_conceptual_modeling', 'lecture_conceptual_modeling', 'lecture_normalization', 'web_architecture_home', 'practice_jpa', 'web_architecture_home', 'practice_spring_2tiers_ext', 'practice_spring_2tiers', 'practice_jpa_advanced', 'practice_jpa', 'lecture_dto', 'technical_environment_home', 'web_architecture_home', 'practice_jpa', 'technical_environment_home', 'web_architecture_home', 'lecture_jpa', 'practice_jpa', 'web_architecture_home', 'lecture_modeling_normalization', 'lecture_conceptual_modeling', 'activity_conceptual_modeling', 'activity_conceptual_modeling_correction', 'technical_environment_home', 'documentation_docker', 'practice_docker', 'technical_environment_home', 'web_architecture_home', 'lecture_normalization', 'lecture_software_architecture', 'lecture_technical_architecture']",6.38,failure,"[69, 12, 42, 43, 70, 63, 69, 42, 43, 69, 32, 65, 18, 8, 9, 27, 17, 0, 29, 3, 6, 7, 10, 11, 56, 14, 10, 56, 69, 42, 57, 56, 39, 35, 58, 59, 69, 51, 13, 53, 35, 58, 70, 53, 34, 33, 20, 28, 25, 48, 70, 48, 25, 29, 0, 17, 69, 53, 37, 28, 49, 54, 55, 70, 25, 48, 6, 17, 0, 3, 7, 29, 0, 17, 29, 70, 48, 70, 55, 54, 49, 48, 20, 69, 70, 48, 69, 70, 25, 48, 70, 27, 17, 0, 3, 69, 12, 42, 69, 70, 29, 33, 34]"
2517,"['technical_environment_home', 'documentation_docker', 'practice_docker', 'practice_docker_advanced', 'documentation_rdbms', 'practice_postgresql', 'documentation_programming', 'inversion_of_control', 'practice_spring', 'spring_bean', 'technical_environment_home', 'documentation_docker', 'documentation_rdbms', 'practice_postgresql', 'practice_docker', 'documentation_programming', 'practice_spring', 'web_architecture_home', 'technical_environment_home', 'prerequisite_archiweb_2025', 'lecture_technical_architecture', 'lecture_software_architecture', 'lecture_dto', 'lecture_mvc_spring', 'lecture_xml', 'practice_xml', 'lecture_relational_model', 'lecture_db_integrity', 'activity_relational_model', 'lecture_json', 'practice_json', 'technical_environment_home', 'web_architecture_home', 'lecture_mvc_spring', 'lecture_jpa', 'practice_jpa', 'technical_environment_home', 'web_architecture_home', 'lecture_jpa', 'practice_jpa', 'technical_environment_home', 'web_architecture_home', 'practice_jpa', 'practice_jpa_advanced', 'technical_environment_home', 'web_architecture_home', 'practice_jpa_advanced', 'practice_spring_2tiers', 'technical_environment_home', 'web_architecture_home', 'lecture_relational_model', 'lecture_db_integrity', 'activity_relational_model', 'activity_relational_model_correction', 'lecture_modeling_normalization', 'lecture_conceptual_modeling', 'technical_environment_home', 'activity_normalization', 'activity_decomposition', 'technical_environment_home', 'web_architecture_home', 'practice_spring_2tiers_ext', 'lecture_dto', 'technical_environment_home']",13.52,success,"[69, 12, 42, 43, 14, 51, 13, 16, 53, 68, 69, 12, 14, 51, 42, 13, 53, 70, 69, 63, 34, 33, 20, 28, 37, 60, 32, 18, 8, 26, 50, 69, 70, 28, 25, 48, 69, 70, 25, 48, 69, 70, 48, 49, 69, 70, 49, 54, 69, 70, 32, 18, 8, 9, 27, 17, 69, 6, 4, 69, 70, 55, 20, 69]"
2518,"['technical_environment_home', 'prerequisite_techenv_2025', 'documentation_rdbms', 'documentation_docker', 'practice_docker', 'practice_postgresql', 'activity_sql', 'technical_environment_home', 'documentation_docker', 'practice_docker', 'web_architecture_home', 'lecture_relational_model', 'lecture_relational_algebra', 'activity_conceptual_modeling', 'activity_conceptual_modeling_advanced', 'prerequisite_data_2025', 'lecture_transaction', 'practice_transaction', 'web_architecture_home', 'prerequisite_archiweb_2025', 'lecture_technical_architecture', 'lecture_software_architecture', 'lecture_dto', 'practice_spring_2tiers', 'lecture_mvc_spring', 'technical_environment_home', 'documentation_docker', 'practice_docker', 'web_architecture_home', 'prerequisite_archiweb_2025', 'practice_spring_2tiers', 'web_architecture_home', 'prerequisite_archiweb_2025', 'practice_spring_2tiers', 'web_architecture_home', 'prerequisite_archiweb_2025', 'lecture_jpa', 'practice_jpa', 'web_architecture_home', 'prerequisite_archiweb_2025', 'practice_jpa', 'prerequisite_data_2025', 'lecture_conceptual_modeling', 'lecture_normalization', 'web_architecture_home', 'prerequisite_archiweb_2025', 'lecture_dto', 'lecture_xml', 'lecture_validity', 'practice_xml', 'prerequisite_data_2025', 'web_architecture_home', 'prerequisite_archiweb_2025', 'practice_xml', 'lecture_json', 'practice_json', 'prerequisite_data_2025', 'lecture_normalization', 'prerequisite_data_2025', 'activity_sql', 'lecture_normalization', 'web_architecture_home', 'prerequisite_archiweb_2025', 'practice_jpa', 'lecture_conceptual_modeling']",13.98,success,"[69, 67, 14, 12, 42, 51, 10, 69, 12, 42, 70, 32, 31, 0, 1, 65, 35, 58, 70, 63, 34, 33, 20, 54, 28, 69, 12, 42, 70, 63, 54, 70, 63, 54, 70, 63, 25, 48, 70, 63, 48, 65, 17, 29, 70, 63, 20, 37, 36, 60, 65, 70, 63, 60, 26, 50, 65, 29, 65, 10, 29, 70, 63, 48, 17]"
2519,"['technical_environment_home', 'documentation_docker', 'practice_docker', 'web_architecture_home', 'technical_environment_home', 'documentation_docker', 'practice_docker', 'practice_postgresql', 'lecture_technical_architecture', 'lecture_dto', 'lecture_relational_model', 'lecture_modeling_normalization', 'lecture_db_tools', 'lecture_db_integrity', 'lecture_relational_algebra', 'activity_relational_model', 'lecture_conceptual_modeling', 'activity_conceptual_modeling', 'activity_conceptual_modeling_correction', 'technical_environment_home', 'web_architecture_home', 'documentation_docker', 'practice_docker', 'practice_postgresql', 'technical_environment_home', 'practice_postgresql', 'practice_docker', 'documentation_programming', 'lecture_conceptual_modeling', 'lecture_normalization', 'activity_normalization', 'activity_normalization_correction', 'lecture_transaction', 'practice_transaction', 'documentation_rdbms', 'practice_postgresql', 'practice_transaction_correction', 'practice_transaction', 'documentation_rdbms', 'practice_postgresql', 'practice_transaction_correction', 'practice_sql', 'practice_advanced_sql', 'activity_sql', 'practice_indexation', 'web_architecture_home', 'lecture_dto', 'lecture_technical_architecture', 'lecture_software_architecture', 'lecture_mvc_spring', 'lecture_jpa', 'web_architecture_home', 'lecture_software_architecture', 'lecture_dto', 'lecture_mvc_spring', 'lecture_jpa', 'practice_spring_2tiers', 'lecture_xml', 'practice_json', 'web_architecture_home', 'prerequisite_archiweb_2025', 'practice_spring_2tiers', 'technical_environment_home', 'documentation_programming', 'practice_docker', 'activity_normalization', 'lecture_normalization', 'activity_conceptual_modeling', 'lecture_conceptual_modeling', 'lecture_modeling_normalization', 'practice_sql', 'practice_advanced_sql', 'lecture_relational_algebra', 'web_architecture_home', 'lecture_normalization', 'web_architecture_home', 'lecture_conceptual_modeling', 'web_architecture_home', 'technical_environment_home', 'lecture_conceptual_modeling']",15.92,success,"[69, 12, 42, 70, 69, 12, 42, 51, 34, 20, 32, 27, 19, 18, 31, 8, 17, 0, 3, 69, 70, 12, 42, 51, 69, 51, 42, 13, 17, 29, 6, 7, 35, 58, 14, 51, 59, 58, 14, 51, 59, 56, 39, 10, 46, 70, 20, 34, 33, 28, 25, 70, 33, 20, 28, 25, 54, 37, 50, 70, 63, 54, 69, 13, 42, 6, 29, 0, 17, 27, 56, 39, 31, 70, 29, 70, 17, 70, 69, 17]"
252,"['technical_environment_home', 'documentation_docker', 'practice_docker', 'prerequisite_techenv_2025', 'technical_environment_home', 'documentation_docker', 'practice_docker', 'practice_postgresql', 'documentation_programming', 'practice_spring', 'lecture_relational_model', 'technical_environment_home', 'practice_postgresql', 'practice_spring', 'documentation_programming', 'web_architecture_home', 'lecture_technical_architecture', 'lecture_software_architecture', 'lecture_dto', 'practice_jpa', 'practice_spring_2tiers', 'lecture_jpa', 'lecture_mvc_spring', 'technical_environment_home', 'practice_postgresql', 'documentation_docker', 'practice_docker', 'practice_docker_advanced', 'documentation_rdbms', 'documentation_programming', 'inversion_of_control', 'spring_bean', 'practice_spring', 'lecture_relational_model', 'lecture_relational_algebra', 'lecture_db_integrity', 'activity_relational_model', 'lecture_modeling_normalization', 'lecture_conceptual_modeling', 'activity_conceptual_modeling', 'lecture_normalization', 'activity_normalization', 'activity_sql', 'practice_sql', 'web_architecture_home', 'technical_environment_home', 'documentation_docker', 'practice_docker', 'practice_docker_advanced', 'documentation_rdbms', 'practice_postgresql', 'documentation_programming', 'inversion_of_control', 'spring_bean', 'practice_spring', 'lecture_technical_architecture', 'practice_jpa', 'practice_jpa_advanced', 'practice_spring_2tiers', 'practice_spring_2tiers_ext', 'lecture_jpa', 'lecture_transaction', 'practice_transaction', 'lecture_xml', 'lecture_validity', 'lecture_xpath', 'lecture_parser', 'lecture_jaxb', 'practice_xml', 'practice_schema_xml', 'practice_xpath', 'practice_apis', 'lecture_json', 'practice_json', 'lecture_relational_model', 'lecture_db_integrity', 'lecture_relational_algebra', 'activity_relational_model', 'lecture_modeling_normalization', 'activity_conceptual_modeling', 'lecture_conceptual_modeling', 'activity_conceptual_modeling', 'lecture_conceptual_modeling', 'lecture_normalization', 'technical_environment_home', 'lecture_technical_architecture', 'lecture_software_architecture', 'technical_environment_home', 'inversion_of_control', 'web_architecture_home', 'spring_bean', 'practice_spring', 'practice_jpa_advanced', 'practice_spring_2tiers', 'practice_spring_2tiers_ext', 'practice_jpa', 'web_architecture_home', 'practice_spring_2tiers', 'practice_sql', 'practice_advanced_sql', 'technical_environment_home', 'practice_postgresql', 'documentation_rdbms', 'web_architecture_home', 'lecture_relational_model', 'lecture_db_integrity', 'lecture_relational_algebra', 'activity_relational_model', 'practice_jpa', 'lecture_jpa', 'practice_jpa_advanced', 'practice_spring_2tiers', 'lecture_xml', 'lecture_jpa', 'practice_jpa_advanced', 'practice_spring_2tiers', 'practice_spring_2tiers_ext', 'lecture_xml', 'lecture_validity', 'lecture_xpath', 'lecture_parser', 'lecture_jaxb', 'practice_xml', 'practice_schema_xml', 'practice_xpath', 'practice_apis', 'lecture_json', 'practice_json', 'lecture_relational_model', 'lecture_modeling_normalization', 'lecture_conceptual_modeling', 'activity_conceptual_modeling', 'activity_conceptual_modeling_advanced', 'lecture_normalization', 'activity_normalization', 'practice_sql', 'web_architecture_home', 'practice_spring_2tiers_ext', 'web_architecture_home', 'practice_jpa', 'practice_jpa_advanced', 'practice_spring_2tiers', 'practice_spring_2tiers_ext', 'lecture_relational_model', 'lecture_db_integrity', 'activity_relational_model', 'lecture_modeling_normalization', 'lecture_conceptual_modeling', 'activity_conceptual_modeling', 'lecture_normalization', 'activity_normalization', 'activity_decomposition', 'activity_sql', 'lecture_transaction', 'practice_transaction', 'lecture_isolation', 'lecture_relational_algebra', 'web_architecture_home', 'practice_jpa_advanced', 'practice_spring_2tiers', 'practice_spring_2tiers_ext', 'lecture_relational_model', 'lecture_db_integrity', 'activity_relational_model', 'lecture_modeling_normalization', 'lecture_conceptual_modeling', 'activity_conceptual_modeling', 'lecture_normalization', 'activity_normalization', 'lecture_conceptual_modeling', 'lecture_modeling_normalization', 'lecture_normalization', 'activity_decomposition', 'activity_conceptual_modeling', 'web_architecture_home', 'practice_spring_2tiers', 'lecture_conceptual_modeling', 'activity_conceptual_modeling', 'lecture_normalization', 'practice_spring_2tiers', 'web_architecture_home', 'practice_spring_2tiers_ext', 'practice_spring_2tiers', 'lecture_dto', 'practice_spring_2tiers', 'activity_conceptual_modeling', 'practice_spring_2tiers', 'activity_conceptual_modeling', 'practice_spring_2tiers', 'activity_conceptual_modeling', 'practice_spring_2tiers', 'web_architecture_home', 'lecture_jpa', 'practice_spring_2tiers_ext', 'lecture_mvc_spring', 'practice_jpa', 'practice_jpa_advanced', 'practice_spring_2tiers', 'lecture_xml', 'practice_xml', 'lecture_json', 'practice_json', 'practice_spring_2tiers', 'technical_environment_home', 'web_architecture_home', 'lecture_technical_architecture', 'lecture_software_architecture']",13.38,success,"[69, 12, 42, 67, 69, 12, 42, 51, 13, 53, 32, 69, 51, 53, 13, 70, 34, 33, 20, 48, 54, 25, 28, 69, 51, 12, 42, 43, 14, 13, 16, 68, 53, 32, 31, 18, 8, 27, 17, 0, 29, 6, 10, 56, 70, 69, 12, 42, 43, 14, 51, 13, 16, 68, 53, 34, 48, 49, 54, 55, 25, 35, 58, 37, 36, 38, 30, 24, 60, 52, 61, 41, 26, 50, 32, 18, 31, 8, 27, 0, 17, 0, 17, 29, 69, 34, 33, 69, 16, 70, 68, 53, 49, 54, 55, 48, 70, 54, 56, 39, 69, 51, 14, 70, 32, 18, 31, 8, 48, 25, 49, 54, 37, 25, 49, 54, 55, 37, 36, 38, 30, 24, 60, 52, 61, 41, 26, 50, 32, 27, 17, 0, 1, 29, 6, 56, 70, 55, 70, 48, 49, 54, 55, 32, 18, 8, 27, 17, 0, 29, 6, 4, 10, 35, 58, 23, 31, 70, 49, 54, 55, 32, 18, 8, 27, 17, 0, 29, 6, 17, 27, 29, 4, 0, 70, 54, 17, 0, 29, 54, 70, 55, 54, 20, 54, 0, 54, 0, 54, 0, 54, 70, 25, 55, 28, 48, 49, 54, 37, 60, 26, 50, 54, 69, 70, 34, 33]"
2520,"['technical_environment_home', 'documentation_docker', 'prerequisite_techenv_2025', 'practice_docker', 'practice_docker_advanced', 'documentation_rdbms', 'documentation_programming', 'practice_spring', 'documentation_docker', 'practice_postgresql', 'lecture_relational_model', 'lecture_db_integrity', 'lecture_relational_algebra', 'activity_relational_model', 'activity_relational_model_correction', 'lecture_modeling_normalization', 'lecture_conceptual_modeling', 'activity_conceptual_modeling', 'activity_relational_model', 'lecture_normalization', 'activity_conceptual_modeling', 'activity_normalization', 'activity_normalization_correction', 'activity_sql', 'practice_sql', 'practice_sql_correction', 'lecture_transaction', 'practice_transaction', 'documentation_rdbms', 'practice_transaction_correction', 'lecture_transaction', 'practice_transaction', 'technical_environment_home', 'practice_spring', 'web_architecture_home', 'lecture_technical_architecture', 'practice_jpa', 'web_architecture_home', 'lecture_xml', 'lecture_mvc_spring', 'practice_jpa', 'practice_jpa_advanced', 'practice_spring_2tiers', 'web_architecture_home', 'practice_xml', 'practice_json', 'practice_jpa_advanced', 'practice_jpa', 'web_architecture_home', 'practice_xml', 'lecture_json', 'practice_json', 'practice_jpa', 'lecture_conceptual_modeling', 'activity_normalization', 'activity_normalization_correction', 'web_architecture_home', 'practice_spring_2tiers_ext', 'lecture_conceptual_modeling', 'web_architecture_home', 'practice_schema_xml', 'lecture_conceptual_modeling', 'web_architecture_home']",6.46,failure,"[69, 12, 67, 42, 43, 14, 13, 53, 12, 51, 32, 18, 31, 8, 9, 27, 17, 0, 8, 29, 0, 6, 7, 10, 56, 57, 35, 58, 14, 59, 35, 58, 69, 53, 70, 34, 48, 70, 37, 28, 48, 49, 54, 70, 60, 50, 49, 48, 70, 60, 26, 50, 48, 17, 6, 7, 70, 55, 17, 70, 52, 17, 70]"
2521,"['prerequisite_data_2025', 'lecture_relational_model', 'lecture_modeling_normalization', 'activity_normalization', 'technical_environment_home', 'prerequisite_techenv_2025', 'technical_environment_home', 'prerequisite_techenv_2025', 'documentation_docker', 'practice_docker', 'technical_environment_home', 'prerequisite_techenv_2025', 'practice_docker', 'web_architecture_home', 'technical_environment_home', 'prerequisite_techenv_2025', 'practice_docker', 'practice_postgresql', 'practice_docker_advanced', 'practice_docker', 'documentation_docker', 'documentation_programming', 'practice_spring', 'technical_environment_home', 'prerequisite_techenv_2025', 'documentation_programming', 'practice_spring', 'prerequisite_data_2025', 'lecture_relational_model', 'lecture_db_integrity', 'activity_relational_model', 'activity_relational_model_correction', 'activity_relational_model', 'activity_relational_model_correction', 'lecture_modeling_normalization', 'lecture_conceptual_modeling', 'activity_conceptual_modeling', 'activity_conceptual_modeling_correction', 'prerequisite_data_2025', 'activity_conceptual_modeling', 'activity_relational_model', 'activity_relational_model_correction', 'lecture_transaction', 'lecture_normalization', 'activity_normalization', 'prerequisite_data_2025', 'web_architecture_home', 'lecture_relational_model', 'lecture_db_integrity', 'activity_relational_model', 'activity_relational_model_correction', 'lecture_modeling_normalization', 'lecture_conceptual_modeling', 'activity_conceptual_modeling', 'lecture_normalization', 'activity_decomposition', 'activity_normalization', 'activity_normalization_correction', 'prerequisite_data_2025', 'activity_normalization', 'activity_decomposition', 'activity_decomposition_correction', 'lecture_transaction', 'practice_transaction', 'practice_transaction_correction', 'activity_sql', 'activity_sql_correction', 'practice_sql', 'practice_sql_correction', 'web_architecture_home', 'prerequisite_archiweb_2025', 'lecture_technical_architecture', 'lecture_software_architecture', 'lecture_mvc_spring', 'prerequisite_data_2025', 'lecture_conceptual_modeling', 'lecture_normalization', 'web_architecture_home', 'prerequisite_archiweb_2025', 'practice_spring_2tiers', 'web_architecture_home', 'prerequisite_archiweb_2025', 'lecture_mvc_spring', 'practice_spring_2tiers', 'prerequisite_data_2025', 'lecture_conceptual_modeling', 'activity_conceptual_modeling', 'activity_conceptual_modeling_correction', 'lecture_normalization', 'web_architecture_home', 'prerequisite_data_2025', 'lecture_normalization', 'technical_environment_home', 'web_architecture_home', 'prerequisite_archiweb_2025', 'lecture_jpa', 'practice_jpa', 'prerequisite_data_2025', 'lecture_conceptual_modeling', 'lecture_normalization', 'prerequisite_data_2025', 'lecture_conceptual_modeling', 'web_architecture_home', 'prerequisite_archiweb_2025', 'lecture_jpa', 'practice_jpa', 'lecture_transaction', 'web_architecture_home', 'prerequisite_archiweb_2025', 'practice_jpa', 'practice_jpa_advanced', 'prerequisite_data_2025', 'lecture_conceptual_modeling']",12.95,success,"[65, 32, 27, 6, 69, 67, 69, 67, 12, 42, 69, 67, 42, 70, 69, 67, 42, 51, 43, 42, 12, 13, 53, 69, 67, 13, 53, 65, 32, 18, 8, 9, 8, 9, 27, 17, 0, 3, 65, 0, 8, 9, 35, 29, 6, 65, 70, 32, 18, 8, 9, 27, 17, 0, 29, 4, 6, 7, 65, 6, 4, 5, 35, 58, 59, 10, 11, 56, 57, 70, 63, 34, 33, 28, 65, 17, 29, 70, 63, 54, 70, 63, 28, 54, 65, 17, 0, 3, 29, 70, 65, 29, 69, 70, 63, 25, 48, 65, 17, 29, 65, 17, 70, 63, 25, 48, 35, 70, 63, 48, 49, 65, 17]"
2522,"['technical_environment_home', 'web_architecture_home', 'technical_environment_home', 'prerequisite_techenv_2025', 'documentation_programming', 'practice_docker_advanced', 'inversion_of_control', 'spring_bean', 'practice_spring', 'technical_environment_home', 'prerequisite_techenv_2025', 'practice_spring', 'web_architecture_home', 'prerequisite_archiweb_2025', 'lecture_technical_architecture', 'prerequisite_data_2025', 'lecture_relational_model', 'technical_environment_home', 'practice_postgresql', 'lecture_db_integrity', 'lecture_relational_algebra', 'activity_relational_model', 'activity_relational_model_correction', 'lecture_modeling_normalization', 'lecture_conceptual_modeling', 'activity_conceptual_modeling', 'activity_conceptual_modeling_correction', 'lecture_normalization', 'activity_normalization', 'activity_sql', 'practice_sql', 'practice_advanced_sql', 'lecture_transaction', 'web_architecture_home', 'lecture_technical_architecture', 'lecture_software_architecture', 'lecture_dto', 'lecture_mvc_spring', 'practice_transaction', 'web_architecture_home', 'lecture_software_architecture', 'lecture_dto', 'lecture_mvc_spring', 'prerequisite_data_2025', 'lecture_normalization', 'lecture_conceptual_modeling', 'activity_conceptual_modeling', 'activity_decomposition', 'practice_advanced_sql', 'practice_sql', 'activity_sql', 'practice_advanced_sql_correction', 'lecture_indexation', 'practice_indexation', 'practice_isolation', 'lecture_isolation', 'web_architecture_home', 'prerequisite_archiweb_2025', 'lecture_software_architecture', 'lecture_mvc_spring', 'lecture_jpa', 'practice_jpa', 'practice_spring_2tiers_ext', 'lecture_jpa', 'practice_jpa_advanced', 'web_architecture_home', 'practice_jpa', 'practice_jpa_advanced', 'practice_spring_2tiers', 'lecture_conceptual_modeling', 'lecture_normalization', 'web_architecture_home', 'lecture_normalization', 'web_architecture_home', 'practice_spring_2tiers_ext', 'lecture_xpath', 'lecture_xml', 'lecture_relational_model', 'lecture_modeling_normalization', 'lecture_conceptual_modeling', 'lecture_modeling_normalization', 'lecture_conceptual_modeling', 'activity_conceptual_modeling', 'lecture_normalization', 'lecture_conceptual_modeling', 'activity_conceptual_modeling']",16.96,success,"[69, 70, 69, 67, 13, 43, 16, 68, 53, 69, 67, 53, 70, 63, 34, 65, 32, 69, 51, 18, 31, 8, 9, 27, 17, 0, 3, 29, 6, 10, 56, 39, 35, 70, 34, 33, 20, 28, 58, 70, 33, 20, 28, 65, 29, 17, 0, 4, 39, 56, 10, 40, 22, 46, 47, 23, 70, 63, 33, 28, 25, 48, 55, 25, 49, 70, 48, 49, 54, 17, 29, 70, 29, 70, 55, 38, 37, 32, 27, 17, 27, 17, 0, 29, 17, 0]"
2523,"['technical_environment_home', 'documentation_programming', 'inversion_of_control', 'spring_bean', 'practice_spring', 'technical_environment_home', 'spring_bean', 'practice_spring', 'technical_environment_home', 'documentation_docker', 'practice_docker', 'practice_postgresql', 'documentation_rdbms', 'web_architecture_home', 'lecture_technical_architecture', 'lecture_relational_model', 'lecture_db_integrity', 'activity_relational_model', 'technical_environment_home', 'practice_docker', 'lecture_modeling_normalization', 'lecture_conceptual_modeling', 'activity_conceptual_modeling', 'lecture_normalization', 'activity_conceptual_modeling_correction', 'activity_sql', 'technical_environment_home', 'web_architecture_home', 'activity_normalization', 'lecture_normalization', 'activity_normalization_correction', 'lecture_transaction', 'practice_transaction', 'web_architecture_home', 'lecture_technical_architecture', 'lecture_software_architecture', 'lecture_dto', 'lecture_xml', 'lecture_json', 'lecture_mvc_spring', 'web_architecture_home', 'lecture_dto', 'lecture_mvc_spring', 'web_architecture_home', 'lecture_mvc_spring', 'lecture_jpa', 'technical_environment_home', 'practice_docker', 'practice_docker_advanced', 'documentation_docker', 'practice_postgresql', 'practice_jpa', 'technical_environment_home', 'practice_postgresql', 'web_architecture_home', 'lecture_conceptual_modeling', 'lecture_normalization', 'activity_conceptual_modeling', 'lecture_normalization', 'web_architecture_home', 'lecture_xml', 'practice_xml', 'technical_environment_home', 'activity_conceptual_modeling', 'activity_conceptual_modeling_correction', 'web_architecture_home', 'technical_environment_home', 'lecture_modeling_normalization', 'activity_conceptual_modeling', 'activity_conceptual_modeling_correction']",15.54,success,"[69, 13, 16, 68, 53, 69, 68, 53, 69, 12, 42, 51, 14, 70, 34, 32, 18, 8, 69, 42, 27, 17, 0, 29, 3, 10, 69, 70, 6, 29, 7, 35, 58, 70, 34, 33, 20, 37, 26, 28, 70, 20, 28, 70, 28, 25, 69, 42, 43, 12, 51, 48, 69, 51, 70, 17, 29, 0, 29, 70, 37, 60, 69, 0, 3, 70, 69, 27, 0, 3]"
2524,"['web_architecture_home', 'technical_environment_home', 'documentation_docker', 'practice_docker', 'practice_docker_advanced', 'documentation_rdbms', 'practice_postgresql', 'documentation_programming', 'practice_spring', 'inversion_of_control', 'spring_bean', 'activity_sql', 'technical_environment_home', 'spring_bean', 'inversion_of_control', 'practice_docker_advanced', 'web_architecture_home', 'lecture_technical_architecture', 'lecture_software_architecture', 'lecture_dto', 'lecture_mvc_spring', 'prerequisite_archiweb_2025', 'lecture_jpa', 'practice_spring_2tiers', 'lecture_xml', 'prerequisite_data_2025', 'activity_relational_model', 'lecture_relational_model', 'lecture_db_integrity', 'lecture_relational_algebra', 'lecture_modeling_normalization', 'lecture_conceptual_modeling', 'lecture_normalization', 'activity_conceptual_modeling', 'activity_conceptual_modeling_correction', 'activity_normalization', 'activity_normalization_correction', 'web_architecture_home', 'prerequisite_data_2025', 'activity_normalization_correction', 'activity_decomposition', 'activity_decomposition_correction', 'activity_sql', 'practice_sql', 'practice_sql_correction', 'lecture_transaction', 'practice_transaction', 'lecture_transaction', 'practice_transaction', 'prerequisite_data_2025', 'practice_transaction_correction', 'web_architecture_home', 'prerequisite_archiweb_2025', 'lecture_technical_architecture', 'lecture_software_architecture', 'lecture_dto', 'lecture_mvc_spring', 'lecture_jpa', 'practice_spring_2tiers', 'practice_jpa', 'web_architecture_home', 'prerequisite_archiweb_2025', 'practice_jpa', 'practice_spring_2tiers', 'practice_jpa_advanced', 'lecture_xml', 'practice_xml', 'lecture_json', 'practice_json', 'web_architecture_home', 'practice_jpa_advanced', 'practice_jpa', 'web_architecture_home', 'lecture_json', 'practice_json', 'practice_xml', 'prerequisite_archiweb_2025', 'lecture_validity', 'lecture_xml', 'web_architecture_home', 'prerequisite_archiweb_2025', 'practice_json', 'lecture_xpath', 'web_architecture_home', 'lecture_conceptual_modeling', 'activity_conceptual_modeling', 'activity_conceptual_modeling_correction', 'lecture_conceptual_modeling', 'activity_conceptual_modeling', 'lecture_normalization', 'activity_normalization', 'activity_decomposition', 'activity_decomposition_correction', 'web_architecture_home', 'lecture_software_architecture', 'web_architecture_home', 'practice_spring_2tiers_ext', 'lecture_dto', 'practice_spring_2tiers_ext', 'web_architecture_home', 'activity_conceptual_modeling', 'activity_conceptual_modeling_correction', 'web_architecture_home', 'practice_spring_2tiers_ext', 'technical_environment_home', 'activity_relational_model', 'activity_relational_model_correction', 'activity_conceptual_modeling', 'activity_conceptual_modeling_correction']",18.19,success,"[70, 69, 12, 42, 43, 14, 51, 13, 53, 16, 68, 10, 69, 68, 16, 43, 70, 34, 33, 20, 28, 63, 25, 54, 37, 65, 8, 32, 18, 31, 27, 17, 29, 0, 3, 6, 7, 70, 65, 7, 4, 5, 10, 56, 57, 35, 58, 35, 58, 65, 59, 70, 63, 34, 33, 20, 28, 25, 54, 48, 70, 63, 48, 54, 49, 37, 60, 26, 50, 70, 49, 48, 70, 26, 50, 60, 63, 36, 37, 70, 63, 50, 38, 70, 17, 0, 3, 17, 0, 29, 6, 4, 5, 70, 33, 70, 55, 20, 55, 70, 0, 3, 70, 55, 69, 8, 9, 0, 3]"
2525,"['technical_environment_home', 'prerequisite_techenv_2025', 'documentation_docker', 'web_architecture_home', 'practice_postgresql', 'technical_environment_home', 'practice_docker', 'documentation_docker', 'technical_environment_home', 'practice_docker', 'documentation_docker', 'technical_environment_home', 'practice_postgresql', 'prerequisite_techenv_2025', 'practice_docker', 'documentation_programming', 'practice_spring', 'lecture_relational_model', 'lecture_transaction', 'practice_transaction', 'documentation_rdbms', 'practice_postgresql', 'practice_transaction', 'web_architecture_home', 'lecture_technical_architecture', 'lecture_software_architecture', 'lecture_dto', 'lecture_mvc_spring', 'lecture_jpa', 'web_architecture_home', 'practice_jpa', 'web_architecture_home', 'practice_jpa_advanced', 'activity_conceptual_modeling', 'lecture_conceptual_modeling', 'lecture_normalization', 'web_architecture_home', 'practice_jpa', 'practice_spring_2tiers', 'lecture_modeling_normalization', 'lecture_conceptual_modeling', 'activity_conceptual_modeling', 'lecture_normalization', 'activity_sql', 'practice_sql', 'web_architecture_home', 'practice_jpa_advanced', 'practice_spring_2tiers', 'practice_spring_2tiers_ext', 'lecture_software_architecture', 'lecture_modeling_normalization', 'lecture_conceptual_modeling', 'activity_conceptual_modeling', 'lecture_normalization', 'activity_conceptual_modeling_correction', 'lecture_modeling_normalization', 'lecture_conceptual_modeling', 'lecture_normalization', 'web_architecture_home', 'practice_spring_2tiers', 'lecture_json', 'practice_json']",15.45,success,"[69, 67, 12, 70, 51, 69, 42, 12, 69, 42, 12, 69, 51, 67, 42, 13, 53, 32, 35, 58, 14, 51, 58, 70, 34, 33, 20, 28, 25, 70, 48, 70, 49, 0, 17, 29, 70, 48, 54, 27, 17, 0, 29, 10, 56, 70, 49, 54, 55, 33, 27, 17, 0, 29, 3, 27, 17, 29, 70, 54, 26, 50]"
2526,"['web_architecture_home', 'technical_environment_home', 'documentation_docker', 'practice_docker', 'practice_docker_advanced', 'documentation_rdbms', 'practice_postgresql', 'documentation_programming', 'inversion_of_control', 'spring_bean', 'inversion_of_control', 'documentation_programming', 'inversion_of_control', 'technical_environment_home', 'spring_bean', 'practice_spring', 'inversion_of_control', 'web_architecture_home', 'lecture_technical_architecture', 'lecture_relational_model', 'lecture_db_integrity', 'lecture_relational_algebra', 'activity_relational_model', 'activity_relational_model_correction', 'lecture_modeling_normalization', 'lecture_conceptual_modeling', 'activity_conceptual_modeling', 'activity_conceptual_modeling_correction', 'activity_conceptual_modeling_advanced', 'activity_normalization', 'lecture_normalization', 'activity_normalization_correction', 'inversion_of_control', 'activity_normalization', 'lecture_modeling_normalization', 'lecture_conceptual_modeling', 'activity_conceptual_modeling_advanced', 'lecture_normalization', 'activity_normalization_correction', 'practice_sql', 'web_architecture_home', 'lecture_software_architecture', 'lecture_dto', 'lecture_xml', 'lecture_technical_architecture', 'lecture_json', 'practice_json', 'practice_jpa', 'lecture_jpa', 'practice_jpa_advanced', 'lecture_jpa', 'practice_jpa', 'practice_transaction', 'practice_sql', 'inversion_of_control', 'lecture_conceptual_modeling', 'practice_transaction', 'lecture_transaction', 'web_architecture_home', 'practice_jpa', 'lecture_jpa', 'inversion_of_control', 'practice_jpa_advanced', 'practice_spring_2tiers', 'practice_spring_2tiers_ext', 'web_architecture_home', 'technical_environment_home', 'documentation_docker', 'web_architecture_home', 'lecture_conceptual_modeling', 'activity_decomposition', 'activity_decomposition_correction', 'activity_normalization', 'lecture_normalization', 'lecture_independence_views', 'lecture_technical_architecture', 'lecture_software_architecture', 'lecture_dto', 'lecture_mvc_spring', 'lecture_jpa', 'practice_jpa', 'technical_environment_home', 'documentation_docker', 'practice_docker', 'web_architecture_home', 'activity_normalization', 'lecture_normalization', 'activity_decomposition', 'lecture_conceptual_modeling', 'activity_conceptual_modeling', 'lecture_conceptual_modeling', 'lecture_modeling_normalization', 'lecture_conceptual_modeling', 'technical_environment_home', 'documentation_docker']",13.38,success,"[70, 69, 12, 42, 43, 14, 51, 13, 16, 68, 16, 13, 16, 69, 68, 53, 16, 70, 34, 32, 18, 31, 8, 9, 27, 17, 0, 3, 1, 6, 29, 7, 16, 6, 27, 17, 1, 29, 7, 56, 70, 33, 20, 37, 34, 26, 50, 48, 25, 49, 25, 48, 58, 56, 16, 17, 58, 35, 70, 48, 25, 16, 49, 54, 55, 70, 69, 12, 70, 17, 4, 5, 6, 29, 21, 34, 33, 20, 28, 25, 48, 69, 12, 42, 70, 6, 29, 4, 17, 0, 17, 27, 17, 69, 12]"
2527,"['web_architecture_home', 'lecture_software_architecture', 'lecture_technical_architecture', 'lecture_dto', 'practice_spring_2tiers_ext', 'lecture_mvc_spring', 'lecture_software_architecture', 'technical_environment_home', 'prerequisite_techenv_2025', 'documentation_docker', 'practice_docker', 'documentation_rdbms', 'practice_postgresql', 'technical_environment_home', 'documentation_rdbms', 'practice_postgresql', 'documentation_programming', 'inversion_of_control', 'spring_bean', 'technical_environment_home', 'inversion_of_control', 'spring_bean', 'practice_spring', 'web_architecture_home', 'prerequisite_archiweb_2025', 'lecture_technical_architecture', 'web_architecture_home', 'prerequisite_data_2025', 'lecture_relational_model', 'lecture_db_integrity', 'activity_relational_model', 'activity_relational_model_correction', 'prerequisite_data_2025', 'activity_relational_model', 'activity_relational_model_correction', 'lecture_relational_algebra', 'prerequisite_data_2025', 'lecture_modeling_normalization', 'lecture_normalization', 'activity_normalization', 'activity_normalization_correction', 'activity_decomposition', 'activity_decomposition_correction', 'web_architecture_home', 'prerequisite_archiweb_2025', 'lecture_dto', 'lecture_software_architecture', 'lecture_technical_architecture', 'lecture_mvc_spring', 'practice_spring_2tiers', 'lecture_jpa', 'practice_jpa', 'web_architecture_home', 'prerequisite_archiweb_2025', 'lecture_jpa', 'practice_jpa', 'lecture_mvc_spring', 'web_architecture_home', 'prerequisite_archiweb_2025', 'practice_jpa', 'lecture_dto', 'lecture_software_architecture', 'lecture_jpa', 'practice_jpa_advanced', 'lecture_mvc_spring', 'practice_spring_2tiers', 'web_architecture_home', 'prerequisite_archiweb_2025', 'practice_spring_2tiers', 'prerequisite_data_2025', 'activity_relational_model', 'lecture_validity', 'practice_xml', 'lecture_transaction', 'practice_transaction', 'practice_transaction_correction', 'activity_sql', 'activity_sql_correction', 'practice_sql', 'lecture_conceptual_modeling', 'prerequisite_data_2025', 'lecture_normalization', 'web_architecture_home', 'prerequisite_archiweb_2025', 'lecture_json', 'practice_json', 'practice_xml', 'lecture_software_architecture', 'activity_conceptual_modeling', 'activity_conceptual_modeling_advanced', 'lecture_conceptual_modeling', 'lecture_normalization', 'prerequisite_data_2025', 'lecture_conceptual_modeling']",14.52,success,"[70, 33, 34, 20, 55, 28, 33, 69, 67, 12, 42, 14, 51, 69, 14, 51, 13, 16, 68, 69, 16, 68, 53, 70, 63, 34, 70, 65, 32, 18, 8, 9, 65, 8, 9, 31, 65, 27, 29, 6, 7, 4, 5, 70, 63, 20, 33, 34, 28, 54, 25, 48, 70, 63, 25, 48, 28, 70, 63, 48, 20, 33, 25, 49, 28, 54, 70, 63, 54, 65, 8, 36, 60, 35, 58, 59, 10, 11, 56, 17, 65, 29, 70, 63, 26, 50, 60, 33, 0, 1, 17, 29, 65, 17]"
2528,"['technical_environment_home', 'practice_docker', 'web_architecture_home', 'documentation_rdbms', 'practice_postgresql', 'documentation_rdbms', 'practice_postgresql', 'documentation_programming', 'inversion_of_control', 'practice_spring', 'spring_bean', 'web_architecture_home', 'lecture_relational_model', 'lecture_db_integrity', 'activity_relational_model', 'practice_advanced_sql', 'activity_conceptual_modeling', 'lecture_modeling_normalization', 'lecture_conceptual_modeling', 'activity_relational_model_correction', 'activity_decomposition', 'lecture_conceptual_modeling', 'activity_conceptual_modeling_advanced', 'activity_conceptual_modeling_correction', 'lecture_conceptual_modeling', 'lecture_normalization', 'activity_normalization', 'lecture_normalization', 'activity_conceptual_modeling_advanced', 'activity_conceptual_modeling', 'lecture_modeling_normalization', 'lecture_independence_views', 'activity_normalization', 'lecture_normalization', 'activity_normalization_correction', 'practice_transaction', 'lecture_independence_views', 'web_architecture_home', 'lecture_technical_architecture', 'lecture_software_architecture', 'lecture_dto', 'lecture_mvc_spring', 'lecture_jpa', 'lecture_mvc_spring', 'lecture_json', 'practice_json', 'practice_jpa', 'activity_sql', 'activity_sql_correction', 'web_architecture_home', 'practice_jpa', 'lecture_jpa', 'lecture_modeling_normalization', 'lecture_conceptual_modeling', 'activity_conceptual_modeling', 'activity_conceptual_modeling_advanced', 'lecture_normalization', 'activity_normalization', 'lecture_transaction', 'practice_transaction', 'web_architecture_home', 'lecture_mvc_spring', 'practice_jpa', 'lecture_jpa', 'practice_jpa_advanced', 'lecture_xml', 'practice_spring_2tiers', 'practice_jpa', 'practice_jpa_advanced', 'practice_spring_2tiers', 'lecture_xml', 'technical_environment_home', 'activity_conceptual_modeling', 'lecture_conceptual_modeling', 'activity_conceptual_modeling', 'activity_conceptual_modeling_advanced', 'lecture_conceptual_modeling', 'lecture_modeling_normalization', 'activity_conceptual_modeling_correction', 'lecture_software_architecture', 'web_architecture_home', 'activity_normalization', 'activity_conceptual_modeling_advanced_correction', 'lecture_db_integrity', 'activity_conceptual_modeling', 'lecture_modeling_normalization', 'web_architecture_home', 'lecture_jpa', 'practice_jpa', 'technical_environment_home', 'practice_postgresql', 'web_architecture_home', 'lecture_xpath', 'practice_spring_2tiers_ext', 'practice_postgresql', 'practice_jpa_advanced', 'practice_jpa', 'activity_normalization', 'activity_decomposition', 'activity_conceptual_modeling', 'practice_advanced_sql', 'documentation_rdbms', 'lecture_normalization', 'activity_normalization', 'lecture_normalization', 'activity_normalization', 'activity_decomposition', 'lecture_independence_views', 'web_architecture_home', 'lecture_jpa', 'practice_jpa']",10.46,failure,"[69, 42, 70, 14, 51, 14, 51, 13, 16, 53, 68, 70, 32, 18, 8, 39, 0, 27, 17, 9, 4, 17, 1, 3, 17, 29, 6, 29, 1, 0, 27, 21, 6, 29, 7, 58, 21, 70, 34, 33, 20, 28, 25, 28, 26, 50, 48, 10, 11, 70, 48, 25, 27, 17, 0, 1, 29, 6, 35, 58, 70, 28, 48, 25, 49, 37, 54, 48, 49, 54, 37, 69, 0, 17, 0, 1, 17, 27, 3, 33, 70, 6, 2, 18, 0, 27, 70, 25, 48, 69, 51, 70, 38, 55, 51, 49, 48, 6, 4, 0, 39, 14, 29, 6, 29, 6, 4, 21, 70, 25, 48]"
2529,"['technical_environment_home', 'web_architecture_home', 'prerequisite_archiweb_2025', 'lecture_software_architecture', 'prerequisite_data_2025', 'prerequisite_techenv_2025', 'lecture_parser', 'lecture_jaxb', 'practice_spring_2tiers', 'technical_environment_home', 'prerequisite_techenv_2025', 'documentation_docker', 'technical_environment_home', 'prerequisite_techenv_2025', 'practice_docker', 'practice_postgresql', 'documentation_rdbms', 'documentation_programming', 'practice_spring', 'technical_environment_home', 'prerequisite_techenv_2025', 'practice_spring', 'documentation_programming', 'web_architecture_home', 'prerequisite_archiweb_2025', 'spring_bean', 'inversion_of_control', 'lecture_technical_architecture', 'prerequisite_data_2025', 'lecture_relational_model', 'lecture_db_integrity', 'activity_relational_model', 'technical_environment_home', 'practice_postgresql', 'practice_docker', 'lecture_relational_algebra', 'activity_relational_model_correction', 'web_architecture_home', 'lecture_modeling_normalization', 'lecture_conceptual_modeling', 'activity_conceptual_modeling', 'lecture_normalization', 'activity_conceptual_modeling_correction', 'activity_conceptual_modeling', 'activity_conceptual_modeling_advanced', 'activity_conceptual_modeling_advanced_correction', 'lecture_relational_model', 'activity_conceptual_modeling', 'lecture_normalization', 'lecture_conceptual_modeling', 'lecture_modeling_normalization', 'activity_normalization', 'practice_independence_views', 'activity_conceptual_modeling_advanced', 'activity_conceptual_modeling_advanced_correction', 'activity_conceptual_modeling_correction', 'technical_environment_home', 'prerequisite_techenv_2025', 'practice_docker', 'activity_normalization_correction', 'activity_decomposition', 'activity_decomposition_correction', 'activity_sql', 'activity_sql_correction', 'practice_sql', 'activity_sql', 'practice_sql_correction', 'practice_advanced_sql', 'practice_independence_views', 'lecture_transaction', 'practice_transaction', 'documentation_programming', 'practice_spring', 'web_architecture_home', 'prerequisite_archiweb_2025', 'practice_transaction_correction', 'lecture_technical_architecture', 'lecture_software_architecture', 'lecture_mvc_spring', 'practice_spring_2tiers', 'practice_spring_2tiers_ext', 'prerequisite_archiweb_2025', 'technical_environment_home', 'prerequisite_techenv_2025', 'practice_docker', 'web_architecture_home', 'prerequisite_data_2025', 'practice_transaction', 'lecture_normalization', 'activity_conceptual_modeling', 'lecture_conceptual_modeling', 'lecture_transaction', 'lecture_jpa', 'practice_spring_2tiers', 'practice_jpa', 'lecture_mvc_spring', 'practice_jpa_advanced', 'practice_jpa', 'prerequisite_data_2025', 'lecture_relational_model', 'lecture_db_integrity', 'activity_relational_model', 'lecture_modeling_normalization', 'lecture_conceptual_modeling', 'activity_conceptual_modeling', 'lecture_normalization', 'activity_normalization', 'activity_decomposition', 'activity_normalization', 'activity_decomposition', 'activity_normalization', 'activity_decomposition_correction', 'web_architecture_home', 'prerequisite_data_2025', 'lecture_indexation', 'prerequisite_archiweb_2025', 'lecture_technical_architecture', 'practice_spring_2tiers_ext', 'lecture_software_architecture', 'lecture_dto', 'web_architecture_home', 'prerequisite_archiweb_2025', 'lecture_mvc_spring', 'practice_spring_2tiers']",16.08,success,"[69, 70, 63, 33, 65, 67, 30, 24, 54, 69, 67, 12, 69, 67, 42, 51, 14, 13, 53, 69, 67, 53, 13, 70, 63, 68, 16, 34, 65, 32, 18, 8, 69, 51, 42, 31, 9, 70, 27, 17, 0, 29, 3, 0, 1, 2, 32, 0, 29, 17, 27, 6, 44, 1, 2, 3, 69, 67, 42, 7, 4, 5, 10, 11, 56, 10, 57, 39, 44, 35, 58, 13, 53, 70, 63, 59, 34, 33, 28, 54, 55, 63, 69, 67, 42, 70, 65, 58, 29, 0, 17, 35, 25, 54, 48, 28, 49, 48, 65, 32, 18, 8, 27, 17, 0, 29, 6, 4, 6, 4, 6, 5, 70, 65, 22, 63, 34, 55, 33, 20, 70, 63, 28, 54]"
253,"['technical_environment_home', 'prerequisite_techenv_2025', 'technical_environment_home', 'prerequisite_techenv_2025', 'technical_environment_home', 'documentation_docker', 'practice_docker', 'practice_postgresql', 'documentation_rdbms', 'technical_environment_home', 'documentation_docker', 'prerequisite_data_2025', 'lecture_modeling_normalization', 'prerequisite_techenv_2025', 'lecture_conceptual_modeling', 'activity_conceptual_modeling', 'activity_conceptual_modeling_advanced', 'lecture_normalization', 'activity_normalization', 'lecture_conceptual_modeling', 'prerequisite_techenv_2025', 'documentation_docker', 'activity_sql', 'practice_sql', 'activity_sql', 'lecture_independence_views', 'practice_independence_views', 'practice_sql', 'practice_advanced_sql', 'prerequisite_techenv_2025', 'lecture_transaction', 'practice_transaction', 'lecture_indexation', 'practice_advanced_sql', 'lecture_transaction', 'practice_transaction', 'lecture_isolation', 'technical_environment_home', 'documentation_docker', 'practice_docker', 'practice_docker_advanced', 'documentation_rdbms', 'practice_postgresql', 'prerequisite_data_2025', 'practice_sql', 'web_architecture_home', 'prerequisite_archiweb_2025', 'practice_spring_2tiers', 'practice_sql', 'lecture_transaction', 'web_architecture_home', 'prerequisite_archiweb_2025', 'lecture_json']",12.54,success,"[69, 67, 69, 67, 69, 12, 42, 51, 14, 69, 12, 65, 27, 67, 17, 0, 1, 29, 6, 17, 67, 12, 10, 56, 10, 21, 44, 56, 39, 67, 35, 58, 22, 39, 35, 58, 23, 69, 12, 42, 43, 14, 51, 65, 56, 70, 63, 54, 56, 35, 70, 63, 26]"
2530,"['technical_environment_home', 'documentation_docker', 'practice_docker', 'technical_environment_home', 'practice_docker_advanced', 'documentation_rdbms', 'practice_docker', 'practice_postgresql', 'documentation_programming', 'inversion_of_control', 'spring_bean', 'practice_spring', 'lecture_relational_model', 'lecture_db_integrity', 'lecture_relational_algebra', 'activity_relational_model', 'lecture_modeling_normalization', 'lecture_conceptual_modeling', 'activity_conceptual_modeling', 'lecture_normalization', 'activity_conceptual_modeling_advanced', 'activity_normalization', 'activity_decomposition', 'lecture_independence_views', 'practice_independence_views', 'activity_sql', 'activity_sql_correction', 'practice_sql', 'activity_sql', 'practice_sql_correction', 'lecture_transaction', 'practice_transaction', 'web_architecture_home', 'lecture_technical_architecture', 'lecture_software_architecture', 'lecture_dto', 'lecture_mvc_spring', 'lecture_jpa', 'practice_jpa', 'web_architecture_home', 'technical_environment_home', 'lecture_db_integrity', 'lecture_conceptual_modeling', 'lecture_normalization', 'activity_conceptual_modeling_advanced', 'activity_normalization', 'activity_conceptual_modeling', 'practice_transaction', 'lecture_transaction', 'practice_jpa', 'lecture_xml', 'practice_spring_2tiers', 'web_architecture_home', 'practice_jpa_advanced', 'practice_spring_2tiers', 'web_architecture_home', 'practice_spring_2tiers', 'web_architecture_home', 'lecture_normalization', 'web_architecture_home', 'practice_spring_2tiers_ext', 'lecture_dto', 'web_architecture_home', 'lecture_conceptual_modeling', 'technical_environment_home', 'documentation_docker', 'practice_docker', 'practice_docker_advanced', 'documentation_rdbms', 'practice_postgresql', 'technical_environment_home', 'practice_docker_advanced', 'practice_docker', 'documentation_programming', 'practice_spring']",12.96,success,"[69, 12, 42, 69, 43, 14, 42, 51, 13, 16, 68, 53, 32, 18, 31, 8, 27, 17, 0, 29, 1, 6, 4, 21, 44, 10, 11, 56, 10, 57, 35, 58, 70, 34, 33, 20, 28, 25, 48, 70, 69, 18, 17, 29, 1, 6, 0, 58, 35, 48, 37, 54, 70, 49, 54, 70, 54, 70, 29, 70, 55, 20, 70, 17, 69, 12, 42, 43, 14, 51, 69, 43, 42, 13, 53]"
2531,"['technical_environment_home', 'prerequisite_techenv_2025', 'documentation_docker', 'practice_docker', 'technical_environment_home', 'documentation_docker', 'practice_docker', 'documentation_rdbms', 'practice_postgresql', 'practice_docker_advanced', 'prerequisite_data_2025', 'lecture_relational_model', 'lecture_db_integrity', 'lecture_relational_algebra', 'activity_relational_model', 'activity_relational_model_correction', 'web_architecture_home', 'lecture_modeling_normalization', 'lecture_conceptual_modeling', 'activity_conceptual_modeling', 'lecture_conceptual_modeling', 'lecture_normalization', 'activity_normalization', 'activity_normalization_correction', 'lecture_normalization', 'activity_sql', 'activity_sql_correction', 'practice_sql', 'lecture_transaction', 'practice_transaction', 'prerequisite_data_2025', 'technical_environment_home', 'web_architecture_home', 'prerequisite_archiweb_2025', 'documentation_docker', 'practice_docker', 'practice_postgresql', 'documentation_programming', 'practice_spring', 'practice_sql', 'practice_sql_correction', 'lecture_transaction', 'practice_transaction', 'practice_transaction_correction', 'practice_transaction', 'practice_transaction_correction', 'web_architecture_home', 'lecture_technical_architecture', 'lecture_software_architecture', 'lecture_dto', 'lecture_mvc_spring', 'lecture_jpa', 'practice_jpa', 'lecture_conceptual_modeling', 'activity_normalization', 'lecture_normalization', 'activity_conceptual_modeling', 'web_architecture_home', 'practice_jpa', 'lecture_jpa', 'practice_jpa_advanced', 'practice_spring_2tiers', 'practice_json', 'lecture_jpa', 'lecture_mvc_spring', 'web_architecture_home', 'practice_spring_2tiers', 'activity_conceptual_modeling', 'lecture_conceptual_modeling', 'web_architecture_home', 'practice_spring_2tiers', 'lecture_xml', 'practice_xml', 'practice_json', 'web_architecture_home', 'practice_jpa_advanced', 'web_architecture_home', 'practice_jpa_advanced', 'lecture_conceptual_modeling', 'lecture_normalization', 'practice_spring_2tiers', 'activity_conceptual_modeling', 'web_architecture_home', 'practice_spring_2tiers_ext', 'lecture_dto', 'technical_environment_home', 'documentation_docker', 'practice_docker', 'practice_docker_advanced', 'documentation_rdbms', 'practice_postgresql', 'documentation_programming', 'inversion_of_control', 'spring_bean', 'practice_spring', 'web_architecture_home']",12.63,success,"[69, 67, 12, 42, 69, 12, 42, 14, 51, 43, 65, 32, 18, 31, 8, 9, 70, 27, 17, 0, 17, 29, 6, 7, 29, 10, 11, 56, 35, 58, 65, 69, 70, 63, 12, 42, 51, 13, 53, 56, 57, 35, 58, 59, 58, 59, 70, 34, 33, 20, 28, 25, 48, 17, 6, 29, 0, 70, 48, 25, 49, 54, 50, 25, 28, 70, 54, 0, 17, 70, 54, 37, 60, 50, 70, 49, 70, 49, 17, 29, 54, 0, 70, 55, 20, 69, 12, 42, 43, 14, 51, 13, 16, 68, 53, 70]"
2533,"['technical_environment_home', 'web_architecture_home', 'technical_environment_home', 'prerequisite_techenv_2025', 'technical_environment_home', 'documentation_rdbms', 'practice_postgresql', 'documentation_docker', 'web_architecture_home', 'prerequisite_data_2025', 'practice_docker', 'technical_environment_home', 'practice_docker', 'practice_postgresql', 'practice_docker_advanced', 'web_architecture_home', 'practice_xpath', 'lecture_technical_architecture', 'documentation_rdbms', 'technical_environment_home', 'documentation_rdbms', 'web_architecture_home', 'practice_postgresql', 'documentation_programming', 'inversion_of_control', 'practice_docker_advanced', 'technical_environment_home', 'practice_docker_advanced', 'technical_environment_home', 'practice_docker_advanced', 'practice_postgresql', 'documentation_programming', 'practice_spring', 'inversion_of_control', 'web_architecture_home', 'technical_environment_home', 'documentation_programming', 'prerequisite_archiweb_2025', 'inversion_of_control', 'lecture_technical_architecture', 'lecture_software_architecture', 'lecture_dto', 'lecture_mvc_spring', 'practice_spring', 'documentation_docker', 'practice_docker', 'prerequisite_techenv_2025', 'prerequisite_data_2025', 'technical_environment_home', 'prerequisite_data_2025', 'web_architecture_home', 'prerequisite_archiweb_2025', 'technical_environment_home', 'practice_jpa', 'prerequisite_data_2025', 'lecture_relational_model', 'technical_environment_home', 'web_architecture_home', 'prerequisite_archiweb_2025', 'lecture_mvc_spring', 'technical_environment_home', 'practice_spring', 'lecture_xml', 'practice_xml', 'lecture_json', 'web_architecture_home', 'prerequisite_archiweb_2025', 'web_architecture_home', 'practice_spring_2tiers', 'activity_conceptual_modeling', 'activity_normalization', 'lecture_conceptual_modeling', 'activity_relational_model', 'lecture_relational_model', 'lecture_modeling_normalization', 'activity_decomposition', 'activity_normalization_correction', 'activity_sql', 'prerequisite_data_2025', 'lecture_normalization', 'technical_environment_home', 'documentation_docker', 'documentation_programming', 'practice_docker', 'practice_postgresql', 'web_architecture_home', 'lecture_mvc_spring', 'practice_xml', 'practice_spring', 'lecture_json', 'prerequisite_data_2025', 'lecture_db_integrity', 'web_architecture_home', 'activity_normalization', 'lecture_normalization', 'web_architecture_home', 'lecture_jpa', 'web_architecture_home', 'lecture_mvc_spring', 'lecture_jpa']",9.79,failure,"[69, 70, 69, 67, 69, 14, 51, 12, 70, 65, 42, 69, 42, 51, 43, 70, 61, 34, 14, 69, 14, 70, 51, 13, 16, 43, 69, 43, 69, 43, 51, 13, 53, 16, 70, 69, 13, 63, 16, 34, 33, 20, 28, 53, 12, 42, 67, 65, 69, 65, 70, 63, 69, 48, 65, 32, 69, 70, 63, 28, 69, 53, 37, 60, 26, 70, 63, 70, 54, 0, 6, 17, 8, 32, 27, 4, 7, 10, 65, 29, 69, 12, 13, 42, 51, 70, 28, 60, 53, 26, 65, 18, 70, 6, 29, 70, 25, 70, 28, 25]"
2534,"['technical_environment_home', 'prerequisite_techenv_2025', 'documentation_programming', 'inversion_of_control', 'spring_bean', 'practice_spring', 'documentation_docker', 'practice_docker_advanced', 'practice_docker', 'documentation_rdbms', 'technical_environment_home', 'practice_docker_advanced', 'practice_spring', 'web_architecture_home', 'technical_environment_home', 'practice_postgresql', 'prerequisite_data_2025', 'web_architecture_home', 'lecture_technical_architecture', 'technical_environment_home', 'documentation_docker', 'practice_docker', 'practice_docker_advanced', 'documentation_rdbms', 'practice_postgresql', 'web_architecture_home', 'lecture_software_architecture', 'lecture_dto', 'lecture_xml', 'lecture_json', 'lecture_mvc_spring', 'lecture_jpa', 'practice_jpa', 'web_architecture_home', 'lecture_jpa', 'practice_jpa', 'web_architecture_home', 'practice_spring_2tiers_ext', 'practice_spring_2tiers', 'lecture_software_architecture', 'technical_environment_home', 'lecture_xml', 'lecture_validity', 'lecture_xpath', 'lecture_parser', 'lecture_jaxb', 'lecture_relational_model', 'lecture_db_integrity', 'lecture_relational_algebra', 'activity_relational_model', 'activity_relational_model_correction', 'lecture_modeling_normalization', 'lecture_conceptual_modeling', 'activity_conceptual_modeling', 'activity_conceptual_modeling_correction', 'activity_conceptual_modeling_advanced', 'activity_conceptual_modeling_advanced_correction', 'lecture_normalization', 'activity_normalization', 'activity_decomposition', 'activity_normalization', 'activity_decomposition', 'activity_decomposition_correction', 'lecture_independence_views', 'practice_independence_views', 'practice_independence_views_correction', 'activity_sql', 'activity_sql_correction', 'activity_sql', 'activity_sql_correction', 'practice_sql', 'practice_sql_correction', 'practice_advanced_sql', 'practice_advanced_sql_correction', 'lecture_transaction', 'practice_transaction', 'lecture_isolation', 'practice_isolation', 'lecture_indexation', 'practice_indexation', 'technical_environment_home', 'practice_docker_advanced', 'practice_advanced_sql', 'practice_sql', 'practice_sql_correction', 'activity_sql', 'activity_sql_correction', 'lecture_conceptual_modeling', 'web_architecture_home', 'lecture_dto', 'lecture_software_architecture', 'lecture_technical_architecture', 'lecture_jpa', 'practice_jpa', 'practice_jpa_advanced', 'practice_spring_2tiers_ext', 'practice_spring_2tiers', 'lecture_jaxb', 'lecture_conceptual_modeling', 'lecture_modeling_normalization', 'activity_conceptual_modeling', 'activity_conceptual_modeling_advanced', 'lecture_normalization', 'technical_environment_home', 'prerequisite_techenv_2025', 'practice_docker_advanced', 'web_architecture_home', 'prerequisite_archiweb_2025', 'lecture_jaxb', 'practice_spring', 'spring_bean', 'inversion_of_control', 'lecture_isolation', 'practice_isolation', 'lecture_indexation', 'practice_indexation', 'practice_schema_xml', 'lecture_xml', 'technical_environment_home', 'web_architecture_home', 'lecture_relational_model', 'activity_relational_model', 'lecture_conceptual_modeling', 'technical_environment_home', 'practice_docker_advanced', 'practice_docker', 'technical_environment_home', 'practice_docker_advanced', 'practice_docker', 'practice_postgresql', 'prerequisite_techenv_2025', 'technical_environment_home', 'documentation_programming', 'inversion_of_control', 'spring_bean', 'practice_spring', 'technical_environment_home', 'web_architecture_home', 'practice_jpa', 'lecture_conceptual_modeling']",14.9,success,"[69, 67, 13, 16, 68, 53, 12, 43, 42, 14, 69, 43, 53, 70, 69, 51, 65, 70, 34, 69, 12, 42, 43, 14, 51, 70, 33, 20, 37, 26, 28, 25, 48, 70, 25, 48, 70, 55, 54, 33, 69, 37, 36, 38, 30, 24, 32, 18, 31, 8, 9, 27, 17, 0, 3, 1, 2, 29, 6, 4, 6, 4, 5, 21, 44, 45, 10, 11, 10, 11, 56, 57, 39, 40, 35, 58, 23, 47, 22, 46, 69, 43, 39, 56, 57, 10, 11, 17, 70, 20, 33, 34, 25, 48, 49, 55, 54, 24, 17, 27, 0, 1, 29, 69, 67, 43, 70, 63, 24, 53, 68, 16, 23, 47, 22, 46, 52, 37, 69, 70, 32, 8, 17, 69, 43, 42, 69, 43, 42, 51, 67, 69, 13, 16, 68, 53, 69, 70, 48, 17]"
2539,"['technical_environment_home', 'web_architecture_home', 'prerequisite_data_2025', 'lecture_relational_model', 'technical_environment_home', 'prerequisite_techenv_2025', 'documentation_docker', 'practice_docker', 'documentation_rdbms', 'practice_postgresql', 'documentation_programming', 'inversion_of_control', 'practice_spring', 'web_architecture_home', 'prerequisite_archiweb_2025', 'prerequisite_data_2025', 'lecture_relational_model', 'lecture_db_integrity', 'activity_relational_model', 'activity_relational_model_correction', 'lecture_modeling_normalization', 'lecture_conceptual_modeling', 'activity_conceptual_modeling', 'activity_conceptual_modeling_correction', 'lecture_normalization', 'prerequisite_data_2025', 'activity_normalization', 'activity_normalization_correction', 'lecture_normalization', 'activity_sql', 'activity_sql_correction', 'practice_sql', 'practice_sql_correction', 'documentation_rdbms', 'practice_postgresql', 'lecture_transaction', 'practice_transaction', 'practice_transaction_correction', 'practice_transaction', 'web_architecture_home', 'lecture_transaction', 'technical_environment_home', 'lecture_technical_architecture', 'prerequisite_archiweb_2025', 'lecture_software_architecture', 'lecture_dto', 'lecture_xml', 'lecture_json', 'practice_xml', 'prerequisite_archiweb_2025', 'lecture_xml', 'practice_xml', 'lecture_transaction', 'activity_sql', 'lecture_conceptual_modeling', 'lecture_normalization', 'lecture_modeling_normalization', 'practice_json', 'practice_jpa', 'lecture_jpa', 'lecture_mvc_spring', 'web_architecture_home', 'technical_environment_home', 'prerequisite_techenv_2025', 'documentation_programming', 'practice_spring', 'practice_jpa_advanced', 'practice_spring_2tiers', 'practice_jpa_advanced', 'practice_spring_2tiers', 'technical_environment_home', 'prerequisite_archiweb_2025', 'web_architecture_home', 'practice_spring_2tiers', 'prerequisite_data_2025', 'lecture_conceptual_modeling', 'activity_conceptual_modeling', 'lecture_normalization', 'activity_normalization', 'lecture_transaction', 'practice_transaction', 'web_architecture_home', 'practice_spring_2tiers_ext', 'lecture_mvc_spring', 'prerequisite_archiweb_2025', 'lecture_dto', 'practice_spring_2tiers', 'lecture_normalization', 'lecture_conceptual_modeling', 'web_architecture_home', 'prerequisite_archiweb_2025', 'practice_spring_2tiers_ext', 'technical_environment_home', 'documentation_docker', 'practice_docker', 'practice_postgresql', 'documentation_programming', 'practice_spring', 'prerequisite_data_2025', 'activity_sql', 'practice_sql', 'documentation_rdbms', 'technical_environment_home', 'web_architecture_home', 'practice_jpa', 'practice_jpa_advanced', 'practice_spring_2tiers']",13.75,success,"[69, 70, 65, 32, 69, 67, 12, 42, 14, 51, 13, 16, 53, 70, 63, 65, 32, 18, 8, 9, 27, 17, 0, 3, 29, 65, 6, 7, 29, 10, 11, 56, 57, 14, 51, 35, 58, 59, 58, 70, 35, 69, 34, 63, 33, 20, 37, 26, 60, 63, 37, 60, 35, 10, 17, 29, 27, 50, 48, 25, 28, 70, 69, 67, 13, 53, 49, 54, 49, 54, 69, 63, 70, 54, 65, 17, 0, 29, 6, 35, 58, 70, 55, 28, 63, 20, 54, 29, 17, 70, 63, 55, 69, 12, 42, 51, 13, 53, 65, 10, 56, 14, 69, 70, 48, 49, 54]"
2540,"['technical_environment_home', 'practice_docker', 'documentation_rdbms', 'practice_postgresql', 'documentation_programming', 'practice_spring', 'technical_environment_home', 'documentation_programming', 'practice_spring', 'lecture_relational_model', 'lecture_db_integrity', 'activity_relational_model', 'activity_sql', 'practice_sql', 'practice_advanced_sql', 'technical_environment_home', 'web_architecture_home', 'prerequisite_archiweb_2025', 'technical_environment_home', 'activity_conceptual_modeling', 'lecture_conceptual_modeling', 'activity_sql', 'practice_sql', 'web_architecture_home', 'practice_sql', 'lecture_technical_architecture', 'lecture_software_architecture', 'web_architecture_home', 'lecture_technical_architecture', 'practice_jpa', 'lecture_mvc_spring', 'lecture_jpa', 'web_architecture_home', 'practice_spring_2tiers', 'activity_normalization', 'lecture_normalization', 'activity_decomposition', 'activity_normalization_correction', 'web_architecture_home', 'practice_spring_2tiers_ext', 'lecture_software_architecture', 'web_architecture_home', 'lecture_normalization', 'web_architecture_home', 'lecture_conceptual_modeling', 'lecture_normalization']",11.29,failure,"[69, 42, 14, 51, 13, 53, 69, 13, 53, 32, 18, 8, 10, 56, 39, 69, 70, 63, 69, 0, 17, 10, 56, 70, 56, 34, 33, 70, 34, 48, 28, 25, 70, 54, 6, 29, 4, 7, 70, 55, 33, 70, 29, 70, 17, 29]"
2541,"['technical_environment_home', 'documentation_docker', 'documentation_rdbms', 'practice_postgresql', 'practice_docker', 'lecture_relational_model', 'practice_docker', 'prerequisite_techenv_2025', 'practice_docker_advanced', 'practice_docker', 'practice_docker_advanced', 'documentation_rdbms', 'technical_environment_home', 'documentation_programming', 'practice_postgresql', 'technical_environment_home', 'documentation_programming', 'practice_spring', 'inversion_of_control', 'web_architecture_home', 'spring_bean', 'technical_environment_home', 'practice_spring', 'documentation_programming', 'inversion_of_control', 'practice_spring', 'lecture_relational_model', 'lecture_db_integrity', 'technical_environment_home', 'practice_spring', 'activity_relational_model', 'activity_relational_model_correction', 'prerequisite_data_2025', 'lecture_modeling_normalization', 'lecture_relational_algebra', 'lecture_conceptual_modeling', 'activity_conceptual_modeling', 'activity_conceptual_modeling_correction', 'lecture_normalization', 'activity_sql', 'lecture_normalization', 'activity_normalization', 'technical_environment_home', 'activity_sql', 'activity_normalization', 'lecture_normalization', 'activity_sql_correction', 'practice_sql', 'practice_sql_correction', 'practice_advanced_sql', 'lecture_transaction', 'practice_transaction', 'lecture_relational_model', 'prerequisite_data_2025', 'web_architecture_home', 'prerequisite_archiweb_2025', 'lecture_technical_architecture', 'lecture_software_architecture', 'lecture_dto', 'lecture_mvc_spring', 'lecture_jpa', 'practice_jpa', 'web_architecture_home', 'lecture_jpa', 'web_architecture_home', 'practice_jpa', 'prerequisite_archiweb_2025', 'practice_jpa_advanced', 'practice_spring_2tiers', 'web_architecture_home', 'practice_spring_2tiers', 'practice_jpa_advanced', 'web_architecture_home', 'lecture_xml', 'practice_xml', 'lecture_json', 'practice_json', 'practice_jpa_advanced', 'lecture_modeling_normalization', 'activity_conceptual_modeling', 'lecture_conceptual_modeling', 'activity_conceptual_modeling_advanced', 'activity_conceptual_modeling_advanced_correction', 'activity_conceptual_modeling_correction', 'lecture_normalization', 'activity_normalization', 'activity_decomposition', 'activity_decomposition_correction', 'lecture_normalization', 'activity_normalization_correction', 'activity_decomposition_correction', 'web_architecture_home', 'practice_spring_2tiers_ext', 'lecture_dto', 'technical_environment_home', 'documentation_docker', 'practice_docker_advanced', 'practice_docker', 'web_architecture_home', 'practice_spring_2tiers', 'lecture_technical_architecture', 'lecture_software_architecture', 'lecture_mvc_spring', 'lecture_jpa', 'practice_jpa', 'practice_jpa_advanced']",15.25,success,"[69, 12, 14, 51, 42, 32, 42, 67, 43, 42, 43, 14, 69, 13, 51, 69, 13, 53, 16, 70, 68, 69, 53, 13, 16, 53, 32, 18, 69, 53, 8, 9, 65, 27, 31, 17, 0, 3, 29, 10, 29, 6, 69, 10, 6, 29, 11, 56, 57, 39, 35, 58, 32, 65, 70, 63, 34, 33, 20, 28, 25, 48, 70, 25, 70, 48, 63, 49, 54, 70, 54, 49, 70, 37, 60, 26, 50, 49, 27, 0, 17, 1, 2, 3, 29, 6, 4, 5, 29, 7, 5, 70, 55, 20, 69, 12, 43, 42, 70, 54, 34, 33, 28, 25, 48, 49]"
2542,"['technical_environment_home', 'documentation_docker', 'practice_docker', 'practice_postgresql', 'practice_docker_advanced', 'documentation_rdbms', 'documentation_programming', 'inversion_of_control', 'spring_bean', 'practice_spring', 'web_architecture_home', 'lecture_technical_architecture', 'lecture_xml', 'lecture_relational_model', 'lecture_db_integrity', 'lecture_relational_algebra', 'activity_relational_model', 'activity_relational_model_correction', 'lecture_modeling_normalization', 'lecture_conceptual_modeling', 'activity_conceptual_modeling', 'lecture_normalization', 'activity_decomposition', 'activity_normalization', 'activity_normalization_correction', 'activity_sql', 'activity_sql_correction', 'practice_sql', 'lecture_transaction', 'practice_transaction', 'practice_sql', 'practice_transaction_correction', 'web_architecture_home', 'lecture_technical_architecture', 'lecture_software_architecture', 'lecture_dto', 'lecture_mvc_spring', 'web_architecture_home', 'lecture_software_architecture', 'lecture_dto', 'lecture_mvc_spring', 'lecture_jpa', 'practice_jpa', 'web_architecture_home', 'practice_jpa_advanced', 'lecture_conceptual_modeling', 'activity_normalization', 'lecture_normalization', 'activity_conceptual_modeling', 'lecture_independence_views', 'lecture_modeling_normalization', 'lecture_transaction', 'practice_jpa', 'practice_jpa_advanced', 'practice_spring_2tiers', 'technical_environment_home', 'inversion_of_control', 'web_architecture_home', 'lecture_xml', 'web_architecture_home', 'lecture_xml', 'lecture_json', 'practice_json', 'activity_conceptual_modeling', 'activity_decomposition', 'activity_normalization', 'lecture_independence_views', 'lecture_normalization', 'practice_independence_views', 'lecture_conceptual_modeling', 'web_architecture_home', 'lecture_conceptual_modeling', 'lecture_normalization', 'web_architecture_home', 'practice_jpa', 'practice_jpa_advanced']",15.21,success,"[69, 12, 42, 51, 43, 14, 13, 16, 68, 53, 70, 34, 37, 32, 18, 31, 8, 9, 27, 17, 0, 29, 4, 6, 7, 10, 11, 56, 35, 58, 56, 59, 70, 34, 33, 20, 28, 70, 33, 20, 28, 25, 48, 70, 49, 17, 6, 29, 0, 21, 27, 35, 48, 49, 54, 69, 16, 70, 37, 70, 37, 26, 50, 0, 4, 6, 21, 29, 44, 17, 70, 17, 29, 70, 48, 49]"
2543,"['technical_environment_home', 'documentation_docker', 'web_architecture_home', 'technical_environment_home', 'prerequisite_techenv_2025', 'documentation_docker', 'practice_docker', 'documentation_programming', 'technical_environment_home', 'prerequisite_techenv_2025', 'practice_docker', 'practice_postgresql', 'documentation_programming', 'practice_spring', 'technical_environment_home', 'prerequisite_techenv_2025', 'technical_environment_home', 'prerequisite_data_2025', 'lecture_relational_model', 'prerequisite_data_2025', 'lecture_relational_model', 'lecture_db_integrity', 'activity_relational_model', 'activity_relational_model_correction', 'lecture_relational_algebra', 'lecture_modeling_normalization', 'lecture_conceptual_modeling', 'prerequisite_data_2025', 'lecture_modeling_normalization', 'lecture_conceptual_modeling', 'activity_conceptual_modeling', 'activity_conceptual_modeling_correction', 'lecture_normalization', 'web_architecture_home', 'prerequisite_archiweb_2025', 'prerequisite_data_2025', 'lecture_normalization', 'web_architecture_home', 'prerequisite_archiweb_2025', 'practice_jpa', 'prerequisite_data_2025', 'activity_normalization', 'lecture_normalization', 'lecture_conceptual_modeling', 'activity_conceptual_modeling', 'web_architecture_home', 'practice_jpa_advanced', 'practice_spring_2tiers', 'lecture_jpa', 'practice_jpa', 'lecture_dto', 'practice_xml', 'practice_schema_xml', 'lecture_json', 'practice_json', 'practice_spring_2tiers_ext', 'web_architecture_home', 'practice_jpa_advanced', 'practice_spring_2tiers_ext', 'web_architecture_home', 'practice_jpa_advanced', 'practice_spring_2tiers', 'practice_jpa', 'practice_spring_2tiers_ext', 'web_architecture_home', 'prerequisite_archiweb_2025', 'practice_spring_2tiers', 'practice_jpa', 'practice_jpa_advanced', 'web_architecture_home', 'prerequisite_data_2025', 'lecture_conceptual_modeling']",16.88,success,"[69, 12, 70, 69, 67, 12, 42, 13, 69, 67, 42, 51, 13, 53, 69, 67, 69, 65, 32, 65, 32, 18, 8, 9, 31, 27, 17, 65, 27, 17, 0, 3, 29, 70, 63, 65, 29, 70, 63, 48, 65, 6, 29, 17, 0, 70, 49, 54, 25, 48, 20, 60, 52, 26, 50, 55, 70, 49, 55, 70, 49, 54, 48, 55, 70, 63, 54, 48, 49, 70, 65, 17]"
2544,"['technical_environment_home', 'prerequisite_techenv_2025', 'documentation_docker', 'practice_docker', 'technical_environment_home', 'prerequisite_techenv_2025', 'spring_bean', 'inversion_of_control', 'documentation_programming', 'documentation_docker', 'practice_docker_advanced', 'practice_docker', 'practice_postgresql', 'documentation_rdbms', 'practice_spring', 'web_architecture_home', 'lecture_jaxb', 'lecture_technical_architecture', 'prerequisite_data_2025', 'lecture_relational_model', 'lecture_db_integrity', 'activity_relational_model', 'activity_relational_model_correction', 'lecture_modeling_normalization', 'lecture_conceptual_modeling', 'activity_conceptual_modeling', 'activity_conceptual_modeling_correction', 'lecture_normalization', 'activity_normalization', 'activity_conceptual_modeling_advanced', 'web_architecture_home', 'activity_sql', 'prerequisite_data_2025', 'activity_conceptual_modeling', 'lecture_normalization', 'activity_sql', 'activity_normalization', 'activity_normalization_correction', 'practice_sql', 'practice_sql_correction', 'lecture_transaction', 'practice_transaction', 'web_architecture_home', 'practice_spring_2tiers', 'web_architecture_home', 'lecture_technical_architecture', 'lecture_software_architecture', 'lecture_jpa', 'practice_jpa', 'lecture_mvc_spring', 'lecture_dto', 'web_architecture_home', 'lecture_technical_architecture', 'lecture_software_architecture', 'lecture_dto', 'lecture_mvc_spring', 'lecture_jpa', 'practice_jpa', 'web_architecture_home', 'practice_jpa', 'lecture_mvc_spring', 'practice_spring_2tiers', 'lecture_jpa', 'web_architecture_home', 'practice_spring_2tiers', 'lecture_conceptual_modeling', 'activity_normalization', 'activity_decomposition', 'practice_jpa', 'practice_spring_2tiers', 'activity_conceptual_modeling', 'lecture_normalization', 'activity_normalization', 'activity_decomposition', 'activity_conceptual_modeling_correction', 'activity_decomposition', 'activity_decomposition_correction', 'activity_conceptual_modeling', 'activity_conceptual_modeling_correction', 'web_architecture_home', 'practice_jpa']",10.5,failure,"[69, 67, 12, 42, 69, 67, 68, 16, 13, 12, 43, 42, 51, 14, 53, 70, 24, 34, 65, 32, 18, 8, 9, 27, 17, 0, 3, 29, 6, 1, 70, 10, 65, 0, 29, 10, 6, 7, 56, 57, 35, 58, 70, 54, 70, 34, 33, 25, 48, 28, 20, 70, 34, 33, 20, 28, 25, 48, 70, 48, 28, 54, 25, 70, 54, 17, 6, 4, 48, 54, 0, 29, 6, 4, 3, 4, 5, 0, 3, 70, 48]"
2545,"['technical_environment_home', 'documentation_docker', 'documentation_programming', 'prerequisite_techenv_2025', 'practice_spring', 'practice_docker', 'documentation_programming', 'practice_spring', 'technical_environment_home', 'documentation_docker', 'practice_docker', 'practice_postgresql', 'technical_environment_home', 'practice_postgresql', 'practice_docker', 'prerequisite_data_2025', 'lecture_modeling_normalization', 'lecture_conceptual_modeling', 'activity_conceptual_modeling', 'activity_sql', 'practice_sql', 'activity_sql', 'lecture_conceptual_modeling', 'activity_conceptual_modeling', 'activity_conceptual_modeling_correction', 'lecture_normalization', 'activity_normalization', 'web_architecture_home', 'prerequisite_data_2025', 'activity_sql', 'lecture_normalization', 'activity_normalization', 'activity_normalization_correction', 'lecture_relational_model', 'practice_sql', 'activity_sql', 'technical_environment_home', 'web_architecture_home', 'lecture_technical_architecture', 'lecture_software_architecture', 'lecture_dto', 'lecture_mvc_spring', 'prerequisite_archiweb_2025', 'lecture_jpa', 'web_architecture_home', 'prerequisite_archiweb_2025', 'lecture_xml', 'practice_xml', 'lecture_transaction', 'practice_transaction', 'lecture_technical_architecture', 'lecture_software_architecture', 'lecture_dto', 'lecture_mvc_spring', 'lecture_jpa', 'practice_jpa', 'web_architecture_home', 'practice_spring_2tiers', 'web_architecture_home', 'lecture_modeling_normalization', 'lecture_conceptual_modeling', 'activity_decomposition', 'activity_normalization', 'lecture_normalization', 'lecture_relational_model', 'technical_environment_home', 'practice_docker', 'lecture_normalization', 'lecture_conceptual_modeling', 'lecture_modeling_normalization', 'lecture_normalization', 'web_architecture_home']",9.41,failure,"[69, 12, 13, 67, 53, 42, 13, 53, 69, 12, 42, 51, 69, 51, 42, 65, 27, 17, 0, 10, 56, 10, 17, 0, 3, 29, 6, 70, 65, 10, 29, 6, 7, 32, 56, 10, 69, 70, 34, 33, 20, 28, 63, 25, 70, 63, 37, 60, 35, 58, 34, 33, 20, 28, 25, 48, 70, 54, 70, 27, 17, 4, 6, 29, 32, 69, 42, 29, 17, 27, 29, 70]"
2546,"['technical_environment_home', 'prerequisite_techenv_2025', 'documentation_docker', 'practice_docker', 'practice_docker_advanced', 'technical_environment_home', 'practice_postgresql', 'spring_bean', 'documentation_programming', 'inversion_of_control', 'documentation_rdbms', 'prerequisite_archiweb_2025', 'lecture_technical_architecture', 'lecture_software_architecture', 'lecture_mvc_spring', 'lecture_jaxb', 'lecture_validity', 'practice_spring_2tiers', 'web_architecture_home', 'prerequisite_techenv_2025', 'practice_docker', 'practice_spring', 'technical_environment_home', 'documentation_docker', 'practice_docker', 'practice_postgresql', 'practice_docker_advanced', 'web_architecture_home', 'technical_environment_home', 'documentation_rdbms', 'documentation_programming', 'practice_postgresql', 'practice_docker_advanced', 'practice_docker', 'lecture_relational_model', 'lecture_db_integrity', 'web_architecture_home', 'lecture_technical_architecture', 'technical_environment_home', 'practice_postgresql', 'documentation_programming', 'practice_spring', 'prerequisite_techenv_2025', 'prerequisite_archiweb_2025', 'lecture_relational_model', 'lecture_normalization', 'lecture_modeling_normalization', 'lecture_db_integrity', 'activity_relational_model', 'lecture_conceptual_modeling', 'activity_conceptual_modeling', 'lecture_jaxb', 'activity_normalization', 'activity_sql', 'practice_sql', 'web_architecture_home', 'technical_environment_home', 'activity_conceptual_modeling_correction', 'lecture_technical_architecture', 'lecture_software_architecture', 'lecture_mvc_spring', 'lecture_dto', 'lecture_xml', 'lecture_json', 'lecture_validity', 'lecture_xpath', 'lecture_parser', 'practice_xml', 'practice_json', 'lecture_jpa', 'prerequisite_archiweb_2025', 'documentation_docker', 'practice_docker', 'technical_environment_home', 'web_architecture_home', 'lecture_dto', 'lecture_mvc_spring', 'web_architecture_home', 'lecture_mvc_spring', 'lecture_software_architecture', 'lecture_jpa', 'web_architecture_home', 'prerequisite_archiweb_2025', 'lecture_mvc_spring', 'lecture_jpa', 'practice_jpa_advanced', 'practice_spring_2tiers', 'practice_spring_2tiers_ext', 'practice_jpa', 'web_architecture_home', 'prerequisite_archiweb_2025', 'practice_spring_2tiers', 'lecture_modeling_normalization', 'lecture_conceptual_modeling', 'activity_conceptual_modeling', 'activity_normalization', 'activity_decomposition', 'web_architecture_home', 'lecture_jaxb', 'practice_xml', 'technical_environment_home']",14.63,success,"[69, 67, 12, 42, 43, 69, 51, 68, 13, 16, 14, 63, 34, 33, 28, 24, 36, 54, 70, 67, 42, 53, 69, 12, 42, 51, 43, 70, 69, 14, 13, 51, 43, 42, 32, 18, 70, 34, 69, 51, 13, 53, 67, 63, 32, 29, 27, 18, 8, 17, 0, 24, 6, 10, 56, 70, 69, 3, 34, 33, 28, 20, 37, 26, 36, 38, 30, 60, 50, 25, 63, 12, 42, 69, 70, 20, 28, 70, 28, 33, 25, 70, 63, 28, 25, 49, 54, 55, 48, 70, 63, 54, 27, 17, 0, 6, 4, 70, 24, 60, 69]"
2547,"['technical_environment_home', 'documentation_docker', 'practice_docker', 'technical_environment_home', 'documentation_docker', 'practice_docker', 'practice_docker_advanced', 'lecture_relational_model', 'technical_environment_home', 'practice_docker', 'lecture_modeling_normalization', 'lecture_conceptual_modeling', 'activity_conceptual_modeling', 'web_architecture_home', 'technical_environment_home', 'activity_relational_model', 'lecture_db_integrity', 'lecture_normalization', 'activity_normalization', 'practice_docker', 'lecture_normalization', 'activity_normalization', 'activity_sql', 'practice_sql', 'practice_sql_correction', 'lecture_transaction', 'practice_transaction', 'lecture_transaction', 'practice_transaction', 'practice_transaction_correction', 'web_architecture_home', 'lecture_technical_architecture', 'lecture_software_architecture', 'lecture_dto', 'lecture_conceptual_modeling', 'lecture_modeling_normalization', 'web_architecture_home', 'lecture_dto', 'lecture_software_architecture', 'lecture_mvc_spring', 'lecture_jpa', 'practice_transaction', 'lecture_transaction', 'web_architecture_home', 'lecture_mvc_spring', 'practice_spring_2tiers', 'lecture_jpa', 'practice_jpa', 'practice_docker_advanced']",12.57,success,"[69, 12, 42, 69, 12, 42, 43, 32, 69, 42, 27, 17, 0, 70, 69, 8, 18, 29, 6, 42, 29, 6, 10, 56, 57, 35, 58, 35, 58, 59, 70, 34, 33, 20, 17, 27, 70, 20, 33, 28, 25, 58, 35, 70, 28, 54, 25, 48, 43]"
2548,"['technical_environment_home', 'documentation_programming', 'documentation_docker', 'prerequisite_techenv_2025', 'documentation_rdbms', 'technical_environment_home', 'web_architecture_home', 'documentation_docker', 'practice_docker_advanced', 'prerequisite_techenv_2025', 'lecture_technical_architecture', 'prerequisite_data_2025', 'technical_environment_home', 'practice_postgresql', 'documentation_rdbms', 'lecture_relational_model', 'lecture_db_integrity', 'practice_docker', 'web_architecture_home', 'lecture_technical_architecture', 'activity_relational_model', 'lecture_modeling_normalization', 'lecture_conceptual_modeling', 'activity_sql', 'activity_conceptual_modeling', 'activity_relational_model_correction', 'activity_conceptual_modeling_correction', 'activity_conceptual_modeling_advanced', 'activity_conceptual_modeling_advanced_correction', 'prerequisite_archiweb_2025', 'technical_environment_home', 'prerequisite_techenv_2025', 'documentation_docker', 'practice_docker', 'practice_docker_advanced', 'documentation_programming', 'practice_spring', 'lecture_normalization', 'activity_normalization', 'activity_normalization_correction', 'web_architecture_home', 'prerequisite_archiweb_2025', 'lecture_technical_architecture', 'lecture_software_architecture', 'lecture_dto', 'lecture_xml', 'practice_xml', 'lecture_json', 'lecture_jpa', 'prerequisite_data_2025', 'lecture_relational_model', 'lecture_db_integrity', 'lecture_modeling_normalization', 'activity_relational_model', 'activity_relational_model_correction', 'lecture_conceptual_modeling', 'activity_conceptual_modeling', 'activity_normalization', 'activity_decomposition', 'practice_transaction', 'lecture_transaction', 'web_architecture_home', 'prerequisite_archiweb_2025', 'lecture_technical_architecture', 'lecture_software_architecture', 'lecture_jpa', 'technical_environment_home', 'documentation_docker', 'practice_docker', 'lecture_mvc_spring', 'web_architecture_home', 'prerequisite_archiweb_2025', 'web_architecture_home', 'lecture_jpa', 'practice_jpa', 'practice_spring_2tiers_ext', 'web_architecture_home', 'practice_spring_2tiers', 'practice_spring_2tiers_ext', 'web_architecture_home', 'practice_spring_2tiers', 'prerequisite_data_2025', 'lecture_normalization', 'activity_normalization', 'activity_conceptual_modeling', 'lecture_conceptual_modeling', 'lecture_modeling_normalization', 'web_architecture_home', 'prerequisite_archiweb_2025', 'lecture_json', 'lecture_xml', 'lecture_jaxb', 'practice_xml', 'web_architecture_home', 'technical_environment_home', 'documentation_docker', 'practice_docker', 'documentation_docker', 'technical_environment_home']",15.96,success,"[69, 13, 12, 67, 14, 69, 70, 12, 43, 67, 34, 65, 69, 51, 14, 32, 18, 42, 70, 34, 8, 27, 17, 10, 0, 9, 3, 1, 2, 63, 69, 67, 12, 42, 43, 13, 53, 29, 6, 7, 70, 63, 34, 33, 20, 37, 60, 26, 25, 65, 32, 18, 27, 8, 9, 17, 0, 6, 4, 58, 35, 70, 63, 34, 33, 25, 69, 12, 42, 28, 70, 63, 70, 25, 48, 55, 70, 54, 55, 70, 54, 65, 29, 6, 0, 17, 27, 70, 63, 26, 37, 24, 60, 70, 69, 12, 42, 12, 69]"
2549,"['technical_environment_home', 'prerequisite_techenv_2025', 'web_architecture_home', 'prerequisite_archiweb_2025', 'documentation_docker', 'practice_docker_advanced', 'documentation_rdbms', 'technical_environment_home', 'prerequisite_techenv_2025', 'documentation_docker', 'practice_docker', 'practice_docker_advanced', 'documentation_rdbms', 'practice_postgresql', 'documentation_programming', 'practice_spring', 'spring_bean', 'inversion_of_control', 'technical_environment_home', 'prerequisite_techenv_2025', 'spring_bean', 'inversion_of_control', 'practice_docker_advanced', 'documentation_rdbms', 'documentation_programming', 'practice_postgresql', 'web_architecture_home', 'prerequisite_archiweb_2025', 'lecture_technical_architecture', 'lecture_mvc_spring', 'prerequisite_data_2025', 'lecture_relational_model', 'lecture_db_integrity', 'activity_relational_model', 'activity_relational_model_correction', 'lecture_relational_algebra', 'lecture_modeling_normalization', 'activity_conceptual_modeling', 'prerequisite_data_2025', 'lecture_modeling_normalization', 'activity_relational_model', 'lecture_conceptual_modeling', 'activity_conceptual_modeling_correction', 'lecture_normalization', 'activity_normalization', 'activity_decomposition', 'lecture_normalization', 'web_architecture_home', 'prerequisite_data_2025', 'activity_conceptual_modeling', 'lecture_normalization', 'activity_decomposition', 'activity_normalization', 'lecture_transaction', 'practice_transaction', 'documentation_rdbms', 'practice_transaction_correction', 'activity_sql', 'practice_sql', 'practice_indexation', 'practice_isolation', 'web_architecture_home', 'prerequisite_archiweb_2025', 'lecture_technical_architecture', 'lecture_software_architecture', 'lecture_mvc_spring', 'web_architecture_home', 'prerequisite_archiweb_2025', 'lecture_software_architecture', 'lecture_technical_architecture', 'practice_jpa', 'practice_jpa_advanced', 'lecture_mvc_spring', 'practice_spring_2tiers', 'technical_environment_home', 'prerequisite_techenv_2025', 'practice_spring', 'practice_postgresql', 'documentation_docker', 'practice_docker', 'web_architecture_home', 'prerequisite_archiweb_2025', 'practice_spring_2tiers', 'practice_spring_2tiers_ext', 'lecture_software_architecture', 'lecture_dto', 'web_architecture_home', 'lecture_jpa', 'practice_jpa', 'practice_jpa_advanced', 'web_architecture_home', 'prerequisite_archiweb_2025', 'practice_xml', 'web_architecture_home', 'prerequisite_archiweb_2025', 'lecture_xml', 'lecture_validity', 'practice_xml', 'prerequisite_data_2025', 'activity_normalization', 'activity_decomposition', 'activity_decomposition_correction', 'activity_conceptual_modeling', 'lecture_conceptual_modeling', 'lecture_normalization', 'web_architecture_home', 'prerequisite_archiweb_2025', 'practice_spring_2tiers_ext', 'prerequisite_data_2025', 'lecture_independence_views', 'activity_conceptual_modeling_advanced', 'practice_independence_views', 'practice_independence_views_correction', 'web_architecture_home', 'prerequisite_data_2025', 'practice_advanced_sql', 'practice_advanced_sql_correction', 'technical_environment_home']",17.31,success,"[69, 67, 70, 63, 12, 43, 14, 69, 67, 12, 42, 43, 14, 51, 13, 53, 68, 16, 69, 67, 68, 16, 43, 14, 13, 51, 70, 63, 34, 28, 65, 32, 18, 8, 9, 31, 27, 0, 65, 27, 8, 17, 3, 29, 6, 4, 29, 70, 65, 0, 29, 4, 6, 35, 58, 14, 59, 10, 56, 46, 47, 70, 63, 34, 33, 28, 70, 63, 33, 34, 48, 49, 28, 54, 69, 67, 53, 51, 12, 42, 70, 63, 54, 55, 33, 20, 70, 25, 48, 49, 70, 63, 60, 70, 63, 37, 36, 60, 65, 6, 4, 5, 0, 17, 29, 70, 63, 55, 65, 21, 1, 44, 45, 70, 65, 39, 40, 69]"
255,"['technical_environment_home', 'documentation_docker', 'practice_docker', 'practice_docker_advanced', 'documentation_rdbms', 'practice_postgresql', 'practice_docker', 'documentation_programming', 'inversion_of_control', 'practice_spring', 'practice_docker', 'inversion_of_control', 'practice_spring', 'spring_bean', 'web_architecture_home', 'technical_environment_home', 'inversion_of_control', 'web_architecture_home', 'prerequisite_data_2025', 'web_architecture_home', 'prerequisite_archiweb_2025', 'lecture_relational_model', 'practice_spring', 'practice_docker', 'lecture_db_integrity', 'lecture_relational_model', 'activity_relational_model', 'lecture_relational_algebra', 'activity_relational_model_correction', 'lecture_modeling_normalization', 'activity_conceptual_modeling', 'web_architecture_home', 'technical_environment_home', 'documentation_docker', 'practice_docker', 'practice_docker_advanced', 'web_architecture_home', 'lecture_conceptual_modeling', 'activity_conceptual_modeling', 'activity_conceptual_modeling_correction', 'activity_conceptual_modeling_advanced', 'activity_decomposition', 'lecture_normalization', 'lecture_independence_views', 'prerequisite_archiweb_2025', 'lecture_jpa', 'lecture_xml', 'lecture_jaxb', 'technical_environment_home', 'spring_bean', 'lecture_modeling_normalization', 'lecture_conceptual_modeling', 'activity_conceptual_modeling', 'lecture_normalization', 'activity_sql', 'activity_sql_correction', 'practice_sql', 'documentation_rdbms', 'practice_postgresql', 'practice_docker', 'documentation_docker', 'practice_docker_advanced', 'documentation_rdbms', 'practice_postgresql', 'technical_environment_home', 'practice_docker', 'practice_sql_correction', 'lecture_transaction', 'practice_transaction', 'activity_sql', 'practice_sql', 'web_architecture_home', 'lecture_transaction', 'practice_transaction', 'prerequisite_data_2025', 'lecture_indexation', 'practice_indexation', 'lecture_mvc_spring', 'lecture_jpa', 'lecture_transaction', 'practice_transaction', 'practice_transaction_correction', 'lecture_modeling_normalization', 'lecture_conceptual_modeling', 'activity_conceptual_modeling', 'lecture_normalization', 'activity_normalization', 'lecture_isolation', 'activity_sql', 'practice_sql', 'lecture_db_integrity', 'lecture_relational_model', 'web_architecture_home', 'lecture_technical_architecture', 'lecture_mvc_spring', 'lecture_software_architecture', 'lecture_dto', 'lecture_xml', 'lecture_normalization', 'lecture_jpa', 'lecture_mvc_spring', 'lecture_normalization', 'practice_jpa', 'lecture_normalization', 'web_architecture_home', 'practice_spring_2tiers', 'practice_jpa_advanced', 'lecture_technical_architecture', 'lecture_conceptual_modeling', 'activity_conceptual_modeling', 'lecture_normalization', 'lecture_mvc_spring', 'lecture_jpa', 'web_architecture_home', 'activity_conceptual_modeling', 'lecture_conceptual_modeling', 'lecture_relational_model', 'lecture_db_integrity', 'lecture_relational_model', 'lecture_db_integrity', 'activity_relational_model', 'lecture_modeling_normalization', 'lecture_conceptual_modeling', 'lecture_normalization', 'activity_sql', 'practice_sql', 'lecture_transaction', 'practice_transaction', 'web_architecture_home', 'lecture_mvc_spring', 'practice_spring_2tiers', 'lecture_normalization', 'web_architecture_home', 'practice_spring_2tiers_ext', 'lecture_dto', 'lecture_jpa', 'web_architecture_home', 'practice_spring_2tiers_ext', 'web_architecture_home', 'technical_environment_home']",13.52,success,"[69, 12, 42, 43, 14, 51, 42, 13, 16, 53, 42, 16, 53, 68, 70, 69, 16, 70, 65, 70, 63, 32, 53, 42, 18, 32, 8, 31, 9, 27, 0, 70, 69, 12, 42, 43, 70, 17, 0, 3, 1, 4, 29, 21, 63, 25, 37, 24, 69, 68, 27, 17, 0, 29, 10, 11, 56, 14, 51, 42, 12, 43, 14, 51, 69, 42, 57, 35, 58, 10, 56, 70, 35, 58, 65, 22, 46, 28, 25, 35, 58, 59, 27, 17, 0, 29, 6, 23, 10, 56, 18, 32, 70, 34, 28, 33, 20, 37, 29, 25, 28, 29, 48, 29, 70, 54, 49, 34, 17, 0, 29, 28, 25, 70, 0, 17, 32, 18, 32, 18, 8, 27, 17, 29, 10, 56, 35, 58, 70, 28, 54, 29, 70, 55, 20, 25, 70, 55, 70, 69]"
2550,"['technical_environment_home', 'prerequisite_techenv_2025', 'spring_bean', 'documentation_docker', 'practice_docker', 'practice_docker_advanced', 'practice_postgresql', 'documentation_programming', 'practice_spring', 'technical_environment_home', 'web_architecture_home', 'lecture_technical_architecture', 'lecture_software_architecture', 'lecture_jpa', 'lecture_relational_model', 'lecture_db_integrity', 'activity_relational_model', 'lecture_conceptual_modeling', 'web_architecture_home', 'lecture_relational_model', 'lecture_db_integrity', 'lecture_relational_algebra', 'activity_relational_model', 'activity_relational_model_correction', 'technical_environment_home', 'prerequisite_techenv_2025', 'inversion_of_control', 'documentation_docker', 'practice_docker', 'practice_docker_advanced', 'documentation_rdbms', 'practice_postgresql', 'documentation_programming', 'spring_bean', 'practice_spring', 'web_architecture_home', 'lecture_relational_model', 'web_architecture_home', 'technical_environment_home', 'lecture_relational_model', 'activity_relational_model', 'lecture_modeling_normalization', 'lecture_conceptual_modeling', 'activity_conceptual_modeling', 'lecture_normalization', 'activity_conceptual_modeling_correction', 'activity_conceptual_modeling', 'activity_conceptual_modeling_correction', 'lecture_normalization', 'activity_sql', 'web_architecture_home', 'technical_environment_home', 'lecture_technical_architecture', 'lecture_normalization', 'activity_normalization', 'activity_conceptual_modeling_advanced', 'activity_normalization_correction', 'lecture_jpa', 'lecture_mvc_spring', 'activity_decomposition', 'activity_sql', 'activity_sql_correction', 'technical_environment_home', 'web_architecture_home', 'lecture_technical_architecture', 'lecture_software_architecture', 'lecture_dto', 'lecture_json', 'practice_sql', 'activity_decomposition', 'activity_normalization', 'practice_advanced_sql', 'practice_spring_2tiers', 'web_architecture_home', 'lecture_technical_architecture', 'lecture_software_architecture', 'lecture_dto', 'prerequisite_archiweb_2025', 'lecture_mvc_spring', 'lecture_jpa', 'practice_jpa', 'practice_jpa_advanced', 'practice_spring_2tiers', 'practice_transaction', 'lecture_xml', 'lecture_json', 'practice_json', 'practice_xml', 'technical_environment_home', 'practice_spring_2tiers_ext', 'practice_spring', 'documentation_programming', 'lecture_relational_model', 'lecture_db_integrity', 'activity_relational_model', 'lecture_modeling_normalization', 'lecture_conceptual_modeling', 'lecture_normalization', 'activity_sql', 'lecture_transaction', 'practice_sql', 'web_architecture_home', 'practice_spring_2tiers', 'web_architecture_home', 'lecture_xml', 'practice_xml', 'technical_environment_home', 'web_architecture_home', 'lecture_normalization', 'web_architecture_home', 'practice_spring_2tiers_ext', 'lecture_dto', 'lecture_software_architecture', 'lecture_conceptual_modeling']",18.85,success,"[69, 67, 68, 12, 42, 43, 51, 13, 53, 69, 70, 34, 33, 25, 32, 18, 8, 17, 70, 32, 18, 31, 8, 9, 69, 67, 16, 12, 42, 43, 14, 51, 13, 68, 53, 70, 32, 70, 69, 32, 8, 27, 17, 0, 29, 3, 0, 3, 29, 10, 70, 69, 34, 29, 6, 1, 7, 25, 28, 4, 10, 11, 69, 70, 34, 33, 20, 26, 56, 4, 6, 39, 54, 70, 34, 33, 20, 63, 28, 25, 48, 49, 54, 58, 37, 26, 50, 60, 69, 55, 53, 13, 32, 18, 8, 27, 17, 29, 10, 35, 56, 70, 54, 70, 37, 60, 69, 70, 29, 70, 55, 20, 33, 17]"
2551,"['technical_environment_home', 'prerequisite_techenv_2025', 'practice_docker', 'documentation_docker', 'practice_docker', 'practice_postgresql', 'documentation_docker', 'technical_environment_home', 'web_architecture_home', 'practice_postgresql', 'practice_docker', 'practice_spring', 'lecture_relational_model', 'lecture_db_integrity', 'activity_relational_model', 'documentation_docker', 'lecture_db_integrity', 'lecture_modeling_normalization', 'activity_conceptual_modeling', 'lecture_conceptual_modeling', 'activity_conceptual_modeling_correction', 'lecture_normalization', 'activity_normalization', 'activity_sql', 'technical_environment_home', 'practice_postgresql', 'documentation_docker', 'technical_environment_home', 'practice_postgresql', 'documentation_programming', 'practice_spring', 'web_architecture_home', 'practice_sql', 'activity_sql', 'activity_sql_correction', 'documentation_docker', 'practice_sql', 'activity_sql', 'practice_sql_correction', 'documentation_docker', 'practice_sql', 'lecture_relational_model', 'lecture_db_integrity', 'activity_relational_model', 'lecture_modeling_normalization', 'lecture_conceptual_modeling', 'activity_conceptual_modeling', 'lecture_normalization', 'activity_normalization', 'documentation_docker', 'web_architecture_home', 'lecture_transaction', 'practice_transaction', 'practice_transaction_correction', 'lecture_jpa', 'practice_jpa', 'practice_transaction', 'documentation_docker', 'practice_transaction', 'lecture_technical_architecture', 'documentation_docker', 'web_architecture_home', 'lecture_jpa', 'documentation_docker', 'lecture_jpa', 'practice_jpa', 'documentation_docker', 'web_architecture_home', 'lecture_dto', 'lecture_jpa', 'practice_jpa', 'practice_jpa_advanced', 'lecture_xml', 'practice_xml', 'practice_spring_2tiers', 'practice_spring_2tiers_ext', 'lecture_mvc_spring', 'lecture_technical_architecture', 'lecture_software_architecture', 'lecture_dto', 'lecture_relational_model', 'lecture_db_integrity', 'activity_relational_model', 'lecture_modeling_normalization', 'lecture_conceptual_modeling', 'lecture_normalization', 'activity_decomposition', 'activity_normalization', 'activity_sql', 'practice_sql', 'lecture_transaction', 'activity_conceptual_modeling', 'documentation_docker', 'web_architecture_home', 'practice_spring_2tiers', 'practice_spring_2tiers_ext', 'lecture_dto', 'documentation_docker', 'lecture_relational_model', 'lecture_db_integrity', 'activity_relational_model', 'lecture_conceptual_modeling', 'lecture_normalization']",7.96,failure,"[69, 67, 42, 12, 42, 51, 12, 69, 70, 51, 42, 53, 32, 18, 8, 12, 18, 27, 0, 17, 3, 29, 6, 10, 69, 51, 12, 69, 51, 13, 53, 70, 56, 10, 11, 12, 56, 10, 57, 12, 56, 32, 18, 8, 27, 17, 0, 29, 6, 12, 70, 35, 58, 59, 25, 48, 58, 12, 58, 34, 12, 70, 25, 12, 25, 48, 12, 70, 20, 25, 48, 49, 37, 60, 54, 55, 28, 34, 33, 20, 32, 18, 8, 27, 17, 29, 4, 6, 10, 56, 35, 0, 12, 70, 54, 55, 20, 12, 32, 18, 8, 17, 29]"
2552,"['technical_environment_home', 'prerequisite_techenv_2025', 'documentation_docker', 'practice_docker', 'practice_postgresql', 'web_architecture_home', 'prerequisite_archiweb_2025', 'technical_environment_home', 'prerequisite_techenv_2025', 'practice_postgresql', 'documentation_docker', 'practice_docker', 'technical_environment_home', 'prerequisite_techenv_2025', 'practice_postgresql', 'technical_environment_home', 'prerequisite_data_2025', 'lecture_relational_model', 'lecture_db_integrity', 'activity_relational_model', 'lecture_modeling_normalization', 'lecture_conceptual_modeling', 'activity_sql', 'lecture_db_tools', 'practice_sql', 'technical_environment_home', 'documentation_docker', 'web_architecture_home', 'lecture_normalization', 'activity_relational_model_correction', 'lecture_relational_algebra', 'lecture_modeling_normalization', 'lecture_conceptual_modeling', 'activity_conceptual_modeling', 'prerequisite_data_2025', 'lecture_conceptual_modeling', 'activity_conceptual_modeling', 'activity_conceptual_modeling_correction', 'lecture_normalization', 'activity_normalization', 'activity_normalization_correction', 'web_architecture_home', 'prerequisite_archiweb_2025', 'lecture_technical_architecture', 'lecture_software_architecture', 'lecture_dto', 'lecture_mvc_spring', 'lecture_jpa', 'practice_jpa', 'web_architecture_home', 'prerequisite_archiweb_2025', 'lecture_mvc_spring', 'technical_environment_home', 'prerequisite_techenv_2025', 'documentation_programming', 'practice_spring', 'documentation_programming', 'technical_environment_home', 'web_architecture_home', 'prerequisite_archiweb_2025', 'practice_jpa', 'lecture_jpa', 'documentation_programming', 'inversion_of_control', 'web_architecture_home', 'prerequisite_archiweb_2025', 'practice_jpa', 'web_architecture_home', 'practice_jpa', 'web_architecture_home', 'prerequisite_archiweb_2025', 'lecture_mvc_spring', 'prerequisite_archiweb_2025', 'lecture_mvc_spring', 'lecture_jpa', 'lecture_mvc_spring', 'practice_spring_2tiers', 'documentation_programming', 'prerequisite_archiweb_2025', 'technical_environment_home', 'web_architecture_home', 'lecture_mvc_spring', 'practice_jpa', 'practice_spring_2tiers', 'lecture_technical_architecture', 'prerequisite_data_2025', 'prerequisite_archiweb_2025', 'practice_json', 'lecture_jaxb', 'practice_schema_xml', 'lecture_conceptual_modeling', 'prerequisite_data_2025', 'activity_relational_model']",16.1,success,"[69, 67, 12, 42, 51, 70, 63, 69, 67, 51, 12, 42, 69, 67, 51, 69, 65, 32, 18, 8, 27, 17, 10, 19, 56, 69, 12, 70, 29, 9, 31, 27, 17, 0, 65, 17, 0, 3, 29, 6, 7, 70, 63, 34, 33, 20, 28, 25, 48, 70, 63, 28, 69, 67, 13, 53, 13, 69, 70, 63, 48, 25, 13, 16, 70, 63, 48, 70, 48, 70, 63, 28, 63, 28, 25, 28, 54, 13, 63, 69, 70, 28, 48, 54, 34, 65, 63, 50, 24, 52, 17, 65, 8]"
2553,"['technical_environment_home', 'documentation_docker', 'documentation_programming', 'practice_docker', 'practice_postgresql', 'documentation_docker', 'practice_docker_advanced', 'documentation_rdbms', 'lecture_relational_model', 'lecture_db_integrity', 'lecture_relational_algebra', 'activity_relational_model', 'technical_environment_home', 'documentation_rdbms', 'practice_postgresql', 'documentation_programming', 'inversion_of_control', 'spring_bean', 'practice_spring', 'web_architecture_home', 'lecture_technical_architecture', 'lecture_software_architecture', 'lecture_dto', 'lecture_mvc_spring', 'lecture_jpa', 'practice_jpa', 'practice_docker', 'practice_spring', 'web_architecture_home', 'practice_jpa', 'lecture_jpa', 'practice_jpa_advanced', 'lecture_relational_model', 'activity_relational_model', 'lecture_modeling_normalization', 'activity_conceptual_modeling', 'activity_conceptual_modeling_correction', 'activity_conceptual_modeling_advanced', 'activity_conceptual_modeling_advanced_correction', 'lecture_transaction', 'practice_indexation', 'practice_transaction', 'documentation_rdbms', 'practice_postgresql', 'web_architecture_home', 'lecture_transaction', 'practice_transaction', 'lecture_relational_model', 'lecture_db_integrity', 'activity_relational_model', 'activity_relational_model_correction', 'lecture_modeling_normalization', 'lecture_conceptual_modeling', 'web_architecture_home', 'lecture_mvc_spring', 'lecture_transaction', 'lecture_mvc_spring', 'lecture_transaction', 'lecture_mvc_spring', 'lecture_technical_architecture', 'lecture_jpa', 'practice_jpa', 'practice_jpa_advanced', 'web_architecture_home', 'practice_jpa', 'practice_jpa_advanced', 'practice_spring_2tiers', 'lecture_modeling_normalization', 'lecture_conceptual_modeling', 'activity_conceptual_modeling', 'lecture_normalization', 'activity_normalization', 'activity_normalization_correction', 'web_architecture_home', 'lecture_json', 'practice_json', 'lecture_xml', 'lecture_validity', 'lecture_jaxb', 'practice_xml', 'web_architecture_home', 'lecture_modeling_normalization', 'lecture_conceptual_modeling']",14.56,success,"[69, 12, 13, 42, 51, 12, 43, 14, 32, 18, 31, 8, 69, 14, 51, 13, 16, 68, 53, 70, 34, 33, 20, 28, 25, 48, 42, 53, 70, 48, 25, 49, 32, 8, 27, 0, 3, 1, 2, 35, 46, 58, 14, 51, 70, 35, 58, 32, 18, 8, 9, 27, 17, 70, 28, 35, 28, 35, 28, 34, 25, 48, 49, 70, 48, 49, 54, 27, 17, 0, 29, 6, 7, 70, 26, 50, 37, 36, 24, 60, 70, 27, 17]"
2554,"['technical_environment_home', 'prerequisite_techenv_2025', 'documentation_docker', 'documentation_programming', 'documentation_rdbms', 'technical_environment_home', 'practice_docker', 'technical_environment_home', 'practice_postgresql', 'documentation_programming', 'practice_spring', 'inversion_of_control', 'prerequisite_techenv_2025', 'web_architecture_home', 'lecture_relational_model', 'lecture_db_integrity', 'activity_relational_model', 'activity_relational_model_correction', 'lecture_modeling_normalization', 'lecture_conceptual_modeling', 'activity_conceptual_modeling', 'activity_conceptual_modeling_correction', 'lecture_normalization', 'activity_sql', 'technical_environment_home', 'practice_docker', 'practice_sql', 'technical_environment_home', 'lecture_modeling_normalization', 'lecture_conceptual_modeling', 'activity_conceptual_modeling', 'lecture_normalization', 'activity_normalization', 'activity_normalization_correction', 'lecture_transaction', 'practice_transaction', 'documentation_rdbms', 'practice_transaction', 'practice_transaction_correction', 'practice_sql', 'practice_sql_correction', 'web_architecture_home', 'lecture_technical_architecture', 'prerequisite_archiweb_2025', 'lecture_software_architecture', 'lecture_dto', 'lecture_xml', 'lecture_validity', 'practice_xml', 'lecture_json', 'practice_json', 'lecture_mvc_spring', 'lecture_jpa', 'practice_jpa', 'web_architecture_home', 'practice_spring_2tiers', 'lecture_mvc_spring', 'lecture_jpa', 'lecture_relational_model', 'lecture_db_integrity', 'lecture_conceptual_modeling', 'lecture_normalization', 'web_architecture_home', 'lecture_conceptual_modeling']",15.75,success,"[69, 67, 12, 13, 14, 69, 42, 69, 51, 13, 53, 16, 67, 70, 32, 18, 8, 9, 27, 17, 0, 3, 29, 10, 69, 42, 56, 69, 27, 17, 0, 29, 6, 7, 35, 58, 14, 58, 59, 56, 57, 70, 34, 63, 33, 20, 37, 36, 60, 26, 50, 28, 25, 48, 70, 54, 28, 25, 32, 18, 17, 29, 70, 17]"
2556,"['web_architecture_home', 'prerequisite_archiweb_2025', 'lecture_xpath', 'technical_environment_home', 'prerequisite_techenv_2025', 'documentation_docker', 'practice_docker', 'technical_environment_home', 'documentation_docker', 'practice_docker', 'practice_postgresql', 'documentation_programming', 'inversion_of_control', 'spring_bean', 'practice_spring', 'lecture_db_integrity', 'lecture_relational_model', 'activity_relational_model', 'activity_relational_model_correction', 'lecture_modeling_normalization', 'lecture_conceptual_modeling', 'activity_conceptual_modeling', 'activity_conceptual_modeling_correction', 'activity_conceptual_modeling_advanced', 'activity_conceptual_modeling_advanced_correction', 'lecture_normalization', 'activity_normalization', 'lecture_modeling_normalization', 'lecture_conceptual_modeling', 'lecture_normalization', 'activity_normalization', 'activity_normalization_correction', 'activity_decomposition', 'activity_decomposition_correction', 'lecture_independence_views', 'practice_independence_views', 'activity_sql', 'technical_environment_home', 'documentation_rdbms', 'activity_sql', 'activity_sql_correction', 'practice_sql', 'practice_postgresql', 'documentation_rdbms', 'lecture_transaction', 'practice_transaction', 'practice_transaction_correction', 'technical_environment_home', 'web_architecture_home', 'prerequisite_archiweb_2025', 'web_architecture_home', 'practice_jpa_advanced', 'technical_environment_home', 'documentation_docker', 'practice_docker', 'practice_spring_2tiers', 'practice_docker_advanced', 'practice_postgresql', 'documentation_rdbms', 'documentation_programming', 'inversion_of_control', 'practice_spring', 'web_architecture_home', 'lecture_json', 'practice_json', 'practice_spring', 'web_architecture_home', 'practice_spring_2tiers', 'web_architecture_home', 'technical_environment_home', 'practice_spring_2tiers_ext', 'lecture_dto', 'practice_jpa', 'practice_docker', 'activity_decomposition', 'activity_decomposition_correction', 'lecture_independence_views', 'activity_conceptual_modeling', 'activity_conceptual_modeling_correction', 'web_architecture_home', 'technical_environment_home', 'practice_docker', 'documentation_docker']",17.94,success,"[70, 63, 38, 69, 67, 12, 42, 69, 12, 42, 51, 13, 16, 68, 53, 18, 32, 8, 9, 27, 17, 0, 3, 1, 2, 29, 6, 27, 17, 29, 6, 7, 4, 5, 21, 44, 10, 69, 14, 10, 11, 56, 51, 14, 35, 58, 59, 69, 70, 63, 70, 49, 69, 12, 42, 54, 43, 51, 14, 13, 16, 53, 70, 26, 50, 53, 70, 54, 70, 69, 55, 20, 48, 42, 4, 5, 21, 0, 3, 70, 69, 42, 12]"
256,"['technical_environment_home', 'documentation_docker', 'practice_docker_advanced', 'technical_environment_home', 'documentation_docker', 'lecture_relational_model', 'lecture_db_integrity', 'lecture_relational_algebra', 'activity_relational_model', 'activity_relational_model_correction', 'prerequisite_data_2025', 'lecture_modeling_normalization', 'lecture_conceptual_modeling', 'activity_conceptual_modeling', 'lecture_relational_model', 'technical_environment_home', 'prerequisite_techenv_2025', 'documentation_docker', 'practice_docker', 'practice_docker_advanced', 'documentation_rdbms', 'practice_postgresql', 'prerequisite_data_2025', 'lecture_modeling_normalization', 'lecture_conceptual_modeling', 'activity_conceptual_modeling', 'activity_conceptual_modeling_correction', 'activity_conceptual_modeling_advanced', 'activity_conceptual_modeling_advanced_correction', 'lecture_normalization', 'activity_normalization', 'activity_normalization_correction', 'activity_decomposition', 'lecture_independence_views', 'practice_independence_views', 'activity_decomposition_correction', 'lecture_normalization', 'activity_decomposition', 'activity_sql', 'activity_sql_correction', 'prerequisite_data_2025', 'activity_sql', 'activity_sql_correction', 'practice_sql', 'practice_sql_correction', 'technical_environment_home', 'documentation_docker', 'practice_docker', 'practice_docker_advanced', 'activity_normalization', 'lecture_transaction', 'practice_transaction', 'practice_transaction_correction', 'web_architecture_home', 'prerequisite_data_2025', 'lecture_transaction', 'practice_transaction', 'activity_sql', 'practice_sql', 'activity_normalization', 'lecture_normalization', 'practice_transaction_correction', 'web_architecture_home', 'prerequisite_archiweb_2025', 'practice_spring_2tiers', 'web_architecture_home', 'prerequisite_archiweb_2025', 'lecture_mvc_spring', 'practice_jpa', 'lecture_jpa', 'web_architecture_home', 'prerequisite_archiweb_2025', 'lecture_mvc_spring', 'practice_jpa', 'practice_spring_2tiers', 'lecture_xml', 'practice_xml', 'practice_json', 'prerequisite_data_2025', 'lecture_relational_model', 'lecture_db_integrity', 'lecture_relational_algebra', 'activity_relational_model', 'lecture_relational_algebra', 'activity_relational_model', 'activity_conceptual_modeling', 'lecture_normalization', 'lecture_db_integrity', 'lecture_modeling_normalization', 'lecture_conceptual_modeling', 'lecture_normalization', 'lecture_independence_views', 'activity_relational_model', 'activity_conceptual_modeling', 'activity_normalization', 'activity_decomposition', 'practice_independence_views', 'activity_sql', 'practice_sql', 'practice_advanced_sql', 'lecture_indexation', 'lecture_transaction', 'practice_transaction', 'web_architecture_home', 'prerequisite_archiweb_2025', 'lecture_json', 'lecture_mvc_spring', 'practice_spring_2tiers', 'prerequisite_data_2025', 'lecture_conceptual_modeling', 'activity_conceptual_modeling', 'activity_conceptual_modeling_correction', 'web_architecture_home', 'practice_spring_2tiers', 'practice_spring_2tiers_ext', 'lecture_dto', 'activity_conceptual_modeling', 'activity_conceptual_modeling_correction', 'lecture_conceptual_modeling', 'technical_environment_home', 'activity_relational_model', 'lecture_conceptual_modeling']",12.58,success,"[69, 12, 43, 69, 12, 32, 18, 31, 8, 9, 65, 27, 17, 0, 32, 69, 67, 12, 42, 43, 14, 51, 65, 27, 17, 0, 3, 1, 2, 29, 6, 7, 4, 21, 44, 5, 29, 4, 10, 11, 65, 10, 11, 56, 57, 69, 12, 42, 43, 6, 35, 58, 59, 70, 65, 35, 58, 10, 56, 6, 29, 59, 70, 63, 54, 70, 63, 28, 48, 25, 70, 63, 28, 48, 54, 37, 60, 50, 65, 32, 18, 31, 8, 31, 8, 0, 29, 18, 27, 17, 29, 21, 8, 0, 6, 4, 44, 10, 56, 39, 22, 35, 58, 70, 63, 26, 28, 54, 65, 17, 0, 3, 70, 54, 55, 20, 0, 3, 17, 69, 8, 17]"
257,"['technical_environment_home', 'practice_docker', 'documentation_docker', 'practice_docker_advanced', 'technical_environment_home', 'documentation_docker', 'practice_docker', 'practice_docker_advanced', 'documentation_rdbms', 'practice_postgresql', 'documentation_programming', 'web_architecture_home', 'prerequisite_data_2025', 'technical_environment_home', 'documentation_programming', 'lecture_relational_model', 'lecture_db_integrity', 'activity_relational_model', 'activity_relational_model_correction', 'activity_sql', 'activity_sql_correction', 'practice_sql', 'practice_sql_correction', 'technical_environment_home', 'practice_docker', 'documentation_rdbms', 'practice_docker_advanced', 'web_architecture_home', 'lecture_transaction', 'lecture_modeling_normalization', 'lecture_conceptual_modeling', 'activity_relational_model', 'lecture_db_integrity', 'activity_conceptual_modeling', 'activity_conceptual_modeling_correction', 'lecture_normalization', 'activity_normalization', 'activity_normalization_correction', 'web_architecture_home', 'lecture_technical_architecture', 'lecture_software_architecture', 'lecture_dto', 'lecture_mvc_spring', 'lecture_jpa', 'practice_jpa', 'lecture_mvc_spring', 'lecture_transaction', 'practice_transaction', 'documentation_rdbms', 'technical_environment_home', 'practice_docker', 'practice_transaction_correction', 'prerequisite_data_2025', 'lecture_modeling_normalization', 'activity_conceptual_modeling', 'lecture_conceptual_modeling', 'lecture_transaction', 'lecture_normalization', 'lecture_independence_views', 'practice_independence_views', 'activity_decomposition', 'lecture_relational_model', 'lecture_db_integrity', 'lecture_isolation', 'practice_transaction', 'web_architecture_home', 'lecture_technical_architecture', 'lecture_software_architecture', 'lecture_dto', 'lecture_mvc_spring', 'lecture_jpa', 'practice_jpa', 'practice_jpa_advanced', 'web_architecture_home', 'practice_spring_2tiers', 'lecture_modeling_normalization', 'lecture_conceptual_modeling', 'lecture_relational_model', 'lecture_normalization', 'activity_conceptual_modeling', 'activity_conceptual_modeling_correction', 'activity_normalization', 'activity_normalization_correction', 'lecture_normalization', 'lecture_modeling_normalization', 'lecture_conceptual_modeling', 'lecture_normalization', 'web_architecture_home', 'practice_spring_2tiers_ext', 'lecture_conceptual_modeling', 'lecture_normalization', 'lecture_conceptual_modeling', 'web_architecture_home', 'lecture_modeling_normalization', 'lecture_conceptual_modeling']",13.4,success,"[69, 42, 12, 43, 69, 12, 42, 43, 14, 51, 13, 70, 65, 69, 13, 32, 18, 8, 9, 10, 11, 56, 57, 69, 42, 14, 43, 70, 35, 27, 17, 8, 18, 0, 3, 29, 6, 7, 70, 34, 33, 20, 28, 25, 48, 28, 35, 58, 14, 69, 42, 59, 65, 27, 0, 17, 35, 29, 21, 44, 4, 32, 18, 23, 58, 70, 34, 33, 20, 28, 25, 48, 49, 70, 54, 27, 17, 32, 29, 0, 3, 6, 7, 29, 27, 17, 29, 70, 55, 17, 29, 17, 70, 27, 17]"
258,"['technical_environment_home', 'prerequisite_techenv_2025', 'technical_environment_home', 'documentation_docker', 'practice_docker', 'practice_docker_advanced', 'documentation_rdbms', 'practice_postgresql', 'documentation_programming', 'practice_spring', 'technical_environment_home', 'documentation_docker', 'practice_spring', 'web_architecture_home', 'practice_postgresql', 'practice_docker', 'documentation_programming', 'lecture_technical_architecture', 'lecture_software_architecture', 'lecture_dto', 'lecture_mvc_spring', 'web_architecture_home', 'technical_environment_home', 'practice_postgresql', 'practice_docker', 'lecture_jpa', 'lecture_relational_model', 'practice_jpa', 'practice_jpa_advanced', 'practice_spring_2tiers', 'lecture_jpa', 'technical_environment_home', 'practice_docker', 'documentation_programming', 'practice_spring', 'documentation_docker', 'practice_postgresql', 'web_architecture_home', 'lecture_software_architecture', 'lecture_technical_architecture', 'lecture_mvc_spring', 'practice_spring_2tiers', 'technical_environment_home', 'practice_postgresql', 'lecture_xml', 'web_architecture_home', 'lecture_validity', 'practice_xml', 'lecture_json', 'practice_json', 'lecture_relational_model', 'lecture_db_integrity', 'activity_relational_model', 'lecture_modeling_normalization', 'lecture_conceptual_modeling', 'activity_conceptual_modeling', 'activity_conceptual_modeling_correction', 'lecture_normalization', 'activity_normalization', 'lecture_conceptual_modeling', 'lecture_normalization', 'activity_conceptual_modeling', 'lecture_modeling_normalization', 'activity_normalization', 'activity_sql', 'web_architecture_home', 'activity_sql', 'lecture_relational_model', 'practice_sql', 'lecture_transaction', 'practice_transaction', 'lecture_conceptual_modeling', 'activity_conceptual_modeling', 'lecture_normalization', 'activity_decomposition', 'lecture_technical_architecture', 'lecture_software_architecture', 'lecture_dto', 'lecture_mvc_spring', 'lecture_jpa', 'practice_jpa', 'practice_jpa_advanced', 'practice_spring_2tiers', 'web_architecture_home', 'practice_spring_2tiers', 'activity_normalization', 'lecture_normalization', 'web_architecture_home', 'practice_spring_2tiers_ext', 'lecture_software_architecture', 'lecture_dto', 'web_architecture_home', 'lecture_normalization', 'activity_normalization', 'activity_decomposition', 'activity_conceptual_modeling', 'lecture_conceptual_modeling', 'technical_environment_home', 'web_architecture_home', 'technical_environment_home', 'documentation_rdbms', 'practice_postgresql', 'lecture_modeling_normalization', 'lecture_conceptual_modeling']",12.29,success,"[69, 67, 69, 12, 42, 43, 14, 51, 13, 53, 69, 12, 53, 70, 51, 42, 13, 34, 33, 20, 28, 70, 69, 51, 42, 25, 32, 48, 49, 54, 25, 69, 42, 13, 53, 12, 51, 70, 33, 34, 28, 54, 69, 51, 37, 70, 36, 60, 26, 50, 32, 18, 8, 27, 17, 0, 3, 29, 6, 17, 29, 0, 27, 6, 10, 70, 10, 32, 56, 35, 58, 17, 0, 29, 4, 34, 33, 20, 28, 25, 48, 49, 54, 70, 54, 6, 29, 70, 55, 33, 20, 70, 29, 6, 4, 0, 17, 69, 70, 69, 14, 51, 27, 17]"
259,"['technical_environment_home', 'documentation_docker', 'documentation_rdbms', 'documentation_docker', 'technical_environment_home', 'documentation_rdbms', 'documentation_docker', 'practice_docker', 'documentation_rdbms', 'technical_environment_home', 'documentation_docker', 'practice_docker', 'documentation_docker', 'practice_docker', 'practice_docker_advanced', 'documentation_rdbms', 'practice_postgresql', 'practice_docker_advanced', 'practice_docker', 'documentation_docker', 'practice_docker', 'documentation_docker', 'web_architecture_home', 'lecture_technical_architecture', 'lecture_software_architecture', 'lecture_dto', 'lecture_xml', 'lecture_mvc_spring', 'technical_environment_home', 'practice_docker', 'practice_docker_advanced', 'documentation_rdbms', 'practice_postgresql', 'practice_docker_advanced', 'practice_docker', 'technical_environment_home', 'lecture_relational_model', 'lecture_db_integrity', 'activity_relational_model', 'lecture_relational_algebra', 'activity_relational_model', 'lecture_conceptual_modeling', 'lecture_modeling_normalization', 'lecture_conceptual_modeling', 'activity_conceptual_modeling', 'activity_conceptual_modeling_correction', 'lecture_normalization', 'activity_normalization', 'activity_normalization_correction', 'activity_sql', 'practice_sql', 'activity_normalization', 'lecture_normalization', 'activity_sql', 'technical_environment_home', 'documentation_docker', 'practice_sql', 'practice_sql_correction', 'web_architecture_home', 'practice_docker_advanced', 'practice_docker', 'lecture_technical_architecture', 'lecture_software_architecture', 'lecture_technical_architecture', 'lecture_software_architecture', 'lecture_dto', 'lecture_xml', 'documentation_docker', 'practice_docker_advanced', 'web_architecture_home', 'practice_xml', 'lecture_json', 'practice_json', 'lecture_json', 'web_architecture_home', 'lecture_mvc_spring', 'lecture_technical_architecture', 'lecture_mvc_spring', 'web_architecture_home', 'lecture_jpa', 'practice_spring_2tiers', 'lecture_jpa', 'web_architecture_home', 'practice_xml', 'lecture_xml', 'lecture_dto', 'lecture_software_architecture', 'lecture_dto', 'lecture_software_architecture', 'lecture_technical_architecture', 'web_architecture_home', 'lecture_modeling_normalization', 'activity_conceptual_modeling', 'lecture_conceptual_modeling', 'lecture_normalization', 'technical_environment_home', 'documentation_programming', 'practice_spring', 'web_architecture_home', 'lecture_technical_architecture', 'lecture_software_architecture', 'lecture_dto', 'lecture_mvc_spring', 'practice_spring_2tiers', 'lecture_jpa', 'lecture_technical_architecture', 'practice_jpa_advanced', 'practice_jpa', 'web_architecture_home', 'lecture_jpa', 'practice_jpa', 'practice_spring_2tiers', 'lecture_relational_model', 'activity_relational_model', 'lecture_conceptual_modeling', 'lecture_normalization', 'activity_normalization', 'activity_decomposition', 'lecture_modeling_normalization', 'lecture_dto', 'lecture_conceptual_modeling', 'web_architecture_home', 'lecture_conceptual_modeling', 'activity_conceptual_modeling', 'lecture_normalization', 'activity_conceptual_modeling_advanced', 'lecture_normalization', 'activity_conceptual_modeling_advanced', 'activity_normalization', 'activity_decomposition', 'lecture_conceptual_modeling', 'lecture_modeling_normalization', 'lecture_conceptual_modeling', 'activity_normalization', 'activity_decomposition', 'lecture_normalization', 'lecture_conceptual_modeling', 'lecture_normalization', 'activity_conceptual_modeling', 'lecture_normalization', 'lecture_modeling_normalization', 'lecture_conceptual_modeling', 'technical_environment_home', 'documentation_docker', 'web_architecture_home', 'practice_jpa', 'lecture_jpa', 'lecture_mvc_spring', 'web_architecture_home', 'lecture_jpa', 'practice_jpa', 'practice_jpa_advanced', 'practice_spring_2tiers', 'practice_spring_2tiers_ext', 'lecture_modeling_normalization', 'activity_conceptual_modeling', 'lecture_conceptual_modeling']",10.6,failure,"[69, 12, 14, 12, 69, 14, 12, 42, 14, 69, 12, 42, 12, 42, 43, 14, 51, 43, 42, 12, 42, 12, 70, 34, 33, 20, 37, 28, 69, 42, 43, 14, 51, 43, 42, 69, 32, 18, 8, 31, 8, 17, 27, 17, 0, 3, 29, 6, 7, 10, 56, 6, 29, 10, 69, 12, 56, 57, 70, 43, 42, 34, 33, 34, 33, 20, 37, 12, 43, 70, 60, 26, 50, 26, 70, 28, 34, 28, 70, 25, 54, 25, 70, 60, 37, 20, 33, 20, 33, 34, 70, 27, 0, 17, 29, 69, 13, 53, 70, 34, 33, 20, 28, 54, 25, 34, 49, 48, 70, 25, 48, 54, 32, 8, 17, 29, 6, 4, 27, 20, 17, 70, 17, 0, 29, 1, 29, 1, 6, 4, 17, 27, 17, 6, 4, 29, 17, 29, 0, 29, 27, 17, 69, 12, 70, 48, 25, 28, 70, 25, 48, 49, 54, 55, 27, 0, 17]"
