support,pattern
53,[69]
49,"[69, 13]"
33,"[69, 13, 12]"
38,"[69, 13, 42]"
42,"[69, 13, 51]"
26,"[69, 13, 43]"
31,"[69, 13, 14]"
27,"[69, 13, 68]"
41,"[69, 13, 13]"
34,"[69, 13, 16]"
46,"[69, 13, 53]"
48,"[69, 13, 69]"
49,"[69, 13, 70]"
44,"[69, 13, 34]"
42,"[69, 13, 33]"
45,"[69, 13, 28]"
46,"[69, 13, 25]"
39,"[69, 13, 49]"
47,"[69, 13, 48]"
47,"[69, 13, 54]"
46,"[69, 13, 32]"
43,"[69, 13, 18]"
36,"[69, 13, 55]"
43,"[69, 13, 20]"
37,"[69, 13, 37]"
36,"[69, 13, 26]"
32,"[69, 13, 50]"
43,"[69, 13, 8]"
45,"[69, 13, 27]"
49,"[69, 13, 17]"
45,"[69, 13, 29]"
47,"[69, 13, 0]"
39,"[69, 13, 10]"
38,"[69, 13, 56]"
19,"[69, 13, 11]"
21,"[69, 13, 57]"
41,"[69, 13, 35]"
37,"[69, 13, 58]"
19,"[69, 13, 59]"
21,"[69, 13, 1]"
29,"[69, 13, 60]"
35,"[69, 13, 4]"
35,"[69, 13, 3]"
45,"[69, 13, 6]"
28,"[69, 13, 7]"
24,"[69, 13, 31]"
19,"[69, 13, 36]"
24,"[69, 13, 9]"
16,"[69, 13, 65]"
20,"[69, 13, 63]"
52,"[69, 12]"
52,"[69, 12, 42]"
51,"[69, 12, 51]"
36,"[69, 12, 43]"
41,"[69, 12, 14]"
26,"[69, 12, 68]"
47,"[69, 12, 13]"
32,"[69, 12, 16]"
44,"[69, 12, 53]"
52,"[69, 12, 69]"
44,"[69, 12, 12]"
52,"[69, 12, 70]"
46,"[69, 12, 34]"
46,"[69, 12, 33]"
47,"[69, 12, 28]"
48,"[69, 12, 25]"
39,"[69, 12, 49]"
49,"[69, 12, 48]"
50,"[69, 12, 54]"
51,"[69, 12, 32]"
47,"[69, 12, 18]"
36,"[69, 12, 55]"
46,"[69, 12, 20]"
38,"[69, 12, 37]"
39,"[69, 12, 26]"
34,"[69, 12, 50]"
48,"[69, 12, 8]"
50,"[69, 12, 27]"
52,"[69, 12, 17]"
49,"[69, 12, 29]"
17,"[69, 12, 21]"
51,"[69, 12, 0]"
45,"[69, 12, 10]"
42,"[69, 12, 56]"
23,"[69, 12, 11]"
24,"[69, 12, 57]"
45,"[69, 12, 35]"
42,"[69, 12, 58]"
23,"[69, 12, 59]"
24,"[69, 12, 1]"
31,"[69, 12, 60]"
37,"[69, 12, 4]"
39,"[69, 12, 3]"
48,"[69, 12, 6]"
33,"[69, 12, 7]"
28,"[69, 12, 31]"
17,"[69, 12, 5]"
20,"[69, 12, 36]"
28,"[69, 12, 9]"
20,"[69, 12, 65]"
18,"[69, 12, 67]"
23,"[69, 12, 63]"
52,"[69, 42]"
50,"[69, 42, 51]"
36,"[69, 42, 43]"
40,"[69, 42, 14]"
26,"[69, 42, 68]"
47,"[69, 42, 13]"
32,"[69, 42, 16]"
44,"[69, 42, 53]"
52,"[69, 42, 69]"
43,"[69, 42, 12]"
52,"[69, 42, 70]"
46,"[69, 42, 34]"
46,"[69, 42, 33]"
47,"[69, 42, 28]"
48,"[69, 42, 25]"
39,"[69, 42, 49]"
49,"[69, 42, 48]"
50,"[69, 42, 54]"
51,"[69, 42, 32]"
47,"[69, 42, 18]"
36,"[69, 42, 55]"
46,"[69, 42, 20]"
38,"[69, 42, 37]"
39,"[69, 42, 26]"
34,"[69, 42, 50]"
48,"[69, 42, 8]"
50,"[69, 42, 27]"
52,"[69, 42, 17]"
49,"[69, 42, 29]"
17,"[69, 42, 21]"
51,"[69, 42, 0]"
45,"[69, 42, 10]"
42,"[69, 42, 56]"
23,"[69, 42, 11]"
24,"[69, 42, 57]"
45,"[69, 42, 35]"
42,"[69, 42, 58]"
23,"[69, 42, 59]"
24,"[69, 42, 1]"
31,"[69, 42, 60]"
37,"[69, 42, 4]"
39,"[69, 42, 3]"
48,"[69, 42, 6]"
33,"[69, 42, 7]"
28,"[69, 42, 31]"
17,"[69, 42, 5]"
45,"[69, 42, 42]"
20,"[69, 42, 36]"
27,"[69, 42, 9]"
20,"[69, 42, 65]"
17,"[69, 42, 67]"
23,"[69, 42, 63]"
52,"[69, 51]"
28,"[69, 51, 43]"
38,"[69, 51, 14]"
26,"[69, 51, 68]"
46,"[69, 51, 13]"
30,"[69, 51, 16]"
42,"[69, 51, 53]"
51,"[69, 51, 69]"
40,"[69, 51, 12]"
52,"[69, 51, 70]"
45,"[69, 51, 34]"
45,"[69, 51, 33]"
46,"[69, 51, 28]"
47,"[69, 51, 25]"
40,"[69, 51, 49]"
48,"[69, 51, 48]"
49,"[69, 51, 54]"
50,"[69, 51, 32]"
46,"[69, 51, 18]"
37,"[69, 51, 55]"
45,"[69, 51, 20]"
39,"[69, 51, 37]"
38,"[69, 51, 26]"
34,"[69, 51, 50]"
47,"[69, 51, 8]"
49,"[69, 51, 27]"
52,"[69, 51, 17]"
48,"[69, 51, 29]"
17,"[69, 51, 21]"
50,"[69, 51, 0]"
44,"[69, 51, 10]"
42,"[69, 51, 56]"
22,"[69, 51, 11]"
23,"[69, 51, 57]"
44,"[69, 51, 35]"
41,"[69, 51, 58]"
21,"[69, 51, 59]"
24,"[69, 51, 1]"
31,"[69, 51, 60]"
37,"[69, 51, 4]"
39,"[69, 51, 3]"
47,"[69, 51, 6]"
32,"[69, 51, 7]"
28,"[69, 51, 31]"
16,"[69, 51, 5]"
43,"[69, 51, 42]"
38,"[69, 51, 51]"
19,"[69, 51, 36]"
27,"[69, 51, 9]"
21,"[69, 51, 65]"
23,"[69, 51, 63]"
37,"[69, 43]"
30,"[69, 43, 14]"
22,"[69, 43, 68]"
32,"[69, 43, 13]"
23,"[69, 43, 16]"
31,"[69, 43, 53]"
36,"[69, 43, 69]"
28,"[69, 43, 12]"
37,"[69, 43, 70]"
31,"[69, 43, 34]"
31,"[69, 43, 33]"
32,"[69, 43, 28]"
32,"[69, 43, 25]"
28,"[69, 43, 49]"
35,"[69, 43, 48]"
33,"[69, 43, 54]"
34,"[69, 43, 32]"
31,"[69, 43, 18]"
29,"[69, 43, 55]"
30,"[69, 43, 20]"
29,"[69, 43, 37]"
25,"[69, 43, 26]"
21,"[69, 43, 50]"
32,"[69, 43, 8]"
34,"[69, 43, 27]"
35,"[69, 43, 17]"
32,"[69, 43, 29]"
34,"[69, 43, 0]"
26,"[69, 43, 10]"
26,"[69, 43, 56]"
29,"[69, 43, 35]"
25,"[69, 43, 58]"
17,"[69, 43, 1]"
21,"[69, 43, 60]"
29,"[69, 43, 4]"
25,"[69, 43, 3]"
31,"[69, 43, 6]"
18,"[69, 43, 7]"
20,"[69, 43, 31]"
33,"[69, 43, 51]"
21,"[69, 43, 43]"
27,"[69, 43, 42]"
19,"[69, 43, 9]"
43,"[69, 14]"
23,"[69, 14, 68]"
37,"[69, 14, 13]"
24,"[69, 14, 16]"
33,"[69, 14, 53]"
42,"[69, 14, 69]"
29,"[69, 14, 12]"
43,"[69, 14, 70]"
36,"[69, 14, 34]"
38,"[69, 14, 33]"
38,"[69, 14, 28]"
40,"[69, 14, 25]"
33,"[69, 14, 49]"
40,"[69, 14, 48]"
41,"[69, 14, 54]"
38,"[69, 14, 32]"
35,"[69, 14, 18]"
31,"[69, 14, 55]"
38,"[69, 14, 20]"
33,"[69, 14, 37]"
33,"[69, 14, 26]"
28,"[69, 14, 50]"
36,"[69, 14, 8]"
40,"[69, 14, 27]"
42,"[69, 14, 17]"
40,"[69, 14, 29]"
42,"[69, 14, 0]"
35,"[69, 14, 10]"
34,"[69, 14, 56]"
19,"[69, 14, 11]"
18,"[69, 14, 57]"
35,"[69, 14, 35]"
37,"[69, 14, 58]"
19,"[69, 14, 59]"
21,"[69, 14, 1]"
26,"[69, 14, 60]"
30,"[69, 14, 4]"
31,"[69, 14, 3]"
38,"[69, 14, 6]"
24,"[69, 14, 7]"
21,"[69, 14, 31]"
34,"[69, 14, 42]"
39,"[69, 14, 51]"
20,"[69, 14, 9]"
21,"[69, 14, 43]"
27,"[69, 14, 14]"
17,"[69, 14, 36]"
17,"[69, 14, 65]"
20,"[69, 14, 63]"
28,"[69, 68]"
18,"[69, 68, 13]"
17,"[69, 68, 16]"
26,"[69, 68, 53]"
25,"[69, 68, 69]"
16,"[69, 68, 12]"
27,"[69, 68, 70]"
24,"[69, 68, 34]"
25,"[69, 68, 33]"
24,"[69, 68, 28]"
25,"[69, 68, 25]"
24,"[69, 68, 49]"
26,"[69, 68, 48]"
25,"[69, 68, 54]"
27,"[69, 68, 32]"
25,"[69, 68, 18]"
20,"[69, 68, 55]"
23,"[69, 68, 20]"
21,"[69, 68, 37]"
19,"[69, 68, 26]"
16,"[69, 68, 50]"
26,"[69, 68, 8]"
24,"[69, 68, 27]"
26,"[69, 68, 17]"
26,"[69, 68, 29]"
26,"[69, 68, 0]"
20,"[69, 68, 10]"
21,"[69, 68, 56]"
23,"[69, 68, 35]"
23,"[69, 68, 58]"
17,"[69, 68, 1]"
24,"[69, 68, 4]"
19,"[69, 68, 3]"
26,"[69, 68, 6]"
19,"[69, 68, 31]"
20,"[69, 68, 51]"
19,"[69, 68, 42]"
16,"[69, 68, 14]"
34,"[69, 16]"
25,"[69, 16, 68]"
28,"[69, 16, 53]"
31,"[69, 16, 69]"
20,"[69, 16, 12]"
33,"[69, 16, 70]"
30,"[69, 16, 34]"
29,"[69, 16, 33]"
30,"[69, 16, 28]"
30,"[69, 16, 25]"
29,"[69, 16, 49]"
32,"[69, 16, 48]"
31,"[69, 16, 54]"
32,"[69, 16, 32]"
31,"[69, 16, 18]"
24,"[69, 16, 55]"
28,"[69, 16, 20]"
26,"[69, 16, 37]"
24,"[69, 16, 26]"
22,"[69, 16, 50]"
33,"[69, 16, 8]"
30,"[69, 16, 27]"
32,"[69, 16, 17]"
30,"[69, 16, 29]"
31,"[69, 16, 0]"
26,"[69, 16, 10]"
25,"[69, 16, 56]"
29,"[69, 16, 35]"
27,"[69, 16, 58]"
18,"[69, 16, 1]"
19,"[69, 16, 60]"
26,"[69, 16, 4]"
24,"[69, 16, 3]"
30,"[69, 16, 6]"
18,"[69, 16, 7]"
22,"[69, 16, 13]"
20,"[69, 16, 31]"
22,"[69, 16, 42]"
24,"[69, 16, 51]"
17,"[69, 16, 43]"
19,"[69, 16, 14]"
16,"[69, 16, 9]"
47,"[69, 53]"
44,"[69, 53, 69]"
32,"[69, 53, 12]"
47,"[69, 53, 70]"
43,"[69, 53, 34]"
41,"[69, 53, 33]"
43,"[69, 53, 28]"
44,"[69, 53, 25]"
39,"[69, 53, 49]"
46,"[69, 53, 48]"
45,"[69, 53, 54]"
45,"[69, 53, 32]"
42,"[69, 53, 18]"
35,"[69, 53, 55]"
41,"[69, 53, 20]"
36,"[69, 53, 37]"
36,"[69, 53, 26]"
31,"[69, 53, 50]"
43,"[69, 53, 8]"
43,"[69, 53, 27]"
47,"[69, 53, 17]"
43,"[69, 53, 29]"
45,"[69, 53, 0]"
37,"[69, 53, 10]"
37,"[69, 53, 56]"
19,"[69, 53, 11]"
21,"[69, 53, 57]"
40,"[69, 53, 35]"
36,"[69, 53, 58]"
18,"[69, 53, 59]"
20,"[69, 53, 1]"
29,"[69, 53, 60]"
35,"[69, 53, 4]"
34,"[69, 53, 3]"
43,"[69, 53, 6]"
27,"[69, 53, 7]"
34,"[69, 53, 13]"
18,"[69, 53, 68]"
35,"[69, 53, 53]"
23,"[69, 53, 16]"
22,"[69, 53, 31]"
33,"[69, 53, 42]"
36,"[69, 53, 51]"
21,"[69, 53, 43]"
19,"[69, 53, 36]"
28,"[69, 53, 14]"
24,"[69, 53, 9]"
16,"[69, 53, 65]"
19,"[69, 53, 63]"
53,"[69, 69]"
43,"[69, 69, 12]"
53,"[69, 69, 70]"
46,"[69, 69, 34]"
46,"[69, 69, 33]"
47,"[69, 69, 28]"
48,"[69, 69, 25]"
40,"[69, 69, 49]"
50,"[69, 69, 48]"
49,"[69, 69, 54]"
49,"[69, 69, 32]"
45,"[69, 69, 18]"
36,"[69, 69, 55]"
46,"[69, 69, 20]"
39,"[69, 69, 37]"
39,"[69, 69, 26]"
34,"[69, 69, 50]"
47,"[69, 69, 8]"
49,"[69, 69, 27]"
52,"[69, 69, 17]"
50,"[69, 69, 29]"
51,"[69, 69, 69]"
17,"[69, 69, 21]"
51,"[69, 69, 0]"
44,"[69, 69, 10]"
42,"[69, 69, 56]"
22,"[69, 69, 11]"
24,"[69, 69, 57]"
44,"[69, 69, 35]"
42,"[69, 69, 58]"
22,"[69, 69, 59]"
24,"[69, 69, 1]"
31,"[69, 69, 60]"
38,"[69, 69, 4]"
39,"[69, 69, 3]"
49,"[69, 69, 6]"
32,"[69, 69, 7]"
43,"[69, 69, 13]"
25,"[69, 69, 68]"
43,"[69, 69, 53]"
28,"[69, 69, 16]"
25,"[69, 69, 31]"
17,"[69, 69, 5]"
45,"[69, 69, 42]"
47,"[69, 69, 51]"
31,"[69, 69, 43]"
20,"[69, 69, 36]"
35,"[69, 69, 14]"
28,"[69, 69, 9]"
21,"[69, 69, 65]"
17,"[69, 69, 67]"
24,"[69, 69, 63]"
53,"[69, 70]"
47,"[69, 70, 34]"
47,"[69, 70, 33]"
48,"[69, 70, 28]"
49,"[69, 70, 25]"
40,"[69, 70, 49]"
50,"[69, 70, 48]"
52,"[69, 70, 70]"
51,"[69, 70, 54]"
48,"[69, 70, 32]"
46,"[69, 70, 18]"
37,"[69, 70, 55]"
47,"[69, 70, 20]"
39,"[69, 70, 37]"
39,"[69, 70, 26]"
34,"[69, 70, 50]"
45,"[69, 70, 8]"
47,"[69, 70, 27]"
51,"[69, 70, 17]"
48,"[69, 70, 29]"
50,"[69, 70, 69]"
50,"[69, 70, 0]"
42,"[69, 70, 10]"
41,"[69, 70, 56]"
19,"[69, 70, 11]"
21,"[69, 70, 57]"
45,"[69, 70, 35]"
41,"[69, 70, 58]"
22,"[69, 70, 59]"
21,"[69, 70, 1]"
31,"[69, 70, 60]"
36,"[69, 70, 4]"
39,"[69, 70, 3]"
47,"[69, 70, 6]"
30,"[69, 70, 7]"
39,"[69, 70, 13]"
16,"[69, 70, 68]"
38,"[69, 70, 53]"
20,"[69, 70, 16]"
26,"[69, 70, 31]"
16,"[69, 70, 5]"
41,"[69, 70, 42]"
35,"[69, 70, 12]"
39,"[69, 70, 51]"
24,"[69, 70, 43]"
20,"[69, 70, 36]"
29,"[69, 70, 14]"
24,"[69, 70, 9]"
20,"[69, 70, 65]"
24,"[69, 70, 63]"
47,"[69, 34]"
46,"[69, 34, 33]"
47,"[69, 34, 28]"
47,"[69, 34, 25]"
36,"[69, 34, 49]"
46,"[69, 34, 48]"
47,"[69, 34, 70]"
44,"[69, 34, 54]"
37,"[69, 34, 32]"
36,"[69, 34, 18]"
32,"[69, 34, 55]"
42,"[69, 34, 20]"
37,"[69, 34, 37]"
34,"[69, 34, 26]"
30,"[69, 34, 50]"
34,"[69, 34, 8]"
38,"[69, 34, 27]"
46,"[69, 34, 17]"
44,"[69, 34, 29]"
42,"[69, 34, 69]"
40,"[69, 34, 0]"
30,"[69, 34, 10]"
28,"[69, 34, 56]"
33,"[69, 34, 35]"
29,"[69, 34, 58]"
19,"[69, 34, 1]"
28,"[69, 34, 60]"
29,"[69, 34, 4]"
29,"[69, 34, 3]"
39,"[69, 34, 6]"
24,"[69, 34, 7]"
33,"[69, 34, 34]"
26,"[69, 34, 13]"
26,"[69, 34, 53]"
16,"[69, 34, 31]"
30,"[69, 34, 42]"
26,"[69, 34, 12]"
28,"[69, 34, 51]"
18,"[69, 34, 36]"
20,"[69, 34, 14]"
17,"[69, 34, 63]"
47,"[69, 33]"
47,"[69, 33, 28]"
47,"[69, 33, 25]"
37,"[69, 33, 49]"
46,"[69, 33, 48]"
47,"[69, 33, 70]"
46,"[69, 33, 54]"
31,"[69, 33, 32]"
30,"[69, 33, 18]"
33,"[69, 33, 55]"
42,"[69, 33, 20]"
38,"[69, 33, 37]"
35,"[69, 33, 26]"
31,"[69, 33, 50]"
29,"[69, 33, 8]"
36,"[69, 33, 27]"
46,"[69, 33, 17]"
44,"[69, 33, 29]"
41,"[69, 33, 69]"
41,"[69, 33, 0]"
26,"[69, 33, 10]"
27,"[69, 33, 56]"
30,"[69, 33, 35]"
26,"[69, 33, 58]"
17,"[69, 33, 1]"
28,"[69, 33, 60]"
28,"[69, 33, 4]"
24,"[69, 33, 3]"
36,"[69, 33, 6]"
19,"[69, 33, 7]"
32,"[69, 33, 34]"
34,"[69, 33, 33]"
26,"[69, 33, 13]"
26,"[69, 33, 53]"
30,"[69, 33, 42]"
25,"[69, 33, 12]"
25,"[69, 33, 51]"
19,"[69, 33, 36]"
17,"[69, 33, 14]"
16,"[69, 33, 63]"
48,"[69, 28]"
47,"[69, 28, 25]"
36,"[69, 28, 49]"
47,"[69, 28, 48]"
48,"[69, 28, 70]"
46,"[69, 28, 54]"
32,"[69, 28, 32]"
31,"[69, 28, 18]"
33,"[69, 28, 55]"
36,"[69, 28, 20]"
36,"[69, 28, 37]"
31,"[69, 28, 26]"
29,"[69, 28, 50]"
30,"[69, 28, 8]"
36,"[69, 28, 27]"
46,"[69, 28, 17]"
45,"[69, 28, 29]"
42,"[69, 28, 69]"
41,"[69, 28, 0]"
26,"[69, 28, 10]"
27,"[69, 28, 56]"
30,"[69, 28, 35]"
26,"[69, 28, 58]"
27,"[69, 28, 60]"
28,"[69, 28, 4]"
24,"[69, 28, 3]"
38,"[69, 28, 6]"
17,"[69, 28, 7]"
28,"[69, 28, 34]"
31,"[69, 28, 33]"
40,"[69, 28, 28]"
25,"[69, 28, 13]"
25,"[69, 28, 53]"
29,"[69, 28, 42]"
23,"[69, 28, 12]"
23,"[69, 28, 51]"
18,"[69, 28, 36]"
16,"[69, 28, 14]"
17,"[69, 28, 63]"
49,"[69, 25]"
38,"[69, 25, 49]"
48,"[69, 25, 48]"
37,"[69, 25, 25]"
49,"[69, 25, 70]"
43,"[69, 25, 54]"
29,"[69, 25, 32]"
30,"[69, 25, 18]"
35,"[69, 25, 55]"
33,"[69, 25, 20]"
33,"[69, 25, 37]"
29,"[69, 25, 26]"
27,"[69, 25, 50]"
29,"[69, 25, 8]"
35,"[69, 25, 27]"
47,"[69, 25, 17]"
44,"[69, 25, 29]"
39,"[69, 25, 69]"
40,"[69, 25, 0]"
22,"[69, 25, 10]"
25,"[69, 25, 56]"
29,"[69, 25, 35]"
25,"[69, 25, 58]"
16,"[69, 25, 1]"
27,"[69, 25, 60]"
28,"[69, 25, 4]"
22,"[69, 25, 3]"
38,"[69, 25, 6]"
18,"[69, 25, 7]"
26,"[69, 25, 34]"
30,"[69, 25, 33]"
35,"[69, 25, 28]"
22,"[69, 25, 13]"
21,"[69, 25, 53]"
27,"[69, 25, 42]"
23,"[69, 25, 12]"
23,"[69, 25, 51]"
17,"[69, 25, 36]"
17,"[69, 25, 63]"
40,"[69, 49]"
26,"[69, 49, 48]"
22,"[69, 49, 49]"
18,"[69, 49, 25]"
37,"[69, 49, 70]"
30,"[69, 49, 54]"
19,"[69, 49, 32]"
32,"[69, 49, 55]"
20,"[69, 49, 20]"
17,"[69, 49, 37]"
17,"[69, 49, 26]"
17,"[69, 49, 50]"
17,"[69, 49, 8]"
25,"[69, 49, 27]"
34,"[69, 49, 17]"
33,"[69, 49, 29]"
31,"[69, 49, 69]"
27,"[69, 49, 0]"
20,"[69, 49, 4]"
24,"[69, 49, 6]"
19,"[69, 49, 33]"
19,"[69, 49, 28]"
16,"[69, 49, 13]"
17,"[69, 49, 53]"
16,"[69, 49, 12]"
16,"[69, 49, 42]"
18,"[69, 49, 51]"
50,"[69, 48]"
37,"[69, 48, 49]"
40,"[69, 48, 48]"
35,"[69, 48, 25]"
49,"[69, 48, 70]"
42,"[69, 48, 54]"
27,"[69, 48, 32]"
27,"[69, 48, 18]"
34,"[69, 48, 55]"
32,"[69, 48, 20]"
30,"[69, 48, 37]"
28,"[69, 48, 26]"
26,"[69, 48, 50]"
27,"[69, 48, 8]"
32,"[69, 48, 27]"
46,"[69, 48, 17]"
44,"[69, 48, 29]"
40,"[69, 48, 69]"
40,"[69, 48, 0]"
21,"[69, 48, 10]"
23,"[69, 48, 56]"
25,"[69, 48, 35]"
22,"[69, 48, 58]"
26,"[69, 48, 60]"
27,"[69, 48, 4]"
22,"[69, 48, 3]"
36,"[69, 48, 6]"
16,"[69, 48, 7]"
23,"[69, 48, 34]"
28,"[69, 48, 33]"
31,"[69, 48, 28]"
21,"[69, 48, 13]"
22,"[69, 48, 53]"
24,"[69, 48, 42]"
22,"[69, 48, 12]"
23,"[69, 48, 51]"
51,"[69, 54]"
28,"[69, 54, 32]"
27,"[69, 54, 18]"
49,"[69, 54, 70]"
36,"[69, 54, 55]"
39,"[69, 54, 54]"
35,"[69, 54, 20]"
31,"[69, 54, 37]"
32,"[69, 54, 26]"
30,"[69, 54, 50]"
27,"[69, 54, 8]"
33,"[69, 54, 27]"
46,"[69, 54, 17]"
44,"[69, 54, 29]"
42,"[69, 54, 69]"
38,"[69, 54, 48]"
40,"[69, 54, 0]"
33,"[69, 54, 49]"
25,"[69, 54, 10]"
27,"[69, 54, 56]"
25,"[69, 54, 35]"
20,"[69, 54, 58]"
26,"[69, 54, 60]"
26,"[69, 54, 4]"
23,"[69, 54, 3]"
34,"[69, 54, 6]"
17,"[69, 54, 7]"
24,"[69, 54, 34]"
26,"[69, 54, 33]"
33,"[69, 54, 28]"
34,"[69, 54, 25]"
27,"[69, 54, 13]"
24,"[69, 54, 53]"
26,"[69, 54, 42]"
24,"[69, 54, 12]"
23,"[69, 54, 51]"
18,"[69, 54, 36]"
17,"[69, 54, 63]"
52,"[69, 32]"
47,"[69, 32, 18]"
51,"[69, 32, 70]"
36,"[69, 32, 55]"
47,"[69, 32, 54]"
39,"[69, 32, 20]"
35,"[69, 32, 37]"
33,"[69, 32, 26]"
28,"[69, 32, 50]"
32,"[69, 32, 32]"
49,"[69, 32, 8]"
49,"[69, 32, 27]"
51,"[69, 32, 17]"
49,"[69, 32, 29]"
48,"[69, 32, 69]"
49,"[69, 32, 48]"
16,"[69, 32, 21]"
51,"[69, 32, 0]"
38,"[69, 32, 49]"
43,"[69, 32, 10]"
41,"[69, 32, 56]"
22,"[69, 32, 11]"
23,"[69, 32, 57]"
45,"[69, 32, 35]"
42,"[69, 32, 58]"
23,"[69, 32, 59]"
23,"[69, 32, 1]"
25,"[69, 32, 60]"
38,"[69, 32, 4]"
40,"[69, 32, 3]"
47,"[69, 32, 6]"
32,"[69, 32, 7]"
43,"[69, 32, 34]"
45,"[69, 32, 33]"
46,"[69, 32, 28]"
48,"[69, 32, 25]"
30,"[69, 32, 13]"
30,"[69, 32, 53]"
29,"[69, 32, 31]"
17,"[69, 32, 5]"
34,"[69, 32, 42]"
29,"[69, 32, 12]"
34,"[69, 32, 51]"
18,"[69, 32, 36]"
25,"[69, 32, 14]"
28,"[69, 32, 9]"
19,"[69, 32, 43]"
18,"[69, 32, 65]"
22,"[69, 32, 63]"
48,"[69, 18]"
47,"[69, 18, 70]"
33,"[69, 18, 55]"
44,"[69, 18, 54]"
38,"[69, 18, 20]"
32,"[69, 18, 37]"
29,"[69, 18, 26]"
25,"[69, 18, 50]"
30,"[69, 18, 32]"
24,"[69, 18, 18]"
47,"[69, 18, 8]"
47,"[69, 18, 27]"
47,"[69, 18, 17]"
46,"[69, 18, 29]"
43,"[69, 18, 69]"
46,"[69, 18, 48]"
16,"[69, 18, 21]"
46,"[69, 18, 0]"
36,"[69, 18, 49]"
41,"[69, 18, 10]"
40,"[69, 18, 56]"
22,"[69, 18, 11]"
24,"[69, 18, 57]"
40,"[69, 18, 35]"
37,"[69, 18, 58]"
22,"[69, 18, 59]"
22,"[69, 18, 1]"
21,"[69, 18, 60]"
37,"[69, 18, 4]"
38,"[69, 18, 3]"
45,"[69, 18, 6]"
31,"[69, 18, 7]"
40,"[69, 18, 34]"
41,"[69, 18, 33]"
43,"[69, 18, 28]"
45,"[69, 18, 25]"
26,"[69, 18, 13]"
26,"[69, 18, 53]"
27,"[69, 18, 31]"
16,"[69, 18, 5]"
31,"[69, 18, 42]"
26,"[69, 18, 12]"
29,"[69, 18, 51]"
21,"[69, 18, 14]"
29,"[69, 18, 9]"
18,"[69, 18, 43]"
17,"[69, 18, 65]"
21,"[69, 18, 63]"
37,"[69, 55]"
20,"[69, 55, 54]"
23,"[69, 55, 20]"
21,"[69, 55, 27]"
27,"[69, 55, 17]"
26,"[69, 55, 29]"
33,"[69, 55, 69]"
34,"[69, 55, 70]"
23,"[69, 55, 48]"
23,"[69, 55, 0]"
21,"[69, 55, 55]"
17,"[69, 55, 49]"
18,"[69, 55, 4]"
19,"[69, 55, 6]"
19,"[69, 55, 33]"
18,"[69, 55, 25]"
16,"[69, 55, 42]"
47,"[69, 20]"
37,"[69, 20, 37]"
35,"[69, 20, 26]"
32,"[69, 20, 50]"
28,"[69, 20, 32]"
29,"[69, 20, 18]"
28,"[69, 20, 8]"
34,"[69, 20, 27]"
44,"[69, 20, 17]"
39,"[69, 20, 29]"
39,"[69, 20, 69]"
46,"[69, 20, 70]"
43,"[69, 20, 48]"
38,"[69, 20, 0]"
31,"[69, 20, 55]"
40,"[69, 20, 54]"
34,"[69, 20, 49]"
24,"[69, 20, 10]"
25,"[69, 20, 56]"
28,"[69, 20, 35]"
26,"[69, 20, 58]"
28,"[69, 20, 60]"
27,"[69, 20, 4]"
23,"[69, 20, 3]"
34,"[69, 20, 6]"
16,"[69, 20, 7]"
25,"[69, 20, 34]"
29,"[69, 20, 33]"
39,"[69, 20, 28]"
42,"[69, 20, 25]"
30,"[69, 20, 20]"
20,"[69, 20, 13]"
19,"[69, 20, 53]"
25,"[69, 20, 42]"
23,"[69, 20, 12]"
21,"[69, 20, 51]"
19,"[69, 20, 36]"
16,"[69, 20, 63]"
39,"[69, 37]"
31,"[69, 37, 26]"
27,"[69, 37, 50]"
25,"[69, 37, 32]"
24,"[69, 37, 18]"
23,"[69, 37, 8]"
32,"[69, 37, 27]"
38,"[69, 37, 17]"
36,"[69, 37, 29]"
35,"[69, 37, 69]"
38,"[69, 37, 70]"
31,"[69, 37, 48]"
33,"[69, 37, 0]"
29,"[69, 37, 55]"
31,"[69, 37, 54]"
25,"[69, 37, 49]"
19,"[69, 37, 10]"
22,"[69, 37, 56]"
19,"[69, 37, 35]"
18,"[69, 37, 58]"
28,"[69, 37, 60]"
25,"[69, 37, 4]"
17,"[69, 37, 3]"
31,"[69, 37, 6]"
19,"[69, 37, 34]"
24,"[69, 37, 33]"
27,"[69, 37, 28]"
28,"[69, 37, 25]"
24,"[69, 37, 20]"
18,"[69, 37, 13]"
16,"[69, 37, 53]"
17,"[69, 37, 37]"
20,"[69, 37, 42]"
18,"[69, 37, 12]"
19,"[69, 37, 51]"
17,"[69, 37, 36]"
39,"[69, 26]"
30,"[69, 26, 50]"
21,"[69, 26, 32]"
21,"[69, 26, 18]"
21,"[69, 26, 8]"
27,"[69, 26, 27]"
36,"[69, 26, 17]"
31,"[69, 26, 29]"
31,"[69, 26, 69]"
36,"[69, 26, 70]"
34,"[69, 26, 48]"
30,"[69, 26, 0]"
28,"[69, 26, 55]"
28,"[69, 26, 54]"
24,"[69, 26, 49]"
17,"[69, 26, 10]"
19,"[69, 26, 56]"
16,"[69, 26, 35]"
18,"[69, 26, 60]"
25,"[69, 26, 4]"
18,"[69, 26, 3]"
29,"[69, 26, 6]"
18,"[69, 26, 34]"
23,"[69, 26, 33]"
27,"[69, 26, 28]"
27,"[69, 26, 25]"
23,"[69, 26, 20]"
17,"[69, 26, 37]"
18,"[69, 26, 42]"
17,"[69, 26, 12]"
17,"[69, 26, 51]"
34,"[69, 50]"
18,"[69, 50, 32]"
17,"[69, 50, 18]"
18,"[69, 50, 8]"
23,"[69, 50, 27]"
32,"[69, 50, 17]"
27,"[69, 50, 29]"
26,"[69, 50, 69]"
31,"[69, 50, 70]"
26,"[69, 50, 48]"
26,"[69, 50, 0]"
24,"[69, 50, 55]"
25,"[69, 50, 54]"
22,"[69, 50, 49]"
16,"[69, 50, 10]"
18,"[69, 50, 56]"
21,"[69, 50, 4]"
24,"[69, 50, 6]"
19,"[69, 50, 33]"
21,"[69, 50, 28]"
22,"[69, 50, 25]"
19,"[69, 50, 20]"
49,"[69, 8]"
48,"[69, 8, 27]"
49,"[69, 8, 17]"
46,"[69, 8, 29]"
45,"[69, 8, 69]"
49,"[69, 8, 70]"
48,"[69, 8, 48]"
16,"[69, 8, 21]"
46,"[69, 8, 0]"
35,"[69, 8, 55]"
45,"[69, 8, 54]"
38,"[69, 8, 49]"
41,"[69, 8, 10]"
29,"[69, 8, 32]"
24,"[69, 8, 18]"
41,"[69, 8, 56]"
21,"[69, 8, 11]"
24,"[69, 8, 57]"
25,"[69, 8, 50]"
39,"[69, 8, 35]"
37,"[69, 8, 58]"
21,"[69, 8, 59]"
22,"[69, 8, 1]"
21,"[69, 8, 60]"
37,"[69, 8, 4]"
38,"[69, 8, 3]"
47,"[69, 8, 6]"
33,"[69, 8, 7]"
40,"[69, 8, 34]"
43,"[69, 8, 33]"
44,"[69, 8, 28]"
46,"[69, 8, 25]"
38,"[69, 8, 20]"
26,"[69, 8, 13]"
25,"[69, 8, 53]"
26,"[69, 8, 8]"
16,"[69, 8, 31]"
29,"[69, 8, 26]"
32,"[69, 8, 37]"
33,"[69, 8, 42]"
27,"[69, 8, 12]"
29,"[69, 8, 51]"
21,"[69, 8, 14]"
29,"[69, 8, 9]"
20,"[69, 8, 43]"
17,"[69, 8, 65]"
21,"[69, 8, 63]"
51,"[69, 27]"
50,"[69, 27, 17]"
47,"[69, 27, 29]"
46,"[69, 27, 69]"
50,"[69, 27, 70]"
46,"[69, 27, 48]"
17,"[69, 27, 21]"
50,"[69, 27, 0]"
35,"[69, 27, 55]"
45,"[69, 27, 54]"
37,"[69, 27, 49]"
43,"[69, 27, 10]"
28,"[69, 27, 32]"
27,"[69, 27, 18]"
41,"[69, 27, 27]"
40,"[69, 27, 56]"
21,"[69, 27, 11]"
22,"[69, 27, 57]"
26,"[69, 27, 50]"
43,"[69, 27, 35]"
40,"[69, 27, 58]"
23,"[69, 27, 59]"
23,"[69, 27, 1]"
22,"[69, 27, 60]"
37,"[69, 27, 4]"
39,"[69, 27, 3]"
48,"[69, 27, 6]"
31,"[69, 27, 7]"
41,"[69, 27, 34]"
43,"[69, 27, 33]"
42,"[69, 27, 28]"
45,"[69, 27, 25]"
38,"[69, 27, 20]"
26,"[69, 27, 13]"
25,"[69, 27, 53]"
29,"[69, 27, 8]"
17,"[69, 27, 5]"
31,"[69, 27, 26]"
33,"[69, 27, 37]"
30,"[69, 27, 42]"
27,"[69, 27, 12]"
29,"[69, 27, 51]"
22,"[69, 27, 14]"
16,"[69, 27, 43]"
17,"[69, 27, 65]"
22,"[69, 27, 63]"
53,"[69, 17]"
49,"[69, 17, 29]"
47,"[69, 17, 69]"
52,"[69, 17, 70]"
48,"[69, 17, 48]"
17,"[69, 17, 21]"
51,"[69, 17, 0]"
37,"[69, 17, 55]"
45,"[69, 17, 54]"
37,"[69, 17, 49]"
43,"[69, 17, 10]"
27,"[69, 17, 32]"
24,"[69, 17, 18]"
41,"[69, 17, 27]"
40,"[69, 17, 56]"
20,"[69, 17, 11]"
22,"[69, 17, 57]"
27,"[69, 17, 50]"
42,"[69, 17, 35]"
38,"[69, 17, 58]"
22,"[69, 17, 59]"
50,"[69, 17, 17]"
22,"[69, 17, 1]"
24,"[69, 17, 60]"
37,"[69, 17, 4]"
39,"[69, 17, 3]"
48,"[69, 17, 6]"
32,"[69, 17, 7]"
41,"[69, 17, 34]"
44,"[69, 17, 33]"
43,"[69, 17, 28]"
44,"[69, 17, 25]"
38,"[69, 17, 20]"
27,"[69, 17, 13]"
26,"[69, 17, 53]"
25,"[69, 17, 8]"
16,"[69, 17, 5]"
33,"[69, 17, 26]"
35,"[69, 17, 37]"
32,"[69, 17, 42]"
29,"[69, 17, 12]"
30,"[69, 17, 51]"
23,"[69, 17, 14]"
19,"[69, 17, 43]"
18,"[69, 17, 65]"
23,"[69, 17, 63]"
50,"[69, 29]"
43,"[69, 29, 69]"
50,"[69, 29, 70]"
47,"[69, 29, 48]"
17,"[69, 29, 21]"
46,"[69, 29, 0]"
34,"[69, 29, 55]"
43,"[69, 29, 54]"
36,"[69, 29, 49]"
40,"[69, 29, 10]"
27,"[69, 29, 32]"
23,"[69, 29, 18]"
38,"[69, 29, 27]"
39,"[69, 29, 56]"
21,"[69, 29, 11]"
22,"[69, 29, 57]"
27,"[69, 29, 50]"
41,"[69, 29, 35]"
39,"[69, 29, 58]"
23,"[69, 29, 59]"
49,"[69, 29, 17]"
46,"[69, 29, 29]"
17,"[69, 29, 1]"
24,"[69, 29, 60]"
36,"[69, 29, 4]"
24,"[69, 29, 3]"
47,"[69, 29, 6]"
32,"[69, 29, 7]"
39,"[69, 29, 34]"
43,"[69, 29, 33]"
41,"[69, 29, 28]"
44,"[69, 29, 25]"
38,"[69, 29, 20]"
24,"[69, 29, 13]"
23,"[69, 29, 53]"
23,"[69, 29, 8]"
17,"[69, 29, 5]"
33,"[69, 29, 26]"
35,"[69, 29, 37]"
31,"[69, 29, 42]"
25,"[69, 29, 12]"
26,"[69, 29, 51]"
16,"[69, 29, 36]"
20,"[69, 29, 14]"
18,"[69, 29, 65]"
23,"[69, 29, 63]"
17,"[69, 21]"
52,"[69, 0]"
36,"[69, 0, 55]"
46,"[69, 0, 54]"
37,"[69, 0, 49]"
50,"[69, 0, 70]"
40,"[69, 0, 10]"
28,"[69, 0, 32]"
25,"[69, 0, 18]"
38,"[69, 0, 27]"
39,"[69, 0, 56]"
20,"[69, 0, 11]"
22,"[69, 0, 57]"
26,"[69, 0, 50]"
43,"[69, 0, 35]"
40,"[69, 0, 58]"
22,"[69, 0, 59]"
46,"[69, 0, 0]"
49,"[69, 0, 17]"
49,"[69, 0, 29]"
17,"[69, 0, 21]"
24,"[69, 0, 1]"
23,"[69, 0, 60]"
36,"[69, 0, 4]"
40,"[69, 0, 3]"
46,"[69, 0, 6]"
32,"[69, 0, 7]"
41,"[69, 0, 34]"
43,"[69, 0, 33]"
43,"[69, 0, 28]"
45,"[69, 0, 25]"
48,"[69, 0, 48]"
37,"[69, 0, 20]"
47,"[69, 0, 69]"
27,"[69, 0, 13]"
26,"[69, 0, 53]"
26,"[69, 0, 8]"
16,"[69, 0, 5]"
32,"[69, 0, 26]"
35,"[69, 0, 37]"
32,"[69, 0, 42]"
28,"[69, 0, 12]"
30,"[69, 0, 51]"
23,"[69, 0, 14]"
18,"[69, 0, 43]"
18,"[69, 0, 65]"
22,"[69, 0, 63]"
46,"[69, 10]"
27,"[69, 10, 32]"
23,"[69, 10, 18]"
34,"[69, 10, 27]"
42,"[69, 10, 56]"
23,"[69, 10, 11]"
24,"[69, 10, 57]"
46,"[69, 10, 70]"
23,"[69, 10, 50]"
37,"[69, 10, 35]"
34,"[69, 10, 58]"
19,"[69, 10, 59]"
42,"[69, 10, 0]"
42,"[69, 10, 17]"
40,"[69, 10, 29]"
16,"[69, 10, 1]"
21,"[69, 10, 60]"
27,"[69, 10, 4]"
22,"[69, 10, 3]"
34,"[69, 10, 6]"
18,"[69, 10, 7]"
37,"[69, 10, 34]"
41,"[69, 10, 33]"
38,"[69, 10, 28]"
41,"[69, 10, 25]"
42,"[69, 10, 48]"
41,"[69, 10, 54]"
35,"[69, 10, 20]"
42,"[69, 10, 69]"
24,"[69, 10, 13]"
23,"[69, 10, 53]"
21,"[69, 10, 8]"
28,"[69, 10, 26]"
31,"[69, 10, 37]"
32,"[69, 10, 55]"
33,"[69, 10, 49]"
28,"[69, 10, 42]"
25,"[69, 10, 10]"
25,"[69, 10, 12]"
24,"[69, 10, 51]"
17,"[69, 10, 14]"
18,"[69, 10, 43]"
18,"[69, 10, 65]"
21,"[69, 10, 63]"
43,"[69, 56]"
27,"[69, 56, 56]"
24,"[69, 56, 57]"
43,"[69, 56, 70]"
24,"[69, 56, 50]"
35,"[69, 56, 35]"
32,"[69, 56, 58]"
19,"[69, 56, 59]"
39,"[69, 56, 0]"
32,"[69, 56, 27]"
40,"[69, 56, 17]"
38,"[69, 56, 29]"
19,"[69, 56, 60]"
26,"[69, 56, 4]"
20,"[69, 56, 3]"
33,"[69, 56, 6]"
35,"[69, 56, 34]"
39,"[69, 56, 33]"
36,"[69, 56, 28]"
39,"[69, 56, 25]"
38,"[69, 56, 48]"
39,"[69, 56, 54]"
34,"[69, 56, 20]"
39,"[69, 56, 69]"
22,"[69, 56, 13]"
21,"[69, 56, 53]"
22,"[69, 56, 32]"
21,"[69, 56, 18]"
20,"[69, 56, 8]"
27,"[69, 56, 26]"
29,"[69, 56, 37]"
31,"[69, 56, 55]"
33,"[69, 56, 49]"
25,"[69, 56, 42]"
22,"[69, 56, 10]"
22,"[69, 56, 12]"
21,"[69, 56, 51]"
17,"[69, 56, 14]"
16,"[69, 56, 65]"
19,"[69, 56, 63]"
23,"[69, 11]"
18,"[69, 11, 57]"
23,"[69, 11, 70]"
22,"[69, 11, 35]"
21,"[69, 11, 58]"
21,"[69, 11, 0]"
16,"[69, 11, 27]"
21,"[69, 11, 17]"
22,"[69, 11, 29]"
18,"[69, 11, 6]"
18,"[69, 11, 34]"
20,"[69, 11, 33]"
19,"[69, 11, 28]"
21,"[69, 11, 25]"
22,"[69, 11, 48]"
21,"[69, 11, 54]"
19,"[69, 11, 20]"
22,"[69, 11, 69]"
23,"[69, 11, 56]"
16,"[69, 11, 37]"
17,"[69, 11, 55]"
19,"[69, 11, 49]"
24,"[69, 57]"
24,"[69, 57, 70]"
20,"[69, 57, 35]"
18,"[69, 57, 58]"
19,"[69, 57, 0]"
16,"[69, 57, 27]"
23,"[69, 57, 17]"
22,"[69, 57, 29]"
16,"[69, 57, 6]"
20,"[69, 57, 34]"
20,"[69, 57, 33]"
21,"[69, 57, 28]"
24,"[69, 57, 25]"
23,"[69, 57, 48]"
20,"[69, 57, 54]"
18,"[69, 57, 20]"
22,"[69, 57, 69]"
17,"[69, 57, 37]"
17,"[69, 57, 55]"
19,"[69, 57, 49]"
46,"[69, 35]"
40,"[69, 35, 58]"
46,"[69, 35, 70]"
23,"[69, 35, 35]"
23,"[69, 35, 59]"
38,"[69, 35, 0]"
31,"[69, 35, 27]"
42,"[69, 35, 17]"
41,"[69, 35, 29]"
21,"[69, 35, 50]"
20,"[69, 35, 60]"
22,"[69, 35, 4]"
17,"[69, 35, 3]"
31,"[69, 35, 6]"
37,"[69, 35, 34]"
38,"[69, 35, 33]"
37,"[69, 35, 28]"
40,"[69, 35, 25]"
41,"[69, 35, 48]"
41,"[69, 35, 54]"
32,"[69, 35, 20]"
40,"[69, 35, 69]"
20,"[69, 35, 13]"
20,"[69, 35, 53]"
21,"[69, 35, 32]"
18,"[69, 35, 18]"
18,"[69, 35, 8]"
27,"[69, 35, 26]"
27,"[69, 35, 56]"
31,"[69, 35, 37]"
31,"[69, 35, 55]"
33,"[69, 35, 49]"
24,"[69, 35, 42]"
21,"[69, 35, 12]"
25,"[69, 35, 51]"
20,"[69, 35, 10]"
18,"[69, 35, 14]"
16,"[69, 35, 65]"
18,"[69, 35, 63]"
43,"[69, 58]"
43,"[69, 58, 70]"
24,"[69, 58, 35]"
27,"[69, 58, 58]"
23,"[69, 58, 59]"
37,"[69, 58, 0]"
30,"[69, 58, 27]"
40,"[69, 58, 17]"
39,"[69, 58, 29]"
21,"[69, 58, 50]"
19,"[69, 58, 60]"
20,"[69, 58, 4]"
29,"[69, 58, 6]"
34,"[69, 58, 34]"
37,"[69, 58, 33]"
36,"[69, 58, 28]"
37,"[69, 58, 25]"
38,"[69, 58, 48]"
38,"[69, 58, 54]"
31,"[69, 58, 20]"
37,"[69, 58, 69]"
18,"[69, 58, 13]"
18,"[69, 58, 53]"
19,"[69, 58, 32]"
17,"[69, 58, 18]"
17,"[69, 58, 8]"
26,"[69, 58, 26]"
26,"[69, 58, 56]"
29,"[69, 58, 37]"
28,"[69, 58, 55]"
30,"[69, 58, 49]"
23,"[69, 58, 42]"
19,"[69, 58, 12]"
22,"[69, 58, 51]"
19,"[69, 58, 10]"
17,"[69, 58, 14]"
16,"[69, 58, 65]"
18,"[69, 58, 63]"
23,"[69, 59]"
20,"[69, 59, 0]"
21,"[69, 59, 17]"
21,"[69, 59, 29]"
23,"[69, 59, 70]"
17,"[69, 59, 6]"
18,"[69, 59, 34]"
20,"[69, 59, 33]"
20,"[69, 59, 28]"
21,"[69, 59, 25]"
21,"[69, 59, 48]"
22,"[69, 59, 54]"
18,"[69, 59, 20]"
19,"[69, 59, 69]"
16,"[69, 59, 49]"
24,"[69, 1]"
21,"[69, 1, 70]"
16,"[69, 1, 4]"
18,"[69, 1, 6]"
16,"[69, 1, 34]"
16,"[69, 1, 33]"
16,"[69, 1, 28]"
20,"[69, 1, 17]"
22,"[69, 1, 29]"
16,"[69, 1, 0]"
18,"[69, 1, 25]"
19,"[69, 1, 48]"
19,"[69, 1, 54]"
20,"[69, 1, 69]"
18,"[69, 1, 35]"
17,"[69, 1, 58]"
17,"[69, 1, 55]"
31,"[69, 60]"
19,"[69, 60, 4]"
22,"[69, 60, 6]"
30,"[69, 60, 70]"
18,"[69, 60, 33]"
18,"[69, 60, 28]"
22,"[69, 60, 27]"
29,"[69, 60, 17]"
25,"[69, 60, 29]"
25,"[69, 60, 0]"
19,"[69, 60, 25]"
23,"[69, 60, 48]"
21,"[69, 60, 54]"
16,"[69, 60, 20]"
26,"[69, 60, 69]"
18,"[69, 60, 32]"
18,"[69, 60, 18]"
19,"[69, 60, 8]"
21,"[69, 60, 26]"
22,"[69, 60, 50]"
16,"[69, 60, 56]"
23,"[69, 60, 55]"
20,"[69, 60, 49]"
16,"[69, 60, 60]"
38,"[69, 4]"
28,"[69, 4, 6]"
37,"[69, 4, 70]"
27,"[69, 4, 34]"
29,"[69, 4, 33]"
29,"[69, 4, 28]"
22,"[69, 4, 27]"
30,"[69, 4, 17]"
32,"[69, 4, 29]"
32,"[69, 4, 0]"
31,"[69, 4, 25]"
33,"[69, 4, 48]"
29,"[69, 4, 54]"
24,"[69, 4, 20]"
34,"[69, 4, 69]"
17,"[69, 4, 13]"
18,"[69, 4, 53]"
27,"[69, 4, 35]"
17,"[69, 4, 32]"
16,"[69, 4, 18]"
17,"[69, 4, 8]"
25,"[69, 4, 4]"
17,"[69, 4, 5]"
26,"[69, 4, 58]"
18,"[69, 4, 26]"
25,"[69, 4, 56]"
21,"[69, 4, 37]"
27,"[69, 4, 55]"
28,"[69, 4, 49]"
24,"[69, 4, 10]"
19,"[69, 4, 42]"
17,"[69, 4, 12]"
17,"[69, 4, 51]"
16,"[69, 4, 59]"
40,"[69, 3]"
38,"[69, 3, 6]"
29,"[69, 3, 7]"
40,"[69, 3, 70]"
32,"[69, 3, 34]"
34,"[69, 3, 33]"
34,"[69, 3, 28]"
31,"[69, 3, 27]"
38,"[69, 3, 17]"
39,"[69, 3, 29]"
37,"[69, 3, 0]"
37,"[69, 3, 25]"
38,"[69, 3, 48]"
36,"[69, 3, 54]"
29,"[69, 3, 20]"
36,"[69, 3, 69]"
20,"[69, 3, 13]"
19,"[69, 3, 53]"
32,"[69, 3, 35]"
23,"[69, 3, 32]"
17,"[69, 3, 18]"
18,"[69, 3, 8]"
17,"[69, 3, 3]"
16,"[69, 3, 1]"
30,"[69, 3, 4]"
32,"[69, 3, 58]"
25,"[69, 3, 26]"
19,"[69, 3, 50]"
29,"[69, 3, 56]"
18,"[69, 3, 57]"
27,"[69, 3, 37]"
29,"[69, 3, 55]"
30,"[69, 3, 49]"
24,"[69, 3, 42]"
27,"[69, 3, 10]"
17,"[69, 3, 60]"
19,"[69, 3, 12]"
21,"[69, 3, 51]"
17,"[69, 3, 59]"
19,"[69, 3, 63]"
49,"[69, 6]"
33,"[69, 6, 7]"
49,"[69, 6, 70]"
39,"[69, 6, 34]"
41,"[69, 6, 33]"
41,"[69, 6, 28]"
35,"[69, 6, 27]"
47,"[69, 6, 17]"
43,"[69, 6, 29]"
16,"[69, 6, 21]"
41,"[69, 6, 0]"
43,"[69, 6, 25]"
44,"[69, 6, 48]"
43,"[69, 6, 54]"
36,"[69, 6, 20]"
43,"[69, 6, 69]"
23,"[69, 6, 13]"
22,"[69, 6, 53]"
40,"[69, 6, 35]"
25,"[69, 6, 32]"
22,"[69, 6, 18]"
23,"[69, 6, 8]"
19,"[69, 6, 3]"
17,"[69, 6, 1]"
37,"[69, 6, 6]"
36,"[69, 6, 4]"
17,"[69, 6, 5]"
38,"[69, 6, 58]"
30,"[69, 6, 26]"
24,"[69, 6, 50]"
38,"[69, 6, 56]"
19,"[69, 6, 57]"
33,"[69, 6, 37]"
35,"[69, 6, 55]"
34,"[69, 6, 49]"
34,"[69, 6, 10]"
28,"[69, 6, 42]"
22,"[69, 6, 60]"
23,"[69, 6, 12]"
24,"[69, 6, 51]"
21,"[69, 6, 59]"
18,"[69, 6, 14]"
17,"[69, 6, 11]"
16,"[69, 6, 65]"
21,"[69, 6, 63]"
33,"[69, 7]"
33,"[69, 7, 70]"
26,"[69, 7, 34]"
28,"[69, 7, 33]"
30,"[69, 7, 28]"
21,"[69, 7, 27]"
30,"[69, 7, 17]"
28,"[69, 7, 29]"
27,"[69, 7, 0]"
30,"[69, 7, 25]"
31,"[69, 7, 48]"
28,"[69, 7, 54]"
25,"[69, 7, 20]"
30,"[69, 7, 69]"
17,"[69, 7, 13]"
16,"[69, 7, 53]"
27,"[69, 7, 35]"
16,"[69, 7, 8]"
23,"[69, 7, 6]"
24,"[69, 7, 4]"
25,"[69, 7, 58]"
24,"[69, 7, 26]"
19,"[69, 7, 50]"
25,"[69, 7, 56]"
24,"[69, 7, 37]"
22,"[69, 7, 55]"
23,"[69, 7, 49]"
21,"[69, 7, 10]"
18,"[69, 7, 42]"
17,"[69, 7, 60]"
16,"[69, 7, 12]"
17,"[69, 7, 59]"
29,"[69, 31]"
22,"[69, 31, 4]"
24,"[69, 31, 58]"
24,"[69, 31, 34]"
24,"[69, 31, 33]"
25,"[69, 31, 28]"
16,"[69, 31, 26]"
18,"[69, 31, 50]"
22,"[69, 31, 56]"
28,"[69, 31, 70]"
22,"[69, 31, 37]"
21,"[69, 31, 55]"
23,"[69, 31, 49]"
27,"[69, 31, 48]"
29,"[69, 31, 0]"
18,"[69, 31, 1]"
26,"[69, 31, 6]"
28,"[69, 31, 29]"
28,"[69, 31, 17]"
28,"[69, 31, 54]"
27,"[69, 31, 27]"
24,"[69, 31, 8]"
19,"[69, 31, 3]"
22,"[69, 31, 10]"
25,"[69, 31, 35]"
16,"[69, 31, 7]"
26,"[69, 31, 25]"
24,"[69, 31, 69]"
23,"[69, 31, 20]"
17,"[69, 31, 42]"
17,"[69, 5]"
17,"[69, 5, 70]"
16,"[69, 5, 29]"
20,"[69, 36]"
20,"[69, 36, 17]"
18,"[69, 36, 29]"
16,"[69, 36, 0]"
19,"[69, 36, 70]"
16,"[69, 36, 69]"
29,"[69, 9]"
28,"[69, 9, 27]"
28,"[69, 9, 17]"
27,"[69, 9, 29]"
28,"[69, 9, 0]"
24,"[69, 9, 3]"
28,"[69, 9, 6]"
21,"[69, 9, 7]"
22,"[69, 9, 4]"
28,"[69, 9, 70]"
20,"[69, 9, 55]"
23,"[69, 9, 33]"
24,"[69, 9, 69]"
17,"[69, 9, 42]"
26,"[69, 9, 54]"
27,"[69, 9, 48]"
23,"[69, 9, 56]"
24,"[69, 9, 28]"
26,"[69, 9, 25]"
21,"[69, 9, 10]"
18,"[69, 9, 11]"
24,"[69, 9, 20]"
23,"[69, 9, 34]"
16,"[69, 9, 32]"
24,"[69, 9, 35]"
23,"[69, 9, 58]"
18,"[69, 9, 37]"
17,"[69, 9, 26]"
20,"[69, 9, 49]"
16,"[69, 9, 65]"
18,"[69, 9, 63]"
21,"[69, 65]"
19,"[69, 65, 32]"
18,"[69, 65, 18]"
18,"[69, 65, 8]"
20,"[69, 65, 27]"
21,"[69, 65, 17]"
21,"[69, 65, 70]"
20,"[69, 65, 0]"
21,"[69, 65, 29]"
20,"[69, 65, 6]"
19,"[69, 65, 69]"
19,"[69, 65, 35]"
19,"[69, 65, 58]"
18,"[69, 65, 34]"
18,"[69, 65, 33]"
19,"[69, 65, 28]"
20,"[69, 65, 25]"
20,"[69, 65, 48]"
21,"[69, 65, 54]"
16,"[69, 65, 3]"
18,"[69, 65, 20]"
19,"[69, 65, 10]"
18,"[69, 65, 65]"
18,"[69, 65, 63]"
16,"[69, 65, 56]"
25,"[69, 67]"
24,"[69, 67, 12]"
24,"[69, 67, 42]"
25,"[69, 67, 70]"
24,"[69, 67, 32]"
22,"[69, 67, 18]"
22,"[69, 67, 8]"
25,"[69, 67, 69]"
20,"[69, 67, 14]"
25,"[69, 67, 51]"
22,"[69, 67, 53]"
18,"[69, 67, 9]"
23,"[69, 67, 10]"
21,"[69, 67, 56]"
17,"[69, 67, 65]"
24,"[69, 67, 27]"
25,"[69, 67, 17]"
25,"[69, 67, 0]"
19,"[69, 67, 3]"
25,"[69, 67, 29]"
17,"[69, 67, 4]"
23,"[69, 67, 6]"
21,"[69, 67, 35]"
21,"[69, 67, 58]"
20,"[69, 67, 34]"
21,"[69, 67, 33]"
23,"[69, 67, 20]"
22,"[69, 67, 28]"
23,"[69, 67, 25]"
24,"[69, 67, 48]"
18,"[69, 67, 49]"
22,"[69, 67, 13]"
18,"[69, 67, 26]"
25,"[69, 67, 54]"
18,"[69, 67, 55]"
20,"[69, 67, 63]"
24,"[69, 63]"
20,"[69, 63, 69]"
24,"[69, 63, 70]"
17,"[69, 63, 63]"
18,"[69, 63, 33]"
19,"[69, 63, 28]"
23,"[69, 63, 54]"
18,"[69, 63, 0]"
22,"[69, 63, 17]"
20,"[69, 63, 29]"
16,"[69, 63, 34]"
20,"[69, 63, 25]"
22,"[69, 63, 48]"
20,"[69, 63, 20]"
17,"[69, 63, 6]"
16,"[69, 63, 32]"
49,[13]
33,"[13, 12]"
31,"[13, 12, 42]"
27,"[13, 12, 51]"
18,"[13, 12, 43]"
23,"[13, 12, 14]"
24,"[13, 12, 13]"
22,"[13, 12, 53]"
30,"[13, 12, 69]"
19,"[13, 12, 12]"
30,"[13, 12, 70]"
22,"[13, 12, 34]"
24,"[13, 12, 33]"
24,"[13, 12, 28]"
25,"[13, 12, 25]"
20,"[13, 12, 49]"
28,"[13, 12, 48]"
24,"[13, 12, 54]"
20,"[13, 12, 32]"
20,"[13, 12, 18]"
19,"[13, 12, 55]"
22,"[13, 12, 20]"
20,"[13, 12, 37]"
19,"[13, 12, 26]"
21,"[13, 12, 8]"
21,"[13, 12, 27]"
24,"[13, 12, 17]"
23,"[13, 12, 29]"
23,"[13, 12, 0]"
17,"[13, 12, 10]"
16,"[13, 12, 56]"
21,"[13, 12, 4]"
16,"[13, 12, 3]"
23,"[13, 12, 6]"
38,"[13, 42]"
29,"[13, 42, 51]"
20,"[13, 42, 43]"
24,"[13, 42, 14]"
29,"[13, 42, 13]"
28,"[13, 42, 53]"
36,"[13, 42, 69]"
22,"[13, 42, 12]"
37,"[13, 42, 70]"
27,"[13, 42, 34]"
29,"[13, 42, 33]"
28,"[13, 42, 28]"
30,"[13, 42, 25]"
26,"[13, 42, 49]"
33,"[13, 42, 48]"
31,"[13, 42, 54]"
29,"[13, 42, 32]"
27,"[13, 42, 18]"
24,"[13, 42, 55]"
27,"[13, 42, 20]"
24,"[13, 42, 37]"
24,"[13, 42, 26]"
19,"[13, 42, 50]"
28,"[13, 42, 8]"
30,"[13, 42, 27]"
33,"[13, 42, 17]"
30,"[13, 42, 29]"
31,"[13, 42, 0]"
23,"[13, 42, 10]"
22,"[13, 42, 56]"
23,"[13, 42, 35]"
21,"[13, 42, 58]"
20,"[13, 42, 60]"
26,"[13, 42, 4]"
24,"[13, 42, 3]"
30,"[13, 42, 6]"
17,"[13, 42, 7]"
25,"[13, 42, 42]"
42,"[13, 51]"
18,"[13, 51, 43]"
23,"[13, 51, 14]"
33,"[13, 51, 13]"
30,"[13, 51, 53]"
37,"[13, 51, 69]"
24,"[13, 51, 12]"
40,"[13, 51, 70]"
31,"[13, 51, 34]"
32,"[13, 51, 33]"
33,"[13, 51, 28]"
35,"[13, 51, 25]"
31,"[13, 51, 49]"
37,"[13, 51, 48]"
35,"[13, 51, 54]"
32,"[13, 51, 32]"
32,"[13, 51, 18]"
31,"[13, 51, 55]"
33,"[13, 51, 20]"
30,"[13, 51, 37]"
29,"[13, 51, 26]"
24,"[13, 51, 50]"
30,"[13, 51, 8]"
35,"[13, 51, 27]"
37,"[13, 51, 17]"
34,"[13, 51, 29]"
35,"[13, 51, 0]"
30,"[13, 51, 10]"
28,"[13, 51, 56]"
28,"[13, 51, 35]"
27,"[13, 51, 58]"
16,"[13, 51, 1]"
23,"[13, 51, 60]"
26,"[13, 51, 4]"
27,"[13, 51, 3]"
34,"[13, 51, 6]"
18,"[13, 51, 7]"
17,"[13, 51, 31]"
22,"[13, 51, 51]"
28,"[13, 51, 42]"
26,"[13, 43]"
18,"[13, 43, 14]"
18,"[13, 43, 13]"
19,"[13, 43, 53]"
23,"[13, 43, 69]"
16,"[13, 43, 12]"
24,"[13, 43, 70]"
20,"[13, 43, 34]"
20,"[13, 43, 33]"
21,"[13, 43, 28]"
20,"[13, 43, 25]"
18,"[13, 43, 49]"
23,"[13, 43, 48]"
20,"[13, 43, 54]"
20,"[13, 43, 32]"
19,"[13, 43, 18]"
19,"[13, 43, 55]"
19,"[13, 43, 20]"
18,"[13, 43, 37]"
19,"[13, 43, 8]"
21,"[13, 43, 27]"
22,"[13, 43, 17]"
21,"[13, 43, 29]"
21,"[13, 43, 0]"
16,"[13, 43, 35]"
19,"[13, 43, 4]"
17,"[13, 43, 3]"
19,"[13, 43, 6]"
20,"[13, 43, 51]"
18,"[13, 43, 42]"
31,"[13, 14]"
24,"[13, 14, 13]"
21,"[13, 14, 53]"
27,"[13, 14, 69]"
17,"[13, 14, 12]"
28,"[13, 14, 70]"
22,"[13, 14, 34]"
25,"[13, 14, 33]"
24,"[13, 14, 28]"
25,"[13, 14, 25]"
22,"[13, 14, 49]"
26,"[13, 14, 48]"
25,"[13, 14, 54]"
21,"[13, 14, 32]"
21,"[13, 14, 18]"
22,"[13, 14, 55]"
24,"[13, 14, 20]"
21,"[13, 14, 37]"
20,"[13, 14, 26]"
18,"[13, 14, 50]"
22,"[13, 14, 8]"
26,"[13, 14, 27]"
27,"[13, 14, 17]"
25,"[13, 14, 29]"
25,"[13, 14, 0]"
20,"[13, 14, 10]"
19,"[13, 14, 56]"
19,"[13, 14, 35]"
21,"[13, 14, 58]"
16,"[13, 14, 60]"
17,"[13, 14, 4]"
19,"[13, 14, 3]"
24,"[13, 14, 6]"
23,"[13, 14, 42]"
17,"[13, 14, 14]"
26,"[13, 14, 51]"
27,"[13, 68]"
17,"[13, 68, 13]"
25,"[13, 68, 53]"
24,"[13, 68, 69]"
26,"[13, 68, 70]"
23,"[13, 68, 34]"
24,"[13, 68, 33]"
23,"[13, 68, 28]"
24,"[13, 68, 25]"
23,"[13, 68, 49]"
25,"[13, 68, 48]"
24,"[13, 68, 54]"
26,"[13, 68, 32]"
24,"[13, 68, 18]"
19,"[13, 68, 55]"
22,"[13, 68, 20]"
20,"[13, 68, 37]"
18,"[13, 68, 26]"
25,"[13, 68, 8]"
23,"[13, 68, 27]"
25,"[13, 68, 17]"
25,"[13, 68, 29]"
25,"[13, 68, 0]"
19,"[13, 68, 10]"
20,"[13, 68, 56]"
23,"[13, 68, 35]"
23,"[13, 68, 58]"
17,"[13, 68, 1]"
23,"[13, 68, 4]"
18,"[13, 68, 3]"
25,"[13, 68, 6]"
18,"[13, 68, 31]"
18,"[13, 68, 51]"
17,"[13, 68, 42]"
41,"[13, 13]"
19,"[13, 13, 16]"
35,"[13, 13, 53]"
36,"[13, 13, 69]"
18,"[13, 13, 12]"
37,"[13, 13, 70]"
26,"[13, 13, 34]"
28,"[13, 13, 33]"
29,"[13, 13, 28]"
30,"[13, 13, 25]"
26,"[13, 13, 49]"
35,"[13, 13, 48]"
30,"[13, 13, 54]"
28,"[13, 13, 32]"
27,"[13, 13, 18]"
25,"[13, 13, 55]"
25,"[13, 13, 20]"
21,"[13, 13, 37]"
22,"[13, 13, 26]"
21,"[13, 13, 50]"
28,"[13, 13, 8]"
29,"[13, 13, 27]"
34,"[13, 13, 17]"
30,"[13, 13, 29]"
31,"[13, 13, 0]"
19,"[13, 13, 10]"
22,"[13, 13, 56]"
22,"[13, 13, 35]"
22,"[13, 13, 58]"
19,"[13, 13, 60]"
24,"[13, 13, 4]"
22,"[13, 13, 3]"
29,"[13, 13, 6]"
17,"[13, 13, 7]"
18,"[13, 13, 13]"
24,"[13, 13, 42]"
19,"[13, 13, 51]"
34,"[13, 16]"
25,"[13, 16, 68]"
28,"[13, 16, 53]"
31,"[13, 16, 69]"
20,"[13, 16, 12]"
33,"[13, 16, 70]"
30,"[13, 16, 34]"
29,"[13, 16, 33]"
30,"[13, 16, 28]"
30,"[13, 16, 25]"
29,"[13, 16, 49]"
32,"[13, 16, 48]"
31,"[13, 16, 54]"
32,"[13, 16, 32]"
31,"[13, 16, 18]"
24,"[13, 16, 55]"
28,"[13, 16, 20]"
26,"[13, 16, 37]"
24,"[13, 16, 26]"
22,"[13, 16, 50]"
33,"[13, 16, 8]"
30,"[13, 16, 27]"
32,"[13, 16, 17]"
30,"[13, 16, 29]"
31,"[13, 16, 0]"
26,"[13, 16, 10]"
25,"[13, 16, 56]"
29,"[13, 16, 35]"
27,"[13, 16, 58]"
18,"[13, 16, 1]"
19,"[13, 16, 60]"
26,"[13, 16, 4]"
24,"[13, 16, 3]"
30,"[13, 16, 6]"
18,"[13, 16, 7]"
22,"[13, 16, 13]"
20,"[13, 16, 31]"
22,"[13, 16, 42]"
24,"[13, 16, 51]"
17,"[13, 16, 43]"
19,"[13, 16, 14]"
16,"[13, 16, 9]"
46,"[13, 53]"
43,"[13, 53, 69]"
31,"[13, 53, 12]"
46,"[13, 53, 70]"
42,"[13, 53, 34]"
40,"[13, 53, 33]"
42,"[13, 53, 28]"
43,"[13, 53, 25]"
38,"[13, 53, 49]"
45,"[13, 53, 48]"
44,"[13, 53, 54]"
44,"[13, 53, 32]"
41,"[13, 53, 18]"
34,"[13, 53, 55]"
40,"[13, 53, 20]"
35,"[13, 53, 37]"
35,"[13, 53, 26]"
31,"[13, 53, 50]"
42,"[13, 53, 8]"
42,"[13, 53, 27]"
46,"[13, 53, 17]"
42,"[13, 53, 29]"
44,"[13, 53, 0]"
36,"[13, 53, 10]"
36,"[13, 53, 56]"
18,"[13, 53, 11]"
20,"[13, 53, 57]"
39,"[13, 53, 35]"
35,"[13, 53, 58]"
17,"[13, 53, 59]"
20,"[13, 53, 1]"
29,"[13, 53, 60]"
34,"[13, 53, 4]"
33,"[13, 53, 3]"
42,"[13, 53, 6]"
26,"[13, 53, 7]"
33,"[13, 53, 13]"
18,"[13, 53, 68]"
34,"[13, 53, 53]"
23,"[13, 53, 16]"
22,"[13, 53, 31]"
33,"[13, 53, 42]"
35,"[13, 53, 51]"
21,"[13, 53, 43]"
19,"[13, 53, 36]"
27,"[13, 53, 14]"
23,"[13, 53, 9]"
19,"[13, 53, 63]"
48,"[13, 69]"
31,"[13, 69, 12]"
47,"[13, 69, 70]"
38,"[13, 69, 34]"
36,"[13, 69, 33]"
37,"[13, 69, 28]"
39,"[13, 69, 25]"
37,"[13, 69, 49]"
44,"[13, 69, 48]"
40,"[13, 69, 54]"
37,"[13, 69, 32]"
37,"[13, 69, 18]"
33,"[13, 69, 55]"
38,"[13, 69, 20]"
34,"[13, 69, 37]"
33,"[13, 69, 26]"
29,"[13, 69, 50]"
38,"[13, 69, 8]"
39,"[13, 69, 27]"
44,"[13, 69, 17]"
41,"[13, 69, 29]"
44,"[13, 69, 69]"
42,"[13, 69, 0]"
33,"[13, 69, 10]"
34,"[13, 69, 56]"
16,"[13, 69, 11]"
18,"[13, 69, 57]"
35,"[13, 69, 35]"
33,"[13, 69, 58]"
20,"[13, 69, 1]"
27,"[13, 69, 60]"
34,"[13, 69, 4]"
32,"[13, 69, 3]"
42,"[13, 69, 6]"
24,"[13, 69, 7]"
39,"[13, 69, 13]"
20,"[13, 69, 68]"
38,"[13, 69, 53]"
23,"[13, 69, 16]"
20,"[13, 69, 31]"
36,"[13, 69, 42]"
37,"[13, 69, 51]"
23,"[13, 69, 43]"
17,"[13, 69, 36]"
28,"[13, 69, 14]"
21,"[13, 69, 9]"
16,"[13, 69, 65]"
18,"[13, 69, 63]"
49,"[13, 70]"
44,"[13, 70, 34]"
42,"[13, 70, 33]"
44,"[13, 70, 28]"
45,"[13, 70, 25]"
39,"[13, 70, 49]"
47,"[13, 70, 48]"
48,"[13, 70, 70]"
46,"[13, 70, 54]"
42,"[13, 70, 32]"
41,"[13, 70, 18]"
36,"[13, 70, 55]"
43,"[13, 70, 20]"
36,"[13, 70, 37]"
35,"[13, 70, 26]"
32,"[13, 70, 50]"
40,"[13, 70, 8]"
42,"[13, 70, 27]"
48,"[13, 70, 17]"
44,"[13, 70, 29]"
45,"[13, 70, 69]"
47,"[13, 70, 0]"
35,"[13, 70, 10]"
35,"[13, 70, 56]"
16,"[13, 70, 11]"
18,"[13, 70, 57]"
37,"[13, 70, 35]"
33,"[13, 70, 58]"
16,"[13, 70, 59]"
20,"[13, 70, 1]"
29,"[13, 70, 60]"
34,"[13, 70, 4]"
34,"[13, 70, 3]"
44,"[13, 70, 6]"
26,"[13, 70, 7]"
31,"[13, 70, 13]"
29,"[13, 70, 53]"
16,"[13, 70, 16]"
21,"[13, 70, 31]"
32,"[13, 70, 42]"
26,"[13, 70, 12]"
31,"[13, 70, 51]"
19,"[13, 70, 36]"
24,"[13, 70, 14]"
21,"[13, 70, 9]"
18,"[13, 70, 43]"
16,"[13, 70, 65]"
20,"[13, 70, 63]"
44,"[13, 34]"
42,"[13, 34, 33]"
43,"[13, 34, 28]"
43,"[13, 34, 25]"
35,"[13, 34, 49]"
42,"[13, 34, 48]"
43,"[13, 34, 70]"
40,"[13, 34, 54]"
35,"[13, 34, 32]"
34,"[13, 34, 18]"
31,"[13, 34, 55]"
38,"[13, 34, 20]"
35,"[13, 34, 37]"
32,"[13, 34, 26]"
29,"[13, 34, 50]"
32,"[13, 34, 8]"
36,"[13, 34, 27]"
43,"[13, 34, 17]"
42,"[13, 34, 29]"
39,"[13, 34, 69]"
39,"[13, 34, 0]"
27,"[13, 34, 10]"
28,"[13, 34, 56]"
31,"[13, 34, 35]"
27,"[13, 34, 58]"
19,"[13, 34, 1]"
27,"[13, 34, 60]"
29,"[13, 34, 4]"
28,"[13, 34, 3]"
38,"[13, 34, 6]"
22,"[13, 34, 7]"
30,"[13, 34, 34]"
24,"[13, 34, 13]"
24,"[13, 34, 53]"
16,"[13, 34, 31]"
29,"[13, 34, 42]"
23,"[13, 34, 12]"
26,"[13, 34, 51]"
17,"[13, 34, 36]"
19,"[13, 34, 14]"
16,"[13, 34, 63]"
42,"[13, 33]"
42,"[13, 33, 28]"
42,"[13, 33, 25]"
36,"[13, 33, 49]"
41,"[13, 33, 48]"
42,"[13, 33, 70]"
41,"[13, 33, 54]"
29,"[13, 33, 32]"
28,"[13, 33, 18]"
32,"[13, 33, 55]"
37,"[13, 33, 20]"
36,"[13, 33, 37]"
32,"[13, 33, 26]"
29,"[13, 33, 50]"
27,"[13, 33, 8]"
34,"[13, 33, 27]"
41,"[13, 33, 17]"
41,"[13, 33, 29]"
37,"[13, 33, 69]"
39,"[13, 33, 0]"
22,"[13, 33, 10]"
25,"[13, 33, 56]"
28,"[13, 33, 35]"
25,"[13, 33, 58]"
16,"[13, 33, 1]"
27,"[13, 33, 60]"
28,"[13, 33, 4]"
23,"[13, 33, 3]"
34,"[13, 33, 6]"
17,"[13, 33, 7]"
29,"[13, 33, 34]"
32,"[13, 33, 33]"
22,"[13, 33, 13]"
22,"[13, 33, 53]"
28,"[13, 33, 42]"
21,"[13, 33, 12]"
22,"[13, 33, 51]"
17,"[13, 33, 36]"
16,"[13, 33, 14]"
45,"[13, 28]"
44,"[13, 28, 25]"
35,"[13, 28, 49]"
44,"[13, 28, 48]"
45,"[13, 28, 70]"
42,"[13, 28, 54]"
31,"[13, 28, 32]"
30,"[13, 28, 18]"
32,"[13, 28, 55]"
34,"[13, 28, 20]"
34,"[13, 28, 37]"
29,"[13, 28, 26]"
27,"[13, 28, 50]"
28,"[13, 28, 8]"
35,"[13, 28, 27]"
44,"[13, 28, 17]"
43,"[13, 28, 29]"
40,"[13, 28, 69]"
39,"[13, 28, 0]"
24,"[13, 28, 10]"
26,"[13, 28, 56]"
28,"[13, 28, 35]"
24,"[13, 28, 58]"
25,"[13, 28, 60]"
27,"[13, 28, 4]"
23,"[13, 28, 3]"
37,"[13, 28, 6]"
16,"[13, 28, 7]"
27,"[13, 28, 34]"
31,"[13, 28, 33]"
36,"[13, 28, 28]"
24,"[13, 28, 13]"
22,"[13, 28, 53]"
28,"[13, 28, 42]"
21,"[13, 28, 12]"
22,"[13, 28, 51]"
17,"[13, 28, 36]"
16,"[13, 28, 14]"
46,"[13, 25]"
37,"[13, 25, 49]"
45,"[13, 25, 48]"
35,"[13, 25, 25]"
46,"[13, 25, 70]"
41,"[13, 25, 54]"
28,"[13, 25, 32]"
29,"[13, 25, 18]"
34,"[13, 25, 55]"
31,"[13, 25, 20]"
31,"[13, 25, 37]"
27,"[13, 25, 26]"
25,"[13, 25, 50]"
27,"[13, 25, 8]"
34,"[13, 25, 27]"
45,"[13, 25, 17]"
42,"[13, 25, 29]"
38,"[13, 25, 69]"
39,"[13, 25, 0]"
20,"[13, 25, 10]"
24,"[13, 25, 56]"
27,"[13, 25, 35]"
23,"[13, 25, 58]"
16,"[13, 25, 1]"
25,"[13, 25, 60]"
27,"[13, 25, 4]"
21,"[13, 25, 3]"
37,"[13, 25, 6]"
17,"[13, 25, 7]"
26,"[13, 25, 34]"
30,"[13, 25, 33]"
32,"[13, 25, 28]"
22,"[13, 25, 13]"
19,"[13, 25, 53]"
27,"[13, 25, 42]"
22,"[13, 25, 12]"
22,"[13, 25, 51]"
16,"[13, 25, 36]"
39,"[13, 49]"
25,"[13, 49, 48]"
22,"[13, 49, 49]"
17,"[13, 49, 25]"
36,"[13, 49, 70]"
29,"[13, 49, 54]"
18,"[13, 49, 32]"
31,"[13, 49, 55]"
19,"[13, 49, 20]"
16,"[13, 49, 37]"
16,"[13, 49, 26]"
17,"[13, 49, 50]"
16,"[13, 49, 8]"
24,"[13, 49, 27]"
33,"[13, 49, 17]"
32,"[13, 49, 29]"
30,"[13, 49, 69]"
26,"[13, 49, 0]"
20,"[13, 49, 4]"
23,"[13, 49, 6]"
19,"[13, 49, 33]"
18,"[13, 49, 28]"
16,"[13, 49, 53]"
16,"[13, 49, 42]"
17,"[13, 49, 51]"
47,"[13, 48]"
36,"[13, 48, 49]"
37,"[13, 48, 48]"
33,"[13, 48, 25]"
47,"[13, 48, 70]"
40,"[13, 48, 54]"
26,"[13, 48, 32]"
26,"[13, 48, 18]"
33,"[13, 48, 55]"
30,"[13, 48, 20]"
27,"[13, 48, 37]"
25,"[13, 48, 26]"
24,"[13, 48, 50]"
25,"[13, 48, 8]"
31,"[13, 48, 27]"
44,"[13, 48, 17]"
42,"[13, 48, 29]"
39,"[13, 48, 69]"
39,"[13, 48, 0]"
19,"[13, 48, 10]"
22,"[13, 48, 56]"
24,"[13, 48, 35]"
21,"[13, 48, 58]"
24,"[13, 48, 60]"
26,"[13, 48, 4]"
21,"[13, 48, 3]"
34,"[13, 48, 6]"
23,"[13, 48, 34]"
28,"[13, 48, 33]"
29,"[13, 48, 28]"
21,"[13, 48, 13]"
20,"[13, 48, 53]"
24,"[13, 48, 42]"
21,"[13, 48, 12]"
22,"[13, 48, 51]"
47,"[13, 54]"
27,"[13, 54, 32]"
26,"[13, 54, 18]"
46,"[13, 54, 70]"
35,"[13, 54, 55]"
36,"[13, 54, 54]"
33,"[13, 54, 20]"
29,"[13, 54, 37]"
29,"[13, 54, 26]"
28,"[13, 54, 50]"
26,"[13, 54, 8]"
32,"[13, 54, 27]"
44,"[13, 54, 17]"
42,"[13, 54, 29]"
40,"[13, 54, 69]"
35,"[13, 54, 48]"
38,"[13, 54, 0]"
33,"[13, 54, 49]"
22,"[13, 54, 10]"
24,"[13, 54, 56]"
23,"[13, 54, 35]"
19,"[13, 54, 58]"
24,"[13, 54, 60]"
25,"[13, 54, 4]"
21,"[13, 54, 3]"
33,"[13, 54, 6]"
16,"[13, 54, 7]"
24,"[13, 54, 34]"
26,"[13, 54, 33]"
31,"[13, 54, 28]"
31,"[13, 54, 25]"
25,"[13, 54, 13]"
22,"[13, 54, 53]"
25,"[13, 54, 42]"
22,"[13, 54, 12]"
22,"[13, 54, 51]"
17,"[13, 54, 36]"
46,"[13, 32]"
41,"[13, 32, 18]"
44,"[13, 32, 70]"
34,"[13, 32, 55]"
39,"[13, 32, 54]"
32,"[13, 32, 20]"
30,"[13, 32, 37]"
29,"[13, 32, 26]"
23,"[13, 32, 50]"
28,"[13, 32, 32]"
42,"[13, 32, 8]"
43,"[13, 32, 27]"
45,"[13, 32, 17]"
42,"[13, 32, 29]"
42,"[13, 32, 69]"
43,"[13, 32, 48]"
44,"[13, 32, 0]"
36,"[13, 32, 49]"
35,"[13, 32, 10]"
35,"[13, 32, 56]"
18,"[13, 32, 11]"
19,"[13, 32, 57]"
38,"[13, 32, 35]"
35,"[13, 32, 58]"
17,"[13, 32, 59]"
21,"[13, 32, 1]"
21,"[13, 32, 60]"
35,"[13, 32, 4]"
35,"[13, 32, 3]"
41,"[13, 32, 6]"
26,"[13, 32, 7]"
36,"[13, 32, 34]"
38,"[13, 32, 33]"
38,"[13, 32, 28]"
40,"[13, 32, 25]"
25,"[13, 32, 13]"
26,"[13, 32, 53]"
23,"[13, 32, 31]"
28,"[13, 32, 42]"
23,"[13, 32, 12]"
29,"[13, 32, 51]"
20,"[13, 32, 14]"
23,"[13, 32, 9]"
16,"[13, 32, 63]"
43,"[13, 18]"
42,"[13, 18, 70]"
31,"[13, 18, 55]"
38,"[13, 18, 54]"
33,"[13, 18, 20]"
28,"[13, 18, 37]"
27,"[13, 18, 26]"
21,"[13, 18, 50]"
29,"[13, 18, 32]"
23,"[13, 18, 18]"
41,"[13, 18, 8]"
41,"[13, 18, 27]"
42,"[13, 18, 17]"
41,"[13, 18, 29]"
39,"[13, 18, 69]"
42,"[13, 18, 48]"
42,"[13, 18, 0]"
34,"[13, 18, 49]"
35,"[13, 18, 10]"
34,"[13, 18, 56]"
18,"[13, 18, 11]"
20,"[13, 18, 57]"
35,"[13, 18, 35]"
31,"[13, 18, 58]"
16,"[13, 18, 59]"
21,"[13, 18, 1]"
19,"[13, 18, 60]"
34,"[13, 18, 4]"
33,"[13, 18, 3]"
40,"[13, 18, 6]"
25,"[13, 18, 7]"
35,"[13, 18, 34]"
35,"[13, 18, 33]"
37,"[13, 18, 28]"
39,"[13, 18, 25]"
22,"[13, 18, 13]"
22,"[13, 18, 53]"
22,"[13, 18, 31]"
26,"[13, 18, 42]"
21,"[13, 18, 12]"
25,"[13, 18, 51]"
17,"[13, 18, 14]"
24,"[13, 18, 9]"
17,"[13, 18, 63]"
36,"[13, 55]"
20,"[13, 55, 54]"
22,"[13, 55, 20]"
21,"[13, 55, 27]"
26,"[13, 55, 17]"
26,"[13, 55, 29]"
32,"[13, 55, 69]"
34,"[13, 55, 70]"
23,"[13, 55, 48]"
22,"[13, 55, 0]"
21,"[13, 55, 55]"
17,"[13, 55, 49]"
18,"[13, 55, 4]"
19,"[13, 55, 6]"
19,"[13, 55, 33]"
18,"[13, 55, 25]"
16,"[13, 55, 42]"
43,"[13, 20]"
35,"[13, 20, 37]"
33,"[13, 20, 26]"
30,"[13, 20, 50]"
27,"[13, 20, 32]"
28,"[13, 20, 18]"
24,"[13, 20, 8]"
33,"[13, 20, 27]"
40,"[13, 20, 17]"
38,"[13, 20, 29]"
36,"[13, 20, 69]"
43,"[13, 20, 70]"
39,"[13, 20, 48]"
37,"[13, 20, 0]"
31,"[13, 20, 55]"
36,"[13, 20, 54]"
33,"[13, 20, 49]"
21,"[13, 20, 10]"
25,"[13, 20, 56]"
26,"[13, 20, 35]"
24,"[13, 20, 58]"
27,"[13, 20, 60]"
27,"[13, 20, 4]"
21,"[13, 20, 3]"
33,"[13, 20, 6]"
23,"[13, 20, 34]"
27,"[13, 20, 33]"
35,"[13, 20, 28]"
38,"[13, 20, 25]"
27,"[13, 20, 20]"
19,"[13, 20, 13]"
17,"[13, 20, 53]"
24,"[13, 20, 42]"
20,"[13, 20, 12]"
19,"[13, 20, 51]"
18,"[13, 20, 36]"
37,"[13, 37]"
29,"[13, 37, 26]"
25,"[13, 37, 50]"
24,"[13, 37, 32]"
23,"[13, 37, 18]"
22,"[13, 37, 8]"
31,"[13, 37, 27]"
36,"[13, 37, 17]"
34,"[13, 37, 29]"
34,"[13, 37, 69]"
36,"[13, 37, 70]"
30,"[13, 37, 48]"
32,"[13, 37, 0]"
28,"[13, 37, 55]"
30,"[13, 37, 54]"
25,"[13, 37, 49]"
17,"[13, 37, 10]"
21,"[13, 37, 56]"
18,"[13, 37, 35]"
17,"[13, 37, 58]"
26,"[13, 37, 60]"
24,"[13, 37, 4]"
16,"[13, 37, 3]"
30,"[13, 37, 6]"
19,"[13, 37, 34]"
24,"[13, 37, 33]"
26,"[13, 37, 28]"
28,"[13, 37, 25]"
23,"[13, 37, 20]"
18,"[13, 37, 13]"
16,"[13, 37, 53]"
17,"[13, 37, 37]"
20,"[13, 37, 42]"
18,"[13, 37, 12]"
19,"[13, 37, 51]"
16,"[13, 37, 36]"
36,"[13, 26]"
29,"[13, 26, 50]"
21,"[13, 26, 32]"
21,"[13, 26, 18]"
20,"[13, 26, 8]"
27,"[13, 26, 27]"
34,"[13, 26, 17]"
30,"[13, 26, 29]"
30,"[13, 26, 69]"
34,"[13, 26, 70]"
33,"[13, 26, 48]"
29,"[13, 26, 0]"
27,"[13, 26, 55]"
27,"[13, 26, 54]"
24,"[13, 26, 49]"
16,"[13, 26, 10]"
19,"[13, 26, 56]"
16,"[13, 26, 35]"
18,"[13, 26, 60]"
25,"[13, 26, 4]"
17,"[13, 26, 3]"
29,"[13, 26, 6]"
18,"[13, 26, 34]"
23,"[13, 26, 33]"
26,"[13, 26, 28]"
27,"[13, 26, 25]"
22,"[13, 26, 20]"
17,"[13, 26, 37]"
18,"[13, 26, 42]"
17,"[13, 26, 12]"
17,"[13, 26, 51]"
32,"[13, 50]"
17,"[13, 50, 32]"
16,"[13, 50, 18]"
17,"[13, 50, 8]"
22,"[13, 50, 27]"
30,"[13, 50, 17]"
25,"[13, 50, 29]"
25,"[13, 50, 69]"
29,"[13, 50, 70]"
25,"[13, 50, 48]"
25,"[13, 50, 0]"
23,"[13, 50, 55]"
24,"[13, 50, 54]"
22,"[13, 50, 49]"
17,"[13, 50, 56]"
20,"[13, 50, 4]"
23,"[13, 50, 6]"
19,"[13, 50, 33]"
20,"[13, 50, 28]"
22,"[13, 50, 25]"
18,"[13, 50, 20]"
43,"[13, 8]"
41,"[13, 8, 27]"
42,"[13, 8, 17]"
39,"[13, 8, 29]"
39,"[13, 8, 69]"
42,"[13, 8, 70]"
42,"[13, 8, 48]"
40,"[13, 8, 0]"
32,"[13, 8, 55]"
38,"[13, 8, 54]"
36,"[13, 8, 49]"
34,"[13, 8, 10]"
26,"[13, 8, 32]"
20,"[13, 8, 18]"
34,"[13, 8, 56]"
17,"[13, 8, 11]"
20,"[13, 8, 57]"
21,"[13, 8, 50]"
33,"[13, 8, 35]"
31,"[13, 8, 58]"
21,"[13, 8, 1]"
19,"[13, 8, 60]"
34,"[13, 8, 4]"
33,"[13, 8, 3]"
40,"[13, 8, 6]"
27,"[13, 8, 7]"
34,"[13, 8, 34]"
37,"[13, 8, 33]"
37,"[13, 8, 28]"
39,"[13, 8, 25]"
31,"[13, 8, 20]"
21,"[13, 8, 13]"
21,"[13, 8, 53]"
23,"[13, 8, 8]"
26,"[13, 8, 26]"
28,"[13, 8, 37]"
27,"[13, 8, 42]"
21,"[13, 8, 12]"
24,"[13, 8, 51]"
17,"[13, 8, 14]"
24,"[13, 8, 9]"
16,"[13, 8, 43]"
16,"[13, 8, 63]"
45,"[13, 27]"
44,"[13, 27, 17]"
40,"[13, 27, 29]"
40,"[13, 27, 69]"
43,"[13, 27, 70]"
40,"[13, 27, 48]"
42,"[13, 27, 0]"
32,"[13, 27, 55]"
37,"[13, 27, 54]"
35,"[13, 27, 49]"
35,"[13, 27, 10]"
25,"[13, 27, 32]"
22,"[13, 27, 18]"
36,"[13, 27, 27]"
34,"[13, 27, 56]"
18,"[13, 27, 11]"
19,"[13, 27, 57]"
22,"[13, 27, 50]"
36,"[13, 27, 35]"
33,"[13, 27, 58]"
17,"[13, 27, 59]"
21,"[13, 27, 1]"
20,"[13, 27, 60]"
34,"[13, 27, 4]"
34,"[13, 27, 3]"
40,"[13, 27, 6]"
25,"[13, 27, 7]"
35,"[13, 27, 34]"
37,"[13, 27, 33]"
35,"[13, 27, 28]"
38,"[13, 27, 25]"
31,"[13, 27, 20]"
21,"[13, 27, 13]"
21,"[13, 27, 53]"
24,"[13, 27, 8]"
27,"[13, 27, 26]"
29,"[13, 27, 37]"
24,"[13, 27, 42]"
20,"[13, 27, 12]"
23,"[13, 27, 51]"
18,"[13, 27, 14]"
16,"[13, 27, 63]"
49,"[13, 17]"
43,"[13, 17, 29]"
43,"[13, 17, 69]"
47,"[13, 17, 70]"
43,"[13, 17, 48]"
46,"[13, 17, 0]"
36,"[13, 17, 55]"
40,"[13, 17, 54]"
36,"[13, 17, 49]"
36,"[13, 17, 10]"
26,"[13, 17, 32]"
22,"[13, 17, 18]"
38,"[13, 17, 27]"
35,"[13, 17, 56]"
17,"[13, 17, 11]"
19,"[13, 17, 57]"
24,"[13, 17, 50]"
37,"[13, 17, 35]"
32,"[13, 17, 58]"
17,"[13, 17, 59]"
45,"[13, 17, 17]"
20,"[13, 17, 1]"
22,"[13, 17, 60]"
34,"[13, 17, 4]"
34,"[13, 17, 3]"
43,"[13, 17, 6]"
27,"[13, 17, 7]"
37,"[13, 17, 34]"
39,"[13, 17, 33]"
39,"[13, 17, 28]"
40,"[13, 17, 25]"
33,"[13, 17, 20]"
25,"[13, 17, 13]"
23,"[13, 17, 53]"
22,"[13, 17, 8]"
29,"[13, 17, 26]"
32,"[13, 17, 37]"
29,"[13, 17, 42]"
24,"[13, 17, 12]"
27,"[13, 17, 51]"
21,"[13, 17, 14]"
16,"[13, 17, 43]"
18,"[13, 17, 63]"
45,"[13, 29]"
40,"[13, 29, 69]"
45,"[13, 29, 70]"
43,"[13, 29, 48]"
44,"[13, 29, 0]"
33,"[13, 29, 55]"
38,"[13, 29, 54]"
35,"[13, 29, 49]"
34,"[13, 29, 10]"
26,"[13, 29, 32]"
22,"[13, 29, 18]"
35,"[13, 29, 27]"
35,"[13, 29, 56]"
18,"[13, 29, 11]"
19,"[13, 29, 57]"
24,"[13, 29, 50]"
36,"[13, 29, 35]"
33,"[13, 29, 58]"
18,"[13, 29, 59]"
44,"[13, 29, 17]"
42,"[13, 29, 29]"
17,"[13, 29, 1]"
22,"[13, 29, 60]"
33,"[13, 29, 4]"
22,"[13, 29, 3]"
42,"[13, 29, 6]"
27,"[13, 29, 7]"
35,"[13, 29, 34]"
38,"[13, 29, 33]"
37,"[13, 29, 28]"
40,"[13, 29, 25]"
34,"[13, 29, 20]"
22,"[13, 29, 13]"
20,"[13, 29, 53]"
20,"[13, 29, 8]"
29,"[13, 29, 26]"
32,"[13, 29, 37]"
28,"[13, 29, 42]"
22,"[13, 29, 12]"
24,"[13, 29, 51]"
19,"[13, 29, 14]"
18,"[13, 29, 63]"
47,"[13, 0]"
35,"[13, 0, 55]"
39,"[13, 0, 54]"
36,"[13, 0, 49]"
45,"[13, 0, 70]"
33,"[13, 0, 10]"
27,"[13, 0, 32]"
23,"[13, 0, 18]"
36,"[13, 0, 27]"
35,"[13, 0, 56]"
17,"[13, 0, 11]"
19,"[13, 0, 57]"
22,"[13, 0, 50]"
36,"[13, 0, 35]"
32,"[13, 0, 58]"
16,"[13, 0, 59]"
42,"[13, 0, 0]"
44,"[13, 0, 17]"
43,"[13, 0, 29]"
21,"[13, 0, 1]"
21,"[13, 0, 60]"
33,"[13, 0, 4]"
35,"[13, 0, 3]"
39,"[13, 0, 6]"
26,"[13, 0, 7]"
35,"[13, 0, 34]"
36,"[13, 0, 33]"
37,"[13, 0, 28]"
39,"[13, 0, 25]"
43,"[13, 0, 48]"
31,"[13, 0, 20]"
42,"[13, 0, 69]"
24,"[13, 0, 13]"
23,"[13, 0, 53]"
22,"[13, 0, 8]"
28,"[13, 0, 26]"
31,"[13, 0, 37]"
27,"[13, 0, 42]"
23,"[13, 0, 12]"
26,"[13, 0, 51]"
20,"[13, 0, 14]"
16,"[13, 0, 63]"
39,"[13, 10]"
24,"[13, 10, 32]"
21,"[13, 10, 18]"
30,"[13, 10, 27]"
36,"[13, 10, 56]"
19,"[13, 10, 11]"
20,"[13, 10, 57]"
39,"[13, 10, 70]"
19,"[13, 10, 50]"
31,"[13, 10, 35]"
27,"[13, 10, 58]"
37,"[13, 10, 0]"
36,"[13, 10, 17]"
35,"[13, 10, 29]"
18,"[13, 10, 60]"
25,"[13, 10, 4]"
19,"[13, 10, 3]"
30,"[13, 10, 6]"
16,"[13, 10, 7]"
32,"[13, 10, 34]"
35,"[13, 10, 33]"
32,"[13, 10, 28]"
35,"[13, 10, 25]"
36,"[13, 10, 48]"
34,"[13, 10, 54]"
29,"[13, 10, 20]"
36,"[13, 10, 69]"
20,"[13, 10, 13]"
19,"[13, 10, 53]"
18,"[13, 10, 8]"
24,"[13, 10, 26]"
27,"[13, 10, 37]"
29,"[13, 10, 55]"
31,"[13, 10, 49]"
24,"[13, 10, 42]"
21,"[13, 10, 10]"
19,"[13, 10, 12]"
21,"[13, 10, 51]"
16,"[13, 10, 63]"
38,"[13, 56]"
23,"[13, 56, 56]"
21,"[13, 56, 57]"
38,"[13, 56, 70]"
22,"[13, 56, 50]"
30,"[13, 56, 35]"
27,"[13, 56, 58]"
35,"[13, 56, 0]"
28,"[13, 56, 27]"
36,"[13, 56, 17]"
34,"[13, 56, 29]"
18,"[13, 56, 60]"
24,"[13, 56, 4]"
17,"[13, 56, 3]"
29,"[13, 56, 6]"
31,"[13, 56, 34]"
35,"[13, 56, 33]"
31,"[13, 56, 28]"
34,"[13, 56, 25]"
33,"[13, 56, 48]"
33,"[13, 56, 54]"
29,"[13, 56, 20]"
35,"[13, 56, 69]"
19,"[13, 56, 13]"
18,"[13, 56, 53]"
19,"[13, 56, 32]"
18,"[13, 56, 18]"
17,"[13, 56, 8]"
23,"[13, 56, 26]"
27,"[13, 56, 37]"
29,"[13, 56, 55]"
32,"[13, 56, 49]"
22,"[13, 56, 42]"
18,"[13, 56, 10]"
17,"[13, 56, 12]"
18,"[13, 56, 51]"
19,"[13, 11]"
19,"[13, 11, 70]"
18,"[13, 11, 35]"
17,"[13, 11, 58]"
17,"[13, 11, 0]"
17,"[13, 11, 17]"
18,"[13, 11, 29]"
17,"[13, 11, 33]"
17,"[13, 11, 25]"
18,"[13, 11, 48]"
17,"[13, 11, 54]"
18,"[13, 11, 69]"
19,"[13, 11, 56]"
17,"[13, 11, 49]"
21,"[13, 57]"
21,"[13, 57, 70]"
17,"[13, 57, 35]"
17,"[13, 57, 0]"
20,"[13, 57, 17]"
20,"[13, 57, 29]"
18,"[13, 57, 34]"
18,"[13, 57, 33]"
18,"[13, 57, 28]"
21,"[13, 57, 25]"
20,"[13, 57, 48]"
17,"[13, 57, 54]"
20,"[13, 57, 69]"
18,"[13, 57, 49]"
41,"[13, 35]"
34,"[13, 35, 58]"
41,"[13, 35, 70]"
19,"[13, 35, 35]"
19,"[13, 35, 59]"
36,"[13, 35, 0]"
28,"[13, 35, 27]"
38,"[13, 35, 17]"
38,"[13, 35, 29]"
19,"[13, 35, 50]"
18,"[13, 35, 60]"
21,"[13, 35, 4]"
16,"[13, 35, 3]"
29,"[13, 35, 6]"
34,"[13, 35, 34]"
34,"[13, 35, 33]"
33,"[13, 35, 28]"
36,"[13, 35, 25]"
37,"[13, 35, 48]"
36,"[13, 35, 54]"
28,"[13, 35, 20]"
36,"[13, 35, 69]"
18,"[13, 35, 13]"
18,"[13, 35, 53]"
19,"[13, 35, 32]"
16,"[13, 35, 18]"
16,"[13, 35, 8]"
23,"[13, 35, 26]"
24,"[13, 35, 56]"
28,"[13, 35, 37]"
29,"[13, 35, 55]"
32,"[13, 35, 49]"
22,"[13, 35, 42]"
18,"[13, 35, 12]"
23,"[13, 35, 51]"
17,"[13, 35, 10]"
17,"[13, 35, 14]"
37,"[13, 58]"
37,"[13, 58, 70]"
19,"[13, 58, 35]"
23,"[13, 58, 58]"
19,"[13, 58, 59]"
34,"[13, 58, 0]"
27,"[13, 58, 27]"
35,"[13, 58, 17]"
35,"[13, 58, 29]"
19,"[13, 58, 50]"
17,"[13, 58, 60]"
19,"[13, 58, 4]"
26,"[13, 58, 6]"
30,"[13, 58, 34]"
33,"[13, 58, 33]"
31,"[13, 58, 28]"
32,"[13, 58, 25]"
33,"[13, 58, 48]"
32,"[13, 58, 54]"
26,"[13, 58, 20]"
32,"[13, 58, 69]"
16,"[13, 58, 13]"
16,"[13, 58, 53]"
16,"[13, 58, 32]"
21,"[13, 58, 26]"
22,"[13, 58, 56]"
26,"[13, 58, 37]"
26,"[13, 58, 55]"
29,"[13, 58, 49]"
20,"[13, 58, 42]"
19,"[13, 58, 51]"
16,"[13, 58, 14]"
19,"[13, 59]"
17,"[13, 59, 0]"
17,"[13, 59, 17]"
18,"[13, 59, 29]"
19,"[13, 59, 70]"
17,"[13, 59, 33]"
16,"[13, 59, 28]"
17,"[13, 59, 25]"
17,"[13, 59, 48]"
18,"[13, 59, 54]"
16,"[13, 59, 69]"
21,"[13, 1]"
18,"[13, 1, 70]"
16,"[13, 1, 6]"
17,"[13, 1, 17]"
19,"[13, 1, 29]"
16,"[13, 1, 25]"
17,"[13, 1, 48]"
16,"[13, 1, 54]"
17,"[13, 1, 69]"
16,"[13, 1, 55]"
29,"[13, 60]"
18,"[13, 60, 4]"
21,"[13, 60, 6]"
28,"[13, 60, 70]"
18,"[13, 60, 33]"
17,"[13, 60, 28]"
21,"[13, 60, 27]"
27,"[13, 60, 17]"
23,"[13, 60, 29]"
24,"[13, 60, 0]"
19,"[13, 60, 25]"
22,"[13, 60, 48]"
20,"[13, 60, 54]"
25,"[13, 60, 69]"
17,"[13, 60, 32]"
17,"[13, 60, 18]"
18,"[13, 60, 8]"
19,"[13, 60, 26]"
20,"[13, 60, 50]"
22,"[13, 60, 55]"
20,"[13, 60, 49]"
35,"[13, 4]"
25,"[13, 4, 6]"
34,"[13, 4, 70]"
25,"[13, 4, 34]"
27,"[13, 4, 33]"
26,"[13, 4, 28]"
20,"[13, 4, 27]"
27,"[13, 4, 17]"
29,"[13, 4, 29]"
29,"[13, 4, 0]"
28,"[13, 4, 25]"
30,"[13, 4, 48]"
26,"[13, 4, 54]"
21,"[13, 4, 20]"
31,"[13, 4, 69]"
16,"[13, 4, 53]"
24,"[13, 4, 35]"
23,"[13, 4, 4]"
23,"[13, 4, 58]"
23,"[13, 4, 56]"
19,"[13, 4, 37]"
25,"[13, 4, 55]"
27,"[13, 4, 49]"
21,"[13, 4, 10]"
17,"[13, 4, 42]"
35,"[13, 3]"
33,"[13, 3, 6]"
24,"[13, 3, 7]"
35,"[13, 3, 70]"
28,"[13, 3, 34]"
30,"[13, 3, 33]"
29,"[13, 3, 28]"
28,"[13, 3, 27]"
33,"[13, 3, 17]"
34,"[13, 3, 29]"
33,"[13, 3, 0]"
32,"[13, 3, 25]"
34,"[13, 3, 48]"
31,"[13, 3, 54]"
24,"[13, 3, 20]"
31,"[13, 3, 69]"
16,"[13, 3, 13]"
16,"[13, 3, 53]"
28,"[13, 3, 35]"
20,"[13, 3, 32]"
16,"[13, 3, 3]"
27,"[13, 3, 4]"
28,"[13, 3, 58]"
22,"[13, 3, 26]"
16,"[13, 3, 50]"
26,"[13, 3, 56]"
17,"[13, 3, 57]"
24,"[13, 3, 37]"
27,"[13, 3, 55]"
29,"[13, 3, 49]"
21,"[13, 3, 42]"
23,"[13, 3, 10]"
16,"[13, 3, 60]"
18,"[13, 3, 51]"
45,"[13, 6]"
28,"[13, 6, 7]"
45,"[13, 6, 70]"
34,"[13, 6, 34]"
36,"[13, 6, 33]"
36,"[13, 6, 28]"
33,"[13, 6, 27]"
43,"[13, 6, 17]"
41,"[13, 6, 29]"
39,"[13, 6, 0]"
38,"[13, 6, 25]"
40,"[13, 6, 48]"
37,"[13, 6, 54]"
32,"[13, 6, 20]"
40,"[13, 6, 69]"
21,"[13, 6, 13]"
19,"[13, 6, 53]"
35,"[13, 6, 35]"
24,"[13, 6, 32]"
20,"[13, 6, 18]"
20,"[13, 6, 8]"
18,"[13, 6, 3]"
17,"[13, 6, 1]"
32,"[13, 6, 6]"
34,"[13, 6, 4]"
32,"[13, 6, 58]"
26,"[13, 6, 26]"
22,"[13, 6, 50]"
34,"[13, 6, 56]"
16,"[13, 6, 57]"
31,"[13, 6, 37]"
34,"[13, 6, 55]"
33,"[13, 6, 49]"
28,"[13, 6, 10]"
25,"[13, 6, 42]"
21,"[13, 6, 60]"
20,"[13, 6, 12]"
22,"[13, 6, 51]"
16,"[13, 6, 59]"
17,"[13, 6, 14]"
16,"[13, 6, 63]"
28,"[13, 7]"
28,"[13, 7, 70]"
22,"[13, 7, 34]"
24,"[13, 7, 33]"
25,"[13, 7, 28]"
19,"[13, 7, 27]"
25,"[13, 7, 17]"
24,"[13, 7, 29]"
23,"[13, 7, 0]"
25,"[13, 7, 25]"
26,"[13, 7, 48]"
23,"[13, 7, 54]"
20,"[13, 7, 20]"
25,"[13, 7, 69]"
23,"[13, 7, 35]"
19,"[13, 7, 6]"
22,"[13, 7, 4]"
21,"[13, 7, 58]"
21,"[13, 7, 26]"
16,"[13, 7, 50]"
22,"[13, 7, 56]"
21,"[13, 7, 37]"
19,"[13, 7, 55]"
21,"[13, 7, 49]"
17,"[13, 7, 10]"
24,"[13, 31]"
20,"[13, 31, 4]"
19,"[13, 31, 58]"
19,"[13, 31, 34]"
19,"[13, 31, 33]"
19,"[13, 31, 28]"
18,"[13, 31, 56]"
23,"[13, 31, 70]"
17,"[13, 31, 37]"
18,"[13, 31, 55]"
21,"[13, 31, 49]"
22,"[13, 31, 48]"
23,"[13, 31, 0]"
16,"[13, 31, 1]"
21,"[13, 31, 6]"
23,"[13, 31, 29]"
23,"[13, 31, 17]"
22,"[13, 31, 54]"
22,"[13, 31, 27]"
19,"[13, 31, 8]"
17,"[13, 31, 10]"
20,"[13, 31, 35]"
20,"[13, 31, 25]"
19,"[13, 31, 69]"
17,"[13, 31, 20]"
19,"[13, 36]"
19,"[13, 36, 17]"
17,"[13, 36, 29]"
16,"[13, 36, 0]"
18,"[13, 36, 70]"
16,"[13, 36, 69]"
24,"[13, 9]"
23,"[13, 9, 27]"
23,"[13, 9, 17]"
22,"[13, 9, 29]"
23,"[13, 9, 0]"
20,"[13, 9, 3]"
23,"[13, 9, 6]"
16,"[13, 9, 7]"
19,"[13, 9, 4]"
23,"[13, 9, 70]"
17,"[13, 9, 55]"
19,"[13, 9, 33]"
19,"[13, 9, 69]"
21,"[13, 9, 54]"
22,"[13, 9, 48]"
19,"[13, 9, 56]"
19,"[13, 9, 28]"
21,"[13, 9, 25]"
17,"[13, 9, 10]"
19,"[13, 9, 20]"
19,"[13, 9, 34]"
20,"[13, 9, 35]"
19,"[13, 9, 58]"
18,"[13, 9, 49]"
16,"[13, 65]"
16,"[13, 65, 17]"
20,"[13, 63]"
20,"[13, 63, 70]"
19,"[13, 63, 17]"
16,"[13, 63, 29]"
19,"[13, 63, 54]"
16,"[13, 63, 28]"
17,"[13, 63, 25]"
19,"[13, 63, 48]"
16,"[13, 63, 20]"
17,"[13, 63, 69]"
52,[12]
52,"[12, 42]"
50,"[12, 42, 51]"
36,"[12, 42, 43]"
40,"[12, 42, 14]"
26,"[12, 42, 68]"
47,"[12, 42, 13]"
32,"[12, 42, 16]"
44,"[12, 42, 53]"
52,"[12, 42, 69]"
42,"[12, 42, 12]"
52,"[12, 42, 70]"
46,"[12, 42, 34]"
46,"[12, 42, 33]"
47,"[12, 42, 28]"
48,"[12, 42, 25]"
39,"[12, 42, 49]"
49,"[12, 42, 48]"
50,"[12, 42, 54]"
51,"[12, 42, 32]"
47,"[12, 42, 18]"
36,"[12, 42, 55]"
46,"[12, 42, 20]"
38,"[12, 42, 37]"
39,"[12, 42, 26]"
34,"[12, 42, 50]"
48,"[12, 42, 8]"
50,"[12, 42, 27]"
52,"[12, 42, 17]"
49,"[12, 42, 29]"
17,"[12, 42, 21]"
51,"[12, 42, 0]"
45,"[12, 42, 10]"
42,"[12, 42, 56]"
23,"[12, 42, 11]"
24,"[12, 42, 57]"
45,"[12, 42, 35]"
42,"[12, 42, 58]"
23,"[12, 42, 59]"
24,"[12, 42, 1]"
31,"[12, 42, 60]"
37,"[12, 42, 4]"
39,"[12, 42, 3]"
48,"[12, 42, 6]"
33,"[12, 42, 7]"
28,"[12, 42, 31]"
17,"[12, 42, 5]"
45,"[12, 42, 42]"
20,"[12, 42, 36]"
27,"[12, 42, 9]"
20,"[12, 42, 65]"
17,"[12, 42, 67]"
23,"[12, 42, 63]"
51,"[12, 51]"
28,"[12, 51, 43]"
38,"[12, 51, 14]"
26,"[12, 51, 68]"
46,"[12, 51, 13]"
30,"[12, 51, 16]"
42,"[12, 51, 53]"
51,"[12, 51, 69]"
39,"[12, 51, 12]"
51,"[12, 51, 70]"
44,"[12, 51, 34]"
44,"[12, 51, 33]"
45,"[12, 51, 28]"
46,"[12, 51, 25]"
39,"[12, 51, 49]"
47,"[12, 51, 48]"
48,"[12, 51, 54]"
49,"[12, 51, 32]"
45,"[12, 51, 18]"
36,"[12, 51, 55]"
44,"[12, 51, 20]"
38,"[12, 51, 37]"
38,"[12, 51, 26]"
34,"[12, 51, 50]"
46,"[12, 51, 8]"
48,"[12, 51, 27]"
51,"[12, 51, 17]"
47,"[12, 51, 29]"
17,"[12, 51, 21]"
49,"[12, 51, 0]"
43,"[12, 51, 10]"
41,"[12, 51, 56]"
22,"[12, 51, 11]"
23,"[12, 51, 57]"
43,"[12, 51, 35]"
40,"[12, 51, 58]"
21,"[12, 51, 59]"
24,"[12, 51, 1]"
31,"[12, 51, 60]"
36,"[12, 51, 4]"
38,"[12, 51, 3]"
46,"[12, 51, 6]"
32,"[12, 51, 7]"
27,"[12, 51, 31]"
16,"[12, 51, 5]"
42,"[12, 51, 42]"
38,"[12, 51, 51]"
19,"[12, 51, 36]"
26,"[12, 51, 9]"
20,"[12, 51, 65]"
22,"[12, 51, 63]"
36,"[12, 43]"
30,"[12, 43, 14]"
21,"[12, 43, 68]"
32,"[12, 43, 13]"
22,"[12, 43, 16]"
30,"[12, 43, 53]"
35,"[12, 43, 69]"
28,"[12, 43, 12]"
36,"[12, 43, 70]"
30,"[12, 43, 34]"
30,"[12, 43, 33]"
31,"[12, 43, 28]"
31,"[12, 43, 25]"
27,"[12, 43, 49]"
34,"[12, 43, 48]"
32,"[12, 43, 54]"
33,"[12, 43, 32]"
30,"[12, 43, 18]"
28,"[12, 43, 55]"
29,"[12, 43, 20]"
28,"[12, 43, 37]"
25,"[12, 43, 26]"
21,"[12, 43, 50]"
31,"[12, 43, 8]"
33,"[12, 43, 27]"
34,"[12, 43, 17]"
31,"[12, 43, 29]"
33,"[12, 43, 0]"
25,"[12, 43, 10]"
25,"[12, 43, 56]"
28,"[12, 43, 35]"
24,"[12, 43, 58]"
17,"[12, 43, 1]"
21,"[12, 43, 60]"
28,"[12, 43, 4]"
24,"[12, 43, 3]"
30,"[12, 43, 6]"
18,"[12, 43, 7]"
19,"[12, 43, 31]"
32,"[12, 43, 51]"
21,"[12, 43, 43]"
27,"[12, 43, 42]"
18,"[12, 43, 9]"
41,"[12, 14]"
23,"[12, 14, 68]"
36,"[12, 14, 13]"
24,"[12, 14, 16]"
32,"[12, 14, 53]"
40,"[12, 14, 69]"
27,"[12, 14, 12]"
41,"[12, 14, 70]"
34,"[12, 14, 34]"
36,"[12, 14, 33]"
36,"[12, 14, 28]"
38,"[12, 14, 25]"
33,"[12, 14, 49]"
38,"[12, 14, 48]"
39,"[12, 14, 54]"
36,"[12, 14, 32]"
34,"[12, 14, 18]"
31,"[12, 14, 55]"
36,"[12, 14, 20]"
32,"[12, 14, 37]"
31,"[12, 14, 26]"
27,"[12, 14, 50]"
35,"[12, 14, 8]"
39,"[12, 14, 27]"
40,"[12, 14, 17]"
38,"[12, 14, 29]"
40,"[12, 14, 0]"
33,"[12, 14, 10]"
33,"[12, 14, 56]"
18,"[12, 14, 11]"
18,"[12, 14, 57]"
33,"[12, 14, 35]"
35,"[12, 14, 58]"
18,"[12, 14, 59]"
20,"[12, 14, 1]"
25,"[12, 14, 60]"
29,"[12, 14, 4]"
30,"[12, 14, 3]"
37,"[12, 14, 6]"
23,"[12, 14, 7]"
20,"[12, 14, 31]"
32,"[12, 14, 42]"
37,"[12, 14, 51]"
19,"[12, 14, 9]"
21,"[12, 14, 43]"
27,"[12, 14, 14]"
18,"[12, 14, 63]"
26,"[12, 68]"
18,"[12, 68, 13]"
16,"[12, 68, 16]"
24,"[12, 68, 53]"
23,"[12, 68, 69]"
25,"[12, 68, 70]"
21,"[12, 68, 34]"
22,"[12, 68, 33]"
21,"[12, 68, 28]"
22,"[12, 68, 25]"
22,"[12, 68, 49]"
24,"[12, 68, 48]"
23,"[12, 68, 54]"
25,"[12, 68, 32]"
22,"[12, 68, 18]"
18,"[12, 68, 55]"
20,"[12, 68, 20]"
19,"[12, 68, 37]"
17,"[12, 68, 26]"
16,"[12, 68, 50]"
24,"[12, 68, 8]"
21,"[12, 68, 27]"
24,"[12, 68, 17]"
23,"[12, 68, 29]"
23,"[12, 68, 0]"
17,"[12, 68, 10]"
19,"[12, 68, 56]"
20,"[12, 68, 35]"
20,"[12, 68, 58]"
16,"[12, 68, 1]"
22,"[12, 68, 4]"
16,"[12, 68, 3]"
23,"[12, 68, 6]"
16,"[12, 68, 31]"
17,"[12, 68, 51]"
17,"[12, 68, 42]"
47,"[12, 13]"
32,"[12, 13, 16]"
25,"[12, 13, 68]"
43,"[12, 13, 53]"
46,"[12, 13, 69]"
29,"[12, 13, 12]"
47,"[12, 13, 70]"
39,"[12, 13, 34]"
39,"[12, 13, 33]"
41,"[12, 13, 28]"
43,"[12, 13, 25]"
36,"[12, 13, 49]"
45,"[12, 13, 48]"
44,"[12, 13, 54]"
43,"[12, 13, 32]"
39,"[12, 13, 18]"
32,"[12, 13, 55]"
38,"[12, 13, 20]"
32,"[12, 13, 37]"
32,"[12, 13, 26]"
30,"[12, 13, 50]"
39,"[12, 13, 8]"
41,"[12, 13, 27]"
47,"[12, 13, 17]"
42,"[12, 13, 29]"
44,"[12, 13, 0]"
32,"[12, 13, 10]"
35,"[12, 13, 56]"
17,"[12, 13, 11]"
20,"[12, 13, 57]"
37,"[12, 13, 35]"
34,"[12, 13, 58]"
18,"[12, 13, 59]"
18,"[12, 13, 1]"
26,"[12, 13, 60]"
32,"[12, 13, 4]"
30,"[12, 13, 3]"
42,"[12, 13, 6]"
26,"[12, 13, 7]"
37,"[12, 13, 13]"
22,"[12, 13, 31]"
34,"[12, 13, 42]"
34,"[12, 13, 51]"
20,"[12, 13, 43]"
17,"[12, 13, 36]"
22,"[12, 13, 9]"
25,"[12, 13, 14]"
18,"[12, 13, 63]"
32,"[12, 16]"
23,"[12, 16, 68]"
26,"[12, 16, 53]"
29,"[12, 16, 69]"
18,"[12, 16, 12]"
31,"[12, 16, 70]"
27,"[12, 16, 34]"
26,"[12, 16, 33]"
27,"[12, 16, 28]"
27,"[12, 16, 25]"
27,"[12, 16, 49]"
30,"[12, 16, 48]"
29,"[12, 16, 54]"
30,"[12, 16, 32]"
28,"[12, 16, 18]"
22,"[12, 16, 55]"
25,"[12, 16, 20]"
24,"[12, 16, 37]"
22,"[12, 16, 26]"
22,"[12, 16, 50]"
31,"[12, 16, 8]"
27,"[12, 16, 27]"
30,"[12, 16, 17]"
27,"[12, 16, 29]"
28,"[12, 16, 0]"
23,"[12, 16, 10]"
23,"[12, 16, 56]"
26,"[12, 16, 35]"
24,"[12, 16, 58]"
17,"[12, 16, 1]"
18,"[12, 16, 60]"
24,"[12, 16, 4]"
21,"[12, 16, 3]"
27,"[12, 16, 6]"
17,"[12, 16, 7]"
22,"[12, 16, 13]"
18,"[12, 16, 31]"
21,"[12, 16, 42]"
22,"[12, 16, 51]"
16,"[12, 16, 43]"
17,"[12, 16, 14]"
44,"[12, 53]"
41,"[12, 53, 69]"
29,"[12, 53, 12]"
44,"[12, 53, 70]"
39,"[12, 53, 34]"
38,"[12, 53, 33]"
39,"[12, 53, 28]"
41,"[12, 53, 25]"
36,"[12, 53, 49]"
43,"[12, 53, 48]"
43,"[12, 53, 54]"
42,"[12, 53, 32]"
38,"[12, 53, 18]"
32,"[12, 53, 55]"
37,"[12, 53, 20]"
32,"[12, 53, 37]"
33,"[12, 53, 26]"
29,"[12, 53, 50]"
39,"[12, 53, 8]"
39,"[12, 53, 27]"
44,"[12, 53, 17]"
40,"[12, 53, 29]"
42,"[12, 53, 0]"
33,"[12, 53, 10]"
35,"[12, 53, 56]"
17,"[12, 53, 11]"
20,"[12, 53, 57]"
36,"[12, 53, 35]"
33,"[12, 53, 58]"
16,"[12, 53, 59]"
18,"[12, 53, 1]"
26,"[12, 53, 60]"
32,"[12, 53, 4]"
30,"[12, 53, 3]"
40,"[12, 53, 6]"
25,"[12, 53, 7]"
32,"[12, 53, 13]"
16,"[12, 53, 68]"
32,"[12, 53, 53]"
22,"[12, 53, 16]"
20,"[12, 53, 31]"
31,"[12, 53, 42]"
32,"[12, 53, 51]"
20,"[12, 53, 43]"
17,"[12, 53, 36]"
25,"[12, 53, 14]"
23,"[12, 53, 9]"
18,"[12, 53, 63]"
52,"[12, 69]"
42,"[12, 69, 12]"
52,"[12, 69, 70]"
45,"[12, 69, 34]"
45,"[12, 69, 33]"
46,"[12, 69, 28]"
47,"[12, 69, 25]"
39,"[12, 69, 49]"
49,"[12, 69, 48]"
48,"[12, 69, 54]"
46,"[12, 69, 32]"
42,"[12, 69, 18]"
35,"[12, 69, 55]"
45,"[12, 69, 20]"
38,"[12, 69, 37]"
39,"[12, 69, 26]"
34,"[12, 69, 50]"
44,"[12, 69, 8]"
48,"[12, 69, 27]"
51,"[12, 69, 17]"
49,"[12, 69, 29]"
50,"[12, 69, 69]"
17,"[12, 69, 21]"
50,"[12, 69, 0]"
43,"[12, 69, 10]"
41,"[12, 69, 56]"
21,"[12, 69, 11]"
23,"[12, 69, 57]"
43,"[12, 69, 35]"
41,"[12, 69, 58]"
21,"[12, 69, 59]"
24,"[12, 69, 1]"
31,"[12, 69, 60]"
37,"[12, 69, 4]"
37,"[12, 69, 3]"
48,"[12, 69, 6]"
31,"[12, 69, 7]"
42,"[12, 69, 13]"
23,"[12, 69, 68]"
40,"[12, 69, 53]"
26,"[12, 69, 16]"
24,"[12, 69, 31]"
17,"[12, 69, 5]"
45,"[12, 69, 42]"
46,"[12, 69, 51]"
29,"[12, 69, 43]"
20,"[12, 69, 36]"
34,"[12, 69, 14]"
26,"[12, 69, 9]"
20,"[12, 69, 65]"
16,"[12, 69, 67]"
23,"[12, 69, 63]"
44,"[12, 12]"
41,"[12, 12, 70]"
32,"[12, 12, 34]"
34,"[12, 12, 33]"
34,"[12, 12, 28]"
36,"[12, 12, 25]"
28,"[12, 12, 49]"
39,"[12, 12, 48]"
36,"[12, 12, 54]"
33,"[12, 12, 32]"
31,"[12, 12, 18]"
24,"[12, 12, 55]"
31,"[12, 12, 20]"
24,"[12, 12, 37]"
24,"[12, 12, 26]"
21,"[12, 12, 50]"
33,"[12, 12, 8]"
35,"[12, 12, 27]"
37,"[12, 12, 17]"
37,"[12, 12, 29]"
42,"[12, 12, 69]"
36,"[12, 12, 0]"
29,"[12, 12, 10]"
28,"[12, 12, 56]"
27,"[12, 12, 35]"
28,"[12, 12, 58]"
16,"[12, 12, 59]"
17,"[12, 12, 1]"
18,"[12, 12, 60]"
26,"[12, 12, 4]"
27,"[12, 12, 3]"
34,"[12, 12, 6]"
19,"[12, 12, 7]"
33,"[12, 12, 13]"
30,"[12, 12, 53]"
16,"[12, 12, 31]"
40,"[12, 12, 42]"
36,"[12, 12, 51]"
23,"[12, 12, 43]"
24,"[12, 12, 12]"
27,"[12, 12, 14]"
17,"[12, 12, 9]"
17,"[12, 12, 63]"
52,"[12, 70]"
46,"[12, 70, 34]"
46,"[12, 70, 33]"
47,"[12, 70, 28]"
48,"[12, 70, 25]"
39,"[12, 70, 49]"
49,"[12, 70, 48]"
51,"[12, 70, 70]"
50,"[12, 70, 54]"
47,"[12, 70, 32]"
45,"[12, 70, 18]"
36,"[12, 70, 55]"
46,"[12, 70, 20]"
38,"[12, 70, 37]"
39,"[12, 70, 26]"
34,"[12, 70, 50]"
44,"[12, 70, 8]"
46,"[12, 70, 27]"
50,"[12, 70, 17]"
47,"[12, 70, 29]"
49,"[12, 70, 69]"
49,"[12, 70, 0]"
41,"[12, 70, 10]"
40,"[12, 70, 56]"
19,"[12, 70, 11]"
21,"[12, 70, 57]"
44,"[12, 70, 35]"
40,"[12, 70, 58]"
22,"[12, 70, 59]"
21,"[12, 70, 1]"
31,"[12, 70, 60]"
35,"[12, 70, 4]"
38,"[12, 70, 3]"
46,"[12, 70, 6]"
30,"[12, 70, 7]"
36,"[12, 70, 13]"
36,"[12, 70, 53]"
16,"[12, 70, 16]"
25,"[12, 70, 31]"
16,"[12, 70, 5]"
40,"[12, 70, 42]"
33,"[12, 70, 12]"
37,"[12, 70, 51]"
22,"[12, 70, 43]"
20,"[12, 70, 36]"
27,"[12, 70, 14]"
23,"[12, 70, 9]"
19,"[12, 70, 65]"
23,"[12, 70, 63]"
46,"[12, 34]"
45,"[12, 34, 33]"
46,"[12, 34, 28]"
46,"[12, 34, 25]"
35,"[12, 34, 49]"
45,"[12, 34, 48]"
46,"[12, 34, 70]"
43,"[12, 34, 54]"
36,"[12, 34, 32]"
35,"[12, 34, 18]"
31,"[12, 34, 55]"
41,"[12, 34, 20]"
36,"[12, 34, 37]"
34,"[12, 34, 26]"
30,"[12, 34, 50]"
33,"[12, 34, 8]"
37,"[12, 34, 27]"
45,"[12, 34, 17]"
43,"[12, 34, 29]"
41,"[12, 34, 69]"
39,"[12, 34, 0]"
29,"[12, 34, 10]"
27,"[12, 34, 56]"
32,"[12, 34, 35]"
28,"[12, 34, 58]"
19,"[12, 34, 1]"
28,"[12, 34, 60]"
28,"[12, 34, 4]"
28,"[12, 34, 3]"
38,"[12, 34, 6]"
24,"[12, 34, 7]"
32,"[12, 34, 34]"
26,"[12, 34, 13]"
26,"[12, 34, 53]"
30,"[12, 34, 42]"
26,"[12, 34, 12]"
27,"[12, 34, 51]"
18,"[12, 34, 36]"
20,"[12, 34, 14]"
16,"[12, 34, 63]"
46,"[12, 33]"
46,"[12, 33, 28]"
46,"[12, 33, 25]"
36,"[12, 33, 49]"
45,"[12, 33, 48]"
46,"[12, 33, 70]"
45,"[12, 33, 54]"
30,"[12, 33, 32]"
30,"[12, 33, 18]"
32,"[12, 33, 55]"
41,"[12, 33, 20]"
37,"[12, 33, 37]"
35,"[12, 33, 26]"
31,"[12, 33, 50]"
29,"[12, 33, 8]"
35,"[12, 33, 27]"
45,"[12, 33, 17]"
43,"[12, 33, 29]"
41,"[12, 33, 69]"
40,"[12, 33, 0]"
24,"[12, 33, 10]"
25,"[12, 33, 56]"
30,"[12, 33, 35]"
25,"[12, 33, 58]"
16,"[12, 33, 1]"
28,"[12, 33, 60]"
27,"[12, 33, 4]"
23,"[12, 33, 3]"
36,"[12, 33, 6]"
18,"[12, 33, 7]"
32,"[12, 33, 34]"
33,"[12, 33, 33]"
25,"[12, 33, 13]"
25,"[12, 33, 53]"
30,"[12, 33, 42]"
24,"[12, 33, 12]"
24,"[12, 33, 51]"
19,"[12, 33, 36]"
16,"[12, 33, 14]"
47,"[12, 28]"
46,"[12, 28, 25]"
35,"[12, 28, 49]"
46,"[12, 28, 48]"
47,"[12, 28, 70]"
45,"[12, 28, 54]"
31,"[12, 28, 32]"
31,"[12, 28, 18]"
32,"[12, 28, 55]"
35,"[12, 28, 20]"
35,"[12, 28, 37]"
31,"[12, 28, 26]"
29,"[12, 28, 50]"
30,"[12, 28, 8]"
35,"[12, 28, 27]"
45,"[12, 28, 17]"
44,"[12, 28, 29]"
42,"[12, 28, 69]"
40,"[12, 28, 0]"
25,"[12, 28, 10]"
26,"[12, 28, 56]"
30,"[12, 28, 35]"
25,"[12, 28, 58]"
27,"[12, 28, 60]"
27,"[12, 28, 4]"
24,"[12, 28, 3]"
38,"[12, 28, 6]"
17,"[12, 28, 7]"
28,"[12, 28, 34]"
30,"[12, 28, 33]"
39,"[12, 28, 28]"
25,"[12, 28, 13]"
25,"[12, 28, 53]"
29,"[12, 28, 42]"
23,"[12, 28, 12]"
23,"[12, 28, 51]"
18,"[12, 28, 36]"
16,"[12, 28, 14]"
16,"[12, 28, 63]"
48,"[12, 25]"
37,"[12, 25, 49]"
47,"[12, 25, 48]"
36,"[12, 25, 25]"
48,"[12, 25, 70]"
42,"[12, 25, 54]"
28,"[12, 25, 32]"
30,"[12, 25, 18]"
34,"[12, 25, 55]"
33,"[12, 25, 20]"
32,"[12, 25, 37]"
29,"[12, 25, 26]"
27,"[12, 25, 50]"
29,"[12, 25, 8]"
34,"[12, 25, 27]"
46,"[12, 25, 17]"
43,"[12, 25, 29]"
39,"[12, 25, 69]"
39,"[12, 25, 0]"
22,"[12, 25, 10]"
25,"[12, 25, 56]"
29,"[12, 25, 35]"
25,"[12, 25, 58]"
16,"[12, 25, 1]"
27,"[12, 25, 60]"
28,"[12, 25, 4]"
22,"[12, 25, 3]"
38,"[12, 25, 6]"
18,"[12, 25, 7]"
26,"[12, 25, 34]"
30,"[12, 25, 33]"
35,"[12, 25, 28]"
22,"[12, 25, 13]"
21,"[12, 25, 53]"
27,"[12, 25, 42]"
23,"[12, 25, 12]"
23,"[12, 25, 51]"
17,"[12, 25, 36]"
17,"[12, 25, 63]"
39,"[12, 49]"
25,"[12, 49, 48]"
21,"[12, 49, 49]"
18,"[12, 49, 25]"
36,"[12, 49, 70]"
29,"[12, 49, 54]"
18,"[12, 49, 32]"
31,"[12, 49, 55]"
20,"[12, 49, 20]"
16,"[12, 49, 37]"
17,"[12, 49, 26]"
17,"[12, 49, 50]"
17,"[12, 49, 8]"
24,"[12, 49, 27]"
33,"[12, 49, 17]"
32,"[12, 49, 29]"
31,"[12, 49, 69]"
26,"[12, 49, 0]"
20,"[12, 49, 4]"
24,"[12, 49, 6]"
19,"[12, 49, 33]"
19,"[12, 49, 28]"
16,"[12, 49, 13]"
17,"[12, 49, 53]"
16,"[12, 49, 12]"
16,"[12, 49, 42]"
18,"[12, 49, 51]"
49,"[12, 48]"
36,"[12, 48, 49]"
39,"[12, 48, 48]"
34,"[12, 48, 25]"
48,"[12, 48, 70]"
41,"[12, 48, 54]"
26,"[12, 48, 32]"
27,"[12, 48, 18]"
33,"[12, 48, 55]"
32,"[12, 48, 20]"
29,"[12, 48, 37]"
28,"[12, 48, 26]"
26,"[12, 48, 50]"
27,"[12, 48, 8]"
31,"[12, 48, 27]"
45,"[12, 48, 17]"
43,"[12, 48, 29]"
40,"[12, 48, 69]"
39,"[12, 48, 0]"
21,"[12, 48, 10]"
23,"[12, 48, 56]"
25,"[12, 48, 35]"
22,"[12, 48, 58]"
26,"[12, 48, 60]"
27,"[12, 48, 4]"
22,"[12, 48, 3]"
36,"[12, 48, 6]"
16,"[12, 48, 7]"
23,"[12, 48, 34]"
28,"[12, 48, 33]"
31,"[12, 48, 28]"
21,"[12, 48, 13]"
22,"[12, 48, 53]"
24,"[12, 48, 42]"
22,"[12, 48, 12]"
23,"[12, 48, 51]"
50,"[12, 54]"
27,"[12, 54, 32]"
27,"[12, 54, 18]"
48,"[12, 54, 70]"
35,"[12, 54, 55]"
39,"[12, 54, 54]"
35,"[12, 54, 20]"
30,"[12, 54, 37]"
32,"[12, 54, 26]"
30,"[12, 54, 50]"
27,"[12, 54, 8]"
32,"[12, 54, 27]"
45,"[12, 54, 17]"
43,"[12, 54, 29]"
42,"[12, 54, 69]"
38,"[12, 54, 48]"
39,"[12, 54, 0]"
33,"[12, 54, 49]"
24,"[12, 54, 10]"
26,"[12, 54, 56]"
25,"[12, 54, 35]"
20,"[12, 54, 58]"
26,"[12, 54, 60]"
26,"[12, 54, 4]"
22,"[12, 54, 3]"
34,"[12, 54, 6]"
16,"[12, 54, 7]"
24,"[12, 54, 34]"
26,"[12, 54, 33]"
33,"[12, 54, 28]"
34,"[12, 54, 25]"
26,"[12, 54, 13]"
23,"[12, 54, 53]"
26,"[12, 54, 42]"
23,"[12, 54, 12]"
22,"[12, 54, 51]"
18,"[12, 54, 36]"
17,"[12, 54, 63]"
51,"[12, 32]"
46,"[12, 32, 18]"
50,"[12, 32, 70]"
35,"[12, 32, 55]"
46,"[12, 32, 54]"
38,"[12, 32, 20]"
34,"[12, 32, 37]"
33,"[12, 32, 26]"
28,"[12, 32, 50]"
30,"[12, 32, 32]"
48,"[12, 32, 8]"
48,"[12, 32, 27]"
50,"[12, 32, 17]"
48,"[12, 32, 29]"
47,"[12, 32, 69]"
48,"[12, 32, 48]"
16,"[12, 32, 21]"
50,"[12, 32, 0]"
37,"[12, 32, 49]"
42,"[12, 32, 10]"
40,"[12, 32, 56]"
22,"[12, 32, 11]"
23,"[12, 32, 57]"
44,"[12, 32, 35]"
41,"[12, 32, 58]"
23,"[12, 32, 59]"
23,"[12, 32, 1]"
25,"[12, 32, 60]"
37,"[12, 32, 4]"
39,"[12, 32, 3]"
46,"[12, 32, 6]"
32,"[12, 32, 7]"
42,"[12, 32, 34]"
44,"[12, 32, 33]"
45,"[12, 32, 28]"
47,"[12, 32, 25]"
30,"[12, 32, 13]"
30,"[12, 32, 53]"
28,"[12, 32, 31]"
17,"[12, 32, 5]"
34,"[12, 32, 42]"
29,"[12, 32, 12]"
33,"[12, 32, 51]"
18,"[12, 32, 36]"
25,"[12, 32, 14]"
27,"[12, 32, 9]"
19,"[12, 32, 43]"
17,"[12, 32, 65]"
21,"[12, 32, 63]"
47,"[12, 18]"
46,"[12, 18, 70]"
32,"[12, 18, 55]"
43,"[12, 18, 54]"
37,"[12, 18, 20]"
31,"[12, 18, 37]"
29,"[12, 18, 26]"
25,"[12, 18, 50]"
29,"[12, 18, 32]"
24,"[12, 18, 18]"
46,"[12, 18, 8]"
46,"[12, 18, 27]"
46,"[12, 18, 17]"
45,"[12, 18, 29]"
43,"[12, 18, 69]"
45,"[12, 18, 48]"
16,"[12, 18, 21]"
45,"[12, 18, 0]"
35,"[12, 18, 49]"
40,"[12, 18, 10]"
39,"[12, 18, 56]"
22,"[12, 18, 11]"
24,"[12, 18, 57]"
39,"[12, 18, 35]"
36,"[12, 18, 58]"
22,"[12, 18, 59]"
22,"[12, 18, 1]"
21,"[12, 18, 60]"
36,"[12, 18, 4]"
37,"[12, 18, 3]"
44,"[12, 18, 6]"
31,"[12, 18, 7]"
39,"[12, 18, 34]"
40,"[12, 18, 33]"
42,"[12, 18, 28]"
44,"[12, 18, 25]"
26,"[12, 18, 13]"
26,"[12, 18, 53]"
26,"[12, 18, 31]"
16,"[12, 18, 5]"
31,"[12, 18, 42]"
26,"[12, 18, 12]"
29,"[12, 18, 51]"
21,"[12, 18, 14]"
28,"[12, 18, 9]"
18,"[12, 18, 43]"
16,"[12, 18, 65]"
20,"[12, 18, 63]"
36,"[12, 55]"
19,"[12, 55, 54]"
23,"[12, 55, 20]"
20,"[12, 55, 27]"
26,"[12, 55, 17]"
25,"[12, 55, 29]"
33,"[12, 55, 69]"
33,"[12, 55, 70]"
22,"[12, 55, 48]"
22,"[12, 55, 0]"
20,"[12, 55, 55]"
16,"[12, 55, 49]"
18,"[12, 55, 4]"
19,"[12, 55, 6]"
19,"[12, 55, 33]"
17,"[12, 55, 25]"
16,"[12, 55, 42]"
46,"[12, 20]"
36,"[12, 20, 37]"
35,"[12, 20, 26]"
32,"[12, 20, 50]"
27,"[12, 20, 32]"
29,"[12, 20, 18]"
28,"[12, 20, 8]"
33,"[12, 20, 27]"
43,"[12, 20, 17]"
38,"[12, 20, 29]"
39,"[12, 20, 69]"
45,"[12, 20, 70]"
42,"[12, 20, 48]"
37,"[12, 20, 0]"
30,"[12, 20, 55]"
39,"[12, 20, 54]"
33,"[12, 20, 49]"
23,"[12, 20, 10]"
24,"[12, 20, 56]"
28,"[12, 20, 35]"
25,"[12, 20, 58]"
28,"[12, 20, 60]"
26,"[12, 20, 4]"
23,"[12, 20, 3]"
34,"[12, 20, 6]"
16,"[12, 20, 7]"
25,"[12, 20, 34]"
28,"[12, 20, 33]"
38,"[12, 20, 28]"
41,"[12, 20, 25]"
29,"[12, 20, 20]"
20,"[12, 20, 13]"
19,"[12, 20, 53]"
25,"[12, 20, 42]"
23,"[12, 20, 12]"
21,"[12, 20, 51]"
19,"[12, 20, 36]"
38,"[12, 37]"
31,"[12, 37, 26]"
27,"[12, 37, 50]"
24,"[12, 37, 32]"
24,"[12, 37, 18]"
23,"[12, 37, 8]"
31,"[12, 37, 27]"
37,"[12, 37, 17]"
35,"[12, 37, 29]"
35,"[12, 37, 69]"
38,"[12, 37, 70]"
31,"[12, 37, 48]"
32,"[12, 37, 0]"
29,"[12, 37, 55]"
31,"[12, 37, 54]"
25,"[12, 37, 49]"
19,"[12, 37, 10]"
22,"[12, 37, 56]"
19,"[12, 37, 35]"
18,"[12, 37, 58]"
28,"[12, 37, 60]"
25,"[12, 37, 4]"
17,"[12, 37, 3]"
31,"[12, 37, 6]"
19,"[12, 37, 34]"
24,"[12, 37, 33]"
27,"[12, 37, 28]"
28,"[12, 37, 25]"
24,"[12, 37, 20]"
18,"[12, 37, 13]"
16,"[12, 37, 53]"
17,"[12, 37, 37]"
20,"[12, 37, 42]"
18,"[12, 37, 12]"
19,"[12, 37, 51]"
17,"[12, 37, 36]"
39,"[12, 26]"
30,"[12, 26, 50]"
21,"[12, 26, 32]"
21,"[12, 26, 18]"
21,"[12, 26, 8]"
27,"[12, 26, 27]"
36,"[12, 26, 17]"
31,"[12, 26, 29]"
31,"[12, 26, 69]"
36,"[12, 26, 70]"
34,"[12, 26, 48]"
30,"[12, 26, 0]"
28,"[12, 26, 55]"
28,"[12, 26, 54]"
24,"[12, 26, 49]"
17,"[12, 26, 10]"
19,"[12, 26, 56]"
16,"[12, 26, 35]"
18,"[12, 26, 60]"
25,"[12, 26, 4]"
18,"[12, 26, 3]"
29,"[12, 26, 6]"
18,"[12, 26, 34]"
23,"[12, 26, 33]"
27,"[12, 26, 28]"
27,"[12, 26, 25]"
23,"[12, 26, 20]"
17,"[12, 26, 37]"
18,"[12, 26, 42]"
17,"[12, 26, 12]"
17,"[12, 26, 51]"
34,"[12, 50]"
18,"[12, 50, 32]"
17,"[12, 50, 18]"
18,"[12, 50, 8]"
23,"[12, 50, 27]"
32,"[12, 50, 17]"
27,"[12, 50, 29]"
26,"[12, 50, 69]"
31,"[12, 50, 70]"
26,"[12, 50, 48]"
26,"[12, 50, 0]"
24,"[12, 50, 55]"
25,"[12, 50, 54]"
22,"[12, 50, 49]"
16,"[12, 50, 10]"
18,"[12, 50, 56]"
21,"[12, 50, 4]"
24,"[12, 50, 6]"
19,"[12, 50, 33]"
21,"[12, 50, 28]"
22,"[12, 50, 25]"
19,"[12, 50, 20]"
48,"[12, 8]"
47,"[12, 8, 27]"
48,"[12, 8, 17]"
45,"[12, 8, 29]"
45,"[12, 8, 69]"
48,"[12, 8, 70]"
47,"[12, 8, 48]"
16,"[12, 8, 21]"
45,"[12, 8, 0]"
34,"[12, 8, 55]"
44,"[12, 8, 54]"
37,"[12, 8, 49]"
40,"[12, 8, 10]"
28,"[12, 8, 32]"
24,"[12, 8, 18]"
40,"[12, 8, 56]"
21,"[12, 8, 11]"
24,"[12, 8, 57]"
25,"[12, 8, 50]"
38,"[12, 8, 35]"
36,"[12, 8, 58]"
21,"[12, 8, 59]"
22,"[12, 8, 1]"
21,"[12, 8, 60]"
36,"[12, 8, 4]"
37,"[12, 8, 3]"
46,"[12, 8, 6]"
33,"[12, 8, 7]"
39,"[12, 8, 34]"
42,"[12, 8, 33]"
43,"[12, 8, 28]"
45,"[12, 8, 25]"
37,"[12, 8, 20]"
26,"[12, 8, 13]"
25,"[12, 8, 53]"
26,"[12, 8, 8]"
16,"[12, 8, 31]"
29,"[12, 8, 26]"
31,"[12, 8, 37]"
33,"[12, 8, 42]"
27,"[12, 8, 12]"
29,"[12, 8, 51]"
21,"[12, 8, 14]"
28,"[12, 8, 9]"
20,"[12, 8, 43]"
16,"[12, 8, 65]"
20,"[12, 8, 63]"
50,"[12, 27]"
49,"[12, 27, 17]"
46,"[12, 27, 29]"
46,"[12, 27, 69]"
49,"[12, 27, 70]"
45,"[12, 27, 48]"
17,"[12, 27, 21]"
49,"[12, 27, 0]"
34,"[12, 27, 55]"
44,"[12, 27, 54]"
36,"[12, 27, 49]"
42,"[12, 27, 10]"
27,"[12, 27, 32]"
27,"[12, 27, 18]"
40,"[12, 27, 27]"
39,"[12, 27, 56]"
21,"[12, 27, 11]"
22,"[12, 27, 57]"
26,"[12, 27, 50]"
42,"[12, 27, 35]"
39,"[12, 27, 58]"
23,"[12, 27, 59]"
23,"[12, 27, 1]"
22,"[12, 27, 60]"
36,"[12, 27, 4]"
38,"[12, 27, 3]"
47,"[12, 27, 6]"
31,"[12, 27, 7]"
40,"[12, 27, 34]"
42,"[12, 27, 33]"
41,"[12, 27, 28]"
44,"[12, 27, 25]"
37,"[12, 27, 20]"
26,"[12, 27, 13]"
25,"[12, 27, 53]"
29,"[12, 27, 8]"
17,"[12, 27, 5]"
31,"[12, 27, 26]"
32,"[12, 27, 37]"
30,"[12, 27, 42]"
27,"[12, 27, 12]"
29,"[12, 27, 51]"
22,"[12, 27, 14]"
16,"[12, 27, 43]"
16,"[12, 27, 65]"
21,"[12, 27, 63]"
52,"[12, 17]"
48,"[12, 17, 29]"
47,"[12, 17, 69]"
51,"[12, 17, 70]"
47,"[12, 17, 48]"
17,"[12, 17, 21]"
50,"[12, 17, 0]"
36,"[12, 17, 55]"
44,"[12, 17, 54]"
36,"[12, 17, 49]"
42,"[12, 17, 10]"
26,"[12, 17, 32]"
24,"[12, 17, 18]"
40,"[12, 17, 27]"
39,"[12, 17, 56]"
20,"[12, 17, 11]"
22,"[12, 17, 57]"
27,"[12, 17, 50]"
41,"[12, 17, 35]"
37,"[12, 17, 58]"
22,"[12, 17, 59]"
49,"[12, 17, 17]"
22,"[12, 17, 1]"
24,"[12, 17, 60]"
36,"[12, 17, 4]"
38,"[12, 17, 3]"
47,"[12, 17, 6]"
32,"[12, 17, 7]"
40,"[12, 17, 34]"
43,"[12, 17, 33]"
42,"[12, 17, 28]"
43,"[12, 17, 25]"
37,"[12, 17, 20]"
27,"[12, 17, 13]"
26,"[12, 17, 53]"
25,"[12, 17, 8]"
16,"[12, 17, 5]"
33,"[12, 17, 26]"
34,"[12, 17, 37]"
32,"[12, 17, 42]"
29,"[12, 17, 12]"
30,"[12, 17, 51]"
23,"[12, 17, 14]"
19,"[12, 17, 43]"
17,"[12, 17, 65]"
22,"[12, 17, 63]"
49,"[12, 29]"
43,"[12, 29, 69]"
49,"[12, 29, 70]"
46,"[12, 29, 48]"
17,"[12, 29, 21]"
45,"[12, 29, 0]"
33,"[12, 29, 55]"
42,"[12, 29, 54]"
35,"[12, 29, 49]"
39,"[12, 29, 10]"
26,"[12, 29, 32]"
23,"[12, 29, 18]"
37,"[12, 29, 27]"
38,"[12, 29, 56]"
21,"[12, 29, 11]"
22,"[12, 29, 57]"
27,"[12, 29, 50]"
40,"[12, 29, 35]"
38,"[12, 29, 58]"
23,"[12, 29, 59]"
48,"[12, 29, 17]"
45,"[12, 29, 29]"
17,"[12, 29, 1]"
24,"[12, 29, 60]"
35,"[12, 29, 4]"
24,"[12, 29, 3]"
46,"[12, 29, 6]"
32,"[12, 29, 7]"
38,"[12, 29, 34]"
42,"[12, 29, 33]"
40,"[12, 29, 28]"
43,"[12, 29, 25]"
37,"[12, 29, 20]"
24,"[12, 29, 13]"
23,"[12, 29, 53]"
23,"[12, 29, 8]"
17,"[12, 29, 5]"
33,"[12, 29, 26]"
34,"[12, 29, 37]"
31,"[12, 29, 42]"
25,"[12, 29, 12]"
26,"[12, 29, 51]"
16,"[12, 29, 36]"
20,"[12, 29, 14]"
17,"[12, 29, 65]"
22,"[12, 29, 63]"
17,"[12, 21]"
51,"[12, 0]"
35,"[12, 0, 55]"
45,"[12, 0, 54]"
36,"[12, 0, 49]"
49,"[12, 0, 70]"
39,"[12, 0, 10]"
27,"[12, 0, 32]"
25,"[12, 0, 18]"
37,"[12, 0, 27]"
38,"[12, 0, 56]"
20,"[12, 0, 11]"
22,"[12, 0, 57]"
26,"[12, 0, 50]"
42,"[12, 0, 35]"
39,"[12, 0, 58]"
22,"[12, 0, 59]"
45,"[12, 0, 0]"
48,"[12, 0, 17]"
48,"[12, 0, 29]"
17,"[12, 0, 21]"
24,"[12, 0, 1]"
23,"[12, 0, 60]"
35,"[12, 0, 4]"
39,"[12, 0, 3]"
45,"[12, 0, 6]"
32,"[12, 0, 7]"
40,"[12, 0, 34]"
42,"[12, 0, 33]"
42,"[12, 0, 28]"
44,"[12, 0, 25]"
47,"[12, 0, 48]"
36,"[12, 0, 20]"
47,"[12, 0, 69]"
27,"[12, 0, 13]"
26,"[12, 0, 53]"
26,"[12, 0, 8]"
16,"[12, 0, 5]"
32,"[12, 0, 26]"
34,"[12, 0, 37]"
32,"[12, 0, 42]"
28,"[12, 0, 12]"
30,"[12, 0, 51]"
23,"[12, 0, 14]"
18,"[12, 0, 43]"
17,"[12, 0, 65]"
21,"[12, 0, 63]"
45,"[12, 10]"
26,"[12, 10, 32]"
23,"[12, 10, 18]"
33,"[12, 10, 27]"
41,"[12, 10, 56]"
23,"[12, 10, 11]"
24,"[12, 10, 57]"
45,"[12, 10, 70]"
23,"[12, 10, 50]"
36,"[12, 10, 35]"
33,"[12, 10, 58]"
19,"[12, 10, 59]"
41,"[12, 10, 0]"
41,"[12, 10, 17]"
39,"[12, 10, 29]"
16,"[12, 10, 1]"
21,"[12, 10, 60]"
26,"[12, 10, 4]"
22,"[12, 10, 3]"
34,"[12, 10, 6]"
18,"[12, 10, 7]"
36,"[12, 10, 34]"
40,"[12, 10, 33]"
37,"[12, 10, 28]"
40,"[12, 10, 25]"
41,"[12, 10, 48]"
40,"[12, 10, 54]"
34,"[12, 10, 20]"
42,"[12, 10, 69]"
24,"[12, 10, 13]"
23,"[12, 10, 53]"
21,"[12, 10, 8]"
28,"[12, 10, 26]"
30,"[12, 10, 37]"
31,"[12, 10, 55]"
32,"[12, 10, 49]"
28,"[12, 10, 42]"
24,"[12, 10, 10]"
25,"[12, 10, 12]"
24,"[12, 10, 51]"
17,"[12, 10, 14]"
18,"[12, 10, 43]"
17,"[12, 10, 65]"
20,"[12, 10, 63]"
42,"[12, 56]"
26,"[12, 56, 56]"
24,"[12, 56, 57]"
42,"[12, 56, 70]"
24,"[12, 56, 50]"
34,"[12, 56, 35]"
31,"[12, 56, 58]"
19,"[12, 56, 59]"
38,"[12, 56, 0]"
31,"[12, 56, 27]"
39,"[12, 56, 17]"
37,"[12, 56, 29]"
19,"[12, 56, 60]"
25,"[12, 56, 4]"
20,"[12, 56, 3]"
33,"[12, 56, 6]"
34,"[12, 56, 34]"
38,"[12, 56, 33]"
35,"[12, 56, 28]"
38,"[12, 56, 25]"
37,"[12, 56, 48]"
38,"[12, 56, 54]"
33,"[12, 56, 20]"
39,"[12, 56, 69]"
22,"[12, 56, 13]"
21,"[12, 56, 53]"
21,"[12, 56, 32]"
21,"[12, 56, 18]"
20,"[12, 56, 8]"
27,"[12, 56, 26]"
28,"[12, 56, 37]"
30,"[12, 56, 55]"
32,"[12, 56, 49]"
25,"[12, 56, 42]"
21,"[12, 56, 10]"
22,"[12, 56, 12]"
21,"[12, 56, 51]"
17,"[12, 56, 14]"
18,"[12, 56, 63]"
23,"[12, 11]"
18,"[12, 11, 57]"
23,"[12, 11, 70]"
22,"[12, 11, 35]"
21,"[12, 11, 58]"
21,"[12, 11, 0]"
16,"[12, 11, 27]"
21,"[12, 11, 17]"
22,"[12, 11, 29]"
18,"[12, 11, 6]"
18,"[12, 11, 34]"
20,"[12, 11, 33]"
19,"[12, 11, 28]"
21,"[12, 11, 25]"
22,"[12, 11, 48]"
21,"[12, 11, 54]"
19,"[12, 11, 20]"
22,"[12, 11, 69]"
23,"[12, 11, 56]"
16,"[12, 11, 37]"
17,"[12, 11, 55]"
19,"[12, 11, 49]"
24,"[12, 57]"
24,"[12, 57, 70]"
20,"[12, 57, 35]"
18,"[12, 57, 58]"
19,"[12, 57, 0]"
16,"[12, 57, 27]"
23,"[12, 57, 17]"
22,"[12, 57, 29]"
16,"[12, 57, 6]"
20,"[12, 57, 34]"
20,"[12, 57, 33]"
21,"[12, 57, 28]"
24,"[12, 57, 25]"
23,"[12, 57, 48]"
20,"[12, 57, 54]"
18,"[12, 57, 20]"
22,"[12, 57, 69]"
17,"[12, 57, 37]"
17,"[12, 57, 55]"
19,"[12, 57, 49]"
45,"[12, 35]"
39,"[12, 35, 58]"
45,"[12, 35, 70]"
23,"[12, 35, 35]"
23,"[12, 35, 59]"
37,"[12, 35, 0]"
30,"[12, 35, 27]"
41,"[12, 35, 17]"
40,"[12, 35, 29]"
21,"[12, 35, 50]"
20,"[12, 35, 60]"
21,"[12, 35, 4]"
17,"[12, 35, 3]"
31,"[12, 35, 6]"
36,"[12, 35, 34]"
37,"[12, 35, 33]"
36,"[12, 35, 28]"
39,"[12, 35, 25]"
40,"[12, 35, 48]"
40,"[12, 35, 54]"
31,"[12, 35, 20]"
40,"[12, 35, 69]"
20,"[12, 35, 13]"
20,"[12, 35, 53]"
20,"[12, 35, 32]"
18,"[12, 35, 18]"
18,"[12, 35, 8]"
27,"[12, 35, 26]"
26,"[12, 35, 56]"
30,"[12, 35, 37]"
30,"[12, 35, 55]"
32,"[12, 35, 49]"
24,"[12, 35, 42]"
21,"[12, 35, 12]"
25,"[12, 35, 51]"
19,"[12, 35, 10]"
18,"[12, 35, 14]"
17,"[12, 35, 63]"
42,"[12, 58]"
42,"[12, 58, 70]"
24,"[12, 58, 35]"
27,"[12, 58, 58]"
23,"[12, 58, 59]"
36,"[12, 58, 0]"
29,"[12, 58, 27]"
39,"[12, 58, 17]"
38,"[12, 58, 29]"
21,"[12, 58, 50]"
19,"[12, 58, 60]"
19,"[12, 58, 4]"
29,"[12, 58, 6]"
34,"[12, 58, 34]"
36,"[12, 58, 33]"
35,"[12, 58, 28]"
36,"[12, 58, 25]"
37,"[12, 58, 48]"
37,"[12, 58, 54]"
30,"[12, 58, 20]"
37,"[12, 58, 69]"
18,"[12, 58, 13]"
18,"[12, 58, 53]"
18,"[12, 58, 32]"
17,"[12, 58, 18]"
17,"[12, 58, 8]"
26,"[12, 58, 26]"
25,"[12, 58, 56]"
28,"[12, 58, 37]"
27,"[12, 58, 55]"
29,"[12, 58, 49]"
23,"[12, 58, 42]"
19,"[12, 58, 12]"
22,"[12, 58, 51]"
18,"[12, 58, 10]"
17,"[12, 58, 14]"
17,"[12, 58, 63]"
23,"[12, 59]"
20,"[12, 59, 0]"
21,"[12, 59, 17]"
21,"[12, 59, 29]"
23,"[12, 59, 70]"
17,"[12, 59, 6]"
18,"[12, 59, 34]"
20,"[12, 59, 33]"
20,"[12, 59, 28]"
21,"[12, 59, 25]"
21,"[12, 59, 48]"
22,"[12, 59, 54]"
18,"[12, 59, 20]"
19,"[12, 59, 69]"
16,"[12, 59, 49]"
24,"[12, 1]"
21,"[12, 1, 70]"
16,"[12, 1, 4]"
18,"[12, 1, 6]"
16,"[12, 1, 34]"
16,"[12, 1, 33]"
16,"[12, 1, 28]"
20,"[12, 1, 17]"
22,"[12, 1, 29]"
16,"[12, 1, 0]"
18,"[12, 1, 25]"
19,"[12, 1, 48]"
19,"[12, 1, 54]"
20,"[12, 1, 69]"
18,"[12, 1, 35]"
17,"[12, 1, 58]"
17,"[12, 1, 55]"
31,"[12, 60]"
19,"[12, 60, 4]"
22,"[12, 60, 6]"
30,"[12, 60, 70]"
18,"[12, 60, 33]"
18,"[12, 60, 28]"
22,"[12, 60, 27]"
29,"[12, 60, 17]"
25,"[12, 60, 29]"
25,"[12, 60, 0]"
19,"[12, 60, 25]"
23,"[12, 60, 48]"
21,"[12, 60, 54]"
16,"[12, 60, 20]"
26,"[12, 60, 69]"
18,"[12, 60, 32]"
18,"[12, 60, 18]"
19,"[12, 60, 8]"
21,"[12, 60, 26]"
22,"[12, 60, 50]"
16,"[12, 60, 56]"
23,"[12, 60, 55]"
20,"[12, 60, 49]"
16,"[12, 60, 60]"
37,"[12, 4]"
28,"[12, 4, 6]"
36,"[12, 4, 70]"
27,"[12, 4, 34]"
28,"[12, 4, 33]"
28,"[12, 4, 28]"
21,"[12, 4, 27]"
29,"[12, 4, 17]"
31,"[12, 4, 29]"
31,"[12, 4, 0]"
30,"[12, 4, 25]"
32,"[12, 4, 48]"
28,"[12, 4, 54]"
24,"[12, 4, 20]"
34,"[12, 4, 69]"
17,"[12, 4, 13]"
18,"[12, 4, 53]"
27,"[12, 4, 35]"
16,"[12, 4, 32]"
16,"[12, 4, 18]"
17,"[12, 4, 8]"
25,"[12, 4, 4]"
17,"[12, 4, 5]"
26,"[12, 4, 58]"
18,"[12, 4, 26]"
24,"[12, 4, 56]"
20,"[12, 4, 37]"
26,"[12, 4, 55]"
27,"[12, 4, 49]"
23,"[12, 4, 10]"
19,"[12, 4, 42]"
17,"[12, 4, 12]"
17,"[12, 4, 51]"
16,"[12, 4, 59]"
39,"[12, 3]"
37,"[12, 3, 6]"
29,"[12, 3, 7]"
39,"[12, 3, 70]"
31,"[12, 3, 34]"
33,"[12, 3, 33]"
33,"[12, 3, 28]"
30,"[12, 3, 27]"
37,"[12, 3, 17]"
38,"[12, 3, 29]"
36,"[12, 3, 0]"
36,"[12, 3, 25]"
37,"[12, 3, 48]"
35,"[12, 3, 54]"
28,"[12, 3, 20]"
36,"[12, 3, 69]"
20,"[12, 3, 13]"
19,"[12, 3, 53]"
31,"[12, 3, 35]"
22,"[12, 3, 32]"
17,"[12, 3, 18]"
18,"[12, 3, 8]"
17,"[12, 3, 3]"
16,"[12, 3, 1]"
29,"[12, 3, 4]"
31,"[12, 3, 58]"
25,"[12, 3, 26]"
19,"[12, 3, 50]"
28,"[12, 3, 56]"
18,"[12, 3, 57]"
26,"[12, 3, 37]"
28,"[12, 3, 55]"
29,"[12, 3, 49]"
24,"[12, 3, 42]"
26,"[12, 3, 10]"
17,"[12, 3, 60]"
19,"[12, 3, 12]"
21,"[12, 3, 51]"
17,"[12, 3, 59]"
18,"[12, 3, 63]"
48,"[12, 6]"
33,"[12, 6, 7]"
48,"[12, 6, 70]"
38,"[12, 6, 34]"
40,"[12, 6, 33]"
40,"[12, 6, 28]"
34,"[12, 6, 27]"
46,"[12, 6, 17]"
42,"[12, 6, 29]"
16,"[12, 6, 21]"
40,"[12, 6, 0]"
42,"[12, 6, 25]"
43,"[12, 6, 48]"
42,"[12, 6, 54]"
35,"[12, 6, 20]"
43,"[12, 6, 69]"
23,"[12, 6, 13]"
22,"[12, 6, 53]"
39,"[12, 6, 35]"
24,"[12, 6, 32]"
22,"[12, 6, 18]"
23,"[12, 6, 8]"
19,"[12, 6, 3]"
17,"[12, 6, 1]"
37,"[12, 6, 6]"
35,"[12, 6, 4]"
17,"[12, 6, 5]"
37,"[12, 6, 58]"
30,"[12, 6, 26]"
24,"[12, 6, 50]"
37,"[12, 6, 56]"
19,"[12, 6, 57]"
32,"[12, 6, 37]"
34,"[12, 6, 55]"
33,"[12, 6, 49]"
33,"[12, 6, 10]"
28,"[12, 6, 42]"
22,"[12, 6, 60]"
23,"[12, 6, 12]"
24,"[12, 6, 51]"
21,"[12, 6, 59]"
18,"[12, 6, 14]"
17,"[12, 6, 11]"
20,"[12, 6, 63]"
33,"[12, 7]"
33,"[12, 7, 70]"
26,"[12, 7, 34]"
28,"[12, 7, 33]"
30,"[12, 7, 28]"
21,"[12, 7, 27]"
30,"[12, 7, 17]"
28,"[12, 7, 29]"
27,"[12, 7, 0]"
30,"[12, 7, 25]"
31,"[12, 7, 48]"
28,"[12, 7, 54]"
25,"[12, 7, 20]"
30,"[12, 7, 69]"
17,"[12, 7, 13]"
16,"[12, 7, 53]"
27,"[12, 7, 35]"
16,"[12, 7, 8]"
23,"[12, 7, 6]"
24,"[12, 7, 4]"
25,"[12, 7, 58]"
24,"[12, 7, 26]"
19,"[12, 7, 50]"
25,"[12, 7, 56]"
24,"[12, 7, 37]"
22,"[12, 7, 55]"
23,"[12, 7, 49]"
21,"[12, 7, 10]"
18,"[12, 7, 42]"
17,"[12, 7, 60]"
16,"[12, 7, 12]"
17,"[12, 7, 59]"
28,"[12, 31]"
21,"[12, 31, 4]"
23,"[12, 31, 58]"
23,"[12, 31, 34]"
23,"[12, 31, 33]"
24,"[12, 31, 28]"
16,"[12, 31, 26]"
18,"[12, 31, 50]"
21,"[12, 31, 56]"
27,"[12, 31, 70]"
21,"[12, 31, 37]"
20,"[12, 31, 55]"
22,"[12, 31, 49]"
26,"[12, 31, 48]"
28,"[12, 31, 0]"
18,"[12, 31, 1]"
25,"[12, 31, 6]"
27,"[12, 31, 29]"
27,"[12, 31, 17]"
27,"[12, 31, 54]"
26,"[12, 31, 27]"
23,"[12, 31, 8]"
18,"[12, 31, 3]"
21,"[12, 31, 10]"
24,"[12, 31, 35]"
16,"[12, 31, 7]"
25,"[12, 31, 25]"
24,"[12, 31, 69]"
22,"[12, 31, 20]"
17,"[12, 31, 42]"
17,"[12, 5]"
17,"[12, 5, 70]"
16,"[12, 5, 29]"
20,"[12, 36]"
20,"[12, 36, 17]"
18,"[12, 36, 29]"
16,"[12, 36, 0]"
19,"[12, 36, 70]"
16,"[12, 36, 69]"
28,"[12, 9]"
27,"[12, 9, 27]"
27,"[12, 9, 17]"
26,"[12, 9, 29]"
27,"[12, 9, 0]"
23,"[12, 9, 3]"
27,"[12, 9, 6]"
21,"[12, 9, 7]"
21,"[12, 9, 4]"
27,"[12, 9, 70]"
19,"[12, 9, 55]"
22,"[12, 9, 33]"
24,"[12, 9, 69]"
17,"[12, 9, 42]"
25,"[12, 9, 54]"
26,"[12, 9, 48]"
22,"[12, 9, 56]"
23,"[12, 9, 28]"
25,"[12, 9, 25]"
20,"[12, 9, 10]"
18,"[12, 9, 11]"
23,"[12, 9, 20]"
22,"[12, 9, 34]"
23,"[12, 9, 35]"
22,"[12, 9, 58]"
17,"[12, 9, 37]"
17,"[12, 9, 26]"
19,"[12, 9, 49]"
17,"[12, 9, 63]"
20,"[12, 65]"
18,"[12, 65, 32]"
17,"[12, 65, 18]"
17,"[12, 65, 8]"
19,"[12, 65, 27]"
20,"[12, 65, 17]"
20,"[12, 65, 70]"
19,"[12, 65, 0]"
20,"[12, 65, 29]"
19,"[12, 65, 6]"
18,"[12, 65, 69]"
18,"[12, 65, 35]"
18,"[12, 65, 58]"
17,"[12, 65, 34]"
17,"[12, 65, 33]"
18,"[12, 65, 28]"
19,"[12, 65, 25]"
19,"[12, 65, 48]"
20,"[12, 65, 54]"
17,"[12, 65, 20]"
18,"[12, 65, 10]"
17,"[12, 65, 65]"
17,"[12, 65, 63]"
18,"[12, 67]"
18,"[12, 67, 42]"
16,"[12, 67, 32]"
18,"[12, 67, 17]"
17,"[12, 67, 0]"
17,"[12, 67, 29]"
16,"[12, 67, 6]"
18,"[12, 67, 70]"
17,"[12, 67, 69]"
17,"[12, 67, 54]"
17,"[12, 67, 48]"
17,"[12, 67, 51]"
23,"[12, 63]"
19,"[12, 63, 69]"
23,"[12, 63, 70]"
16,"[12, 63, 63]"
17,"[12, 63, 33]"
18,"[12, 63, 28]"
22,"[12, 63, 54]"
17,"[12, 63, 0]"
21,"[12, 63, 17]"
19,"[12, 63, 29]"
19,"[12, 63, 25]"
21,"[12, 63, 48]"
19,"[12, 63, 20]"
16,"[12, 63, 6]"
52,[42]
50,"[42, 51]"
27,"[42, 51, 43]"
36,"[42, 51, 14]"
26,"[42, 51, 68]"
45,"[42, 51, 13]"
30,"[42, 51, 16]"
41,"[42, 51, 53]"
49,"[42, 51, 69]"
37,"[42, 51, 12]"
50,"[42, 51, 70]"
43,"[42, 51, 34]"
43,"[42, 51, 33]"
44,"[42, 51, 28]"
45,"[42, 51, 25]"
39,"[42, 51, 49]"
46,"[42, 51, 48]"
47,"[42, 51, 54]"
48,"[42, 51, 32]"
44,"[42, 51, 18]"
35,"[42, 51, 55]"
43,"[42, 51, 20]"
37,"[42, 51, 37]"
37,"[42, 51, 26]"
34,"[42, 51, 50]"
45,"[42, 51, 8]"
47,"[42, 51, 27]"
50,"[42, 51, 17]"
46,"[42, 51, 29]"
17,"[42, 51, 21]"
48,"[42, 51, 0]"
42,"[42, 51, 10]"
41,"[42, 51, 56]"
22,"[42, 51, 11]"
23,"[42, 51, 57]"
42,"[42, 51, 35]"
39,"[42, 51, 58]"
21,"[42, 51, 59]"
23,"[42, 51, 1]"
30,"[42, 51, 60]"
35,"[42, 51, 4]"
37,"[42, 51, 3]"
45,"[42, 51, 6]"
31,"[42, 51, 7]"
27,"[42, 51, 31]"
16,"[42, 51, 5]"
41,"[42, 51, 42]"
37,"[42, 51, 51]"
19,"[42, 51, 36]"
25,"[42, 51, 9]"
19,"[42, 51, 65]"
21,"[42, 51, 63]"
36,"[42, 43]"
29,"[42, 43, 14]"
21,"[42, 43, 68]"
32,"[42, 43, 13]"
22,"[42, 43, 16]"
30,"[42, 43, 53]"
35,"[42, 43, 69]"
28,"[42, 43, 12]"
36,"[42, 43, 70]"
30,"[42, 43, 34]"
30,"[42, 43, 33]"
31,"[42, 43, 28]"
31,"[42, 43, 25]"
27,"[42, 43, 49]"
34,"[42, 43, 48]"
32,"[42, 43, 54]"
33,"[42, 43, 32]"
30,"[42, 43, 18]"
28,"[42, 43, 55]"
29,"[42, 43, 20]"
28,"[42, 43, 37]"
25,"[42, 43, 26]"
21,"[42, 43, 50]"
31,"[42, 43, 8]"
33,"[42, 43, 27]"
34,"[42, 43, 17]"
31,"[42, 43, 29]"
33,"[42, 43, 0]"
24,"[42, 43, 10]"
25,"[42, 43, 56]"
28,"[42, 43, 35]"
24,"[42, 43, 58]"
16,"[42, 43, 1]"
21,"[42, 43, 60]"
28,"[42, 43, 4]"
23,"[42, 43, 3]"
30,"[42, 43, 6]"
18,"[42, 43, 7]"
19,"[42, 43, 31]"
31,"[42, 43, 51]"
20,"[42, 43, 43]"
27,"[42, 43, 42]"
17,"[42, 43, 9]"
40,"[42, 14]"
23,"[42, 14, 68]"
34,"[42, 14, 13]"
23,"[42, 14, 16]"
30,"[42, 14, 53]"
38,"[42, 14, 69]"
26,"[42, 14, 12]"
40,"[42, 14, 70]"
33,"[42, 14, 34]"
35,"[42, 14, 33]"
35,"[42, 14, 28]"
37,"[42, 14, 25]"
33,"[42, 14, 49]"
37,"[42, 14, 48]"
38,"[42, 14, 54]"
35,"[42, 14, 32]"
33,"[42, 14, 18]"
30,"[42, 14, 55]"
35,"[42, 14, 20]"
31,"[42, 14, 37]"
30,"[42, 14, 26]"
27,"[42, 14, 50]"
33,"[42, 14, 8]"
37,"[42, 14, 27]"
39,"[42, 14, 17]"
37,"[42, 14, 29]"
38,"[42, 14, 0]"
31,"[42, 14, 10]"
33,"[42, 14, 56]"
18,"[42, 14, 11]"
18,"[42, 14, 57]"
31,"[42, 14, 35]"
34,"[42, 14, 58]"
18,"[42, 14, 59]"
19,"[42, 14, 1]"
24,"[42, 14, 60]"
28,"[42, 14, 4]"
28,"[42, 14, 3]"
35,"[42, 14, 6]"
21,"[42, 14, 7]"
20,"[42, 14, 31]"
30,"[42, 14, 42]"
35,"[42, 14, 51]"
17,"[42, 14, 9]"
20,"[42, 14, 43]"
24,"[42, 14, 14]"
17,"[42, 14, 63]"
26,"[42, 68]"
18,"[42, 68, 13]"
16,"[42, 68, 16]"
24,"[42, 68, 53]"
23,"[42, 68, 69]"
25,"[42, 68, 70]"
21,"[42, 68, 34]"
22,"[42, 68, 33]"
21,"[42, 68, 28]"
22,"[42, 68, 25]"
22,"[42, 68, 49]"
24,"[42, 68, 48]"
23,"[42, 68, 54]"
25,"[42, 68, 32]"
22,"[42, 68, 18]"
18,"[42, 68, 55]"
20,"[42, 68, 20]"
19,"[42, 68, 37]"
17,"[42, 68, 26]"
16,"[42, 68, 50]"
24,"[42, 68, 8]"
21,"[42, 68, 27]"
24,"[42, 68, 17]"
23,"[42, 68, 29]"
23,"[42, 68, 0]"
17,"[42, 68, 10]"
19,"[42, 68, 56]"
20,"[42, 68, 35]"
20,"[42, 68, 58]"
16,"[42, 68, 1]"
22,"[42, 68, 4]"
16,"[42, 68, 3]"
23,"[42, 68, 6]"
16,"[42, 68, 31]"
17,"[42, 68, 51]"
17,"[42, 68, 42]"
47,"[42, 13]"
32,"[42, 13, 16]"
25,"[42, 13, 68]"
43,"[42, 13, 53]"
44,"[42, 13, 69]"
28,"[42, 13, 12]"
46,"[42, 13, 70]"
38,"[42, 13, 34]"
38,"[42, 13, 33]"
40,"[42, 13, 28]"
42,"[42, 13, 25]"
35,"[42, 13, 49]"
44,"[42, 13, 48]"
43,"[42, 13, 54]"
42,"[42, 13, 32]"
38,"[42, 13, 18]"
31,"[42, 13, 55]"
37,"[42, 13, 20]"
31,"[42, 13, 37]"
31,"[42, 13, 26]"
29,"[42, 13, 50]"
38,"[42, 13, 8]"
40,"[42, 13, 27]"
46,"[42, 13, 17]"
42,"[42, 13, 29]"
43,"[42, 13, 0]"
31,"[42, 13, 10]"
34,"[42, 13, 56]"
17,"[42, 13, 11]"
19,"[42, 13, 57]"
36,"[42, 13, 35]"
34,"[42, 13, 58]"
18,"[42, 13, 59]"
17,"[42, 13, 1]"
25,"[42, 13, 60]"
31,"[42, 13, 4]"
29,"[42, 13, 3]"
41,"[42, 13, 6]"
25,"[42, 13, 7]"
34,"[42, 13, 13]"
21,"[42, 13, 31]"
33,"[42, 13, 42]"
33,"[42, 13, 51]"
18,"[42, 13, 43]"
17,"[42, 13, 36]"
22,"[42, 13, 9]"
25,"[42, 13, 14]"
18,"[42, 13, 63]"
32,"[42, 16]"
23,"[42, 16, 68]"
26,"[42, 16, 53]"
29,"[42, 16, 69]"
18,"[42, 16, 12]"
31,"[42, 16, 70]"
27,"[42, 16, 34]"
26,"[42, 16, 33]"
27,"[42, 16, 28]"
27,"[42, 16, 25]"
27,"[42, 16, 49]"
30,"[42, 16, 48]"
29,"[42, 16, 54]"
30,"[42, 16, 32]"
28,"[42, 16, 18]"
22,"[42, 16, 55]"
25,"[42, 16, 20]"
24,"[42, 16, 37]"
22,"[42, 16, 26]"
22,"[42, 16, 50]"
31,"[42, 16, 8]"
27,"[42, 16, 27]"
30,"[42, 16, 17]"
27,"[42, 16, 29]"
28,"[42, 16, 0]"
23,"[42, 16, 10]"
23,"[42, 16, 56]"
26,"[42, 16, 35]"
24,"[42, 16, 58]"
17,"[42, 16, 1]"
18,"[42, 16, 60]"
24,"[42, 16, 4]"
21,"[42, 16, 3]"
27,"[42, 16, 6]"
17,"[42, 16, 7]"
22,"[42, 16, 13]"
18,"[42, 16, 31]"
21,"[42, 16, 42]"
22,"[42, 16, 51]"
16,"[42, 16, 43]"
17,"[42, 16, 14]"
44,"[42, 53]"
40,"[42, 53, 69]"
29,"[42, 53, 12]"
43,"[42, 53, 70]"
38,"[42, 53, 34]"
37,"[42, 53, 33]"
38,"[42, 53, 28]"
40,"[42, 53, 25]"
35,"[42, 53, 49]"
42,"[42, 53, 48]"
42,"[42, 53, 54]"
41,"[42, 53, 32]"
37,"[42, 53, 18]"
31,"[42, 53, 55]"
36,"[42, 53, 20]"
31,"[42, 53, 37]"
32,"[42, 53, 26]"
28,"[42, 53, 50]"
38,"[42, 53, 8]"
38,"[42, 53, 27]"
43,"[42, 53, 17]"
40,"[42, 53, 29]"
41,"[42, 53, 0]"
32,"[42, 53, 10]"
34,"[42, 53, 56]"
17,"[42, 53, 11]"
19,"[42, 53, 57]"
35,"[42, 53, 35]"
33,"[42, 53, 58]"
16,"[42, 53, 59]"
17,"[42, 53, 1]"
25,"[42, 53, 60]"
31,"[42, 53, 4]"
29,"[42, 53, 3]"
39,"[42, 53, 6]"
24,"[42, 53, 7]"
31,"[42, 53, 13]"
16,"[42, 53, 68]"
31,"[42, 53, 53]"
22,"[42, 53, 16]"
20,"[42, 53, 31]"
31,"[42, 53, 42]"
32,"[42, 53, 51]"
19,"[42, 53, 43]"
17,"[42, 53, 36]"
25,"[42, 53, 14]"
23,"[42, 53, 9]"
18,"[42, 53, 63]"
52,"[42, 69]"
41,"[42, 69, 12]"
52,"[42, 69, 70]"
45,"[42, 69, 34]"
45,"[42, 69, 33]"
46,"[42, 69, 28]"
47,"[42, 69, 25]"
39,"[42, 69, 49]"
49,"[42, 69, 48]"
48,"[42, 69, 54]"
46,"[42, 69, 32]"
42,"[42, 69, 18]"
35,"[42, 69, 55]"
45,"[42, 69, 20]"
38,"[42, 69, 37]"
39,"[42, 69, 26]"
34,"[42, 69, 50]"
44,"[42, 69, 8]"
48,"[42, 69, 27]"
51,"[42, 69, 17]"
49,"[42, 69, 29]"
50,"[42, 69, 69]"
17,"[42, 69, 21]"
50,"[42, 69, 0]"
42,"[42, 69, 10]"
41,"[42, 69, 56]"
20,"[42, 69, 11]"
22,"[42, 69, 57]"
43,"[42, 69, 35]"
41,"[42, 69, 58]"
21,"[42, 69, 59]"
22,"[42, 69, 1]"
31,"[42, 69, 60]"
37,"[42, 69, 4]"
36,"[42, 69, 3]"
48,"[42, 69, 6]"
30,"[42, 69, 7]"
42,"[42, 69, 13]"
23,"[42, 69, 68]"
40,"[42, 69, 53]"
26,"[42, 69, 16]"
24,"[42, 69, 31]"
16,"[42, 69, 5]"
45,"[42, 69, 42]"
44,"[42, 69, 51]"
29,"[42, 69, 43]"
20,"[42, 69, 36]"
31,"[42, 69, 14]"
25,"[42, 69, 9]"
20,"[42, 69, 65]"
23,"[42, 69, 63]"
43,"[42, 12]"
40,"[42, 12, 70]"
31,"[42, 12, 34]"
34,"[42, 12, 33]"
33,"[42, 12, 28]"
35,"[42, 12, 25]"
27,"[42, 12, 49]"
38,"[42, 12, 48]"
35,"[42, 12, 54]"
31,"[42, 12, 32]"
29,"[42, 12, 18]"
23,"[42, 12, 55]"
30,"[42, 12, 20]"
24,"[42, 12, 37]"
23,"[42, 12, 26]"
20,"[42, 12, 50]"
31,"[42, 12, 8]"
33,"[42, 12, 27]"
36,"[42, 12, 17]"
36,"[42, 12, 29]"
41,"[42, 12, 69]"
35,"[42, 12, 0]"
27,"[42, 12, 10]"
27,"[42, 12, 56]"
26,"[42, 12, 35]"
27,"[42, 12, 58]"
17,"[42, 12, 60]"
26,"[42, 12, 4]"
24,"[42, 12, 3]"
33,"[42, 12, 6]"
18,"[42, 12, 7]"
31,"[42, 12, 13]"
28,"[42, 12, 53]"
39,"[42, 12, 42]"
32,"[42, 12, 51]"
22,"[42, 12, 43]"
23,"[42, 12, 12]"
24,"[42, 12, 14]"
16,"[42, 12, 63]"
52,"[42, 70]"
46,"[42, 70, 34]"
46,"[42, 70, 33]"
47,"[42, 70, 28]"
48,"[42, 70, 25]"
39,"[42, 70, 49]"
49,"[42, 70, 48]"
51,"[42, 70, 70]"
50,"[42, 70, 54]"
45,"[42, 70, 32]"
44,"[42, 70, 18]"
36,"[42, 70, 55]"
46,"[42, 70, 20]"
38,"[42, 70, 37]"
39,"[42, 70, 26]"
34,"[42, 70, 50]"
43,"[42, 70, 8]"
45,"[42, 70, 27]"
50,"[42, 70, 17]"
47,"[42, 70, 29]"
47,"[42, 70, 69]"
49,"[42, 70, 0]"
41,"[42, 70, 10]"
40,"[42, 70, 56]"
19,"[42, 70, 11]"
21,"[42, 70, 57]"
43,"[42, 70, 35]"
39,"[42, 70, 58]"
22,"[42, 70, 59]"
21,"[42, 70, 1]"
31,"[42, 70, 60]"
35,"[42, 70, 4]"
37,"[42, 70, 3]"
46,"[42, 70, 6]"
30,"[42, 70, 7]"
34,"[42, 70, 13]"
34,"[42, 70, 53]"
16,"[42, 70, 16]"
24,"[42, 70, 31]"
16,"[42, 70, 5]"
38,"[42, 70, 42]"
31,"[42, 70, 12]"
34,"[42, 70, 51]"
22,"[42, 70, 43]"
20,"[42, 70, 36]"
25,"[42, 70, 14]"
22,"[42, 70, 9]"
19,"[42, 70, 65]"
23,"[42, 70, 63]"
46,"[42, 34]"
45,"[42, 34, 33]"
46,"[42, 34, 28]"
46,"[42, 34, 25]"
35,"[42, 34, 49]"
45,"[42, 34, 48]"
46,"[42, 34, 70]"
43,"[42, 34, 54]"
36,"[42, 34, 32]"
35,"[42, 34, 18]"
31,"[42, 34, 55]"
41,"[42, 34, 20]"
36,"[42, 34, 37]"
34,"[42, 34, 26]"
30,"[42, 34, 50]"
33,"[42, 34, 8]"
37,"[42, 34, 27]"
45,"[42, 34, 17]"
43,"[42, 34, 29]"
41,"[42, 34, 69]"
39,"[42, 34, 0]"
29,"[42, 34, 10]"
27,"[42, 34, 56]"
32,"[42, 34, 35]"
28,"[42, 34, 58]"
19,"[42, 34, 1]"
28,"[42, 34, 60]"
28,"[42, 34, 4]"
28,"[42, 34, 3]"
38,"[42, 34, 6]"
24,"[42, 34, 7]"
32,"[42, 34, 34]"
26,"[42, 34, 13]"
26,"[42, 34, 53]"
30,"[42, 34, 42]"
26,"[42, 34, 12]"
26,"[42, 34, 51]"
18,"[42, 34, 36]"
19,"[42, 34, 14]"
16,"[42, 34, 63]"
46,"[42, 33]"
46,"[42, 33, 28]"
46,"[42, 33, 25]"
36,"[42, 33, 49]"
45,"[42, 33, 48]"
46,"[42, 33, 70]"
45,"[42, 33, 54]"
30,"[42, 33, 32]"
30,"[42, 33, 18]"
32,"[42, 33, 55]"
41,"[42, 33, 20]"
37,"[42, 33, 37]"
35,"[42, 33, 26]"
31,"[42, 33, 50]"
29,"[42, 33, 8]"
35,"[42, 33, 27]"
45,"[42, 33, 17]"
43,"[42, 33, 29]"
41,"[42, 33, 69]"
40,"[42, 33, 0]"
24,"[42, 33, 10]"
25,"[42, 33, 56]"
30,"[42, 33, 35]"
25,"[42, 33, 58]"
16,"[42, 33, 1]"
28,"[42, 33, 60]"
27,"[42, 33, 4]"
23,"[42, 33, 3]"
36,"[42, 33, 6]"
18,"[42, 33, 7]"
32,"[42, 33, 34]"
33,"[42, 33, 33]"
25,"[42, 33, 13]"
25,"[42, 33, 53]"
30,"[42, 33, 42]"
24,"[42, 33, 12]"
24,"[42, 33, 51]"
19,"[42, 33, 36]"
16,"[42, 33, 14]"
47,"[42, 28]"
46,"[42, 28, 25]"
35,"[42, 28, 49]"
46,"[42, 28, 48]"
47,"[42, 28, 70]"
45,"[42, 28, 54]"
31,"[42, 28, 32]"
31,"[42, 28, 18]"
32,"[42, 28, 55]"
35,"[42, 28, 20]"
35,"[42, 28, 37]"
31,"[42, 28, 26]"
29,"[42, 28, 50]"
30,"[42, 28, 8]"
35,"[42, 28, 27]"
45,"[42, 28, 17]"
44,"[42, 28, 29]"
42,"[42, 28, 69]"
40,"[42, 28, 0]"
25,"[42, 28, 10]"
26,"[42, 28, 56]"
30,"[42, 28, 35]"
25,"[42, 28, 58]"
27,"[42, 28, 60]"
27,"[42, 28, 4]"
24,"[42, 28, 3]"
38,"[42, 28, 6]"
17,"[42, 28, 7]"
28,"[42, 28, 34]"
30,"[42, 28, 33]"
39,"[42, 28, 28]"
25,"[42, 28, 13]"
25,"[42, 28, 53]"
29,"[42, 28, 42]"
23,"[42, 28, 12]"
23,"[42, 28, 51]"
18,"[42, 28, 36]"
16,"[42, 28, 14]"
16,"[42, 28, 63]"
48,"[42, 25]"
37,"[42, 25, 49]"
47,"[42, 25, 48]"
36,"[42, 25, 25]"
48,"[42, 25, 70]"
42,"[42, 25, 54]"
28,"[42, 25, 32]"
30,"[42, 25, 18]"
34,"[42, 25, 55]"
33,"[42, 25, 20]"
32,"[42, 25, 37]"
29,"[42, 25, 26]"
27,"[42, 25, 50]"
29,"[42, 25, 8]"
34,"[42, 25, 27]"
46,"[42, 25, 17]"
43,"[42, 25, 29]"
39,"[42, 25, 69]"
39,"[42, 25, 0]"
22,"[42, 25, 10]"
25,"[42, 25, 56]"
29,"[42, 25, 35]"
25,"[42, 25, 58]"
16,"[42, 25, 1]"
27,"[42, 25, 60]"
28,"[42, 25, 4]"
22,"[42, 25, 3]"
38,"[42, 25, 6]"
18,"[42, 25, 7]"
26,"[42, 25, 34]"
30,"[42, 25, 33]"
35,"[42, 25, 28]"
22,"[42, 25, 13]"
21,"[42, 25, 53]"
27,"[42, 25, 42]"
23,"[42, 25, 12]"
23,"[42, 25, 51]"
17,"[42, 25, 36]"
17,"[42, 25, 63]"
39,"[42, 49]"
25,"[42, 49, 48]"
21,"[42, 49, 49]"
18,"[42, 49, 25]"
36,"[42, 49, 70]"
29,"[42, 49, 54]"
18,"[42, 49, 32]"
31,"[42, 49, 55]"
20,"[42, 49, 20]"
16,"[42, 49, 37]"
17,"[42, 49, 26]"
17,"[42, 49, 50]"
17,"[42, 49, 8]"
24,"[42, 49, 27]"
33,"[42, 49, 17]"
32,"[42, 49, 29]"
31,"[42, 49, 69]"
26,"[42, 49, 0]"
20,"[42, 49, 4]"
24,"[42, 49, 6]"
19,"[42, 49, 33]"
19,"[42, 49, 28]"
16,"[42, 49, 13]"
17,"[42, 49, 53]"
16,"[42, 49, 12]"
16,"[42, 49, 42]"
18,"[42, 49, 51]"
49,"[42, 48]"
36,"[42, 48, 49]"
39,"[42, 48, 48]"
34,"[42, 48, 25]"
48,"[42, 48, 70]"
41,"[42, 48, 54]"
26,"[42, 48, 32]"
27,"[42, 48, 18]"
33,"[42, 48, 55]"
32,"[42, 48, 20]"
29,"[42, 48, 37]"
28,"[42, 48, 26]"
26,"[42, 48, 50]"
27,"[42, 48, 8]"
31,"[42, 48, 27]"
45,"[42, 48, 17]"
43,"[42, 48, 29]"
40,"[42, 48, 69]"
39,"[42, 48, 0]"
21,"[42, 48, 10]"
23,"[42, 48, 56]"
25,"[42, 48, 35]"
22,"[42, 48, 58]"
26,"[42, 48, 60]"
27,"[42, 48, 4]"
22,"[42, 48, 3]"
36,"[42, 48, 6]"
16,"[42, 48, 7]"
23,"[42, 48, 34]"
28,"[42, 48, 33]"
31,"[42, 48, 28]"
21,"[42, 48, 13]"
22,"[42, 48, 53]"
24,"[42, 48, 42]"
22,"[42, 48, 12]"
23,"[42, 48, 51]"
50,"[42, 54]"
27,"[42, 54, 32]"
27,"[42, 54, 18]"
48,"[42, 54, 70]"
35,"[42, 54, 55]"
39,"[42, 54, 54]"
35,"[42, 54, 20]"
30,"[42, 54, 37]"
32,"[42, 54, 26]"
30,"[42, 54, 50]"
27,"[42, 54, 8]"
32,"[42, 54, 27]"
45,"[42, 54, 17]"
43,"[42, 54, 29]"
42,"[42, 54, 69]"
38,"[42, 54, 48]"
39,"[42, 54, 0]"
33,"[42, 54, 49]"
24,"[42, 54, 10]"
26,"[42, 54, 56]"
25,"[42, 54, 35]"
20,"[42, 54, 58]"
26,"[42, 54, 60]"
26,"[42, 54, 4]"
22,"[42, 54, 3]"
34,"[42, 54, 6]"
16,"[42, 54, 7]"
24,"[42, 54, 34]"
26,"[42, 54, 33]"
33,"[42, 54, 28]"
34,"[42, 54, 25]"
26,"[42, 54, 13]"
23,"[42, 54, 53]"
26,"[42, 54, 42]"
23,"[42, 54, 12]"
22,"[42, 54, 51]"
18,"[42, 54, 36]"
17,"[42, 54, 63]"
51,"[42, 32]"
46,"[42, 32, 18]"
50,"[42, 32, 70]"
35,"[42, 32, 55]"
46,"[42, 32, 54]"
37,"[42, 32, 20]"
33,"[42, 32, 37]"
33,"[42, 32, 26]"
27,"[42, 32, 50]"
28,"[42, 32, 32]"
48,"[42, 32, 8]"
48,"[42, 32, 27]"
50,"[42, 32, 17]"
48,"[42, 32, 29]"
47,"[42, 32, 69]"
47,"[42, 32, 48]"
16,"[42, 32, 21]"
50,"[42, 32, 0]"
37,"[42, 32, 49]"
41,"[42, 32, 10]"
40,"[42, 32, 56]"
21,"[42, 32, 11]"
22,"[42, 32, 57]"
44,"[42, 32, 35]"
41,"[42, 32, 58]"
22,"[42, 32, 59]"
21,"[42, 32, 1]"
24,"[42, 32, 60]"
37,"[42, 32, 4]"
38,"[42, 32, 3]"
46,"[42, 32, 6]"
30,"[42, 32, 7]"
42,"[42, 32, 34]"
44,"[42, 32, 33]"
45,"[42, 32, 28]"
46,"[42, 32, 25]"
29,"[42, 32, 13]"
29,"[42, 32, 53]"
28,"[42, 32, 31]"
16,"[42, 32, 5]"
33,"[42, 32, 42]"
28,"[42, 32, 12]"
32,"[42, 32, 51]"
18,"[42, 32, 36]"
24,"[42, 32, 14]"
26,"[42, 32, 9]"
17,"[42, 32, 43]"
17,"[42, 32, 65]"
21,"[42, 32, 63]"
47,"[42, 18]"
46,"[42, 18, 70]"
32,"[42, 18, 55]"
43,"[42, 18, 54]"
36,"[42, 18, 20]"
30,"[42, 18, 37]"
29,"[42, 18, 26]"
24,"[42, 18, 50]"
27,"[42, 18, 32]"
23,"[42, 18, 18]"
46,"[42, 18, 8]"
46,"[42, 18, 27]"
46,"[42, 18, 17]"
45,"[42, 18, 29]"
43,"[42, 18, 69]"
44,"[42, 18, 48]"
16,"[42, 18, 21]"
45,"[42, 18, 0]"
35,"[42, 18, 49]"
39,"[42, 18, 10]"
39,"[42, 18, 56]"
21,"[42, 18, 11]"
23,"[42, 18, 57]"
39,"[42, 18, 35]"
36,"[42, 18, 58]"
21,"[42, 18, 59]"
20,"[42, 18, 1]"
20,"[42, 18, 60]"
36,"[42, 18, 4]"
36,"[42, 18, 3]"
44,"[42, 18, 6]"
29,"[42, 18, 7]"
39,"[42, 18, 34]"
40,"[42, 18, 33]"
42,"[42, 18, 28]"
43,"[42, 18, 25]"
25,"[42, 18, 13]"
25,"[42, 18, 53]"
26,"[42, 18, 31]"
30,"[42, 18, 42]"
25,"[42, 18, 12]"
28,"[42, 18, 51]"
20,"[42, 18, 14]"
27,"[42, 18, 9]"
16,"[42, 18, 43]"
16,"[42, 18, 65]"
20,"[42, 18, 63]"
36,"[42, 55]"
19,"[42, 55, 54]"
23,"[42, 55, 20]"
20,"[42, 55, 27]"
26,"[42, 55, 17]"
25,"[42, 55, 29]"
33,"[42, 55, 69]"
33,"[42, 55, 70]"
22,"[42, 55, 48]"
22,"[42, 55, 0]"
20,"[42, 55, 55]"
16,"[42, 55, 49]"
18,"[42, 55, 4]"
19,"[42, 55, 6]"
19,"[42, 55, 33]"
17,"[42, 55, 25]"
16,"[42, 55, 42]"
46,"[42, 20]"
36,"[42, 20, 37]"
35,"[42, 20, 26]"
32,"[42, 20, 50]"
27,"[42, 20, 32]"
29,"[42, 20, 18]"
28,"[42, 20, 8]"
33,"[42, 20, 27]"
43,"[42, 20, 17]"
38,"[42, 20, 29]"
39,"[42, 20, 69]"
45,"[42, 20, 70]"
42,"[42, 20, 48]"
37,"[42, 20, 0]"
30,"[42, 20, 55]"
39,"[42, 20, 54]"
33,"[42, 20, 49]"
23,"[42, 20, 10]"
24,"[42, 20, 56]"
28,"[42, 20, 35]"
25,"[42, 20, 58]"
28,"[42, 20, 60]"
26,"[42, 20, 4]"
23,"[42, 20, 3]"
34,"[42, 20, 6]"
16,"[42, 20, 7]"
25,"[42, 20, 34]"
28,"[42, 20, 33]"
38,"[42, 20, 28]"
41,"[42, 20, 25]"
29,"[42, 20, 20]"
20,"[42, 20, 13]"
19,"[42, 20, 53]"
25,"[42, 20, 42]"
23,"[42, 20, 12]"
21,"[42, 20, 51]"
19,"[42, 20, 36]"
38,"[42, 37]"
31,"[42, 37, 26]"
27,"[42, 37, 50]"
24,"[42, 37, 32]"
24,"[42, 37, 18]"
23,"[42, 37, 8]"
31,"[42, 37, 27]"
37,"[42, 37, 17]"
35,"[42, 37, 29]"
35,"[42, 37, 69]"
38,"[42, 37, 70]"
31,"[42, 37, 48]"
32,"[42, 37, 0]"
29,"[42, 37, 55]"
31,"[42, 37, 54]"
25,"[42, 37, 49]"
19,"[42, 37, 10]"
22,"[42, 37, 56]"
19,"[42, 37, 35]"
18,"[42, 37, 58]"
28,"[42, 37, 60]"
25,"[42, 37, 4]"
17,"[42, 37, 3]"
31,"[42, 37, 6]"
19,"[42, 37, 34]"
24,"[42, 37, 33]"
27,"[42, 37, 28]"
28,"[42, 37, 25]"
24,"[42, 37, 20]"
18,"[42, 37, 13]"
16,"[42, 37, 53]"
17,"[42, 37, 37]"
20,"[42, 37, 42]"
18,"[42, 37, 12]"
19,"[42, 37, 51]"
17,"[42, 37, 36]"
39,"[42, 26]"
30,"[42, 26, 50]"
21,"[42, 26, 32]"
21,"[42, 26, 18]"
21,"[42, 26, 8]"
27,"[42, 26, 27]"
36,"[42, 26, 17]"
31,"[42, 26, 29]"
31,"[42, 26, 69]"
36,"[42, 26, 70]"
34,"[42, 26, 48]"
30,"[42, 26, 0]"
28,"[42, 26, 55]"
28,"[42, 26, 54]"
24,"[42, 26, 49]"
17,"[42, 26, 10]"
19,"[42, 26, 56]"
16,"[42, 26, 35]"
18,"[42, 26, 60]"
25,"[42, 26, 4]"
18,"[42, 26, 3]"
29,"[42, 26, 6]"
18,"[42, 26, 34]"
23,"[42, 26, 33]"
27,"[42, 26, 28]"
27,"[42, 26, 25]"
23,"[42, 26, 20]"
17,"[42, 26, 37]"
18,"[42, 26, 42]"
17,"[42, 26, 12]"
17,"[42, 26, 51]"
34,"[42, 50]"
18,"[42, 50, 32]"
17,"[42, 50, 18]"
18,"[42, 50, 8]"
23,"[42, 50, 27]"
32,"[42, 50, 17]"
27,"[42, 50, 29]"
26,"[42, 50, 69]"
31,"[42, 50, 70]"
26,"[42, 50, 48]"
26,"[42, 50, 0]"
24,"[42, 50, 55]"
25,"[42, 50, 54]"
22,"[42, 50, 49]"
16,"[42, 50, 10]"
18,"[42, 50, 56]"
21,"[42, 50, 4]"
24,"[42, 50, 6]"
19,"[42, 50, 33]"
21,"[42, 50, 28]"
22,"[42, 50, 25]"
19,"[42, 50, 20]"
48,"[42, 8]"
47,"[42, 8, 27]"
48,"[42, 8, 17]"
45,"[42, 8, 29]"
45,"[42, 8, 69]"
48,"[42, 8, 70]"
46,"[42, 8, 48]"
16,"[42, 8, 21]"
45,"[42, 8, 0]"
34,"[42, 8, 55]"
44,"[42, 8, 54]"
37,"[42, 8, 49]"
40,"[42, 8, 10]"
27,"[42, 8, 32]"
24,"[42, 8, 18]"
40,"[42, 8, 56]"
20,"[42, 8, 11]"
23,"[42, 8, 57]"
24,"[42, 8, 50]"
38,"[42, 8, 35]"
36,"[42, 8, 58]"
20,"[42, 8, 59]"
21,"[42, 8, 1]"
20,"[42, 8, 60]"
36,"[42, 8, 4]"
37,"[42, 8, 3]"
46,"[42, 8, 6]"
32,"[42, 8, 7]"
39,"[42, 8, 34]"
42,"[42, 8, 33]"
43,"[42, 8, 28]"
44,"[42, 8, 25]"
37,"[42, 8, 20]"
26,"[42, 8, 13]"
25,"[42, 8, 53]"
26,"[42, 8, 8]"
16,"[42, 8, 31]"
29,"[42, 8, 26]"
30,"[42, 8, 37]"
32,"[42, 8, 42]"
26,"[42, 8, 12]"
28,"[42, 8, 51]"
20,"[42, 8, 14]"
27,"[42, 8, 9]"
19,"[42, 8, 43]"
16,"[42, 8, 65]"
20,"[42, 8, 63]"
50,"[42, 27]"
49,"[42, 27, 17]"
46,"[42, 27, 29]"
46,"[42, 27, 69]"
49,"[42, 27, 70]"
45,"[42, 27, 48]"
17,"[42, 27, 21]"
49,"[42, 27, 0]"
34,"[42, 27, 55]"
44,"[42, 27, 54]"
36,"[42, 27, 49]"
42,"[42, 27, 10]"
27,"[42, 27, 32]"
27,"[42, 27, 18]"
40,"[42, 27, 27]"
39,"[42, 27, 56]"
21,"[42, 27, 11]"
22,"[42, 27, 57]"
26,"[42, 27, 50]"
42,"[42, 27, 35]"
39,"[42, 27, 58]"
23,"[42, 27, 59]"
23,"[42, 27, 1]"
22,"[42, 27, 60]"
36,"[42, 27, 4]"
38,"[42, 27, 3]"
47,"[42, 27, 6]"
31,"[42, 27, 7]"
40,"[42, 27, 34]"
42,"[42, 27, 33]"
41,"[42, 27, 28]"
44,"[42, 27, 25]"
37,"[42, 27, 20]"
26,"[42, 27, 13]"
25,"[42, 27, 53]"
29,"[42, 27, 8]"
17,"[42, 27, 5]"
31,"[42, 27, 26]"
32,"[42, 27, 37]"
30,"[42, 27, 42]"
27,"[42, 27, 12]"
28,"[42, 27, 51]"
21,"[42, 27, 14]"
16,"[42, 27, 43]"
16,"[42, 27, 65]"
21,"[42, 27, 63]"
52,"[42, 17]"
48,"[42, 17, 29]"
47,"[42, 17, 69]"
51,"[42, 17, 70]"
47,"[42, 17, 48]"
17,"[42, 17, 21]"
50,"[42, 17, 0]"
36,"[42, 17, 55]"
44,"[42, 17, 54]"
36,"[42, 17, 49]"
42,"[42, 17, 10]"
26,"[42, 17, 32]"
24,"[42, 17, 18]"
40,"[42, 17, 27]"
39,"[42, 17, 56]"
20,"[42, 17, 11]"
22,"[42, 17, 57]"
27,"[42, 17, 50]"
41,"[42, 17, 35]"
37,"[42, 17, 58]"
22,"[42, 17, 59]"
49,"[42, 17, 17]"
22,"[42, 17, 1]"
24,"[42, 17, 60]"
36,"[42, 17, 4]"
38,"[42, 17, 3]"
47,"[42, 17, 6]"
32,"[42, 17, 7]"
40,"[42, 17, 34]"
43,"[42, 17, 33]"
42,"[42, 17, 28]"
43,"[42, 17, 25]"
37,"[42, 17, 20]"
27,"[42, 17, 13]"
26,"[42, 17, 53]"
25,"[42, 17, 8]"
16,"[42, 17, 5]"
33,"[42, 17, 26]"
34,"[42, 17, 37]"
32,"[42, 17, 42]"
29,"[42, 17, 12]"
29,"[42, 17, 51]"
22,"[42, 17, 14]"
19,"[42, 17, 43]"
17,"[42, 17, 65]"
22,"[42, 17, 63]"
49,"[42, 29]"
43,"[42, 29, 69]"
49,"[42, 29, 70]"
46,"[42, 29, 48]"
17,"[42, 29, 21]"
45,"[42, 29, 0]"
33,"[42, 29, 55]"
42,"[42, 29, 54]"
35,"[42, 29, 49]"
39,"[42, 29, 10]"
26,"[42, 29, 32]"
23,"[42, 29, 18]"
37,"[42, 29, 27]"
38,"[42, 29, 56]"
21,"[42, 29, 11]"
22,"[42, 29, 57]"
27,"[42, 29, 50]"
40,"[42, 29, 35]"
38,"[42, 29, 58]"
23,"[42, 29, 59]"
48,"[42, 29, 17]"
45,"[42, 29, 29]"
17,"[42, 29, 1]"
24,"[42, 29, 60]"
35,"[42, 29, 4]"
24,"[42, 29, 3]"
46,"[42, 29, 6]"
32,"[42, 29, 7]"
38,"[42, 29, 34]"
42,"[42, 29, 33]"
40,"[42, 29, 28]"
43,"[42, 29, 25]"
37,"[42, 29, 20]"
24,"[42, 29, 13]"
23,"[42, 29, 53]"
23,"[42, 29, 8]"
17,"[42, 29, 5]"
33,"[42, 29, 26]"
34,"[42, 29, 37]"
31,"[42, 29, 42]"
25,"[42, 29, 12]"
26,"[42, 29, 51]"
16,"[42, 29, 36]"
20,"[42, 29, 14]"
17,"[42, 29, 65]"
22,"[42, 29, 63]"
17,"[42, 21]"
51,"[42, 0]"
35,"[42, 0, 55]"
45,"[42, 0, 54]"
36,"[42, 0, 49]"
49,"[42, 0, 70]"
39,"[42, 0, 10]"
27,"[42, 0, 32]"
25,"[42, 0, 18]"
37,"[42, 0, 27]"
38,"[42, 0, 56]"
20,"[42, 0, 11]"
22,"[42, 0, 57]"
26,"[42, 0, 50]"
42,"[42, 0, 35]"
39,"[42, 0, 58]"
22,"[42, 0, 59]"
45,"[42, 0, 0]"
48,"[42, 0, 17]"
48,"[42, 0, 29]"
17,"[42, 0, 21]"
24,"[42, 0, 1]"
23,"[42, 0, 60]"
35,"[42, 0, 4]"
39,"[42, 0, 3]"
45,"[42, 0, 6]"
32,"[42, 0, 7]"
40,"[42, 0, 34]"
42,"[42, 0, 33]"
42,"[42, 0, 28]"
44,"[42, 0, 25]"
47,"[42, 0, 48]"
36,"[42, 0, 20]"
47,"[42, 0, 69]"
27,"[42, 0, 13]"
26,"[42, 0, 53]"
26,"[42, 0, 8]"
16,"[42, 0, 5]"
32,"[42, 0, 26]"
34,"[42, 0, 37]"
32,"[42, 0, 42]"
28,"[42, 0, 12]"
29,"[42, 0, 51]"
22,"[42, 0, 14]"
18,"[42, 0, 43]"
17,"[42, 0, 65]"
21,"[42, 0, 63]"
45,"[42, 10]"
26,"[42, 10, 32]"
23,"[42, 10, 18]"
33,"[42, 10, 27]"
41,"[42, 10, 56]"
23,"[42, 10, 11]"
24,"[42, 10, 57]"
45,"[42, 10, 70]"
23,"[42, 10, 50]"
36,"[42, 10, 35]"
33,"[42, 10, 58]"
19,"[42, 10, 59]"
41,"[42, 10, 0]"
41,"[42, 10, 17]"
39,"[42, 10, 29]"
16,"[42, 10, 1]"
21,"[42, 10, 60]"
26,"[42, 10, 4]"
22,"[42, 10, 3]"
34,"[42, 10, 6]"
18,"[42, 10, 7]"
36,"[42, 10, 34]"
40,"[42, 10, 33]"
37,"[42, 10, 28]"
40,"[42, 10, 25]"
41,"[42, 10, 48]"
40,"[42, 10, 54]"
34,"[42, 10, 20]"
42,"[42, 10, 69]"
24,"[42, 10, 13]"
23,"[42, 10, 53]"
21,"[42, 10, 8]"
28,"[42, 10, 26]"
30,"[42, 10, 37]"
31,"[42, 10, 55]"
32,"[42, 10, 49]"
28,"[42, 10, 42]"
24,"[42, 10, 10]"
25,"[42, 10, 12]"
24,"[42, 10, 51]"
17,"[42, 10, 14]"
18,"[42, 10, 43]"
17,"[42, 10, 65]"
20,"[42, 10, 63]"
42,"[42, 56]"
26,"[42, 56, 56]"
24,"[42, 56, 57]"
42,"[42, 56, 70]"
24,"[42, 56, 50]"
34,"[42, 56, 35]"
31,"[42, 56, 58]"
19,"[42, 56, 59]"
38,"[42, 56, 0]"
31,"[42, 56, 27]"
39,"[42, 56, 17]"
37,"[42, 56, 29]"
19,"[42, 56, 60]"
25,"[42, 56, 4]"
20,"[42, 56, 3]"
33,"[42, 56, 6]"
34,"[42, 56, 34]"
38,"[42, 56, 33]"
35,"[42, 56, 28]"
38,"[42, 56, 25]"
37,"[42, 56, 48]"
38,"[42, 56, 54]"
33,"[42, 56, 20]"
39,"[42, 56, 69]"
22,"[42, 56, 13]"
21,"[42, 56, 53]"
21,"[42, 56, 32]"
21,"[42, 56, 18]"
20,"[42, 56, 8]"
27,"[42, 56, 26]"
28,"[42, 56, 37]"
30,"[42, 56, 55]"
32,"[42, 56, 49]"
25,"[42, 56, 42]"
21,"[42, 56, 10]"
22,"[42, 56, 12]"
21,"[42, 56, 51]"
17,"[42, 56, 14]"
18,"[42, 56, 63]"
23,"[42, 11]"
18,"[42, 11, 57]"
23,"[42, 11, 70]"
22,"[42, 11, 35]"
21,"[42, 11, 58]"
21,"[42, 11, 0]"
16,"[42, 11, 27]"
21,"[42, 11, 17]"
22,"[42, 11, 29]"
18,"[42, 11, 6]"
18,"[42, 11, 34]"
20,"[42, 11, 33]"
19,"[42, 11, 28]"
21,"[42, 11, 25]"
22,"[42, 11, 48]"
21,"[42, 11, 54]"
19,"[42, 11, 20]"
22,"[42, 11, 69]"
23,"[42, 11, 56]"
16,"[42, 11, 37]"
17,"[42, 11, 55]"
19,"[42, 11, 49]"
24,"[42, 57]"
24,"[42, 57, 70]"
20,"[42, 57, 35]"
18,"[42, 57, 58]"
19,"[42, 57, 0]"
16,"[42, 57, 27]"
23,"[42, 57, 17]"
22,"[42, 57, 29]"
16,"[42, 57, 6]"
20,"[42, 57, 34]"
20,"[42, 57, 33]"
21,"[42, 57, 28]"
24,"[42, 57, 25]"
23,"[42, 57, 48]"
20,"[42, 57, 54]"
18,"[42, 57, 20]"
22,"[42, 57, 69]"
17,"[42, 57, 37]"
17,"[42, 57, 55]"
19,"[42, 57, 49]"
45,"[42, 35]"
39,"[42, 35, 58]"
45,"[42, 35, 70]"
23,"[42, 35, 35]"
23,"[42, 35, 59]"
37,"[42, 35, 0]"
30,"[42, 35, 27]"
41,"[42, 35, 17]"
40,"[42, 35, 29]"
21,"[42, 35, 50]"
20,"[42, 35, 60]"
21,"[42, 35, 4]"
17,"[42, 35, 3]"
31,"[42, 35, 6]"
36,"[42, 35, 34]"
37,"[42, 35, 33]"
36,"[42, 35, 28]"
39,"[42, 35, 25]"
40,"[42, 35, 48]"
40,"[42, 35, 54]"
31,"[42, 35, 20]"
40,"[42, 35, 69]"
20,"[42, 35, 13]"
20,"[42, 35, 53]"
20,"[42, 35, 32]"
18,"[42, 35, 18]"
18,"[42, 35, 8]"
27,"[42, 35, 26]"
26,"[42, 35, 56]"
30,"[42, 35, 37]"
30,"[42, 35, 55]"
32,"[42, 35, 49]"
24,"[42, 35, 42]"
21,"[42, 35, 12]"
25,"[42, 35, 51]"
19,"[42, 35, 10]"
18,"[42, 35, 14]"
17,"[42, 35, 63]"
42,"[42, 58]"
42,"[42, 58, 70]"
24,"[42, 58, 35]"
27,"[42, 58, 58]"
23,"[42, 58, 59]"
36,"[42, 58, 0]"
29,"[42, 58, 27]"
39,"[42, 58, 17]"
38,"[42, 58, 29]"
21,"[42, 58, 50]"
19,"[42, 58, 60]"
19,"[42, 58, 4]"
29,"[42, 58, 6]"
34,"[42, 58, 34]"
36,"[42, 58, 33]"
35,"[42, 58, 28]"
36,"[42, 58, 25]"
37,"[42, 58, 48]"
37,"[42, 58, 54]"
30,"[42, 58, 20]"
37,"[42, 58, 69]"
18,"[42, 58, 13]"
18,"[42, 58, 53]"
18,"[42, 58, 32]"
17,"[42, 58, 18]"
17,"[42, 58, 8]"
26,"[42, 58, 26]"
25,"[42, 58, 56]"
28,"[42, 58, 37]"
27,"[42, 58, 55]"
29,"[42, 58, 49]"
23,"[42, 58, 42]"
19,"[42, 58, 12]"
22,"[42, 58, 51]"
18,"[42, 58, 10]"
17,"[42, 58, 14]"
17,"[42, 58, 63]"
23,"[42, 59]"
20,"[42, 59, 0]"
21,"[42, 59, 17]"
21,"[42, 59, 29]"
23,"[42, 59, 70]"
17,"[42, 59, 6]"
18,"[42, 59, 34]"
20,"[42, 59, 33]"
20,"[42, 59, 28]"
21,"[42, 59, 25]"
21,"[42, 59, 48]"
22,"[42, 59, 54]"
18,"[42, 59, 20]"
19,"[42, 59, 69]"
16,"[42, 59, 49]"
24,"[42, 1]"
21,"[42, 1, 70]"
16,"[42, 1, 4]"
18,"[42, 1, 6]"
16,"[42, 1, 34]"
16,"[42, 1, 33]"
16,"[42, 1, 28]"
20,"[42, 1, 17]"
22,"[42, 1, 29]"
16,"[42, 1, 0]"
18,"[42, 1, 25]"
19,"[42, 1, 48]"
19,"[42, 1, 54]"
20,"[42, 1, 69]"
18,"[42, 1, 35]"
17,"[42, 1, 58]"
17,"[42, 1, 55]"
31,"[42, 60]"
19,"[42, 60, 4]"
22,"[42, 60, 6]"
30,"[42, 60, 70]"
18,"[42, 60, 33]"
18,"[42, 60, 28]"
22,"[42, 60, 27]"
29,"[42, 60, 17]"
25,"[42, 60, 29]"
25,"[42, 60, 0]"
19,"[42, 60, 25]"
23,"[42, 60, 48]"
21,"[42, 60, 54]"
16,"[42, 60, 20]"
26,"[42, 60, 69]"
18,"[42, 60, 32]"
18,"[42, 60, 18]"
19,"[42, 60, 8]"
21,"[42, 60, 26]"
22,"[42, 60, 50]"
16,"[42, 60, 56]"
23,"[42, 60, 55]"
20,"[42, 60, 49]"
16,"[42, 60, 60]"
37,"[42, 4]"
28,"[42, 4, 6]"
36,"[42, 4, 70]"
27,"[42, 4, 34]"
28,"[42, 4, 33]"
28,"[42, 4, 28]"
21,"[42, 4, 27]"
29,"[42, 4, 17]"
31,"[42, 4, 29]"
31,"[42, 4, 0]"
30,"[42, 4, 25]"
32,"[42, 4, 48]"
28,"[42, 4, 54]"
24,"[42, 4, 20]"
34,"[42, 4, 69]"
17,"[42, 4, 13]"
18,"[42, 4, 53]"
27,"[42, 4, 35]"
16,"[42, 4, 32]"
16,"[42, 4, 18]"
17,"[42, 4, 8]"
25,"[42, 4, 4]"
17,"[42, 4, 5]"
26,"[42, 4, 58]"
18,"[42, 4, 26]"
24,"[42, 4, 56]"
20,"[42, 4, 37]"
26,"[42, 4, 55]"
27,"[42, 4, 49]"
23,"[42, 4, 10]"
19,"[42, 4, 42]"
17,"[42, 4, 12]"
17,"[42, 4, 51]"
16,"[42, 4, 59]"
39,"[42, 3]"
37,"[42, 3, 6]"
29,"[42, 3, 7]"
39,"[42, 3, 70]"
31,"[42, 3, 34]"
33,"[42, 3, 33]"
33,"[42, 3, 28]"
30,"[42, 3, 27]"
37,"[42, 3, 17]"
38,"[42, 3, 29]"
36,"[42, 3, 0]"
36,"[42, 3, 25]"
37,"[42, 3, 48]"
35,"[42, 3, 54]"
28,"[42, 3, 20]"
36,"[42, 3, 69]"
20,"[42, 3, 13]"
19,"[42, 3, 53]"
31,"[42, 3, 35]"
22,"[42, 3, 32]"
17,"[42, 3, 18]"
18,"[42, 3, 8]"
17,"[42, 3, 3]"
16,"[42, 3, 1]"
29,"[42, 3, 4]"
31,"[42, 3, 58]"
25,"[42, 3, 26]"
19,"[42, 3, 50]"
28,"[42, 3, 56]"
18,"[42, 3, 57]"
26,"[42, 3, 37]"
28,"[42, 3, 55]"
29,"[42, 3, 49]"
24,"[42, 3, 42]"
26,"[42, 3, 10]"
17,"[42, 3, 60]"
19,"[42, 3, 12]"
21,"[42, 3, 51]"
17,"[42, 3, 59]"
18,"[42, 3, 63]"
48,"[42, 6]"
33,"[42, 6, 7]"
48,"[42, 6, 70]"
38,"[42, 6, 34]"
40,"[42, 6, 33]"
40,"[42, 6, 28]"
34,"[42, 6, 27]"
46,"[42, 6, 17]"
42,"[42, 6, 29]"
16,"[42, 6, 21]"
40,"[42, 6, 0]"
42,"[42, 6, 25]"
43,"[42, 6, 48]"
42,"[42, 6, 54]"
35,"[42, 6, 20]"
43,"[42, 6, 69]"
23,"[42, 6, 13]"
22,"[42, 6, 53]"
39,"[42, 6, 35]"
24,"[42, 6, 32]"
22,"[42, 6, 18]"
23,"[42, 6, 8]"
19,"[42, 6, 3]"
17,"[42, 6, 1]"
37,"[42, 6, 6]"
35,"[42, 6, 4]"
17,"[42, 6, 5]"
37,"[42, 6, 58]"
30,"[42, 6, 26]"
24,"[42, 6, 50]"
37,"[42, 6, 56]"
19,"[42, 6, 57]"
32,"[42, 6, 37]"
34,"[42, 6, 55]"
33,"[42, 6, 49]"
33,"[42, 6, 10]"
28,"[42, 6, 42]"
22,"[42, 6, 60]"
23,"[42, 6, 12]"
24,"[42, 6, 51]"
21,"[42, 6, 59]"
18,"[42, 6, 14]"
17,"[42, 6, 11]"
20,"[42, 6, 63]"
33,"[42, 7]"
33,"[42, 7, 70]"
26,"[42, 7, 34]"
28,"[42, 7, 33]"
30,"[42, 7, 28]"
21,"[42, 7, 27]"
30,"[42, 7, 17]"
28,"[42, 7, 29]"
27,"[42, 7, 0]"
30,"[42, 7, 25]"
31,"[42, 7, 48]"
28,"[42, 7, 54]"
25,"[42, 7, 20]"
30,"[42, 7, 69]"
17,"[42, 7, 13]"
16,"[42, 7, 53]"
27,"[42, 7, 35]"
16,"[42, 7, 8]"
23,"[42, 7, 6]"
24,"[42, 7, 4]"
25,"[42, 7, 58]"
24,"[42, 7, 26]"
19,"[42, 7, 50]"
25,"[42, 7, 56]"
24,"[42, 7, 37]"
22,"[42, 7, 55]"
23,"[42, 7, 49]"
21,"[42, 7, 10]"
18,"[42, 7, 42]"
17,"[42, 7, 60]"
16,"[42, 7, 12]"
17,"[42, 7, 59]"
28,"[42, 31]"
21,"[42, 31, 4]"
23,"[42, 31, 58]"
23,"[42, 31, 34]"
23,"[42, 31, 33]"
24,"[42, 31, 28]"
16,"[42, 31, 26]"
17,"[42, 31, 50]"
21,"[42, 31, 56]"
27,"[42, 31, 70]"
20,"[42, 31, 37]"
20,"[42, 31, 55]"
22,"[42, 31, 49]"
25,"[42, 31, 48]"
28,"[42, 31, 0]"
17,"[42, 31, 1]"
25,"[42, 31, 6]"
27,"[42, 31, 29]"
27,"[42, 31, 17]"
27,"[42, 31, 54]"
26,"[42, 31, 27]"
23,"[42, 31, 8]"
18,"[42, 31, 3]"
21,"[42, 31, 10]"
24,"[42, 31, 35]"
24,"[42, 31, 25]"
24,"[42, 31, 69]"
22,"[42, 31, 20]"
16,"[42, 31, 42]"
17,"[42, 5]"
17,"[42, 5, 70]"
16,"[42, 5, 29]"
45,"[42, 42]"
35,"[42, 42, 13]"
32,"[42, 42, 53]"
45,"[42, 42, 70]"
37,"[42, 42, 34]"
38,"[42, 42, 33]"
39,"[42, 42, 28]"
42,"[42, 42, 54]"
41,"[42, 42, 25]"
42,"[42, 42, 48]"
37,"[42, 42, 20]"
31,"[42, 42, 37]"
24,"[42, 42, 60]"
31,"[42, 42, 26]"
26,"[42, 42, 50]"
40,"[42, 42, 32]"
36,"[42, 42, 18]"
36,"[42, 42, 8]"
40,"[42, 42, 27]"
43,"[42, 42, 17]"
41,"[42, 42, 0]"
30,"[42, 42, 3]"
32,"[42, 42, 42]"
43,"[42, 42, 69]"
42,"[42, 42, 29]"
40,"[42, 42, 6]"
25,"[42, 42, 7]"
32,"[42, 42, 4]"
34,"[42, 42, 10]"
34,"[42, 42, 56]"
35,"[42, 42, 35]"
33,"[42, 42, 58]"
27,"[42, 42, 12]"
36,"[42, 42, 51]"
31,"[42, 42, 49]"
24,"[42, 42, 43]"
29,"[42, 42, 55]"
17,"[42, 42, 31]"
17,"[42, 42, 59]"
17,"[42, 42, 1]"
18,"[42, 42, 57]"
27,"[42, 42, 14]"
19,"[42, 42, 9]"
18,"[42, 42, 11]"
17,"[42, 42, 65]"
20,"[42, 42, 63]"
20,"[42, 36]"
20,"[42, 36, 17]"
18,"[42, 36, 29]"
16,"[42, 36, 0]"
19,"[42, 36, 70]"
16,"[42, 36, 69]"
27,"[42, 9]"
26,"[42, 9, 27]"
26,"[42, 9, 17]"
25,"[42, 9, 29]"
26,"[42, 9, 0]"
22,"[42, 9, 3]"
26,"[42, 9, 6]"
20,"[42, 9, 7]"
20,"[42, 9, 4]"
26,"[42, 9, 70]"
18,"[42, 9, 55]"
22,"[42, 9, 33]"
23,"[42, 9, 69]"
16,"[42, 9, 42]"
24,"[42, 9, 54]"
25,"[42, 9, 48]"
21,"[42, 9, 56]"
22,"[42, 9, 28]"
24,"[42, 9, 25]"
19,"[42, 9, 10]"
17,"[42, 9, 11]"
22,"[42, 9, 20]"
22,"[42, 9, 34]"
22,"[42, 9, 35]"
21,"[42, 9, 58]"
16,"[42, 9, 37]"
16,"[42, 9, 26]"
19,"[42, 9, 49]"
16,"[42, 9, 63]"
20,"[42, 65]"
18,"[42, 65, 32]"
17,"[42, 65, 18]"
17,"[42, 65, 8]"
19,"[42, 65, 27]"
20,"[42, 65, 17]"
20,"[42, 65, 70]"
19,"[42, 65, 0]"
20,"[42, 65, 29]"
19,"[42, 65, 6]"
18,"[42, 65, 69]"
18,"[42, 65, 35]"
18,"[42, 65, 58]"
17,"[42, 65, 34]"
17,"[42, 65, 33]"
18,"[42, 65, 28]"
19,"[42, 65, 25]"
19,"[42, 65, 48]"
20,"[42, 65, 54]"
16,"[42, 65, 20]"
17,"[42, 65, 10]"
17,"[42, 65, 65]"
17,"[42, 65, 63]"
17,"[42, 67]"
17,"[42, 67, 42]"
17,"[42, 67, 17]"
16,"[42, 67, 0]"
16,"[42, 67, 29]"
17,"[42, 67, 70]"
16,"[42, 67, 69]"
16,"[42, 67, 54]"
16,"[42, 67, 48]"
23,"[42, 63]"
19,"[42, 63, 69]"
23,"[42, 63, 70]"
16,"[42, 63, 63]"
17,"[42, 63, 33]"
18,"[42, 63, 28]"
22,"[42, 63, 54]"
17,"[42, 63, 0]"
21,"[42, 63, 17]"
19,"[42, 63, 29]"
19,"[42, 63, 25]"
21,"[42, 63, 48]"
19,"[42, 63, 20]"
16,"[42, 63, 6]"
52,[51]
28,"[51, 43]"
20,"[51, 43, 14]"
21,"[51, 43, 13]"
20,"[51, 43, 53]"
26,"[51, 43, 69]"
17,"[51, 43, 12]"
26,"[51, 43, 70]"
21,"[51, 43, 34]"
21,"[51, 43, 33]"
23,"[51, 43, 28]"
22,"[51, 43, 25]"
19,"[51, 43, 49]"
25,"[51, 43, 48]"
22,"[51, 43, 54]"
22,"[51, 43, 32]"
21,"[51, 43, 18]"
19,"[51, 43, 55]"
21,"[51, 43, 20]"
20,"[51, 43, 37]"
18,"[51, 43, 26]"
21,"[51, 43, 8]"
23,"[51, 43, 27]"
24,"[51, 43, 17]"
24,"[51, 43, 29]"
23,"[51, 43, 0]"
16,"[51, 43, 10]"
17,"[51, 43, 56]"
19,"[51, 43, 35]"
18,"[51, 43, 58]"
21,"[51, 43, 4]"
17,"[51, 43, 3]"
22,"[51, 43, 6]"
19,"[51, 43, 51]"
19,"[51, 43, 42]"
38,"[51, 14]"
16,"[51, 14, 68]"
30,"[51, 14, 13]"
16,"[51, 14, 16]"
27,"[51, 14, 53]"
34,"[51, 14, 69]"
20,"[51, 14, 12]"
36,"[51, 14, 70]"
28,"[51, 14, 34]"
31,"[51, 14, 33]"
30,"[51, 14, 28]"
31,"[51, 14, 25]"
28,"[51, 14, 49]"
32,"[51, 14, 48]"
32,"[51, 14, 54]"
28,"[51, 14, 32]"
27,"[51, 14, 18]"
25,"[51, 14, 55]"
30,"[51, 14, 20]"
25,"[51, 14, 37]"
26,"[51, 14, 26]"
22,"[51, 14, 50]"
27,"[51, 14, 8]"
33,"[51, 14, 27]"
35,"[51, 14, 17]"
32,"[51, 14, 29]"
32,"[51, 14, 0]"
25,"[51, 14, 10]"
26,"[51, 14, 56]"
25,"[51, 14, 35]"
28,"[51, 14, 58]"
16,"[51, 14, 1]"
20,"[51, 14, 60]"
23,"[51, 14, 4]"
21,"[51, 14, 3]"
30,"[51, 14, 6]"
17,"[51, 14, 7]"
26,"[51, 14, 42]"
30,"[51, 14, 51]"
17,"[51, 14, 43]"
16,"[51, 14, 14]"
26,"[51, 68]"
17,"[51, 68, 13]"
16,"[51, 68, 16]"
23,"[51, 68, 53]"
23,"[51, 68, 69]"
25,"[51, 68, 70]"
20,"[51, 68, 34]"
22,"[51, 68, 33]"
21,"[51, 68, 28]"
22,"[51, 68, 25]"
22,"[51, 68, 49]"
24,"[51, 68, 48]"
23,"[51, 68, 54]"
25,"[51, 68, 32]"
22,"[51, 68, 18]"
18,"[51, 68, 55]"
20,"[51, 68, 20]"
18,"[51, 68, 37]"
16,"[51, 68, 26]"
24,"[51, 68, 8]"
21,"[51, 68, 27]"
24,"[51, 68, 17]"
23,"[51, 68, 29]"
23,"[51, 68, 0]"
16,"[51, 68, 10]"
18,"[51, 68, 56]"
19,"[51, 68, 35]"
19,"[51, 68, 58]"
16,"[51, 68, 1]"
22,"[51, 68, 4]"
23,"[51, 68, 6]"
16,"[51, 68, 31]"
16,"[51, 68, 51]"
16,"[51, 68, 42]"
46,"[51, 13]"
30,"[51, 13, 16]"
25,"[51, 13, 68]"
41,"[51, 13, 53]"
43,"[51, 13, 69]"
25,"[51, 13, 12]"
45,"[51, 13, 70]"
36,"[51, 13, 34]"
38,"[51, 13, 33]"
39,"[51, 13, 28]"
41,"[51, 13, 25]"
34,"[51, 13, 49]"
43,"[51, 13, 48]"
41,"[51, 13, 54]"
40,"[51, 13, 32]"
36,"[51, 13, 18]"
30,"[51, 13, 55]"
35,"[51, 13, 20]"
29,"[51, 13, 37]"
28,"[51, 13, 26]"
27,"[51, 13, 50]"
37,"[51, 13, 8]"
39,"[51, 13, 27]"
44,"[51, 13, 17]"
40,"[51, 13, 29]"
41,"[51, 13, 0]"
28,"[51, 13, 10]"
31,"[51, 13, 56]"
16,"[51, 13, 11]"
17,"[51, 13, 57]"
33,"[51, 13, 35]"
32,"[51, 13, 58]"
18,"[51, 13, 59]"
17,"[51, 13, 1]"
24,"[51, 13, 60]"
31,"[51, 13, 4]"
27,"[51, 13, 3]"
39,"[51, 13, 6]"
25,"[51, 13, 7]"
31,"[51, 13, 13]"
21,"[51, 13, 31]"
29,"[51, 13, 42]"
30,"[51, 13, 51]"
16,"[51, 13, 43]"
22,"[51, 13, 9]"
24,"[51, 13, 14]"
17,"[51, 13, 63]"
30,"[51, 16]"
22,"[51, 16, 68]"
24,"[51, 16, 53]"
27,"[51, 16, 69]"
16,"[51, 16, 12]"
29,"[51, 16, 70]"
25,"[51, 16, 34]"
24,"[51, 16, 33]"
25,"[51, 16, 28]"
25,"[51, 16, 25]"
25,"[51, 16, 49]"
28,"[51, 16, 48]"
27,"[51, 16, 54]"
28,"[51, 16, 32]"
26,"[51, 16, 18]"
20,"[51, 16, 55]"
23,"[51, 16, 20]"
22,"[51, 16, 37]"
20,"[51, 16, 26]"
20,"[51, 16, 50]"
29,"[51, 16, 8]"
25,"[51, 16, 27]"
28,"[51, 16, 17]"
25,"[51, 16, 29]"
26,"[51, 16, 0]"
21,"[51, 16, 10]"
21,"[51, 16, 56]"
24,"[51, 16, 35]"
22,"[51, 16, 58]"
16,"[51, 16, 1]"
17,"[51, 16, 60]"
23,"[51, 16, 4]"
19,"[51, 16, 3]"
25,"[51, 16, 6]"
17,"[51, 16, 7]"
20,"[51, 16, 13]"
18,"[51, 16, 31]"
19,"[51, 16, 42]"
20,"[51, 16, 51]"
42,"[51, 53]"
37,"[51, 53, 69]"
24,"[51, 53, 12]"
41,"[51, 53, 70]"
33,"[51, 53, 34]"
34,"[51, 53, 33]"
35,"[51, 53, 28]"
37,"[51, 53, 25]"
33,"[51, 53, 49]"
40,"[51, 53, 48]"
39,"[51, 53, 54]"
38,"[51, 53, 32]"
33,"[51, 53, 18]"
29,"[51, 53, 55]"
32,"[51, 53, 20]"
28,"[51, 53, 37]"
27,"[51, 53, 26]"
25,"[51, 53, 50]"
36,"[51, 53, 8]"
35,"[51, 53, 27]"
40,"[51, 53, 17]"
37,"[51, 53, 29]"
37,"[51, 53, 0]"
27,"[51, 53, 10]"
30,"[51, 53, 56]"
16,"[51, 53, 57]"
31,"[51, 53, 35]"
30,"[51, 53, 58]"
16,"[51, 53, 59]"
16,"[51, 53, 1]"
23,"[51, 53, 60]"
29,"[51, 53, 4]"
25,"[51, 53, 3]"
35,"[51, 53, 6]"
23,"[51, 53, 7]"
28,"[51, 53, 13]"
16,"[51, 53, 68]"
29,"[51, 53, 53]"
21,"[51, 53, 16]"
19,"[51, 53, 31]"
28,"[51, 53, 42]"
28,"[51, 53, 51]"
16,"[51, 53, 43]"
21,"[51, 53, 9]"
21,"[51, 53, 14]"
16,"[51, 53, 63]"
51,"[51, 69]"
37,"[51, 69, 12]"
51,"[51, 69, 70]"
41,"[51, 69, 34]"
41,"[51, 69, 33]"
41,"[51, 69, 28]"
44,"[51, 69, 25]"
39,"[51, 69, 49]"
47,"[51, 69, 48]"
46,"[51, 69, 54]"
40,"[51, 69, 32]"
37,"[51, 69, 18]"
35,"[51, 69, 55]"
41,"[51, 69, 20]"
36,"[51, 69, 37]"
36,"[51, 69, 26]"
31,"[51, 69, 50]"
37,"[51, 69, 8]"
43,"[51, 69, 27]"
49,"[51, 69, 17]"
46,"[51, 69, 29]"
48,"[51, 69, 69]"
16,"[51, 69, 21]"
48,"[51, 69, 0]"
35,"[51, 69, 10]"
37,"[51, 69, 56]"
19,"[51, 69, 57]"
39,"[51, 69, 35]"
38,"[51, 69, 58]"
18,"[51, 69, 59]"
21,"[51, 69, 1]"
29,"[51, 69, 60]"
34,"[51, 69, 4]"
32,"[51, 69, 3]"
45,"[51, 69, 6]"
27,"[51, 69, 7]"
39,"[51, 69, 13]"
20,"[51, 69, 68]"
37,"[51, 69, 53]"
22,"[51, 69, 16]"
22,"[51, 69, 31]"
41,"[51, 69, 42]"
38,"[51, 69, 51]"
24,"[51, 69, 43]"
18,"[51, 69, 36]"
29,"[51, 69, 14]"
21,"[51, 69, 9]"
18,"[51, 69, 65]"
22,"[51, 69, 63]"
40,"[51, 12]"
37,"[51, 12, 70]"
25,"[51, 12, 34]"
30,"[51, 12, 33]"
29,"[51, 12, 28]"
31,"[51, 12, 25]"
24,"[51, 12, 49]"
34,"[51, 12, 48]"
31,"[51, 12, 54]"
23,"[51, 12, 32]"
21,"[51, 12, 18]"
21,"[51, 12, 55]"
25,"[51, 12, 20]"
21,"[51, 12, 37]"
19,"[51, 12, 26]"
17,"[51, 12, 50]"
23,"[51, 12, 8]"
26,"[51, 12, 27]"
31,"[51, 12, 17]"
31,"[51, 12, 29]"
38,"[51, 12, 69]"
30,"[51, 12, 0]"
19,"[51, 12, 10]"
22,"[51, 12, 56]"
20,"[51, 12, 35]"
21,"[51, 12, 58]"
22,"[51, 12, 4]"
18,"[51, 12, 3]"
27,"[51, 12, 6]"
27,"[51, 12, 13]"
26,"[51, 12, 53]"
36,"[51, 12, 42]"
28,"[51, 12, 51]"
18,"[51, 12, 12]"
18,"[51, 12, 43]"
21,"[51, 12, 14]"
52,"[51, 70]"
45,"[51, 70, 34]"
45,"[51, 70, 33]"
46,"[51, 70, 28]"
47,"[51, 70, 25]"
40,"[51, 70, 49]"
48,"[51, 70, 48]"
50,"[51, 70, 70]"
49,"[51, 70, 54]"
44,"[51, 70, 32]"
41,"[51, 70, 18]"
37,"[51, 70, 55]"
45,"[51, 70, 20]"
39,"[51, 70, 37]"
38,"[51, 70, 26]"
34,"[51, 70, 50]"
41,"[51, 70, 8]"
45,"[51, 70, 27]"
50,"[51, 70, 17]"
46,"[51, 70, 29]"
45,"[51, 70, 69]"
49,"[51, 70, 0]"
40,"[51, 70, 10]"
39,"[51, 70, 56]"
18,"[51, 70, 11]"
20,"[51, 70, 57]"
41,"[51, 70, 35]"
38,"[51, 70, 58]"
20,"[51, 70, 59]"
21,"[51, 70, 1]"
31,"[51, 70, 60]"
36,"[51, 70, 4]"
36,"[51, 70, 3]"
44,"[51, 70, 6]"
30,"[51, 70, 7]"
32,"[51, 70, 13]"
32,"[51, 70, 53]"
16,"[51, 70, 16]"
23,"[51, 70, 31]"
34,"[51, 70, 42]"
29,"[51, 70, 12]"
32,"[51, 70, 51]"
19,"[51, 70, 43]"
19,"[51, 70, 36]"
25,"[51, 70, 14]"
21,"[51, 70, 9]"
19,"[51, 70, 65]"
23,"[51, 70, 63]"
45,"[51, 34]"
45,"[51, 34, 33]"
45,"[51, 34, 28]"
45,"[51, 34, 25]"
36,"[51, 34, 49]"
44,"[51, 34, 48]"
45,"[51, 34, 70]"
43,"[51, 34, 54]"
36,"[51, 34, 32]"
34,"[51, 34, 18]"
32,"[51, 34, 55]"
40,"[51, 34, 20]"
37,"[51, 34, 37]"
33,"[51, 34, 26]"
30,"[51, 34, 50]"
33,"[51, 34, 8]"
37,"[51, 34, 27]"
44,"[51, 34, 17]"
43,"[51, 34, 29]"
40,"[51, 34, 69]"
40,"[51, 34, 0]"
29,"[51, 34, 10]"
27,"[51, 34, 56]"
30,"[51, 34, 35]"
28,"[51, 34, 58]"
19,"[51, 34, 1]"
28,"[51, 34, 60]"
29,"[51, 34, 4]"
28,"[51, 34, 3]"
37,"[51, 34, 6]"
24,"[51, 34, 7]"
32,"[51, 34, 34]"
26,"[51, 34, 13]"
26,"[51, 34, 53]"
29,"[51, 34, 42]"
25,"[51, 34, 12]"
25,"[51, 34, 51]"
17,"[51, 34, 36]"
19,"[51, 34, 14]"
16,"[51, 34, 63]"
45,"[51, 33]"
45,"[51, 33, 28]"
45,"[51, 33, 25]"
37,"[51, 33, 49]"
44,"[51, 33, 48]"
45,"[51, 33, 70]"
44,"[51, 33, 54]"
30,"[51, 33, 32]"
29,"[51, 33, 18]"
33,"[51, 33, 55]"
40,"[51, 33, 20]"
38,"[51, 33, 37]"
34,"[51, 33, 26]"
31,"[51, 33, 50]"
29,"[51, 33, 8]"
35,"[51, 33, 27]"
44,"[51, 33, 17]"
43,"[51, 33, 29]"
40,"[51, 33, 69]"
40,"[51, 33, 0]"
24,"[51, 33, 10]"
25,"[51, 33, 56]"
28,"[51, 33, 35]"
25,"[51, 33, 58]"
16,"[51, 33, 1]"
28,"[51, 33, 60]"
28,"[51, 33, 4]"
23,"[51, 33, 3]"
35,"[51, 33, 6]"
18,"[51, 33, 7]"
31,"[51, 33, 34]"
33,"[51, 33, 33]"
24,"[51, 33, 13]"
24,"[51, 33, 53]"
29,"[51, 33, 42]"
23,"[51, 33, 12]"
23,"[51, 33, 51]"
18,"[51, 33, 36]"
16,"[51, 33, 14]"
46,"[51, 28]"
45,"[51, 28, 25]"
36,"[51, 28, 49]"
45,"[51, 28, 48]"
46,"[51, 28, 70]"
44,"[51, 28, 54]"
31,"[51, 28, 32]"
30,"[51, 28, 18]"
33,"[51, 28, 55]"
35,"[51, 28, 20]"
36,"[51, 28, 37]"
30,"[51, 28, 26]"
29,"[51, 28, 50]"
30,"[51, 28, 8]"
36,"[51, 28, 27]"
45,"[51, 28, 17]"
44,"[51, 28, 29]"
41,"[51, 28, 69]"
40,"[51, 28, 0]"
25,"[51, 28, 10]"
26,"[51, 28, 56]"
28,"[51, 28, 35]"
25,"[51, 28, 58]"
27,"[51, 28, 60]"
28,"[51, 28, 4]"
24,"[51, 28, 3]"
37,"[51, 28, 6]"
17,"[51, 28, 7]"
27,"[51, 28, 34]"
31,"[51, 28, 33]"
38,"[51, 28, 28]"
24,"[51, 28, 13]"
24,"[51, 28, 53]"
28,"[51, 28, 42]"
22,"[51, 28, 12]"
22,"[51, 28, 51]"
17,"[51, 28, 36]"
16,"[51, 28, 14]"
16,"[51, 28, 63]"
47,"[51, 25]"
38,"[51, 25, 49]"
46,"[51, 25, 48]"
36,"[51, 25, 25]"
47,"[51, 25, 70]"
42,"[51, 25, 54]"
28,"[51, 25, 32]"
29,"[51, 25, 18]"
35,"[51, 25, 55]"
32,"[51, 25, 20]"
33,"[51, 25, 37]"
28,"[51, 25, 26]"
27,"[51, 25, 50]"
29,"[51, 25, 8]"
35,"[51, 25, 27]"
46,"[51, 25, 17]"
43,"[51, 25, 29]"
38,"[51, 25, 69]"
40,"[51, 25, 0]"
21,"[51, 25, 10]"
24,"[51, 25, 56]"
27,"[51, 25, 35]"
24,"[51, 25, 58]"
16,"[51, 25, 1]"
27,"[51, 25, 60]"
28,"[51, 25, 4]"
22,"[51, 25, 3]"
37,"[51, 25, 6]"
18,"[51, 25, 7]"
26,"[51, 25, 34]"
30,"[51, 25, 33]"
34,"[51, 25, 28]"
22,"[51, 25, 13]"
21,"[51, 25, 53]"
26,"[51, 25, 42]"
22,"[51, 25, 12]"
22,"[51, 25, 51]"
16,"[51, 25, 36]"
16,"[51, 25, 63]"
40,"[51, 49]"
26,"[51, 49, 48]"
22,"[51, 49, 49]"
18,"[51, 49, 25]"
37,"[51, 49, 70]"
30,"[51, 49, 54]"
19,"[51, 49, 32]"
32,"[51, 49, 55]"
20,"[51, 49, 20]"
17,"[51, 49, 37]"
17,"[51, 49, 26]"
17,"[51, 49, 50]"
17,"[51, 49, 8]"
25,"[51, 49, 27]"
34,"[51, 49, 17]"
33,"[51, 49, 29]"
31,"[51, 49, 69]"
27,"[51, 49, 0]"
20,"[51, 49, 4]"
24,"[51, 49, 6]"
19,"[51, 49, 33]"
19,"[51, 49, 28]"
16,"[51, 49, 13]"
17,"[51, 49, 53]"
16,"[51, 49, 12]"
16,"[51, 49, 42]"
18,"[51, 49, 51]"
48,"[51, 48]"
37,"[51, 48, 49]"
40,"[51, 48, 48]"
35,"[51, 48, 25]"
48,"[51, 48, 70]"
42,"[51, 48, 54]"
26,"[51, 48, 32]"
26,"[51, 48, 18]"
34,"[51, 48, 55]"
31,"[51, 48, 20]"
30,"[51, 48, 37]"
27,"[51, 48, 26]"
26,"[51, 48, 50]"
27,"[51, 48, 8]"
32,"[51, 48, 27]"
45,"[51, 48, 17]"
43,"[51, 48, 29]"
39,"[51, 48, 69]"
40,"[51, 48, 0]"
20,"[51, 48, 10]"
22,"[51, 48, 56]"
24,"[51, 48, 35]"
22,"[51, 48, 58]"
26,"[51, 48, 60]"
27,"[51, 48, 4]"
22,"[51, 48, 3]"
35,"[51, 48, 6]"
16,"[51, 48, 7]"
23,"[51, 48, 34]"
28,"[51, 48, 33]"
31,"[51, 48, 28]"
21,"[51, 48, 13]"
22,"[51, 48, 53]"
23,"[51, 48, 42]"
21,"[51, 48, 12]"
22,"[51, 48, 51]"
49,"[51, 54]"
27,"[51, 54, 32]"
26,"[51, 54, 18]"
48,"[51, 54, 70]"
36,"[51, 54, 55]"
38,"[51, 54, 54]"
34,"[51, 54, 20]"
31,"[51, 54, 37]"
31,"[51, 54, 26]"
30,"[51, 54, 50]"
27,"[51, 54, 8]"
33,"[51, 54, 27]"
45,"[51, 54, 17]"
43,"[51, 54, 29]"
41,"[51, 54, 69]"
36,"[51, 54, 48]"
39,"[51, 54, 0]"
33,"[51, 54, 49]"
23,"[51, 54, 10]"
25,"[51, 54, 56]"
24,"[51, 54, 35]"
20,"[51, 54, 58]"
26,"[51, 54, 60]"
26,"[51, 54, 4]"
22,"[51, 54, 3]"
33,"[51, 54, 6]"
16,"[51, 54, 7]"
23,"[51, 54, 34]"
26,"[51, 54, 33]"
32,"[51, 54, 28]"
32,"[51, 54, 25]"
25,"[51, 54, 13]"
22,"[51, 54, 53]"
25,"[51, 54, 42]"
22,"[51, 54, 12]"
21,"[51, 54, 51]"
17,"[51, 54, 36]"
16,"[51, 54, 63]"
50,"[51, 32]"
44,"[51, 32, 18]"
48,"[51, 32, 70]"
35,"[51, 32, 55]"
44,"[51, 32, 54]"
36,"[51, 32, 20]"
33,"[51, 32, 37]"
32,"[51, 32, 26]"
27,"[51, 32, 50]"
28,"[51, 32, 32]"
46,"[51, 32, 8]"
47,"[51, 32, 27]"
49,"[51, 32, 17]"
47,"[51, 32, 29]"
45,"[51, 32, 69]"
45,"[51, 32, 48]"
16,"[51, 32, 21]"
49,"[51, 32, 0]"
37,"[51, 32, 49]"
39,"[51, 32, 10]"
37,"[51, 32, 56]"
19,"[51, 32, 11]"
20,"[51, 32, 57]"
41,"[51, 32, 35]"
38,"[51, 32, 58]"
19,"[51, 32, 59]"
22,"[51, 32, 1]"
24,"[51, 32, 60]"
35,"[51, 32, 4]"
37,"[51, 32, 3]"
44,"[51, 32, 6]"
30,"[51, 32, 7]"
40,"[51, 32, 34]"
42,"[51, 32, 33]"
43,"[51, 32, 28]"
44,"[51, 32, 25]"
29,"[51, 32, 13]"
29,"[51, 32, 53]"
27,"[51, 32, 31]"
30,"[51, 32, 42]"
27,"[51, 32, 12]"
31,"[51, 32, 51]"
17,"[51, 32, 36]"
23,"[51, 32, 14]"
24,"[51, 32, 9]"
16,"[51, 32, 43]"
20,"[51, 32, 63]"
46,"[51, 18]"
45,"[51, 18, 70]"
33,"[51, 18, 55]"
42,"[51, 18, 54]"
36,"[51, 18, 20]"
31,"[51, 18, 37]"
28,"[51, 18, 26]"
24,"[51, 18, 50]"
28,"[51, 18, 32]"
23,"[51, 18, 18]"
46,"[51, 18, 8]"
45,"[51, 18, 27]"
45,"[51, 18, 17]"
44,"[51, 18, 29]"
42,"[51, 18, 69]"
43,"[51, 18, 48]"
16,"[51, 18, 21]"
45,"[51, 18, 0]"
36,"[51, 18, 49]"
39,"[51, 18, 10]"
38,"[51, 18, 56]"
20,"[51, 18, 11]"
22,"[51, 18, 57]"
38,"[51, 18, 35]"
35,"[51, 18, 58]"
19,"[51, 18, 59]"
21,"[51, 18, 1]"
20,"[51, 18, 60]"
36,"[51, 18, 4]"
37,"[51, 18, 3]"
43,"[51, 18, 6]"
29,"[51, 18, 7]"
38,"[51, 18, 34]"
39,"[51, 18, 33]"
41,"[51, 18, 28]"
42,"[51, 18, 25]"
25,"[51, 18, 13]"
25,"[51, 18, 53]"
26,"[51, 18, 31]"
27,"[51, 18, 42]"
24,"[51, 18, 12]"
27,"[51, 18, 51]"
20,"[51, 18, 14]"
27,"[51, 18, 9]"
16,"[51, 18, 65]"
20,"[51, 18, 63]"
37,"[51, 55]"
20,"[51, 55, 54]"
23,"[51, 55, 20]"
21,"[51, 55, 27]"
27,"[51, 55, 17]"
26,"[51, 55, 29]"
33,"[51, 55, 69]"
34,"[51, 55, 70]"
23,"[51, 55, 48]"
23,"[51, 55, 0]"
21,"[51, 55, 55]"
17,"[51, 55, 49]"
18,"[51, 55, 4]"
19,"[51, 55, 6]"
19,"[51, 55, 33]"
18,"[51, 55, 25]"
16,"[51, 55, 42]"
45,"[51, 20]"
37,"[51, 20, 37]"
34,"[51, 20, 26]"
32,"[51, 20, 50]"
27,"[51, 20, 32]"
28,"[51, 20, 18]"
28,"[51, 20, 8]"
33,"[51, 20, 27]"
42,"[51, 20, 17]"
38,"[51, 20, 29]"
38,"[51, 20, 69]"
44,"[51, 20, 70]"
42,"[51, 20, 48]"
38,"[51, 20, 0]"
31,"[51, 20, 55]"
39,"[51, 20, 54]"
34,"[51, 20, 49]"
23,"[51, 20, 10]"
24,"[51, 20, 56]"
26,"[51, 20, 35]"
25,"[51, 20, 58]"
28,"[51, 20, 60]"
27,"[51, 20, 4]"
23,"[51, 20, 3]"
33,"[51, 20, 6]"
16,"[51, 20, 7]"
25,"[51, 20, 34]"
28,"[51, 20, 33]"
38,"[51, 20, 28]"
41,"[51, 20, 25]"
29,"[51, 20, 20]"
20,"[51, 20, 13]"
19,"[51, 20, 53]"
24,"[51, 20, 42]"
22,"[51, 20, 12]"
20,"[51, 20, 51]"
18,"[51, 20, 36]"
39,"[51, 37]"
31,"[51, 37, 26]"
27,"[51, 37, 50]"
25,"[51, 37, 32]"
24,"[51, 37, 18]"
23,"[51, 37, 8]"
32,"[51, 37, 27]"
38,"[51, 37, 17]"
36,"[51, 37, 29]"
35,"[51, 37, 69]"
38,"[51, 37, 70]"
31,"[51, 37, 48]"
33,"[51, 37, 0]"
29,"[51, 37, 55]"
31,"[51, 37, 54]"
25,"[51, 37, 49]"
19,"[51, 37, 10]"
22,"[51, 37, 56]"
19,"[51, 37, 35]"
18,"[51, 37, 58]"
28,"[51, 37, 60]"
25,"[51, 37, 4]"
17,"[51, 37, 3]"
31,"[51, 37, 6]"
19,"[51, 37, 34]"
24,"[51, 37, 33]"
27,"[51, 37, 28]"
28,"[51, 37, 25]"
24,"[51, 37, 20]"
18,"[51, 37, 13]"
16,"[51, 37, 53]"
17,"[51, 37, 37]"
20,"[51, 37, 42]"
18,"[51, 37, 12]"
19,"[51, 37, 51]"
17,"[51, 37, 36]"
38,"[51, 26]"
30,"[51, 26, 50]"
20,"[51, 26, 32]"
20,"[51, 26, 18]"
21,"[51, 26, 8]"
27,"[51, 26, 27]"
35,"[51, 26, 17]"
30,"[51, 26, 29]"
30,"[51, 26, 69]"
35,"[51, 26, 70]"
33,"[51, 26, 48]"
30,"[51, 26, 0]"
28,"[51, 26, 55]"
27,"[51, 26, 54]"
24,"[51, 26, 49]"
16,"[51, 26, 10]"
18,"[51, 26, 56]"
18,"[51, 26, 60]"
25,"[51, 26, 4]"
18,"[51, 26, 3]"
28,"[51, 26, 6]"
17,"[51, 26, 34]"
23,"[51, 26, 33]"
26,"[51, 26, 28]"
26,"[51, 26, 25]"
22,"[51, 26, 20]"
17,"[51, 26, 37]"
17,"[51, 26, 42]"
16,"[51, 26, 12]"
16,"[51, 26, 51]"
34,"[51, 50]"
18,"[51, 50, 32]"
17,"[51, 50, 18]"
18,"[51, 50, 8]"
23,"[51, 50, 27]"
32,"[51, 50, 17]"
27,"[51, 50, 29]"
26,"[51, 50, 69]"
31,"[51, 50, 70]"
26,"[51, 50, 48]"
26,"[51, 50, 0]"
24,"[51, 50, 55]"
25,"[51, 50, 54]"
22,"[51, 50, 49]"
16,"[51, 50, 10]"
18,"[51, 50, 56]"
21,"[51, 50, 4]"
24,"[51, 50, 6]"
19,"[51, 50, 33]"
21,"[51, 50, 28]"
22,"[51, 50, 25]"
19,"[51, 50, 20]"
47,"[51, 8]"
46,"[51, 8, 27]"
47,"[51, 8, 17]"
44,"[51, 8, 29]"
44,"[51, 8, 69]"
47,"[51, 8, 70]"
45,"[51, 8, 48]"
16,"[51, 8, 21]"
45,"[51, 8, 0]"
35,"[51, 8, 55]"
43,"[51, 8, 54]"
38,"[51, 8, 49]"
39,"[51, 8, 10]"
27,"[51, 8, 32]"
22,"[51, 8, 18]"
39,"[51, 8, 56]"
19,"[51, 8, 11]"
22,"[51, 8, 57]"
24,"[51, 8, 50]"
37,"[51, 8, 35]"
35,"[51, 8, 58]"
18,"[51, 8, 59]"
21,"[51, 8, 1]"
20,"[51, 8, 60]"
36,"[51, 8, 4]"
37,"[51, 8, 3]"
45,"[51, 8, 6]"
31,"[51, 8, 7]"
38,"[51, 8, 34]"
41,"[51, 8, 33]"
42,"[51, 8, 28]"
43,"[51, 8, 25]"
36,"[51, 8, 20]"
25,"[51, 8, 13]"
24,"[51, 8, 53]"
26,"[51, 8, 8]"
16,"[51, 8, 31]"
28,"[51, 8, 26]"
31,"[51, 8, 37]"
29,"[51, 8, 42]"
25,"[51, 8, 12]"
27,"[51, 8, 51]"
20,"[51, 8, 14]"
27,"[51, 8, 9]"
17,"[51, 8, 43]"
16,"[51, 8, 65]"
20,"[51, 8, 63]"
49,"[51, 27]"
48,"[51, 27, 17]"
45,"[51, 27, 29]"
44,"[51, 27, 69]"
48,"[51, 27, 70]"
44,"[51, 27, 48]"
17,"[51, 27, 21]"
48,"[51, 27, 0]"
35,"[51, 27, 55]"
43,"[51, 27, 54]"
37,"[51, 27, 49]"
41,"[51, 27, 10]"
27,"[51, 27, 32]"
25,"[51, 27, 18]"
40,"[51, 27, 27]"
38,"[51, 27, 56]"
20,"[51, 27, 11]"
21,"[51, 27, 57]"
26,"[51, 27, 50]"
41,"[51, 27, 35]"
38,"[51, 27, 58]"
21,"[51, 27, 59]"
23,"[51, 27, 1]"
22,"[51, 27, 60]"
36,"[51, 27, 4]"
38,"[51, 27, 3]"
46,"[51, 27, 6]"
30,"[51, 27, 7]"
39,"[51, 27, 34]"
41,"[51, 27, 33]"
40,"[51, 27, 28]"
43,"[51, 27, 25]"
36,"[51, 27, 20]"
25,"[51, 27, 13]"
24,"[51, 27, 53]"
28,"[51, 27, 8]"
16,"[51, 27, 5]"
30,"[51, 27, 26]"
33,"[51, 27, 37]"
28,"[51, 27, 42]"
26,"[51, 27, 12]"
27,"[51, 27, 51]"
21,"[51, 27, 14]"
21,"[51, 27, 63]"
16,"[51, 27, 65]"
52,"[51, 17]"
47,"[51, 17, 29]"
45,"[51, 17, 69]"
50,"[51, 17, 70]"
46,"[51, 17, 48]"
17,"[51, 17, 21]"
49,"[51, 17, 0]"
37,"[51, 17, 55]"
43,"[51, 17, 54]"
37,"[51, 17, 49]"
41,"[51, 17, 10]"
26,"[51, 17, 32]"
22,"[51, 17, 18]"
40,"[51, 17, 27]"
38,"[51, 17, 56]"
19,"[51, 17, 11]"
21,"[51, 17, 57]"
27,"[51, 17, 50]"
40,"[51, 17, 35]"
36,"[51, 17, 58]"
20,"[51, 17, 59]"
48,"[51, 17, 17]"
22,"[51, 17, 1]"
24,"[51, 17, 60]"
36,"[51, 17, 4]"
38,"[51, 17, 3]"
46,"[51, 17, 6]"
31,"[51, 17, 7]"
39,"[51, 17, 34]"
42,"[51, 17, 33]"
41,"[51, 17, 28]"
42,"[51, 17, 25]"
36,"[51, 17, 20]"
26,"[51, 17, 13]"
25,"[51, 17, 53]"
24,"[51, 17, 8]"
32,"[51, 17, 26]"
35,"[51, 17, 37]"
30,"[51, 17, 42]"
28,"[51, 17, 12]"
28,"[51, 17, 51]"
22,"[51, 17, 14]"
18,"[51, 17, 43]"
22,"[51, 17, 63]"
17,"[51, 17, 65]"
48,"[51, 29]"
42,"[51, 29, 69]"
48,"[51, 29, 70]"
45,"[51, 29, 48]"
17,"[51, 29, 21]"
45,"[51, 29, 0]"
34,"[51, 29, 55]"
41,"[51, 29, 54]"
36,"[51, 29, 49]"
38,"[51, 29, 10]"
26,"[51, 29, 32]"
22,"[51, 29, 18]"
37,"[51, 29, 27]"
37,"[51, 29, 56]"
20,"[51, 29, 11]"
21,"[51, 29, 57]"
27,"[51, 29, 50]"
39,"[51, 29, 35]"
37,"[51, 29, 58]"
21,"[51, 29, 59]"
47,"[51, 29, 17]"
44,"[51, 29, 29]"
17,"[51, 29, 1]"
24,"[51, 29, 60]"
35,"[51, 29, 4]"
24,"[51, 29, 3]"
45,"[51, 29, 6]"
31,"[51, 29, 7]"
37,"[51, 29, 34]"
41,"[51, 29, 33]"
39,"[51, 29, 28]"
42,"[51, 29, 25]"
36,"[51, 29, 20]"
23,"[51, 29, 13]"
22,"[51, 29, 53]"
23,"[51, 29, 8]"
16,"[51, 29, 5]"
32,"[51, 29, 26]"
35,"[51, 29, 37]"
29,"[51, 29, 42]"
24,"[51, 29, 12]"
25,"[51, 29, 51]"
20,"[51, 29, 14]"
22,"[51, 29, 63]"
17,"[51, 29, 65]"
17,"[51, 21]"
50,"[51, 0]"
36,"[51, 0, 55]"
44,"[51, 0, 54]"
37,"[51, 0, 49]"
48,"[51, 0, 70]"
38,"[51, 0, 10]"
27,"[51, 0, 32]"
23,"[51, 0, 18]"
37,"[51, 0, 27]"
37,"[51, 0, 56]"
19,"[51, 0, 11]"
21,"[51, 0, 57]"
26,"[51, 0, 50]"
41,"[51, 0, 35]"
38,"[51, 0, 58]"
20,"[51, 0, 59]"
45,"[51, 0, 0]"
47,"[51, 0, 17]"
47,"[51, 0, 29]"
17,"[51, 0, 21]"
24,"[51, 0, 1]"
23,"[51, 0, 60]"
35,"[51, 0, 4]"
39,"[51, 0, 3]"
44,"[51, 0, 6]"
31,"[51, 0, 7]"
39,"[51, 0, 34]"
41,"[51, 0, 33]"
41,"[51, 0, 28]"
43,"[51, 0, 25]"
46,"[51, 0, 48]"
35,"[51, 0, 20]"
45,"[51, 0, 69]"
26,"[51, 0, 13]"
25,"[51, 0, 53]"
25,"[51, 0, 8]"
31,"[51, 0, 26]"
35,"[51, 0, 37]"
30,"[51, 0, 42]"
27,"[51, 0, 12]"
28,"[51, 0, 51]"
22,"[51, 0, 14]"
17,"[51, 0, 43]"
17,"[51, 0, 65]"
21,"[51, 0, 63]"
44,"[51, 10]"
26,"[51, 10, 32]"
22,"[51, 10, 18]"
33,"[51, 10, 27]"
40,"[51, 10, 56]"
22,"[51, 10, 11]"
23,"[51, 10, 57]"
44,"[51, 10, 70]"
23,"[51, 10, 50]"
35,"[51, 10, 35]"
32,"[51, 10, 58]"
17,"[51, 10, 59]"
41,"[51, 10, 0]"
40,"[51, 10, 17]"
39,"[51, 10, 29]"
16,"[51, 10, 1]"
21,"[51, 10, 60]"
27,"[51, 10, 4]"
22,"[51, 10, 3]"
33,"[51, 10, 6]"
18,"[51, 10, 7]"
35,"[51, 10, 34]"
39,"[51, 10, 33]"
36,"[51, 10, 28]"
39,"[51, 10, 25]"
40,"[51, 10, 48]"
39,"[51, 10, 54]"
33,"[51, 10, 20]"
41,"[51, 10, 69]"
23,"[51, 10, 13]"
22,"[51, 10, 53]"
21,"[51, 10, 8]"
27,"[51, 10, 26]"
31,"[51, 10, 37]"
32,"[51, 10, 55]"
33,"[51, 10, 49]"
27,"[51, 10, 42]"
24,"[51, 10, 10]"
24,"[51, 10, 12]"
23,"[51, 10, 51]"
17,"[51, 10, 14]"
17,"[51, 10, 43]"
17,"[51, 10, 65]"
20,"[51, 10, 63]"
42,"[51, 56]"
26,"[51, 56, 56]"
23,"[51, 56, 57]"
42,"[51, 56, 70]"
24,"[51, 56, 50]"
33,"[51, 56, 35]"
30,"[51, 56, 58]"
17,"[51, 56, 59]"
38,"[51, 56, 0]"
31,"[51, 56, 27]"
39,"[51, 56, 17]"
37,"[51, 56, 29]"
19,"[51, 56, 60]"
26,"[51, 56, 4]"
20,"[51, 56, 3]"
32,"[51, 56, 6]"
33,"[51, 56, 34]"
37,"[51, 56, 33]"
34,"[51, 56, 28]"
37,"[51, 56, 25]"
36,"[51, 56, 48]"
37,"[51, 56, 54]"
32,"[51, 56, 20]"
39,"[51, 56, 69]"
21,"[51, 56, 13]"
20,"[51, 56, 53]"
21,"[51, 56, 32]"
20,"[51, 56, 18]"
20,"[51, 56, 8]"
26,"[51, 56, 26]"
29,"[51, 56, 37]"
31,"[51, 56, 55]"
33,"[51, 56, 49]"
24,"[51, 56, 42]"
21,"[51, 56, 10]"
21,"[51, 56, 12]"
20,"[51, 56, 51]"
17,"[51, 56, 14]"
16,"[51, 56, 65]"
18,"[51, 56, 63]"
22,"[51, 11]"
18,"[51, 11, 57]"
22,"[51, 11, 70]"
21,"[51, 11, 35]"
20,"[51, 11, 58]"
20,"[51, 11, 0]"
16,"[51, 11, 27]"
20,"[51, 11, 17]"
21,"[51, 11, 29]"
17,"[51, 11, 6]"
17,"[51, 11, 34]"
19,"[51, 11, 33]"
18,"[51, 11, 28]"
20,"[51, 11, 25]"
21,"[51, 11, 48]"
20,"[51, 11, 54]"
18,"[51, 11, 20]"
21,"[51, 11, 69]"
22,"[51, 11, 56]"
16,"[51, 11, 37]"
17,"[51, 11, 55]"
19,"[51, 11, 49]"
23,"[51, 57]"
23,"[51, 57, 70]"
19,"[51, 57, 35]"
17,"[51, 57, 58]"
19,"[51, 57, 0]"
22,"[51, 57, 17]"
22,"[51, 57, 29]"
16,"[51, 57, 6]"
19,"[51, 57, 34]"
19,"[51, 57, 33]"
20,"[51, 57, 28]"
23,"[51, 57, 25]"
22,"[51, 57, 48]"
19,"[51, 57, 54]"
17,"[51, 57, 20]"
22,"[51, 57, 69]"
17,"[51, 57, 37]"
17,"[51, 57, 55]"
19,"[51, 57, 49]"
44,"[51, 35]"
38,"[51, 35, 58]"
44,"[51, 35, 70]"
21,"[51, 35, 35]"
21,"[51, 35, 59]"
37,"[51, 35, 0]"
30,"[51, 35, 27]"
40,"[51, 35, 17]"
40,"[51, 35, 29]"
21,"[51, 35, 50]"
20,"[51, 35, 60]"
22,"[51, 35, 4]"
17,"[51, 35, 3]"
30,"[51, 35, 6]"
35,"[51, 35, 34]"
36,"[51, 35, 33]"
35,"[51, 35, 28]"
38,"[51, 35, 25]"
39,"[51, 35, 48]"
39,"[51, 35, 54]"
30,"[51, 35, 20]"
39,"[51, 35, 69]"
19,"[51, 35, 13]"
19,"[51, 35, 53]"
20,"[51, 35, 32]"
17,"[51, 35, 18]"
18,"[51, 35, 8]"
26,"[51, 35, 26]"
26,"[51, 35, 56]"
31,"[51, 35, 37]"
31,"[51, 35, 55]"
33,"[51, 35, 49]"
23,"[51, 35, 42]"
20,"[51, 35, 12]"
24,"[51, 35, 51]"
19,"[51, 35, 10]"
18,"[51, 35, 14]"
17,"[51, 35, 63]"
41,"[51, 58]"
41,"[51, 58, 70]"
22,"[51, 58, 35]"
25,"[51, 58, 58]"
21,"[51, 58, 59]"
36,"[51, 58, 0]"
29,"[51, 58, 27]"
38,"[51, 58, 17]"
38,"[51, 58, 29]"
21,"[51, 58, 50]"
19,"[51, 58, 60]"
20,"[51, 58, 4]"
28,"[51, 58, 6]"
32,"[51, 58, 34]"
35,"[51, 58, 33]"
34,"[51, 58, 28]"
35,"[51, 58, 25]"
36,"[51, 58, 48]"
36,"[51, 58, 54]"
29,"[51, 58, 20]"
36,"[51, 58, 69]"
17,"[51, 58, 13]"
17,"[51, 58, 53]"
18,"[51, 58, 32]"
16,"[51, 58, 18]"
17,"[51, 58, 8]"
25,"[51, 58, 26]"
25,"[51, 58, 56]"
29,"[51, 58, 37]"
28,"[51, 58, 55]"
30,"[51, 58, 49]"
22,"[51, 58, 42]"
18,"[51, 58, 12]"
21,"[51, 58, 51]"
18,"[51, 58, 10]"
17,"[51, 58, 14]"
17,"[51, 58, 63]"
21,"[51, 59]"
19,"[51, 59, 0]"
19,"[51, 59, 17]"
20,"[51, 59, 29]"
21,"[51, 59, 70]"
16,"[51, 59, 6]"
16,"[51, 59, 34]"
18,"[51, 59, 33]"
18,"[51, 59, 28]"
19,"[51, 59, 25]"
19,"[51, 59, 48]"
20,"[51, 59, 54]"
16,"[51, 59, 20]"
18,"[51, 59, 69]"
16,"[51, 59, 49]"
24,"[51, 1]"
21,"[51, 1, 70]"
16,"[51, 1, 4]"
18,"[51, 1, 6]"
16,"[51, 1, 34]"
16,"[51, 1, 33]"
16,"[51, 1, 28]"
20,"[51, 1, 17]"
22,"[51, 1, 29]"
16,"[51, 1, 0]"
18,"[51, 1, 25]"
19,"[51, 1, 48]"
19,"[51, 1, 54]"
20,"[51, 1, 69]"
18,"[51, 1, 35]"
17,"[51, 1, 58]"
17,"[51, 1, 55]"
31,"[51, 60]"
19,"[51, 60, 4]"
22,"[51, 60, 6]"
30,"[51, 60, 70]"
18,"[51, 60, 33]"
18,"[51, 60, 28]"
22,"[51, 60, 27]"
29,"[51, 60, 17]"
25,"[51, 60, 29]"
25,"[51, 60, 0]"
19,"[51, 60, 25]"
23,"[51, 60, 48]"
21,"[51, 60, 54]"
16,"[51, 60, 20]"
26,"[51, 60, 69]"
18,"[51, 60, 32]"
18,"[51, 60, 18]"
19,"[51, 60, 8]"
21,"[51, 60, 26]"
22,"[51, 60, 50]"
16,"[51, 60, 56]"
23,"[51, 60, 55]"
20,"[51, 60, 49]"
16,"[51, 60, 60]"
37,"[51, 4]"
27,"[51, 4, 6]"
36,"[51, 4, 70]"
26,"[51, 4, 34]"
28,"[51, 4, 33]"
28,"[51, 4, 28]"
22,"[51, 4, 27]"
29,"[51, 4, 17]"
31,"[51, 4, 29]"
31,"[51, 4, 0]"
30,"[51, 4, 25]"
32,"[51, 4, 48]"
28,"[51, 4, 54]"
23,"[51, 4, 20]"
33,"[51, 4, 69]"
16,"[51, 4, 13]"
17,"[51, 4, 53]"
26,"[51, 4, 35]"
16,"[51, 4, 32]"
17,"[51, 4, 8]"
24,"[51, 4, 4]"
16,"[51, 4, 5]"
25,"[51, 4, 58]"
17,"[51, 4, 26]"
24,"[51, 4, 56]"
21,"[51, 4, 37]"
27,"[51, 4, 55]"
28,"[51, 4, 49]"
23,"[51, 4, 10]"
18,"[51, 4, 42]"
16,"[51, 4, 12]"
16,"[51, 4, 51]"
39,"[51, 3]"
37,"[51, 3, 6]"
28,"[51, 3, 7]"
39,"[51, 3, 70]"
31,"[51, 3, 34]"
33,"[51, 3, 33]"
33,"[51, 3, 28]"
31,"[51, 3, 27]"
37,"[51, 3, 17]"
38,"[51, 3, 29]"
36,"[51, 3, 0]"
36,"[51, 3, 25]"
37,"[51, 3, 48]"
35,"[51, 3, 54]"
28,"[51, 3, 20]"
35,"[51, 3, 69]"
19,"[51, 3, 13]"
18,"[51, 3, 53]"
31,"[51, 3, 35]"
22,"[51, 3, 32]"
16,"[51, 3, 18]"
18,"[51, 3, 8]"
17,"[51, 3, 3]"
16,"[51, 3, 1]"
29,"[51, 3, 4]"
31,"[51, 3, 58]"
24,"[51, 3, 26]"
19,"[51, 3, 50]"
28,"[51, 3, 56]"
18,"[51, 3, 57]"
27,"[51, 3, 37]"
29,"[51, 3, 55]"
30,"[51, 3, 49]"
23,"[51, 3, 42]"
26,"[51, 3, 10]"
17,"[51, 3, 60]"
18,"[51, 3, 12]"
20,"[51, 3, 51]"
16,"[51, 3, 59]"
18,"[51, 3, 63]"
47,"[51, 6]"
32,"[51, 6, 7]"
47,"[51, 6, 70]"
37,"[51, 6, 34]"
39,"[51, 6, 33]"
39,"[51, 6, 28]"
34,"[51, 6, 27]"
45,"[51, 6, 17]"
41,"[51, 6, 29]"
16,"[51, 6, 21]"
40,"[51, 6, 0]"
41,"[51, 6, 25]"
42,"[51, 6, 48]"
41,"[51, 6, 54]"
34,"[51, 6, 20]"
42,"[51, 6, 69]"
22,"[51, 6, 13]"
21,"[51, 6, 53]"
38,"[51, 6, 35]"
24,"[51, 6, 32]"
21,"[51, 6, 18]"
23,"[51, 6, 8]"
19,"[51, 6, 3]"
17,"[51, 6, 1]"
35,"[51, 6, 6]"
35,"[51, 6, 4]"
16,"[51, 6, 5]"
36,"[51, 6, 58]"
29,"[51, 6, 26]"
24,"[51, 6, 50]"
36,"[51, 6, 56]"
18,"[51, 6, 57]"
33,"[51, 6, 37]"
35,"[51, 6, 55]"
34,"[51, 6, 49]"
32,"[51, 6, 10]"
26,"[51, 6, 42]"
22,"[51, 6, 60]"
22,"[51, 6, 12]"
23,"[51, 6, 51]"
19,"[51, 6, 59]"
18,"[51, 6, 14]"
16,"[51, 6, 11]"
20,"[51, 6, 63]"
32,"[51, 7]"
32,"[51, 7, 70]"
25,"[51, 7, 34]"
27,"[51, 7, 33]"
29,"[51, 7, 28]"
21,"[51, 7, 27]"
29,"[51, 7, 17]"
27,"[51, 7, 29]"
26,"[51, 7, 0]"
29,"[51, 7, 25]"
30,"[51, 7, 48]"
27,"[51, 7, 54]"
24,"[51, 7, 20]"
29,"[51, 7, 69]"
16,"[51, 7, 13]"
26,"[51, 7, 35]"
16,"[51, 7, 8]"
22,"[51, 7, 6]"
23,"[51, 7, 4]"
24,"[51, 7, 58]"
23,"[51, 7, 26]"
19,"[51, 7, 50]"
24,"[51, 7, 56]"
24,"[51, 7, 37]"
22,"[51, 7, 55]"
23,"[51, 7, 49]"
20,"[51, 7, 10]"
17,"[51, 7, 42]"
17,"[51, 7, 60]"
16,"[51, 7, 59]"
28,"[51, 31]"
21,"[51, 31, 4]"
23,"[51, 31, 58]"
23,"[51, 31, 34]"
23,"[51, 31, 33]"
24,"[51, 31, 28]"
17,"[51, 31, 50]"
21,"[51, 31, 56]"
27,"[51, 31, 70]"
20,"[51, 31, 37]"
20,"[51, 31, 55]"
22,"[51, 31, 49]"
25,"[51, 31, 48]"
28,"[51, 31, 0]"
17,"[51, 31, 1]"
25,"[51, 31, 6]"
27,"[51, 31, 29]"
27,"[51, 31, 17]"
27,"[51, 31, 54]"
26,"[51, 31, 27]"
23,"[51, 31, 8]"
18,"[51, 31, 3]"
21,"[51, 31, 10]"
24,"[51, 31, 35]"
24,"[51, 31, 25]"
23,"[51, 31, 69]"
22,"[51, 31, 20]"
16,"[51, 5]"
16,"[51, 5, 70]"
43,"[51, 42]"
32,"[51, 42, 13]"
30,"[51, 42, 53]"
41,"[51, 42, 70]"
32,"[51, 42, 34]"
34,"[51, 42, 33]"
35,"[51, 42, 28]"
37,"[51, 42, 54]"
36,"[51, 42, 25]"
37,"[51, 42, 48]"
32,"[51, 42, 20]"
28,"[51, 42, 37]"
22,"[51, 42, 60]"
27,"[51, 42, 26]"
23,"[51, 42, 50]"
32,"[51, 42, 32]"
28,"[51, 42, 18]"
28,"[51, 42, 8]"
33,"[51, 42, 27]"
38,"[51, 42, 17]"
36,"[51, 42, 0]"
26,"[51, 42, 3]"
29,"[51, 42, 42]"
41,"[51, 42, 69]"
37,"[51, 42, 29]"
34,"[51, 42, 6]"
21,"[51, 42, 7]"
29,"[51, 42, 4]"
27,"[51, 42, 10]"
28,"[51, 42, 56]"
29,"[51, 42, 35]"
28,"[51, 42, 58]"
24,"[51, 42, 12]"
31,"[51, 42, 51]"
27,"[51, 42, 49]"
20,"[51, 42, 43]"
26,"[51, 42, 55]"
26,"[51, 42, 14]"
16,"[51, 42, 63]"
38,"[51, 51]"
34,"[51, 51, 70]"
30,"[51, 51, 25]"
32,"[51, 51, 48]"
30,"[51, 51, 54]"
28,"[51, 51, 49]"
29,"[51, 51, 13]"
27,"[51, 51, 53]"
31,"[51, 51, 69]"
23,"[51, 51, 51]"
27,"[51, 51, 34]"
29,"[51, 51, 33]"
28,"[51, 51, 28]"
24,"[51, 51, 55]"
25,"[51, 51, 20]"
23,"[51, 51, 37]"
22,"[51, 51, 26]"
19,"[51, 51, 50]"
16,"[51, 51, 60]"
27,"[51, 51, 32]"
24,"[51, 51, 18]"
23,"[51, 51, 8]"
29,"[51, 51, 27]"
31,"[51, 51, 17]"
31,"[51, 51, 29]"
30,"[51, 51, 0]"
20,"[51, 51, 3]"
28,"[51, 51, 6]"
23,"[51, 51, 4]"
22,"[51, 51, 10]"
26,"[51, 51, 56]"
26,"[51, 51, 35]"
24,"[51, 51, 58]"
16,"[51, 51, 7]"
17,"[51, 51, 12]"
25,"[51, 51, 42]"
17,"[51, 51, 14]"
19,"[51, 36]"
19,"[51, 36, 17]"
17,"[51, 36, 29]"
16,"[51, 36, 0]"
18,"[51, 36, 70]"
27,"[51, 9]"
26,"[51, 9, 27]"
26,"[51, 9, 17]"
25,"[51, 9, 29]"
26,"[51, 9, 0]"
22,"[51, 9, 3]"
26,"[51, 9, 6]"
19,"[51, 9, 7]"
20,"[51, 9, 4]"
26,"[51, 9, 70]"
19,"[51, 9, 55]"
22,"[51, 9, 33]"
22,"[51, 9, 69]"
24,"[51, 9, 54]"
25,"[51, 9, 48]"
21,"[51, 9, 56]"
22,"[51, 9, 28]"
24,"[51, 9, 25]"
19,"[51, 9, 10]"
16,"[51, 9, 11]"
22,"[51, 9, 20]"
22,"[51, 9, 34]"
22,"[51, 9, 35]"
21,"[51, 9, 58]"
17,"[51, 9, 37]"
20,"[51, 9, 49]"
16,"[51, 9, 63]"
21,"[51, 65]"
18,"[51, 65, 32]"
16,"[51, 65, 18]"
16,"[51, 65, 8]"
19,"[51, 65, 27]"
21,"[51, 65, 17]"
20,"[51, 65, 70]"
19,"[51, 65, 0]"
20,"[51, 65, 29]"
18,"[51, 65, 6]"
17,"[51, 65, 69]"
17,"[51, 65, 35]"
17,"[51, 65, 58]"
16,"[51, 65, 34]"
17,"[51, 65, 33]"
18,"[51, 65, 28]"
19,"[51, 65, 25]"
19,"[51, 65, 48]"
20,"[51, 65, 54]"
17,"[51, 65, 10]"
17,"[51, 65, 63]"
16,"[51, 65, 65]"
23,"[51, 63]"
17,"[51, 63, 33]"
18,"[51, 63, 20]"
18,"[51, 63, 28]"
18,"[51, 63, 69]"
23,"[51, 63, 70]"
19,"[51, 63, 25]"
21,"[51, 63, 48]"
22,"[51, 63, 54]"
21,"[51, 63, 17]"
19,"[51, 63, 29]"
17,"[51, 63, 0]"
37,[43]
30,"[43, 14]"
18,"[43, 14, 68]"
26,"[43, 14, 13]"
16,"[43, 14, 16]"
24,"[43, 14, 53]"
26,"[43, 14, 69]"
19,"[43, 14, 12]"
28,"[43, 14, 70]"
21,"[43, 14, 34]"
22,"[43, 14, 33]"
23,"[43, 14, 28]"
24,"[43, 14, 25]"
21,"[43, 14, 49]"
25,"[43, 14, 48]"
26,"[43, 14, 54]"
25,"[43, 14, 32]"
23,"[43, 14, 18]"
23,"[43, 14, 55]"
23,"[43, 14, 20]"
22,"[43, 14, 37]"
21,"[43, 14, 26]"
16,"[43, 14, 50]"
24,"[43, 14, 8]"
24,"[43, 14, 27]"
25,"[43, 14, 17]"
24,"[43, 14, 29]"
26,"[43, 14, 0]"
18,"[43, 14, 10]"
19,"[43, 14, 56]"
21,"[43, 14, 35]"
20,"[43, 14, 58]"
24,"[43, 14, 4]"
20,"[43, 14, 3]"
23,"[43, 14, 6]"
19,"[43, 14, 42]"
25,"[43, 14, 51]"
22,"[43, 68]"
19,"[43, 68, 53]"
19,"[43, 68, 69]"
21,"[43, 68, 70]"
18,"[43, 68, 34]"
19,"[43, 68, 33]"
19,"[43, 68, 28]"
19,"[43, 68, 25]"
19,"[43, 68, 49]"
20,"[43, 68, 48]"
19,"[43, 68, 54]"
21,"[43, 68, 32]"
19,"[43, 68, 18]"
17,"[43, 68, 55]"
18,"[43, 68, 20]"
19,"[43, 68, 37]"
21,"[43, 68, 8]"
18,"[43, 68, 27]"
20,"[43, 68, 17]"
19,"[43, 68, 29]"
19,"[43, 68, 0]"
16,"[43, 68, 35]"
19,"[43, 68, 4]"
19,"[43, 68, 6]"
32,"[43, 13]"
22,"[43, 13, 16]"
20,"[43, 13, 68]"
29,"[43, 13, 53]"
30,"[43, 13, 69]"
21,"[43, 13, 12]"
31,"[43, 13, 70]"
24,"[43, 13, 34]"
26,"[43, 13, 33]"
27,"[43, 13, 28]"
27,"[43, 13, 25]"
24,"[43, 13, 49]"
30,"[43, 13, 48]"
27,"[43, 13, 54]"
27,"[43, 13, 32]"
25,"[43, 13, 18]"
24,"[43, 13, 55]"
24,"[43, 13, 20]"
22,"[43, 13, 37]"
19,"[43, 13, 26]"
17,"[43, 13, 50]"
25,"[43, 13, 8]"
26,"[43, 13, 27]"
29,"[43, 13, 17]"
26,"[43, 13, 29]"
28,"[43, 13, 0]"
16,"[43, 13, 10]"
18,"[43, 13, 56]"
21,"[43, 13, 35]"
19,"[43, 13, 58]"
17,"[43, 13, 60]"
24,"[43, 13, 4]"
17,"[43, 13, 3]"
26,"[43, 13, 6]"
22,"[43, 13, 13]"
21,"[43, 13, 51]"
20,"[43, 13, 42]"
17,"[43, 13, 14]"
23,"[43, 16]"
20,"[43, 16, 68]"
21,"[43, 16, 53]"
20,"[43, 16, 69]"
22,"[43, 16, 70]"
18,"[43, 16, 34]"
18,"[43, 16, 33]"
18,"[43, 16, 28]"
18,"[43, 16, 25]"
19,"[43, 16, 49]"
21,"[43, 16, 48]"
20,"[43, 16, 54]"
21,"[43, 16, 32]"
19,"[43, 16, 18]"
18,"[43, 16, 55]"
18,"[43, 16, 20]"
19,"[43, 16, 37]"
21,"[43, 16, 8]"
18,"[43, 16, 27]"
20,"[43, 16, 17]"
18,"[43, 16, 29]"
20,"[43, 16, 0]"
17,"[43, 16, 35]"
19,"[43, 16, 4]"
18,"[43, 16, 6]"
16,"[43, 16, 51]"
31,"[43, 53]"
29,"[43, 53, 69]"
22,"[43, 53, 12]"
30,"[43, 53, 70]"
26,"[43, 53, 34]"
27,"[43, 53, 33]"
27,"[43, 53, 28]"
27,"[43, 53, 25]"
26,"[43, 53, 49]"
29,"[43, 53, 48]"
28,"[43, 53, 54]"
28,"[43, 53, 32]"
26,"[43, 53, 18]"
25,"[43, 53, 55]"
26,"[43, 53, 20]"
25,"[43, 53, 37]"
21,"[43, 53, 26]"
18,"[43, 53, 50]"
27,"[43, 53, 8]"
27,"[43, 53, 27]"
29,"[43, 53, 17]"
27,"[43, 53, 29]"
29,"[43, 53, 0]"
19,"[43, 53, 10]"
20,"[43, 53, 56]"
23,"[43, 53, 35]"
21,"[43, 53, 58]"
18,"[43, 53, 60]"
26,"[43, 53, 4]"
19,"[43, 53, 3]"
27,"[43, 53, 6]"
21,"[43, 53, 13]"
25,"[43, 53, 53]"
17,"[43, 53, 31]"
22,"[43, 53, 51]"
20,"[43, 53, 42]"
18,"[43, 53, 14]"
16,"[43, 53, 9]"
36,"[43, 69]"
26,"[43, 69, 12]"
36,"[43, 69, 70]"
28,"[43, 69, 34]"
29,"[43, 69, 33]"
29,"[43, 69, 28]"
30,"[43, 69, 25]"
28,"[43, 69, 49]"
34,"[43, 69, 48]"
29,"[43, 69, 54]"
29,"[43, 69, 32]"
28,"[43, 69, 18]"
27,"[43, 69, 55]"
28,"[43, 69, 20]"
28,"[43, 69, 37]"
22,"[43, 69, 26]"
18,"[43, 69, 50]"
28,"[43, 69, 8]"
29,"[43, 69, 27]"
33,"[43, 69, 17]"
32,"[43, 69, 29]"
34,"[43, 69, 69]"
33,"[43, 69, 0]"
21,"[43, 69, 10]"
22,"[43, 69, 56]"
25,"[43, 69, 35]"
23,"[43, 69, 58]"
17,"[43, 69, 1]"
20,"[43, 69, 60]"
28,"[43, 69, 4]"
24,"[43, 69, 3]"
31,"[43, 69, 6]"
16,"[43, 69, 7]"
27,"[43, 69, 13]"
16,"[43, 69, 68]"
28,"[43, 69, 53]"
18,"[43, 69, 16]"
29,"[43, 69, 51]"
21,"[43, 69, 43]"
26,"[43, 69, 42]"
22,"[43, 69, 14]"
17,"[43, 69, 9]"
28,"[43, 12]"
23,"[43, 12, 70]"
18,"[43, 12, 34]"
20,"[43, 12, 33]"
22,"[43, 12, 28]"
21,"[43, 12, 25]"
16,"[43, 12, 49]"
23,"[43, 12, 48]"
19,"[43, 12, 54]"
18,"[43, 12, 32]"
18,"[43, 12, 18]"
18,"[43, 12, 55]"
18,"[43, 12, 20]"
16,"[43, 12, 37]"
18,"[43, 12, 8]"
19,"[43, 12, 27]"
21,"[43, 12, 17]"
22,"[43, 12, 29]"
24,"[43, 12, 69]"
20,"[43, 12, 0]"
19,"[43, 12, 4]"
20,"[43, 12, 6]"
20,"[43, 12, 13]"
18,"[43, 12, 53]"
21,"[43, 12, 42]"
20,"[43, 12, 51]"
16,"[43, 12, 14]"
37,"[43, 70]"
31,"[43, 70, 34]"
31,"[43, 70, 33]"
32,"[43, 70, 28]"
32,"[43, 70, 25]"
28,"[43, 70, 49]"
34,"[43, 70, 48]"
36,"[43, 70, 70]"
33,"[43, 70, 54]"
31,"[43, 70, 32]"
30,"[43, 70, 18]"
29,"[43, 70, 55]"
30,"[43, 70, 20]"
29,"[43, 70, 37]"
25,"[43, 70, 26]"
21,"[43, 70, 50]"
30,"[43, 70, 8]"
33,"[43, 70, 27]"
35,"[43, 70, 17]"
32,"[43, 70, 29]"
35,"[43, 70, 69]"
33,"[43, 70, 0]"
25,"[43, 70, 10]"
25,"[43, 70, 56]"
29,"[43, 70, 35]"
25,"[43, 70, 58]"
16,"[43, 70, 1]"
21,"[43, 70, 60]"
28,"[43, 70, 4]"
25,"[43, 70, 3]"
31,"[43, 70, 6]"
17,"[43, 70, 7]"
22,"[43, 70, 13]"
24,"[43, 70, 53]"
17,"[43, 70, 31]"
21,"[43, 70, 51]"
22,"[43, 70, 12]"
23,"[43, 70, 42]"
20,"[43, 70, 14]"
16,"[43, 70, 9]"
31,"[43, 34]"
31,"[43, 34, 33]"
30,"[43, 34, 28]"
30,"[43, 34, 25]"
26,"[43, 34, 49]"
30,"[43, 34, 48]"
30,"[43, 34, 70]"
29,"[43, 34, 54]"
25,"[43, 34, 32]"
24,"[43, 34, 18]"
25,"[43, 34, 55]"
27,"[43, 34, 20]"
26,"[43, 34, 37]"
21,"[43, 34, 26]"
18,"[43, 34, 50]"
23,"[43, 34, 8]"
26,"[43, 34, 27]"
30,"[43, 34, 17]"
28,"[43, 34, 29]"
29,"[43, 34, 69]"
28,"[43, 34, 0]"
17,"[43, 34, 10]"
16,"[43, 34, 56]"
21,"[43, 34, 35]"
18,"[43, 34, 58]"
18,"[43, 34, 60]"
23,"[43, 34, 4]"
19,"[43, 34, 3]"
27,"[43, 34, 6]"
22,"[43, 34, 34]"
16,"[43, 34, 13]"
19,"[43, 34, 53]"
19,"[43, 34, 51]"
17,"[43, 34, 12]"
18,"[43, 34, 42]"
17,"[43, 34, 14]"
31,"[43, 33]"
30,"[43, 33, 28]"
30,"[43, 33, 25]"
27,"[43, 33, 49]"
30,"[43, 33, 48]"
30,"[43, 33, 70]"
29,"[43, 33, 54]"
22,"[43, 33, 32]"
21,"[43, 33, 18]"
25,"[43, 33, 55]"
27,"[43, 33, 20]"
27,"[43, 33, 37]"
22,"[43, 33, 26]"
19,"[43, 33, 50]"
20,"[43, 33, 8]"
25,"[43, 33, 27]"
30,"[43, 33, 17]"
28,"[43, 33, 29]"
28,"[43, 33, 69]"
28,"[43, 33, 0]"
20,"[43, 33, 35]"
17,"[43, 33, 58]"
18,"[43, 33, 60]"
23,"[43, 33, 4]"
26,"[43, 33, 6]"
21,"[43, 33, 34]"
23,"[43, 33, 33]"
18,"[43, 33, 53]"
17,"[43, 33, 51]"
16,"[43, 33, 12]"
18,"[43, 33, 42]"
32,"[43, 28]"
31,"[43, 28, 25]"
26,"[43, 28, 49]"
32,"[43, 28, 48]"
31,"[43, 28, 70]"
29,"[43, 28, 54]"
22,"[43, 28, 32]"
21,"[43, 28, 18]"
24,"[43, 28, 55]"
23,"[43, 28, 20]"
27,"[43, 28, 37]"
21,"[43, 28, 26]"
19,"[43, 28, 50]"
20,"[43, 28, 8]"
25,"[43, 28, 27]"
29,"[43, 28, 17]"
28,"[43, 28, 29]"
29,"[43, 28, 69]"
27,"[43, 28, 0]"
19,"[43, 28, 35]"
16,"[43, 28, 58]"
19,"[43, 28, 60]"
22,"[43, 28, 4]"
16,"[43, 28, 3]"
27,"[43, 28, 6]"
19,"[43, 28, 34]"
21,"[43, 28, 33]"
24,"[43, 28, 28]"
17,"[43, 28, 53]"
17,"[43, 28, 42]"
32,"[43, 25]"
27,"[43, 25, 49]"
32,"[43, 25, 48]"
26,"[43, 25, 25]"
31,"[43, 25, 70]"
28,"[43, 25, 54]"
21,"[43, 25, 32]"
21,"[43, 25, 18]"
26,"[43, 25, 55]"
22,"[43, 25, 20]"
25,"[43, 25, 37]"
19,"[43, 25, 26]"
17,"[43, 25, 50]"
20,"[43, 25, 8]"
25,"[43, 25, 27]"
30,"[43, 25, 17]"
28,"[43, 25, 29]"
28,"[43, 25, 69]"
28,"[43, 25, 0]"
21,"[43, 25, 35]"
17,"[43, 25, 58]"
18,"[43, 25, 60]"
23,"[43, 25, 4]"
28,"[43, 25, 6]"
18,"[43, 25, 34]"
20,"[43, 25, 33]"
22,"[43, 25, 28]"
16,"[43, 25, 53]"
16,"[43, 25, 51]"
16,"[43, 25, 12]"
18,"[43, 25, 42]"
28,"[43, 49]"
19,"[43, 49, 48]"
16,"[43, 49, 49]"
27,"[43, 49, 70]"
22,"[43, 49, 54]"
16,"[43, 49, 32]"
23,"[43, 49, 55]"
16,"[43, 49, 37]"
19,"[43, 49, 27]"
25,"[43, 49, 17]"
24,"[43, 49, 29]"
24,"[43, 49, 69]"
20,"[43, 49, 0]"
16,"[43, 49, 4]"
18,"[43, 49, 6]"
35,"[43, 48]"
26,"[43, 48, 49]"
26,"[43, 48, 48]"
23,"[43, 48, 25]"
33,"[43, 48, 70]"
28,"[43, 48, 54]"
19,"[43, 48, 32]"
19,"[43, 48, 18]"
25,"[43, 48, 55]"
22,"[43, 48, 20]"
25,"[43, 48, 37]"
19,"[43, 48, 26]"
17,"[43, 48, 50]"
19,"[43, 48, 8]"
25,"[43, 48, 27]"
31,"[43, 48, 17]"
29,"[43, 48, 29]"
31,"[43, 48, 69]"
29,"[43, 48, 0]"
18,"[43, 48, 35]"
19,"[43, 48, 60]"
22,"[43, 48, 4]"
26,"[43, 48, 6]"
19,"[43, 48, 33]"
19,"[43, 48, 28]"
17,"[43, 48, 53]"
17,"[43, 48, 51]"
16,"[43, 48, 12]"
17,"[43, 48, 42]"
33,"[43, 54]"
19,"[43, 54, 32]"
17,"[43, 54, 18]"
32,"[43, 54, 70]"
27,"[43, 54, 55]"
22,"[43, 54, 54]"
23,"[43, 54, 20]"
22,"[43, 54, 37]"
19,"[43, 54, 26]"
17,"[43, 54, 50]"
17,"[43, 54, 8]"
23,"[43, 54, 27]"
29,"[43, 54, 17]"
28,"[43, 54, 29]"
28,"[43, 54, 69]"
24,"[43, 54, 48]"
27,"[43, 54, 0]"
21,"[43, 54, 49]"
17,"[43, 54, 60]"
20,"[43, 54, 4]"
23,"[43, 54, 6]"
16,"[43, 54, 33]"
18,"[43, 54, 28]"
21,"[43, 54, 25]"
16,"[43, 54, 53]"
34,"[43, 32]"
31,"[43, 32, 18]"
33,"[43, 32, 70]"
27,"[43, 32, 55]"
31,"[43, 32, 54]"
24,"[43, 32, 20]"
25,"[43, 32, 37]"
19,"[43, 32, 26]"
16,"[43, 32, 50]"
23,"[43, 32, 32]"
32,"[43, 32, 8]"
32,"[43, 32, 27]"
33,"[43, 32, 17]"
31,"[43, 32, 29]"
33,"[43, 32, 69]"
32,"[43, 32, 48]"
32,"[43, 32, 0]"
26,"[43, 32, 49]"
25,"[43, 32, 10]"
24,"[43, 32, 56]"
27,"[43, 32, 35]"
24,"[43, 32, 58]"
17,"[43, 32, 1]"
27,"[43, 32, 4]"
22,"[43, 32, 3]"
30,"[43, 32, 6]"
18,"[43, 32, 7]"
27,"[43, 32, 34]"
29,"[43, 32, 33]"
30,"[43, 32, 28]"
31,"[43, 32, 25]"
20,"[43, 32, 13]"
22,"[43, 32, 53]"
20,"[43, 32, 31]"
20,"[43, 32, 12]"
22,"[43, 32, 42]"
21,"[43, 32, 51]"
17,"[43, 32, 14]"
18,"[43, 32, 9]"
31,"[43, 18]"
30,"[43, 18, 70]"
26,"[43, 18, 55]"
30,"[43, 18, 54]"
24,"[43, 18, 20]"
23,"[43, 18, 37]"
17,"[43, 18, 26]"
22,"[43, 18, 32]"
18,"[43, 18, 18]"
30,"[43, 18, 8]"
30,"[43, 18, 27]"
30,"[43, 18, 17]"
29,"[43, 18, 29]"
28,"[43, 18, 69]"
30,"[43, 18, 48]"
29,"[43, 18, 0]"
25,"[43, 18, 49]"
26,"[43, 18, 10]"
25,"[43, 18, 56]"
27,"[43, 18, 35]"
24,"[43, 18, 58]"
17,"[43, 18, 1]"
27,"[43, 18, 4]"
22,"[43, 18, 3]"
29,"[43, 18, 6]"
17,"[43, 18, 7]"
26,"[43, 18, 34]"
27,"[43, 18, 33]"
28,"[43, 18, 28]"
29,"[43, 18, 25]"
16,"[43, 18, 13]"
18,"[43, 18, 53]"
20,"[43, 18, 31]"
17,"[43, 18, 12]"
19,"[43, 18, 42]"
17,"[43, 18, 51]"
19,"[43, 18, 9]"
29,"[43, 55]"
19,"[43, 55, 20]"
16,"[43, 55, 27]"
20,"[43, 55, 17]"
19,"[43, 55, 29]"
27,"[43, 55, 69]"
27,"[43, 55, 70]"
17,"[43, 55, 48]"
18,"[43, 55, 0]"
17,"[43, 55, 55]"
30,"[43, 20]"
26,"[43, 20, 37]"
21,"[43, 20, 26]"
19,"[43, 20, 50]"
19,"[43, 20, 32]"
19,"[43, 20, 18]"
18,"[43, 20, 8]"
23,"[43, 20, 27]"
27,"[43, 20, 17]"
24,"[43, 20, 29]"
27,"[43, 20, 69]"
29,"[43, 20, 70]"
29,"[43, 20, 48]"
27,"[43, 20, 0]"
24,"[43, 20, 55]"
26,"[43, 20, 54]"
25,"[43, 20, 49]"
18,"[43, 20, 35]"
16,"[43, 20, 58]"
17,"[43, 20, 60]"
22,"[43, 20, 4]"
24,"[43, 20, 6]"
18,"[43, 20, 34]"
21,"[43, 20, 33]"
25,"[43, 20, 28]"
28,"[43, 20, 25]"
19,"[43, 20, 20]"
16,"[43, 20, 42]"
29,"[43, 37]"
22,"[43, 37, 26]"
19,"[43, 37, 50]"
20,"[43, 37, 32]"
18,"[43, 37, 18]"
18,"[43, 37, 8]"
24,"[43, 37, 27]"
27,"[43, 37, 17]"
25,"[43, 37, 29]"
27,"[43, 37, 69]"
28,"[43, 37, 70]"
21,"[43, 37, 48]"
25,"[43, 37, 0]"
24,"[43, 37, 55]"
23,"[43, 37, 54]"
19,"[43, 37, 49]"
20,"[43, 37, 60]"
21,"[43, 37, 4]"
23,"[43, 37, 6]"
19,"[43, 37, 33]"
19,"[43, 37, 28]"
19,"[43, 37, 25]"
18,"[43, 37, 20]"
25,"[43, 26]"
19,"[43, 26, 50]"
16,"[43, 26, 8]"
18,"[43, 26, 27]"
22,"[43, 26, 17]"
19,"[43, 26, 29]"
22,"[43, 26, 69]"
24,"[43, 26, 70]"
22,"[43, 26, 48]"
21,"[43, 26, 0]"
21,"[43, 26, 55]"
19,"[43, 26, 54]"
17,"[43, 26, 49]"
21,"[43, 26, 4]"
21,"[43, 26, 6]"
17,"[43, 26, 33]"
17,"[43, 26, 28]"
17,"[43, 26, 25]"
21,"[43, 50]"
16,"[43, 50, 27]"
19,"[43, 50, 17]"
17,"[43, 50, 29]"
19,"[43, 50, 69]"
21,"[43, 50, 70]"
17,"[43, 50, 48]"
18,"[43, 50, 0]"
18,"[43, 50, 55]"
17,"[43, 50, 54]"
18,"[43, 50, 4]"
17,"[43, 50, 6]"
32,"[43, 8]"
30,"[43, 8, 27]"
31,"[43, 8, 17]"
29,"[43, 8, 29]"
29,"[43, 8, 69]"
31,"[43, 8, 70]"
31,"[43, 8, 48]"
29,"[43, 8, 0]"
27,"[43, 8, 55]"
30,"[43, 8, 54]"
26,"[43, 8, 49]"
26,"[43, 8, 10]"
21,"[43, 8, 32]"
18,"[43, 8, 18]"
25,"[43, 8, 56]"
27,"[43, 8, 35]"
24,"[43, 8, 58]"
17,"[43, 8, 1]"
28,"[43, 8, 4]"
22,"[43, 8, 3]"
30,"[43, 8, 6]"
18,"[43, 8, 7]"
26,"[43, 8, 34]"
28,"[43, 8, 33]"
29,"[43, 8, 28]"
29,"[43, 8, 25]"
24,"[43, 8, 20]"
16,"[43, 8, 53]"
18,"[43, 8, 8]"
17,"[43, 8, 26]"
23,"[43, 8, 37]"
18,"[43, 8, 12]"
20,"[43, 8, 42]"
16,"[43, 8, 51]"
19,"[43, 8, 9]"
34,"[43, 27]"
32,"[43, 27, 17]"
29,"[43, 27, 29]"
31,"[43, 27, 69]"
32,"[43, 27, 70]"
31,"[43, 27, 48]"
32,"[43, 27, 0]"
26,"[43, 27, 55]"
29,"[43, 27, 54]"
25,"[43, 27, 49]"
25,"[43, 27, 10]"
20,"[43, 27, 32]"
18,"[43, 27, 18]"
25,"[43, 27, 27]"
23,"[43, 27, 56]"
27,"[43, 27, 35]"
24,"[43, 27, 58]"
17,"[43, 27, 1]"
27,"[43, 27, 4]"
23,"[43, 27, 3]"
30,"[43, 27, 6]"
17,"[43, 27, 7]"
27,"[43, 27, 34]"
28,"[43, 27, 33]"
28,"[43, 27, 28]"
30,"[43, 27, 25]"
24,"[43, 27, 20]"
17,"[43, 27, 13]"
17,"[43, 27, 53]"
20,"[43, 27, 8]"
17,"[43, 27, 26]"
24,"[43, 27, 37]"
18,"[43, 27, 12]"
19,"[43, 27, 42]"
18,"[43, 27, 51]"
16,"[43, 27, 14]"
35,"[43, 17]"
31,"[43, 17, 29]"
33,"[43, 17, 69]"
34,"[43, 17, 70]"
32,"[43, 17, 48]"
33,"[43, 17, 0]"
27,"[43, 17, 55]"
29,"[43, 17, 54]"
26,"[43, 17, 49]"
25,"[43, 17, 10]"
20,"[43, 17, 32]"
16,"[43, 17, 18]"
27,"[43, 17, 27]"
23,"[43, 17, 56]"
28,"[43, 17, 35]"
24,"[43, 17, 58]"
30,"[43, 17, 17]"
16,"[43, 17, 1]"
28,"[43, 17, 4]"
23,"[43, 17, 3]"
31,"[43, 17, 6]"
18,"[43, 17, 7]"
27,"[43, 17, 34]"
29,"[43, 17, 33]"
29,"[43, 17, 28]"
30,"[43, 17, 25]"
24,"[43, 17, 20]"
18,"[43, 17, 13]"
18,"[43, 17, 53]"
18,"[43, 17, 8]"
18,"[43, 17, 26]"
26,"[43, 17, 37]"
20,"[43, 17, 12]"
21,"[43, 17, 42]"
19,"[43, 17, 51]"
17,"[43, 17, 14]"
32,"[43, 29]"
29,"[43, 29, 69]"
32,"[43, 29, 70]"
30,"[43, 29, 48]"
29,"[43, 29, 0]"
25,"[43, 29, 55]"
27,"[43, 29, 54]"
24,"[43, 29, 49]"
23,"[43, 29, 10]"
20,"[43, 29, 32]"
16,"[43, 29, 18]"
25,"[43, 29, 27]"
23,"[43, 29, 56]"
26,"[43, 29, 35]"
24,"[43, 29, 58]"
30,"[43, 29, 17]"
30,"[43, 29, 29]"
26,"[43, 29, 4]"
30,"[43, 29, 6]"
18,"[43, 29, 7]"
25,"[43, 29, 34]"
28,"[43, 29, 33]"
27,"[43, 29, 28]"
29,"[43, 29, 25]"
23,"[43, 29, 20]"
16,"[43, 29, 8]"
18,"[43, 29, 26]"
26,"[43, 29, 37]"
18,"[43, 29, 12]"
20,"[43, 29, 42]"
34,"[43, 0]"
26,"[43, 0, 55]"
29,"[43, 0, 54]"
26,"[43, 0, 49]"
33,"[43, 0, 70]"
23,"[43, 0, 10]"
20,"[43, 0, 32]"
17,"[43, 0, 18]"
25,"[43, 0, 27]"
23,"[43, 0, 56]"
28,"[43, 0, 35]"
25,"[43, 0, 58]"
30,"[43, 0, 0]"
29,"[43, 0, 17]"
30,"[43, 0, 29]"
17,"[43, 0, 1]"
27,"[43, 0, 4]"
25,"[43, 0, 3]"
30,"[43, 0, 6]"
18,"[43, 0, 7]"
25,"[43, 0, 34]"
26,"[43, 0, 33]"
27,"[43, 0, 28]"
29,"[43, 0, 25]"
31,"[43, 0, 48]"
22,"[43, 0, 20]"
32,"[43, 0, 69]"
17,"[43, 0, 13]"
18,"[43, 0, 53]"
19,"[43, 0, 8]"
17,"[43, 0, 26]"
25,"[43, 0, 37]"
19,"[43, 0, 12]"
20,"[43, 0, 42]"
18,"[43, 0, 51]"
16,"[43, 0, 14]"
26,"[43, 10]"
17,"[43, 10, 32]"
20,"[43, 10, 27]"
24,"[43, 10, 56]"
26,"[43, 10, 70]"
23,"[43, 10, 35]"
19,"[43, 10, 58]"
24,"[43, 10, 0]"
25,"[43, 10, 17]"
23,"[43, 10, 29]"
19,"[43, 10, 4]"
21,"[43, 10, 6]"
22,"[43, 10, 34]"
23,"[43, 10, 33]"
23,"[43, 10, 28]"
25,"[43, 10, 25]"
26,"[43, 10, 48]"
25,"[43, 10, 54]"
21,"[43, 10, 20]"
24,"[43, 10, 69]"
20,"[43, 10, 37]"
23,"[43, 10, 55]"
22,"[43, 10, 49]"
26,"[43, 56]"
16,"[43, 56, 56]"
26,"[43, 56, 70]"
23,"[43, 56, 35]"
19,"[43, 56, 58]"
23,"[43, 56, 0]"
19,"[43, 56, 27]"
25,"[43, 56, 17]"
23,"[43, 56, 29]"
19,"[43, 56, 4]"
21,"[43, 56, 6]"
22,"[43, 56, 34]"
23,"[43, 56, 33]"
23,"[43, 56, 28]"
25,"[43, 56, 25]"
25,"[43, 56, 48]"
25,"[43, 56, 54]"
21,"[43, 56, 20]"
23,"[43, 56, 69]"
20,"[43, 56, 37]"
22,"[43, 56, 55]"
22,"[43, 56, 49]"
29,"[43, 35]"
22,"[43, 35, 58]"
29,"[43, 35, 70]"
16,"[43, 35, 35]"
24,"[43, 35, 0]"
20,"[43, 35, 27]"
27,"[43, 35, 17]"
26,"[43, 35, 29]"
17,"[43, 35, 4]"
22,"[43, 35, 6]"
24,"[43, 35, 34]"
24,"[43, 35, 33]"
24,"[43, 35, 28]"
26,"[43, 35, 25]"
27,"[43, 35, 48]"
27,"[43, 35, 54]"
20,"[43, 35, 20]"
25,"[43, 35, 69]"
16,"[43, 35, 32]"
22,"[43, 35, 37]"
24,"[43, 35, 55]"
23,"[43, 35, 49]"
25,"[43, 58]"
25,"[43, 58, 70]"
18,"[43, 58, 35]"
23,"[43, 58, 0]"
19,"[43, 58, 27]"
25,"[43, 58, 17]"
24,"[43, 58, 29]"
20,"[43, 58, 6]"
21,"[43, 58, 34]"
23,"[43, 58, 33]"
23,"[43, 58, 28]"
23,"[43, 58, 25]"
24,"[43, 58, 48]"
24,"[43, 58, 54]"
19,"[43, 58, 20]"
22,"[43, 58, 69]"
20,"[43, 58, 37]"
21,"[43, 58, 55]"
20,"[43, 58, 49]"
17,"[43, 1]"
21,"[43, 60]"
16,"[43, 60, 4]"
16,"[43, 60, 6]"
20,"[43, 60, 70]"
16,"[43, 60, 27]"
19,"[43, 60, 17]"
16,"[43, 60, 29]"
18,"[43, 60, 0]"
20,"[43, 60, 69]"
17,"[43, 60, 55]"
29,"[43, 4]"
21,"[43, 4, 6]"
28,"[43, 4, 70]"
18,"[43, 4, 34]"
21,"[43, 4, 33]"
21,"[43, 4, 28]"
16,"[43, 4, 27]"
22,"[43, 4, 17]"
24,"[43, 4, 29]"
24,"[43, 4, 0]"
23,"[43, 4, 25]"
24,"[43, 4, 48]"
20,"[43, 4, 54]"
17,"[43, 4, 20]"
26,"[43, 4, 69]"
17,"[43, 4, 35]"
17,"[43, 4, 4]"
16,"[43, 4, 58]"
17,"[43, 4, 37]"
22,"[43, 4, 55]"
20,"[43, 4, 49]"
25,"[43, 3]"
23,"[43, 3, 6]"
16,"[43, 3, 7]"
25,"[43, 3, 70]"
19,"[43, 3, 34]"
20,"[43, 3, 33]"
21,"[43, 3, 28]"
19,"[43, 3, 27]"
22,"[43, 3, 17]"
22,"[43, 3, 29]"
24,"[43, 3, 0]"
22,"[43, 3, 25]"
23,"[43, 3, 48]"
22,"[43, 3, 54]"
17,"[43, 3, 20]"
23,"[43, 3, 69]"
20,"[43, 3, 35]"
22,"[43, 3, 4]"
19,"[43, 3, 58]"
17,"[43, 3, 56]"
19,"[43, 3, 37]"
21,"[43, 3, 55]"
20,"[43, 3, 49]"
31,"[43, 6]"
18,"[43, 6, 7]"
31,"[43, 6, 70]"
23,"[43, 6, 34]"
25,"[43, 6, 33]"
25,"[43, 6, 28]"
23,"[43, 6, 27]"
29,"[43, 6, 17]"
28,"[43, 6, 29]"
27,"[43, 6, 0]"
27,"[43, 6, 25]"
28,"[43, 6, 48]"
27,"[43, 6, 54]"
22,"[43, 6, 20]"
28,"[43, 6, 69]"
25,"[43, 6, 35]"
18,"[43, 6, 32]"
26,"[43, 6, 6]"
26,"[43, 6, 4]"
23,"[43, 6, 58]"
16,"[43, 6, 26]"
22,"[43, 6, 56]"
23,"[43, 6, 37]"
26,"[43, 6, 55]"
23,"[43, 6, 49]"
21,"[43, 6, 10]"
17,"[43, 6, 42]"
18,"[43, 7]"
18,"[43, 7, 70]"
16,"[43, 7, 28]"
16,"[43, 7, 17]"
16,"[43, 7, 29]"
16,"[43, 7, 25]"
17,"[43, 7, 48]"
17,"[43, 7, 69]"
20,"[43, 31]"
17,"[43, 31, 4]"
17,"[43, 31, 58]"
17,"[43, 31, 34]"
17,"[43, 31, 33]"
17,"[43, 31, 28]"
16,"[43, 31, 56]"
19,"[43, 31, 70]"
18,"[43, 31, 37]"
17,"[43, 31, 55]"
17,"[43, 31, 49]"
19,"[43, 31, 48]"
20,"[43, 31, 0]"
18,"[43, 31, 6]"
19,"[43, 31, 29]"
19,"[43, 31, 17]"
19,"[43, 31, 54]"
19,"[43, 31, 27]"
17,"[43, 31, 8]"
18,"[43, 31, 35]"
17,"[43, 31, 25]"
17,"[43, 31, 69]"
33,"[43, 51]"
28,"[43, 51, 13]"
19,"[43, 51, 16]"
18,"[43, 51, 68]"
26,"[43, 51, 53]"
29,"[43, 51, 69]"
22,"[43, 51, 51]"
18,"[43, 51, 43]"
32,"[43, 51, 70]"
26,"[43, 51, 34]"
26,"[43, 51, 33]"
27,"[43, 51, 28]"
27,"[43, 51, 25]"
30,"[43, 51, 48]"
29,"[43, 51, 54]"
27,"[43, 51, 55]"
26,"[43, 51, 20]"
26,"[43, 51, 37]"
22,"[43, 51, 26]"
18,"[43, 51, 50]"
19,"[43, 51, 60]"
29,"[43, 51, 32]"
26,"[43, 51, 18]"
16,"[43, 51, 31]"
27,"[43, 51, 8]"
28,"[43, 51, 27]"
30,"[43, 51, 17]"
28,"[43, 51, 29]"
30,"[43, 51, 0]"
23,"[43, 51, 3]"
26,"[43, 51, 6]"
26,"[43, 51, 4]"
21,"[43, 51, 10]"
22,"[43, 51, 56]"
25,"[43, 51, 35]"
21,"[43, 51, 58]"
24,"[43, 51, 49]"
16,"[43, 51, 1]"
22,"[43, 51, 12]"
23,"[43, 51, 42]"
22,"[43, 51, 14]"
21,"[43, 43]"
18,"[43, 43, 70]"
17,"[43, 43, 28]"
16,"[43, 43, 25]"
17,"[43, 43, 48]"
18,"[43, 43, 69]"
16,"[43, 43, 54]"
16,"[43, 43, 55]"
16,"[43, 43, 20]"
16,"[43, 43, 32]"
16,"[43, 43, 18]"
16,"[43, 43, 8]"
16,"[43, 43, 27]"
17,"[43, 43, 17]"
17,"[43, 43, 29]"
16,"[43, 43, 0]"
17,"[43, 43, 6]"
17,"[43, 43, 4]"
16,"[43, 43, 51]"
27,"[43, 42]"
25,"[43, 42, 69]"
22,"[43, 42, 13]"
21,"[43, 42, 53]"
18,"[43, 42, 42]"
20,"[43, 42, 12]"
21,"[43, 42, 51]"
25,"[43, 42, 29]"
17,"[43, 42, 43]"
25,"[43, 42, 70]"
20,"[43, 42, 34]"
21,"[43, 42, 33]"
23,"[43, 42, 28]"
23,"[43, 42, 25]"
23,"[43, 42, 48]"
22,"[43, 42, 54]"
19,"[43, 42, 20]"
18,"[43, 42, 37]"
22,"[43, 42, 32]"
21,"[43, 42, 18]"
22,"[43, 42, 8]"
22,"[43, 42, 27]"
24,"[43, 42, 17]"
24,"[43, 42, 0]"
23,"[43, 42, 6]"
16,"[43, 42, 10]"
16,"[43, 42, 56]"
19,"[43, 42, 14]"
16,"[43, 42, 3]"
22,"[43, 42, 4]"
19,"[43, 42, 55]"
18,"[43, 42, 35]"
18,"[43, 42, 58]"
18,"[43, 42, 49]"
19,"[43, 9]"
18,"[43, 9, 27]"
18,"[43, 9, 17]"
17,"[43, 9, 29]"
18,"[43, 9, 0]"
18,"[43, 9, 6]"
16,"[43, 9, 4]"
18,"[43, 9, 70]"
16,"[43, 9, 69]"
17,"[43, 9, 54]"
17,"[43, 9, 48]"
16,"[43, 9, 28]"
17,"[43, 9, 25]"
16,"[43, 9, 35]"
43,[14]
23,"[14, 68]"
19,"[14, 68, 53]"
19,"[14, 68, 69]"
22,"[14, 68, 70]"
17,"[14, 68, 34]"
19,"[14, 68, 33]"
18,"[14, 68, 28]"
20,"[14, 68, 25]"
19,"[14, 68, 49]"
21,"[14, 68, 48]"
20,"[14, 68, 54]"
21,"[14, 68, 32]"
18,"[14, 68, 18]"
17,"[14, 68, 20]"
16,"[14, 68, 37]"
20,"[14, 68, 8]"
17,"[14, 68, 27]"
20,"[14, 68, 17]"
19,"[14, 68, 29]"
19,"[14, 68, 0]"
16,"[14, 68, 35]"
17,"[14, 68, 58]"
18,"[14, 68, 4]"
19,"[14, 68, 6]"
37,"[14, 13]"
23,"[14, 13, 16]"
23,"[14, 13, 68]"
32,"[14, 13, 53]"
35,"[14, 13, 69]"
21,"[14, 13, 12]"
37,"[14, 13, 70]"
28,"[14, 13, 34]"
30,"[14, 13, 33]"
31,"[14, 13, 28]"
33,"[14, 13, 25]"
26,"[14, 13, 49]"
35,"[14, 13, 48]"
32,"[14, 13, 54]"
31,"[14, 13, 32]"
28,"[14, 13, 18]"
24,"[14, 13, 55]"
29,"[14, 13, 20]"
24,"[14, 13, 37]"
23,"[14, 13, 26]"
20,"[14, 13, 50]"
27,"[14, 13, 8]"
29,"[14, 13, 27]"
34,"[14, 13, 17]"
31,"[14, 13, 29]"
33,"[14, 13, 0]"
19,"[14, 13, 10]"
24,"[14, 13, 56]"
24,"[14, 13, 35]"
24,"[14, 13, 58]"
20,"[14, 13, 60]"
25,"[14, 13, 4]"
19,"[14, 13, 3]"
32,"[14, 13, 6]"
17,"[14, 13, 7]"
22,"[14, 13, 13]"
26,"[14, 13, 42]"
21,"[14, 13, 51]"
16,"[14, 13, 9]"
16,"[14, 13, 14]"
24,"[14, 16]"
18,"[14, 16, 68]"
19,"[14, 16, 53]"
21,"[14, 16, 69]"
23,"[14, 16, 70]"
20,"[14, 16, 34]"
20,"[14, 16, 33]"
20,"[14, 16, 28]"
20,"[14, 16, 25]"
19,"[14, 16, 49]"
22,"[14, 16, 48]"
21,"[14, 16, 54]"
22,"[14, 16, 32]"
20,"[14, 16, 18]"
19,"[14, 16, 20]"
18,"[14, 16, 37]"
16,"[14, 16, 26]"
22,"[14, 16, 8]"
19,"[14, 16, 27]"
21,"[14, 16, 17]"
20,"[14, 16, 29]"
21,"[14, 16, 0]"
16,"[14, 16, 56]"
19,"[14, 16, 35]"
19,"[14, 16, 58]"
19,"[14, 16, 4]"
20,"[14, 16, 6]"
17,"[14, 16, 42]"
33,"[14, 53]"
30,"[14, 53, 69]"
21,"[14, 53, 12]"
33,"[14, 53, 70]"
28,"[14, 53, 34]"
29,"[14, 53, 33]"
30,"[14, 53, 28]"
31,"[14, 53, 25]"
26,"[14, 53, 49]"
32,"[14, 53, 48]"
32,"[14, 53, 54]"
30,"[14, 53, 32]"
27,"[14, 53, 18]"
24,"[14, 53, 55]"
28,"[14, 53, 20]"
24,"[14, 53, 37]"
23,"[14, 53, 26]"
19,"[14, 53, 50]"
27,"[14, 53, 8]"
27,"[14, 53, 27]"
31,"[14, 53, 17]"
30,"[14, 53, 29]"
31,"[14, 53, 0]"
21,"[14, 53, 10]"
25,"[14, 53, 56]"
25,"[14, 53, 35]"
25,"[14, 53, 58]"
19,"[14, 53, 60]"
25,"[14, 53, 4]"
19,"[14, 53, 3]"
30,"[14, 53, 6]"
17,"[14, 53, 7]"
20,"[14, 53, 13]"
23,"[14, 53, 53]"
16,"[14, 53, 16]"
25,"[14, 53, 42]"
20,"[14, 53, 51]"
17,"[14, 53, 14]"
16,"[14, 53, 9]"
42,"[14, 69]"
29,"[14, 69, 12]"
42,"[14, 69, 70]"
32,"[14, 69, 34]"
34,"[14, 69, 33]"
34,"[14, 69, 28]"
36,"[14, 69, 25]"
31,"[14, 69, 49]"
39,"[14, 69, 48]"
38,"[14, 69, 54]"
32,"[14, 69, 32]"
30,"[14, 69, 18]"
30,"[14, 69, 55]"
33,"[14, 69, 20]"
30,"[14, 69, 37]"
30,"[14, 69, 26]"
24,"[14, 69, 50]"
31,"[14, 69, 8]"
35,"[14, 69, 27]"
41,"[14, 69, 17]"
39,"[14, 69, 29]"
40,"[14, 69, 69]"
41,"[14, 69, 0]"
27,"[14, 69, 10]"
29,"[14, 69, 56]"
31,"[14, 69, 35]"
32,"[14, 69, 58]"
20,"[14, 69, 1]"
25,"[14, 69, 60]"
29,"[14, 69, 4]"
27,"[14, 69, 3]"
38,"[14, 69, 6]"
20,"[14, 69, 7]"
32,"[14, 69, 13]"
17,"[14, 69, 68]"
30,"[14, 69, 53]"
18,"[14, 69, 16]"
17,"[14, 69, 31]"
34,"[14, 69, 42]"
30,"[14, 69, 51]"
17,"[14, 69, 9]"
21,"[14, 69, 43]"
16,"[14, 69, 36]"
23,"[14, 69, 14]"
16,"[14, 69, 65]"
19,"[14, 69, 63]"
29,"[14, 12]"
27,"[14, 12, 70]"
17,"[14, 12, 34]"
21,"[14, 12, 33]"
21,"[14, 12, 28]"
22,"[14, 12, 25]"
17,"[14, 12, 49]"
26,"[14, 12, 48]"
22,"[14, 12, 54]"
17,"[14, 12, 32]"
17,"[14, 12, 55]"
18,"[14, 12, 20]"
17,"[14, 12, 8]"
19,"[14, 12, 27]"
22,"[14, 12, 17]"
21,"[14, 12, 29]"
28,"[14, 12, 69]"
22,"[14, 12, 0]"
17,"[14, 12, 4]"
19,"[14, 12, 6]"
19,"[14, 12, 13]"
20,"[14, 12, 53]"
27,"[14, 12, 42]"
23,"[14, 12, 51]"
17,"[14, 12, 43]"
17,"[14, 12, 14]"
43,"[14, 70]"
36,"[14, 70, 34]"
38,"[14, 70, 33]"
38,"[14, 70, 28]"
40,"[14, 70, 25]"
33,"[14, 70, 49]"
40,"[14, 70, 48]"
41,"[14, 70, 70]"
41,"[14, 70, 54]"
35,"[14, 70, 32]"
33,"[14, 70, 18]"
31,"[14, 70, 55]"
38,"[14, 70, 20]"
33,"[14, 70, 37]"
33,"[14, 70, 26]"
28,"[14, 70, 50]"
32,"[14, 70, 8]"
35,"[14, 70, 27]"
39,"[14, 70, 17]"
38,"[14, 70, 29]"
38,"[14, 70, 69]"
40,"[14, 70, 0]"
30,"[14, 70, 10]"
32,"[14, 70, 56]"
16,"[14, 70, 11]"
16,"[14, 70, 57]"
33,"[14, 70, 35]"
33,"[14, 70, 58]"
16,"[14, 70, 59]"
19,"[14, 70, 1]"
26,"[14, 70, 60]"
28,"[14, 70, 4]"
29,"[14, 70, 3]"
37,"[14, 70, 6]"
21,"[14, 70, 7]"
26,"[14, 70, 13]"
26,"[14, 70, 53]"
18,"[14, 70, 31]"
30,"[14, 70, 42]"
25,"[14, 70, 12]"
25,"[14, 70, 51]"
16,"[14, 70, 43]"
17,"[14, 70, 36]"
21,"[14, 70, 14]"
16,"[14, 70, 65]"
20,"[14, 70, 63]"
16,"[14, 70, 9]"
36,"[14, 34]"
35,"[14, 34, 33]"
36,"[14, 34, 28]"
36,"[14, 34, 25]"
29,"[14, 34, 49]"
35,"[14, 34, 48]"
36,"[14, 34, 70]"
33,"[14, 34, 54]"
28,"[14, 34, 32]"
27,"[14, 34, 18]"
25,"[14, 34, 55]"
33,"[14, 34, 20]"
29,"[14, 34, 37]"
27,"[14, 34, 26]"
23,"[14, 34, 50]"
24,"[14, 34, 8]"
29,"[14, 34, 27]"
35,"[14, 34, 17]"
35,"[14, 34, 29]"
32,"[14, 34, 69]"
30,"[14, 34, 0]"
22,"[14, 34, 10]"
20,"[14, 34, 56]"
23,"[14, 34, 35]"
22,"[14, 34, 58]"
16,"[14, 34, 1]"
22,"[14, 34, 60]"
22,"[14, 34, 4]"
18,"[14, 34, 3]"
31,"[14, 34, 6]"
16,"[14, 34, 7]"
24,"[14, 34, 34]"
18,"[14, 34, 13]"
19,"[14, 34, 53]"
24,"[14, 34, 42]"
20,"[14, 34, 12]"
20,"[14, 34, 51]"
38,"[14, 33]"
37,"[14, 33, 28]"
38,"[14, 33, 25]"
30,"[14, 33, 49]"
37,"[14, 33, 48]"
38,"[14, 33, 70]"
37,"[14, 33, 54]"
24,"[14, 33, 32]"
23,"[14, 33, 18]"
27,"[14, 33, 55]"
33,"[14, 33, 20]"
30,"[14, 33, 37]"
28,"[14, 33, 26]"
24,"[14, 33, 50]"
21,"[14, 33, 8]"
27,"[14, 33, 27]"
36,"[14, 33, 17]"
37,"[14, 33, 29]"
34,"[14, 33, 69]"
32,"[14, 33, 0]"
18,"[14, 33, 10]"
20,"[14, 33, 56]"
22,"[14, 33, 35]"
21,"[14, 33, 58]"
22,"[14, 33, 60]"
21,"[14, 33, 4]"
30,"[14, 33, 6]"
25,"[14, 33, 34]"
27,"[14, 33, 33]"
18,"[14, 33, 13]"
19,"[14, 33, 53]"
26,"[14, 33, 42]"
20,"[14, 33, 12]"
18,"[14, 33, 51]"
38,"[14, 28]"
36,"[14, 28, 25]"
29,"[14, 28, 49]"
36,"[14, 28, 48]"
38,"[14, 28, 70]"
36,"[14, 28, 54]"
23,"[14, 28, 32]"
23,"[14, 28, 18]"
25,"[14, 28, 55]"
28,"[14, 28, 20]"
28,"[14, 28, 37]"
24,"[14, 28, 26]"
22,"[14, 28, 50]"
21,"[14, 28, 8]"
27,"[14, 28, 27]"
35,"[14, 28, 17]"
36,"[14, 28, 29]"
33,"[14, 28, 69]"
31,"[14, 28, 0]"
18,"[14, 28, 10]"
18,"[14, 28, 56]"
21,"[14, 28, 35]"
19,"[14, 28, 58]"
21,"[14, 28, 60]"
20,"[14, 28, 4]"
16,"[14, 28, 3]"
30,"[14, 28, 6]"
22,"[14, 28, 34]"
24,"[14, 28, 33]"
30,"[14, 28, 28]"
17,"[14, 28, 13]"
17,"[14, 28, 53]"
25,"[14, 28, 42]"
19,"[14, 28, 12]"
17,"[14, 28, 51]"
40,"[14, 25]"
32,"[14, 25, 49]"
37,"[14, 25, 48]"
27,"[14, 25, 25]"
39,"[14, 25, 70]"
36,"[14, 25, 54]"
22,"[14, 25, 32]"
24,"[14, 25, 18]"
29,"[14, 25, 55]"
27,"[14, 25, 20]"
26,"[14, 25, 37]"
22,"[14, 25, 26]"
20,"[14, 25, 50]"
22,"[14, 25, 8]"
28,"[14, 25, 27]"
37,"[14, 25, 17]"
37,"[14, 25, 29]"
32,"[14, 25, 69]"
32,"[14, 25, 0]"
17,"[14, 25, 10]"
19,"[14, 25, 56]"
22,"[14, 25, 35]"
21,"[14, 25, 58]"
21,"[14, 25, 60]"
22,"[14, 25, 4]"
32,"[14, 25, 6]"
20,"[14, 25, 34]"
25,"[14, 25, 33]"
28,"[14, 25, 28]"
16,"[14, 25, 13]"
16,"[14, 25, 53]"
24,"[14, 25, 42]"
19,"[14, 25, 12]"
18,"[14, 25, 51]"
33,"[14, 49]"
21,"[14, 49, 48]"
18,"[14, 49, 49]"
30,"[14, 49, 70]"
27,"[14, 49, 54]"
16,"[14, 49, 32]"
27,"[14, 49, 55]"
18,"[14, 49, 20]"
22,"[14, 49, 27]"
29,"[14, 49, 17]"
28,"[14, 49, 29]"
26,"[14, 49, 69]"
25,"[14, 49, 0]"
17,"[14, 49, 4]"
21,"[14, 49, 6]"
17,"[14, 49, 33]"
18,"[14, 49, 28]"
40,"[14, 48]"
31,"[14, 48, 49]"
31,"[14, 48, 48]"
27,"[14, 48, 25]"
39,"[14, 48, 70]"
36,"[14, 48, 54]"
21,"[14, 48, 32]"
22,"[14, 48, 18]"
29,"[14, 48, 55]"
27,"[14, 48, 20]"
25,"[14, 48, 37]"
23,"[14, 48, 26]"
20,"[14, 48, 50]"
21,"[14, 48, 8]"
26,"[14, 48, 27]"
36,"[14, 48, 17]"
36,"[14, 48, 29]"
33,"[14, 48, 69]"
32,"[14, 48, 0]"
16,"[14, 48, 10]"
18,"[14, 48, 56]"
20,"[14, 48, 35]"
19,"[14, 48, 58]"
21,"[14, 48, 60]"
21,"[14, 48, 4]"
16,"[14, 48, 3]"
29,"[14, 48, 6]"
17,"[14, 48, 34]"
22,"[14, 48, 33]"
25,"[14, 48, 28]"
18,"[14, 48, 53]"
22,"[14, 48, 42]"
18,"[14, 48, 12]"
18,"[14, 48, 51]"
41,"[14, 54]"
21,"[14, 54, 32]"
20,"[14, 54, 18]"
39,"[14, 54, 70]"
30,"[14, 54, 55]"
31,"[14, 54, 54]"
28,"[14, 54, 20]"
23,"[14, 54, 37]"
24,"[14, 54, 26]"
22,"[14, 54, 50]"
19,"[14, 54, 8]"
25,"[14, 54, 27]"
36,"[14, 54, 17]"
37,"[14, 54, 29]"
34,"[14, 54, 69]"
28,"[14, 54, 48]"
32,"[14, 54, 0]"
25,"[14, 54, 49]"
18,"[14, 54, 10]"
21,"[14, 54, 56]"
18,"[14, 54, 35]"
16,"[14, 54, 58]"
19,"[14, 54, 60]"
20,"[14, 54, 4]"
28,"[14, 54, 6]"
18,"[14, 54, 34]"
21,"[14, 54, 33]"
26,"[14, 54, 28]"
26,"[14, 54, 25]"
17,"[14, 54, 13]"
17,"[14, 54, 53]"
23,"[14, 54, 42]"
18,"[14, 54, 12]"
16,"[14, 54, 51]"
38,"[14, 32]"
35,"[14, 32, 18]"
37,"[14, 32, 70]"
27,"[14, 32, 55]"
34,"[14, 32, 54]"
30,"[14, 32, 20]"
26,"[14, 32, 37]"
25,"[14, 32, 26]"
20,"[14, 32, 50]"
22,"[14, 32, 32]"
36,"[14, 32, 8]"
35,"[14, 32, 27]"
37,"[14, 32, 17]"
36,"[14, 32, 29]"
36,"[14, 32, 69]"
35,"[14, 32, 48]"
37,"[14, 32, 0]"
28,"[14, 32, 49]"
28,"[14, 32, 10]"
28,"[14, 32, 56]"
16,"[14, 32, 11]"
16,"[14, 32, 57]"
31,"[14, 32, 35]"
32,"[14, 32, 58]"
19,"[14, 32, 1]"
20,"[14, 32, 60]"
28,"[14, 32, 4]"
27,"[14, 32, 3]"
35,"[14, 32, 6]"
22,"[14, 32, 7]"
31,"[14, 32, 34]"
34,"[14, 32, 33]"
34,"[14, 32, 28]"
35,"[14, 32, 25]"
23,"[14, 32, 13]"
24,"[14, 32, 53]"
20,"[14, 32, 31]"
27,"[14, 32, 42]"
21,"[14, 32, 12]"
23,"[14, 32, 51]"
19,"[14, 32, 9]"
16,"[14, 32, 14]"
16,"[14, 32, 63]"
35,"[14, 18]"
34,"[14, 18, 70]"
25,"[14, 18, 55]"
32,"[14, 18, 54]"
29,"[14, 18, 20]"
23,"[14, 18, 37]"
21,"[14, 18, 26]"
17,"[14, 18, 50]"
19,"[14, 18, 32]"
35,"[14, 18, 8]"
34,"[14, 18, 27]"
34,"[14, 18, 17]"
34,"[14, 18, 29]"
33,"[14, 18, 69]"
32,"[14, 18, 48]"
33,"[14, 18, 0]"
26,"[14, 18, 49]"
27,"[14, 18, 10]"
29,"[14, 18, 56]"
17,"[14, 18, 57]"
28,"[14, 18, 35]"
28,"[14, 18, 58]"
17,"[14, 18, 1]"
16,"[14, 18, 60]"
27,"[14, 18, 4]"
26,"[14, 18, 3]"
32,"[14, 18, 6]"
20,"[14, 18, 7]"
28,"[14, 18, 34]"
31,"[14, 18, 33]"
31,"[14, 18, 28]"
32,"[14, 18, 25]"
18,"[14, 18, 13]"
19,"[14, 18, 53]"
18,"[14, 18, 31]"
24,"[14, 18, 42]"
18,"[14, 18, 12]"
20,"[14, 18, 51]"
20,"[14, 18, 9]"
31,"[14, 55]"
21,"[14, 55, 20]"
18,"[14, 55, 27]"
23,"[14, 55, 17]"
21,"[14, 55, 29]"
28,"[14, 55, 69]"
28,"[14, 55, 70]"
17,"[14, 55, 48]"
20,"[14, 55, 0]"
16,"[14, 55, 55]"
16,"[14, 55, 6]"
17,"[14, 55, 33]"
38,"[14, 20]"
31,"[14, 20, 37]"
29,"[14, 20, 26]"
26,"[14, 20, 50]"
19,"[14, 20, 32]"
21,"[14, 20, 18]"
19,"[14, 20, 8]"
25,"[14, 20, 27]"
33,"[14, 20, 17]"
31,"[14, 20, 29]"
32,"[14, 20, 69]"
36,"[14, 20, 70]"
33,"[14, 20, 48]"
31,"[14, 20, 0]"
25,"[14, 20, 55]"
32,"[14, 20, 54]"
29,"[14, 20, 49]"
16,"[14, 20, 10]"
17,"[14, 20, 56]"
20,"[14, 20, 35]"
19,"[14, 20, 58]"
23,"[14, 20, 60]"
19,"[14, 20, 4]"
16,"[14, 20, 3]"
27,"[14, 20, 6]"
19,"[14, 20, 34]"
22,"[14, 20, 33]"
31,"[14, 20, 28]"
34,"[14, 20, 25]"
25,"[14, 20, 20]"
22,"[14, 20, 42]"
19,"[14, 20, 12]"
33,"[14, 37]"
26,"[14, 37, 26]"
23,"[14, 37, 50]"
19,"[14, 37, 32]"
19,"[14, 37, 18]"
18,"[14, 37, 8]"
25,"[14, 37, 27]"
31,"[14, 37, 17]"
29,"[14, 37, 29]"
29,"[14, 37, 69]"
32,"[14, 37, 70]"
25,"[14, 37, 48]"
26,"[14, 37, 0]"
25,"[14, 37, 55]"
27,"[14, 37, 54]"
22,"[14, 37, 49]"
16,"[14, 37, 56]"
24,"[14, 37, 60]"
19,"[14, 37, 4]"
25,"[14, 37, 6]"
19,"[14, 37, 33]"
22,"[14, 37, 28]"
23,"[14, 37, 25]"
22,"[14, 37, 20]"
18,"[14, 37, 42]"
16,"[14, 37, 12]"
33,"[14, 26]"
25,"[14, 26, 50]"
16,"[14, 26, 32]"
16,"[14, 26, 18]"
16,"[14, 26, 8]"
21,"[14, 26, 27]"
29,"[14, 26, 17]"
25,"[14, 26, 29]"
25,"[14, 26, 69]"
29,"[14, 26, 70]"
27,"[14, 26, 48]"
24,"[14, 26, 0]"
23,"[14, 26, 55]"
23,"[14, 26, 54]"
20,"[14, 26, 49]"
19,"[14, 26, 4]"
23,"[14, 26, 6]"
18,"[14, 26, 33]"
22,"[14, 26, 28]"
22,"[14, 26, 25]"
21,"[14, 26, 20]"
16,"[14, 26, 42]"
28,"[14, 50]"
18,"[14, 50, 27]"
25,"[14, 50, 17]"
22,"[14, 50, 29]"
21,"[14, 50, 69]"
25,"[14, 50, 70]"
20,"[14, 50, 48]"
21,"[14, 50, 0]"
19,"[14, 50, 55]"
21,"[14, 50, 54]"
18,"[14, 50, 49]"
16,"[14, 50, 4]"
19,"[14, 50, 6]"
17,"[14, 50, 28]"
18,"[14, 50, 25]"
17,"[14, 50, 20]"
36,"[14, 8]"
35,"[14, 8, 27]"
36,"[14, 8, 17]"
34,"[14, 8, 29]"
35,"[14, 8, 69]"
36,"[14, 8, 70]"
35,"[14, 8, 48]"
34,"[14, 8, 0]"
27,"[14, 8, 55]"
33,"[14, 8, 54]"
29,"[14, 8, 49]"
28,"[14, 8, 10]"
21,"[14, 8, 32]"
17,"[14, 8, 18]"
30,"[14, 8, 56]"
16,"[14, 8, 11]"
17,"[14, 8, 57]"
19,"[14, 8, 50]"
28,"[14, 8, 35]"
29,"[14, 8, 58]"
18,"[14, 8, 1]"
17,"[14, 8, 60]"
29,"[14, 8, 4]"
27,"[14, 8, 3]"
35,"[14, 8, 6]"
23,"[14, 8, 7]"
30,"[14, 8, 34]"
33,"[14, 8, 33]"
34,"[14, 8, 28]"
34,"[14, 8, 25]"
30,"[14, 8, 20]"
19,"[14, 8, 13]"
19,"[14, 8, 53]"
19,"[14, 8, 8]"
23,"[14, 8, 26]"
24,"[14, 8, 37]"
26,"[14, 8, 42]"
20,"[14, 8, 12]"
20,"[14, 8, 51]"
20,"[14, 8, 9]"
40,"[14, 27]"
39,"[14, 27, 17]"
37,"[14, 27, 29]"
37,"[14, 27, 69]"
39,"[14, 27, 70]"
35,"[14, 27, 48]"
38,"[14, 27, 0]"
28,"[14, 27, 55]"
34,"[14, 27, 54]"
29,"[14, 27, 49]"
29,"[14, 27, 10]"
21,"[14, 27, 32]"
18,"[14, 27, 18]"
29,"[14, 27, 27]"
30,"[14, 27, 56]"
16,"[14, 27, 11]"
16,"[14, 27, 57]"
21,"[14, 27, 50]"
31,"[14, 27, 35]"
32,"[14, 27, 58]"
16,"[14, 27, 59]"
20,"[14, 27, 1]"
19,"[14, 27, 60]"
28,"[14, 27, 4]"
29,"[14, 27, 3]"
36,"[14, 27, 6]"
22,"[14, 27, 7]"
30,"[14, 27, 34]"
33,"[14, 27, 33]"
31,"[14, 27, 28]"
35,"[14, 27, 25]"
30,"[14, 27, 20]"
20,"[14, 27, 13]"
19,"[14, 27, 53]"
21,"[14, 27, 8]"
25,"[14, 27, 26]"
26,"[14, 27, 37]"
26,"[14, 27, 42]"
21,"[14, 27, 12]"
21,"[14, 27, 51]"
16,"[14, 27, 14]"
16,"[14, 27, 63]"
42,"[14, 17]"
39,"[14, 17, 29]"
38,"[14, 17, 69]"
41,"[14, 17, 70]"
37,"[14, 17, 48]"
39,"[14, 17, 0]"
29,"[14, 17, 55]"
34,"[14, 17, 54]"
28,"[14, 17, 49]"
29,"[14, 17, 10]"
20,"[14, 17, 32]"
16,"[14, 17, 18]"
29,"[14, 17, 27]"
30,"[14, 17, 56]"
16,"[14, 17, 57]"
22,"[14, 17, 50]"
30,"[14, 17, 35]"
30,"[14, 17, 58]"
40,"[14, 17, 17]"
18,"[14, 17, 1]"
21,"[14, 17, 60]"
28,"[14, 17, 4]"
28,"[14, 17, 3]"
36,"[14, 17, 6]"
23,"[14, 17, 7]"
30,"[14, 17, 34]"
34,"[14, 17, 33]"
32,"[14, 17, 28]"
34,"[14, 17, 25]"
30,"[14, 17, 20]"
21,"[14, 17, 13]"
20,"[14, 17, 53]"
17,"[14, 17, 8]"
27,"[14, 17, 26]"
28,"[14, 17, 37]"
27,"[14, 17, 42]"
22,"[14, 17, 12]"
20,"[14, 17, 51]"
16,"[14, 17, 14]"
17,"[14, 17, 63]"
40,"[14, 29]"
36,"[14, 29, 69]"
40,"[14, 29, 70]"
37,"[14, 29, 48]"
37,"[14, 29, 0]"
28,"[14, 29, 55]"
33,"[14, 29, 54]"
29,"[14, 29, 49]"
28,"[14, 29, 10]"
20,"[14, 29, 32]"
16,"[14, 29, 18]"
28,"[14, 29, 27]"
30,"[14, 29, 56]"
16,"[14, 29, 11]"
16,"[14, 29, 57]"
22,"[14, 29, 50]"
30,"[14, 29, 35]"
31,"[14, 29, 58]"
16,"[14, 29, 59]"
37,"[14, 29, 17]"
35,"[14, 29, 29]"
21,"[14, 29, 60]"
27,"[14, 29, 4]"
17,"[14, 29, 3]"
35,"[14, 29, 6]"
23,"[14, 29, 7]"
29,"[14, 29, 34]"
34,"[14, 29, 33]"
31,"[14, 29, 28]"
34,"[14, 29, 25]"
30,"[14, 29, 20]"
19,"[14, 29, 13]"
18,"[14, 29, 53]"
17,"[14, 29, 8]"
27,"[14, 29, 26]"
28,"[14, 29, 37]"
27,"[14, 29, 42]"
22,"[14, 29, 12]"
20,"[14, 29, 51]"
17,"[14, 29, 63]"
42,"[14, 0]"
29,"[14, 0, 55]"
35,"[14, 0, 54]"
29,"[14, 0, 49]"
40,"[14, 0, 70]"
28,"[14, 0, 10]"
21,"[14, 0, 32]"
17,"[14, 0, 18]"
29,"[14, 0, 27]"
30,"[14, 0, 56]"
16,"[14, 0, 57]"
21,"[14, 0, 50]"
31,"[14, 0, 35]"
32,"[14, 0, 58]"
36,"[14, 0, 0]"
38,"[14, 0, 17]"
39,"[14, 0, 29]"
20,"[14, 0, 1]"
20,"[14, 0, 60]"
27,"[14, 0, 4]"
31,"[14, 0, 3]"
34,"[14, 0, 6]"
23,"[14, 0, 7]"
31,"[14, 0, 34]"
34,"[14, 0, 33]"
33,"[14, 0, 28]"
35,"[14, 0, 25]"
37,"[14, 0, 48]"
29,"[14, 0, 20]"
39,"[14, 0, 69]"
21,"[14, 0, 13]"
20,"[14, 0, 53]"
18,"[14, 0, 8]"
26,"[14, 0, 26]"
28,"[14, 0, 37]"
29,"[14, 0, 42]"
24,"[14, 0, 12]"
22,"[14, 0, 51]"
17,"[14, 0, 14]"
16,"[14, 0, 63]"
35,"[14, 10]"
21,"[14, 10, 32]"
18,"[14, 10, 18]"
26,"[14, 10, 27]"
32,"[14, 10, 56]"
19,"[14, 10, 11]"
17,"[14, 10, 57]"
35,"[14, 10, 70]"
20,"[14, 10, 50]"
27,"[14, 10, 35]"
28,"[14, 10, 58]"
32,"[14, 10, 0]"
32,"[14, 10, 17]"
31,"[14, 10, 29]"
18,"[14, 10, 60]"
21,"[14, 10, 4]"
27,"[14, 10, 6]"
29,"[14, 10, 34]"
32,"[14, 10, 33]"
30,"[14, 10, 28]"
31,"[14, 10, 25]"
31,"[14, 10, 48]"
32,"[14, 10, 54]"
29,"[14, 10, 20]"
33,"[14, 10, 69]"
18,"[14, 10, 13]"
17,"[14, 10, 53]"
17,"[14, 10, 8]"
23,"[14, 10, 26]"
24,"[14, 10, 37]"
25,"[14, 10, 55]"
25,"[14, 10, 49]"
26,"[14, 10, 42]"
18,"[14, 10, 10]"
21,"[14, 10, 12]"
18,"[14, 10, 51]"
16,"[14, 10, 43]"
18,"[14, 10, 63]"
34,"[14, 56]"
19,"[14, 56, 56]"
18,"[14, 56, 57]"
34,"[14, 56, 70]"
21,"[14, 56, 50]"
26,"[14, 56, 35]"
26,"[14, 56, 58]"
29,"[14, 56, 0]"
23,"[14, 56, 27]"
30,"[14, 56, 17]"
29,"[14, 56, 29]"
16,"[14, 56, 60]"
19,"[14, 56, 4]"
26,"[14, 56, 6]"
27,"[14, 56, 34]"
29,"[14, 56, 33]"
28,"[14, 56, 28]"
30,"[14, 56, 25]"
29,"[14, 56, 48]"
31,"[14, 56, 54]"
28,"[14, 56, 20]"
31,"[14, 56, 69]"
16,"[14, 56, 13]"
22,"[14, 56, 26]"
22,"[14, 56, 37]"
24,"[14, 56, 55]"
26,"[14, 56, 49]"
23,"[14, 56, 42]"
16,"[14, 56, 10]"
18,"[14, 56, 12]"
17,"[14, 56, 51]"
16,"[14, 56, 63]"
19,"[14, 11]"
19,"[14, 11, 70]"
18,"[14, 11, 35]"
18,"[14, 11, 58]"
17,"[14, 11, 0]"
17,"[14, 11, 17]"
18,"[14, 11, 29]"
16,"[14, 11, 33]"
16,"[14, 11, 28]"
17,"[14, 11, 25]"
18,"[14, 11, 48]"
18,"[14, 11, 54]"
17,"[14, 11, 20]"
18,"[14, 11, 69]"
19,"[14, 11, 56]"
16,"[14, 11, 49]"
18,"[14, 57]"
18,"[14, 57, 70]"
17,"[14, 57, 17]"
17,"[14, 57, 29]"
16,"[14, 57, 28]"
18,"[14, 57, 25]"
18,"[14, 57, 48]"
16,"[14, 57, 54]"
17,"[14, 57, 69]"
35,"[14, 35]"
32,"[14, 35, 58]"
35,"[14, 35, 70]"
19,"[14, 35, 35]"
18,"[14, 35, 59]"
30,"[14, 35, 0]"
22,"[14, 35, 27]"
32,"[14, 35, 17]"
32,"[14, 35, 29]"
18,"[14, 35, 50]"
19,"[14, 35, 60]"
16,"[14, 35, 4]"
25,"[14, 35, 6]"
28,"[14, 35, 34]"
30,"[14, 35, 33]"
29,"[14, 35, 28]"
31,"[14, 35, 25]"
32,"[14, 35, 48]"
32,"[14, 35, 54]"
27,"[14, 35, 20]"
32,"[14, 35, 69]"
16,"[14, 35, 53]"
17,"[14, 35, 32]"
16,"[14, 35, 8]"
23,"[14, 35, 26]"
19,"[14, 35, 56]"
25,"[14, 35, 37]"
24,"[14, 35, 55]"
25,"[14, 35, 49]"
22,"[14, 35, 42]"
19,"[14, 35, 12]"
19,"[14, 35, 51]"
37,"[14, 58]"
37,"[14, 58, 70]"
20,"[14, 58, 35]"
21,"[14, 58, 58]"
19,"[14, 58, 59]"
32,"[14, 58, 0]"
25,"[14, 58, 27]"
34,"[14, 58, 17]"
34,"[14, 58, 29]"
21,"[14, 58, 50]"
19,"[14, 58, 60]"
16,"[14, 58, 4]"
26,"[14, 58, 6]"
29,"[14, 58, 34]"
32,"[14, 58, 33]"
31,"[14, 58, 28]"
32,"[14, 58, 25]"
33,"[14, 58, 48]"
33,"[14, 58, 54]"
29,"[14, 58, 20]"
33,"[14, 58, 69]"
17,"[14, 58, 13]"
17,"[14, 58, 53]"
17,"[14, 58, 32]"
16,"[14, 58, 18]"
16,"[14, 58, 8]"
25,"[14, 58, 26]"
21,"[14, 58, 56]"
26,"[14, 58, 37]"
25,"[14, 58, 55]"
26,"[14, 58, 49]"
23,"[14, 58, 42]"
19,"[14, 58, 12]"
20,"[14, 58, 51]"
16,"[14, 58, 14]"
16,"[14, 58, 63]"
19,"[14, 59]"
17,"[14, 59, 0]"
17,"[14, 59, 17]"
18,"[14, 59, 29]"
19,"[14, 59, 70]"
16,"[14, 59, 33]"
16,"[14, 59, 28]"
17,"[14, 59, 25]"
17,"[14, 59, 48]"
18,"[14, 59, 54]"
17,"[14, 59, 20]"
16,"[14, 59, 69]"
21,"[14, 1]"
18,"[14, 1, 70]"
16,"[14, 1, 6]"
17,"[14, 1, 17]"
19,"[14, 1, 29]"
16,"[14, 1, 25]"
16,"[14, 1, 48]"
17,"[14, 1, 54]"
17,"[14, 1, 69]"
16,"[14, 1, 58]"
26,"[14, 60]"
17,"[14, 60, 6]"
24,"[14, 60, 70]"
17,"[14, 60, 27]"
23,"[14, 60, 17]"
20,"[14, 60, 29]"
20,"[14, 60, 0]"
17,"[14, 60, 48]"
17,"[14, 60, 54]"
21,"[14, 60, 69]"
17,"[14, 60, 26]"
18,"[14, 60, 50]"
18,"[14, 60, 55]"
16,"[14, 60, 49]"
30,"[14, 4]"
21,"[14, 4, 6]"
29,"[14, 4, 70]"
21,"[14, 4, 34]"
23,"[14, 4, 33]"
23,"[14, 4, 28]"
16,"[14, 4, 27]"
22,"[14, 4, 17]"
24,"[14, 4, 29]"
24,"[14, 4, 0]"
24,"[14, 4, 25]"
25,"[14, 4, 48]"
22,"[14, 4, 54]"
21,"[14, 4, 20]"
27,"[14, 4, 69]"
19,"[14, 4, 35]"
18,"[14, 4, 4]"
20,"[14, 4, 58]"
16,"[14, 4, 56]"
20,"[14, 4, 55]"
20,"[14, 4, 49]"
16,"[14, 4, 10]"
17,"[14, 4, 42]"
31,"[14, 3]"
27,"[14, 3, 6]"
20,"[14, 3, 7]"
31,"[14, 3, 70]"
24,"[14, 3, 34]"
26,"[14, 3, 33]"
26,"[14, 3, 28]"
23,"[14, 3, 27]"
28,"[14, 3, 17]"
29,"[14, 3, 29]"
28,"[14, 3, 0]"
28,"[14, 3, 25]"
29,"[14, 3, 48]"
27,"[14, 3, 54]"
23,"[14, 3, 20]"
29,"[14, 3, 69]"
24,"[14, 3, 35]"
18,"[14, 3, 32]"
22,"[14, 3, 4]"
25,"[14, 3, 58]"
20,"[14, 3, 26]"
20,"[14, 3, 56]"
21,"[14, 3, 37]"
23,"[14, 3, 55]"
23,"[14, 3, 49]"
22,"[14, 3, 42]"
18,"[14, 3, 10]"
17,"[14, 3, 12]"
38,"[14, 6]"
24,"[14, 6, 7]"
38,"[14, 6, 70]"
29,"[14, 6, 34]"
32,"[14, 6, 33]"
31,"[14, 6, 28]"
26,"[14, 6, 27]"
35,"[14, 6, 17]"
33,"[14, 6, 29]"
32,"[14, 6, 0]"
32,"[14, 6, 25]"
33,"[14, 6, 48]"
32,"[14, 6, 54]"
28,"[14, 6, 20]"
35,"[14, 6, 69]"
17,"[14, 6, 13]"
17,"[14, 6, 53]"
29,"[14, 6, 35]"
18,"[14, 6, 32]"
16,"[14, 6, 8]"
28,"[14, 6, 6]"
27,"[14, 6, 4]"
30,"[14, 6, 58]"
23,"[14, 6, 26]"
18,"[14, 6, 50]"
29,"[14, 6, 56]"
25,"[14, 6, 37]"
28,"[14, 6, 55]"
26,"[14, 6, 49]"
23,"[14, 6, 10]"
24,"[14, 6, 42]"
18,"[14, 6, 60]"
20,"[14, 6, 12]"
18,"[14, 6, 51]"
24,"[14, 7]"
24,"[14, 7, 70]"
18,"[14, 7, 34]"
20,"[14, 7, 33]"
22,"[14, 7, 28]"
22,"[14, 7, 17]"
21,"[14, 7, 29]"
19,"[14, 7, 0]"
22,"[14, 7, 25]"
23,"[14, 7, 48]"
20,"[14, 7, 54]"
20,"[14, 7, 20]"
21,"[14, 7, 69]"
19,"[14, 7, 35]"
18,"[14, 7, 6]"
16,"[14, 7, 4]"
19,"[14, 7, 58]"
18,"[14, 7, 26]"
17,"[14, 7, 56]"
17,"[14, 7, 37]"
16,"[14, 7, 55]"
16,"[14, 7, 49]"
21,"[14, 31]"
17,"[14, 31, 4]"
19,"[14, 31, 58]"
17,"[14, 31, 34]"
17,"[14, 31, 33]"
18,"[14, 31, 28]"
16,"[14, 31, 56]"
20,"[14, 31, 70]"
16,"[14, 31, 49]"
18,"[14, 31, 48]"
20,"[14, 31, 0]"
18,"[14, 31, 6]"
21,"[14, 31, 29]"
20,"[14, 31, 17]"
19,"[14, 31, 54]"
18,"[14, 31, 27]"
16,"[14, 31, 8]"
18,"[14, 31, 69]"
18,"[14, 31, 35]"
17,"[14, 31, 25]"
16,"[14, 31, 20]"
34,"[14, 42]"
26,"[14, 42, 13]"
26,"[14, 42, 53]"
33,"[14, 42, 70]"
23,"[14, 42, 34]"
26,"[14, 42, 33]"
27,"[14, 42, 28]"
28,"[14, 42, 54]"
28,"[14, 42, 25]"
30,"[14, 42, 48]"
24,"[14, 42, 20]"
21,"[14, 42, 37]"
17,"[14, 42, 60]"
20,"[14, 42, 26]"
25,"[14, 42, 32]"
21,"[14, 42, 18]"
22,"[14, 42, 8]"
26,"[14, 42, 27]"
29,"[14, 42, 17]"
28,"[14, 42, 0]"
19,"[14, 42, 3]"
25,"[14, 42, 42]"
32,"[14, 42, 69]"
29,"[14, 42, 29]"
26,"[14, 42, 6]"
21,"[14, 42, 4]"
19,"[14, 42, 10]"
21,"[14, 42, 56]"
23,"[14, 42, 35]"
22,"[14, 42, 58]"
21,"[14, 42, 12]"
26,"[14, 42, 51]"
21,"[14, 42, 49]"
19,"[14, 42, 43]"
20,"[14, 42, 55]"
21,"[14, 42, 14]"
39,"[14, 51]"
37,"[14, 51, 70]"
33,"[14, 51, 25]"
34,"[14, 51, 48]"
34,"[14, 51, 54]"
28,"[14, 51, 49]"
28,"[14, 51, 42]"
26,"[14, 51, 55]"
33,"[14, 51, 69]"
33,"[14, 51, 29]"
31,"[14, 51, 27]"
34,"[14, 51, 17]"
30,"[14, 51, 13]"
18,"[14, 51, 68]"
26,"[14, 51, 53]"
30,"[14, 51, 33]"
29,"[14, 51, 58]"
33,"[14, 51, 0]"
28,"[14, 51, 6]"
16,"[14, 51, 7]"
30,"[14, 51, 32]"
26,"[14, 51, 56]"
24,"[14, 51, 3]"
29,"[14, 51, 20]"
26,"[14, 51, 37]"
19,"[14, 51, 60]"
24,"[14, 51, 26]"
21,"[14, 51, 50]"
26,"[14, 51, 18]"
27,"[14, 51, 8]"
17,"[14, 51, 31]"
24,"[14, 51, 4]"
17,"[14, 51, 1]"
17,"[14, 51, 16]"
30,"[14, 51, 28]"
27,"[14, 51, 35]"
29,"[14, 51, 34]"
22,"[14, 51, 51]"
23,"[14, 51, 14]"
21,"[14, 51, 12]"
24,"[14, 51, 10]"
17,"[14, 51, 65]"
17,"[14, 51, 9]"
19,"[14, 51, 63]"
20,"[14, 9]"
19,"[14, 9, 27]"
19,"[14, 9, 17]"
18,"[14, 9, 29]"
19,"[14, 9, 0]"
19,"[14, 9, 6]"
19,"[14, 9, 70]"
17,"[14, 9, 33]"
17,"[14, 9, 69]"
18,"[14, 9, 54]"
18,"[14, 9, 48]"
16,"[14, 9, 56]"
17,"[14, 9, 28]"
18,"[14, 9, 25]"
17,"[14, 9, 35]"
16,"[14, 9, 58]"
17,"[14, 9, 34]"
17,"[14, 9, 20]"
21,"[14, 43]"
16,"[14, 43, 42]"
18,"[14, 43, 70]"
17,"[14, 43, 48]"
19,"[14, 43, 69]"
16,"[14, 43, 28]"
17,"[14, 43, 29]"
17,"[14, 43, 17]"
16,"[14, 43, 27]"
16,"[14, 43, 0]"
16,"[14, 43, 14]"
16,"[14, 43, 51]"
27,"[14, 14]"
18,"[14, 14, 42]"
22,"[14, 14, 70]"
18,"[14, 14, 20]"
18,"[14, 14, 25]"
19,"[14, 14, 48]"
20,"[14, 14, 69]"
18,"[14, 14, 32]"
17,"[14, 14, 18]"
19,"[14, 14, 27]"
17,"[14, 14, 8]"
19,"[14, 14, 29]"
18,"[14, 14, 6]"
19,"[14, 14, 0]"
17,"[14, 14, 49]"
16,"[14, 14, 55]"
23,"[14, 14, 51]"
21,"[14, 14, 17]"
20,"[14, 14, 13]"
18,"[14, 14, 53]"
19,"[14, 14, 33]"
16,"[14, 14, 58]"
19,"[14, 14, 54]"
18,"[14, 14, 28]"
17,"[14, 14, 34]"
17,"[14, 36]"
16,"[14, 36, 17]"
17,"[14, 65]"
16,"[14, 65, 27]"
17,"[14, 65, 17]"
17,"[14, 65, 70]"
16,"[14, 65, 0]"
17,"[14, 65, 29]"
16,"[14, 65, 6]"
16,"[14, 65, 69]"
17,"[14, 65, 35]"
17,"[14, 65, 58]"
16,"[14, 65, 28]"
16,"[14, 65, 25]"
16,"[14, 65, 48]"
17,"[14, 65, 54]"
16,"[14, 65, 10]"
20,"[14, 63]"
17,"[14, 63, 69]"
20,"[14, 63, 70]"
16,"[14, 63, 28]"
19,"[14, 63, 54]"
18,"[14, 63, 17]"
16,"[14, 63, 29]"
16,"[14, 63, 25]"
18,"[14, 63, 48]"
17,"[14, 63, 20]"
28,[68]
18,"[68, 13]"
18,"[68, 13, 53]"
17,"[68, 13, 69]"
16,"[68, 13, 70]"
16,"[68, 13, 48]"
17,"[68, 16]"
17,"[68, 16, 70]"
16,"[68, 16, 48]"
16,"[68, 16, 17]"
16,"[68, 16, 4]"
26,"[68, 53]"
23,"[68, 53, 69]"
26,"[68, 53, 70]"
22,"[68, 53, 34]"
24,"[68, 53, 33]"
22,"[68, 53, 28]"
24,"[68, 53, 25]"
23,"[68, 53, 49]"
25,"[68, 53, 48]"
24,"[68, 53, 54]"
24,"[68, 53, 32]"
22,"[68, 53, 18]"
19,"[68, 53, 55]"
22,"[68, 53, 20]"
20,"[68, 53, 37]"
18,"[68, 53, 26]"
23,"[68, 53, 8]"
22,"[68, 53, 27]"
25,"[68, 53, 17]"
24,"[68, 53, 29]"
24,"[68, 53, 0]"
17,"[68, 53, 10]"
18,"[68, 53, 56]"
21,"[68, 53, 35]"
21,"[68, 53, 58]"
22,"[68, 53, 4]"
16,"[68, 53, 3]"
25,"[68, 53, 6]"
17,"[68, 53, 53]"
17,"[68, 53, 51]"
18,"[68, 53, 42]"
25,"[68, 69]"
16,"[68, 69, 12]"
25,"[68, 69, 70]"
21,"[68, 69, 34]"
20,"[68, 69, 33]"
20,"[68, 69, 28]"
22,"[68, 69, 25]"
22,"[68, 69, 49]"
25,"[68, 69, 48]"
23,"[68, 69, 54]"
22,"[68, 69, 32]"
21,"[68, 69, 18]"
20,"[68, 69, 55]"
20,"[68, 69, 20]"
20,"[68, 69, 37]"
18,"[68, 69, 26]"
21,"[68, 69, 8]"
20,"[68, 69, 27]"
24,"[68, 69, 17]"
23,"[68, 69, 29]"
23,"[68, 69, 69]"
24,"[68, 69, 0]"
18,"[68, 69, 10]"
19,"[68, 69, 56]"
21,"[68, 69, 35]"
20,"[68, 69, 58]"
22,"[68, 69, 4]"
18,"[68, 69, 3]"
24,"[68, 69, 6]"
17,"[68, 69, 13]"
22,"[68, 69, 53]"
16,"[68, 69, 31]"
18,"[68, 69, 51]"
18,"[68, 69, 42]"
16,"[68, 12]"
27,"[68, 70]"
24,"[68, 70, 34]"
25,"[68, 70, 33]"
24,"[68, 70, 28]"
25,"[68, 70, 25]"
24,"[68, 70, 49]"
26,"[68, 70, 48]"
26,"[68, 70, 70]"
25,"[68, 70, 54]"
23,"[68, 70, 32]"
22,"[68, 70, 18]"
20,"[68, 70, 55]"
23,"[68, 70, 20]"
21,"[68, 70, 37]"
19,"[68, 70, 26]"
16,"[68, 70, 50]"
22,"[68, 70, 8]"
22,"[68, 70, 27]"
25,"[68, 70, 17]"
24,"[68, 70, 29]"
24,"[68, 70, 69]"
25,"[68, 70, 0]"
17,"[68, 70, 10]"
18,"[68, 70, 56]"
21,"[68, 70, 35]"
21,"[68, 70, 58]"
22,"[68, 70, 4]"
19,"[68, 70, 3]"
25,"[68, 70, 6]"
16,"[68, 70, 53]"
18,"[68, 70, 42]"
16,"[68, 70, 51]"
24,"[68, 34]"
24,"[68, 34, 33]"
24,"[68, 34, 28]"
24,"[68, 34, 25]"
22,"[68, 34, 49]"
24,"[68, 34, 48]"
24,"[68, 34, 70]"
23,"[68, 34, 54]"
21,"[68, 34, 32]"
20,"[68, 34, 18]"
19,"[68, 34, 55]"
21,"[68, 34, 20]"
20,"[68, 34, 37]"
17,"[68, 34, 26]"
20,"[68, 34, 8]"
21,"[68, 34, 27]"
23,"[68, 34, 17]"
23,"[68, 34, 29]"
22,"[68, 34, 69]"
22,"[68, 34, 0]"
18,"[68, 34, 35]"
17,"[68, 34, 58]"
19,"[68, 34, 4]"
22,"[68, 34, 6]"
20,"[68, 34, 34]"
25,"[68, 33]"
24,"[68, 33, 28]"
25,"[68, 33, 25]"
23,"[68, 33, 49]"
25,"[68, 33, 48]"
25,"[68, 33, 70]"
24,"[68, 33, 54]"
17,"[68, 33, 32]"
19,"[68, 33, 55]"
21,"[68, 33, 20]"
21,"[68, 33, 37]"
18,"[68, 33, 26]"
16,"[68, 33, 8]"
19,"[68, 33, 27]"
24,"[68, 33, 17]"
24,"[68, 33, 29]"
22,"[68, 33, 69]"
23,"[68, 33, 0]"
16,"[68, 33, 35]"
16,"[68, 33, 58]"
18,"[68, 33, 4]"
20,"[68, 33, 6]"
18,"[68, 33, 34]"
18,"[68, 33, 33]"
24,"[68, 28]"
23,"[68, 28, 25]"
22,"[68, 28, 49]"
24,"[68, 28, 48]"
24,"[68, 28, 70]"
22,"[68, 28, 54]"
16,"[68, 28, 32]"
17,"[68, 28, 55]"
18,"[68, 28, 20]"
20,"[68, 28, 37]"
16,"[68, 28, 8]"
19,"[68, 28, 27]"
22,"[68, 28, 17]"
22,"[68, 28, 29]"
21,"[68, 28, 69]"
20,"[68, 28, 0]"
17,"[68, 28, 4]"
19,"[68, 28, 6]"
17,"[68, 28, 34]"
18,"[68, 28, 33]"
19,"[68, 28, 28]"
25,"[68, 25]"
23,"[68, 25, 49]"
25,"[68, 25, 48]"
18,"[68, 25, 25]"
24,"[68, 25, 70]"
22,"[68, 25, 54]"
19,"[68, 25, 55]"
16,"[68, 25, 20]"
18,"[68, 25, 37]"
19,"[68, 25, 27]"
24,"[68, 25, 17]"
22,"[68, 25, 29]"
21,"[68, 25, 69]"
22,"[68, 25, 0]"
17,"[68, 25, 4]"
21,"[68, 25, 6]"
16,"[68, 25, 33]"
16,"[68, 25, 28]"
24,"[68, 49]"
16,"[68, 49, 48]"
23,"[68, 49, 70]"
21,"[68, 49, 54]"
20,"[68, 49, 55]"
17,"[68, 49, 27]"
22,"[68, 49, 17]"
21,"[68, 49, 29]"
20,"[68, 49, 69]"
18,"[68, 49, 0]"
16,"[68, 49, 4]"
16,"[68, 49, 6]"
26,"[68, 48]"
22,"[68, 48, 49]"
21,"[68, 48, 48]"
17,"[68, 48, 25]"
26,"[68, 48, 70]"
24,"[68, 48, 54]"
18,"[68, 48, 55]"
16,"[68, 48, 20]"
17,"[68, 48, 37]"
18,"[68, 48, 27]"
24,"[68, 48, 17]"
23,"[68, 48, 29]"
22,"[68, 48, 69]"
23,"[68, 48, 0]"
17,"[68, 48, 4]"
19,"[68, 48, 6]"
16,"[68, 48, 33]"
25,"[68, 54]"
24,"[68, 54, 70]"
20,"[68, 54, 55]"
19,"[68, 54, 54]"
19,"[68, 54, 20]"
16,"[68, 54, 37]"
17,"[68, 54, 27]"
23,"[68, 54, 17]"
23,"[68, 54, 29]"
22,"[68, 54, 69]"
19,"[68, 54, 48]"
21,"[68, 54, 0]"
19,"[68, 54, 49]"
17,"[68, 54, 4]"
18,"[68, 54, 6]"
17,"[68, 54, 25]"
27,"[68, 32]"
24,"[68, 32, 18]"
26,"[68, 32, 70]"
20,"[68, 32, 55]"
24,"[68, 32, 54]"
20,"[68, 32, 20]"
20,"[68, 32, 37]"
17,"[68, 32, 26]"
26,"[68, 32, 8]"
24,"[68, 32, 27]"
26,"[68, 32, 17]"
26,"[68, 32, 29]"
24,"[68, 32, 69]"
26,"[68, 32, 48]"
25,"[68, 32, 0]"
23,"[68, 32, 49]"
20,"[68, 32, 10]"
21,"[68, 32, 56]"
23,"[68, 32, 35]"
22,"[68, 32, 58]"
17,"[68, 32, 1]"
24,"[68, 32, 4]"
19,"[68, 32, 3]"
26,"[68, 32, 6]"
22,"[68, 32, 34]"
22,"[68, 32, 33]"
23,"[68, 32, 28]"
25,"[68, 32, 25]"
16,"[68, 32, 53]"
19,"[68, 32, 31]"
17,"[68, 32, 51]"
16,"[68, 32, 42]"
25,"[68, 18]"
24,"[68, 18, 70]"
19,"[68, 18, 55]"
23,"[68, 18, 54]"
20,"[68, 18, 20]"
19,"[68, 18, 37]"
16,"[68, 18, 26]"
25,"[68, 18, 8]"
24,"[68, 18, 27]"
24,"[68, 18, 17]"
24,"[68, 18, 29]"
21,"[68, 18, 69]"
24,"[68, 18, 48]"
24,"[68, 18, 0]"
22,"[68, 18, 49]"
20,"[68, 18, 10]"
20,"[68, 18, 56]"
22,"[68, 18, 35]"
20,"[68, 18, 58]"
16,"[68, 18, 1]"
23,"[68, 18, 4]"
17,"[68, 18, 3]"
24,"[68, 18, 6]"
22,"[68, 18, 34]"
21,"[68, 18, 33]"
22,"[68, 18, 28]"
23,"[68, 18, 25]"
19,"[68, 18, 31]"
20,"[68, 55]"
16,"[68, 55, 20]"
19,"[68, 55, 69]"
19,"[68, 55, 70]"
23,"[68, 20]"
20,"[68, 20, 37]"
17,"[68, 20, 26]"
17,"[68, 20, 27]"
20,"[68, 20, 17]"
18,"[68, 20, 29]"
19,"[68, 20, 69]"
23,"[68, 20, 70]"
22,"[68, 20, 48]"
20,"[68, 20, 0]"
17,"[68, 20, 55]"
20,"[68, 20, 54]"
20,"[68, 20, 49]"
16,"[68, 20, 4]"
16,"[68, 20, 6]"
20,"[68, 20, 28]"
21,"[68, 20, 25]"
16,"[68, 20, 20]"
21,"[68, 37]"
16,"[68, 37, 26]"
18,"[68, 37, 27]"
21,"[68, 37, 17]"
18,"[68, 37, 29]"
19,"[68, 37, 69]"
20,"[68, 37, 70]"
16,"[68, 37, 48]"
17,"[68, 37, 0]"
17,"[68, 37, 55]"
16,"[68, 37, 54]"
16,"[68, 37, 6]"
19,"[68, 26]"
16,"[68, 26, 50]"
18,"[68, 26, 17]"
16,"[68, 26, 69]"
18,"[68, 26, 70]"
17,"[68, 26, 48]"
16,"[68, 26, 0]"
16,"[68, 26, 4]"
16,"[68, 50]"
26,"[68, 8]"
24,"[68, 8, 27]"
25,"[68, 8, 17]"
24,"[68, 8, 29]"
22,"[68, 8, 69]"
25,"[68, 8, 70]"
25,"[68, 8, 48]"
24,"[68, 8, 0]"
20,"[68, 8, 55]"
23,"[68, 8, 54]"
23,"[68, 8, 49]"
20,"[68, 8, 10]"
20,"[68, 8, 56]"
22,"[68, 8, 35]"
21,"[68, 8, 58]"
17,"[68, 8, 1]"
24,"[68, 8, 4]"
18,"[68, 8, 3]"
25,"[68, 8, 6]"
22,"[68, 8, 34]"
22,"[68, 8, 33]"
23,"[68, 8, 28]"
23,"[68, 8, 25]"
20,"[68, 8, 20]"
16,"[68, 8, 26]"
19,"[68, 8, 37]"
16,"[68, 8, 42]"
24,"[68, 27]"
24,"[68, 27, 17]"
22,"[68, 27, 29]"
21,"[68, 27, 69]"
24,"[68, 27, 70]"
23,"[68, 27, 48]"
23,"[68, 27, 0]"
19,"[68, 27, 55]"
22,"[68, 27, 54]"
21,"[68, 27, 49]"
20,"[68, 27, 10]"
20,"[68, 27, 27]"
20,"[68, 27, 56]"
22,"[68, 27, 35]"
21,"[68, 27, 58]"
16,"[68, 27, 1]"
22,"[68, 27, 4]"
18,"[68, 27, 3]"
24,"[68, 27, 6]"
22,"[68, 27, 34]"
21,"[68, 27, 33]"
21,"[68, 27, 28]"
22,"[68, 27, 25]"
20,"[68, 27, 20]"
19,"[68, 27, 37]"
26,"[68, 17]"
24,"[68, 17, 29]"
23,"[68, 17, 69]"
26,"[68, 17, 70]"
24,"[68, 17, 48]"
24,"[68, 17, 0]"
20,"[68, 17, 55]"
21,"[68, 17, 54]"
21,"[68, 17, 49]"
19,"[68, 17, 10]"
19,"[68, 17, 27]"
20,"[68, 17, 56]"
22,"[68, 17, 35]"
20,"[68, 17, 58]"
25,"[68, 17, 17]"
22,"[68, 17, 4]"
18,"[68, 17, 3]"
25,"[68, 17, 6]"
21,"[68, 17, 34]"
22,"[68, 17, 33]"
21,"[68, 17, 28]"
22,"[68, 17, 25]"
19,"[68, 17, 20]"
16,"[68, 17, 26]"
20,"[68, 17, 37]"
16,"[68, 17, 42]"
26,"[68, 29]"
22,"[68, 29, 69]"
25,"[68, 29, 70]"
24,"[68, 29, 48]"
24,"[68, 29, 0]"
19,"[68, 29, 55]"
21,"[68, 29, 54]"
21,"[68, 29, 49]"
20,"[68, 29, 10]"
19,"[68, 29, 27]"
21,"[68, 29, 56]"
22,"[68, 29, 35]"
21,"[68, 29, 58]"
25,"[68, 29, 17]"
23,"[68, 29, 29]"
21,"[68, 29, 4]"
25,"[68, 29, 6]"
20,"[68, 29, 34]"
21,"[68, 29, 33]"
20,"[68, 29, 28]"
22,"[68, 29, 25]"
19,"[68, 29, 20]"
16,"[68, 29, 26]"
20,"[68, 29, 37]"
16,"[68, 29, 42]"
26,"[68, 0]"
19,"[68, 0, 55]"
21,"[68, 0, 54]"
21,"[68, 0, 49]"
24,"[68, 0, 70]"
19,"[68, 0, 10]"
19,"[68, 0, 27]"
20,"[68, 0, 56]"
22,"[68, 0, 35]"
21,"[68, 0, 58]"
23,"[68, 0, 0]"
24,"[68, 0, 17]"
25,"[68, 0, 29]"
16,"[68, 0, 1]"
21,"[68, 0, 4]"
19,"[68, 0, 3]"
24,"[68, 0, 6]"
20,"[68, 0, 34]"
20,"[68, 0, 33]"
20,"[68, 0, 28]"
22,"[68, 0, 25]"
24,"[68, 0, 48]"
18,"[68, 0, 20]"
22,"[68, 0, 69]"
20,"[68, 0, 37]"
16,"[68, 0, 42]"
20,"[68, 10]"
19,"[68, 10, 56]"
20,"[68, 10, 70]"
17,"[68, 10, 35]"
16,"[68, 10, 58]"
18,"[68, 10, 0]"
18,"[68, 10, 17]"
18,"[68, 10, 29]"
17,"[68, 10, 34]"
18,"[68, 10, 33]"
16,"[68, 10, 28]"
18,"[68, 10, 25]"
19,"[68, 10, 48]"
18,"[68, 10, 54]"
17,"[68, 10, 20]"
18,"[68, 10, 69]"
16,"[68, 10, 37]"
16,"[68, 10, 55]"
18,"[68, 10, 49]"
21,"[68, 56]"
21,"[68, 56, 70]"
17,"[68, 56, 35]"
16,"[68, 56, 58]"
18,"[68, 56, 0]"
19,"[68, 56, 17]"
18,"[68, 56, 29]"
16,"[68, 56, 6]"
17,"[68, 56, 34]"
18,"[68, 56, 33]"
16,"[68, 56, 28]"
19,"[68, 56, 25]"
20,"[68, 56, 48]"
19,"[68, 56, 54]"
17,"[68, 56, 20]"
19,"[68, 56, 69]"
16,"[68, 56, 37]"
17,"[68, 56, 55]"
19,"[68, 56, 49]"
23,"[68, 35]"
20,"[68, 35, 58]"
23,"[68, 35, 70]"
21,"[68, 35, 0]"
21,"[68, 35, 17]"
22,"[68, 35, 29]"
16,"[68, 35, 6]"
19,"[68, 35, 34]"
20,"[68, 35, 33]"
18,"[68, 35, 28]"
20,"[68, 35, 25]"
21,"[68, 35, 48]"
21,"[68, 35, 54]"
17,"[68, 35, 20]"
20,"[68, 35, 69]"
18,"[68, 35, 37]"
18,"[68, 35, 55]"
19,"[68, 35, 49]"
23,"[68, 58]"
23,"[68, 58, 70]"
21,"[68, 58, 0]"
21,"[68, 58, 17]"
22,"[68, 58, 29]"
16,"[68, 58, 6]"
17,"[68, 58, 34]"
20,"[68, 58, 33]"
18,"[68, 58, 28]"
19,"[68, 58, 25]"
21,"[68, 58, 48]"
20,"[68, 58, 54]"
16,"[68, 58, 20]"
20,"[68, 58, 69]"
17,"[68, 58, 37]"
17,"[68, 58, 55]"
18,"[68, 58, 49]"
17,"[68, 1]"
24,"[68, 4]"
22,"[68, 4, 70]"
17,"[68, 4, 33]"
16,"[68, 4, 28]"
17,"[68, 4, 17]"
19,"[68, 4, 29]"
18,"[68, 4, 0]"
17,"[68, 4, 25]"
19,"[68, 4, 48]"
17,"[68, 4, 54]"
16,"[68, 4, 20]"
20,"[68, 4, 69]"
16,"[68, 4, 35]"
17,"[68, 4, 55]"
18,"[68, 4, 49]"
19,"[68, 3]"
19,"[68, 3, 6]"
19,"[68, 3, 70]"
16,"[68, 3, 34]"
16,"[68, 3, 33]"
16,"[68, 3, 28]"
18,"[68, 3, 17]"
18,"[68, 3, 29]"
19,"[68, 3, 0]"
17,"[68, 3, 25]"
19,"[68, 3, 48]"
17,"[68, 3, 54]"
17,"[68, 3, 69]"
17,"[68, 3, 35]"
17,"[68, 3, 4]"
17,"[68, 3, 58]"
16,"[68, 3, 37]"
16,"[68, 3, 55]"
18,"[68, 3, 49]"
26,"[68, 6]"
26,"[68, 6, 70]"
19,"[68, 6, 34]"
20,"[68, 6, 33]"
19,"[68, 6, 28]"
18,"[68, 6, 27]"
24,"[68, 6, 17]"
23,"[68, 6, 29]"
21,"[68, 6, 0]"
21,"[68, 6, 25]"
23,"[68, 6, 48]"
21,"[68, 6, 54]"
19,"[68, 6, 20]"
23,"[68, 6, 69]"
21,"[68, 6, 35]"
20,"[68, 6, 6]"
22,"[68, 6, 4]"
20,"[68, 6, 58]"
20,"[68, 6, 56]"
19,"[68, 6, 37]"
20,"[68, 6, 55]"
20,"[68, 6, 49]"
17,"[68, 6, 10]"
19,"[68, 31]"
19,"[68, 31, 4]"
17,"[68, 31, 58]"
18,"[68, 31, 34]"
18,"[68, 31, 33]"
17,"[68, 31, 28]"
17,"[68, 31, 56]"
18,"[68, 31, 70]"
17,"[68, 31, 49]"
18,"[68, 31, 48]"
19,"[68, 31, 0]"
18,"[68, 31, 6]"
19,"[68, 31, 29]"
18,"[68, 31, 17]"
18,"[68, 31, 54]"
18,"[68, 31, 27]"
16,"[68, 31, 8]"
17,"[68, 31, 35]"
17,"[68, 31, 25]"
20,"[68, 51]"
17,"[68, 51, 70]"
17,"[68, 51, 48]"
16,"[68, 51, 69]"
17,"[68, 51, 32]"
16,"[68, 51, 18]"
16,"[68, 51, 8]"
16,"[68, 51, 27]"
17,"[68, 51, 17]"
16,"[68, 51, 29]"
17,"[68, 51, 0]"
16,"[68, 51, 6]"
16,"[68, 51, 49]"
19,"[68, 42]"
17,"[68, 42, 70]"
16,"[68, 42, 48]"
17,"[68, 42, 69]"
16,"[68, 14]"
34,[16]
25,"[16, 68]"
23,"[16, 68, 53]"
22,"[16, 68, 69]"
24,"[16, 68, 70]"
22,"[16, 68, 34]"
22,"[16, 68, 33]"
22,"[16, 68, 28]"
22,"[16, 68, 25]"
22,"[16, 68, 49]"
23,"[16, 68, 48]"
22,"[16, 68, 54]"
24,"[16, 68, 32]"
23,"[16, 68, 18]"
18,"[16, 68, 55]"
21,"[16, 68, 20]"
20,"[16, 68, 37]"
18,"[16, 68, 26]"
24,"[16, 68, 8]"
22,"[16, 68, 27]"
23,"[16, 68, 17]"
23,"[16, 68, 29]"
23,"[16, 68, 0]"
18,"[16, 68, 10]"
18,"[16, 68, 56]"
22,"[16, 68, 35]"
21,"[16, 68, 58]"
16,"[16, 68, 1]"
22,"[16, 68, 4]"
17,"[16, 68, 3]"
23,"[16, 68, 6]"
16,"[16, 68, 13]"
17,"[16, 68, 31]"
17,"[16, 68, 51]"
28,"[16, 53]"
25,"[16, 53, 69]"
18,"[16, 53, 12]"
28,"[16, 53, 70]"
24,"[16, 53, 34]"
25,"[16, 53, 33]"
24,"[16, 53, 28]"
25,"[16, 53, 25]"
26,"[16, 53, 49]"
27,"[16, 53, 48]"
26,"[16, 53, 54]"
26,"[16, 53, 32]"
25,"[16, 53, 18]"
22,"[16, 53, 55]"
24,"[16, 53, 20]"
22,"[16, 53, 37]"
20,"[16, 53, 26]"
17,"[16, 53, 50]"
26,"[16, 53, 8]"
25,"[16, 53, 27]"
27,"[16, 53, 17]"
25,"[16, 53, 29]"
26,"[16, 53, 0]"
20,"[16, 53, 10]"
19,"[16, 53, 56]"
24,"[16, 53, 35]"
22,"[16, 53, 58]"
22,"[16, 53, 4]"
18,"[16, 53, 3]"
26,"[16, 53, 6]"
18,"[16, 53, 13]"
21,"[16, 53, 53]"
20,"[16, 53, 51]"
19,"[16, 53, 42]"
31,"[16, 69]"
19,"[16, 69, 12]"
31,"[16, 69, 70]"
27,"[16, 69, 34]"
25,"[16, 69, 33]"
26,"[16, 69, 28]"
26,"[16, 69, 25]"
27,"[16, 69, 49]"
31,"[16, 69, 48]"
28,"[16, 69, 54]"
24,"[16, 69, 32]"
24,"[16, 69, 18]"
23,"[16, 69, 55]"
25,"[16, 69, 20]"
25,"[16, 69, 37]"
23,"[16, 69, 26]"
21,"[16, 69, 50]"
25,"[16, 69, 8]"
25,"[16, 69, 27]"
29,"[16, 69, 17]"
27,"[16, 69, 29]"
28,"[16, 69, 69]"
28,"[16, 69, 0]"
22,"[16, 69, 10]"
23,"[16, 69, 56]"
26,"[16, 69, 35]"
25,"[16, 69, 58]"
18,"[16, 69, 60]"
24,"[16, 69, 4]"
20,"[16, 69, 3]"
28,"[16, 69, 6]"
20,"[16, 69, 13]"
24,"[16, 69, 53]"
16,"[16, 69, 31]"
20,"[16, 69, 42]"
21,"[16, 69, 51]"
16,"[16, 69, 43]"
16,"[16, 69, 14]"
20,"[16, 12]"
17,"[16, 12, 70]"
17,"[16, 12, 48]"
18,"[16, 12, 69]"
18,"[16, 12, 42]"
33,"[16, 70]"
30,"[16, 70, 34]"
29,"[16, 70, 33]"
30,"[16, 70, 28]"
30,"[16, 70, 25]"
29,"[16, 70, 49]"
32,"[16, 70, 48]"
32,"[16, 70, 70]"
31,"[16, 70, 54]"
29,"[16, 70, 32]"
29,"[16, 70, 18]"
24,"[16, 70, 55]"
28,"[16, 70, 20]"
26,"[16, 70, 37]"
24,"[16, 70, 26]"
22,"[16, 70, 50]"
30,"[16, 70, 8]"
28,"[16, 70, 27]"
31,"[16, 70, 17]"
28,"[16, 70, 29]"
30,"[16, 70, 69]"
30,"[16, 70, 0]"
24,"[16, 70, 10]"
23,"[16, 70, 56]"
28,"[16, 70, 35]"
26,"[16, 70, 58]"
16,"[16, 70, 1]"
19,"[16, 70, 60]"
24,"[16, 70, 4]"
24,"[16, 70, 3]"
29,"[16, 70, 6]"
17,"[16, 70, 7]"
18,"[16, 70, 13]"
19,"[16, 70, 53]"
17,"[16, 70, 31]"
20,"[16, 70, 42]"
17,"[16, 70, 12]"
19,"[16, 70, 51]"
30,"[16, 34]"
29,"[16, 34, 33]"
29,"[16, 34, 28]"
29,"[16, 34, 25]"
26,"[16, 34, 49]"
29,"[16, 34, 48]"
29,"[16, 34, 70]"
28,"[16, 34, 54]"
25,"[16, 34, 32]"
24,"[16, 34, 18]"
22,"[16, 34, 55]"
26,"[16, 34, 20]"
25,"[16, 34, 37]"
22,"[16, 34, 26]"
20,"[16, 34, 50]"
24,"[16, 34, 8]"
25,"[16, 34, 27]"
29,"[16, 34, 17]"
28,"[16, 34, 29]"
26,"[16, 34, 69]"
25,"[16, 34, 0]"
19,"[16, 34, 10]"
19,"[16, 34, 56]"
22,"[16, 34, 35]"
21,"[16, 34, 58]"
19,"[16, 34, 60]"
21,"[16, 34, 4]"
17,"[16, 34, 3]"
26,"[16, 34, 6]"
23,"[16, 34, 34]"
16,"[16, 34, 42]"
16,"[16, 34, 51]"
29,"[16, 33]"
29,"[16, 33, 28]"
29,"[16, 33, 25]"
27,"[16, 33, 49]"
29,"[16, 33, 48]"
29,"[16, 33, 70]"
28,"[16, 33, 54]"
20,"[16, 33, 32]"
19,"[16, 33, 18]"
22,"[16, 33, 55]"
26,"[16, 33, 20]"
26,"[16, 33, 37]"
23,"[16, 33, 26]"
20,"[16, 33, 50]"
19,"[16, 33, 8]"
23,"[16, 33, 27]"
28,"[16, 33, 17]"
28,"[16, 33, 29]"
25,"[16, 33, 69]"
25,"[16, 33, 0]"
16,"[16, 33, 56]"
20,"[16, 33, 35]"
19,"[16, 33, 58]"
19,"[16, 33, 60]"
20,"[16, 33, 4]"
23,"[16, 33, 6]"
21,"[16, 33, 34]"
21,"[16, 33, 33]"
16,"[16, 33, 42]"
30,"[16, 28]"
28,"[16, 28, 25]"
26,"[16, 28, 49]"
30,"[16, 28, 48]"
30,"[16, 28, 70]"
28,"[16, 28, 54]"
20,"[16, 28, 32]"
19,"[16, 28, 18]"
20,"[16, 28, 55]"
22,"[16, 28, 20]"
23,"[16, 28, 37]"
18,"[16, 28, 26]"
18,"[16, 28, 50]"
20,"[16, 28, 8]"
22,"[16, 28, 27]"
28,"[16, 28, 17]"
27,"[16, 28, 29]"
26,"[16, 28, 69]"
24,"[16, 28, 0]"
19,"[16, 28, 35]"
18,"[16, 28, 58]"
17,"[16, 28, 60]"
19,"[16, 28, 4]"
23,"[16, 28, 6]"
21,"[16, 28, 34]"
21,"[16, 28, 33]"
25,"[16, 28, 28]"
16,"[16, 28, 42]"
30,"[16, 25]"
27,"[16, 25, 49]"
30,"[16, 25, 48]"
22,"[16, 25, 25]"
30,"[16, 25, 70]"
28,"[16, 25, 54]"
17,"[16, 25, 32]"
18,"[16, 25, 18]"
22,"[16, 25, 55]"
20,"[16, 25, 20]"
21,"[16, 25, 37]"
16,"[16, 25, 26]"
16,"[16, 25, 50]"
19,"[16, 25, 8]"
22,"[16, 25, 27]"
29,"[16, 25, 17]"
27,"[16, 25, 29]"
25,"[16, 25, 69]"
25,"[16, 25, 0]"
19,"[16, 25, 35]"
17,"[16, 25, 58]"
16,"[16, 25, 60]"
19,"[16, 25, 4]"
24,"[16, 25, 6]"
19,"[16, 25, 34]"
19,"[16, 25, 33]"
22,"[16, 25, 28]"
29,"[16, 49]"
19,"[16, 49, 48]"
27,"[16, 49, 70]"
22,"[16, 49, 54]"
22,"[16, 49, 55]"
19,"[16, 49, 27]"
25,"[16, 49, 17]"
24,"[16, 49, 29]"
24,"[16, 49, 69]"
20,"[16, 49, 0]"
17,"[16, 49, 4]"
18,"[16, 49, 6]"
32,"[16, 48]"
26,"[16, 48, 49]"
25,"[16, 48, 48]"
22,"[16, 48, 25]"
32,"[16, 48, 70]"
29,"[16, 48, 54]"
17,"[16, 48, 32]"
17,"[16, 48, 18]"
21,"[16, 48, 55]"
20,"[16, 48, 20]"
20,"[16, 48, 37]"
16,"[16, 48, 26]"
16,"[16, 48, 50]"
19,"[16, 48, 8]"
21,"[16, 48, 27]"
29,"[16, 48, 17]"
27,"[16, 48, 29]"
27,"[16, 48, 69]"
26,"[16, 48, 0]"
18,"[16, 48, 35]"
16,"[16, 48, 58]"
16,"[16, 48, 60]"
19,"[16, 48, 4]"
22,"[16, 48, 6]"
17,"[16, 48, 34]"
19,"[16, 48, 33]"
21,"[16, 48, 28]"
31,"[16, 54]"
17,"[16, 54, 32]"
17,"[16, 54, 18]"
30,"[16, 54, 70]"
23,"[16, 54, 55]"
23,"[16, 54, 54]"
23,"[16, 54, 20]"
19,"[16, 54, 37]"
18,"[16, 54, 26]"
18,"[16, 54, 50]"
19,"[16, 54, 8]"
20,"[16, 54, 27]"
28,"[16, 54, 17]"
27,"[16, 54, 29]"
27,"[16, 54, 69]"
24,"[16, 54, 48]"
24,"[16, 54, 0]"
24,"[16, 54, 49]"
16,"[16, 54, 35]"
19,"[16, 54, 4]"
21,"[16, 54, 6]"
18,"[16, 54, 34]"
18,"[16, 54, 33]"
21,"[16, 54, 28]"
20,"[16, 54, 25]"
32,"[16, 32]"
30,"[16, 32, 18]"
31,"[16, 32, 70]"
24,"[16, 32, 55]"
29,"[16, 32, 54]"
24,"[16, 32, 20]"
24,"[16, 32, 37]"
21,"[16, 32, 26]"
19,"[16, 32, 50]"
19,"[16, 32, 32]"
32,"[16, 32, 8]"
30,"[16, 32, 27]"
31,"[16, 32, 17]"
30,"[16, 32, 29]"
29,"[16, 32, 69]"
31,"[16, 32, 48]"
31,"[16, 32, 0]"
28,"[16, 32, 49]"
26,"[16, 32, 10]"
25,"[16, 32, 56]"
29,"[16, 32, 35]"
27,"[16, 32, 58]"
18,"[16, 32, 1]"
16,"[16, 32, 60]"
26,"[16, 32, 4]"
24,"[16, 32, 3]"
30,"[16, 32, 6]"
18,"[16, 32, 7]"
27,"[16, 32, 34]"
27,"[16, 32, 33]"
28,"[16, 32, 28]"
29,"[16, 32, 25]"
16,"[16, 32, 13]"
18,"[16, 32, 53]"
20,"[16, 32, 31]"
19,"[16, 32, 42]"
16,"[16, 32, 12]"
20,"[16, 32, 51]"
16,"[16, 32, 9]"
31,"[16, 18]"
30,"[16, 18, 70]"
22,"[16, 18, 55]"
28,"[16, 18, 54]"
24,"[16, 18, 20]"
23,"[16, 18, 37]"
19,"[16, 18, 26]"
18,"[16, 18, 50]"
17,"[16, 18, 32]"
31,"[16, 18, 8]"
30,"[16, 18, 27]"
30,"[16, 18, 17]"
29,"[16, 18, 29]"
27,"[16, 18, 69]"
29,"[16, 18, 48]"
29,"[16, 18, 0]"
26,"[16, 18, 49]"
25,"[16, 18, 10]"
25,"[16, 18, 56]"
26,"[16, 18, 35]"
22,"[16, 18, 58]"
16,"[16, 18, 1]"
24,"[16, 18, 4]"
21,"[16, 18, 3]"
27,"[16, 18, 6]"
16,"[16, 18, 7]"
25,"[16, 18, 34]"
25,"[16, 18, 33]"
26,"[16, 18, 28]"
27,"[16, 18, 25]"
19,"[16, 18, 31]"
18,"[16, 18, 42]"
17,"[16, 18, 51]"
16,"[16, 18, 9]"
24,"[16, 55]"
18,"[16, 55, 20]"
18,"[16, 55, 17]"
16,"[16, 55, 29]"
23,"[16, 55, 69]"
23,"[16, 55, 70]"
18,"[16, 55, 48]"
28,"[16, 20]"
25,"[16, 20, 37]"
22,"[16, 20, 26]"
20,"[16, 20, 50]"
16,"[16, 20, 18]"
21,"[16, 20, 27]"
25,"[16, 20, 17]"
23,"[16, 20, 29]"
23,"[16, 20, 69]"
28,"[16, 20, 70]"
27,"[16, 20, 48]"
24,"[16, 20, 0]"
20,"[16, 20, 55]"
25,"[16, 20, 54]"
24,"[16, 20, 49]"
18,"[16, 20, 35]"
17,"[16, 20, 58]"
18,"[16, 20, 60]"
18,"[16, 20, 4]"
20,"[16, 20, 6]"
16,"[16, 20, 34]"
16,"[16, 20, 33]"
25,"[16, 20, 28]"
26,"[16, 20, 25]"
20,"[16, 20, 20]"
26,"[16, 37]"
21,"[16, 37, 26]"
18,"[16, 37, 50]"
16,"[16, 37, 32]"
22,"[16, 37, 27]"
26,"[16, 37, 17]"
23,"[16, 37, 29]"
23,"[16, 37, 69]"
25,"[16, 37, 70]"
21,"[16, 37, 48]"
21,"[16, 37, 0]"
20,"[16, 37, 55]"
21,"[16, 37, 54]"
19,"[16, 37, 49]"
18,"[16, 37, 60]"
17,"[16, 37, 4]"
20,"[16, 37, 6]"
16,"[16, 37, 33]"
20,"[16, 37, 28]"
20,"[16, 37, 25]"
19,"[16, 37, 20]"
24,"[16, 26]"
21,"[16, 26, 50]"
18,"[16, 26, 27]"
23,"[16, 26, 17]"
20,"[16, 26, 29]"
20,"[16, 26, 69]"
23,"[16, 26, 70]"
22,"[16, 26, 48]"
20,"[16, 26, 0]"
18,"[16, 26, 55]"
17,"[16, 26, 54]"
18,"[16, 26, 49]"
18,"[16, 26, 4]"
19,"[16, 26, 6]"
18,"[16, 26, 28]"
18,"[16, 26, 25]"
16,"[16, 26, 20]"
22,"[16, 50]"
21,"[16, 50, 17]"
17,"[16, 50, 29]"
17,"[16, 50, 69]"
20,"[16, 50, 70]"
18,"[16, 50, 48]"
17,"[16, 50, 0]"
16,"[16, 50, 54]"
16,"[16, 50, 6]"
33,"[16, 8]"
30,"[16, 8, 27]"
31,"[16, 8, 17]"
29,"[16, 8, 29]"
28,"[16, 8, 69]"
31,"[16, 8, 70]"
31,"[16, 8, 48]"
30,"[16, 8, 0]"
23,"[16, 8, 55]"
28,"[16, 8, 54]"
28,"[16, 8, 49]"
25,"[16, 8, 10]"
17,"[16, 8, 32]"
25,"[16, 8, 56]"
19,"[16, 8, 50]"
26,"[16, 8, 35]"
24,"[16, 8, 58]"
18,"[16, 8, 1]"
26,"[16, 8, 4]"
23,"[16, 8, 3]"
29,"[16, 8, 6]"
18,"[16, 8, 7]"
26,"[16, 8, 34]"
26,"[16, 8, 33]"
28,"[16, 8, 28]"
28,"[16, 8, 25]"
24,"[16, 8, 20]"
16,"[16, 8, 8]"
20,"[16, 8, 26]"
23,"[16, 8, 37]"
19,"[16, 8, 42]"
16,"[16, 8, 12]"
17,"[16, 8, 51]"
16,"[16, 8, 9]"
30,"[16, 27]"
30,"[16, 27, 17]"
27,"[16, 27, 29]"
27,"[16, 27, 69]"
30,"[16, 27, 70]"
29,"[16, 27, 48]"
29,"[16, 27, 0]"
23,"[16, 27, 55]"
27,"[16, 27, 54]"
26,"[16, 27, 49]"
26,"[16, 27, 10]"
16,"[16, 27, 32]"
26,"[16, 27, 27]"
25,"[16, 27, 56]"
18,"[16, 27, 50]"
28,"[16, 27, 35]"
26,"[16, 27, 58]"
17,"[16, 27, 1]"
24,"[16, 27, 4]"
23,"[16, 27, 3]"
29,"[16, 27, 6]"
17,"[16, 27, 7]"
27,"[16, 27, 34]"
26,"[16, 27, 33]"
26,"[16, 27, 28]"
27,"[16, 27, 25]"
24,"[16, 27, 20]"
17,"[16, 27, 8]"
19,"[16, 27, 26]"
23,"[16, 27, 37]"
18,"[16, 27, 42]"
16,"[16, 27, 51]"
32,"[16, 17]"
28,"[16, 17, 29]"
28,"[16, 17, 69]"
31,"[16, 17, 70]"
29,"[16, 17, 48]"
30,"[16, 17, 0]"
24,"[16, 17, 55]"
26,"[16, 17, 54]"
26,"[16, 17, 49]"
24,"[16, 17, 10]"
25,"[16, 17, 27]"
24,"[16, 17, 56]"
18,"[16, 17, 50]"
27,"[16, 17, 35]"
24,"[16, 17, 58]"
29,"[16, 17, 17]"
16,"[16, 17, 1]"
16,"[16, 17, 60]"
24,"[16, 17, 4]"
23,"[16, 17, 3]"
29,"[16, 17, 6]"
17,"[16, 17, 7]"
26,"[16, 17, 34]"
27,"[16, 17, 33]"
26,"[16, 17, 28]"
26,"[16, 17, 25]"
23,"[16, 17, 20]"
20,"[16, 17, 26]"
24,"[16, 17, 37]"
19,"[16, 17, 42]"
16,"[16, 17, 12]"
16,"[16, 17, 51]"
30,"[16, 29]"
26,"[16, 29, 69]"
29,"[16, 29, 70]"
28,"[16, 29, 48]"
28,"[16, 29, 0]"
22,"[16, 29, 55]"
25,"[16, 29, 54]"
25,"[16, 29, 49]"
24,"[16, 29, 10]"
24,"[16, 29, 27]"
25,"[16, 29, 56]"
18,"[16, 29, 50]"
26,"[16, 29, 35]"
25,"[16, 29, 58]"
29,"[16, 29, 17]"
26,"[16, 29, 29]"
16,"[16, 29, 60]"
23,"[16, 29, 4]"
28,"[16, 29, 6]"
18,"[16, 29, 7]"
25,"[16, 29, 34]"
26,"[16, 29, 33]"
25,"[16, 29, 28]"
26,"[16, 29, 25]"
23,"[16, 29, 20]"
20,"[16, 29, 26]"
24,"[16, 29, 37]"
19,"[16, 29, 42]"
31,"[16, 0]"
23,"[16, 0, 55]"
26,"[16, 0, 54]"
26,"[16, 0, 49]"
29,"[16, 0, 70]"
23,"[16, 0, 10]"
16,"[16, 0, 32]"
24,"[16, 0, 27]"
24,"[16, 0, 56]"
17,"[16, 0, 50]"
27,"[16, 0, 35]"
25,"[16, 0, 58]"
28,"[16, 0, 0]"
28,"[16, 0, 17]"
29,"[16, 0, 29]"
17,"[16, 0, 1]"
23,"[16, 0, 4]"
24,"[16, 0, 3]"
27,"[16, 0, 6]"
17,"[16, 0, 7]"
25,"[16, 0, 34]"
25,"[16, 0, 33]"
25,"[16, 0, 28]"
26,"[16, 0, 25]"
29,"[16, 0, 48]"
22,"[16, 0, 20]"
27,"[16, 0, 69]"
16,"[16, 0, 8]"
19,"[16, 0, 26]"
24,"[16, 0, 37]"
19,"[16, 0, 42]"
16,"[16, 0, 12]"
17,"[16, 0, 51]"
26,"[16, 10]"
20,"[16, 10, 27]"
24,"[16, 10, 56]"
26,"[16, 10, 70]"
22,"[16, 10, 35]"
21,"[16, 10, 58]"
24,"[16, 10, 0]"
23,"[16, 10, 17]"
22,"[16, 10, 29]"
17,"[16, 10, 4]"
19,"[16, 10, 6]"
22,"[16, 10, 34]"
23,"[16, 10, 33]"
21,"[16, 10, 28]"
23,"[16, 10, 25]"
25,"[16, 10, 48]"
23,"[16, 10, 54]"
21,"[16, 10, 20]"
24,"[16, 10, 69]"
16,"[16, 10, 26]"
20,"[16, 10, 37]"
20,"[16, 10, 55]"
23,"[16, 10, 49]"
16,"[16, 10, 42]"
16,"[16, 10, 10]"
25,"[16, 56]"
17,"[16, 56, 56]"
25,"[16, 56, 70]"
17,"[16, 56, 50]"
22,"[16, 56, 35]"
21,"[16, 56, 58]"
23,"[16, 56, 0]"
19,"[16, 56, 27]"
23,"[16, 56, 17]"
22,"[16, 56, 29]"
17,"[16, 56, 4]"
19,"[16, 56, 6]"
22,"[16, 56, 34]"
23,"[16, 56, 33]"
21,"[16, 56, 28]"
23,"[16, 56, 25]"
24,"[16, 56, 48]"
23,"[16, 56, 54]"
22,"[16, 56, 20]"
23,"[16, 56, 69]"
17,"[16, 56, 26]"
20,"[16, 56, 37]"
20,"[16, 56, 55]"
23,"[16, 56, 49]"
29,"[16, 35]"
25,"[16, 35, 58]"
29,"[16, 35, 70]"
25,"[16, 35, 0]"
19,"[16, 35, 27]"
26,"[16, 35, 17]"
26,"[16, 35, 29]"
16,"[16, 35, 4]"
19,"[16, 35, 6]"
23,"[16, 35, 34]"
24,"[16, 35, 33]"
23,"[16, 35, 28]"
25,"[16, 35, 25]"
27,"[16, 35, 48]"
26,"[16, 35, 54]"
21,"[16, 35, 20]"
25,"[16, 35, 69]"
17,"[16, 35, 26]"
17,"[16, 35, 56]"
22,"[16, 35, 37]"
21,"[16, 35, 55]"
24,"[16, 35, 49]"
27,"[16, 58]"
27,"[16, 58, 70]"
16,"[16, 58, 58]"
24,"[16, 58, 0]"
19,"[16, 58, 27]"
25,"[16, 58, 17]"
25,"[16, 58, 29]"
18,"[16, 58, 6]"
21,"[16, 58, 34]"
24,"[16, 58, 33]"
23,"[16, 58, 28]"
23,"[16, 58, 25]"
25,"[16, 58, 48]"
23,"[16, 58, 54]"
20,"[16, 58, 20]"
23,"[16, 58, 69]"
17,"[16, 58, 26]"
16,"[16, 58, 56]"
21,"[16, 58, 37]"
19,"[16, 58, 55]"
22,"[16, 58, 49]"
18,"[16, 1]"
16,"[16, 1, 29]"
19,"[16, 60]"
19,"[16, 60, 70]"
18,"[16, 60, 17]"
16,"[16, 60, 69]"
26,"[16, 4]"
16,"[16, 4, 6]"
24,"[16, 4, 70]"
17,"[16, 4, 34]"
19,"[16, 4, 33]"
18,"[16, 4, 28]"
19,"[16, 4, 17]"
20,"[16, 4, 29]"
20,"[16, 4, 0]"
19,"[16, 4, 25]"
21,"[16, 4, 48]"
19,"[16, 4, 54]"
18,"[16, 4, 20]"
22,"[16, 4, 69]"
18,"[16, 4, 35]"
16,"[16, 4, 4]"
17,"[16, 4, 58]"
17,"[16, 4, 56]"
18,"[16, 4, 55]"
20,"[16, 4, 49]"
17,"[16, 4, 10]"
24,"[16, 3]"
23,"[16, 3, 6]"
16,"[16, 3, 7]"
24,"[16, 3, 70]"
21,"[16, 3, 34]"
21,"[16, 3, 33]"
21,"[16, 3, 28]"
20,"[16, 3, 27]"
23,"[16, 3, 17]"
23,"[16, 3, 29]"
23,"[16, 3, 0]"
22,"[16, 3, 25]"
24,"[16, 3, 48]"
21,"[16, 3, 54]"
19,"[16, 3, 20]"
22,"[16, 3, 69]"
21,"[16, 3, 35]"
19,"[16, 3, 4]"
21,"[16, 3, 58]"
16,"[16, 3, 26]"
19,"[16, 3, 56]"
20,"[16, 3, 37]"
19,"[16, 3, 55]"
22,"[16, 3, 49]"
16,"[16, 3, 42]"
18,"[16, 3, 10]"
30,"[16, 6]"
18,"[16, 6, 7]"
30,"[16, 6, 70]"
24,"[16, 6, 34]"
25,"[16, 6, 33]"
24,"[16, 6, 28]"
22,"[16, 6, 27]"
28,"[16, 6, 17]"
26,"[16, 6, 29]"
25,"[16, 6, 0]"
25,"[16, 6, 25]"
27,"[16, 6, 48]"
25,"[16, 6, 54]"
23,"[16, 6, 20]"
26,"[16, 6, 69]"
25,"[16, 6, 35]"
21,"[16, 6, 6]"
24,"[16, 6, 4]"
24,"[16, 6, 58]"
19,"[16, 6, 26]"
17,"[16, 6, 50]"
24,"[16, 6, 56]"
23,"[16, 6, 37]"
23,"[16, 6, 55]"
24,"[16, 6, 49]"
20,"[16, 6, 10]"
16,"[16, 6, 42]"
18,"[16, 7]"
18,"[16, 7, 70]"
16,"[16, 7, 17]"
17,"[16, 7, 48]"
22,"[16, 13]"
20,"[16, 13, 53]"
20,"[16, 13, 70]"
17,"[16, 13, 28]"
16,"[16, 13, 55]"
16,"[16, 13, 49]"
20,"[16, 13, 48]"
17,"[16, 13, 17]"
17,"[16, 13, 54]"
20,"[16, 13, 69]"
20,"[16, 31]"
19,"[16, 31, 4]"
17,"[16, 31, 58]"
17,"[16, 31, 34]"
17,"[16, 31, 33]"
17,"[16, 31, 28]"
17,"[16, 31, 56]"
19,"[16, 31, 70]"
16,"[16, 31, 55]"
18,"[16, 31, 49]"
19,"[16, 31, 48]"
20,"[16, 31, 0]"
18,"[16, 31, 6]"
19,"[16, 31, 29]"
19,"[16, 31, 17]"
19,"[16, 31, 54]"
19,"[16, 31, 27]"
17,"[16, 31, 8]"
16,"[16, 31, 10]"
18,"[16, 31, 35]"
17,"[16, 31, 25]"
16,"[16, 31, 69]"
22,"[16, 42]"
20,"[16, 42, 69]"
16,"[16, 42, 29]"
20,"[16, 42, 70]"
16,"[16, 42, 33]"
16,"[16, 42, 28]"
17,"[16, 42, 25]"
19,"[16, 42, 48]"
17,"[16, 42, 54]"
16,"[16, 42, 0]"
17,"[16, 42, 17]"
16,"[16, 42, 51]"
24,"[16, 51]"
20,"[16, 51, 70]"
18,"[16, 51, 25]"
20,"[16, 51, 48]"
18,"[16, 51, 54]"
19,"[16, 51, 49]"
16,"[16, 51, 53]"
16,"[16, 51, 34]"
16,"[16, 51, 33]"
17,"[16, 51, 28]"
18,"[16, 51, 69]"
16,"[16, 51, 55]"
16,"[16, 51, 20]"
18,"[16, 51, 32]"
17,"[16, 51, 18]"
17,"[16, 51, 8]"
18,"[16, 51, 27]"
19,"[16, 51, 17]"
18,"[16, 51, 29]"
19,"[16, 51, 0]"
18,"[16, 51, 6]"
16,"[16, 51, 35]"
17,"[16, 43]"
19,"[16, 14]"
17,"[16, 14, 51]"
16,"[16, 14, 17]"
16,"[16, 14, 69]"
16,"[16, 14, 70]"
16,"[16, 14, 48]"
16,"[16, 9]"
47,[53]
44,"[53, 69]"
32,"[53, 69, 12]"
43,"[53, 69, 70]"
35,"[53, 69, 34]"
33,"[53, 69, 33]"
35,"[53, 69, 28]"
37,"[53, 69, 25]"
33,"[53, 69, 49]"
41,"[53, 69, 48]"
37,"[53, 69, 54]"
32,"[53, 69, 32]"
32,"[53, 69, 18]"
31,"[53, 69, 55]"
33,"[53, 69, 20]"
33,"[53, 69, 37]"
31,"[53, 69, 26]"
26,"[53, 69, 50]"
33,"[53, 69, 8]"
35,"[53, 69, 27]"
40,"[53, 69, 17]"
37,"[53, 69, 29]"
42,"[53, 69, 69]"
38,"[53, 69, 0]"
30,"[53, 69, 10]"
31,"[53, 69, 56]"
18,"[53, 69, 57]"
31,"[53, 69, 35]"
29,"[53, 69, 58]"
16,"[53, 69, 1]"
25,"[53, 69, 60]"
32,"[53, 69, 4]"
28,"[53, 69, 3]"
38,"[53, 69, 6]"
20,"[53, 69, 7]"
33,"[53, 69, 13]"
16,"[53, 69, 68]"
33,"[53, 69, 53]"
19,"[53, 69, 16]"
17,"[53, 69, 31]"
32,"[53, 69, 42]"
34,"[53, 69, 51]"
21,"[53, 69, 43]"
26,"[53, 69, 14]"
17,"[53, 69, 63]"
32,"[53, 12]"
28,"[53, 12, 70]"
19,"[53, 12, 34]"
21,"[53, 12, 33]"
22,"[53, 12, 28]"
23,"[53, 12, 25]"
18,"[53, 12, 49]"
26,"[53, 12, 48]"
22,"[53, 12, 54]"
18,"[53, 12, 32]"
17,"[53, 12, 18]"
18,"[53, 12, 55]"
19,"[53, 12, 20]"
18,"[53, 12, 37]"
17,"[53, 12, 26]"
18,"[53, 12, 8]"
20,"[53, 12, 27]"
23,"[53, 12, 17]"
21,"[53, 12, 29]"
29,"[53, 12, 69]"
22,"[53, 12, 0]"
16,"[53, 12, 10]"
16,"[53, 12, 56]"
19,"[53, 12, 4]"
21,"[53, 12, 6]"
22,"[53, 12, 13]"
20,"[53, 12, 53]"
29,"[53, 12, 42]"
24,"[53, 12, 51]"
18,"[53, 12, 12]"
20,"[53, 12, 14]"
47,"[53, 70]"
43,"[53, 70, 34]"
41,"[53, 70, 33]"
43,"[53, 70, 28]"
44,"[53, 70, 25]"
39,"[53, 70, 49]"
46,"[53, 70, 48]"
46,"[53, 70, 70]"
45,"[53, 70, 54]"
41,"[53, 70, 32]"
40,"[53, 70, 18]"
35,"[53, 70, 55]"
41,"[53, 70, 20]"
36,"[53, 70, 37]"
36,"[53, 70, 26]"
31,"[53, 70, 50]"
40,"[53, 70, 8]"
40,"[53, 70, 27]"
46,"[53, 70, 17]"
42,"[53, 70, 29]"
43,"[53, 70, 69]"
45,"[53, 70, 0]"
34,"[53, 70, 10]"
34,"[53, 70, 56]"
16,"[53, 70, 11]"
18,"[53, 70, 57]"
37,"[53, 70, 35]"
33,"[53, 70, 58]"
16,"[53, 70, 59]"
19,"[53, 70, 1]"
29,"[53, 70, 60]"
34,"[53, 70, 4]"
33,"[53, 70, 3]"
42,"[53, 70, 6]"
25,"[53, 70, 7]"
28,"[53, 70, 13]"
29,"[53, 70, 53]"
16,"[53, 70, 16]"
20,"[53, 70, 31]"
30,"[53, 70, 42]"
27,"[53, 70, 12]"
31,"[53, 70, 51]"
19,"[53, 70, 36]"
23,"[53, 70, 14]"
20,"[53, 70, 9]"
16,"[53, 70, 43]"
16,"[53, 70, 65]"
19,"[53, 70, 63]"
43,"[53, 34]"
41,"[53, 34, 33]"
42,"[53, 34, 28]"
42,"[53, 34, 25]"
35,"[53, 34, 49]"
42,"[53, 34, 48]"
42,"[53, 34, 70]"
39,"[53, 34, 54]"
35,"[53, 34, 32]"
34,"[53, 34, 18]"
31,"[53, 34, 55]"
37,"[53, 34, 20]"
35,"[53, 34, 37]"
33,"[53, 34, 26]"
28,"[53, 34, 50]"
33,"[53, 34, 8]"
35,"[53, 34, 27]"
42,"[53, 34, 17]"
41,"[53, 34, 29]"
38,"[53, 34, 69]"
38,"[53, 34, 0]"
27,"[53, 34, 10]"
27,"[53, 34, 56]"
30,"[53, 34, 35]"
26,"[53, 34, 58]"
18,"[53, 34, 1]"
27,"[53, 34, 60]"
28,"[53, 34, 4]"
26,"[53, 34, 3]"
37,"[53, 34, 6]"
21,"[53, 34, 7]"
30,"[53, 34, 34]"
23,"[53, 34, 13]"
24,"[53, 34, 53]"
27,"[53, 34, 42]"
24,"[53, 34, 12]"
26,"[53, 34, 51]"
17,"[53, 34, 36]"
16,"[53, 34, 14]"
41,"[53, 33]"
41,"[53, 33, 28]"
41,"[53, 33, 25]"
36,"[53, 33, 49]"
41,"[53, 33, 48]"
41,"[53, 33, 70]"
40,"[53, 33, 54]"
28,"[53, 33, 32]"
27,"[53, 33, 18]"
32,"[53, 33, 55]"
36,"[53, 33, 20]"
36,"[53, 33, 37]"
33,"[53, 33, 26]"
28,"[53, 33, 50]"
27,"[53, 33, 8]"
33,"[53, 33, 27]"
40,"[53, 33, 17]"
39,"[53, 33, 29]"
36,"[53, 33, 69]"
38,"[53, 33, 0]"
22,"[53, 33, 10]"
23,"[53, 33, 56]"
27,"[53, 33, 35]"
24,"[53, 33, 58]"
16,"[53, 33, 1]"
27,"[53, 33, 60]"
27,"[53, 33, 4]"
21,"[53, 33, 3]"
33,"[53, 33, 6]"
17,"[53, 33, 7]"
28,"[53, 33, 34]"
31,"[53, 33, 33]"
21,"[53, 33, 13]"
22,"[53, 33, 53]"
26,"[53, 33, 42]"
22,"[53, 33, 12]"
22,"[53, 33, 51]"
17,"[53, 33, 36]"
43,"[53, 28]"
42,"[53, 28, 25]"
35,"[53, 28, 49]"
43,"[53, 28, 48]"
43,"[53, 28, 70]"
40,"[53, 28, 54]"
29,"[53, 28, 32]"
28,"[53, 28, 18]"
31,"[53, 28, 55]"
32,"[53, 28, 20]"
33,"[53, 28, 37]"
29,"[53, 28, 26]"
26,"[53, 28, 50]"
28,"[53, 28, 8]"
33,"[53, 28, 27]"
42,"[53, 28, 17]"
40,"[53, 28, 29]"
38,"[53, 28, 69]"
37,"[53, 28, 0]"
23,"[53, 28, 10]"
24,"[53, 28, 56]"
27,"[53, 28, 35]"
23,"[53, 28, 58]"
25,"[53, 28, 60]"
26,"[53, 28, 4]"
21,"[53, 28, 3]"
35,"[53, 28, 6]"
16,"[53, 28, 7]"
25,"[53, 28, 34]"
29,"[53, 28, 33]"
35,"[53, 28, 28]"
22,"[53, 28, 13]"
22,"[53, 28, 53]"
26,"[53, 28, 42]"
22,"[53, 28, 12]"
22,"[53, 28, 51]"
17,"[53, 28, 36]"
44,"[53, 25]"
37,"[53, 25, 49]"
44,"[53, 25, 48]"
34,"[53, 25, 25]"
44,"[53, 25, 70]"
39,"[53, 25, 54]"
27,"[53, 25, 32]"
28,"[53, 25, 18]"
33,"[53, 25, 55]"
29,"[53, 25, 20]"
30,"[53, 25, 37]"
27,"[53, 25, 26]"
24,"[53, 25, 50]"
28,"[53, 25, 8]"
32,"[53, 25, 27]"
43,"[53, 25, 17]"
40,"[53, 25, 29]"
36,"[53, 25, 69]"
37,"[53, 25, 0]"
20,"[53, 25, 10]"
23,"[53, 25, 56]"
26,"[53, 25, 35]"
22,"[53, 25, 58]"
16,"[53, 25, 1]"
25,"[53, 25, 60]"
26,"[53, 25, 4]"
20,"[53, 25, 3]"
35,"[53, 25, 6]"
17,"[53, 25, 7]"
25,"[53, 25, 34]"
28,"[53, 25, 33]"
31,"[53, 25, 28]"
21,"[53, 25, 13]"
20,"[53, 25, 53]"
25,"[53, 25, 42]"
23,"[53, 25, 12]"
23,"[53, 25, 51]"
16,"[53, 25, 36]"
39,"[53, 49]"
26,"[53, 49, 48]"
22,"[53, 49, 49]"
18,"[53, 49, 25]"
36,"[53, 49, 70]"
29,"[53, 49, 54]"
18,"[53, 49, 32]"
31,"[53, 49, 55]"
20,"[53, 49, 20]"
17,"[53, 49, 37]"
17,"[53, 49, 26]"
17,"[53, 49, 50]"
17,"[53, 49, 8]"
24,"[53, 49, 27]"
33,"[53, 49, 17]"
32,"[53, 49, 29]"
31,"[53, 49, 69]"
26,"[53, 49, 0]"
20,"[53, 49, 4]"
23,"[53, 49, 6]"
19,"[53, 49, 33]"
19,"[53, 49, 28]"
16,"[53, 49, 13]"
17,"[53, 49, 53]"
16,"[53, 49, 12]"
16,"[53, 49, 42]"
18,"[53, 49, 51]"
46,"[53, 48]"
36,"[53, 48, 49]"
37,"[53, 48, 48]"
33,"[53, 48, 25]"
46,"[53, 48, 70]"
40,"[53, 48, 54]"
25,"[53, 48, 32]"
25,"[53, 48, 18]"
32,"[53, 48, 55]"
29,"[53, 48, 20]"
28,"[53, 48, 37]"
26,"[53, 48, 26]"
24,"[53, 48, 50]"
26,"[53, 48, 8]"
30,"[53, 48, 27]"
43,"[53, 48, 17]"
41,"[53, 48, 29]"
38,"[53, 48, 69]"
38,"[53, 48, 0]"
19,"[53, 48, 10]"
22,"[53, 48, 56]"
23,"[53, 48, 35]"
20,"[53, 48, 58]"
24,"[53, 48, 60]"
25,"[53, 48, 4]"
20,"[53, 48, 3]"
34,"[53, 48, 6]"
22,"[53, 48, 34]"
27,"[53, 48, 33]"
29,"[53, 48, 28]"
21,"[53, 48, 13]"
21,"[53, 48, 53]"
23,"[53, 48, 42]"
22,"[53, 48, 12]"
23,"[53, 48, 51]"
45,"[53, 54]"
25,"[53, 54, 32]"
25,"[53, 54, 18]"
44,"[53, 54, 70]"
34,"[53, 54, 55]"
35,"[53, 54, 54]"
32,"[53, 54, 20]"
27,"[53, 54, 37]"
28,"[53, 54, 26]"
26,"[53, 54, 50]"
25,"[53, 54, 8]"
30,"[53, 54, 27]"
42,"[53, 54, 17]"
39,"[53, 54, 29]"
39,"[53, 54, 69]"
35,"[53, 54, 48]"
36,"[53, 54, 0]"
32,"[53, 54, 49]"
21,"[53, 54, 10]"
22,"[53, 54, 56]"
23,"[53, 54, 35]"
19,"[53, 54, 58]"
24,"[53, 54, 60]"
25,"[53, 54, 4]"
19,"[53, 54, 3]"
31,"[53, 54, 6]"
23,"[53, 54, 34]"
25,"[53, 54, 33]"
30,"[53, 54, 28]"
30,"[53, 54, 25]"
23,"[53, 54, 13]"
21,"[53, 54, 53]"
23,"[53, 54, 42]"
21,"[53, 54, 12]"
21,"[53, 54, 51]"
16,"[53, 54, 36]"
45,"[53, 32]"
40,"[53, 32, 18]"
43,"[53, 32, 70]"
33,"[53, 32, 55]"
39,"[53, 32, 54]"
29,"[53, 32, 20]"
31,"[53, 32, 37]"
30,"[53, 32, 26]"
23,"[53, 32, 50]"
26,"[53, 32, 32]"
42,"[53, 32, 8]"
42,"[53, 32, 27]"
44,"[53, 32, 17]"
41,"[53, 32, 29]"
40,"[53, 32, 69]"
42,"[53, 32, 48]"
43,"[53, 32, 0]"
36,"[53, 32, 49]"
33,"[53, 32, 10]"
34,"[53, 32, 56]"
17,"[53, 32, 11]"
18,"[53, 32, 57]"
37,"[53, 32, 35]"
34,"[53, 32, 58]"
16,"[53, 32, 59]"
20,"[53, 32, 1]"
21,"[53, 32, 60]"
34,"[53, 32, 4]"
33,"[53, 32, 3]"
40,"[53, 32, 6]"
25,"[53, 32, 7]"
36,"[53, 32, 34]"
37,"[53, 32, 33]"
38,"[53, 32, 28]"
40,"[53, 32, 25]"
23,"[53, 32, 13]"
25,"[53, 32, 53]"
22,"[53, 32, 31]"
26,"[53, 32, 42]"
24,"[53, 32, 12]"
30,"[53, 32, 51]"
19,"[53, 32, 14]"
22,"[53, 32, 9]"
16,"[53, 32, 63]"
42,"[53, 18]"
41,"[53, 18, 70]"
30,"[53, 18, 55]"
38,"[53, 18, 54]"
30,"[53, 18, 20]"
29,"[53, 18, 37]"
28,"[53, 18, 26]"
21,"[53, 18, 50]"
26,"[53, 18, 32]"
20,"[53, 18, 18]"
41,"[53, 18, 8]"
40,"[53, 18, 27]"
41,"[53, 18, 17]"
40,"[53, 18, 29]"
37,"[53, 18, 69]"
41,"[53, 18, 48]"
41,"[53, 18, 0]"
34,"[53, 18, 49]"
34,"[53, 18, 10]"
34,"[53, 18, 56]"
18,"[53, 18, 11]"
20,"[53, 18, 57]"
35,"[53, 18, 35]"
30,"[53, 18, 58]"
16,"[53, 18, 59]"
19,"[53, 18, 1]"
19,"[53, 18, 60]"
34,"[53, 18, 4]"
31,"[53, 18, 3]"
39,"[53, 18, 6]"
24,"[53, 18, 7]"
35,"[53, 18, 34]"
34,"[53, 18, 33]"
37,"[53, 18, 28]"
39,"[53, 18, 25]"
20,"[53, 18, 13]"
21,"[53, 18, 53]"
21,"[53, 18, 31]"
24,"[53, 18, 42]"
22,"[53, 18, 12]"
25,"[53, 18, 51]"
16,"[53, 18, 14]"
24,"[53, 18, 9]"
17,"[53, 18, 63]"
35,"[53, 55]"
20,"[53, 55, 54]"
22,"[53, 55, 20]"
20,"[53, 55, 27]"
25,"[53, 55, 17]"
25,"[53, 55, 29]"
32,"[53, 55, 69]"
33,"[53, 55, 70]"
23,"[53, 55, 48]"
22,"[53, 55, 0]"
21,"[53, 55, 55]"
17,"[53, 55, 49]"
18,"[53, 55, 4]"
19,"[53, 55, 6]"
19,"[53, 55, 33]"
18,"[53, 55, 25]"
16,"[53, 55, 42]"
41,"[53, 20]"
35,"[53, 20, 37]"
34,"[53, 20, 26]"
29,"[53, 20, 50]"
26,"[53, 20, 32]"
27,"[53, 20, 18]"
25,"[53, 20, 8]"
31,"[53, 20, 27]"
38,"[53, 20, 17]"
36,"[53, 20, 29]"
34,"[53, 20, 69]"
41,"[53, 20, 70]"
39,"[53, 20, 48]"
35,"[53, 20, 0]"
30,"[53, 20, 55]"
35,"[53, 20, 54]"
33,"[53, 20, 49]"
22,"[53, 20, 10]"
24,"[53, 20, 56]"
25,"[53, 20, 35]"
23,"[53, 20, 58]"
27,"[53, 20, 60]"
26,"[53, 20, 4]"
20,"[53, 20, 3]"
32,"[53, 20, 6]"
22,"[53, 20, 34]"
26,"[53, 20, 33]"
34,"[53, 20, 28]"
37,"[53, 20, 25]"
26,"[53, 20, 20]"
18,"[53, 20, 13]"
18,"[53, 20, 53]"
22,"[53, 20, 42]"
21,"[53, 20, 12]"
20,"[53, 20, 51]"
18,"[53, 20, 36]"
36,"[53, 37]"
29,"[53, 37, 26]"
24,"[53, 37, 50]"
24,"[53, 37, 32]"
23,"[53, 37, 18]"
22,"[53, 37, 8]"
30,"[53, 37, 27]"
35,"[53, 37, 17]"
33,"[53, 37, 29]"
33,"[53, 37, 69]"
35,"[53, 37, 70]"
30,"[53, 37, 48]"
31,"[53, 37, 0]"
28,"[53, 37, 55]"
29,"[53, 37, 54]"
25,"[53, 37, 49]"
17,"[53, 37, 10]"
20,"[53, 37, 56]"
18,"[53, 37, 35]"
17,"[53, 37, 58]"
26,"[53, 37, 60]"
24,"[53, 37, 4]"
16,"[53, 37, 3]"
29,"[53, 37, 6]"
19,"[53, 37, 34]"
24,"[53, 37, 33]"
26,"[53, 37, 28]"
28,"[53, 37, 25]"
23,"[53, 37, 20]"
17,"[53, 37, 13]"
16,"[53, 37, 53]"
17,"[53, 37, 37]"
19,"[53, 37, 42]"
18,"[53, 37, 12]"
19,"[53, 37, 51]"
16,"[53, 37, 36]"
36,"[53, 26]"
29,"[53, 26, 50]"
21,"[53, 26, 32]"
21,"[53, 26, 18]"
20,"[53, 26, 8]"
27,"[53, 26, 27]"
34,"[53, 26, 17]"
30,"[53, 26, 29]"
30,"[53, 26, 69]"
34,"[53, 26, 70]"
33,"[53, 26, 48]"
29,"[53, 26, 0]"
27,"[53, 26, 55]"
27,"[53, 26, 54]"
24,"[53, 26, 49]"
16,"[53, 26, 10]"
19,"[53, 26, 56]"
16,"[53, 26, 35]"
18,"[53, 26, 60]"
25,"[53, 26, 4]"
17,"[53, 26, 3]"
29,"[53, 26, 6]"
18,"[53, 26, 34]"
23,"[53, 26, 33]"
26,"[53, 26, 28]"
27,"[53, 26, 25]"
22,"[53, 26, 20]"
17,"[53, 26, 37]"
18,"[53, 26, 42]"
17,"[53, 26, 12]"
17,"[53, 26, 51]"
31,"[53, 50]"
17,"[53, 50, 32]"
16,"[53, 50, 18]"
17,"[53, 50, 8]"
21,"[53, 50, 27]"
29,"[53, 50, 17]"
24,"[53, 50, 29]"
24,"[53, 50, 69]"
28,"[53, 50, 70]"
25,"[53, 50, 48]"
24,"[53, 50, 0]"
23,"[53, 50, 55]"
23,"[53, 50, 54]"
22,"[53, 50, 49]"
16,"[53, 50, 56]"
20,"[53, 50, 4]"
22,"[53, 50, 6]"
19,"[53, 50, 33]"
20,"[53, 50, 28]"
22,"[53, 50, 25]"
18,"[53, 50, 20]"
43,"[53, 8]"
41,"[53, 8, 27]"
42,"[53, 8, 17]"
39,"[53, 8, 29]"
38,"[53, 8, 69]"
42,"[53, 8, 70]"
42,"[53, 8, 48]"
40,"[53, 8, 0]"
32,"[53, 8, 55]"
38,"[53, 8, 54]"
36,"[53, 8, 49]"
33,"[53, 8, 10]"
25,"[53, 8, 32]"
19,"[53, 8, 18]"
34,"[53, 8, 56]"
17,"[53, 8, 11]"
20,"[53, 8, 57]"
21,"[53, 8, 50]"
33,"[53, 8, 35]"
31,"[53, 8, 58]"
20,"[53, 8, 1]"
19,"[53, 8, 60]"
34,"[53, 8, 4]"
32,"[53, 8, 3]"
40,"[53, 8, 6]"
26,"[53, 8, 7]"
34,"[53, 8, 34]"
36,"[53, 8, 33]"
37,"[53, 8, 28]"
39,"[53, 8, 25]"
29,"[53, 8, 20]"
20,"[53, 8, 13]"
20,"[53, 8, 53]"
22,"[53, 8, 8]"
27,"[53, 8, 26]"
29,"[53, 8, 37]"
25,"[53, 8, 42]"
22,"[53, 8, 12]"
25,"[53, 8, 51]"
17,"[53, 8, 14]"
24,"[53, 8, 9]"
16,"[53, 8, 63]"
43,"[53, 27]"
42,"[53, 27, 17]"
39,"[53, 27, 29]"
38,"[53, 27, 69]"
42,"[53, 27, 70]"
40,"[53, 27, 48]"
42,"[53, 27, 0]"
32,"[53, 27, 55]"
37,"[53, 27, 54]"
35,"[53, 27, 49]"
35,"[53, 27, 10]"
24,"[53, 27, 32]"
21,"[53, 27, 18]"
36,"[53, 27, 27]"
33,"[53, 27, 56]"
18,"[53, 27, 11]"
19,"[53, 27, 57]"
22,"[53, 27, 50]"
36,"[53, 27, 35]"
33,"[53, 27, 58]"
17,"[53, 27, 59]"
20,"[53, 27, 1]"
20,"[53, 27, 60]"
34,"[53, 27, 4]"
33,"[53, 27, 3]"
40,"[53, 27, 6]"
24,"[53, 27, 7]"
35,"[53, 27, 34]"
37,"[53, 27, 33]"
35,"[53, 27, 28]"
38,"[53, 27, 25]"
30,"[53, 27, 20]"
21,"[53, 27, 13]"
21,"[53, 27, 53]"
24,"[53, 27, 8]"
28,"[53, 27, 26]"
30,"[53, 27, 37]"
23,"[53, 27, 42]"
21,"[53, 27, 12]"
24,"[53, 27, 51]"
17,"[53, 27, 14]"
16,"[53, 27, 63]"
47,"[53, 17]"
42,"[53, 17, 29]"
41,"[53, 17, 69]"
45,"[53, 17, 70]"
43,"[53, 17, 48]"
45,"[53, 17, 0]"
35,"[53, 17, 55]"
39,"[53, 17, 54]"
36,"[53, 17, 49]"
35,"[53, 17, 10]"
24,"[53, 17, 32]"
20,"[53, 17, 18]"
36,"[53, 17, 27]"
34,"[53, 17, 56]"
17,"[53, 17, 11]"
19,"[53, 17, 57]"
23,"[53, 17, 50]"
36,"[53, 17, 35]"
31,"[53, 17, 58]"
16,"[53, 17, 59]"
43,"[53, 17, 17]"
19,"[53, 17, 1]"
22,"[53, 17, 60]"
34,"[53, 17, 4]"
33,"[53, 17, 3]"
42,"[53, 17, 6]"
25,"[53, 17, 7]"
36,"[53, 17, 34]"
38,"[53, 17, 33]"
38,"[53, 17, 28]"
39,"[53, 17, 25]"
31,"[53, 17, 20]"
23,"[53, 17, 13]"
23,"[53, 17, 53]"
21,"[53, 17, 8]"
30,"[53, 17, 26]"
32,"[53, 17, 37]"
27,"[53, 17, 42]"
25,"[53, 17, 12]"
27,"[53, 17, 51]"
19,"[53, 17, 14]"
17,"[53, 17, 63]"
43,"[53, 29]"
38,"[53, 29, 69]"
43,"[53, 29, 70]"
42,"[53, 29, 48]"
42,"[53, 29, 0]"
32,"[53, 29, 55]"
37,"[53, 29, 54]"
35,"[53, 29, 49]"
34,"[53, 29, 10]"
25,"[53, 29, 32]"
21,"[53, 29, 18]"
33,"[53, 29, 27]"
34,"[53, 29, 56]"
18,"[53, 29, 11]"
19,"[53, 29, 57]"
23,"[53, 29, 50]"
35,"[53, 29, 35]"
32,"[53, 29, 58]"
17,"[53, 29, 59]"
42,"[53, 29, 17]"
40,"[53, 29, 29]"
17,"[53, 29, 1]"
22,"[53, 29, 60]"
33,"[53, 29, 4]"
21,"[53, 29, 3]"
40,"[53, 29, 6]"
26,"[53, 29, 7]"
34,"[53, 29, 34]"
37,"[53, 29, 33]"
36,"[53, 29, 28]"
39,"[53, 29, 25]"
32,"[53, 29, 20]"
21,"[53, 29, 13]"
21,"[53, 29, 53]"
21,"[53, 29, 8]"
30,"[53, 29, 26]"
32,"[53, 29, 37]"
26,"[53, 29, 42]"
23,"[53, 29, 12]"
24,"[53, 29, 51]"
17,"[53, 29, 14]"
17,"[53, 29, 63]"
45,"[53, 0]"
34,"[53, 0, 55]"
39,"[53, 0, 54]"
36,"[53, 0, 49]"
43,"[53, 0, 70]"
34,"[53, 0, 10]"
25,"[53, 0, 32]"
21,"[53, 0, 18]"
34,"[53, 0, 27]"
34,"[53, 0, 56]"
17,"[53, 0, 11]"
19,"[53, 0, 57]"
22,"[53, 0, 50]"
36,"[53, 0, 35]"
32,"[53, 0, 58]"
16,"[53, 0, 59]"
42,"[53, 0, 0]"
42,"[53, 0, 17]"
42,"[53, 0, 29]"
20,"[53, 0, 1]"
21,"[53, 0, 60]"
33,"[53, 0, 4]"
34,"[53, 0, 3]"
39,"[53, 0, 6]"
25,"[53, 0, 7]"
35,"[53, 0, 34]"
36,"[53, 0, 33]"
37,"[53, 0, 28]"
39,"[53, 0, 25]"
43,"[53, 0, 48]"
30,"[53, 0, 20]"
40,"[53, 0, 69]"
23,"[53, 0, 13]"
23,"[53, 0, 53]"
22,"[53, 0, 8]"
29,"[53, 0, 26]"
32,"[53, 0, 37]"
26,"[53, 0, 42]"
24,"[53, 0, 12]"
27,"[53, 0, 51]"
19,"[53, 0, 14]"
16,"[53, 0, 63]"
37,"[53, 10]"
23,"[53, 10, 32]"
20,"[53, 10, 18]"
28,"[53, 10, 27]"
35,"[53, 10, 56]"
19,"[53, 10, 11]"
20,"[53, 10, 57]"
37,"[53, 10, 70]"
18,"[53, 10, 50]"
30,"[53, 10, 35]"
26,"[53, 10, 58]"
35,"[53, 10, 0]"
34,"[53, 10, 17]"
33,"[53, 10, 29]"
17,"[53, 10, 60]"
24,"[53, 10, 4]"
18,"[53, 10, 3]"
28,"[53, 10, 6]"
30,"[53, 10, 34]"
33,"[53, 10, 33]"
30,"[53, 10, 28]"
33,"[53, 10, 25]"
35,"[53, 10, 48]"
32,"[53, 10, 54]"
27,"[53, 10, 20]"
34,"[53, 10, 69]"
19,"[53, 10, 13]"
19,"[53, 10, 53]"
17,"[53, 10, 8]"
24,"[53, 10, 26]"
26,"[53, 10, 37]"
28,"[53, 10, 55]"
31,"[53, 10, 49]"
21,"[53, 10, 42]"
22,"[53, 10, 10]"
19,"[53, 10, 12]"
22,"[53, 10, 51]"
37,"[53, 56]"
22,"[53, 56, 56]"
21,"[53, 56, 57]"
37,"[53, 56, 70]"
21,"[53, 56, 50]"
30,"[53, 56, 35]"
27,"[53, 56, 58]"
34,"[53, 56, 0]"
27,"[53, 56, 27]"
35,"[53, 56, 17]"
33,"[53, 56, 29]"
18,"[53, 56, 60]"
24,"[53, 56, 4]"
17,"[53, 56, 3]"
28,"[53, 56, 6]"
30,"[53, 56, 34]"
34,"[53, 56, 33]"
30,"[53, 56, 28]"
33,"[53, 56, 25]"
33,"[53, 56, 48]"
32,"[53, 56, 54]"
28,"[53, 56, 20]"
34,"[53, 56, 69]"
19,"[53, 56, 13]"
19,"[53, 56, 53]"
19,"[53, 56, 32]"
18,"[53, 56, 18]"
17,"[53, 56, 8]"
24,"[53, 56, 26]"
27,"[53, 56, 37]"
29,"[53, 56, 55]"
32,"[53, 56, 49]"
20,"[53, 56, 42]"
18,"[53, 56, 10]"
18,"[53, 56, 12]"
19,"[53, 56, 51]"
19,"[53, 11]"
19,"[53, 11, 70]"
18,"[53, 11, 35]"
17,"[53, 11, 58]"
17,"[53, 11, 0]"
17,"[53, 11, 17]"
18,"[53, 11, 29]"
17,"[53, 11, 33]"
17,"[53, 11, 25]"
18,"[53, 11, 48]"
17,"[53, 11, 54]"
18,"[53, 11, 69]"
19,"[53, 11, 56]"
17,"[53, 11, 49]"
21,"[53, 57]"
21,"[53, 57, 70]"
17,"[53, 57, 35]"
17,"[53, 57, 0]"
20,"[53, 57, 17]"
20,"[53, 57, 29]"
18,"[53, 57, 34]"
18,"[53, 57, 33]"
18,"[53, 57, 28]"
21,"[53, 57, 25]"
20,"[53, 57, 48]"
17,"[53, 57, 54]"
20,"[53, 57, 69]"
16,"[53, 57, 37]"
18,"[53, 57, 49]"
40,"[53, 35]"
33,"[53, 35, 58]"
40,"[53, 35, 70]"
18,"[53, 35, 35]"
18,"[53, 35, 59]"
35,"[53, 35, 0]"
27,"[53, 35, 27]"
37,"[53, 35, 17]"
37,"[53, 35, 29]"
18,"[53, 35, 50]"
18,"[53, 35, 60]"
20,"[53, 35, 4]"
28,"[53, 35, 6]"
33,"[53, 35, 34]"
33,"[53, 35, 33]"
32,"[53, 35, 28]"
35,"[53, 35, 25]"
37,"[53, 35, 48]"
35,"[53, 35, 54]"
27,"[53, 35, 20]"
35,"[53, 35, 69]"
18,"[53, 35, 13]"
19,"[53, 35, 53]"
19,"[53, 35, 32]"
16,"[53, 35, 18]"
16,"[53, 35, 8]"
24,"[53, 35, 26]"
23,"[53, 35, 56]"
28,"[53, 35, 37]"
29,"[53, 35, 55]"
32,"[53, 35, 49]"
20,"[53, 35, 42]"
19,"[53, 35, 12]"
23,"[53, 35, 51]"
17,"[53, 35, 10]"
36,"[53, 58]"
36,"[53, 58, 70]"
18,"[53, 58, 35]"
21,"[53, 58, 58]"
18,"[53, 58, 59]"
33,"[53, 58, 0]"
26,"[53, 58, 27]"
34,"[53, 58, 17]"
34,"[53, 58, 29]"
18,"[53, 58, 50]"
17,"[53, 58, 60]"
18,"[53, 58, 4]"
25,"[53, 58, 6]"
29,"[53, 58, 34]"
32,"[53, 58, 33]"
30,"[53, 58, 28]"
31,"[53, 58, 25]"
33,"[53, 58, 48]"
31,"[53, 58, 54]"
25,"[53, 58, 20]"
31,"[53, 58, 69]"
16,"[53, 58, 13]"
17,"[53, 58, 53]"
16,"[53, 58, 32]"
16,"[53, 58, 8]"
22,"[53, 58, 26]"
21,"[53, 58, 56]"
26,"[53, 58, 37]"
26,"[53, 58, 55]"
29,"[53, 58, 49]"
18,"[53, 58, 42]"
16,"[53, 58, 12]"
19,"[53, 58, 51]"
18,"[53, 59]"
16,"[53, 59, 0]"
16,"[53, 59, 17]"
17,"[53, 59, 29]"
18,"[53, 59, 70]"
16,"[53, 59, 33]"
16,"[53, 59, 25]"
17,"[53, 59, 48]"
17,"[53, 59, 54]"
16,"[53, 59, 69]"
20,"[53, 1]"
17,"[53, 1, 70]"
16,"[53, 1, 17]"
18,"[53, 1, 29]"
16,"[53, 1, 48]"
16,"[53, 1, 69]"
29,"[53, 60]"
18,"[53, 60, 4]"
21,"[53, 60, 6]"
28,"[53, 60, 70]"
18,"[53, 60, 33]"
17,"[53, 60, 28]"
21,"[53, 60, 27]"
27,"[53, 60, 17]"
23,"[53, 60, 29]"
24,"[53, 60, 0]"
19,"[53, 60, 25]"
22,"[53, 60, 48]"
20,"[53, 60, 54]"
25,"[53, 60, 69]"
17,"[53, 60, 32]"
17,"[53, 60, 18]"
18,"[53, 60, 8]"
19,"[53, 60, 26]"
20,"[53, 60, 50]"
22,"[53, 60, 55]"
20,"[53, 60, 49]"
35,"[53, 4]"
25,"[53, 4, 6]"
34,"[53, 4, 70]"
25,"[53, 4, 34]"
27,"[53, 4, 33]"
26,"[53, 4, 28]"
20,"[53, 4, 27]"
27,"[53, 4, 17]"
29,"[53, 4, 29]"
29,"[53, 4, 0]"
28,"[53, 4, 25]"
30,"[53, 4, 48]"
26,"[53, 4, 54]"
21,"[53, 4, 20]"
32,"[53, 4, 69]"
16,"[53, 4, 13]"
17,"[53, 4, 53]"
25,"[53, 4, 35]"
16,"[53, 4, 8]"
23,"[53, 4, 4]"
23,"[53, 4, 58]"
16,"[53, 4, 26]"
23,"[53, 4, 56]"
20,"[53, 4, 37]"
25,"[53, 4, 55]"
27,"[53, 4, 49]"
22,"[53, 4, 10]"
17,"[53, 4, 42]"
16,"[53, 4, 51]"
34,"[53, 3]"
32,"[53, 3, 6]"
23,"[53, 3, 7]"
34,"[53, 3, 70]"
27,"[53, 3, 34]"
29,"[53, 3, 33]"
28,"[53, 3, 28]"
27,"[53, 3, 27]"
32,"[53, 3, 17]"
33,"[53, 3, 29]"
32,"[53, 3, 0]"
31,"[53, 3, 25]"
33,"[53, 3, 48]"
30,"[53, 3, 54]"
23,"[53, 3, 20]"
30,"[53, 3, 69]"
16,"[53, 3, 13]"
16,"[53, 3, 53]"
27,"[53, 3, 35]"
19,"[53, 3, 32]"
26,"[53, 3, 4]"
27,"[53, 3, 58]"
22,"[53, 3, 26]"
16,"[53, 3, 50]"
26,"[53, 3, 56]"
17,"[53, 3, 57]"
24,"[53, 3, 37]"
26,"[53, 3, 55]"
29,"[53, 3, 49]"
19,"[53, 3, 42]"
24,"[53, 3, 10]"
19,"[53, 3, 51]"
43,"[53, 6]"
27,"[53, 6, 7]"
43,"[53, 6, 70]"
33,"[53, 6, 34]"
35,"[53, 6, 33]"
35,"[53, 6, 28]"
31,"[53, 6, 27]"
41,"[53, 6, 17]"
39,"[53, 6, 29]"
37,"[53, 6, 0]"
37,"[53, 6, 25]"
39,"[53, 6, 48]"
36,"[53, 6, 54]"
30,"[53, 6, 20]"
38,"[53, 6, 69]"
20,"[53, 6, 13]"
20,"[53, 6, 53]"
34,"[53, 6, 35]"
23,"[53, 6, 32]"
19,"[53, 6, 18]"
21,"[53, 6, 8]"
17,"[53, 6, 3]"
17,"[53, 6, 1]"
31,"[53, 6, 6]"
33,"[53, 6, 4]"
31,"[53, 6, 58]"
27,"[53, 6, 26]"
21,"[53, 6, 50]"
33,"[53, 6, 56]"
16,"[53, 6, 57]"
31,"[53, 6, 37]"
33,"[53, 6, 55]"
33,"[53, 6, 49]"
28,"[53, 6, 10]"
23,"[53, 6, 42]"
21,"[53, 6, 60]"
21,"[53, 6, 12]"
22,"[53, 6, 51]"
27,"[53, 7]"
27,"[53, 7, 70]"
21,"[53, 7, 34]"
23,"[53, 7, 33]"
24,"[53, 7, 28]"
18,"[53, 7, 27]"
24,"[53, 7, 17]"
23,"[53, 7, 29]"
22,"[53, 7, 0]"
24,"[53, 7, 25]"
26,"[53, 7, 48]"
22,"[53, 7, 54]"
19,"[53, 7, 20]"
24,"[53, 7, 69]"
22,"[53, 7, 35]"
18,"[53, 7, 6]"
21,"[53, 7, 4]"
20,"[53, 7, 58]"
22,"[53, 7, 26]"
21,"[53, 7, 56]"
21,"[53, 7, 37]"
19,"[53, 7, 55]"
21,"[53, 7, 49]"
17,"[53, 7, 10]"
34,"[53, 13]"
30,"[53, 13, 53]"
16,"[53, 13, 35]"
21,"[53, 13, 32]"
20,"[53, 13, 18]"
21,"[53, 13, 8]"
17,"[53, 13, 3]"
30,"[53, 13, 70]"
23,"[53, 13, 6]"
21,"[53, 13, 4]"
17,"[53, 13, 58]"
21,"[53, 13, 34]"
23,"[53, 13, 33]"
25,"[53, 13, 28]"
18,"[53, 13, 26]"
17,"[53, 13, 50]"
18,"[53, 13, 56]"
18,"[53, 13, 37]"
20,"[53, 13, 55]"
21,"[53, 13, 49]"
30,"[53, 13, 48]"
24,"[53, 13, 0]"
24,"[53, 13, 29]"
26,"[53, 13, 17]"
24,"[53, 13, 54]"
21,"[53, 13, 27]"
16,"[53, 13, 13]"
24,"[53, 13, 25]"
18,"[53, 13, 20]"
18,"[53, 13, 42]"
29,"[53, 13, 69]"
16,"[53, 13, 12]"
19,"[53, 13, 51]"
18,"[53, 68]"
16,"[53, 68, 32]"
17,"[53, 68, 70]"
16,"[53, 68, 48]"
35,"[53, 53]"
21,"[53, 53, 35]"
24,"[53, 53, 32]"
23,"[53, 53, 18]"
24,"[53, 53, 8]"
22,"[53, 53, 3]"
31,"[53, 53, 70]"
27,"[53, 53, 6]"
24,"[53, 53, 4]"
22,"[53, 53, 58]"
24,"[53, 53, 34]"
26,"[53, 53, 33]"
26,"[53, 53, 28]"
21,"[53, 53, 26]"
17,"[53, 53, 50]"
20,"[53, 53, 56]"
23,"[53, 53, 37]"
23,"[53, 53, 55]"
25,"[53, 53, 49]"
31,"[53, 53, 48]"
28,"[53, 53, 0]"
28,"[53, 53, 29]"
28,"[53, 53, 17]"
28,"[53, 53, 54]"
24,"[53, 53, 27]"
17,"[53, 53, 13]"
19,"[53, 53, 53]"
26,"[53, 53, 25]"
22,"[53, 53, 20]"
16,"[53, 53, 60]"
21,"[53, 53, 42]"
29,"[53, 53, 69]"
20,"[53, 53, 10]"
20,"[53, 53, 12]"
23,"[53, 53, 51]"
16,"[53, 53, 14]"
23,"[53, 16]"
18,"[53, 16, 32]"
17,"[53, 16, 18]"
20,"[53, 16, 8]"
22,"[53, 16, 70]"
18,"[53, 16, 6]"
19,"[53, 16, 4]"
16,"[53, 16, 34]"
16,"[53, 16, 33]"
17,"[53, 16, 28]"
20,"[53, 16, 48]"
18,"[53, 16, 0]"
19,"[53, 16, 29]"
20,"[53, 16, 17]"
17,"[53, 16, 54]"
16,"[53, 16, 27]"
18,"[53, 16, 69]"
22,"[53, 31]"
20,"[53, 31, 4]"
18,"[53, 31, 58]"
18,"[53, 31, 34]"
18,"[53, 31, 33]"
18,"[53, 31, 28]"
18,"[53, 31, 56]"
21,"[53, 31, 70]"
16,"[53, 31, 37]"
18,"[53, 31, 55]"
20,"[53, 31, 49]"
21,"[53, 31, 48]"
22,"[53, 31, 0]"
20,"[53, 31, 6]"
21,"[53, 31, 29]"
21,"[53, 31, 17]"
21,"[53, 31, 54]"
21,"[53, 31, 27]"
18,"[53, 31, 8]"
17,"[53, 31, 10]"
19,"[53, 31, 35]"
19,"[53, 31, 25]"
17,"[53, 31, 69]"
16,"[53, 31, 20]"
33,"[53, 42]"
23,"[53, 42, 13]"
23,"[53, 42, 53]"
31,"[53, 42, 70]"
23,"[53, 42, 34]"
24,"[53, 42, 33]"
25,"[53, 42, 28]"
26,"[53, 42, 54]"
26,"[53, 42, 25]"
28,"[53, 42, 48]"
21,"[53, 42, 20]"
22,"[53, 42, 37]"
18,"[53, 42, 60]"
21,"[53, 42, 26]"
16,"[53, 42, 50]"
24,"[53, 42, 32]"
21,"[53, 42, 18]"
21,"[53, 42, 8]"
25,"[53, 42, 27]"
28,"[53, 42, 17]"
26,"[53, 42, 0]"
19,"[53, 42, 3]"
22,"[53, 42, 42]"
30,"[53, 42, 69]"
25,"[53, 42, 29]"
25,"[53, 42, 6]"
22,"[53, 42, 4]"
19,"[53, 42, 10]"
20,"[53, 42, 56]"
18,"[53, 42, 35]"
17,"[53, 42, 58]"
19,"[53, 42, 12]"
25,"[53, 42, 51]"
21,"[53, 42, 49]"
19,"[53, 42, 55]"
22,"[53, 42, 14]"
36,"[53, 51]"
32,"[53, 51, 70]"
28,"[53, 51, 25]"
30,"[53, 51, 48]"
27,"[53, 51, 54]"
27,"[53, 51, 49]"
24,"[53, 51, 13]"
24,"[53, 51, 53]"
26,"[53, 51, 34]"
26,"[53, 51, 33]"
27,"[53, 51, 28]"
28,"[53, 51, 69]"
25,"[53, 51, 55]"
25,"[53, 51, 20]"
24,"[53, 51, 37]"
23,"[53, 51, 26]"
18,"[53, 51, 50]"
18,"[53, 51, 60]"
26,"[53, 51, 32]"
25,"[53, 51, 18]"
24,"[53, 51, 8]"
28,"[53, 51, 27]"
30,"[53, 51, 17]"
27,"[53, 51, 29]"
28,"[53, 51, 0]"
22,"[53, 51, 3]"
27,"[53, 51, 6]"
23,"[53, 51, 4]"
25,"[53, 51, 10]"
25,"[53, 51, 56]"
23,"[53, 51, 35]"
22,"[53, 51, 58]"
19,"[53, 51, 51]"
20,"[53, 51, 12]"
22,"[53, 51, 42]"
18,"[53, 51, 14]"
21,"[53, 43]"
18,"[53, 43, 70]"
17,"[53, 43, 48]"
18,"[53, 43, 69]"
16,"[53, 43, 17]"
17,"[53, 43, 51]"
19,"[53, 36]"
19,"[53, 36, 17]"
16,"[53, 36, 29]"
16,"[53, 36, 0]"
18,"[53, 36, 70]"
16,"[53, 36, 69]"
28,"[53, 14]"
17,"[53, 14, 10]"
22,"[53, 14, 69]"
20,"[53, 14, 13]"
19,"[53, 14, 32]"
18,"[53, 14, 18]"
18,"[53, 14, 8]"
22,"[53, 14, 27]"
24,"[53, 14, 17]"
21,"[53, 14, 29]"
21,"[53, 14, 0]"
19,"[53, 14, 6]"
24,"[53, 14, 70]"
19,"[53, 14, 55]"
20,"[53, 14, 33]"
18,"[53, 14, 42]"
16,"[53, 14, 12]"
21,"[53, 14, 54]"
23,"[53, 14, 48]"
18,"[53, 14, 53]"
18,"[53, 14, 56]"
20,"[53, 14, 28]"
21,"[53, 14, 25]"
17,"[53, 14, 58]"
19,"[53, 14, 20]"
18,"[53, 14, 26]"
18,"[53, 14, 37]"
20,"[53, 14, 49]"
24,"[53, 14, 51]"
18,"[53, 14, 34]"
24,"[53, 9]"
23,"[53, 9, 27]"
23,"[53, 9, 17]"
22,"[53, 9, 29]"
23,"[53, 9, 0]"
19,"[53, 9, 3]"
23,"[53, 9, 6]"
19,"[53, 9, 4]"
23,"[53, 9, 70]"
17,"[53, 9, 55]"
19,"[53, 9, 33]"
19,"[53, 9, 69]"
21,"[53, 9, 54]"
22,"[53, 9, 48]"
19,"[53, 9, 56]"
19,"[53, 9, 28]"
21,"[53, 9, 25]"
17,"[53, 9, 10]"
18,"[53, 9, 20]"
19,"[53, 9, 34]"
20,"[53, 9, 35]"
19,"[53, 9, 58]"
16,"[53, 9, 37]"
18,"[53, 9, 49]"
16,"[53, 65]"
16,"[53, 65, 17]"
19,"[53, 63]"
19,"[53, 63, 70]"
18,"[53, 63, 17]"
18,"[53, 63, 54]"
16,"[53, 63, 28]"
17,"[53, 63, 25]"
19,"[53, 63, 48]"
16,"[53, 63, 20]"
16,"[53, 63, 69]"
53,[70]
47,"[70, 34]"
46,"[70, 34, 33]"
47,"[70, 34, 28]"
47,"[70, 34, 25]"
36,"[70, 34, 49]"
46,"[70, 34, 48]"
47,"[70, 34, 70]"
44,"[70, 34, 54]"
37,"[70, 34, 32]"
36,"[70, 34, 18]"
33,"[70, 34, 55]"
42,"[70, 34, 20]"
37,"[70, 34, 37]"
34,"[70, 34, 26]"
30,"[70, 34, 50]"
34,"[70, 34, 8]"
38,"[70, 34, 27]"
46,"[70, 34, 17]"
44,"[70, 34, 29]"
43,"[70, 34, 69]"
40,"[70, 34, 0]"
30,"[70, 34, 10]"
28,"[70, 34, 56]"
33,"[70, 34, 35]"
29,"[70, 34, 58]"
19,"[70, 34, 1]"
28,"[70, 34, 60]"
29,"[70, 34, 4]"
29,"[70, 34, 3]"
39,"[70, 34, 6]"
24,"[70, 34, 7]"
33,"[70, 34, 34]"
27,"[70, 34, 13]"
27,"[70, 34, 53]"
16,"[70, 34, 31]"
31,"[70, 34, 42]"
27,"[70, 34, 12]"
29,"[70, 34, 51]"
18,"[70, 34, 36]"
20,"[70, 34, 14]"
17,"[70, 34, 63]"
47,"[70, 33]"
47,"[70, 33, 28]"
47,"[70, 33, 25]"
37,"[70, 33, 49]"
46,"[70, 33, 48]"
47,"[70, 33, 70]"
46,"[70, 33, 54]"
31,"[70, 33, 32]"
30,"[70, 33, 18]"
34,"[70, 33, 55]"
42,"[70, 33, 20]"
38,"[70, 33, 37]"
35,"[70, 33, 26]"
31,"[70, 33, 50]"
28,"[70, 33, 8]"
37,"[70, 33, 27]"
46,"[70, 33, 17]"
43,"[70, 33, 29]"
42,"[70, 33, 69]"
41,"[70, 33, 0]"
25,"[70, 33, 10]"
26,"[70, 33, 56]"
30,"[70, 33, 35]"
26,"[70, 33, 58]"
17,"[70, 33, 1]"
28,"[70, 33, 60]"
29,"[70, 33, 4]"
23,"[70, 33, 3]"
37,"[70, 33, 6]"
20,"[70, 33, 7]"
31,"[70, 33, 34]"
34,"[70, 33, 33]"
26,"[70, 33, 13]"
26,"[70, 33, 53]"
31,"[70, 33, 42]"
26,"[70, 33, 12]"
25,"[70, 33, 51]"
19,"[70, 33, 36]"
17,"[70, 33, 14]"
16,"[70, 33, 63]"
48,"[70, 28]"
47,"[70, 28, 25]"
36,"[70, 28, 49]"
47,"[70, 28, 48]"
48,"[70, 28, 70]"
46,"[70, 28, 54]"
32,"[70, 28, 32]"
31,"[70, 28, 18]"
33,"[70, 28, 55]"
36,"[70, 28, 20]"
36,"[70, 28, 37]"
31,"[70, 28, 26]"
29,"[70, 28, 50]"
29,"[70, 28, 8]"
37,"[70, 28, 27]"
46,"[70, 28, 17]"
44,"[70, 28, 29]"
43,"[70, 28, 69]"
41,"[70, 28, 0]"
25,"[70, 28, 10]"
26,"[70, 28, 56]"
30,"[70, 28, 35]"
26,"[70, 28, 58]"
27,"[70, 28, 60]"
29,"[70, 28, 4]"
23,"[70, 28, 3]"
39,"[70, 28, 6]"
18,"[70, 28, 7]"
28,"[70, 28, 34]"
31,"[70, 28, 33]"
40,"[70, 28, 28]"
25,"[70, 28, 13]"
25,"[70, 28, 53]"
30,"[70, 28, 42]"
24,"[70, 28, 12]"
23,"[70, 28, 51]"
18,"[70, 28, 36]"
16,"[70, 28, 14]"
17,"[70, 28, 63]"
49,"[70, 25]"
38,"[70, 25, 49]"
48,"[70, 25, 48]"
37,"[70, 25, 25]"
49,"[70, 25, 70]"
43,"[70, 25, 54]"
29,"[70, 25, 32]"
30,"[70, 25, 18]"
35,"[70, 25, 55]"
33,"[70, 25, 20]"
33,"[70, 25, 37]"
29,"[70, 25, 26]"
27,"[70, 25, 50]"
29,"[70, 25, 8]"
35,"[70, 25, 27]"
47,"[70, 25, 17]"
44,"[70, 25, 29]"
39,"[70, 25, 69]"
40,"[70, 25, 0]"
22,"[70, 25, 10]"
25,"[70, 25, 56]"
29,"[70, 25, 35]"
25,"[70, 25, 58]"
16,"[70, 25, 1]"
27,"[70, 25, 60]"
28,"[70, 25, 4]"
22,"[70, 25, 3]"
38,"[70, 25, 6]"
18,"[70, 25, 7]"
26,"[70, 25, 34]"
30,"[70, 25, 33]"
35,"[70, 25, 28]"
22,"[70, 25, 13]"
21,"[70, 25, 53]"
27,"[70, 25, 42]"
23,"[70, 25, 12]"
23,"[70, 25, 51]"
17,"[70, 25, 36]"
17,"[70, 25, 63]"
40,"[70, 49]"
26,"[70, 49, 48]"
22,"[70, 49, 49]"
18,"[70, 49, 25]"
37,"[70, 49, 70]"
30,"[70, 49, 54]"
19,"[70, 49, 32]"
32,"[70, 49, 55]"
20,"[70, 49, 20]"
17,"[70, 49, 37]"
17,"[70, 49, 26]"
17,"[70, 49, 50]"
17,"[70, 49, 8]"
25,"[70, 49, 27]"
34,"[70, 49, 17]"
33,"[70, 49, 29]"
31,"[70, 49, 69]"
27,"[70, 49, 0]"
20,"[70, 49, 4]"
24,"[70, 49, 6]"
19,"[70, 49, 33]"
19,"[70, 49, 28]"
16,"[70, 49, 13]"
17,"[70, 49, 53]"
16,"[70, 49, 12]"
16,"[70, 49, 42]"
18,"[70, 49, 51]"
50,"[70, 48]"
37,"[70, 48, 49]"
40,"[70, 48, 48]"
35,"[70, 48, 25]"
49,"[70, 48, 70]"
42,"[70, 48, 54]"
27,"[70, 48, 32]"
27,"[70, 48, 18]"
34,"[70, 48, 55]"
32,"[70, 48, 20]"
30,"[70, 48, 37]"
28,"[70, 48, 26]"
26,"[70, 48, 50]"
27,"[70, 48, 8]"
32,"[70, 48, 27]"
46,"[70, 48, 17]"
44,"[70, 48, 29]"
40,"[70, 48, 69]"
40,"[70, 48, 0]"
21,"[70, 48, 10]"
23,"[70, 48, 56]"
25,"[70, 48, 35]"
22,"[70, 48, 58]"
26,"[70, 48, 60]"
27,"[70, 48, 4]"
22,"[70, 48, 3]"
36,"[70, 48, 6]"
16,"[70, 48, 7]"
23,"[70, 48, 34]"
28,"[70, 48, 33]"
31,"[70, 48, 28]"
21,"[70, 48, 13]"
22,"[70, 48, 53]"
24,"[70, 48, 42]"
22,"[70, 48, 12]"
23,"[70, 48, 51]"
52,"[70, 70]"
50,"[70, 70, 48]"
50,"[70, 70, 54]"
37,"[70, 70, 32]"
37,"[70, 70, 18]"
51,"[70, 70, 70]"
37,"[70, 70, 55]"
44,"[70, 70, 20]"
38,"[70, 70, 37]"
38,"[70, 70, 26]"
33,"[70, 70, 50]"
36,"[70, 70, 8]"
42,"[70, 70, 27]"
49,"[70, 70, 17]"
47,"[70, 70, 29]"
45,"[70, 70, 69]"
46,"[70, 70, 0]"
39,"[70, 70, 49]"
32,"[70, 70, 10]"
34,"[70, 70, 56]"
16,"[70, 70, 57]"
39,"[70, 70, 35]"
34,"[70, 70, 58]"
17,"[70, 70, 59]"
20,"[70, 70, 1]"
29,"[70, 70, 60]"
35,"[70, 70, 4]"
35,"[70, 70, 3]"
45,"[70, 70, 6]"
27,"[70, 70, 7]"
45,"[70, 70, 34]"
44,"[70, 70, 33]"
47,"[70, 70, 28]"
48,"[70, 70, 25]"
29,"[70, 70, 13]"
29,"[70, 70, 53]"
19,"[70, 70, 31]"
31,"[70, 70, 42]"
29,"[70, 70, 12]"
31,"[70, 70, 51]"
19,"[70, 70, 36]"
22,"[70, 70, 14]"
18,"[70, 70, 9]"
18,"[70, 70, 43]"
17,"[70, 70, 65]"
23,"[70, 70, 63]"
51,"[70, 54]"
27,"[70, 54, 32]"
26,"[70, 54, 18]"
49,"[70, 54, 70]"
36,"[70, 54, 55]"
39,"[70, 54, 54]"
34,"[70, 54, 20]"
30,"[70, 54, 37]"
31,"[70, 54, 26]"
29,"[70, 54, 50]"
26,"[70, 54, 8]"
33,"[70, 54, 27]"
46,"[70, 54, 17]"
43,"[70, 54, 29]"
42,"[70, 54, 69]"
38,"[70, 54, 48]"
40,"[70, 54, 0]"
32,"[70, 54, 49]"
24,"[70, 54, 10]"
26,"[70, 54, 56]"
25,"[70, 54, 35]"
20,"[70, 54, 58]"
26,"[70, 54, 60]"
26,"[70, 54, 4]"
22,"[70, 54, 3]"
34,"[70, 54, 6]"
17,"[70, 54, 7]"
23,"[70, 54, 34]"
25,"[70, 54, 33]"
32,"[70, 54, 28]"
33,"[70, 54, 25]"
26,"[70, 54, 13]"
23,"[70, 54, 53]"
25,"[70, 54, 42]"
23,"[70, 54, 12]"
22,"[70, 54, 51]"
17,"[70, 54, 36]"
17,"[70, 54, 63]"
49,"[70, 32]"
43,"[70, 32, 18]"
47,"[70, 32, 70]"
34,"[70, 32, 55]"
43,"[70, 32, 54]"
34,"[70, 32, 20]"
32,"[70, 32, 37]"
32,"[70, 32, 26]"
26,"[70, 32, 50]"
29,"[70, 32, 32]"
45,"[70, 32, 8]"
45,"[70, 32, 27]"
48,"[70, 32, 17]"
45,"[70, 32, 29]"
44,"[70, 32, 69]"
44,"[70, 32, 48]"
47,"[70, 32, 0]"
36,"[70, 32, 49]"
39,"[70, 32, 10]"
38,"[70, 32, 56]"
18,"[70, 32, 11]"
19,"[70, 32, 57]"
41,"[70, 32, 35]"
38,"[70, 32, 58]"
19,"[70, 32, 59]"
21,"[70, 32, 1]"
22,"[70, 32, 60]"
36,"[70, 32, 4]"
39,"[70, 32, 3]"
43,"[70, 32, 6]"
29,"[70, 32, 7]"
39,"[70, 32, 34]"
40,"[70, 32, 33]"
42,"[70, 32, 28]"
43,"[70, 32, 25]"
25,"[70, 32, 13]"
26,"[70, 32, 53]"
26,"[70, 32, 31]"
29,"[70, 32, 42]"
26,"[70, 32, 12]"
30,"[70, 32, 51]"
16,"[70, 32, 36]"
21,"[70, 32, 14]"
25,"[70, 32, 9]"
17,"[70, 32, 65]"
20,"[70, 32, 63]"
47,"[70, 18]"
46,"[70, 18, 70]"
32,"[70, 18, 55]"
43,"[70, 18, 54]"
35,"[70, 18, 20]"
30,"[70, 18, 37]"
29,"[70, 18, 26]"
23,"[70, 18, 50]"
27,"[70, 18, 32]"
21,"[70, 18, 18]"
44,"[70, 18, 8]"
44,"[70, 18, 27]"
46,"[70, 18, 17]"
45,"[70, 18, 29]"
41,"[70, 18, 69]"
44,"[70, 18, 48]"
45,"[70, 18, 0]"
35,"[70, 18, 49]"
38,"[70, 18, 10]"
38,"[70, 18, 56]"
17,"[70, 18, 11]"
20,"[70, 18, 57]"
39,"[70, 18, 35]"
34,"[70, 18, 58]"
19,"[70, 18, 59]"
20,"[70, 18, 1]"
19,"[70, 18, 60]"
35,"[70, 18, 4]"
36,"[70, 18, 3]"
44,"[70, 18, 6]"
28,"[70, 18, 7]"
38,"[70, 18, 34]"
37,"[70, 18, 33]"
41,"[70, 18, 28]"
42,"[70, 18, 25]"
23,"[70, 18, 13]"
23,"[70, 18, 53]"
24,"[70, 18, 31]"
28,"[70, 18, 42]"
24,"[70, 18, 12]"
26,"[70, 18, 51]"
18,"[70, 18, 14]"
25,"[70, 18, 9]"
16,"[70, 18, 43]"
16,"[70, 18, 65]"
20,"[70, 18, 63]"
38,"[70, 55]"
21,"[70, 55, 54]"
24,"[70, 55, 20]"
22,"[70, 55, 27]"
28,"[70, 55, 17]"
27,"[70, 55, 29]"
34,"[70, 55, 69]"
35,"[70, 55, 70]"
24,"[70, 55, 48]"
24,"[70, 55, 0]"
21,"[70, 55, 55]"
18,"[70, 55, 49]"
19,"[70, 55, 4]"
20,"[70, 55, 6]"
20,"[70, 55, 33]"
16,"[70, 55, 28]"
19,"[70, 55, 25]"
16,"[70, 55, 13]"
17,"[70, 55, 42]"
47,"[70, 20]"
37,"[70, 20, 37]"
35,"[70, 20, 26]"
32,"[70, 20, 50]"
29,"[70, 20, 32]"
30,"[70, 20, 18]"
28,"[70, 20, 8]"
35,"[70, 20, 27]"
44,"[70, 20, 17]"
39,"[70, 20, 29]"
40,"[70, 20, 69]"
46,"[70, 20, 70]"
43,"[70, 20, 48]"
38,"[70, 20, 0]"
32,"[70, 20, 55]"
40,"[70, 20, 54]"
34,"[70, 20, 49]"
24,"[70, 20, 10]"
25,"[70, 20, 56]"
28,"[70, 20, 35]"
26,"[70, 20, 58]"
28,"[70, 20, 60]"
28,"[70, 20, 4]"
23,"[70, 20, 3]"
35,"[70, 20, 6]"
17,"[70, 20, 7]"
25,"[70, 20, 34]"
29,"[70, 20, 33]"
39,"[70, 20, 28]"
42,"[70, 20, 25]"
30,"[70, 20, 20]"
21,"[70, 20, 13]"
20,"[70, 20, 53]"
26,"[70, 20, 42]"
24,"[70, 20, 12]"
22,"[70, 20, 51]"
19,"[70, 20, 36]"
16,"[70, 20, 63]"
39,"[70, 37]"
31,"[70, 37, 26]"
27,"[70, 37, 50]"
25,"[70, 37, 32]"
24,"[70, 37, 18]"
23,"[70, 37, 8]"
32,"[70, 37, 27]"
38,"[70, 37, 17]"
36,"[70, 37, 29]"
35,"[70, 37, 69]"
38,"[70, 37, 70]"
31,"[70, 37, 48]"
33,"[70, 37, 0]"
29,"[70, 37, 55]"
31,"[70, 37, 54]"
25,"[70, 37, 49]"
19,"[70, 37, 10]"
22,"[70, 37, 56]"
19,"[70, 37, 35]"
18,"[70, 37, 58]"
28,"[70, 37, 60]"
25,"[70, 37, 4]"
17,"[70, 37, 3]"
31,"[70, 37, 6]"
19,"[70, 37, 34]"
24,"[70, 37, 33]"
27,"[70, 37, 28]"
28,"[70, 37, 25]"
24,"[70, 37, 20]"
18,"[70, 37, 13]"
16,"[70, 37, 53]"
17,"[70, 37, 37]"
20,"[70, 37, 42]"
18,"[70, 37, 12]"
19,"[70, 37, 51]"
17,"[70, 37, 36]"
39,"[70, 26]"
30,"[70, 26, 50]"
21,"[70, 26, 32]"
21,"[70, 26, 18]"
21,"[70, 26, 8]"
27,"[70, 26, 27]"
36,"[70, 26, 17]"
31,"[70, 26, 29]"
31,"[70, 26, 69]"
36,"[70, 26, 70]"
34,"[70, 26, 48]"
30,"[70, 26, 0]"
28,"[70, 26, 55]"
28,"[70, 26, 54]"
24,"[70, 26, 49]"
17,"[70, 26, 10]"
19,"[70, 26, 56]"
16,"[70, 26, 35]"
18,"[70, 26, 60]"
25,"[70, 26, 4]"
18,"[70, 26, 3]"
29,"[70, 26, 6]"
18,"[70, 26, 34]"
23,"[70, 26, 33]"
27,"[70, 26, 28]"
27,"[70, 26, 25]"
23,"[70, 26, 20]"
17,"[70, 26, 37]"
18,"[70, 26, 42]"
17,"[70, 26, 12]"
17,"[70, 26, 51]"
34,"[70, 50]"
18,"[70, 50, 32]"
17,"[70, 50, 18]"
18,"[70, 50, 8]"
23,"[70, 50, 27]"
32,"[70, 50, 17]"
27,"[70, 50, 29]"
26,"[70, 50, 69]"
31,"[70, 50, 70]"
26,"[70, 50, 48]"
26,"[70, 50, 0]"
24,"[70, 50, 55]"
25,"[70, 50, 54]"
22,"[70, 50, 49]"
16,"[70, 50, 10]"
18,"[70, 50, 56]"
21,"[70, 50, 4]"
24,"[70, 50, 6]"
19,"[70, 50, 33]"
21,"[70, 50, 28]"
22,"[70, 50, 25]"
19,"[70, 50, 20]"
46,"[70, 8]"
45,"[70, 8, 27]"
46,"[70, 8, 17]"
43,"[70, 8, 29]"
41,"[70, 8, 69]"
46,"[70, 8, 70]"
44,"[70, 8, 48]"
43,"[70, 8, 0]"
33,"[70, 8, 55]"
42,"[70, 8, 54]"
36,"[70, 8, 49]"
37,"[70, 8, 10]"
26,"[70, 8, 32]"
21,"[70, 8, 18]"
38,"[70, 8, 56]"
16,"[70, 8, 11]"
20,"[70, 8, 57]"
23,"[70, 8, 50]"
36,"[70, 8, 35]"
34,"[70, 8, 58]"
18,"[70, 8, 59]"
20,"[70, 8, 1]"
19,"[70, 8, 60]"
35,"[70, 8, 4]"
37,"[70, 8, 3]"
44,"[70, 8, 6]"
30,"[70, 8, 7]"
37,"[70, 8, 34]"
39,"[70, 8, 33]"
41,"[70, 8, 28]"
42,"[70, 8, 25]"
33,"[70, 8, 20]"
22,"[70, 8, 13]"
21,"[70, 8, 53]"
25,"[70, 8, 8]"
16,"[70, 8, 31]"
28,"[70, 8, 26]"
29,"[70, 8, 37]"
28,"[70, 8, 42]"
23,"[70, 8, 12]"
25,"[70, 8, 51]"
18,"[70, 8, 14]"
25,"[70, 8, 9]"
17,"[70, 8, 43]"
19,"[70, 8, 63]"
48,"[70, 27]"
46,"[70, 27, 17]"
43,"[70, 27, 29]"
42,"[70, 27, 69]"
47,"[70, 27, 70]"
43,"[70, 27, 48]"
46,"[70, 27, 0]"
34,"[70, 27, 55]"
42,"[70, 27, 54]"
36,"[70, 27, 49]"
38,"[70, 27, 10]"
25,"[70, 27, 32]"
22,"[70, 27, 18]"
39,"[70, 27, 27]"
36,"[70, 27, 56]"
17,"[70, 27, 11]"
18,"[70, 27, 57]"
25,"[70, 27, 50]"
40,"[70, 27, 35]"
37,"[70, 27, 58]"
20,"[70, 27, 59]"
20,"[70, 27, 1]"
21,"[70, 27, 60]"
35,"[70, 27, 4]"
38,"[70, 27, 3]"
44,"[70, 27, 6]"
29,"[70, 27, 7]"
38,"[70, 27, 34]"
41,"[70, 27, 33]"
40,"[70, 27, 28]"
42,"[70, 27, 25]"
35,"[70, 27, 20]"
24,"[70, 27, 13]"
23,"[70, 27, 53]"
27,"[70, 27, 8]"
29,"[70, 27, 26]"
31,"[70, 27, 37]"
25,"[70, 27, 42]"
23,"[70, 27, 12]"
25,"[70, 27, 51]"
19,"[70, 27, 14]"
20,"[70, 27, 63]"
52,"[70, 17]"
47,"[70, 17, 29]"
45,"[70, 17, 69]"
51,"[70, 17, 70]"
47,"[70, 17, 48]"
49,"[70, 17, 0]"
37,"[70, 17, 55]"
44,"[70, 17, 54]"
37,"[70, 17, 49]"
39,"[70, 17, 10]"
25,"[70, 17, 32]"
20,"[70, 17, 18]"
40,"[70, 17, 27]"
37,"[70, 17, 56]"
16,"[70, 17, 11]"
18,"[70, 17, 57]"
26,"[70, 17, 50]"
40,"[70, 17, 35]"
36,"[70, 17, 58]"
19,"[70, 17, 59]"
48,"[70, 17, 17]"
20,"[70, 17, 1]"
23,"[70, 17, 60]"
35,"[70, 17, 4]"
38,"[70, 17, 3]"
46,"[70, 17, 6]"
30,"[70, 17, 7]"
39,"[70, 17, 34]"
42,"[70, 17, 33]"
42,"[70, 17, 28]"
42,"[70, 17, 25]"
37,"[70, 17, 20]"
26,"[70, 17, 13]"
25,"[70, 17, 53]"
23,"[70, 17, 8]"
32,"[70, 17, 26]"
34,"[70, 17, 37]"
29,"[70, 17, 42]"
27,"[70, 17, 12]"
28,"[70, 17, 51]"
21,"[70, 17, 14]"
17,"[70, 17, 43]"
17,"[70, 17, 65]"
22,"[70, 17, 63]"
49,"[70, 29]"
42,"[70, 29, 69]"
49,"[70, 29, 70]"
47,"[70, 29, 48]"
46,"[70, 29, 0]"
34,"[70, 29, 55]"
42,"[70, 29, 54]"
36,"[70, 29, 49]"
37,"[70, 29, 10]"
27,"[70, 29, 32]"
22,"[70, 29, 18]"
38,"[70, 29, 27]"
37,"[70, 29, 56]"
17,"[70, 29, 11]"
19,"[70, 29, 57]"
27,"[70, 29, 50]"
40,"[70, 29, 35]"
37,"[70, 29, 58]"
22,"[70, 29, 59]"
48,"[70, 29, 17]"
46,"[70, 29, 29]"
17,"[70, 29, 1]"
24,"[70, 29, 60]"
34,"[70, 29, 4]"
24,"[70, 29, 3]"
46,"[70, 29, 6]"
30,"[70, 29, 7]"
38,"[70, 29, 34]"
41,"[70, 29, 33]"
40,"[70, 29, 28]"
43,"[70, 29, 25]"
37,"[70, 29, 20]"
23,"[70, 29, 13]"
22,"[70, 29, 53]"
23,"[70, 29, 8]"
32,"[70, 29, 26]"
35,"[70, 29, 37]"
29,"[70, 29, 42]"
23,"[70, 29, 12]"
25,"[70, 29, 51]"
16,"[70, 29, 36]"
19,"[70, 29, 14]"
22,"[70, 29, 63]"
17,"[70, 29, 65]"
51,"[70, 69]"
49,"[70, 69, 70]"
48,"[70, 69, 48]"
45,"[70, 69, 0]"
35,"[70, 69, 55]"
46,"[70, 69, 54]"
38,"[70, 69, 49]"
36,"[70, 69, 10]"
41,"[70, 69, 32]"
41,"[70, 69, 18]"
42,"[70, 69, 27]"
38,"[70, 69, 56]"
20,"[70, 69, 57]"
29,"[70, 69, 50]"
38,"[70, 69, 35]"
37,"[70, 69, 58]"
20,"[70, 69, 59]"
49,"[70, 69, 17]"
47,"[70, 69, 29]"
20,"[70, 69, 1]"
26,"[70, 69, 60]"
34,"[70, 69, 4]"
34,"[70, 69, 3]"
46,"[70, 69, 6]"
28,"[70, 69, 7]"
42,"[70, 69, 34]"
42,"[70, 69, 33]"
41,"[70, 69, 28]"
45,"[70, 69, 25]"
40,"[70, 69, 20]"
47,"[70, 69, 69]"
42,"[70, 69, 13]"
19,"[70, 69, 68]"
40,"[70, 69, 53]"
22,"[70, 69, 16]"
41,"[70, 69, 8]"
20,"[70, 69, 31]"
34,"[70, 69, 26]"
35,"[70, 69, 37]"
42,"[70, 69, 42]"
37,"[70, 69, 12]"
41,"[70, 69, 51]"
26,"[70, 69, 43]"
17,"[70, 69, 36]"
29,"[70, 69, 14]"
21,"[70, 69, 9]"
18,"[70, 69, 65]"
16,"[70, 69, 67]"
22,"[70, 69, 63]"
50,"[70, 0]"
36,"[70, 0, 55]"
44,"[70, 0, 54]"
37,"[70, 0, 49]"
48,"[70, 0, 70]"
36,"[70, 0, 10]"
26,"[70, 0, 32]"
22,"[70, 0, 18]"
37,"[70, 0, 27]"
36,"[70, 0, 56]"
16,"[70, 0, 11]"
18,"[70, 0, 57]"
25,"[70, 0, 50]"
40,"[70, 0, 35]"
37,"[70, 0, 58]"
19,"[70, 0, 59]"
45,"[70, 0, 0]"
47,"[70, 0, 17]"
47,"[70, 0, 29]"
21,"[70, 0, 1]"
22,"[70, 0, 60]"
34,"[70, 0, 4]"
39,"[70, 0, 3]"
43,"[70, 0, 6]"
30,"[70, 0, 7]"
39,"[70, 0, 34]"
40,"[70, 0, 33]"
41,"[70, 0, 28]"
42,"[70, 0, 25]"
46,"[70, 0, 48]"
35,"[70, 0, 20]"
45,"[70, 0, 69]"
26,"[70, 0, 13]"
25,"[70, 0, 53]"
24,"[70, 0, 8]"
31,"[70, 0, 26]"
34,"[70, 0, 37]"
29,"[70, 0, 42]"
26,"[70, 0, 12]"
28,"[70, 0, 51]"
21,"[70, 0, 14]"
17,"[70, 0, 65]"
21,"[70, 0, 63]"
43,"[70, 10]"
25,"[70, 10, 32]"
21,"[70, 10, 18]"
33,"[70, 10, 27]"
39,"[70, 10, 56]"
20,"[70, 10, 11]"
21,"[70, 10, 57]"
43,"[70, 10, 70]"
22,"[70, 10, 50]"
33,"[70, 10, 35]"
30,"[70, 10, 58]"
18,"[70, 10, 59]"
39,"[70, 10, 0]"
40,"[70, 10, 17]"
38,"[70, 10, 29]"
20,"[70, 10, 60]"
26,"[70, 10, 4]"
21,"[70, 10, 3]"
32,"[70, 10, 6]"
17,"[70, 10, 7]"
34,"[70, 10, 34]"
38,"[70, 10, 33]"
35,"[70, 10, 28]"
38,"[70, 10, 25]"
40,"[70, 10, 48]"
37,"[70, 10, 54]"
32,"[70, 10, 20]"
38,"[70, 10, 69]"
22,"[70, 10, 13]"
21,"[70, 10, 53]"
20,"[70, 10, 8]"
25,"[70, 10, 26]"
28,"[70, 10, 37]"
31,"[70, 10, 55]"
32,"[70, 10, 49]"
24,"[70, 10, 42]"
22,"[70, 10, 10]"
21,"[70, 10, 12]"
21,"[70, 10, 51]"
16,"[70, 10, 65]"
20,"[70, 10, 63]"
42,"[70, 56]"
25,"[70, 56, 56]"
21,"[70, 56, 57]"
42,"[70, 56, 70]"
24,"[70, 56, 50]"
33,"[70, 56, 35]"
30,"[70, 56, 58]"
19,"[70, 56, 59]"
38,"[70, 56, 0]"
31,"[70, 56, 27]"
39,"[70, 56, 17]"
37,"[70, 56, 29]"
19,"[70, 56, 60]"
26,"[70, 56, 4]"
20,"[70, 56, 3]"
32,"[70, 56, 6]"
34,"[70, 56, 34]"
38,"[70, 56, 33]"
35,"[70, 56, 28]"
38,"[70, 56, 25]"
37,"[70, 56, 48]"
37,"[70, 56, 54]"
32,"[70, 56, 20]"
37,"[70, 56, 69]"
21,"[70, 56, 13]"
20,"[70, 56, 53]"
21,"[70, 56, 32]"
19,"[70, 56, 18]"
19,"[70, 56, 8]"
26,"[70, 56, 26]"
27,"[70, 56, 37]"
30,"[70, 56, 55]"
32,"[70, 56, 49]"
22,"[70, 56, 42]"
20,"[70, 56, 10]"
19,"[70, 56, 12]"
19,"[70, 56, 51]"
19,"[70, 56, 63]"
20,"[70, 11]"
20,"[70, 11, 70]"
19,"[70, 11, 35]"
18,"[70, 11, 58]"
18,"[70, 11, 0]"
18,"[70, 11, 17]"
19,"[70, 11, 29]"
16,"[70, 11, 34]"
18,"[70, 11, 33]"
16,"[70, 11, 28]"
18,"[70, 11, 25]"
19,"[70, 11, 48]"
18,"[70, 11, 54]"
16,"[70, 11, 20]"
19,"[70, 11, 69]"
20,"[70, 11, 56]"
18,"[70, 11, 49]"
21,"[70, 57]"
21,"[70, 57, 70]"
17,"[70, 57, 35]"
16,"[70, 57, 0]"
20,"[70, 57, 17]"
19,"[70, 57, 29]"
18,"[70, 57, 34]"
18,"[70, 57, 33]"
18,"[70, 57, 28]"
21,"[70, 57, 25]"
20,"[70, 57, 48]"
17,"[70, 57, 54]"
19,"[70, 57, 69]"
18,"[70, 57, 49]"
46,"[70, 35]"
38,"[70, 35, 58]"
46,"[70, 35, 70]"
21,"[70, 35, 35]"
23,"[70, 35, 59]"
37,"[70, 35, 0]"
31,"[70, 35, 27]"
42,"[70, 35, 17]"
41,"[70, 35, 29]"
21,"[70, 35, 50]"
20,"[70, 35, 60]"
22,"[70, 35, 4]"
17,"[70, 35, 3]"
30,"[70, 35, 6]"
36,"[70, 35, 34]"
37,"[70, 35, 33]"
36,"[70, 35, 28]"
39,"[70, 35, 25]"
41,"[70, 35, 48]"
40,"[70, 35, 54]"
32,"[70, 35, 20]"
39,"[70, 35, 69]"
20,"[70, 35, 13]"
20,"[70, 35, 53]"
21,"[70, 35, 32]"
17,"[70, 35, 18]"
18,"[70, 35, 8]"
27,"[70, 35, 26]"
26,"[70, 35, 56]"
31,"[70, 35, 37]"
31,"[70, 35, 55]"
33,"[70, 35, 49]"
23,"[70, 35, 42]"
20,"[70, 35, 12]"
24,"[70, 35, 51]"
20,"[70, 35, 10]"
17,"[70, 35, 14]"
18,"[70, 35, 63]"
42,"[70, 58]"
42,"[70, 58, 70]"
23,"[70, 58, 35]"
25,"[70, 58, 58]"
23,"[70, 58, 59]"
36,"[70, 58, 0]"
30,"[70, 58, 27]"
40,"[70, 58, 17]"
39,"[70, 58, 29]"
21,"[70, 58, 50]"
19,"[70, 58, 60]"
20,"[70, 58, 4]"
28,"[70, 58, 6]"
33,"[70, 58, 34]"
36,"[70, 58, 33]"
35,"[70, 58, 28]"
36,"[70, 58, 25]"
38,"[70, 58, 48]"
37,"[70, 58, 54]"
31,"[70, 58, 20]"
36,"[70, 58, 69]"
18,"[70, 58, 13]"
18,"[70, 58, 53]"
19,"[70, 58, 32]"
16,"[70, 58, 18]"
17,"[70, 58, 8]"
25,"[70, 58, 26]"
25,"[70, 58, 56]"
29,"[70, 58, 37]"
28,"[70, 58, 55]"
30,"[70, 58, 49]"
22,"[70, 58, 42]"
18,"[70, 58, 12]"
21,"[70, 58, 51]"
19,"[70, 58, 10]"
16,"[70, 58, 14]"
17,"[70, 58, 63]"
23,"[70, 59]"
20,"[70, 59, 0]"
21,"[70, 59, 17]"
21,"[70, 59, 29]"
23,"[70, 59, 70]"
17,"[70, 59, 6]"
18,"[70, 59, 34]"
20,"[70, 59, 33]"
20,"[70, 59, 28]"
21,"[70, 59, 25]"
21,"[70, 59, 48]"
22,"[70, 59, 54]"
18,"[70, 59, 20]"
19,"[70, 59, 69]"
16,"[70, 59, 49]"
22,"[70, 1]"
19,"[70, 1, 70]"
16,"[70, 1, 6]"
18,"[70, 1, 17]"
20,"[70, 1, 29]"
16,"[70, 1, 25]"
18,"[70, 1, 48]"
17,"[70, 1, 54]"
18,"[70, 1, 69]"
16,"[70, 1, 35]"
16,"[70, 1, 55]"
31,"[70, 60]"
19,"[70, 60, 4]"
22,"[70, 60, 6]"
30,"[70, 60, 70]"
18,"[70, 60, 33]"
18,"[70, 60, 28]"
22,"[70, 60, 27]"
29,"[70, 60, 17]"
25,"[70, 60, 29]"
25,"[70, 60, 0]"
19,"[70, 60, 25]"
23,"[70, 60, 48]"
21,"[70, 60, 54]"
16,"[70, 60, 20]"
26,"[70, 60, 69]"
18,"[70, 60, 32]"
18,"[70, 60, 18]"
19,"[70, 60, 8]"
21,"[70, 60, 26]"
22,"[70, 60, 50]"
16,"[70, 60, 56]"
23,"[70, 60, 55]"
20,"[70, 60, 49]"
16,"[70, 60, 60]"
36,"[70, 4]"
25,"[70, 4, 6]"
35,"[70, 4, 70]"
25,"[70, 4, 34]"
27,"[70, 4, 33]"
27,"[70, 4, 28]"
21,"[70, 4, 27]"
28,"[70, 4, 17]"
29,"[70, 4, 29]"
30,"[70, 4, 0]"
28,"[70, 4, 25]"
30,"[70, 4, 48]"
27,"[70, 4, 54]"
22,"[70, 4, 20]"
32,"[70, 4, 69]"
16,"[70, 4, 53]"
25,"[70, 4, 35]"
17,"[70, 4, 8]"
23,"[70, 4, 4]"
24,"[70, 4, 58]"
17,"[70, 4, 26]"
23,"[70, 4, 56]"
19,"[70, 4, 37]"
26,"[70, 4, 55]"
27,"[70, 4, 49]"
22,"[70, 4, 10]"
16,"[70, 4, 42]"
39,"[70, 3]"
36,"[70, 3, 6]"
27,"[70, 3, 7]"
39,"[70, 3, 70]"
31,"[70, 3, 34]"
33,"[70, 3, 33]"
32,"[70, 3, 28]"
30,"[70, 3, 27]"
37,"[70, 3, 17]"
37,"[70, 3, 29]"
36,"[70, 3, 0]"
35,"[70, 3, 25]"
36,"[70, 3, 48]"
35,"[70, 3, 54]"
27,"[70, 3, 20]"
35,"[70, 3, 69]"
19,"[70, 3, 13]"
18,"[70, 3, 53]"
29,"[70, 3, 35]"
20,"[70, 3, 32]"
17,"[70, 3, 8]"
17,"[70, 3, 3]"
28,"[70, 3, 4]"
30,"[70, 3, 58]"
23,"[70, 3, 26]"
18,"[70, 3, 50]"
27,"[70, 3, 56]"
16,"[70, 3, 57]"
26,"[70, 3, 37]"
29,"[70, 3, 55]"
30,"[70, 3, 49]"
22,"[70, 3, 42]"
24,"[70, 3, 10]"
16,"[70, 3, 60]"
17,"[70, 3, 12]"
20,"[70, 3, 51]"
17,"[70, 3, 63]"
48,"[70, 6]"
31,"[70, 6, 7]"
48,"[70, 6, 70]"
37,"[70, 6, 34]"
39,"[70, 6, 33]"
39,"[70, 6, 28]"
35,"[70, 6, 27]"
46,"[70, 6, 17]"
43,"[70, 6, 29]"
40,"[70, 6, 0]"
41,"[70, 6, 25]"
43,"[70, 6, 48]"
41,"[70, 6, 54]"
35,"[70, 6, 20]"
42,"[70, 6, 69]"
22,"[70, 6, 13]"
21,"[70, 6, 53]"
39,"[70, 6, 35]"
25,"[70, 6, 32]"
20,"[70, 6, 18]"
23,"[70, 6, 8]"
19,"[70, 6, 3]"
16,"[70, 6, 1]"
35,"[70, 6, 6]"
34,"[70, 6, 4]"
36,"[70, 6, 58]"
28,"[70, 6, 26]"
24,"[70, 6, 50]"
36,"[70, 6, 56]"
17,"[70, 6, 57]"
33,"[70, 6, 37]"
35,"[70, 6, 55]"
34,"[70, 6, 49]"
31,"[70, 6, 10]"
26,"[70, 6, 42]"
22,"[70, 6, 60]"
21,"[70, 6, 12]"
23,"[70, 6, 51]"
20,"[70, 6, 59]"
17,"[70, 6, 14]"
19,"[70, 6, 63]"
31,"[70, 7]"
31,"[70, 7, 70]"
25,"[70, 7, 34]"
27,"[70, 7, 33]"
28,"[70, 7, 28]"
20,"[70, 7, 27]"
28,"[70, 7, 17]"
26,"[70, 7, 29]"
25,"[70, 7, 0]"
28,"[70, 7, 25]"
29,"[70, 7, 48]"
26,"[70, 7, 54]"
23,"[70, 7, 20]"
28,"[70, 7, 69]"
16,"[70, 7, 13]"
25,"[70, 7, 35]"
21,"[70, 7, 6]"
22,"[70, 7, 4]"
23,"[70, 7, 58]"
22,"[70, 7, 26]"
18,"[70, 7, 50]"
23,"[70, 7, 56]"
23,"[70, 7, 37]"
21,"[70, 7, 55]"
23,"[70, 7, 49]"
19,"[70, 7, 10]"
16,"[70, 7, 42]"
16,"[70, 7, 60]"
42,"[70, 13]"
18,"[70, 13, 68]"
38,"[70, 13, 53]"
18,"[70, 13, 16]"
24,"[70, 13, 35]"
29,"[70, 13, 32]"
27,"[70, 13, 18]"
27,"[70, 13, 8]"
21,"[70, 13, 3]"
37,"[70, 13, 70]"
31,"[70, 13, 6]"
19,"[70, 13, 7]"
24,"[70, 13, 4]"
24,"[70, 13, 58]"
28,"[70, 13, 34]"
30,"[70, 13, 33]"
33,"[70, 13, 28]"
23,"[70, 13, 26]"
22,"[70, 13, 50]"
25,"[70, 13, 56]"
22,"[70, 13, 37]"
27,"[70, 13, 55]"
28,"[70, 13, 49]"
37,"[70, 13, 48]"
33,"[70, 13, 0]"
35,"[70, 13, 29]"
35,"[70, 13, 17]"
33,"[70, 13, 54]"
29,"[70, 13, 27]"
37,"[70, 13, 69]"
25,"[70, 13, 51]"
22,"[70, 13, 13]"
33,"[70, 13, 25]"
27,"[70, 13, 20]"
18,"[70, 13, 60]"
20,"[70, 13, 10]"
23,"[70, 13, 42]"
19,"[70, 13, 12]"
16,"[70, 13, 9]"
16,"[70, 13, 14]"
16,"[70, 13, 63]"
20,"[70, 68]"
18,"[70, 68, 32]"
16,"[70, 68, 18]"
17,"[70, 68, 8]"
19,"[70, 68, 70]"
16,"[70, 68, 6]"
18,"[70, 68, 48]"
17,"[70, 68, 0]"
17,"[70, 68, 29]"
17,"[70, 68, 17]"
17,"[70, 68, 54]"
16,"[70, 68, 69]"
41,"[70, 53]"
26,"[70, 53, 35]"
30,"[70, 53, 32]"
27,"[70, 53, 18]"
29,"[70, 53, 8]"
23,"[70, 53, 3]"
36,"[70, 53, 70]"
30,"[70, 53, 6]"
18,"[70, 53, 7]"
24,"[70, 53, 4]"
26,"[70, 53, 58]"
28,"[70, 53, 34]"
28,"[70, 53, 33]"
32,"[70, 53, 28]"
24,"[70, 53, 26]"
22,"[70, 53, 50]"
25,"[70, 53, 56]"
24,"[70, 53, 37]"
27,"[70, 53, 55]"
30,"[70, 53, 49]"
37,"[70, 53, 48]"
32,"[70, 53, 0]"
35,"[70, 53, 29]"
34,"[70, 53, 17]"
34,"[70, 53, 54]"
28,"[70, 53, 27]"
33,"[70, 53, 69]"
25,"[70, 53, 51]"
19,"[70, 53, 13]"
17,"[70, 53, 53]"
32,"[70, 53, 25]"
26,"[70, 53, 20]"
19,"[70, 53, 60]"
20,"[70, 53, 10]"
21,"[70, 53, 42]"
19,"[70, 53, 12]"
17,"[70, 53, 14]"
17,"[70, 53, 9]"
16,"[70, 53, 63]"
22,"[70, 16]"
16,"[70, 16, 35]"
18,"[70, 16, 32]"
17,"[70, 16, 18]"
20,"[70, 16, 8]"
21,"[70, 16, 70]"
18,"[70, 16, 6]"
18,"[70, 16, 4]"
16,"[70, 16, 58]"
16,"[70, 16, 34]"
16,"[70, 16, 33]"
17,"[70, 16, 28]"
16,"[70, 16, 55]"
17,"[70, 16, 49]"
20,"[70, 16, 48]"
18,"[70, 16, 0]"
19,"[70, 16, 29]"
20,"[70, 16, 17]"
17,"[70, 16, 54]"
16,"[70, 16, 27]"
16,"[70, 16, 53]"
18,"[70, 16, 69]"
26,"[70, 31]"
21,"[70, 31, 4]"
21,"[70, 31, 58]"
21,"[70, 31, 34]"
21,"[70, 31, 33]"
22,"[70, 31, 28]"
20,"[70, 31, 56]"
25,"[70, 31, 70]"
18,"[70, 31, 37]"
19,"[70, 31, 55]"
20,"[70, 31, 49]"
23,"[70, 31, 48]"
26,"[70, 31, 0]"
23,"[70, 31, 6]"
25,"[70, 31, 29]"
25,"[70, 31, 17]"
25,"[70, 31, 54]"
24,"[70, 31, 27]"
21,"[70, 31, 8]"
18,"[70, 31, 3]"
20,"[70, 31, 10]"
22,"[70, 31, 35]"
22,"[70, 31, 25]"
21,"[70, 31, 69]"
20,"[70, 31, 20]"
16,"[70, 5]"
16,"[70, 5, 70]"
43,"[70, 42]"
39,"[70, 42, 69]"
32,"[70, 42, 42]"
40,"[70, 42, 29]"
35,"[70, 42, 6]"
23,"[70, 42, 7]"
25,"[70, 42, 4]"
29,"[70, 42, 10]"
29,"[70, 42, 56]"
31,"[70, 42, 35]"
31,"[70, 42, 58]"
40,"[70, 42, 70]"
35,"[70, 42, 34]"
36,"[70, 42, 33]"
37,"[70, 42, 28]"
39,"[70, 42, 25]"
39,"[70, 42, 48]"
37,"[70, 42, 54]"
36,"[70, 42, 0]"
34,"[70, 42, 20]"
26,"[70, 42, 37]"
23,"[70, 42, 60]"
27,"[70, 42, 26]"
35,"[70, 42, 27]"
39,"[70, 42, 17]"
24,"[70, 42, 50]"
26,"[70, 42, 12]"
30,"[70, 42, 8]"
36,"[70, 42, 51]"
30,"[70, 42, 49]"
22,"[70, 42, 43]"
33,"[70, 42, 13]"
16,"[70, 42, 68]"
31,"[70, 42, 53]"
25,"[70, 42, 55]"
34,"[70, 42, 32]"
30,"[70, 42, 18]"
27,"[70, 42, 3]"
19,"[70, 42, 59]"
28,"[70, 42, 14]"
18,"[70, 42, 9]"
18,"[70, 42, 63]"
37,"[70, 12]"
33,"[70, 12, 42]"
25,"[70, 12, 8]"
28,"[70, 12, 0]"
34,"[70, 12, 69]"
30,"[70, 12, 51]"
33,"[70, 12, 70]"
29,"[70, 12, 25]"
31,"[70, 12, 48]"
28,"[70, 12, 54]"
25,"[70, 12, 49]"
27,"[70, 12, 13]"
26,"[70, 12, 53]"
18,"[70, 12, 12]"
30,"[70, 12, 29]"
18,"[70, 12, 43]"
22,"[70, 12, 55]"
27,"[70, 12, 33]"
23,"[70, 12, 56]"
26,"[70, 12, 28]"
25,"[70, 12, 32]"
23,"[70, 12, 18]"
26,"[70, 12, 27]"
25,"[70, 12, 6]"
21,"[70, 12, 3]"
30,"[70, 12, 17]"
20,"[70, 12, 58]"
23,"[70, 12, 34]"
24,"[70, 12, 20]"
18,"[70, 12, 37]"
17,"[70, 12, 26]"
17,"[70, 12, 50]"
19,"[70, 12, 4]"
23,"[70, 12, 14]"
20,"[70, 12, 10]"
19,"[70, 12, 35]"
16,"[70, 12, 63]"
42,"[70, 51]"
36,"[70, 51, 70]"
33,"[70, 51, 25]"
35,"[70, 51, 48]"
31,"[70, 51, 54]"
30,"[70, 51, 49]"
31,"[70, 51, 13]"
29,"[70, 51, 53]"
34,"[70, 51, 69]"
22,"[70, 51, 51]"
29,"[70, 51, 34]"
30,"[70, 51, 33]"
30,"[70, 51, 28]"
26,"[70, 51, 55]"
25,"[70, 51, 20]"
23,"[70, 51, 37]"
21,"[70, 51, 26]"
19,"[70, 51, 50]"
17,"[70, 51, 60]"
32,"[70, 51, 32]"
28,"[70, 51, 18]"
27,"[70, 51, 8]"
32,"[70, 51, 27]"
35,"[70, 51, 17]"
35,"[70, 51, 29]"
33,"[70, 51, 0]"
24,"[70, 51, 3]"
30,"[70, 51, 6]"
23,"[70, 51, 4]"
25,"[70, 51, 10]"
29,"[70, 51, 56]"
27,"[70, 51, 35]"
26,"[70, 51, 58]"
20,"[70, 51, 7]"
23,"[70, 51, 12]"
26,"[70, 51, 42]"
19,"[70, 51, 14]"
16,"[70, 51, 9]"
26,"[70, 43]"
20,"[70, 43, 51]"
18,"[70, 43, 13]"
19,"[70, 43, 53]"
22,"[70, 43, 69]"
22,"[70, 43, 70]"
17,"[70, 43, 34]"
18,"[70, 43, 33]"
19,"[70, 43, 28]"
18,"[70, 43, 25]"
21,"[70, 43, 48]"
17,"[70, 43, 54]"
16,"[70, 43, 55]"
17,"[70, 43, 32]"
18,"[70, 43, 27]"
19,"[70, 43, 17]"
19,"[70, 43, 29]"
18,"[70, 43, 0]"
16,"[70, 43, 6]"
17,"[70, 43, 4]"
16,"[70, 43, 49]"
18,"[70, 43, 42]"
17,"[70, 43, 14]"
20,"[70, 36]"
20,"[70, 36, 17]"
17,"[70, 36, 29]"
16,"[70, 36, 0]"
19,"[70, 36, 70]"
16,"[70, 36, 69]"
32,"[70, 14]"
18,"[70, 14, 10]"
25,"[70, 14, 69]"
23,"[70, 14, 13]"
23,"[70, 14, 32]"
22,"[70, 14, 18]"
22,"[70, 14, 8]"
25,"[70, 14, 27]"
27,"[70, 14, 17]"
26,"[70, 14, 29]"
26,"[70, 14, 0]"
18,"[70, 14, 3]"
22,"[70, 14, 6]"
18,"[70, 14, 4]"
27,"[70, 14, 70]"
22,"[70, 14, 55]"
23,"[70, 14, 33]"
20,"[70, 14, 42]"
24,"[70, 14, 54]"
25,"[70, 14, 48]"
20,"[70, 14, 53]"
21,"[70, 14, 56]"
23,"[70, 14, 28]"
24,"[70, 14, 25]"
18,"[70, 14, 35]"
22,"[70, 14, 58]"
22,"[70, 14, 20]"
18,"[70, 14, 26]"
16,"[70, 14, 50]"
18,"[70, 14, 37]"
22,"[70, 14, 49]"
26,"[70, 14, 51]"
21,"[70, 14, 34]"
25,"[70, 9]"
24,"[70, 9, 27]"
24,"[70, 9, 17]"
23,"[70, 9, 29]"
24,"[70, 9, 0]"
21,"[70, 9, 3]"
24,"[70, 9, 6]"
17,"[70, 9, 7]"
19,"[70, 9, 4]"
24,"[70, 9, 70]"
18,"[70, 9, 55]"
20,"[70, 9, 33]"
20,"[70, 9, 69]"
22,"[70, 9, 54]"
23,"[70, 9, 48]"
19,"[70, 9, 56]"
20,"[70, 9, 28]"
22,"[70, 9, 25]"
17,"[70, 9, 10]"
20,"[70, 9, 34]"
20,"[70, 9, 35]"
19,"[70, 9, 58]"
19,"[70, 9, 49]"
20,"[70, 9, 20]"
20,"[70, 65]"
18,"[70, 65, 32]"
17,"[70, 65, 18]"
16,"[70, 65, 8]"
17,"[70, 65, 27]"
20,"[70, 65, 17]"
20,"[70, 65, 70]"
19,"[70, 65, 0]"
20,"[70, 65, 29]"
19,"[70, 65, 6]"
18,"[70, 65, 69]"
18,"[70, 65, 35]"
18,"[70, 65, 58]"
18,"[70, 65, 34]"
18,"[70, 65, 33]"
19,"[70, 65, 28]"
20,"[70, 65, 25]"
20,"[70, 65, 48]"
20,"[70, 65, 54]"
18,"[70, 65, 20]"
17,"[70, 65, 10]"
16,"[70, 65, 65]"
17,"[70, 65, 63]"
24,"[70, 63]"
16,"[70, 63, 56]"
20,"[70, 63, 69]"
24,"[70, 63, 70]"
18,"[70, 63, 63]"
18,"[70, 63, 33]"
19,"[70, 63, 28]"
23,"[70, 63, 54]"
18,"[70, 63, 0]"
23,"[70, 63, 17]"
21,"[70, 63, 29]"
16,"[70, 63, 18]"
16,"[70, 63, 34]"
20,"[70, 63, 25]"
22,"[70, 63, 48]"
20,"[70, 63, 20]"
18,"[70, 63, 6]"
17,"[70, 63, 32]"
16,"[70, 63, 27]"
16,"[70, 67]"
16,"[70, 67, 70]"
16,"[70, 67, 13]"
16,"[70, 67, 53]"
16,"[70, 67, 17]"
16,"[70, 67, 48]"
16,"[70, 67, 32]"
16,"[70, 67, 51]"
47,[34]
46,"[34, 33]"
46,"[34, 33, 28]"
46,"[34, 33, 25]"
36,"[34, 33, 49]"
45,"[34, 33, 48]"
46,"[34, 33, 70]"
44,"[34, 33, 54]"
31,"[34, 33, 32]"
29,"[34, 33, 18]"
32,"[34, 33, 55]"
41,"[34, 33, 20]"
37,"[34, 33, 37]"
33,"[34, 33, 26]"
30,"[34, 33, 50]"
28,"[34, 33, 8]"
37,"[34, 33, 27]"
45,"[34, 33, 17]"
43,"[34, 33, 29]"
41,"[34, 33, 69]"
40,"[34, 33, 0]"
23,"[34, 33, 10]"
24,"[34, 33, 56]"
28,"[34, 33, 35]"
25,"[34, 33, 58]"
16,"[34, 33, 1]"
28,"[34, 33, 60]"
29,"[34, 33, 4]"
23,"[34, 33, 3]"
36,"[34, 33, 6]"
18,"[34, 33, 7]"
29,"[34, 33, 34]"
33,"[34, 33, 33]"
25,"[34, 33, 13]"
25,"[34, 33, 53]"
30,"[34, 33, 42]"
24,"[34, 33, 12]"
24,"[34, 33, 51]"
17,"[34, 33, 36]"
17,"[34, 33, 14]"
47,"[34, 28]"
46,"[34, 28, 25]"
35,"[34, 28, 49]"
46,"[34, 28, 48]"
47,"[34, 28, 70]"
43,"[34, 28, 54]"
32,"[34, 28, 32]"
30,"[34, 28, 18]"
31,"[34, 28, 55]"
35,"[34, 28, 20]"
34,"[34, 28, 37]"
29,"[34, 28, 26]"
27,"[34, 28, 50]"
28,"[34, 28, 8]"
36,"[34, 28, 27]"
45,"[34, 28, 17]"
44,"[34, 28, 29]"
42,"[34, 28, 69]"
39,"[34, 28, 0]"
24,"[34, 28, 10]"
25,"[34, 28, 56]"
28,"[34, 28, 35]"
24,"[34, 28, 58]"
26,"[34, 28, 60]"
28,"[34, 28, 4]"
23,"[34, 28, 3]"
37,"[34, 28, 6]"
17,"[34, 28, 7]"
25,"[34, 28, 34]"
30,"[34, 28, 33]"
36,"[34, 28, 28]"
25,"[34, 28, 13]"
25,"[34, 28, 53]"
30,"[34, 28, 42]"
24,"[34, 28, 12]"
24,"[34, 28, 51]"
17,"[34, 28, 36]"
17,"[34, 28, 14]"
16,"[34, 28, 63]"
47,"[34, 25]"
36,"[34, 25, 49]"
46,"[34, 25, 48]"
37,"[34, 25, 25]"
47,"[34, 25, 70]"
40,"[34, 25, 54]"
28,"[34, 25, 32]"
28,"[34, 25, 18]"
32,"[34, 25, 55]"
31,"[34, 25, 20]"
30,"[34, 25, 37]"
26,"[34, 25, 26]"
24,"[34, 25, 50]"
27,"[34, 25, 8]"
34,"[34, 25, 27]"
45,"[34, 25, 17]"
43,"[34, 25, 29]"
38,"[34, 25, 69]"
39,"[34, 25, 0]"
20,"[34, 25, 10]"
23,"[34, 25, 56]"
27,"[34, 25, 35]"
23,"[34, 25, 58]"
16,"[34, 25, 1]"
25,"[34, 25, 60]"
27,"[34, 25, 4]"
21,"[34, 25, 3]"
36,"[34, 25, 6]"
17,"[34, 25, 7]"
24,"[34, 25, 34]"
28,"[34, 25, 33]"
32,"[34, 25, 28]"
22,"[34, 25, 13]"
21,"[34, 25, 53]"
26,"[34, 25, 42]"
22,"[34, 25, 12]"
22,"[34, 25, 51]"
16,"[34, 25, 36]"
36,"[34, 49]"
22,"[34, 49, 48]"
19,"[34, 49, 49]"
33,"[34, 49, 70]"
26,"[34, 49, 54]"
18,"[34, 49, 32]"
28,"[34, 49, 55]"
17,"[34, 49, 20]"
16,"[34, 49, 8]"
23,"[34, 49, 27]"
31,"[34, 49, 17]"
32,"[34, 49, 29]"
28,"[34, 49, 69]"
25,"[34, 49, 0]"
18,"[34, 49, 4]"
22,"[34, 49, 6]"
17,"[34, 49, 33]"
17,"[34, 49, 28]"
46,"[34, 48]"
35,"[34, 48, 49]"
37,"[34, 48, 48]"
32,"[34, 48, 25]"
45,"[34, 48, 70]"
39,"[34, 48, 54]"
26,"[34, 48, 32]"
25,"[34, 48, 18]"
31,"[34, 48, 55]"
30,"[34, 48, 20]"
28,"[34, 48, 37]"
25,"[34, 48, 26]"
23,"[34, 48, 50]"
25,"[34, 48, 8]"
31,"[34, 48, 27]"
44,"[34, 48, 17]"
42,"[34, 48, 29]"
37,"[34, 48, 69]"
37,"[34, 48, 0]"
19,"[34, 48, 10]"
21,"[34, 48, 56]"
23,"[34, 48, 35]"
20,"[34, 48, 58]"
24,"[34, 48, 60]"
25,"[34, 48, 4]"
20,"[34, 48, 3]"
34,"[34, 48, 6]"
21,"[34, 48, 34]"
26,"[34, 48, 33]"
27,"[34, 48, 28]"
21,"[34, 48, 13]"
22,"[34, 48, 53]"
23,"[34, 48, 42]"
20,"[34, 48, 12]"
22,"[34, 48, 51]"
47,"[34, 70]"
43,"[34, 70, 48]"
44,"[34, 70, 54]"
31,"[34, 70, 32]"
28,"[34, 70, 18]"
47,"[34, 70, 70]"
32,"[34, 70, 55]"
37,"[34, 70, 20]"
32,"[34, 70, 37]"
30,"[34, 70, 26]"
26,"[34, 70, 50]"
28,"[34, 70, 8]"
33,"[34, 70, 27]"
44,"[34, 70, 17]"
44,"[34, 70, 29]"
39,"[34, 70, 69]"
40,"[34, 70, 0]"
36,"[34, 70, 49]"
27,"[34, 70, 10]"
27,"[34, 70, 56]"
31,"[34, 70, 35]"
27,"[34, 70, 58]"
18,"[34, 70, 1]"
25,"[34, 70, 60]"
28,"[34, 70, 4]"
25,"[34, 70, 3]"
37,"[34, 70, 6]"
22,"[34, 70, 7]"
33,"[34, 70, 34]"
34,"[34, 70, 33]"
39,"[34, 70, 28]"
43,"[34, 70, 25]"
26,"[34, 70, 13]"
25,"[34, 70, 53]"
27,"[34, 70, 42]"
24,"[34, 70, 12]"
25,"[34, 70, 51]"
17,"[34, 70, 36]"
17,"[34, 70, 14]"
16,"[34, 70, 63]"
44,"[34, 54]"
25,"[34, 54, 32]"
23,"[34, 54, 18]"
42,"[34, 54, 70]"
32,"[34, 54, 55]"
34,"[34, 54, 54]"
29,"[34, 54, 20]"
28,"[34, 54, 37]"
25,"[34, 54, 26]"
25,"[34, 54, 50]"
24,"[34, 54, 8]"
31,"[34, 54, 27]"
42,"[34, 54, 17]"
41,"[34, 54, 29]"
37,"[34, 54, 69]"
31,"[34, 54, 48]"
36,"[34, 54, 0]"
29,"[34, 54, 49]"
21,"[34, 54, 10]"
22,"[34, 54, 56]"
21,"[34, 54, 35]"
18,"[34, 54, 58]"
23,"[34, 54, 60]"
23,"[34, 54, 4]"
20,"[34, 54, 3]"
31,"[34, 54, 6]"
21,"[34, 54, 34]"
24,"[34, 54, 33]"
29,"[34, 54, 28]"
29,"[34, 54, 25]"
22,"[34, 54, 13]"
19,"[34, 54, 53]"
23,"[34, 54, 42]"
19,"[34, 54, 12]"
18,"[34, 54, 51]"
16,"[34, 54, 36]"
37,"[34, 32]"
34,"[34, 32, 18]"
35,"[34, 32, 70]"
26,"[34, 32, 55]"
30,"[34, 32, 54]"
24,"[34, 32, 20]"
24,"[34, 32, 37]"
21,"[34, 32, 26]"
21,"[34, 32, 32]"
33,"[34, 32, 8]"
33,"[34, 32, 27]"
36,"[34, 32, 17]"
34,"[34, 32, 29]"
31,"[34, 32, 69]"
31,"[34, 32, 48]"
33,"[34, 32, 0]"
27,"[34, 32, 49]"
24,"[34, 32, 10]"
26,"[34, 32, 56]"
26,"[34, 32, 35]"
26,"[34, 32, 58]"
16,"[34, 32, 1]"
16,"[34, 32, 60]"
26,"[34, 32, 4]"
26,"[34, 32, 3]"
32,"[34, 32, 6]"
23,"[34, 32, 7]"
26,"[34, 32, 34]"
29,"[34, 32, 33]"
30,"[34, 32, 28]"
33,"[34, 32, 25]"
17,"[34, 32, 13]"
16,"[34, 32, 53]"
16,"[34, 32, 31]"
18,"[34, 32, 42]"
16,"[34, 32, 12]"
21,"[34, 32, 51]"
36,"[34, 18]"
35,"[34, 18, 70]"
25,"[34, 18, 55]"
30,"[34, 18, 54]"
25,"[34, 18, 20]"
23,"[34, 18, 37]"
19,"[34, 18, 26]"
20,"[34, 18, 32]"
32,"[34, 18, 8]"
32,"[34, 18, 27]"
35,"[34, 18, 17]"
35,"[34, 18, 29]"
30,"[34, 18, 69]"
31,"[34, 18, 48]"
32,"[34, 18, 0]"
27,"[34, 18, 49]"
24,"[34, 18, 10]"
26,"[34, 18, 56]"
25,"[34, 18, 35]"
23,"[34, 18, 58]"
16,"[34, 18, 1]"
25,"[34, 18, 4]"
24,"[34, 18, 3]"
32,"[34, 18, 6]"
22,"[34, 18, 7]"
25,"[34, 18, 34]"
27,"[34, 18, 33]"
29,"[34, 18, 28]"
32,"[34, 18, 25]"
16,"[34, 18, 13]"
17,"[34, 18, 42]"
19,"[34, 18, 51]"
33,"[34, 55]"
18,"[34, 55, 54]"
21,"[34, 55, 20]"
21,"[34, 55, 27]"
25,"[34, 55, 17]"
25,"[34, 55, 29]"
30,"[34, 55, 69]"
30,"[34, 55, 70]"
19,"[34, 55, 48]"
21,"[34, 55, 0]"
19,"[34, 55, 55]"
16,"[34, 55, 4]"
18,"[34, 55, 6]"
18,"[34, 55, 33]"
17,"[34, 55, 25]"
42,"[34, 20]"
34,"[34, 20, 37]"
32,"[34, 20, 26]"
30,"[34, 20, 50]"
27,"[34, 20, 32]"
28,"[34, 20, 18]"
25,"[34, 20, 8]"
33,"[34, 20, 27]"
40,"[34, 20, 17]"
37,"[34, 20, 29]"
36,"[34, 20, 69]"
42,"[34, 20, 70]"
39,"[34, 20, 48]"
34,"[34, 20, 0]"
30,"[34, 20, 55]"
36,"[34, 20, 54]"
32,"[34, 20, 49]"
23,"[34, 20, 10]"
23,"[34, 20, 56]"
25,"[34, 20, 35]"
23,"[34, 20, 58]"
27,"[34, 20, 60]"
25,"[34, 20, 4]"
19,"[34, 20, 3]"
33,"[34, 20, 6]"
16,"[34, 20, 7]"
23,"[34, 20, 34]"
27,"[34, 20, 33]"
37,"[34, 20, 28]"
40,"[34, 20, 25]"
29,"[34, 20, 20]"
19,"[34, 20, 13]"
18,"[34, 20, 53]"
24,"[34, 20, 42]"
22,"[34, 20, 12]"
20,"[34, 20, 51]"
17,"[34, 20, 36]"
37,"[34, 37]"
29,"[34, 37, 26]"
25,"[34, 37, 50]"
23,"[34, 37, 32]"
23,"[34, 37, 18]"
22,"[34, 37, 8]"
30,"[34, 37, 27]"
36,"[34, 37, 17]"
34,"[34, 37, 29]"
33,"[34, 37, 69]"
36,"[34, 37, 70]"
30,"[34, 37, 48]"
31,"[34, 37, 0]"
27,"[34, 37, 55]"
28,"[34, 37, 54]"
25,"[34, 37, 49]"
18,"[34, 37, 10]"
21,"[34, 37, 56]"
18,"[34, 37, 35]"
17,"[34, 37, 58]"
27,"[34, 37, 60]"
23,"[34, 37, 4]"
16,"[34, 37, 3]"
28,"[34, 37, 6]"
18,"[34, 37, 34]"
22,"[34, 37, 33]"
25,"[34, 37, 28]"
27,"[34, 37, 25]"
23,"[34, 37, 20]"
17,"[34, 37, 13]"
18,"[34, 37, 42]"
16,"[34, 37, 12]"
17,"[34, 37, 51]"
16,"[34, 37, 36]"
34,"[34, 26]"
27,"[34, 26, 50]"
20,"[34, 26, 32]"
21,"[34, 26, 18]"
20,"[34, 26, 8]"
25,"[34, 26, 27]"
32,"[34, 26, 17]"
30,"[34, 26, 29]"
28,"[34, 26, 69]"
32,"[34, 26, 70]"
30,"[34, 26, 48]"
27,"[34, 26, 0]"
23,"[34, 26, 55]"
22,"[34, 26, 54]"
23,"[34, 26, 49]"
16,"[34, 26, 10]"
18,"[34, 26, 56]"
16,"[34, 26, 35]"
17,"[34, 26, 60]"
23,"[34, 26, 4]"
16,"[34, 26, 3]"
28,"[34, 26, 6]"
22,"[34, 26, 33]"
23,"[34, 26, 28]"
25,"[34, 26, 25]"
19,"[34, 26, 20]"
16,"[34, 26, 37]"
16,"[34, 26, 42]"
16,"[34, 26, 51]"
30,"[34, 50]"
16,"[34, 50, 32]"
16,"[34, 50, 18]"
17,"[34, 50, 8]"
20,"[34, 50, 27]"
28,"[34, 50, 17]"
25,"[34, 50, 29]"
23,"[34, 50, 69]"
27,"[34, 50, 70]"
23,"[34, 50, 48]"
23,"[34, 50, 0]"
19,"[34, 50, 55]"
20,"[34, 50, 54]"
21,"[34, 50, 49]"
16,"[34, 50, 56]"
18,"[34, 50, 4]"
22,"[34, 50, 6]"
18,"[34, 50, 33]"
18,"[34, 50, 28]"
21,"[34, 50, 25]"
16,"[34, 50, 20]"
34,"[34, 8]"
31,"[34, 8, 27]"
32,"[34, 8, 17]"
31,"[34, 8, 29]"
29,"[34, 8, 69]"
32,"[34, 8, 70]"
30,"[34, 8, 48]"
30,"[34, 8, 0]"
24,"[34, 8, 55]"
28,"[34, 8, 54]"
25,"[34, 8, 49]"
23,"[34, 8, 10]"
18,"[34, 8, 32]"
25,"[34, 8, 56]"
23,"[34, 8, 35]"
22,"[34, 8, 58]"
16,"[34, 8, 1]"
26,"[34, 8, 4]"
24,"[34, 8, 3]"
30,"[34, 8, 6]"
22,"[34, 8, 7]"
23,"[34, 8, 34]"
26,"[34, 8, 33]"
29,"[34, 8, 28]"
31,"[34, 8, 25]"
23,"[34, 8, 20]"
17,"[34, 8, 8]"
19,"[34, 8, 26]"
22,"[34, 8, 37]"
16,"[34, 8, 42]"
17,"[34, 8, 51]"
38,"[34, 27]"
36,"[34, 27, 17]"
35,"[34, 27, 29]"
32,"[34, 27, 69]"
38,"[34, 27, 70]"
33,"[34, 27, 48]"
35,"[34, 27, 0]"
29,"[34, 27, 55]"
32,"[34, 27, 54]"
29,"[34, 27, 49]"
27,"[34, 27, 10]"
19,"[34, 27, 32]"
16,"[34, 27, 18]"
29,"[34, 27, 27]"
27,"[34, 27, 56]"
16,"[34, 27, 50]"
27,"[34, 27, 35]"
27,"[34, 27, 58]"
18,"[34, 27, 1]"
28,"[34, 27, 4]"
27,"[34, 27, 3]"
35,"[34, 27, 6]"
23,"[34, 27, 7]"
27,"[34, 27, 34]"
32,"[34, 27, 33]"
31,"[34, 27, 28]"
35,"[34, 27, 25]"
28,"[34, 27, 20]"
17,"[34, 27, 13]"
16,"[34, 27, 53]"
20,"[34, 27, 8]"
20,"[34, 27, 26]"
23,"[34, 27, 37]"
18,"[34, 27, 42]"
16,"[34, 27, 12]"
18,"[34, 27, 51]"
46,"[34, 17]"
42,"[34, 17, 29]"
37,"[34, 17, 69]"
45,"[34, 17, 70]"
38,"[34, 17, 48]"
39,"[34, 17, 0]"
31,"[34, 17, 55]"
34,"[34, 17, 54]"
31,"[34, 17, 49]"
27,"[34, 17, 10]"
20,"[34, 17, 32]"
31,"[34, 17, 27]"
27,"[34, 17, 56]"
18,"[34, 17, 50]"
28,"[34, 17, 35]"
26,"[34, 17, 58]"
41,"[34, 17, 17]"
17,"[34, 17, 1]"
18,"[34, 17, 60]"
28,"[34, 17, 4]"
27,"[34, 17, 3]"
38,"[34, 17, 6]"
23,"[34, 17, 7]"
26,"[34, 17, 34]"
33,"[34, 17, 33]"
33,"[34, 17, 28]"
36,"[34, 17, 25]"
30,"[34, 17, 20]"
20,"[34, 17, 13]"
19,"[34, 17, 53]"
17,"[34, 17, 8]"
22,"[34, 17, 26]"
27,"[34, 17, 37]"
23,"[34, 17, 42]"
21,"[34, 17, 12]"
21,"[34, 17, 51]"
44,"[34, 29]"
36,"[34, 29, 69]"
43,"[34, 29, 70]"
38,"[34, 29, 48]"
38,"[34, 29, 0]"
31,"[34, 29, 55]"
33,"[34, 29, 54]"
32,"[34, 29, 49]"
26,"[34, 29, 10]"
21,"[34, 29, 32]"
30,"[34, 29, 27]"
28,"[34, 29, 56]"
18,"[34, 29, 50]"
27,"[34, 29, 35]"
26,"[34, 29, 58]"
41,"[34, 29, 17]"
37,"[34, 29, 29]"
16,"[34, 29, 1]"
18,"[34, 29, 60]"
28,"[34, 29, 4]"
19,"[34, 29, 3]"
35,"[34, 29, 6]"
24,"[34, 29, 7]"
27,"[34, 29, 34]"
32,"[34, 29, 33]"
32,"[34, 29, 28]"
34,"[34, 29, 25]"
29,"[34, 29, 20]"
19,"[34, 29, 13]"
18,"[34, 29, 53]"
17,"[34, 29, 8]"
22,"[34, 29, 26]"
27,"[34, 29, 37]"
22,"[34, 29, 42]"
19,"[34, 29, 12]"
21,"[34, 29, 51]"
43,"[34, 69]"
41,"[34, 69, 70]"
37,"[34, 69, 48]"
34,"[34, 69, 0]"
26,"[34, 69, 55]"
34,"[34, 69, 54]"
30,"[34, 69, 49]"
23,"[34, 69, 10]"
26,"[34, 69, 32]"
25,"[34, 69, 18]"
28,"[34, 69, 27]"
22,"[34, 69, 56]"
18,"[34, 69, 50]"
24,"[34, 69, 35]"
22,"[34, 69, 58]"
37,"[34, 69, 17]"
36,"[34, 69, 29]"
16,"[34, 69, 1]"
19,"[34, 69, 60]"
27,"[34, 69, 4]"
21,"[34, 69, 3]"
34,"[34, 69, 6]"
19,"[34, 69, 7]"
28,"[34, 69, 34]"
30,"[34, 69, 33]"
30,"[34, 69, 28]"
35,"[34, 69, 25]"
29,"[34, 69, 20]"
34,"[34, 69, 69]"
27,"[34, 69, 13]"
26,"[34, 69, 53]"
27,"[34, 69, 8]"
23,"[34, 69, 26]"
26,"[34, 69, 37]"
30,"[34, 69, 42]"
27,"[34, 69, 12]"
28,"[34, 69, 51]"
17,"[34, 69, 14]"
40,"[34, 0]"
30,"[34, 0, 55]"
31,"[34, 0, 54]"
31,"[34, 0, 49]"
38,"[34, 0, 70]"
23,"[34, 0, 10]"
21,"[34, 0, 32]"
16,"[34, 0, 18]"
29,"[34, 0, 27]"
26,"[34, 0, 56]"
27,"[34, 0, 35]"
26,"[34, 0, 58]"
34,"[34, 0, 0]"
38,"[34, 0, 17]"
39,"[34, 0, 29]"
17,"[34, 0, 1]"
27,"[34, 0, 4]"
29,"[34, 0, 3]"
33,"[34, 0, 6]"
23,"[34, 0, 7]"
26,"[34, 0, 34]"
29,"[34, 0, 33]"
30,"[34, 0, 28]"
33,"[34, 0, 25]"
35,"[34, 0, 48]"
25,"[34, 0, 20]"
34,"[34, 0, 69]"
20,"[34, 0, 13]"
19,"[34, 0, 53]"
19,"[34, 0, 8]"
19,"[34, 0, 26]"
25,"[34, 0, 37]"
21,"[34, 0, 42]"
19,"[34, 0, 12]"
21,"[34, 0, 51]"
30,"[34, 10]"
17,"[34, 10, 32]"
23,"[34, 10, 27]"
26,"[34, 10, 56]"
30,"[34, 10, 70]"
21,"[34, 10, 35]"
19,"[34, 10, 58]"
26,"[34, 10, 0]"
29,"[34, 10, 17]"
28,"[34, 10, 29]"
18,"[34, 10, 4]"
23,"[34, 10, 6]"
21,"[34, 10, 34]"
25,"[34, 10, 33]"
23,"[34, 10, 28]"
26,"[34, 10, 25]"
25,"[34, 10, 48]"
23,"[34, 10, 54]"
21,"[34, 10, 20]"
26,"[34, 10, 69]"
17,"[34, 10, 26]"
20,"[34, 10, 37]"
23,"[34, 10, 55]"
22,"[34, 10, 49]"
28,"[34, 56]"
17,"[34, 56, 56]"
28,"[34, 56, 70]"
19,"[34, 56, 35]"
18,"[34, 56, 58]"
24,"[34, 56, 0]"
20,"[34, 56, 27]"
26,"[34, 56, 17]"
24,"[34, 56, 29]"
19,"[34, 56, 4]"
20,"[34, 56, 6]"
20,"[34, 56, 34]"
24,"[34, 56, 33]"
21,"[34, 56, 28]"
24,"[34, 56, 25]"
22,"[34, 56, 48]"
23,"[34, 56, 54]"
19,"[34, 56, 20]"
25,"[34, 56, 69]"
16,"[34, 56, 26]"
18,"[34, 56, 37]"
21,"[34, 56, 55]"
22,"[34, 56, 49]"
33,"[34, 35]"
24,"[34, 35, 58]"
33,"[34, 35, 70]"
26,"[34, 35, 0]"
22,"[34, 35, 27]"
31,"[34, 35, 17]"
29,"[34, 35, 29]"
16,"[34, 35, 4]"
21,"[34, 35, 6]"
21,"[34, 35, 34]"
23,"[34, 35, 33]"
24,"[34, 35, 28]"
27,"[34, 35, 25]"
27,"[34, 35, 48]"
26,"[34, 35, 54]"
21,"[34, 35, 20]"
28,"[34, 35, 69]"
18,"[34, 35, 56]"
21,"[34, 35, 37]"
22,"[34, 35, 55]"
24,"[34, 35, 49]"
16,"[34, 35, 42]"
17,"[34, 35, 51]"
29,"[34, 58]"
29,"[34, 58, 70]"
24,"[34, 58, 0]"
21,"[34, 58, 27]"
27,"[34, 58, 17]"
27,"[34, 58, 29]"
19,"[34, 58, 6]"
19,"[34, 58, 34]"
22,"[34, 58, 33]"
23,"[34, 58, 28]"
23,"[34, 58, 25]"
24,"[34, 58, 48]"
24,"[34, 58, 54]"
20,"[34, 58, 20]"
25,"[34, 58, 69]"
17,"[34, 58, 56]"
19,"[34, 58, 37]"
20,"[34, 58, 55]"
21,"[34, 58, 49]"
19,"[34, 1]"
16,"[34, 1, 70]"
16,"[34, 1, 29]"
28,"[34, 60]"
18,"[34, 60, 4]"
21,"[34, 60, 6]"
28,"[34, 60, 70]"
18,"[34, 60, 33]"
17,"[34, 60, 28]"
20,"[34, 60, 27]"
26,"[34, 60, 17]"
24,"[34, 60, 29]"
23,"[34, 60, 0]"
19,"[34, 60, 25]"
22,"[34, 60, 48]"
19,"[34, 60, 54]"
24,"[34, 60, 69]"
16,"[34, 60, 32]"
17,"[34, 60, 18]"
18,"[34, 60, 8]"
19,"[34, 60, 26]"
20,"[34, 60, 50]"
21,"[34, 60, 55]"
19,"[34, 60, 49]"
16,"[34, 60, 60]"
29,"[34, 4]"
20,"[34, 4, 6]"
28,"[34, 4, 70]"
20,"[34, 4, 34]"
22,"[34, 4, 33]"
21,"[34, 4, 28]"
18,"[34, 4, 27]"
23,"[34, 4, 17]"
24,"[34, 4, 29]"
24,"[34, 4, 0]"
23,"[34, 4, 25]"
24,"[34, 4, 48]"
20,"[34, 4, 54]"
17,"[34, 4, 20]"
25,"[34, 4, 69]"
17,"[34, 4, 35]"
20,"[34, 4, 4]"
17,"[34, 4, 58]"
17,"[34, 4, 56]"
21,"[34, 4, 55]"
21,"[34, 4, 49]"
29,"[34, 3]"
26,"[34, 3, 6]"
21,"[34, 3, 7]"
29,"[34, 3, 70]"
22,"[34, 3, 34]"
24,"[34, 3, 33]"
23,"[34, 3, 28]"
22,"[34, 3, 27]"
27,"[34, 3, 17]"
28,"[34, 3, 29]"
24,"[34, 3, 0]"
26,"[34, 3, 25]"
26,"[34, 3, 48]"
23,"[34, 3, 54]"
17,"[34, 3, 20]"
25,"[34, 3, 69]"
20,"[34, 3, 35]"
21,"[34, 3, 4]"
20,"[34, 3, 58]"
16,"[34, 3, 26]"
19,"[34, 3, 56]"
20,"[34, 3, 37]"
22,"[34, 3, 55]"
22,"[34, 3, 49]"
39,"[34, 6]"
24,"[34, 6, 7]"
39,"[34, 6, 70]"
25,"[34, 6, 34]"
28,"[34, 6, 33]"
28,"[34, 6, 28]"
27,"[34, 6, 27]"
36,"[34, 6, 17]"
34,"[34, 6, 29]"
32,"[34, 6, 0]"
30,"[34, 6, 25]"
32,"[34, 6, 48]"
29,"[34, 6, 54]"
25,"[34, 6, 20]"
35,"[34, 6, 69]"
19,"[34, 6, 13]"
18,"[34, 6, 53]"
25,"[34, 6, 35]"
18,"[34, 6, 32]"
17,"[34, 6, 8]"
24,"[34, 6, 6]"
28,"[34, 6, 4]"
24,"[34, 6, 58]"
19,"[34, 6, 26]"
26,"[34, 6, 56]"
25,"[34, 6, 37]"
30,"[34, 6, 55]"
28,"[34, 6, 49]"
21,"[34, 6, 10]"
22,"[34, 6, 42]"
19,"[34, 6, 12]"
21,"[34, 6, 51]"
24,"[34, 7]"
24,"[34, 7, 70]"
16,"[34, 7, 34]"
18,"[34, 7, 33]"
20,"[34, 7, 28]"
17,"[34, 7, 27]"
22,"[34, 7, 17]"
21,"[34, 7, 29]"
18,"[34, 7, 0]"
21,"[34, 7, 25]"
21,"[34, 7, 48]"
17,"[34, 7, 54]"
21,"[34, 7, 69]"
16,"[34, 7, 35]"
16,"[34, 7, 6]"
17,"[34, 7, 4]"
17,"[34, 7, 26]"
17,"[34, 7, 56]"
18,"[34, 7, 37]"
16,"[34, 7, 55]"
33,"[34, 34]"
28,"[34, 34, 33]"
29,"[34, 34, 28]"
26,"[34, 34, 27]"
30,"[34, 34, 17]"
30,"[34, 34, 29]"
28,"[34, 34, 0]"
32,"[34, 34, 25]"
29,"[34, 34, 48]"
27,"[34, 34, 54]"
24,"[34, 34, 20]"
27,"[34, 34, 69]"
20,"[34, 34, 32]"
17,"[34, 34, 18]"
20,"[34, 34, 8]"
31,"[34, 34, 70]"
24,"[34, 34, 6]"
20,"[34, 34, 4]"
19,"[34, 34, 34]"
20,"[34, 34, 26]"
17,"[34, 34, 50]"
16,"[34, 34, 56]"
22,"[34, 34, 37]"
23,"[34, 34, 55]"
26,"[34, 34, 49]"
16,"[34, 34, 60]"
27,"[34, 13]"
24,"[34, 13, 53]"
22,"[34, 13, 70]"
17,"[34, 13, 6]"
16,"[34, 13, 33]"
19,"[34, 13, 28]"
20,"[34, 13, 48]"
19,"[34, 13, 0]"
21,"[34, 13, 29]"
20,"[34, 13, 17]"
19,"[34, 13, 54]"
21,"[34, 13, 69]"
17,"[34, 13, 25]"
27,"[34, 53]"
16,"[34, 53, 32]"
22,"[34, 53, 70]"
17,"[34, 53, 6]"
18,"[34, 53, 28]"
16,"[34, 53, 55]"
21,"[34, 53, 48]"
19,"[34, 53, 0]"
22,"[34, 53, 29]"
20,"[34, 53, 17]"
21,"[34, 53, 54]"
17,"[34, 53, 25]"
18,"[34, 53, 69]"
16,"[34, 31]"
16,"[34, 31, 0]"
16,"[34, 31, 29]"
31,"[34, 42]"
25,"[34, 42, 69]"
17,"[34, 42, 42]"
25,"[34, 42, 29]"
20,"[34, 42, 6]"
17,"[34, 42, 4]"
16,"[34, 42, 10]"
26,"[34, 42, 70]"
17,"[34, 42, 34]"
20,"[34, 42, 33]"
20,"[34, 42, 28]"
22,"[34, 42, 25]"
22,"[34, 42, 48]"
22,"[34, 42, 54]"
22,"[34, 42, 0]"
18,"[34, 42, 20]"
16,"[34, 42, 37]"
20,"[34, 42, 27]"
24,"[34, 42, 17]"
16,"[34, 42, 8]"
21,"[34, 42, 51]"
18,"[34, 42, 49]"
21,"[34, 42, 13]"
20,"[34, 42, 53]"
18,"[34, 42, 32]"
17,"[34, 42, 14]"
27,"[34, 12]"
23,"[34, 12, 42]"
17,"[34, 12, 0]"
23,"[34, 12, 69]"
19,"[34, 12, 51]"
23,"[34, 12, 70]"
18,"[34, 12, 25]"
20,"[34, 12, 48]"
17,"[34, 12, 54]"
17,"[34, 12, 13]"
16,"[34, 12, 53]"
19,"[34, 12, 29]"
16,"[34, 12, 33]"
18,"[34, 12, 17]"
29,"[34, 51]"
25,"[34, 51, 70]"
21,"[34, 51, 25]"
23,"[34, 51, 48]"
19,"[34, 51, 54]"
18,"[34, 51, 49]"
19,"[34, 51, 32]"
16,"[34, 51, 18]"
20,"[34, 51, 27]"
23,"[34, 51, 17]"
22,"[34, 51, 29]"
21,"[34, 51, 0]"
19,"[34, 51, 6]"
16,"[34, 51, 4]"
18,"[34, 51, 33]"
18,"[34, 51, 28]"
16,"[34, 51, 55]"
22,"[34, 51, 69]"
20,"[34, 51, 13]"
18,"[34, 51, 53]"
18,"[34, 36]"
18,"[34, 36, 17]"
17,"[34, 36, 29]"
18,"[34, 36, 70]"
21,"[34, 14]"
17,"[34, 14, 69]"
17,"[34, 14, 17]"
16,"[34, 14, 29]"
16,"[34, 14, 0]"
17,"[34, 14, 70]"
16,"[34, 14, 51]"
17,"[34, 63]"
17,"[34, 63, 17]"
17,"[34, 63, 70]"
47,[33]
47,"[33, 28]"
46,"[33, 28, 25]"
36,"[33, 28, 49]"
46,"[33, 28, 48]"
47,"[33, 28, 70]"
45,"[33, 28, 54]"
31,"[33, 28, 32]"
30,"[33, 28, 18]"
32,"[33, 28, 55]"
35,"[33, 28, 20]"
34,"[33, 28, 37]"
30,"[33, 28, 26]"
28,"[33, 28, 50]"
28,"[33, 28, 8]"
35,"[33, 28, 27]"
45,"[33, 28, 17]"
44,"[33, 28, 29]"
42,"[33, 28, 69]"
40,"[33, 28, 0]"
24,"[33, 28, 10]"
25,"[33, 28, 56]"
28,"[33, 28, 35]"
24,"[33, 28, 58]"
26,"[33, 28, 60]"
28,"[33, 28, 4]"
22,"[33, 28, 3]"
37,"[33, 28, 6]"
18,"[33, 28, 7]"
28,"[33, 28, 34]"
30,"[33, 28, 33]"
39,"[33, 28, 28]"
26,"[33, 28, 13]"
26,"[33, 28, 53]"
30,"[33, 28, 42]"
24,"[33, 28, 12]"
24,"[33, 28, 51]"
18,"[33, 28, 36]"
16,"[33, 28, 14]"
16,"[33, 28, 63]"
47,"[33, 25]"
37,"[33, 25, 49]"
46,"[33, 25, 48]"
37,"[33, 25, 25]"
47,"[33, 25, 70]"
41,"[33, 25, 54]"
28,"[33, 25, 32]"
29,"[33, 25, 18]"
33,"[33, 25, 55]"
31,"[33, 25, 20]"
31,"[33, 25, 37]"
27,"[33, 25, 26]"
25,"[33, 25, 50]"
28,"[33, 25, 8]"
34,"[33, 25, 27]"
45,"[33, 25, 17]"
43,"[33, 25, 29]"
38,"[33, 25, 69]"
39,"[33, 25, 0]"
21,"[33, 25, 10]"
24,"[33, 25, 56]"
28,"[33, 25, 35]"
24,"[33, 25, 58]"
16,"[33, 25, 1]"
25,"[33, 25, 60]"
27,"[33, 25, 4]"
21,"[33, 25, 3]"
36,"[33, 25, 6]"
18,"[33, 25, 7]"
26,"[33, 25, 34]"
29,"[33, 25, 33]"
34,"[33, 25, 28]"
22,"[33, 25, 13]"
21,"[33, 25, 53]"
26,"[33, 25, 42]"
22,"[33, 25, 12]"
22,"[33, 25, 51]"
17,"[33, 25, 36]"
37,"[33, 49]"
23,"[33, 49, 48]"
21,"[33, 49, 49]"
17,"[33, 49, 25]"
34,"[33, 49, 70]"
28,"[33, 49, 54]"
19,"[33, 49, 32]"
30,"[33, 49, 55]"
18,"[33, 49, 20]"
17,"[33, 49, 37]"
17,"[33, 49, 8]"
25,"[33, 49, 27]"
33,"[33, 49, 17]"
33,"[33, 49, 29]"
29,"[33, 49, 69]"
26,"[33, 49, 0]"
19,"[33, 49, 4]"
24,"[33, 49, 6]"
19,"[33, 49, 33]"
19,"[33, 49, 28]"
16,"[33, 49, 53]"
16,"[33, 49, 51]"
46,"[33, 48]"
36,"[33, 48, 49]"
38,"[33, 48, 48]"
33,"[33, 48, 25]"
45,"[33, 48, 70]"
40,"[33, 48, 54]"
26,"[33, 48, 32]"
26,"[33, 48, 18]"
32,"[33, 48, 55]"
30,"[33, 48, 20]"
29,"[33, 48, 37]"
26,"[33, 48, 26]"
24,"[33, 48, 50]"
26,"[33, 48, 8]"
31,"[33, 48, 27]"
44,"[33, 48, 17]"
42,"[33, 48, 29]"
37,"[33, 48, 69]"
37,"[33, 48, 0]"
20,"[33, 48, 10]"
22,"[33, 48, 56]"
24,"[33, 48, 35]"
21,"[33, 48, 58]"
24,"[33, 48, 60]"
25,"[33, 48, 4]"
20,"[33, 48, 3]"
34,"[33, 48, 6]"
16,"[33, 48, 7]"
23,"[33, 48, 34]"
27,"[33, 48, 33]"
29,"[33, 48, 28]"
21,"[33, 48, 13]"
22,"[33, 48, 53]"
23,"[33, 48, 42]"
20,"[33, 48, 12]"
22,"[33, 48, 51]"
47,"[33, 70]"
44,"[33, 70, 48]"
46,"[33, 70, 54]"
30,"[33, 70, 32]"
28,"[33, 70, 18]"
47,"[33, 70, 70]"
33,"[33, 70, 55]"
37,"[33, 70, 20]"
32,"[33, 70, 37]"
28,"[33, 70, 26]"
26,"[33, 70, 50]"
28,"[33, 70, 8]"
34,"[33, 70, 27]"
45,"[33, 70, 17]"
44,"[33, 70, 29]"
39,"[33, 70, 69]"
41,"[33, 70, 0]"
36,"[33, 70, 49]"
25,"[33, 70, 10]"
26,"[33, 70, 56]"
27,"[33, 70, 35]"
22,"[33, 70, 58]"
17,"[33, 70, 1]"
25,"[33, 70, 60]"
27,"[33, 70, 4]"
24,"[33, 70, 3]"
36,"[33, 70, 6]"
20,"[33, 70, 7]"
32,"[33, 70, 34]"
34,"[33, 70, 33]"
41,"[33, 70, 28]"
44,"[33, 70, 25]"
24,"[33, 70, 13]"
23,"[33, 70, 53]"
27,"[33, 70, 42]"
23,"[33, 70, 12]"
25,"[33, 70, 51]"
18,"[33, 70, 36]"
16,"[33, 70, 63]"
46,"[33, 54]"
27,"[33, 54, 32]"
26,"[33, 54, 18]"
44,"[33, 54, 70]"
33,"[33, 54, 55]"
36,"[33, 54, 54]"
31,"[33, 54, 20]"
30,"[33, 54, 37]"
28,"[33, 54, 26]"
27,"[33, 54, 50]"
26,"[33, 54, 8]"
32,"[33, 54, 27]"
44,"[33, 54, 17]"
43,"[33, 54, 29]"
39,"[33, 54, 69]"
34,"[33, 54, 48]"
38,"[33, 54, 0]"
30,"[33, 54, 49]"
24,"[33, 54, 10]"
25,"[33, 54, 56]"
23,"[33, 54, 35]"
19,"[33, 54, 58]"
24,"[33, 54, 60]"
24,"[33, 54, 4]"
21,"[33, 54, 3]"
33,"[33, 54, 6]"
17,"[33, 54, 7]"
24,"[33, 54, 34]"
26,"[33, 54, 33]"
32,"[33, 54, 28]"
32,"[33, 54, 25]"
25,"[33, 54, 13]"
22,"[33, 54, 53]"
25,"[33, 54, 42]"
22,"[33, 54, 12]"
21,"[33, 54, 51]"
18,"[33, 54, 36]"
32,"[33, 32]"
29,"[33, 32, 18]"
30,"[33, 32, 70]"
24,"[33, 32, 55]"
26,"[33, 32, 54]"
17,"[33, 32, 20]"
19,"[33, 32, 37]"
19,"[33, 32, 26]"
20,"[33, 32, 32]"
28,"[33, 32, 8]"
28,"[33, 32, 27]"
31,"[33, 32, 17]"
30,"[33, 32, 29]"
26,"[33, 32, 69]"
27,"[33, 32, 48]"
28,"[33, 32, 0]"
23,"[33, 32, 49]"
18,"[33, 32, 10]"
21,"[33, 32, 56]"
21,"[33, 32, 35]"
21,"[33, 32, 58]"
23,"[33, 32, 4]"
20,"[33, 32, 3]"
27,"[33, 32, 6]"
18,"[33, 32, 7]"
21,"[33, 32, 34]"
24,"[33, 32, 33]"
25,"[33, 32, 28]"
28,"[33, 32, 25]"
16,"[33, 32, 13]"
18,"[33, 32, 51]"
31,"[33, 18]"
30,"[33, 18, 70]"
23,"[33, 18, 55]"
27,"[33, 18, 54]"
19,"[33, 18, 20]"
18,"[33, 18, 37]"
18,"[33, 18, 26]"
19,"[33, 18, 32]"
27,"[33, 18, 8]"
27,"[33, 18, 27]"
30,"[33, 18, 17]"
30,"[33, 18, 29]"
26,"[33, 18, 69]"
28,"[33, 18, 48]"
28,"[33, 18, 0]"
23,"[33, 18, 49]"
19,"[33, 18, 10]"
21,"[33, 18, 56]"
20,"[33, 18, 35]"
18,"[33, 18, 58]"
22,"[33, 18, 4]"
18,"[33, 18, 3]"
27,"[33, 18, 6]"
17,"[33, 18, 7]"
21,"[33, 18, 34]"
22,"[33, 18, 33]"
25,"[33, 18, 28]"
28,"[33, 18, 25]"
17,"[33, 18, 51]"
34,"[33, 55]"
19,"[33, 55, 54]"
22,"[33, 55, 20]"
22,"[33, 55, 27]"
26,"[33, 55, 17]"
27,"[33, 55, 29]"
31,"[33, 55, 69]"
32,"[33, 55, 70]"
21,"[33, 55, 48]"
22,"[33, 55, 0]"
20,"[33, 55, 55]"
16,"[33, 55, 49]"
18,"[33, 55, 4]"
20,"[33, 55, 6]"
20,"[33, 55, 33]"
16,"[33, 55, 28]"
19,"[33, 55, 25]"
16,"[33, 55, 42]"
42,"[33, 20]"
34,"[33, 20, 37]"
32,"[33, 20, 26]"
30,"[33, 20, 50]"
26,"[33, 20, 32]"
27,"[33, 20, 18]"
24,"[33, 20, 8]"
33,"[33, 20, 27]"
40,"[33, 20, 17]"
37,"[33, 20, 29]"
36,"[33, 20, 69]"
42,"[33, 20, 70]"
39,"[33, 20, 48]"
34,"[33, 20, 0]"
30,"[33, 20, 55]"
36,"[33, 20, 54]"
32,"[33, 20, 49]"
22,"[33, 20, 10]"
23,"[33, 20, 56]"
24,"[33, 20, 35]"
22,"[33, 20, 58]"
27,"[33, 20, 60]"
25,"[33, 20, 4]"
18,"[33, 20, 3]"
33,"[33, 20, 6]"
22,"[33, 20, 34]"
26,"[33, 20, 33]"
37,"[33, 20, 28]"
40,"[33, 20, 25]"
28,"[33, 20, 20]"
19,"[33, 20, 13]"
18,"[33, 20, 53]"
24,"[33, 20, 42]"
21,"[33, 20, 12]"
19,"[33, 20, 51]"
17,"[33, 20, 36]"
38,"[33, 37]"
30,"[33, 37, 26]"
26,"[33, 37, 50]"
23,"[33, 37, 32]"
22,"[33, 37, 18]"
21,"[33, 37, 8]"
30,"[33, 37, 27]"
37,"[33, 37, 17]"
35,"[33, 37, 29]"
33,"[33, 37, 69]"
37,"[33, 37, 70]"
31,"[33, 37, 48]"
32,"[33, 37, 0]"
28,"[33, 37, 55]"
28,"[33, 37, 54]"
25,"[33, 37, 49]"
17,"[33, 37, 10]"
20,"[33, 37, 56]"
17,"[33, 37, 35]"
16,"[33, 37, 58]"
27,"[33, 37, 60]"
24,"[33, 37, 4]"
16,"[33, 37, 3]"
29,"[33, 37, 6]"
18,"[33, 37, 34]"
22,"[33, 37, 33]"
25,"[33, 37, 28]"
27,"[33, 37, 25]"
22,"[33, 37, 20]"
18,"[33, 37, 13]"
16,"[33, 37, 53]"
19,"[33, 37, 42]"
17,"[33, 37, 12]"
18,"[33, 37, 51]"
17,"[33, 37, 36]"
35,"[33, 26]"
28,"[33, 26, 50]"
21,"[33, 26, 32]"
21,"[33, 26, 18]"
20,"[33, 26, 8]"
26,"[33, 26, 27]"
33,"[33, 26, 17]"
31,"[33, 26, 29]"
29,"[33, 26, 69]"
33,"[33, 26, 70]"
32,"[33, 26, 48]"
28,"[33, 26, 0]"
24,"[33, 26, 55]"
24,"[33, 26, 54]"
23,"[33, 26, 49]"
16,"[33, 26, 10]"
18,"[33, 26, 56]"
16,"[33, 26, 35]"
17,"[33, 26, 60]"
24,"[33, 26, 4]"
16,"[33, 26, 3]"
29,"[33, 26, 6]"
17,"[33, 26, 34]"
23,"[33, 26, 33]"
25,"[33, 26, 28]"
27,"[33, 26, 25]"
20,"[33, 26, 20]"
16,"[33, 26, 37]"
17,"[33, 26, 42]"
16,"[33, 26, 12]"
17,"[33, 26, 51]"
31,"[33, 50]"
17,"[33, 50, 32]"
16,"[33, 50, 18]"
17,"[33, 50, 8]"
21,"[33, 50, 27]"
29,"[33, 50, 17]"
26,"[33, 50, 29]"
24,"[33, 50, 69]"
28,"[33, 50, 70]"
24,"[33, 50, 48]"
24,"[33, 50, 0]"
20,"[33, 50, 55]"
21,"[33, 50, 54]"
21,"[33, 50, 49]"
16,"[33, 50, 56]"
19,"[33, 50, 4]"
23,"[33, 50, 6]"
19,"[33, 50, 33]"
19,"[33, 50, 28]"
22,"[33, 50, 25]"
16,"[33, 50, 20]"
29,"[33, 8]"
27,"[33, 8, 27]"
28,"[33, 8, 17]"
26,"[33, 8, 29]"
26,"[33, 8, 69]"
28,"[33, 8, 70]"
27,"[33, 8, 48]"
25,"[33, 8, 0]"
23,"[33, 8, 55]"
25,"[33, 8, 54]"
22,"[33, 8, 49]"
18,"[33, 8, 10]"
18,"[33, 8, 32]"
21,"[33, 8, 56]"
18,"[33, 8, 35]"
17,"[33, 8, 58]"
23,"[33, 8, 4]"
18,"[33, 8, 3]"
26,"[33, 8, 6]"
18,"[33, 8, 7]"
19,"[33, 8, 34]"
22,"[33, 8, 33]"
25,"[33, 8, 28]"
27,"[33, 8, 25]"
17,"[33, 8, 20]"
16,"[33, 8, 8]"
18,"[33, 8, 26]"
18,"[33, 8, 37]"
16,"[33, 8, 51]"
37,"[33, 27]"
34,"[33, 27, 17]"
32,"[33, 27, 29]"
30,"[33, 27, 69]"
34,"[33, 27, 70]"
30,"[33, 27, 48]"
32,"[33, 27, 0]"
26,"[33, 27, 55]"
29,"[33, 27, 54]"
26,"[33, 27, 49]"
21,"[33, 27, 10]"
17,"[33, 27, 32]"
24,"[33, 27, 27]"
23,"[33, 27, 56]"
23,"[33, 27, 35]"
22,"[33, 27, 58]"
25,"[33, 27, 4]"
22,"[33, 27, 3]"
30,"[33, 27, 6]"
18,"[33, 27, 7]"
22,"[33, 27, 34]"
27,"[33, 27, 33]"
26,"[33, 27, 28]"
30,"[33, 27, 25]"
21,"[33, 27, 20]"
18,"[33, 27, 8]"
19,"[33, 27, 26]"
19,"[33, 27, 37]"
46,"[33, 17]"
42,"[33, 17, 29]"
37,"[33, 17, 69]"
45,"[33, 17, 70]"
38,"[33, 17, 48]"
38,"[33, 17, 0]"
32,"[33, 17, 55]"
35,"[33, 17, 54]"
30,"[33, 17, 49]"
23,"[33, 17, 10]"
19,"[33, 17, 32]"
31,"[33, 17, 27]"
25,"[33, 17, 56]"
17,"[33, 17, 50]"
25,"[33, 17, 35]"
22,"[33, 17, 58]"
40,"[33, 17, 17]"
17,"[33, 17, 60]"
27,"[33, 17, 4]"
22,"[33, 17, 3]"
34,"[33, 17, 6]"
19,"[33, 17, 7]"
24,"[33, 17, 34]"
30,"[33, 17, 33]"
32,"[33, 17, 28]"
34,"[33, 17, 25]"
25,"[33, 17, 20]"
18,"[33, 17, 13]"
17,"[33, 17, 53]"
16,"[33, 17, 8]"
22,"[33, 17, 26]"
25,"[33, 17, 37]"
20,"[33, 17, 42]"
18,"[33, 17, 12]"
18,"[33, 17, 51]"
44,"[33, 29]"
36,"[33, 29, 69]"
43,"[33, 29, 70]"
37,"[33, 29, 48]"
38,"[33, 29, 0]"
29,"[33, 29, 55]"
31,"[33, 29, 54]"
30,"[33, 29, 49]"
23,"[33, 29, 10]"
20,"[33, 29, 32]"
30,"[33, 29, 27]"
25,"[33, 29, 56]"
17,"[33, 29, 50]"
22,"[33, 29, 35]"
20,"[33, 29, 58]"
39,"[33, 29, 17]"
37,"[33, 29, 29]"
17,"[33, 29, 60]"
26,"[33, 29, 4]"
19,"[33, 29, 3]"
32,"[33, 29, 6]"
19,"[33, 29, 7]"
23,"[33, 29, 34]"
28,"[33, 29, 33]"
29,"[33, 29, 28]"
31,"[33, 29, 25]"
24,"[33, 29, 20]"
18,"[33, 29, 13]"
17,"[33, 29, 53]"
16,"[33, 29, 8]"
22,"[33, 29, 26]"
25,"[33, 29, 37]"
19,"[33, 29, 42]"
17,"[33, 29, 12]"
18,"[33, 29, 51]"
42,"[33, 69]"
40,"[33, 69, 70]"
38,"[33, 69, 48]"
34,"[33, 69, 0]"
26,"[33, 69, 55]"
34,"[33, 69, 54]"
29,"[33, 69, 49]"
21,"[33, 69, 10]"
25,"[33, 69, 32]"
25,"[33, 69, 18]"
28,"[33, 69, 27]"
22,"[33, 69, 56]"
18,"[33, 69, 50]"
22,"[33, 69, 35]"
19,"[33, 69, 58]"
37,"[33, 69, 17]"
36,"[33, 69, 29]"
19,"[33, 69, 60]"
25,"[33, 69, 4]"
19,"[33, 69, 3]"
33,"[33, 69, 6]"
17,"[33, 69, 7]"
26,"[33, 69, 34]"
26,"[33, 69, 33]"
29,"[33, 69, 28]"
34,"[33, 69, 25]"
26,"[33, 69, 20]"
34,"[33, 69, 69]"
27,"[33, 69, 13]"
26,"[33, 69, 53]"
26,"[33, 69, 8]"
23,"[33, 69, 26]"
25,"[33, 69, 37]"
30,"[33, 69, 42]"
26,"[33, 69, 12]"
25,"[33, 69, 51]"
41,"[33, 0]"
30,"[33, 0, 55]"
31,"[33, 0, 54]"
29,"[33, 0, 49]"
38,"[33, 0, 70]"
21,"[33, 0, 10]"
21,"[33, 0, 32]"
16,"[33, 0, 18]"
29,"[33, 0, 27]"
25,"[33, 0, 56]"
24,"[33, 0, 35]"
21,"[33, 0, 58]"
32,"[33, 0, 0]"
39,"[33, 0, 17]"
39,"[33, 0, 29]"
25,"[33, 0, 4]"
24,"[33, 0, 3]"
29,"[33, 0, 6]"
19,"[33, 0, 7]"
23,"[33, 0, 34]"
26,"[33, 0, 33]"
28,"[33, 0, 28]"
30,"[33, 0, 25]"
34,"[33, 0, 48]"
20,"[33, 0, 20]"
35,"[33, 0, 69]"
18,"[33, 0, 13]"
17,"[33, 0, 53]"
17,"[33, 0, 8]"
20,"[33, 0, 26]"
24,"[33, 0, 37]"
18,"[33, 0, 42]"
17,"[33, 0, 12]"
19,"[33, 0, 51]"
26,"[33, 10]"
17,"[33, 10, 32]"
20,"[33, 10, 27]"
23,"[33, 10, 56]"
26,"[33, 10, 70]"
17,"[33, 10, 35]"
23,"[33, 10, 0]"
25,"[33, 10, 17]"
24,"[33, 10, 29]"
19,"[33, 10, 6]"
17,"[33, 10, 34]"
21,"[33, 10, 33]"
20,"[33, 10, 28]"
23,"[33, 10, 25]"
23,"[33, 10, 48]"
21,"[33, 10, 54]"
17,"[33, 10, 20]"
22,"[33, 10, 69]"
16,"[33, 10, 26]"
16,"[33, 10, 37]"
22,"[33, 10, 55]"
21,"[33, 10, 49]"
27,"[33, 56]"
27,"[33, 56, 70]"
17,"[33, 56, 35]"
16,"[33, 56, 58]"
22,"[33, 56, 0]"
19,"[33, 56, 27]"
25,"[33, 56, 17]"
23,"[33, 56, 29]"
17,"[33, 56, 4]"
18,"[33, 56, 6]"
17,"[33, 56, 34]"
22,"[33, 56, 33]"
19,"[33, 56, 28]"
22,"[33, 56, 25]"
21,"[33, 56, 48]"
21,"[33, 56, 54]"
16,"[33, 56, 20]"
24,"[33, 56, 69]"
21,"[33, 56, 55]"
21,"[33, 56, 49]"
30,"[33, 35]"
20,"[33, 35, 58]"
30,"[33, 35, 70]"
24,"[33, 35, 0]"
19,"[33, 35, 27]"
28,"[33, 35, 17]"
27,"[33, 35, 29]"
21,"[33, 35, 6]"
18,"[33, 35, 34]"
19,"[33, 35, 33]"
21,"[33, 35, 28]"
24,"[33, 35, 25]"
26,"[33, 35, 48]"
25,"[33, 35, 54]"
17,"[33, 35, 20]"
26,"[33, 35, 69]"
16,"[33, 35, 26]"
18,"[33, 35, 37]"
21,"[33, 35, 55]"
22,"[33, 35, 49]"
26,"[33, 58]"
26,"[33, 58, 70]"
21,"[33, 58, 0]"
19,"[33, 58, 27]"
24,"[33, 58, 17]"
24,"[33, 58, 29]"
17,"[33, 58, 6]"
16,"[33, 58, 34]"
19,"[33, 58, 33]"
20,"[33, 58, 28]"
20,"[33, 58, 25]"
22,"[33, 58, 48]"
22,"[33, 58, 54]"
16,"[33, 58, 20]"
22,"[33, 58, 69]"
16,"[33, 58, 37]"
20,"[33, 58, 55]"
19,"[33, 58, 49]"
17,"[33, 1]"
28,"[33, 60]"
18,"[33, 60, 4]"
21,"[33, 60, 6]"
28,"[33, 60, 70]"
18,"[33, 60, 33]"
17,"[33, 60, 28]"
20,"[33, 60, 27]"
26,"[33, 60, 17]"
24,"[33, 60, 29]"
23,"[33, 60, 0]"
19,"[33, 60, 25]"
22,"[33, 60, 48]"
19,"[33, 60, 54]"
24,"[33, 60, 69]"
16,"[33, 60, 32]"
17,"[33, 60, 18]"
18,"[33, 60, 8]"
19,"[33, 60, 26]"
20,"[33, 60, 50]"
21,"[33, 60, 55]"
19,"[33, 60, 49]"
16,"[33, 60, 60]"
29,"[33, 4]"
19,"[33, 4, 6]"
28,"[33, 4, 70]"
18,"[33, 4, 34]"
20,"[33, 4, 33]"
19,"[33, 4, 28]"
17,"[33, 4, 27]"
23,"[33, 4, 17]"
24,"[33, 4, 29]"
23,"[33, 4, 0]"
21,"[33, 4, 25]"
23,"[33, 4, 48]"
18,"[33, 4, 54]"
24,"[33, 4, 69]"
18,"[33, 4, 4]"
21,"[33, 4, 55]"
20,"[33, 4, 49]"
24,"[33, 3]"
20,"[33, 3, 6]"
17,"[33, 3, 7]"
24,"[33, 3, 70]"
16,"[33, 3, 34]"
18,"[33, 3, 33]"
17,"[33, 3, 28]"
18,"[33, 3, 27]"
21,"[33, 3, 17]"
22,"[33, 3, 29]"
19,"[33, 3, 0]"
20,"[33, 3, 25]"
21,"[33, 3, 48]"
18,"[33, 3, 54]"
21,"[33, 3, 69]"
17,"[33, 3, 4]"
18,"[33, 3, 55]"
19,"[33, 3, 49]"
37,"[33, 6]"
20,"[33, 6, 7]"
37,"[33, 6, 70]"
22,"[33, 6, 34]"
25,"[33, 6, 33]"
25,"[33, 6, 28]"
26,"[33, 6, 27]"
35,"[33, 6, 17]"
33,"[33, 6, 29]"
30,"[33, 6, 0]"
26,"[33, 6, 25]"
30,"[33, 6, 48]"
27,"[33, 6, 54]"
20,"[33, 6, 20]"
34,"[33, 6, 69]"
18,"[33, 6, 13]"
17,"[33, 6, 53]"
21,"[33, 6, 35]"
16,"[33, 6, 32]"
16,"[33, 6, 8]"
24,"[33, 6, 6]"
27,"[33, 6, 4]"
19,"[33, 6, 58]"
19,"[33, 6, 26]"
23,"[33, 6, 56]"
22,"[33, 6, 37]"
29,"[33, 6, 55]"
25,"[33, 6, 49]"
18,"[33, 6, 10]"
19,"[33, 6, 42]"
17,"[33, 6, 12]"
18,"[33, 6, 51]"
20,"[33, 7]"
20,"[33, 7, 70]"
16,"[33, 7, 28]"
18,"[33, 7, 17]"
17,"[33, 7, 29]"
17,"[33, 7, 25]"
18,"[33, 7, 48]"
17,"[33, 7, 69]"
32,"[33, 34]"
26,"[33, 34, 33]"
28,"[33, 34, 28]"
24,"[33, 34, 27]"
29,"[33, 34, 17]"
29,"[33, 34, 29]"
26,"[33, 34, 0]"
31,"[33, 34, 25]"
29,"[33, 34, 48]"
25,"[33, 34, 54]"
21,"[33, 34, 20]"
28,"[33, 34, 69]"
16,"[33, 34, 13]"
17,"[33, 34, 53]"
21,"[33, 34, 32]"
18,"[33, 34, 18]"
20,"[33, 34, 8]"
30,"[33, 34, 70]"
25,"[33, 34, 6]"
19,"[33, 34, 4]"
16,"[33, 34, 34]"
20,"[33, 34, 26]"
16,"[33, 34, 50]"
16,"[33, 34, 56]"
19,"[33, 34, 37]"
24,"[33, 34, 55]"
25,"[33, 34, 49]"
16,"[33, 34, 60]"
16,"[33, 34, 42]"
17,"[33, 34, 51]"
34,"[33, 33]"
31,"[33, 33, 28]"
25,"[33, 33, 27]"
30,"[33, 33, 17]"
30,"[33, 33, 29]"
28,"[33, 33, 0]"
32,"[33, 33, 25]"
30,"[33, 33, 48]"
28,"[33, 33, 54]"
22,"[33, 33, 20]"
29,"[33, 33, 69]"
18,"[33, 33, 32]"
16,"[33, 33, 8]"
32,"[33, 33, 70]"
27,"[33, 33, 6]"
22,"[33, 33, 4]"
17,"[33, 33, 34]"
18,"[33, 33, 33]"
18,"[33, 33, 26]"
20,"[33, 33, 37]"
23,"[33, 33, 55]"
24,"[33, 33, 49]"
18,"[33, 33, 42]"
27,"[33, 13]"
24,"[33, 13, 53]"
23,"[33, 13, 70]"
18,"[33, 13, 6]"
16,"[33, 13, 33]"
20,"[33, 13, 28]"
22,"[33, 13, 48]"
19,"[33, 13, 0]"
21,"[33, 13, 29]"
21,"[33, 13, 17]"
18,"[33, 13, 54]"
22,"[33, 13, 69]"
18,"[33, 13, 25]"
27,"[33, 53]"
16,"[33, 53, 32]"
23,"[33, 53, 70]"
18,"[33, 53, 6]"
20,"[33, 53, 28]"
16,"[33, 53, 49]"
23,"[33, 53, 48]"
19,"[33, 53, 0]"
22,"[33, 53, 29]"
21,"[33, 53, 17]"
21,"[33, 53, 54]"
16,"[33, 53, 51]"
19,"[33, 53, 25]"
19,"[33, 53, 69]"
31,"[33, 42]"
26,"[33, 42, 69]"
16,"[33, 42, 42]"
24,"[33, 42, 29]"
19,"[33, 42, 6]"
27,"[33, 42, 70]"
17,"[33, 42, 33]"
18,"[33, 42, 28]"
20,"[33, 42, 25]"
23,"[33, 42, 48]"
20,"[33, 42, 54]"
21,"[33, 42, 0]"
16,"[33, 42, 60]"
20,"[33, 42, 27]"
25,"[33, 42, 17]"
21,"[33, 42, 51]"
18,"[33, 42, 49]"
19,"[33, 42, 13]"
19,"[33, 42, 53]"
16,"[33, 42, 32]"
16,"[33, 42, 14]"
26,"[33, 12]"
23,"[33, 12, 42]"
16,"[33, 12, 0]"
23,"[33, 12, 69]"
18,"[33, 12, 51]"
23,"[33, 12, 70]"
18,"[33, 12, 25]"
21,"[33, 12, 48]"
16,"[33, 12, 54]"
18,"[33, 12, 29]"
18,"[33, 12, 17]"
26,"[33, 51]"
22,"[33, 51, 70]"
17,"[33, 51, 25]"
21,"[33, 51, 48]"
16,"[33, 51, 49]"
16,"[33, 51, 32]"
16,"[33, 51, 27]"
20,"[33, 51, 17]"
18,"[33, 51, 29]"
17,"[33, 51, 0]"
20,"[33, 51, 69]"
18,"[33, 51, 13]"
17,"[33, 51, 53]"
19,"[33, 36]"
19,"[33, 36, 17]"
18,"[33, 36, 29]"
19,"[33, 36, 70]"
18,"[33, 14]"
16,"[33, 63]"
16,"[33, 63, 70]"
16,"[33, 63, 17]"
48,[28]
47,"[28, 25]"
35,"[28, 25, 49]"
46,"[28, 25, 48]"
34,"[28, 25, 25]"
47,"[28, 25, 70]"
40,"[28, 25, 54]"
28,"[28, 25, 32]"
29,"[28, 25, 18]"
32,"[28, 25, 55]"
30,"[28, 25, 20]"
33,"[28, 25, 37]"
28,"[28, 25, 26]"
26,"[28, 25, 50]"
28,"[28, 25, 8]"
35,"[28, 25, 27]"
45,"[28, 25, 17]"
43,"[28, 25, 29]"
38,"[28, 25, 69]"
38,"[28, 25, 0]"
21,"[28, 25, 10]"
23,"[28, 25, 56]"
26,"[28, 25, 35]"
22,"[28, 25, 58]"
26,"[28, 25, 60]"
26,"[28, 25, 4]"
21,"[28, 25, 3]"
36,"[28, 25, 6]"
17,"[28, 25, 7]"
23,"[28, 25, 34]"
28,"[28, 25, 33]"
31,"[28, 25, 28]"
20,"[28, 25, 13]"
20,"[28, 25, 53]"
23,"[28, 25, 42]"
19,"[28, 25, 12]"
20,"[28, 25, 51]"
17,"[28, 25, 36]"
36,"[28, 49]"
22,"[28, 49, 48]"
20,"[28, 49, 49]"
16,"[28, 49, 25]"
33,"[28, 49, 70]"
27,"[28, 49, 54]"
19,"[28, 49, 32]"
29,"[28, 49, 55]"
17,"[28, 49, 20]"
17,"[28, 49, 37]"
17,"[28, 49, 8]"
24,"[28, 49, 27]"
32,"[28, 49, 17]"
32,"[28, 49, 29]"
28,"[28, 49, 69]"
25,"[28, 49, 0]"
18,"[28, 49, 4]"
23,"[28, 49, 6]"
18,"[28, 49, 33]"
18,"[28, 49, 28]"
16,"[28, 49, 53]"
16,"[28, 49, 51]"
47,"[28, 48]"
35,"[28, 48, 49]"
37,"[28, 48, 48]"
32,"[28, 48, 25]"
45,"[28, 48, 70]"
40,"[28, 48, 54]"
27,"[28, 48, 32]"
27,"[28, 48, 18]"
31,"[28, 48, 55]"
29,"[28, 48, 20]"
30,"[28, 48, 37]"
27,"[28, 48, 26]"
25,"[28, 48, 50]"
27,"[28, 48, 8]"
32,"[28, 48, 27]"
44,"[28, 48, 17]"
42,"[28, 48, 29]"
37,"[28, 48, 69]"
37,"[28, 48, 0]"
20,"[28, 48, 10]"
21,"[28, 48, 56]"
23,"[28, 48, 35]"
20,"[28, 48, 58]"
25,"[28, 48, 60]"
26,"[28, 48, 4]"
21,"[28, 48, 3]"
34,"[28, 48, 6]"
16,"[28, 48, 7]"
22,"[28, 48, 34]"
26,"[28, 48, 33]"
28,"[28, 48, 28]"
19,"[28, 48, 13]"
21,"[28, 48, 53]"
21,"[28, 48, 42]"
18,"[28, 48, 12]"
21,"[28, 48, 51]"
48,"[28, 70]"
45,"[28, 70, 48]"
46,"[28, 70, 54]"
31,"[28, 70, 32]"
29,"[28, 70, 18]"
46,"[28, 70, 70]"
33,"[28, 70, 55]"
36,"[28, 70, 20]"
34,"[28, 70, 37]"
29,"[28, 70, 26]"
27,"[28, 70, 50]"
29,"[28, 70, 8]"
35,"[28, 70, 27]"
46,"[28, 70, 17]"
45,"[28, 70, 29]"
39,"[28, 70, 69]"
41,"[28, 70, 0]"
34,"[28, 70, 49]"
26,"[28, 70, 10]"
27,"[28, 70, 56]"
28,"[28, 70, 35]"
23,"[28, 70, 58]"
26,"[28, 70, 60]"
28,"[28, 70, 4]"
23,"[28, 70, 3]"
37,"[28, 70, 6]"
18,"[28, 70, 7]"
29,"[28, 70, 34]"
31,"[28, 70, 33]"
40,"[28, 70, 28]"
43,"[28, 70, 25]"
23,"[28, 70, 13]"
22,"[28, 70, 53]"
24,"[28, 70, 42]"
22,"[28, 70, 12]"
23,"[28, 70, 51]"
18,"[28, 70, 36]"
17,"[28, 70, 63]"
46,"[28, 54]"
28,"[28, 54, 32]"
27,"[28, 54, 18]"
44,"[28, 54, 70]"
33,"[28, 54, 55]"
37,"[28, 54, 54]"
31,"[28, 54, 20]"
31,"[28, 54, 37]"
29,"[28, 54, 26]"
28,"[28, 54, 50]"
27,"[28, 54, 8]"
32,"[28, 54, 27]"
44,"[28, 54, 17]"
43,"[28, 54, 29]"
38,"[28, 54, 69]"
33,"[28, 54, 48]"
38,"[28, 54, 0]"
30,"[28, 54, 49]"
24,"[28, 54, 10]"
25,"[28, 54, 56]"
24,"[28, 54, 35]"
20,"[28, 54, 58]"
25,"[28, 54, 60]"
24,"[28, 54, 4]"
21,"[28, 54, 3]"
33,"[28, 54, 6]"
16,"[28, 54, 7]"
23,"[28, 54, 34]"
25,"[28, 54, 33]"
30,"[28, 54, 28]"
31,"[28, 54, 25]"
23,"[28, 54, 13]"
21,"[28, 54, 53]"
22,"[28, 54, 42]"
18,"[28, 54, 12]"
20,"[28, 54, 51]"
18,"[28, 54, 36]"
33,"[28, 32]"
30,"[28, 32, 18]"
31,"[28, 32, 70]"
25,"[28, 32, 55]"
27,"[28, 32, 54]"
19,"[28, 32, 20]"
20,"[28, 32, 37]"
18,"[28, 32, 26]"
18,"[28, 32, 32]"
29,"[28, 32, 8]"
29,"[28, 32, 27]"
32,"[28, 32, 17]"
31,"[28, 32, 29]"
26,"[28, 32, 69]"
26,"[28, 32, 48]"
29,"[28, 32, 0]"
22,"[28, 32, 49]"
19,"[28, 32, 10]"
22,"[28, 32, 56]"
21,"[28, 32, 35]"
20,"[28, 32, 58]"
23,"[28, 32, 4]"
20,"[28, 32, 3]"
27,"[28, 32, 6]"
16,"[28, 32, 7]"
20,"[28, 32, 34]"
24,"[28, 32, 33]"
25,"[28, 32, 28]"
26,"[28, 32, 25]"
17,"[28, 32, 51]"
32,"[28, 18]"
31,"[28, 18, 70]"
24,"[28, 18, 55]"
28,"[28, 18, 54]"
21,"[28, 18, 20]"
19,"[28, 18, 37]"
17,"[28, 18, 26]"
17,"[28, 18, 32]"
28,"[28, 18, 8]"
28,"[28, 18, 27]"
31,"[28, 18, 17]"
31,"[28, 18, 29]"
26,"[28, 18, 69]"
27,"[28, 18, 48]"
29,"[28, 18, 0]"
22,"[28, 18, 49]"
19,"[28, 18, 10]"
22,"[28, 18, 56]"
20,"[28, 18, 35]"
17,"[28, 18, 58]"
22,"[28, 18, 4]"
18,"[28, 18, 3]"
27,"[28, 18, 6]"
20,"[28, 18, 34]"
22,"[28, 18, 33]"
25,"[28, 18, 28]"
26,"[28, 18, 25]"
16,"[28, 18, 51]"
33,"[28, 55]"
18,"[28, 55, 54]"
21,"[28, 55, 20]"
20,"[28, 55, 27]"
25,"[28, 55, 17]"
25,"[28, 55, 29]"
30,"[28, 55, 69]"
30,"[28, 55, 70]"
19,"[28, 55, 48]"
21,"[28, 55, 0]"
20,"[28, 55, 55]"
16,"[28, 55, 4]"
18,"[28, 55, 6]"
18,"[28, 55, 33]"
17,"[28, 55, 25]"
36,"[28, 20]"
22,"[28, 20, 37]"
19,"[28, 20, 26]"
19,"[28, 20, 50]"
17,"[28, 20, 32]"
17,"[28, 20, 8]"
22,"[28, 20, 27]"
30,"[28, 20, 17]"
28,"[28, 20, 29]"
31,"[28, 20, 69]"
34,"[28, 20, 70]"
27,"[28, 20, 48]"
27,"[28, 20, 0]"
22,"[28, 20, 55]"
24,"[28, 20, 54]"
24,"[28, 20, 49]"
16,"[28, 20, 10]"
17,"[28, 20, 56]"
19,"[28, 20, 60]"
17,"[28, 20, 4]"
21,"[28, 20, 6]"
18,"[28, 20, 33]"
23,"[28, 20, 28]"
26,"[28, 20, 25]"
36,"[28, 37]"
25,"[28, 37, 26]"
24,"[28, 37, 50]"
22,"[28, 37, 32]"
21,"[28, 37, 18]"
21,"[28, 37, 8]"
28,"[28, 37, 27]"
33,"[28, 37, 17]"
31,"[28, 37, 29]"
32,"[28, 37, 69]"
35,"[28, 37, 70]"
26,"[28, 37, 48]"
30,"[28, 37, 0]"
26,"[28, 37, 55]"
25,"[28, 37, 54]"
23,"[28, 37, 49]"
17,"[28, 37, 10]"
19,"[28, 37, 56]"
26,"[28, 37, 60]"
23,"[28, 37, 4]"
17,"[28, 37, 3]"
27,"[28, 37, 6]"
16,"[28, 37, 34]"
20,"[28, 37, 33]"
20,"[28, 37, 28]"
22,"[28, 37, 25]"
20,"[28, 37, 20]"
17,"[28, 37, 13]"
16,"[28, 37, 42]"
16,"[28, 37, 51]"
16,"[28, 37, 36]"
31,"[28, 26]"
25,"[28, 26, 50]"
18,"[28, 26, 32]"
18,"[28, 26, 18]"
19,"[28, 26, 8]"
21,"[28, 26, 27]"
28,"[28, 26, 17]"
25,"[28, 26, 29]"
26,"[28, 26, 69]"
29,"[28, 26, 70]"
26,"[28, 26, 48]"
24,"[28, 26, 0]"
21,"[28, 26, 55]"
20,"[28, 26, 54]"
20,"[28, 26, 49]"
21,"[28, 26, 4]"
25,"[28, 26, 6]"
20,"[28, 26, 33]"
20,"[28, 26, 28]"
21,"[28, 26, 25]"
17,"[28, 26, 20]"
29,"[28, 50]"
17,"[28, 50, 32]"
16,"[28, 50, 18]"
18,"[28, 50, 8]"
21,"[28, 50, 27]"
27,"[28, 50, 17]"
24,"[28, 50, 29]"
23,"[28, 50, 69]"
26,"[28, 50, 70]"
21,"[28, 50, 48]"
23,"[28, 50, 0]"
19,"[28, 50, 55]"
19,"[28, 50, 54]"
19,"[28, 50, 49]"
19,"[28, 50, 4]"
22,"[28, 50, 6]"
18,"[28, 50, 33]"
17,"[28, 50, 28]"
19,"[28, 50, 25]"
30,"[28, 8]"
28,"[28, 8, 27]"
29,"[28, 8, 17]"
27,"[28, 8, 29]"
26,"[28, 8, 69]"
29,"[28, 8, 70]"
25,"[28, 8, 48]"
25,"[28, 8, 0]"
24,"[28, 8, 55]"
26,"[28, 8, 54]"
21,"[28, 8, 49]"
19,"[28, 8, 10]"
16,"[28, 8, 32]"
22,"[28, 8, 56]"
18,"[28, 8, 35]"
16,"[28, 8, 58]"
23,"[28, 8, 4]"
18,"[28, 8, 3]"
26,"[28, 8, 6]"
16,"[28, 8, 7]"
18,"[28, 8, 34]"
22,"[28, 8, 33]"
25,"[28, 8, 28]"
25,"[28, 8, 25]"
19,"[28, 8, 20]"
16,"[28, 8, 8]"
17,"[28, 8, 26]"
18,"[28, 8, 37]"
37,"[28, 27]"
34,"[28, 27, 17]"
32,"[28, 27, 29]"
30,"[28, 27, 69]"
34,"[28, 27, 70]"
27,"[28, 27, 48]"
32,"[28, 27, 0]"
26,"[28, 27, 55]"
28,"[28, 27, 54]"
24,"[28, 27, 49]"
20,"[28, 27, 10]"
16,"[28, 27, 32]"
23,"[28, 27, 27]"
23,"[28, 27, 56]"
21,"[28, 27, 35]"
19,"[28, 27, 58]"
25,"[28, 27, 4]"
22,"[28, 27, 3]"
30,"[28, 27, 6]"
16,"[28, 27, 7]"
21,"[28, 27, 34]"
26,"[28, 27, 33]"
24,"[28, 27, 28]"
26,"[28, 27, 25]"
21,"[28, 27, 20]"
17,"[28, 27, 8]"
19,"[28, 27, 26]"
21,"[28, 27, 37]"
46,"[28, 17]"
41,"[28, 17, 29]"
37,"[28, 17, 69]"
44,"[28, 17, 70]"
36,"[28, 17, 48]"
38,"[28, 17, 0]"
31,"[28, 17, 55]"
34,"[28, 17, 54]"
29,"[28, 17, 49]"
23,"[28, 17, 10]"
18,"[28, 17, 32]"
28,"[28, 17, 27]"
26,"[28, 17, 56]"
24,"[28, 17, 35]"
19,"[28, 17, 58]"
41,"[28, 17, 17]"
18,"[28, 17, 60]"
26,"[28, 17, 4]"
22,"[28, 17, 3]"
34,"[28, 17, 6]"
17,"[28, 17, 7]"
22,"[28, 17, 34]"
28,"[28, 17, 33]"
30,"[28, 17, 28]"
30,"[28, 17, 25]"
25,"[28, 17, 20]"
16,"[28, 17, 13]"
16,"[28, 17, 53]"
22,"[28, 17, 26]"
27,"[28, 17, 37]"
18,"[28, 17, 42]"
18,"[28, 17, 12]"
18,"[28, 17, 51]"
45,"[28, 29]"
36,"[28, 29, 69]"
43,"[28, 29, 70]"
36,"[28, 29, 48]"
38,"[28, 29, 0]"
30,"[28, 29, 55]"
33,"[28, 29, 54]"
29,"[28, 29, 49]"
23,"[28, 29, 10]"
19,"[28, 29, 32]"
29,"[28, 29, 27]"
26,"[28, 29, 56]"
24,"[28, 29, 35]"
20,"[28, 29, 58]"
41,"[28, 29, 17]"
38,"[28, 29, 29]"
18,"[28, 29, 60]"
27,"[28, 29, 4]"
18,"[28, 29, 3]"
33,"[28, 29, 6]"
17,"[28, 29, 7]"
21,"[28, 29, 34]"
28,"[28, 29, 33]"
29,"[28, 29, 28]"
29,"[28, 29, 25]"
25,"[28, 29, 20]"
16,"[28, 29, 13]"
16,"[28, 29, 53]"
22,"[28, 29, 26]"
27,"[28, 29, 37]"
18,"[28, 29, 42]"
18,"[28, 29, 12]"
19,"[28, 29, 51]"
43,"[28, 69]"
39,"[28, 69, 70]"
36,"[28, 69, 48]"
32,"[28, 69, 0]"
25,"[28, 69, 55]"
33,"[28, 69, 54]"
28,"[28, 69, 49]"
19,"[28, 69, 10]"
25,"[28, 69, 32]"
25,"[28, 69, 18]"
27,"[28, 69, 27]"
21,"[28, 69, 56]"
17,"[28, 69, 50]"
22,"[28, 69, 35]"
19,"[28, 69, 58]"
37,"[28, 69, 17]"
35,"[28, 69, 29]"
17,"[28, 69, 60]"
25,"[28, 69, 4]"
17,"[28, 69, 3]"
32,"[28, 69, 6]"
24,"[28, 69, 34]"
24,"[28, 69, 33]"
27,"[28, 69, 28]"
32,"[28, 69, 25]"
24,"[28, 69, 20]"
33,"[28, 69, 69]"
26,"[28, 69, 13]"
25,"[28, 69, 53]"
26,"[28, 69, 8]"
21,"[28, 69, 26]"
23,"[28, 69, 37]"
29,"[28, 69, 42]"
24,"[28, 69, 12]"
23,"[28, 69, 51]"
41,"[28, 0]"
29,"[28, 0, 55]"
30,"[28, 0, 54]"
29,"[28, 0, 49]"
38,"[28, 0, 70]"
21,"[28, 0, 10]"
20,"[28, 0, 32]"
16,"[28, 0, 18]"
30,"[28, 0, 27]"
25,"[28, 0, 56]"
24,"[28, 0, 35]"
20,"[28, 0, 58]"
31,"[28, 0, 0]"
39,"[28, 0, 17]"
37,"[28, 0, 29]"
25,"[28, 0, 4]"
24,"[28, 0, 3]"
29,"[28, 0, 6]"
16,"[28, 0, 7]"
22,"[28, 0, 34]"
25,"[28, 0, 33]"
27,"[28, 0, 28]"
28,"[28, 0, 25]"
33,"[28, 0, 48]"
20,"[28, 0, 20]"
34,"[28, 0, 69]"
16,"[28, 0, 13]"
17,"[28, 0, 8]"
19,"[28, 0, 26]"
24,"[28, 0, 37]"
18,"[28, 0, 42]"
17,"[28, 0, 12]"
19,"[28, 0, 51]"
26,"[28, 10]"
16,"[28, 10, 32]"
18,"[28, 10, 27]"
24,"[28, 10, 56]"
26,"[28, 10, 70]"
16,"[28, 10, 35]"
23,"[28, 10, 0]"
25,"[28, 10, 17]"
22,"[28, 10, 29]"
17,"[28, 10, 6]"
17,"[28, 10, 34]"
21,"[28, 10, 33]"
19,"[28, 10, 28]"
21,"[28, 10, 25]"
23,"[28, 10, 48]"
21,"[28, 10, 54]"
16,"[28, 10, 20]"
22,"[28, 10, 69]"
16,"[28, 10, 26]"
17,"[28, 10, 37]"
21,"[28, 10, 55]"
21,"[28, 10, 49]"
27,"[28, 56]"
27,"[28, 56, 70]"
16,"[28, 56, 35]"
23,"[28, 56, 0]"
18,"[28, 56, 27]"
26,"[28, 56, 17]"
22,"[28, 56, 29]"
16,"[28, 56, 4]"
17,"[28, 56, 6]"
17,"[28, 56, 34]"
22,"[28, 56, 33]"
19,"[28, 56, 28]"
21,"[28, 56, 25]"
21,"[28, 56, 48]"
21,"[28, 56, 54]"
16,"[28, 56, 20]"
24,"[28, 56, 69]"
16,"[28, 56, 26]"
17,"[28, 56, 37]"
21,"[28, 56, 55]"
21,"[28, 56, 49]"
30,"[28, 35]"
21,"[28, 35, 58]"
30,"[28, 35, 70]"
24,"[28, 35, 0]"
17,"[28, 35, 27]"
29,"[28, 35, 17]"
26,"[28, 35, 29]"
20,"[28, 35, 6]"
19,"[28, 35, 34]"
19,"[28, 35, 33]"
21,"[28, 35, 28]"
22,"[28, 35, 25]"
26,"[28, 35, 48]"
25,"[28, 35, 54]"
18,"[28, 35, 20]"
25,"[28, 35, 69]"
16,"[28, 35, 26]"
16,"[28, 35, 56]"
19,"[28, 35, 37]"
21,"[28, 35, 55]"
23,"[28, 35, 49]"
16,"[28, 35, 51]"
26,"[28, 58]"
26,"[28, 58, 70]"
22,"[28, 58, 0]"
18,"[28, 58, 27]"
25,"[28, 58, 17]"
23,"[28, 58, 29]"
17,"[28, 58, 6]"
16,"[28, 58, 34]"
19,"[28, 58, 33]"
20,"[28, 58, 28]"
19,"[28, 58, 25]"
22,"[28, 58, 48]"
22,"[28, 58, 54]"
17,"[28, 58, 20]"
21,"[28, 58, 69]"
17,"[28, 58, 37]"
20,"[28, 58, 55]"
20,"[28, 58, 49]"
27,"[28, 60]"
18,"[28, 60, 4]"
20,"[28, 60, 6]"
27,"[28, 60, 70]"
17,"[28, 60, 33]"
19,"[28, 60, 27]"
24,"[28, 60, 17]"
22,"[28, 60, 29]"
22,"[28, 60, 0]"
16,"[28, 60, 25]"
19,"[28, 60, 48]"
17,"[28, 60, 54]"
24,"[28, 60, 69]"
16,"[28, 60, 18]"
18,"[28, 60, 8]"
18,"[28, 60, 26]"
19,"[28, 60, 50]"
20,"[28, 60, 55]"
18,"[28, 60, 49]"
29,"[28, 4]"
18,"[28, 4, 6]"
27,"[28, 4, 70]"
17,"[28, 4, 34]"
19,"[28, 4, 33]"
19,"[28, 4, 28]"
22,"[28, 4, 17]"
21,"[28, 4, 29]"
22,"[28, 4, 0]"
19,"[28, 4, 25]"
21,"[28, 4, 48]"
19,"[28, 4, 54]"
16,"[28, 4, 20]"
23,"[28, 4, 69]"
18,"[28, 4, 4]"
16,"[28, 4, 56]"
21,"[28, 4, 55]"
20,"[28, 4, 49]"
24,"[28, 3]"
19,"[28, 3, 6]"
24,"[28, 3, 70]"
17,"[28, 3, 33]"
16,"[28, 3, 28]"
16,"[28, 3, 27]"
21,"[28, 3, 17]"
21,"[28, 3, 29]"
19,"[28, 3, 0]"
19,"[28, 3, 25]"
20,"[28, 3, 48]"
18,"[28, 3, 54]"
21,"[28, 3, 69]"
16,"[28, 3, 4]"
18,"[28, 3, 55]"
18,"[28, 3, 49]"
39,"[28, 6]"
18,"[28, 6, 7]"
38,"[28, 6, 70]"
21,"[28, 6, 34]"
24,"[28, 6, 33]"
26,"[28, 6, 28]"
26,"[28, 6, 27]"
36,"[28, 6, 17]"
32,"[28, 6, 29]"
31,"[28, 6, 0]"
25,"[28, 6, 25]"
29,"[28, 6, 48]"
29,"[28, 6, 54]"
22,"[28, 6, 20]"
35,"[28, 6, 69]"
17,"[28, 6, 13]"
17,"[28, 6, 53]"
22,"[28, 6, 35]"
16,"[28, 6, 32]"
16,"[28, 6, 8]"
22,"[28, 6, 6]"
26,"[28, 6, 4]"
20,"[28, 6, 58]"
20,"[28, 6, 26]"
25,"[28, 6, 56]"
24,"[28, 6, 37]"
30,"[28, 6, 55]"
25,"[28, 6, 49]"
19,"[28, 6, 10]"
18,"[28, 6, 42]"
18,"[28, 6, 12]"
19,"[28, 6, 51]"
18,"[28, 7]"
18,"[28, 7, 70]"
16,"[28, 7, 17]"
16,"[28, 7, 48]"
29,"[28, 34]"
24,"[28, 34, 33]"
25,"[28, 34, 28]"
19,"[28, 34, 27]"
25,"[28, 34, 17]"
25,"[28, 34, 29]"
22,"[28, 34, 0]"
27,"[28, 34, 25]"
26,"[28, 34, 48]"
22,"[28, 34, 54]"
18,"[28, 34, 20]"
23,"[28, 34, 69]"
19,"[28, 34, 32]"
18,"[28, 34, 8]"
27,"[28, 34, 70]"
21,"[28, 34, 6]"
17,"[28, 34, 4]"
16,"[28, 34, 34]"
17,"[28, 34, 26]"
18,"[28, 34, 37]"
20,"[28, 34, 55]"
24,"[28, 34, 49]"
31,"[28, 33]"
28,"[28, 33, 28]"
21,"[28, 33, 27]"
26,"[28, 33, 17]"
27,"[28, 33, 29]"
25,"[28, 33, 0]"
29,"[28, 33, 25]"
27,"[28, 33, 48]"
27,"[28, 33, 54]"
20,"[28, 33, 20]"
26,"[28, 33, 69]"
17,"[28, 33, 32]"
30,"[28, 33, 70]"
22,"[28, 33, 6]"
19,"[28, 33, 4]"
17,"[28, 33, 34]"
19,"[28, 33, 33]"
16,"[28, 33, 26]"
19,"[28, 33, 37]"
21,"[28, 33, 55]"
24,"[28, 33, 49]"
40,"[28, 28]"
23,"[28, 28, 27]"
34,"[28, 28, 17]"
33,"[28, 28, 29]"
28,"[28, 28, 0]"
34,"[28, 28, 25]"
34,"[28, 28, 48]"
33,"[28, 28, 54]"
21,"[28, 28, 20]"
32,"[28, 28, 69]"
16,"[28, 28, 35]"
19,"[28, 28, 32]"
16,"[28, 28, 18]"
16,"[28, 28, 8]"
38,"[28, 28, 70]"
23,"[28, 28, 6]"
19,"[28, 28, 4]"
18,"[28, 28, 34]"
20,"[28, 28, 33]"
22,"[28, 28, 28]"
20,"[28, 28, 26]"
18,"[28, 28, 50]"
24,"[28, 28, 37]"
24,"[28, 28, 55]"
28,"[28, 28, 49]"
18,"[28, 28, 60]"
16,"[28, 28, 42]"
26,"[28, 13]"
22,"[28, 13, 53]"
22,"[28, 13, 70]"
16,"[28, 13, 6]"
18,"[28, 13, 28]"
20,"[28, 13, 48]"
17,"[28, 13, 0]"
20,"[28, 13, 29]"
20,"[28, 13, 17]"
17,"[28, 13, 54]"
21,"[28, 13, 69]"
16,"[28, 13, 25]"
26,"[28, 53]"
22,"[28, 53, 70]"
16,"[28, 53, 6]"
18,"[28, 53, 28]"
21,"[28, 53, 48]"
17,"[28, 53, 0]"
21,"[28, 53, 29]"
20,"[28, 53, 17]"
20,"[28, 53, 54]"
17,"[28, 53, 25]"
18,"[28, 53, 69]"
30,"[28, 42]"
24,"[28, 42, 69]"
22,"[28, 42, 29]"
16,"[28, 42, 6]"
25,"[28, 42, 70]"
16,"[28, 42, 33]"
16,"[28, 42, 28]"
18,"[28, 42, 25]"
21,"[28, 42, 48]"
18,"[28, 42, 54]"
18,"[28, 42, 0]"
17,"[28, 42, 27]"
22,"[28, 42, 17]"
19,"[28, 42, 51]"
17,"[28, 42, 49]"
17,"[28, 42, 13]"
17,"[28, 42, 53]"
24,"[28, 12]"
21,"[28, 12, 42]"
21,"[28, 12, 69]"
16,"[28, 12, 51]"
20,"[28, 12, 70]"
17,"[28, 12, 48]"
24,"[28, 51]"
20,"[28, 51, 70]"
19,"[28, 51, 48]"
18,"[28, 51, 17]"
16,"[28, 51, 29]"
18,"[28, 51, 69]"
16,"[28, 51, 13]"
18,"[28, 36]"
18,"[28, 36, 17]"
17,"[28, 36, 29]"
18,"[28, 36, 70]"
17,"[28, 14]"
17,"[28, 63]"
17,"[28, 63, 70]"
17,"[28, 63, 17]"
16,"[28, 63, 54]"
16,"[28, 63, 48]"
49,[25]
38,"[25, 49]"
23,"[25, 49, 48]"
21,"[25, 49, 49]"
16,"[25, 49, 25]"
35,"[25, 49, 70]"
28,"[25, 49, 54]"
19,"[25, 49, 32]"
31,"[25, 49, 55]"
17,"[25, 49, 20]"
17,"[25, 49, 37]"
17,"[25, 49, 8]"
25,"[25, 49, 27]"
34,"[25, 49, 17]"
33,"[25, 49, 29]"
29,"[25, 49, 69]"
26,"[25, 49, 0]"
19,"[25, 49, 4]"
24,"[25, 49, 6]"
18,"[25, 49, 33]"
18,"[25, 49, 28]"
48,"[25, 48]"
37,"[25, 48, 49]"
37,"[25, 48, 48]"
31,"[25, 48, 25]"
46,"[25, 48, 70]"
41,"[25, 48, 54]"
26,"[25, 48, 32]"
27,"[25, 48, 18]"
33,"[25, 48, 55]"
30,"[25, 48, 20]"
30,"[25, 48, 37]"
28,"[25, 48, 26]"
26,"[25, 48, 50]"
27,"[25, 48, 8]"
32,"[25, 48, 27]"
45,"[25, 48, 17]"
42,"[25, 48, 29]"
37,"[25, 48, 69]"
37,"[25, 48, 0]"
20,"[25, 48, 10]"
22,"[25, 48, 56]"
24,"[25, 48, 35]"
21,"[25, 48, 58]"
26,"[25, 48, 60]"
26,"[25, 48, 4]"
21,"[25, 48, 3]"
34,"[25, 48, 6]"
16,"[25, 48, 7]"
23,"[25, 48, 34]"
26,"[25, 48, 33]"
28,"[25, 48, 28]"
19,"[25, 48, 13]"
20,"[25, 48, 53]"
20,"[25, 48, 42]"
17,"[25, 48, 12]"
20,"[25, 48, 51]"
37,"[25, 25]"
31,"[25, 25, 48]"
35,"[25, 25, 70]"
32,"[25, 25, 54]"
18,"[25, 25, 32]"
26,"[25, 25, 55]"
19,"[25, 25, 20]"
21,"[25, 25, 37]"
17,"[25, 25, 26]"
16,"[25, 25, 50]"
16,"[25, 25, 8]"
26,"[25, 25, 27]"
32,"[25, 25, 17]"
30,"[25, 25, 29]"
28,"[25, 25, 69]"
27,"[25, 25, 0]"
28,"[25, 25, 49]"
16,"[25, 25, 56]"
17,"[25, 25, 60]"
17,"[25, 25, 4]"
25,"[25, 25, 6]"
18,"[25, 25, 34]"
18,"[25, 25, 33]"
22,"[25, 25, 28]"
24,"[25, 25, 25]"
49,"[25, 70]"
43,"[25, 70, 48]"
43,"[25, 70, 54]"
25,"[25, 70, 32]"
25,"[25, 70, 18]"
48,"[25, 70, 70]"
35,"[25, 70, 55]"
31,"[25, 70, 20]"
32,"[25, 70, 37]"
27,"[25, 70, 26]"
25,"[25, 70, 50]"
27,"[25, 70, 8]"
33,"[25, 70, 27]"
46,"[25, 70, 17]"
41,"[25, 70, 29]"
38,"[25, 70, 69]"
39,"[25, 70, 0]"
34,"[25, 70, 49]"
21,"[25, 70, 10]"
23,"[25, 70, 56]"
24,"[25, 70, 35]"
20,"[25, 70, 58]"
16,"[25, 70, 1]"
25,"[25, 70, 60]"
24,"[25, 70, 4]"
21,"[25, 70, 3]"
35,"[25, 70, 6]"
17,"[25, 70, 7]"
26,"[25, 70, 34]"
30,"[25, 70, 33]"
35,"[25, 70, 28]"
36,"[25, 70, 25]"
21,"[25, 70, 13]"
19,"[25, 70, 53]"
18,"[25, 70, 12]"
21,"[25, 70, 42]"
21,"[25, 70, 51]"
16,"[25, 70, 36]"
17,"[25, 70, 63]"
43,"[25, 54]"
24,"[25, 54, 32]"
22,"[25, 54, 18]"
41,"[25, 54, 70]"
32,"[25, 54, 55]"
33,"[25, 54, 54]"
25,"[25, 54, 20]"
26,"[25, 54, 37]"
24,"[25, 54, 26]"
24,"[25, 54, 50]"
24,"[25, 54, 8]"
31,"[25, 54, 27]"
41,"[25, 54, 17]"
37,"[25, 54, 29]"
34,"[25, 54, 69]"
29,"[25, 54, 48]"
35,"[25, 54, 0]"
25,"[25, 54, 49]"
18,"[25, 54, 10]"
21,"[25, 54, 56]"
18,"[25, 54, 35]"
16,"[25, 54, 58]"
21,"[25, 54, 60]"
22,"[25, 54, 4]"
16,"[25, 54, 3]"
30,"[25, 54, 6]"
21,"[25, 54, 34]"
21,"[25, 54, 33]"
26,"[25, 54, 28]"
24,"[25, 54, 25]"
19,"[25, 54, 13]"
16,"[25, 54, 53]"
18,"[25, 54, 42]"
29,"[25, 32]"
27,"[25, 32, 18]"
27,"[25, 32, 70]"
22,"[25, 32, 55]"
22,"[25, 32, 54]"
17,"[25, 32, 37]"
16,"[25, 32, 32]"
25,"[25, 32, 8]"
26,"[25, 32, 27]"
28,"[25, 32, 17]"
27,"[25, 32, 29]"
23,"[25, 32, 69]"
22,"[25, 32, 48]"
26,"[25, 32, 0]"
17,"[25, 32, 49]"
18,"[25, 32, 56]"
18,"[25, 32, 35]"
18,"[25, 32, 58]"
20,"[25, 32, 4]"
17,"[25, 32, 3]"
24,"[25, 32, 6]"
18,"[25, 32, 34]"
20,"[25, 32, 33]"
21,"[25, 32, 28]"
22,"[25, 32, 25]"
30,"[25, 18]"
29,"[25, 18, 70]"
23,"[25, 18, 55]"
24,"[25, 18, 54]"
17,"[25, 18, 20]"
18,"[25, 18, 37]"
16,"[25, 18, 32]"
26,"[25, 18, 8]"
26,"[25, 18, 27]"
29,"[25, 18, 17]"
29,"[25, 18, 29]"
25,"[25, 18, 69]"
24,"[25, 18, 48]"
27,"[25, 18, 0]"
19,"[25, 18, 49]"
19,"[25, 18, 56]"
19,"[25, 18, 35]"
17,"[25, 18, 58]"
21,"[25, 18, 4]"
17,"[25, 18, 3]"
26,"[25, 18, 6]"
18,"[25, 18, 34]"
20,"[25, 18, 33]"
22,"[25, 18, 28]"
23,"[25, 18, 25]"
35,"[25, 55]"
18,"[25, 55, 54]"
21,"[25, 55, 20]"
20,"[25, 55, 27]"
25,"[25, 55, 17]"
23,"[25, 55, 29]"
30,"[25, 55, 69]"
31,"[25, 55, 70]"
18,"[25, 55, 48]"
20,"[25, 55, 0]"
18,"[25, 55, 55]"
16,"[25, 55, 6]"
17,"[25, 55, 33]"
33,"[25, 20]"
16,"[25, 20, 37]"
17,"[25, 20, 26]"
17,"[25, 20, 50]"
16,"[25, 20, 8]"
19,"[25, 20, 27]"
27,"[25, 20, 17]"
24,"[25, 20, 29]"
28,"[25, 20, 69]"
31,"[25, 20, 70]"
23,"[25, 20, 48]"
23,"[25, 20, 0]"
20,"[25, 20, 55]"
22,"[25, 20, 54]"
21,"[25, 20, 49]"
17,"[25, 20, 60]"
19,"[25, 20, 6]"
16,"[25, 20, 33]"
21,"[25, 20, 28]"
22,"[25, 20, 25]"
33,"[25, 37]"
23,"[25, 37, 26]"
22,"[25, 37, 50]"
20,"[25, 37, 32]"
19,"[25, 37, 18]"
19,"[25, 37, 8]"
25,"[25, 37, 27]"
30,"[25, 37, 17]"
30,"[25, 37, 29]"
29,"[25, 37, 69]"
32,"[25, 37, 70]"
23,"[25, 37, 48]"
28,"[25, 37, 0]"
23,"[25, 37, 55]"
22,"[25, 37, 54]"
20,"[25, 37, 49]"
17,"[25, 37, 10]"
18,"[25, 37, 56]"
23,"[25, 37, 60]"
21,"[25, 37, 4]"
16,"[25, 37, 3]"
25,"[25, 37, 6]"
16,"[25, 37, 34]"
19,"[25, 37, 33]"
18,"[25, 37, 28]"
19,"[25, 37, 25]"
18,"[25, 37, 20]"
16,"[25, 37, 13]"
16,"[25, 37, 51]"
29,"[25, 26]"
23,"[25, 26, 50]"
16,"[25, 26, 32]"
16,"[25, 26, 18]"
17,"[25, 26, 8]"
18,"[25, 26, 27]"
26,"[25, 26, 17]"
24,"[25, 26, 29]"
23,"[25, 26, 69]"
27,"[25, 26, 70]"
23,"[25, 26, 48]"
22,"[25, 26, 0]"
19,"[25, 26, 55]"
17,"[25, 26, 54]"
18,"[25, 26, 49]"
19,"[25, 26, 4]"
22,"[25, 26, 6]"
18,"[25, 26, 33]"
17,"[25, 26, 28]"
17,"[25, 26, 25]"
27,"[25, 50]"
16,"[25, 50, 8]"
18,"[25, 50, 27]"
25,"[25, 50, 17]"
23,"[25, 50, 29]"
20,"[25, 50, 69]"
24,"[25, 50, 70]"
19,"[25, 50, 48]"
21,"[25, 50, 0]"
17,"[25, 50, 55]"
17,"[25, 50, 54]"
17,"[25, 50, 49]"
17,"[25, 50, 4]"
19,"[25, 50, 6]"
16,"[25, 50, 33]"
16,"[25, 50, 25]"
29,"[25, 8]"
26,"[25, 8, 27]"
28,"[25, 8, 17]"
27,"[25, 8, 29]"
25,"[25, 8, 69]"
28,"[25, 8, 70]"
23,"[25, 8, 48]"
25,"[25, 8, 0]"
23,"[25, 8, 55]"
23,"[25, 8, 54]"
18,"[25, 8, 49]"
17,"[25, 8, 10]"
16,"[25, 8, 32]"
20,"[25, 8, 56]"
18,"[25, 8, 35]"
17,"[25, 8, 58]"
22,"[25, 8, 4]"
17,"[25, 8, 3]"
25,"[25, 8, 6]"
16,"[25, 8, 7]"
17,"[25, 8, 34]"
21,"[25, 8, 33]"
23,"[25, 8, 28]"
23,"[25, 8, 25]"
16,"[25, 8, 20]"
17,"[25, 8, 26]"
17,"[25, 8, 37]"
35,"[25, 27]"
33,"[25, 27, 17]"
31,"[25, 27, 29]"
28,"[25, 27, 69]"
32,"[25, 27, 70]"
25,"[25, 27, 48]"
32,"[25, 27, 0]"
24,"[25, 27, 55]"
25,"[25, 27, 54]"
21,"[25, 27, 49]"
16,"[25, 27, 10]"
16,"[25, 27, 32]"
22,"[25, 27, 27]"
19,"[25, 27, 56]"
19,"[25, 27, 35]"
18,"[25, 27, 58]"
24,"[25, 27, 4]"
20,"[25, 27, 3]"
30,"[25, 27, 6]"
16,"[25, 27, 7]"
19,"[25, 27, 34]"
23,"[25, 27, 33]"
22,"[25, 27, 28]"
24,"[25, 27, 25]"
17,"[25, 27, 20]"
17,"[25, 27, 26]"
18,"[25, 27, 37]"
47,"[25, 17]"
43,"[25, 17, 29]"
36,"[25, 17, 69]"
45,"[25, 17, 70]"
33,"[25, 17, 48]"
37,"[25, 17, 0]"
31,"[25, 17, 55]"
30,"[25, 17, 54]"
27,"[25, 17, 49]"
20,"[25, 17, 10]"
17,"[25, 17, 32]"
27,"[25, 17, 27]"
23,"[25, 17, 56]"
23,"[25, 17, 35]"
20,"[25, 17, 58]"
39,"[25, 17, 17]"
16,"[25, 17, 60]"
27,"[25, 17, 4]"
20,"[25, 17, 3]"
36,"[25, 17, 6]"
18,"[25, 17, 7]"
21,"[25, 17, 34]"
26,"[25, 17, 33]"
27,"[25, 17, 28]"
27,"[25, 17, 25]"
22,"[25, 17, 20]"
17,"[25, 17, 13]"
16,"[25, 17, 53]"
20,"[25, 17, 26]"
24,"[25, 17, 37]"
19,"[25, 17, 42]"
18,"[25, 17, 12]"
19,"[25, 17, 51]"
44,"[25, 29]"
34,"[25, 29, 69]"
43,"[25, 29, 70]"
31,"[25, 29, 48]"
34,"[25, 29, 0]"
28,"[25, 29, 55]"
26,"[25, 29, 54]"
25,"[25, 29, 49]"
18,"[25, 29, 10]"
18,"[25, 29, 32]"
28,"[25, 29, 27]"
22,"[25, 29, 56]"
20,"[25, 29, 35]"
18,"[25, 29, 58]"
38,"[25, 29, 17]"
35,"[25, 29, 29]"
24,"[25, 29, 4]"
17,"[25, 29, 3]"
31,"[25, 29, 6]"
17,"[25, 29, 7]"
18,"[25, 29, 34]"
25,"[25, 29, 33]"
24,"[25, 29, 28]"
24,"[25, 29, 25]"
21,"[25, 29, 20]"
17,"[25, 29, 13]"
16,"[25, 29, 53]"
20,"[25, 29, 26]"
24,"[25, 29, 37]"
18,"[25, 29, 42]"
17,"[25, 29, 12]"
19,"[25, 29, 51]"
39,"[25, 69]"
36,"[25, 69, 70]"
32,"[25, 69, 48]"
31,"[25, 69, 0]"
24,"[25, 69, 55]"
27,"[25, 69, 54]"
25,"[25, 69, 49]"
16,"[25, 69, 10]"
20,"[25, 69, 32]"
21,"[25, 69, 18]"
27,"[25, 69, 27]"
20,"[25, 69, 56]"
18,"[25, 69, 35]"
17,"[25, 69, 58]"
34,"[25, 69, 17]"
30,"[25, 69, 29]"
22,"[25, 69, 4]"
16,"[25, 69, 3]"
30,"[25, 69, 6]"
20,"[25, 69, 34]"
22,"[25, 69, 33]"
25,"[25, 69, 28]"
27,"[25, 69, 25]"
19,"[25, 69, 20]"
32,"[25, 69, 69]"
22,"[25, 69, 13]"
20,"[25, 69, 53]"
22,"[25, 69, 8]"
17,"[25, 69, 26]"
21,"[25, 69, 37]"
25,"[25, 69, 42]"
22,"[25, 69, 12]"
22,"[25, 69, 51]"
40,"[25, 0]"
29,"[25, 0, 55]"
28,"[25, 0, 54]"
25,"[25, 0, 49]"
36,"[25, 0, 70]"
18,"[25, 0, 10]"
17,"[25, 0, 32]"
27,"[25, 0, 27]"
22,"[25, 0, 56]"
22,"[25, 0, 35]"
21,"[25, 0, 58]"
29,"[25, 0, 0]"
36,"[25, 0, 17]"
37,"[25, 0, 29]"
25,"[25, 0, 4]"
22,"[25, 0, 3]"
29,"[25, 0, 6]"
17,"[25, 0, 7]"
21,"[25, 0, 34]"
24,"[25, 0, 33]"
25,"[25, 0, 28]"
24,"[25, 0, 25]"
29,"[25, 0, 48]"
18,"[25, 0, 20]"
33,"[25, 0, 69]"
17,"[25, 0, 13]"
16,"[25, 0, 8]"
18,"[25, 0, 26]"
22,"[25, 0, 37]"
16,"[25, 0, 42]"
18,"[25, 0, 51]"
22,"[25, 10]"
21,"[25, 10, 56]"
22,"[25, 10, 70]"
18,"[25, 10, 0]"
21,"[25, 10, 17]"
19,"[25, 10, 29]"
16,"[25, 10, 33]"
16,"[25, 10, 25]"
18,"[25, 10, 48]"
16,"[25, 10, 54]"
19,"[25, 10, 69]"
17,"[25, 10, 55]"
17,"[25, 10, 49]"
25,"[25, 56]"
25,"[25, 56, 70]"
16,"[25, 56, 35]"
20,"[25, 56, 0]"
16,"[25, 56, 27]"
24,"[25, 56, 17]"
20,"[25, 56, 29]"
17,"[25, 56, 6]"
16,"[25, 56, 34]"
19,"[25, 56, 33]"
17,"[25, 56, 28]"
19,"[25, 56, 25]"
19,"[25, 56, 48]"
18,"[25, 56, 54]"
23,"[25, 56, 69]"
18,"[25, 56, 55]"
18,"[25, 56, 49]"
29,"[25, 35]"
19,"[25, 35, 58]"
29,"[25, 35, 70]"
22,"[25, 35, 0]"
17,"[25, 35, 27]"
28,"[25, 35, 17]"
24,"[25, 35, 29]"
18,"[25, 35, 6]"
17,"[25, 35, 34]"
18,"[25, 35, 33]"
20,"[25, 35, 28]"
19,"[25, 35, 25]"
24,"[25, 35, 48]"
22,"[25, 35, 54]"
25,"[25, 35, 69]"
18,"[25, 35, 37]"
20,"[25, 35, 55]"
21,"[25, 35, 49]"
25,"[25, 58]"
25,"[25, 58, 70]"
21,"[25, 58, 0]"
17,"[25, 58, 27]"
24,"[25, 58, 17]"
22,"[25, 58, 29]"
17,"[25, 58, 6]"
16,"[25, 58, 34]"
17,"[25, 58, 33]"
19,"[25, 58, 28]"
18,"[25, 58, 25]"
21,"[25, 58, 48]"
21,"[25, 58, 54]"
22,"[25, 58, 69]"
18,"[25, 58, 55]"
17,"[25, 58, 49]"
16,"[25, 1]"
27,"[25, 60]"
16,"[25, 60, 4]"
18,"[25, 60, 6]"
26,"[25, 60, 70]"
16,"[25, 60, 33]"
17,"[25, 60, 27]"
23,"[25, 60, 17]"
22,"[25, 60, 29]"
21,"[25, 60, 0]"
18,"[25, 60, 48]"
16,"[25, 60, 54]"
23,"[25, 60, 69]"
17,"[25, 60, 8]"
18,"[25, 60, 26]"
18,"[25, 60, 50]"
19,"[25, 60, 55]"
17,"[25, 60, 49]"
28,"[25, 4]"
19,"[25, 4, 6]"
27,"[25, 4, 70]"
17,"[25, 4, 34]"
18,"[25, 4, 33]"
18,"[25, 4, 28]"
21,"[25, 4, 17]"
21,"[25, 4, 29]"
21,"[25, 4, 0]"
18,"[25, 4, 25]"
20,"[25, 4, 48]"
17,"[25, 4, 54]"
24,"[25, 4, 69]"
18,"[25, 4, 4]"
21,"[25, 4, 55]"
17,"[25, 4, 49]"
22,"[25, 3]"
18,"[25, 3, 6]"
16,"[25, 3, 7]"
22,"[25, 3, 70]"
16,"[25, 3, 33]"
16,"[25, 3, 27]"
19,"[25, 3, 17]"
20,"[25, 3, 29]"
18,"[25, 3, 0]"
17,"[25, 3, 25]"
18,"[25, 3, 48]"
17,"[25, 3, 54]"
19,"[25, 3, 69]"
17,"[25, 3, 55]"
16,"[25, 3, 49]"
38,"[25, 6]"
18,"[25, 6, 7]"
38,"[25, 6, 70]"
20,"[25, 6, 34]"
23,"[25, 6, 33]"
25,"[25, 6, 28]"
25,"[25, 6, 27]"
34,"[25, 6, 17]"
32,"[25, 6, 29]"
29,"[25, 6, 0]"
24,"[25, 6, 25]"
28,"[25, 6, 48]"
27,"[25, 6, 54]"
20,"[25, 6, 20]"
35,"[25, 6, 69]"
17,"[25, 6, 13]"
16,"[25, 6, 53]"
21,"[25, 6, 35]"
16,"[25, 6, 32]"
23,"[25, 6, 6]"
27,"[25, 6, 4]"
19,"[25, 6, 58]"
18,"[25, 6, 26]"
22,"[25, 6, 56]"
22,"[25, 6, 37]"
30,"[25, 6, 55]"
22,"[25, 6, 49]"
16,"[25, 6, 10]"
17,"[25, 6, 42]"
16,"[25, 6, 12]"
18,"[25, 6, 51]"
18,"[25, 7]"
18,"[25, 7, 70]"
16,"[25, 7, 17]"
16,"[25, 7, 48]"
16,"[25, 7, 69]"
26,"[25, 34]"
21,"[25, 34, 33]"
22,"[25, 34, 28]"
19,"[25, 34, 27]"
22,"[25, 34, 17]"
22,"[25, 34, 29]"
20,"[25, 34, 0]"
24,"[25, 34, 25]"
23,"[25, 34, 48]"
19,"[25, 34, 54]"
21,"[25, 34, 69]"
24,"[25, 34, 70]"
18,"[25, 34, 6]"
16,"[25, 34, 37]"
18,"[25, 34, 55]"
20,"[25, 34, 49]"
30,"[25, 33]"
27,"[25, 33, 28]"
20,"[25, 33, 27]"
25,"[25, 33, 17]"
26,"[25, 33, 29]"
23,"[25, 33, 0]"
27,"[25, 33, 25]"
24,"[25, 33, 48]"
24,"[25, 33, 54]"
16,"[25, 33, 20]"
25,"[25, 33, 69]"
28,"[25, 33, 70]"
21,"[25, 33, 6]"
16,"[25, 33, 4]"
20,"[25, 33, 55]"
20,"[25, 33, 49]"
35,"[25, 28]"
22,"[25, 28, 27]"
30,"[25, 28, 17]"
30,"[25, 28, 29]"
26,"[25, 28, 0]"
29,"[25, 28, 25]"
28,"[25, 28, 48]"
28,"[25, 28, 54]"
18,"[25, 28, 20]"
27,"[25, 28, 69]"
32,"[25, 28, 70]"
25,"[25, 28, 6]"
18,"[25, 28, 4]"
18,"[25, 28, 34]"
17,"[25, 28, 33]"
21,"[25, 28, 28]"
17,"[25, 28, 26]"
16,"[25, 28, 50]"
19,"[25, 28, 37]"
22,"[25, 28, 55]"
22,"[25, 28, 49]"
16,"[25, 28, 60]"
22,"[25, 13]"
19,"[25, 13, 53]"
18,"[25, 13, 70]"
17,"[25, 13, 48]"
16,"[25, 13, 29]"
16,"[25, 13, 17]"
17,"[25, 13, 69]"
21,"[25, 53]"
17,"[25, 53, 70]"
17,"[25, 53, 48]"
16,"[25, 53, 29]"
27,"[25, 42]"
23,"[25, 42, 69]"
19,"[25, 42, 29]"
23,"[25, 42, 70]"
16,"[25, 42, 28]"
19,"[25, 42, 48]"
16,"[25, 42, 0]"
17,"[25, 42, 27]"
20,"[25, 42, 17]"
17,"[25, 42, 51]"
23,"[25, 12]"
20,"[25, 12, 42]"
21,"[25, 12, 69]"
16,"[25, 12, 51]"
20,"[25, 12, 70]"
18,"[25, 12, 48]"
23,"[25, 51]"
19,"[25, 51, 70]"
18,"[25, 51, 48]"
17,"[25, 51, 17]"
17,"[25, 51, 69]"
17,"[25, 36]"
17,"[25, 36, 17]"
16,"[25, 36, 29]"
17,"[25, 36, 70]"
17,"[25, 63]"
16,"[25, 63, 17]"
17,"[25, 63, 70]"
40,[49]
26,"[49, 48]"
20,"[49, 48, 70]"
17,"[49, 48, 54]"
19,"[49, 48, 17]"
17,"[49, 48, 29]"
17,"[49, 48, 69]"
18,"[49, 48, 0]"
22,"[49, 49]"
22,"[49, 49, 70]"
17,"[49, 49, 54]"
18,"[49, 49, 55]"
20,"[49, 49, 17]"
20,"[49, 49, 29]"
18,"[49, 49, 69]"
19,"[49, 49, 0]"
16,"[49, 49, 6]"
18,"[49, 25]"
37,"[49, 70]"
23,"[49, 70, 48]"
27,"[49, 70, 54]"
16,"[49, 70, 32]"
34,"[49, 70, 70]"
29,"[49, 70, 55]"
19,"[49, 70, 20]"
16,"[49, 70, 37]"
21,"[49, 70, 27]"
32,"[49, 70, 17]"
30,"[49, 70, 29]"
28,"[49, 70, 69]"
25,"[49, 70, 0]"
21,"[49, 70, 49]"
19,"[49, 70, 4]"
23,"[49, 70, 6]"
18,"[49, 70, 33]"
16,"[49, 70, 28]"
16,"[49, 70, 25]"
30,"[49, 54]"
29,"[49, 54, 70]"
24,"[49, 54, 55]"
19,"[49, 54, 54]"
18,"[49, 54, 20]"
16,"[49, 54, 50]"
19,"[49, 54, 27]"
27,"[49, 54, 17]"
25,"[49, 54, 29]"
23,"[49, 54, 69]"
18,"[49, 54, 48]"
23,"[49, 54, 0]"
19,"[49, 54, 6]"
19,"[49, 32]"
17,"[49, 32, 70]"
16,"[49, 32, 27]"
18,"[49, 32, 17]"
17,"[49, 32, 29]"
32,"[49, 55]"
19,"[49, 55, 20]"
18,"[49, 55, 27]"
23,"[49, 55, 17]"
21,"[49, 55, 29]"
27,"[49, 55, 69]"
28,"[49, 55, 70]"
16,"[49, 55, 48]"
17,"[49, 55, 0]"
16,"[49, 55, 33]"
20,"[49, 20]"
17,"[49, 20, 69]"
18,"[49, 20, 70]"
17,"[49, 37]"
16,"[49, 37, 17]"
16,"[49, 37, 70]"
17,"[49, 26]"
16,"[49, 26, 50]"
17,"[49, 50]"
17,"[49, 8]"
16,"[49, 8, 17]"
16,"[49, 8, 70]"
25,"[49, 27]"
24,"[49, 27, 17]"
22,"[49, 27, 29]"
18,"[49, 27, 69]"
23,"[49, 27, 70]"
19,"[49, 27, 0]"
18,"[49, 27, 6]"
34,"[49, 17]"
29,"[49, 17, 29]"
23,"[49, 17, 69]"
30,"[49, 17, 70]"
17,"[49, 17, 48]"
24,"[49, 17, 0]"
21,"[49, 17, 55]"
19,"[49, 17, 54]"
19,"[49, 17, 27]"
25,"[49, 17, 17]"
21,"[49, 17, 6]"
16,"[49, 17, 20]"
33,"[49, 29]"
21,"[49, 29, 69]"
28,"[49, 29, 70]"
16,"[49, 29, 48]"
19,"[49, 29, 0]"
19,"[49, 29, 55]"
16,"[49, 29, 54]"
17,"[49, 29, 27]"
23,"[49, 29, 17]"
23,"[49, 29, 29]"
16,"[49, 29, 4]"
21,"[49, 29, 6]"
16,"[49, 29, 20]"
31,"[49, 69]"
24,"[49, 69, 70]"
18,"[49, 69, 48]"
16,"[49, 69, 0]"
17,"[49, 69, 55]"
20,"[49, 69, 17]"
21,"[49, 69, 29]"
16,"[49, 69, 4]"
18,"[49, 69, 6]"
20,"[49, 69, 69]"
16,"[49, 69, 13]"
17,"[49, 69, 53]"
16,"[49, 69, 12]"
16,"[49, 69, 42]"
17,"[49, 69, 51]"
27,"[49, 0]"
16,"[49, 0, 55]"
23,"[49, 0, 70]"
23,"[49, 0, 17]"
23,"[49, 0, 29]"
17,"[49, 0, 6]"
20,"[49, 0, 69]"
20,"[49, 4]"
16,"[49, 4, 70]"
24,"[49, 6]"
21,"[49, 6, 70]"
17,"[49, 6, 17]"
17,"[49, 6, 29]"
17,"[49, 6, 69]"
18,"[49, 6, 4]"
19,"[49, 33]"
19,"[49, 28]"
16,"[49, 13]"
17,"[49, 53]"
16,"[49, 12]"
16,"[49, 42]"
18,"[49, 51]"
50,[48]
37,"[48, 49]"
23,"[48, 49, 48]"
18,"[48, 49, 25]"
34,"[48, 49, 70]"
28,"[48, 49, 54]"
19,"[48, 49, 32]"
30,"[48, 49, 55]"
19,"[48, 49, 20]"
17,"[48, 49, 37]"
16,"[48, 49, 26]"
16,"[48, 49, 50]"
17,"[48, 49, 8]"
24,"[48, 49, 27]"
33,"[48, 49, 17]"
33,"[48, 49, 29]"
28,"[48, 49, 69]"
25,"[48, 49, 0]"
22,"[48, 49, 49]"
18,"[48, 49, 4]"
23,"[48, 49, 6]"
19,"[48, 49, 33]"
19,"[48, 49, 28]"
16,"[48, 49, 53]"
16,"[48, 49, 51]"
40,"[48, 48]"
21,"[48, 48, 25]"
27,"[48, 48, 48]"
38,"[48, 48, 70]"
33,"[48, 48, 54]"
19,"[48, 48, 32]"
18,"[48, 48, 18]"
30,"[48, 48, 55]"
26,"[48, 48, 20]"
23,"[48, 48, 37]"
21,"[48, 48, 26]"
23,"[48, 48, 50]"
21,"[48, 48, 8]"
26,"[48, 48, 27]"
37,"[48, 48, 17]"
33,"[48, 48, 29]"
29,"[48, 48, 69]"
30,"[48, 48, 0]"
32,"[48, 48, 49]"
16,"[48, 48, 56]"
20,"[48, 48, 60]"
22,"[48, 48, 4]"
16,"[48, 48, 3]"
26,"[48, 48, 6]"
18,"[48, 48, 34]"
22,"[48, 48, 33]"
22,"[48, 48, 28]"
35,"[48, 25]"
30,"[48, 25, 48]"
34,"[48, 25, 70]"
29,"[48, 25, 54]"
19,"[48, 25, 32]"
16,"[48, 25, 18]"
26,"[48, 25, 55]"
21,"[48, 25, 20]"
19,"[48, 25, 37]"
17,"[48, 25, 26]"
16,"[48, 25, 50]"
16,"[48, 25, 8]"
23,"[48, 25, 27]"
31,"[48, 25, 17]"
29,"[48, 25, 29]"
26,"[48, 25, 69]"
26,"[48, 25, 0]"
27,"[48, 25, 49]"
16,"[48, 25, 56]"
16,"[48, 25, 35]"
17,"[48, 25, 60]"
16,"[48, 25, 4]"
22,"[48, 25, 6]"
17,"[48, 25, 34]"
20,"[48, 25, 28]"
21,"[48, 25, 25]"
49,"[48, 70]"
39,"[48, 70, 48]"
42,"[48, 70, 54]"
23,"[48, 70, 32]"
23,"[48, 70, 18]"
47,"[48, 70, 70]"
34,"[48, 70, 55]"
31,"[48, 70, 20]"
29,"[48, 70, 37]"
26,"[48, 70, 26]"
24,"[48, 70, 50]"
25,"[48, 70, 8]"
30,"[48, 70, 27]"
45,"[48, 70, 17]"
40,"[48, 70, 29]"
39,"[48, 70, 69]"
37,"[48, 70, 0]"
33,"[48, 70, 49]"
19,"[48, 70, 10]"
19,"[48, 70, 56]"
21,"[48, 70, 35]"
17,"[48, 70, 58]"
26,"[48, 70, 60]"
23,"[48, 70, 4]"
20,"[48, 70, 3]"
32,"[48, 70, 6]"
23,"[48, 70, 34]"
28,"[48, 70, 33]"
30,"[48, 70, 28]"
32,"[48, 70, 25]"
19,"[48, 70, 13]"
18,"[48, 70, 53]"
19,"[48, 70, 12]"
20,"[48, 70, 42]"
21,"[48, 70, 51]"
42,"[48, 54]"
21,"[48, 54, 32]"
19,"[48, 54, 18]"
40,"[48, 54, 70]"
31,"[48, 54, 55]"
29,"[48, 54, 54]"
26,"[48, 54, 20]"
25,"[48, 54, 37]"
24,"[48, 54, 26]"
24,"[48, 54, 50]"
22,"[48, 54, 8]"
27,"[48, 54, 27]"
40,"[48, 54, 17]"
36,"[48, 54, 29]"
34,"[48, 54, 69]"
26,"[48, 54, 48]"
34,"[48, 54, 0]"
24,"[48, 54, 49]"
17,"[48, 54, 10]"
18,"[48, 54, 56]"
16,"[48, 54, 35]"
23,"[48, 54, 60]"
22,"[48, 54, 4]"
16,"[48, 54, 3]"
29,"[48, 54, 6]"
18,"[48, 54, 34]"
21,"[48, 54, 33]"
23,"[48, 54, 28]"
23,"[48, 54, 25]"
19,"[48, 54, 13]"
17,"[48, 54, 53]"
17,"[48, 54, 12]"
19,"[48, 54, 42]"
16,"[48, 54, 51]"
27,"[48, 32]"
25,"[48, 32, 18]"
25,"[48, 32, 70]"
21,"[48, 32, 55]"
20,"[48, 32, 54]"
23,"[48, 32, 8]"
24,"[48, 32, 27]"
26,"[48, 32, 17]"
25,"[48, 32, 29]"
21,"[48, 32, 69]"
18,"[48, 32, 48]"
22,"[48, 32, 0]"
17,"[48, 32, 56]"
16,"[48, 32, 35]"
17,"[48, 32, 4]"
21,"[48, 32, 6]"
17,"[48, 32, 33]"
18,"[48, 32, 28]"
19,"[48, 32, 25]"
27,"[48, 18]"
26,"[48, 18, 70]"
21,"[48, 18, 55]"
21,"[48, 18, 54]"
16,"[48, 18, 20]"
23,"[48, 18, 8]"
23,"[48, 18, 27]"
26,"[48, 18, 17]"
26,"[48, 18, 29]"
22,"[48, 18, 69]"
19,"[48, 18, 48]"
22,"[48, 18, 0]"
16,"[48, 18, 49]"
17,"[48, 18, 56]"
16,"[48, 18, 35]"
17,"[48, 18, 4]"
22,"[48, 18, 6]"
16,"[48, 18, 33]"
18,"[48, 18, 28]"
19,"[48, 18, 25]"
34,"[48, 55]"
17,"[48, 55, 54]"
22,"[48, 55, 20]"
19,"[48, 55, 27]"
25,"[48, 55, 17]"
24,"[48, 55, 29]"
29,"[48, 55, 69]"
30,"[48, 55, 70]"
18,"[48, 55, 48]"
20,"[48, 55, 0]"
19,"[48, 55, 55]"
16,"[48, 55, 6]"
18,"[48, 55, 33]"
16,"[48, 55, 25]"
32,"[48, 20]"
24,"[48, 20, 17]"
21,"[48, 20, 29]"
26,"[48, 20, 69]"
29,"[48, 20, 70]"
20,"[48, 20, 48]"
21,"[48, 20, 0]"
19,"[48, 20, 55]"
17,"[48, 20, 54]"
18,"[48, 20, 49]"
16,"[48, 20, 6]"
16,"[48, 20, 28]"
19,"[48, 20, 25]"
30,"[48, 37]"
22,"[48, 37, 26]"
21,"[48, 37, 50]"
18,"[48, 37, 32]"
17,"[48, 37, 18]"
18,"[48, 37, 8]"
21,"[48, 37, 27]"
27,"[48, 37, 17]"
27,"[48, 37, 29]"
26,"[48, 37, 69]"
29,"[48, 37, 70]"
21,"[48, 37, 48]"
25,"[48, 37, 0]"
22,"[48, 37, 55]"
18,"[48, 37, 54]"
19,"[48, 37, 49]"
23,"[48, 37, 60]"
20,"[48, 37, 4]"
22,"[48, 37, 6]"
17,"[48, 37, 33]"
16,"[48, 37, 25]"
17,"[48, 37, 20]"
28,"[48, 26]"
23,"[48, 26, 50]"
16,"[48, 26, 32]"
16,"[48, 26, 18]"
17,"[48, 26, 8]"
17,"[48, 26, 27]"
25,"[48, 26, 17]"
23,"[48, 26, 29]"
22,"[48, 26, 69]"
26,"[48, 26, 70]"
21,"[48, 26, 48]"
21,"[48, 26, 0]"
19,"[48, 26, 55]"
16,"[48, 26, 54]"
17,"[48, 26, 49]"
17,"[48, 26, 4]"
20,"[48, 26, 6]"
17,"[48, 26, 33]"
26,"[48, 50]"
16,"[48, 50, 8]"
17,"[48, 50, 27]"
24,"[48, 50, 17]"
22,"[48, 50, 29]"
19,"[48, 50, 69]"
23,"[48, 50, 70]"
19,"[48, 50, 48]"
20,"[48, 50, 0]"
17,"[48, 50, 55]"
16,"[48, 50, 54]"
17,"[48, 50, 49]"
17,"[48, 50, 4]"
18,"[48, 50, 6]"
16,"[48, 50, 33]"
16,"[48, 50, 25]"
27,"[48, 8]"
23,"[48, 8, 27]"
25,"[48, 8, 17]"
24,"[48, 8, 29]"
22,"[48, 8, 69]"
25,"[48, 8, 70]"
19,"[48, 8, 48]"
22,"[48, 8, 0]"
21,"[48, 8, 55]"
20,"[48, 8, 54]"
16,"[48, 8, 49]"
16,"[48, 8, 10]"
18,"[48, 8, 56]"
18,"[48, 8, 4]"
21,"[48, 8, 6]"
18,"[48, 8, 33]"
19,"[48, 8, 28]"
19,"[48, 8, 25]"
32,"[48, 27]"
29,"[48, 27, 17]"
27,"[48, 27, 29]"
25,"[48, 27, 69]"
29,"[48, 27, 70]"
20,"[48, 27, 48]"
27,"[48, 27, 0]"
22,"[48, 27, 55]"
22,"[48, 27, 54]"
18,"[48, 27, 49]"
18,"[48, 27, 27]"
16,"[48, 27, 56]"
16,"[48, 27, 35]"
20,"[48, 27, 4]"
17,"[48, 27, 3]"
25,"[48, 27, 6]"
19,"[48, 27, 33]"
18,"[48, 27, 28]"
20,"[48, 27, 25]"
16,"[48, 27, 20]"
46,"[48, 17]"
41,"[48, 17, 29]"
35,"[48, 17, 69]"
45,"[48, 17, 70]"
31,"[48, 17, 48]"
36,"[48, 17, 0]"
32,"[48, 17, 55]"
30,"[48, 17, 54]"
25,"[48, 17, 49]"
19,"[48, 17, 10]"
17,"[48, 17, 32]"
24,"[48, 17, 27]"
21,"[48, 17, 56]"
22,"[48, 17, 35]"
18,"[48, 17, 58]"
38,"[48, 17, 17]"
17,"[48, 17, 60]"
25,"[48, 17, 4]"
19,"[48, 17, 3]"
33,"[48, 17, 6]"
16,"[48, 17, 7]"
18,"[48, 17, 34]"
25,"[48, 17, 33]"
25,"[48, 17, 28]"
26,"[48, 17, 25]"
24,"[48, 17, 20]"
16,"[48, 17, 13]"
19,"[48, 17, 26]"
22,"[48, 17, 37]"
17,"[48, 17, 42]"
16,"[48, 17, 12]"
17,"[48, 17, 51]"
44,"[48, 29]"
33,"[48, 29, 69]"
42,"[48, 29, 70]"
30,"[48, 29, 48]"
32,"[48, 29, 0]"
30,"[48, 29, 55]"
26,"[48, 29, 54]"
24,"[48, 29, 49]"
17,"[48, 29, 10]"
18,"[48, 29, 32]"
25,"[48, 29, 27]"
19,"[48, 29, 56]"
20,"[48, 29, 35]"
16,"[48, 29, 58]"
36,"[48, 29, 17]"
32,"[48, 29, 29]"
16,"[48, 29, 60]"
22,"[48, 29, 4]"
28,"[48, 29, 6]"
17,"[48, 29, 34]"
25,"[48, 29, 33]"
23,"[48, 29, 28]"
24,"[48, 29, 25]"
23,"[48, 29, 20]"
16,"[48, 29, 13]"
19,"[48, 29, 26]"
22,"[48, 29, 37]"
17,"[48, 29, 42]"
16,"[48, 29, 12]"
18,"[48, 29, 51]"
40,"[48, 69]"
33,"[48, 69, 70]"
28,"[48, 69, 48]"
27,"[48, 69, 0]"
22,"[48, 69, 55]"
25,"[48, 69, 54]"
23,"[48, 69, 49]"
18,"[48, 69, 32]"
19,"[48, 69, 18]"
22,"[48, 69, 27]"
18,"[48, 69, 56]"
16,"[48, 69, 35]"
31,"[48, 69, 17]"
28,"[48, 69, 29]"
21,"[48, 69, 4]"
26,"[48, 69, 6]"
18,"[48, 69, 34]"
21,"[48, 69, 33]"
21,"[48, 69, 28]"
24,"[48, 69, 25]"
18,"[48, 69, 20]"
30,"[48, 69, 69]"
21,"[48, 69, 13]"
21,"[48, 69, 53]"
20,"[48, 69, 8]"
19,"[48, 69, 37]"
23,"[48, 69, 42]"
22,"[48, 69, 12]"
22,"[48, 69, 51]"
40,"[48, 0]"
28,"[48, 0, 55]"
25,"[48, 0, 54]"
23,"[48, 0, 49]"
36,"[48, 0, 70]"
16,"[48, 0, 10]"
17,"[48, 0, 32]"
24,"[48, 0, 27]"
18,"[48, 0, 56]"
19,"[48, 0, 35]"
17,"[48, 0, 58]"
26,"[48, 0, 0]"
34,"[48, 0, 17]"
34,"[48, 0, 29]"
23,"[48, 0, 4]"
22,"[48, 0, 3]"
26,"[48, 0, 6]"
17,"[48, 0, 34]"
21,"[48, 0, 33]"
22,"[48, 0, 28]"
22,"[48, 0, 25]"
26,"[48, 0, 48]"
18,"[48, 0, 20]"
32,"[48, 0, 69]"
16,"[48, 0, 13]"
16,"[48, 0, 26]"
18,"[48, 0, 37]"
16,"[48, 0, 42]"
17,"[48, 0, 51]"
21,"[48, 10]"
20,"[48, 10, 56]"
21,"[48, 10, 70]"
16,"[48, 10, 0]"
19,"[48, 10, 17]"
18,"[48, 10, 29]"
18,"[48, 10, 69]"
16,"[48, 10, 55]"
23,"[48, 56]"
23,"[48, 56, 70]"
18,"[48, 56, 0]"
21,"[48, 56, 17]"
18,"[48, 56, 29]"
17,"[48, 56, 33]"
17,"[48, 56, 25]"
16,"[48, 56, 48]"
17,"[48, 56, 54]"
21,"[48, 56, 69]"
17,"[48, 56, 55]"
25,"[48, 35]"
17,"[48, 35, 58]"
25,"[48, 35, 70]"
18,"[48, 35, 0]"
24,"[48, 35, 17]"
21,"[48, 35, 29]"
16,"[48, 35, 28]"
19,"[48, 35, 48]"
18,"[48, 35, 54]"
22,"[48, 35, 69]"
18,"[48, 35, 55]"
19,"[48, 35, 49]"
22,"[48, 58]"
22,"[48, 58, 70]"
18,"[48, 58, 0]"
21,"[48, 58, 17]"
20,"[48, 58, 29]"
16,"[48, 58, 28]"
17,"[48, 58, 48]"
18,"[48, 58, 54]"
20,"[48, 58, 69]"
16,"[48, 58, 55]"
26,"[48, 60]"
16,"[48, 60, 4]"
17,"[48, 60, 6]"
25,"[48, 60, 70]"
16,"[48, 60, 27]"
22,"[48, 60, 17]"
21,"[48, 60, 29]"
20,"[48, 60, 0]"
17,"[48, 60, 48]"
22,"[48, 60, 69]"
16,"[48, 60, 8]"
18,"[48, 60, 26]"
18,"[48, 60, 50]"
18,"[48, 60, 55]"
16,"[48, 60, 49]"
27,"[48, 4]"
26,"[48, 4, 70]"
16,"[48, 4, 33]"
17,"[48, 4, 17]"
18,"[48, 4, 29]"
20,"[48, 4, 0]"
17,"[48, 4, 48]"
23,"[48, 4, 69]"
19,"[48, 4, 55]"
22,"[48, 3]"
17,"[48, 3, 6]"
22,"[48, 3, 70]"
17,"[48, 3, 17]"
19,"[48, 3, 29]"
16,"[48, 3, 0]"
16,"[48, 3, 48]"
19,"[48, 3, 69]"
16,"[48, 3, 55]"
36,"[48, 6]"
16,"[48, 6, 7]"
36,"[48, 6, 70]"
16,"[48, 6, 34]"
20,"[48, 6, 33]"
21,"[48, 6, 28]"
21,"[48, 6, 27]"
30,"[48, 6, 17]"
28,"[48, 6, 29]"
27,"[48, 6, 0]"
21,"[48, 6, 25]"
25,"[48, 6, 48]"
23,"[48, 6, 54]"
19,"[48, 6, 20]"
32,"[48, 6, 69]"
16,"[48, 6, 13]"
17,"[48, 6, 35]"
19,"[48, 6, 6]"
25,"[48, 6, 4]"
16,"[48, 6, 26]"
17,"[48, 6, 56]"
18,"[48, 6, 37]"
28,"[48, 6, 55]"
20,"[48, 6, 49]"
17,"[48, 6, 42]"
16,"[48, 6, 12]"
18,"[48, 6, 51]"
16,"[48, 7]"
16,"[48, 7, 70]"
23,"[48, 34]"
18,"[48, 34, 33]"
20,"[48, 34, 28]"
17,"[48, 34, 27]"
19,"[48, 34, 17]"
19,"[48, 34, 29]"
18,"[48, 34, 0]"
21,"[48, 34, 25]"
19,"[48, 34, 48]"
16,"[48, 34, 54]"
18,"[48, 34, 69]"
21,"[48, 34, 70]"
17,"[48, 34, 49]"
28,"[48, 33]"
22,"[48, 33, 28]"
16,"[48, 33, 27]"
22,"[48, 33, 17]"
23,"[48, 33, 29]"
21,"[48, 33, 0]"
23,"[48, 33, 25]"
21,"[48, 33, 48]"
19,"[48, 33, 54]"
22,"[48, 33, 69]"
25,"[48, 33, 70]"
18,"[48, 33, 6]"
18,"[48, 33, 55]"
18,"[48, 33, 49]"
31,"[48, 28]"
19,"[48, 28, 27]"
27,"[48, 28, 17]"
28,"[48, 28, 29]"
24,"[48, 28, 0]"
25,"[48, 28, 25]"
24,"[48, 28, 48]"
24,"[48, 28, 54]"
18,"[48, 28, 20]"
24,"[48, 28, 69]"
29,"[48, 28, 70]"
21,"[48, 28, 6]"
17,"[48, 28, 4]"
17,"[48, 28, 34]"
19,"[48, 28, 28]"
16,"[48, 28, 37]"
20,"[48, 28, 55]"
20,"[48, 28, 49]"
21,"[48, 13]"
18,"[48, 13, 53]"
17,"[48, 13, 70]"
16,"[48, 13, 48]"
16,"[48, 13, 69]"
22,"[48, 53]"
18,"[48, 53, 70]"
17,"[48, 53, 48]"
17,"[48, 53, 29]"
16,"[48, 53, 17]"
16,"[48, 53, 54]"
24,"[48, 42]"
20,"[48, 42, 69]"
19,"[48, 42, 70]"
22,"[48, 12]"
18,"[48, 12, 42]"
18,"[48, 12, 69]"
16,"[48, 12, 70]"
23,"[48, 51]"
18,"[48, 51, 70]"
16,"[48, 51, 48]"
16,"[48, 51, 17]"
16,"[48, 51, 69]"
51,[54]
28,"[54, 32]"
25,"[54, 32, 18]"
26,"[54, 32, 70]"
22,"[54, 32, 55]"
19,"[54, 32, 54]"
23,"[54, 32, 8]"
25,"[54, 32, 27]"
27,"[54, 32, 17]"
26,"[54, 32, 29]"
24,"[54, 32, 69]"
19,"[54, 32, 48]"
23,"[54, 32, 0]"
17,"[54, 32, 10]"
20,"[54, 32, 56]"
17,"[54, 32, 35]"
19,"[54, 32, 4]"
17,"[54, 32, 3]"
22,"[54, 32, 6]"
18,"[54, 32, 33]"
17,"[54, 32, 28]"
19,"[54, 32, 25]"
27,"[54, 18]"
26,"[54, 18, 70]"
21,"[54, 18, 55]"
21,"[54, 18, 54]"
17,"[54, 18, 20]"
16,"[54, 18, 32]"
24,"[54, 18, 8]"
24,"[54, 18, 27]"
26,"[54, 18, 17]"
26,"[54, 18, 29]"
25,"[54, 18, 69]"
21,"[54, 18, 48]"
23,"[54, 18, 0]"
16,"[54, 18, 49]"
18,"[54, 18, 10]"
21,"[54, 18, 56]"
17,"[54, 18, 35]"
20,"[54, 18, 4]"
17,"[54, 18, 3]"
22,"[54, 18, 6]"
18,"[54, 18, 33]"
19,"[54, 18, 28]"
21,"[54, 18, 25]"
49,"[54, 70]"
34,"[54, 70, 55]"
39,"[54, 70, 54]"
33,"[54, 70, 20]"
29,"[54, 70, 37]"
30,"[54, 70, 26]"
27,"[54, 70, 50]"
24,"[54, 70, 32]"
23,"[54, 70, 18]"
26,"[54, 70, 8]"
32,"[54, 70, 27]"
46,"[54, 70, 17]"
41,"[54, 70, 29]"
38,"[54, 70, 69]"
46,"[54, 70, 70]"
37,"[54, 70, 48]"
38,"[54, 70, 0]"
30,"[54, 70, 49]"
23,"[54, 70, 10]"
24,"[54, 70, 56]"
22,"[54, 70, 35]"
19,"[54, 70, 58]"
25,"[54, 70, 60]"
25,"[54, 70, 4]"
21,"[54, 70, 3]"
31,"[54, 70, 6]"
23,"[54, 70, 34]"
26,"[54, 70, 33]"
28,"[54, 70, 28]"
30,"[54, 70, 25]"
21,"[54, 70, 13]"
19,"[54, 70, 53]"
23,"[54, 70, 42]"
20,"[54, 70, 12]"
21,"[54, 70, 51]"
17,"[54, 70, 36]"
17,"[54, 70, 63]"
36,"[54, 55]"
18,"[54, 55, 54]"
22,"[54, 55, 20]"
21,"[54, 55, 27]"
27,"[54, 55, 17]"
26,"[54, 55, 29]"
32,"[54, 55, 69]"
32,"[54, 55, 70]"
21,"[54, 55, 48]"
23,"[54, 55, 0]"
18,"[54, 55, 55]"
17,"[54, 55, 4]"
18,"[54, 55, 6]"
18,"[54, 55, 33]"
16,"[54, 55, 25]"
16,"[54, 55, 42]"
39,"[54, 54]"
27,"[54, 54, 20]"
24,"[54, 54, 37]"
24,"[54, 54, 26]"
23,"[54, 54, 50]"
17,"[54, 54, 32]"
17,"[54, 54, 18]"
22,"[54, 54, 8]"
24,"[54, 54, 27]"
37,"[54, 54, 17]"
34,"[54, 54, 29]"
34,"[54, 54, 69]"
38,"[54, 54, 70]"
29,"[54, 54, 48]"
32,"[54, 54, 0]"
29,"[54, 54, 55]"
27,"[54, 54, 54]"
22,"[54, 54, 49]"
18,"[54, 54, 10]"
18,"[54, 54, 56]"
19,"[54, 54, 35]"
24,"[54, 54, 60]"
21,"[54, 54, 4]"
18,"[54, 54, 3]"
26,"[54, 54, 6]"
17,"[54, 54, 34]"
22,"[54, 54, 33]"
20,"[54, 54, 28]"
22,"[54, 54, 25]"
16,"[54, 54, 13]"
19,"[54, 54, 42]"
17,"[54, 54, 51]"
35,"[54, 20]"
18,"[54, 20, 37]"
20,"[54, 20, 26]"
19,"[54, 20, 50]"
17,"[54, 20, 8]"
18,"[54, 20, 27]"
27,"[54, 20, 17]"
24,"[54, 20, 29]"
31,"[54, 20, 69]"
33,"[54, 20, 70]"
25,"[54, 20, 48]"
24,"[54, 20, 0]"
22,"[54, 20, 55]"
21,"[54, 20, 54]"
22,"[54, 20, 49]"
19,"[54, 20, 60]"
17,"[54, 20, 4]"
19,"[54, 20, 6]"
18,"[54, 20, 33]"
19,"[54, 20, 28]"
23,"[54, 20, 25]"
16,"[54, 20, 42]"
31,"[54, 37]"
23,"[54, 37, 26]"
23,"[54, 37, 50]"
19,"[54, 37, 32]"
18,"[54, 37, 18]"
19,"[54, 37, 8]"
24,"[54, 37, 27]"
29,"[54, 37, 17]"
28,"[54, 37, 29]"
27,"[54, 37, 69]"
30,"[54, 37, 70]"
23,"[54, 37, 48]"
27,"[54, 37, 0]"
22,"[54, 37, 55]"
21,"[54, 37, 54]"
20,"[54, 37, 49]"
16,"[54, 37, 10]"
18,"[54, 37, 56]"
24,"[54, 37, 60]"
22,"[54, 37, 4]"
16,"[54, 37, 3]"
25,"[54, 37, 6]"
20,"[54, 37, 33]"
18,"[54, 37, 28]"
20,"[54, 37, 25]"
16,"[54, 37, 20]"
16,"[54, 37, 36]"
32,"[54, 26]"
26,"[54, 26, 50]"
16,"[54, 26, 32]"
16,"[54, 26, 18]"
18,"[54, 26, 8]"
19,"[54, 26, 27]"
27,"[54, 26, 17]"
24,"[54, 26, 29]"
25,"[54, 26, 69]"
29,"[54, 26, 70]"
25,"[54, 26, 48]"
24,"[54, 26, 0]"
21,"[54, 26, 55]"
20,"[54, 26, 54]"
19,"[54, 26, 49]"
20,"[54, 26, 4]"
16,"[54, 26, 3]"
22,"[54, 26, 6]"
20,"[54, 26, 33]"
18,"[54, 26, 28]"
19,"[54, 26, 25]"
16,"[54, 26, 20]"
30,"[54, 50]"
16,"[54, 50, 32]"
17,"[54, 50, 8]"
20,"[54, 50, 27]"
27,"[54, 50, 17]"
24,"[54, 50, 29]"
23,"[54, 50, 69]"
27,"[54, 50, 70]"
22,"[54, 50, 48]"
24,"[54, 50, 0]"
20,"[54, 50, 55]"
20,"[54, 50, 54]"
19,"[54, 50, 49]"
19,"[54, 50, 4]"
21,"[54, 50, 6]"
18,"[54, 50, 33]"
16,"[54, 50, 28]"
18,"[54, 50, 25]"
27,"[54, 8]"
24,"[54, 8, 27]"
26,"[54, 8, 17]"
24,"[54, 8, 29]"
25,"[54, 8, 69]"
26,"[54, 8, 70]"
21,"[54, 8, 48]"
22,"[54, 8, 0]"
22,"[54, 8, 55]"
21,"[54, 8, 54]"
18,"[54, 8, 49]"
19,"[54, 8, 10]"
22,"[54, 8, 56]"
17,"[54, 8, 35]"
21,"[54, 8, 4]"
17,"[54, 8, 3]"
22,"[54, 8, 6]"
21,"[54, 8, 33]"
20,"[54, 8, 28]"
21,"[54, 8, 25]"
16,"[54, 8, 20]"
33,"[54, 27]"
31,"[54, 27, 17]"
28,"[54, 27, 29]"
28,"[54, 27, 69]"
30,"[54, 27, 70]"
20,"[54, 27, 48]"
26,"[54, 27, 0]"
23,"[54, 27, 55]"
21,"[54, 27, 54]"
18,"[54, 27, 49]"
18,"[54, 27, 10]"
20,"[54, 27, 27]"
21,"[54, 27, 56]"
16,"[54, 27, 35]"
20,"[54, 27, 4]"
19,"[54, 27, 3]"
25,"[54, 27, 6]"
21,"[54, 27, 33]"
18,"[54, 27, 28]"
21,"[54, 27, 25]"
16,"[54, 27, 20]"
16,"[54, 27, 37]"
46,"[54, 17]"
39,"[54, 17, 29]"
36,"[54, 17, 69]"
43,"[54, 17, 70]"
27,"[54, 17, 48]"
33,"[54, 17, 0]"
29,"[54, 17, 55]"
25,"[54, 17, 54]"
23,"[54, 17, 49]"
22,"[54, 17, 10]"
17,"[54, 17, 32]"
26,"[54, 17, 27]"
25,"[54, 17, 56]"
18,"[54, 17, 35]"
16,"[54, 17, 58]"
39,"[54, 17, 17]"
23,"[54, 17, 4]"
21,"[54, 17, 3]"
29,"[54, 17, 6]"
17,"[54, 17, 7]"
18,"[54, 17, 34]"
24,"[54, 17, 33]"
23,"[54, 17, 28]"
24,"[54, 17, 25]"
21,"[54, 17, 20]"
17,"[54, 17, 13]"
19,"[54, 17, 26]"
20,"[54, 17, 37]"
19,"[54, 17, 42]"
16,"[54, 17, 12]"
16,"[54, 17, 51]"
44,"[54, 29]"
35,"[54, 29, 69]"
43,"[54, 29, 70]"
28,"[54, 29, 48]"
33,"[54, 29, 0]"
29,"[54, 29, 55]"
24,"[54, 29, 54]"
22,"[54, 29, 49]"
21,"[54, 29, 10]"
17,"[54, 29, 32]"
27,"[54, 29, 27]"
24,"[54, 29, 56]"
19,"[54, 29, 35]"
16,"[54, 29, 58]"
39,"[54, 29, 17]"
35,"[54, 29, 29]"
22,"[54, 29, 4]"
17,"[54, 29, 3]"
29,"[54, 29, 6]"
16,"[54, 29, 7]"
17,"[54, 29, 34]"
24,"[54, 29, 33]"
22,"[54, 29, 28]"
23,"[54, 29, 25]"
22,"[54, 29, 20]"
17,"[54, 29, 13]"
19,"[54, 29, 26]"
19,"[54, 29, 37]"
19,"[54, 29, 42]"
16,"[54, 29, 12]"
17,"[54, 29, 51]"
42,"[54, 69]"
36,"[54, 69, 70]"
31,"[54, 69, 48]"
29,"[54, 69, 0]"
23,"[54, 69, 55]"
25,"[54, 69, 54]"
23,"[54, 69, 49]"
19,"[54, 69, 10]"
21,"[54, 69, 32]"
21,"[54, 69, 18]"
24,"[54, 69, 27]"
21,"[54, 69, 56]"
18,"[54, 69, 35]"
33,"[54, 69, 17]"
31,"[54, 69, 29]"
23,"[54, 69, 4]"
16,"[54, 69, 3]"
28,"[54, 69, 6]"
20,"[54, 69, 34]"
22,"[54, 69, 33]"
21,"[54, 69, 28]"
24,"[54, 69, 25]"
22,"[54, 69, 20]"
32,"[54, 69, 69]"
25,"[54, 69, 13]"
23,"[54, 69, 53]"
24,"[54, 69, 8]"
17,"[54, 69, 26]"
19,"[54, 69, 37]"
26,"[54, 69, 42]"
24,"[54, 69, 12]"
22,"[54, 69, 51]"
38,"[54, 48]"
23,"[54, 48, 0]"
22,"[54, 48, 55]"
23,"[54, 48, 54]"
24,"[54, 48, 49]"
31,"[54, 48, 70]"
19,"[54, 48, 27]"
17,"[54, 48, 50]"
29,"[54, 48, 17]"
27,"[54, 48, 29]"
17,"[54, 48, 60]"
20,"[54, 48, 4]"
21,"[54, 48, 6]"
20,"[54, 48, 33]"
16,"[54, 48, 28]"
16,"[54, 48, 25]"
21,"[54, 48, 48]"
20,"[54, 48, 20]"
27,"[54, 48, 69]"
17,"[54, 48, 8]"
18,"[54, 48, 26]"
17,"[54, 48, 37]"
40,"[54, 0]"
27,"[54, 0, 55]"
24,"[54, 0, 54]"
23,"[54, 0, 49]"
36,"[54, 0, 70]"
20,"[54, 0, 10]"
16,"[54, 0, 32]"
26,"[54, 0, 27]"
24,"[54, 0, 56]"
19,"[54, 0, 35]"
17,"[54, 0, 58]"
26,"[54, 0, 0]"
38,"[54, 0, 17]"
35,"[54, 0, 29]"
22,"[54, 0, 4]"
23,"[54, 0, 3]"
27,"[54, 0, 6]"
17,"[54, 0, 7]"
18,"[54, 0, 34]"
21,"[54, 0, 33]"
22,"[54, 0, 28]"
23,"[54, 0, 25]"
25,"[54, 0, 48]"
17,"[54, 0, 20]"
33,"[54, 0, 69]"
16,"[54, 0, 13]"
18,"[54, 0, 26]"
18,"[54, 0, 37]"
18,"[54, 0, 42]"
16,"[54, 0, 12]"
16,"[54, 0, 51]"
33,"[54, 49]"
29,"[54, 49, 70]"
18,"[54, 49, 27]"
20,"[54, 49, 0]"
27,"[54, 49, 17]"
27,"[54, 49, 29]"
16,"[54, 49, 4]"
18,"[54, 49, 6]"
17,"[54, 49, 33]"
17,"[54, 49, 48]"
21,"[54, 49, 54]"
26,"[54, 49, 69]"
26,"[54, 49, 55]"
25,"[54, 10]"
16,"[54, 10, 27]"
24,"[54, 10, 56]"
25,"[54, 10, 70]"
17,"[54, 10, 35]"
21,"[54, 10, 0]"
23,"[54, 10, 17]"
21,"[54, 10, 29]"
16,"[54, 10, 6]"
18,"[54, 10, 33]"
17,"[54, 10, 28]"
19,"[54, 10, 25]"
20,"[54, 10, 48]"
20,"[54, 10, 54]"
16,"[54, 10, 20]"
22,"[54, 10, 69]"
20,"[54, 10, 55]"
18,"[54, 10, 49]"
27,"[54, 56]"
27,"[54, 56, 70]"
17,"[54, 56, 35]"
21,"[54, 56, 0]"
16,"[54, 56, 27]"
24,"[54, 56, 17]"
21,"[54, 56, 29]"
16,"[54, 56, 6]"
20,"[54, 56, 33]"
17,"[54, 56, 28]"
19,"[54, 56, 25]"
18,"[54, 56, 48]"
20,"[54, 56, 54]"
16,"[54, 56, 20]"
24,"[54, 56, 69]"
16,"[54, 56, 26]"
20,"[54, 56, 55]"
18,"[54, 56, 49]"
25,"[54, 35]"
19,"[54, 35, 58]"
25,"[54, 35, 70]"
19,"[54, 35, 0]"
23,"[54, 35, 17]"
21,"[54, 35, 29]"
16,"[54, 35, 33]"
17,"[54, 35, 28]"
17,"[54, 35, 25]"
19,"[54, 35, 48]"
18,"[54, 35, 54]"
22,"[54, 35, 69]"
18,"[54, 35, 55]"
17,"[54, 35, 49]"
20,"[54, 58]"
20,"[54, 58, 70]"
17,"[54, 58, 0]"
19,"[54, 58, 17]"
18,"[54, 58, 29]"
16,"[54, 58, 54]"
19,"[54, 58, 69]"
16,"[54, 58, 55]"
26,"[54, 60]"
17,"[54, 60, 4]"
19,"[54, 60, 6]"
26,"[54, 60, 70]"
17,"[54, 60, 33]"
17,"[54, 60, 27]"
24,"[54, 60, 17]"
22,"[54, 60, 29]"
21,"[54, 60, 0]"
19,"[54, 60, 48]"
17,"[54, 60, 54]"
22,"[54, 60, 69]"
17,"[54, 60, 8]"
18,"[54, 60, 26]"
19,"[54, 60, 50]"
20,"[54, 60, 55]"
18,"[54, 60, 49]"
26,"[54, 4]"
16,"[54, 4, 6]"
25,"[54, 4, 70]"
19,"[54, 4, 17]"
19,"[54, 4, 29]"
21,"[54, 4, 0]"
16,"[54, 4, 25]"
18,"[54, 4, 48]"
24,"[54, 4, 69]"
17,"[54, 4, 4]"
18,"[54, 4, 55]"
16,"[54, 4, 49]"
23,"[54, 3]"
18,"[54, 3, 6]"
23,"[54, 3, 70]"
17,"[54, 3, 33]"
20,"[54, 3, 17]"
20,"[54, 3, 29]"
17,"[54, 3, 0]"
18,"[54, 3, 25]"
19,"[54, 3, 48]"
17,"[54, 3, 54]"
21,"[54, 3, 69]"
16,"[54, 3, 4]"
18,"[54, 3, 55]"
17,"[54, 3, 49]"
34,"[54, 6]"
17,"[54, 6, 7]"
34,"[54, 6, 70]"
18,"[54, 6, 34]"
21,"[54, 6, 33]"
21,"[54, 6, 28]"
24,"[54, 6, 27]"
32,"[54, 6, 17]"
28,"[54, 6, 29]"
27,"[54, 6, 0]"
21,"[54, 6, 25]"
25,"[54, 6, 48]"
21,"[54, 6, 54]"
17,"[54, 6, 20]"
31,"[54, 6, 69]"
17,"[54, 6, 35]"
20,"[54, 6, 6]"
24,"[54, 6, 4]"
16,"[54, 6, 58]"
16,"[54, 6, 26]"
22,"[54, 6, 56]"
17,"[54, 6, 37]"
26,"[54, 6, 55]"
20,"[54, 6, 49]"
16,"[54, 6, 10]"
17,"[54, 6, 42]"
17,"[54, 7]"
17,"[54, 7, 70]"
24,"[54, 34]"
18,"[54, 34, 33]"
21,"[54, 34, 28]"
18,"[54, 34, 27]"
22,"[54, 34, 17]"
21,"[54, 34, 29]"
19,"[54, 34, 0]"
23,"[54, 34, 25]"
21,"[54, 34, 48]"
16,"[54, 34, 54]"
16,"[54, 34, 20]"
22,"[54, 34, 69]"
16,"[54, 34, 32]"
17,"[54, 34, 8]"
22,"[54, 34, 70]"
17,"[54, 34, 6]"
17,"[54, 34, 55]"
18,"[54, 34, 49]"
26,"[54, 33]"
22,"[54, 33, 28]"
17,"[54, 33, 27]"
23,"[54, 33, 17]"
23,"[54, 33, 29]"
21,"[54, 33, 0]"
24,"[54, 33, 25]"
22,"[54, 33, 48]"
19,"[54, 33, 54]"
23,"[54, 33, 69]"
24,"[54, 33, 70]"
19,"[54, 33, 6]"
17,"[54, 33, 4]"
17,"[54, 33, 33]"
19,"[54, 33, 55]"
20,"[54, 33, 49]"
33,"[54, 28]"
18,"[54, 28, 27]"
29,"[54, 28, 17]"
29,"[54, 28, 29]"
22,"[54, 28, 0]"
27,"[54, 28, 25]"
25,"[54, 28, 48]"
24,"[54, 28, 54]"
20,"[54, 28, 20]"
27,"[54, 28, 69]"
16,"[54, 28, 35]"
16,"[54, 28, 18]"
17,"[54, 28, 8]"
29,"[54, 28, 70]"
19,"[54, 28, 6]"
16,"[54, 28, 4]"
16,"[54, 28, 33]"
16,"[54, 28, 28]"
19,"[54, 28, 26]"
18,"[54, 28, 50]"
18,"[54, 28, 37]"
20,"[54, 28, 55]"
22,"[54, 28, 49]"
16,"[54, 28, 60]"
34,"[54, 25]"
29,"[54, 25, 48]"
23,"[54, 25, 54]"
19,"[54, 25, 20]"
24,"[54, 25, 69]"
17,"[54, 25, 32]"
16,"[54, 25, 18]"
17,"[54, 25, 8]"
31,"[54, 25, 70]"
19,"[54, 25, 6]"
17,"[54, 25, 4]"
19,"[54, 25, 33]"
19,"[54, 25, 28]"
16,"[54, 25, 26]"
16,"[54, 25, 37]"
23,"[54, 25, 55]"
25,"[54, 25, 49]"
22,"[54, 25, 0]"
29,"[54, 25, 29]"
29,"[54, 25, 17]"
20,"[54, 25, 27]"
16,"[54, 25, 60]"
16,"[54, 25, 25]"
27,"[54, 13]"
22,"[54, 13, 53]"
24,"[54, 13, 70]"
21,"[54, 13, 48]"
16,"[54, 13, 0]"
17,"[54, 13, 29]"
19,"[54, 13, 17]"
16,"[54, 13, 54]"
22,"[54, 13, 69]"
24,"[54, 53]"
21,"[54, 53, 70]"
20,"[54, 53, 48]"
17,"[54, 53, 29]"
16,"[54, 53, 17]"
16,"[54, 53, 54]"
18,"[54, 53, 69]"
26,"[54, 42]"
23,"[54, 42, 69]"
17,"[54, 42, 29]"
22,"[54, 42, 70]"
17,"[54, 42, 48]"
18,"[54, 42, 17]"
16,"[54, 42, 51]"
24,"[54, 12]"
21,"[54, 12, 42]"
19,"[54, 12, 69]"
18,"[54, 12, 70]"
16,"[54, 12, 48]"
23,"[54, 51]"
18,"[54, 51, 70]"
17,"[54, 51, 48]"
17,"[54, 51, 69]"
18,"[54, 36]"
18,"[54, 36, 17]"
16,"[54, 36, 29]"
18,"[54, 36, 70]"
17,"[54, 63]"
16,"[54, 63, 70]"
52,[32]
47,"[32, 18]"
46,"[32, 18, 70]"
32,"[32, 18, 55]"
43,"[32, 18, 54]"
36,"[32, 18, 20]"
32,"[32, 18, 37]"
28,"[32, 18, 26]"
24,"[32, 18, 50]"
28,"[32, 18, 32]"
23,"[32, 18, 18]"
46,"[32, 18, 8]"
46,"[32, 18, 27]"
46,"[32, 18, 17]"
45,"[32, 18, 29]"
42,"[32, 18, 69]"
45,"[32, 18, 48]"
45,"[32, 18, 0]"
35,"[32, 18, 49]"
39,"[32, 18, 10]"
39,"[32, 18, 56]"
20,"[32, 18, 11]"
23,"[32, 18, 57]"
39,"[32, 18, 35]"
36,"[32, 18, 58]"
21,"[32, 18, 59]"
21,"[32, 18, 1]"
21,"[32, 18, 60]"
36,"[32, 18, 4]"
37,"[32, 18, 3]"
44,"[32, 18, 6]"
30,"[32, 18, 7]"
40,"[32, 18, 34]"
41,"[32, 18, 33]"
43,"[32, 18, 28]"
45,"[32, 18, 25]"
25,"[32, 18, 13]"
25,"[32, 18, 53]"
27,"[32, 18, 31]"
30,"[32, 18, 42]"
25,"[32, 18, 12]"
28,"[32, 18, 51]"
20,"[32, 18, 14]"
27,"[32, 18, 9]"
17,"[32, 18, 43]"
17,"[32, 18, 65]"
20,"[32, 18, 63]"
51,"[32, 70]"
36,"[32, 70, 55]"
46,"[32, 70, 54]"
39,"[32, 70, 20]"
35,"[32, 70, 37]"
32,"[32, 70, 26]"
27,"[32, 70, 50]"
29,"[32, 70, 32]"
27,"[32, 70, 18]"
30,"[32, 70, 8]"
38,"[32, 70, 27]"
48,"[32, 70, 17]"
46,"[32, 70, 29]"
45,"[32, 70, 69]"
50,"[32, 70, 70]"
49,"[32, 70, 48]"
46,"[32, 70, 0]"
38,"[32, 70, 49]"
30,"[32, 70, 10]"
33,"[32, 70, 56]"
17,"[32, 70, 57]"
35,"[32, 70, 35]"
32,"[32, 70, 58]"
19,"[32, 70, 59]"
18,"[32, 70, 1]"
25,"[32, 70, 60]"
31,"[32, 70, 4]"
30,"[32, 70, 3]"
41,"[32, 70, 6]"
23,"[32, 70, 7]"
43,"[32, 70, 34]"
45,"[32, 70, 33]"
46,"[32, 70, 28]"
47,"[32, 70, 25]"
29,"[32, 70, 13]"
29,"[32, 70, 53]"
27,"[32, 70, 12]"
31,"[32, 70, 42]"
30,"[32, 70, 51]"
18,"[32, 70, 36]"
17,"[32, 70, 43]"
19,"[32, 70, 14]"
18,"[32, 70, 65]"
22,"[32, 70, 63]"
36,"[32, 55]"
18,"[32, 55, 54]"
20,"[32, 55, 20]"
20,"[32, 55, 27]"
26,"[32, 55, 17]"
24,"[32, 55, 29]"
32,"[32, 55, 69]"
32,"[32, 55, 70]"
20,"[32, 55, 48]"
21,"[32, 55, 0]"
18,"[32, 55, 55]"
16,"[32, 55, 6]"
16,"[32, 55, 33]"
47,"[32, 54]"
26,"[32, 54, 20]"
23,"[32, 54, 37]"
23,"[32, 54, 26]"
22,"[32, 54, 50]"
19,"[32, 54, 32]"
16,"[32, 54, 18]"
19,"[32, 54, 8]"
26,"[32, 54, 27]"
42,"[32, 54, 17]"
39,"[32, 54, 29]"
39,"[32, 54, 69]"
45,"[32, 54, 70]"
33,"[32, 54, 48]"
35,"[32, 54, 0]"
32,"[32, 54, 55]"
32,"[32, 54, 54]"
26,"[32, 54, 49]"
16,"[32, 54, 10]"
17,"[32, 54, 56]"
16,"[32, 54, 35]"
20,"[32, 54, 60]"
21,"[32, 54, 4]"
28,"[32, 54, 6]"
17,"[32, 54, 34]"
19,"[32, 54, 33]"
26,"[32, 54, 28]"
26,"[32, 54, 25]"
21,"[32, 54, 13]"
20,"[32, 54, 53]"
19,"[32, 54, 12]"
22,"[32, 54, 42]"
18,"[32, 54, 51]"
16,"[32, 54, 63]"
39,"[32, 20]"
27,"[32, 20, 37]"
24,"[32, 20, 26]"
23,"[32, 20, 50]"
17,"[32, 20, 8]"
25,"[32, 20, 27]"
36,"[32, 20, 17]"
30,"[32, 20, 29]"
31,"[32, 20, 69]"
37,"[32, 20, 70]"
34,"[32, 20, 48]"
30,"[32, 20, 0]"
24,"[32, 20, 55]"
33,"[32, 20, 54]"
27,"[32, 20, 49]"
17,"[32, 20, 35]"
16,"[32, 20, 58]"
20,"[32, 20, 60]"
17,"[32, 20, 4]"
23,"[32, 20, 6]"
16,"[32, 20, 34]"
20,"[32, 20, 33]"
30,"[32, 20, 28]"
33,"[32, 20, 25]"
25,"[32, 20, 20]"
16,"[32, 20, 12]"
19,"[32, 20, 42]"
16,"[32, 20, 63]"
35,"[32, 37]"
25,"[32, 37, 26]"
20,"[32, 37, 50]"
17,"[32, 37, 32]"
16,"[32, 37, 8]"
25,"[32, 37, 27]"
34,"[32, 37, 17]"
31,"[32, 37, 29]"
30,"[32, 37, 69]"
34,"[32, 37, 70]"
26,"[32, 37, 48]"
28,"[32, 37, 0]"
25,"[32, 37, 55]"
24,"[32, 37, 54]"
21,"[32, 37, 49]"
22,"[32, 37, 60]"
19,"[32, 37, 4]"
24,"[32, 37, 6]"
17,"[32, 37, 33]"
20,"[32, 37, 28]"
20,"[32, 37, 25]"
18,"[32, 37, 20]"
17,"[32, 37, 42]"
16,"[32, 37, 51]"
33,"[32, 26]"
24,"[32, 26, 50]"
21,"[32, 26, 27]"
30,"[32, 26, 17]"
25,"[32, 26, 29]"
26,"[32, 26, 69]"
31,"[32, 26, 70]"
28,"[32, 26, 48]"
24,"[32, 26, 0]"
23,"[32, 26, 55]"
23,"[32, 26, 54]"
20,"[32, 26, 49]"
19,"[32, 26, 4]"
22,"[32, 26, 6]"
16,"[32, 26, 33]"
21,"[32, 26, 28]"
21,"[32, 26, 25]"
19,"[32, 26, 20]"
28,"[32, 50]"
16,"[32, 50, 27]"
25,"[32, 50, 17]"
20,"[32, 50, 29]"
20,"[32, 50, 69]"
25,"[32, 50, 70]"
20,"[32, 50, 48]"
20,"[32, 50, 0]"
18,"[32, 50, 55]"
21,"[32, 50, 54]"
17,"[32, 50, 49]"
17,"[32, 50, 6]"
16,"[32, 50, 25]"
16,"[32, 50, 20]"
32,"[32, 32]"
27,"[32, 32, 18]"
25,"[32, 32, 8]"
29,"[32, 32, 27]"
32,"[32, 32, 17]"
26,"[32, 32, 29]"
26,"[32, 32, 69]"
29,"[32, 32, 70]"
25,"[32, 32, 48]"
28,"[32, 32, 0]"
24,"[32, 32, 55]"
23,"[32, 32, 54]"
22,"[32, 32, 49]"
18,"[32, 32, 10]"
18,"[32, 32, 32]"
20,"[32, 32, 56]"
19,"[32, 32, 35]"
18,"[32, 32, 58]"
18,"[32, 32, 4]"
20,"[32, 32, 3]"
25,"[32, 32, 6]"
16,"[32, 32, 7]"
19,"[32, 32, 34]"
19,"[32, 32, 33]"
20,"[32, 32, 28]"
23,"[32, 32, 25]"
17,"[32, 32, 20]"
16,"[32, 32, 51]"
49,"[32, 8]"
46,"[32, 8, 27]"
47,"[32, 8, 17]"
45,"[32, 8, 29]"
43,"[32, 8, 69]"
47,"[32, 8, 70]"
46,"[32, 8, 48]"
16,"[32, 8, 21]"
46,"[32, 8, 0]"
33,"[32, 8, 55]"
43,"[32, 8, 54]"
36,"[32, 8, 49]"
38,"[32, 8, 10]"
26,"[32, 8, 32]"
21,"[32, 8, 18]"
39,"[32, 8, 56]"
20,"[32, 8, 11]"
22,"[32, 8, 57]"
23,"[32, 8, 50]"
38,"[32, 8, 35]"
36,"[32, 8, 58]"
20,"[32, 8, 59]"
22,"[32, 8, 1]"
19,"[32, 8, 60]"
36,"[32, 8, 4]"
38,"[32, 8, 3]"
45,"[32, 8, 6]"
31,"[32, 8, 7]"
38,"[32, 8, 34]"
41,"[32, 8, 33]"
42,"[32, 8, 28]"
44,"[32, 8, 25]"
35,"[32, 8, 20]"
25,"[32, 8, 13]"
24,"[32, 8, 53]"
23,"[32, 8, 8]"
27,"[32, 8, 26]"
30,"[32, 8, 37]"
32,"[32, 8, 42]"
26,"[32, 8, 12]"
28,"[32, 8, 51]"
20,"[32, 8, 14]"
28,"[32, 8, 9]"
19,"[32, 8, 43]"
16,"[32, 8, 65]"
20,"[32, 8, 63]"
49,"[32, 27]"
49,"[32, 27, 17]"
45,"[32, 27, 29]"
44,"[32, 27, 69]"
48,"[32, 27, 70]"
45,"[32, 27, 48]"
48,"[32, 27, 0]"
35,"[32, 27, 55]"
44,"[32, 27, 54]"
36,"[32, 27, 49]"
41,"[32, 27, 10]"
26,"[32, 27, 32]"
25,"[32, 27, 18]"
41,"[32, 27, 27]"
39,"[32, 27, 56]"
20,"[32, 27, 11]"
21,"[32, 27, 57]"
25,"[32, 27, 50]"
42,"[32, 27, 35]"
39,"[32, 27, 58]"
23,"[32, 27, 59]"
21,"[32, 27, 1]"
21,"[32, 27, 60]"
36,"[32, 27, 4]"
39,"[32, 27, 3]"
46,"[32, 27, 6]"
31,"[32, 27, 7]"
41,"[32, 27, 34]"
42,"[32, 27, 33]"
42,"[32, 27, 28]"
44,"[32, 27, 25]"
36,"[32, 27, 20]"
26,"[32, 27, 13]"
25,"[32, 27, 53]"
27,"[32, 27, 8]"
17,"[32, 27, 5]"
29,"[32, 27, 26]"
32,"[32, 27, 37]"
29,"[32, 27, 42]"
26,"[32, 27, 12]"
28,"[32, 27, 51]"
20,"[32, 27, 14]"
16,"[32, 27, 43]"
16,"[32, 27, 65]"
21,"[32, 27, 63]"
51,"[32, 17]"
47,"[32, 17, 29]"
45,"[32, 17, 69]"
50,"[32, 17, 70]"
47,"[32, 17, 48]"
49,"[32, 17, 0]"
36,"[32, 17, 55]"
43,"[32, 17, 54]"
36,"[32, 17, 49]"
40,"[32, 17, 10]"
25,"[32, 17, 32]"
22,"[32, 17, 18]"
40,"[32, 17, 27]"
38,"[32, 17, 56]"
19,"[32, 17, 11]"
21,"[32, 17, 57]"
26,"[32, 17, 50]"
40,"[32, 17, 35]"
37,"[32, 17, 58]"
22,"[32, 17, 59]"
48,"[32, 17, 17]"
20,"[32, 17, 1]"
23,"[32, 17, 60]"
36,"[32, 17, 4]"
39,"[32, 17, 3]"
46,"[32, 17, 6]"
31,"[32, 17, 7]"
40,"[32, 17, 34]"
43,"[32, 17, 33]"
42,"[32, 17, 28]"
43,"[32, 17, 25]"
36,"[32, 17, 20]"
26,"[32, 17, 13]"
25,"[32, 17, 53]"
23,"[32, 17, 8]"
16,"[32, 17, 5]"
31,"[32, 17, 26]"
34,"[32, 17, 37]"
30,"[32, 17, 42]"
27,"[32, 17, 12]"
28,"[32, 17, 51]"
21,"[32, 17, 14]"
17,"[32, 17, 43]"
17,"[32, 17, 65]"
22,"[32, 17, 63]"
49,"[32, 29]"
41,"[32, 29, 69]"
48,"[32, 29, 70]"
46,"[32, 29, 48]"
45,"[32, 29, 0]"
34,"[32, 29, 55]"
42,"[32, 29, 54]"
35,"[32, 29, 49]"
38,"[32, 29, 10]"
25,"[32, 29, 32]"
21,"[32, 29, 18]"
38,"[32, 29, 27]"
38,"[32, 29, 56]"
20,"[32, 29, 11]"
21,"[32, 29, 57]"
26,"[32, 29, 50]"
39,"[32, 29, 35]"
38,"[32, 29, 58]"
23,"[32, 29, 59]"
48,"[32, 29, 17]"
45,"[32, 29, 29]"
16,"[32, 29, 1]"
23,"[32, 29, 60]"
35,"[32, 29, 4]"
24,"[32, 29, 3]"
45,"[32, 29, 6]"
32,"[32, 29, 7]"
39,"[32, 29, 34]"
42,"[32, 29, 33]"
41,"[32, 29, 28]"
43,"[32, 29, 25]"
36,"[32, 29, 20]"
23,"[32, 29, 13]"
22,"[32, 29, 53]"
21,"[32, 29, 8]"
17,"[32, 29, 5]"
31,"[32, 29, 26]"
34,"[32, 29, 37]"
29,"[32, 29, 42]"
23,"[32, 29, 12]"
24,"[32, 29, 51]"
16,"[32, 29, 36]"
18,"[32, 29, 14]"
17,"[32, 29, 65]"
22,"[32, 29, 63]"
48,"[32, 69]"
47,"[32, 69, 70]"
44,"[32, 69, 48]"
42,"[32, 69, 0]"
30,"[32, 69, 55]"
37,"[32, 69, 54]"
33,"[32, 69, 49]"
27,"[32, 69, 10]"
29,"[32, 69, 32]"
28,"[32, 69, 18]"
35,"[32, 69, 27]"
30,"[32, 69, 56]"
18,"[32, 69, 57]"
19,"[32, 69, 50]"
29,"[32, 69, 35]"
30,"[32, 69, 58]"
16,"[32, 69, 59]"
43,"[32, 69, 17]"
43,"[32, 69, 29]"
16,"[32, 69, 1]"
20,"[32, 69, 60]"
29,"[32, 69, 4]"
25,"[32, 69, 3]"
40,"[32, 69, 6]"
24,"[32, 69, 7]"
34,"[32, 69, 34]"
37,"[32, 69, 33]"
36,"[32, 69, 28]"
40,"[32, 69, 25]"
32,"[32, 69, 20]"
43,"[32, 69, 69]"
31,"[32, 69, 13]"
30,"[32, 69, 53]"
29,"[32, 69, 8]"
22,"[32, 69, 26]"
27,"[32, 69, 37]"
35,"[32, 69, 42]"
30,"[32, 69, 12]"
34,"[32, 69, 51]"
20,"[32, 69, 14]"
20,"[32, 69, 43]"
19,"[32, 69, 63]"
49,"[32, 48]"
36,"[32, 48, 0]"
32,"[32, 48, 55]"
39,"[32, 48, 54]"
34,"[32, 48, 49]"
47,"[32, 48, 70]"
16,"[32, 48, 10]"
22,"[32, 48, 32]"
20,"[32, 48, 18]"
28,"[32, 48, 27]"
18,"[32, 48, 56]"
19,"[32, 48, 50]"
20,"[32, 48, 35]"
17,"[32, 48, 58]"
42,"[32, 48, 17]"
41,"[32, 48, 29]"
21,"[32, 48, 60]"
22,"[32, 48, 4]"
17,"[32, 48, 3]"
30,"[32, 48, 6]"
20,"[32, 48, 34]"
23,"[32, 48, 33]"
28,"[32, 48, 28]"
31,"[32, 48, 25]"
36,"[32, 48, 48]"
25,"[32, 48, 20]"
39,"[32, 48, 69]"
18,"[32, 48, 13]"
21,"[32, 48, 53]"
21,"[32, 48, 8]"
23,"[32, 48, 26]"
25,"[32, 48, 37]"
19,"[32, 48, 12]"
22,"[32, 48, 42]"
21,"[32, 48, 51]"
16,"[32, 21]"
51,"[32, 0]"
35,"[32, 0, 55]"
44,"[32, 0, 54]"
36,"[32, 0, 49]"
48,"[32, 0, 70]"
37,"[32, 0, 10]"
26,"[32, 0, 32]"
23,"[32, 0, 18]"
37,"[32, 0, 27]"
37,"[32, 0, 56]"
19,"[32, 0, 11]"
21,"[32, 0, 57]"
25,"[32, 0, 50]"
41,"[32, 0, 35]"
39,"[32, 0, 58]"
22,"[32, 0, 59]"
45,"[32, 0, 0]"
47,"[32, 0, 17]"
48,"[32, 0, 29]"
16,"[32, 0, 21]"
22,"[32, 0, 1]"
22,"[32, 0, 60]"
35,"[32, 0, 4]"
40,"[32, 0, 3]"
44,"[32, 0, 6]"
31,"[32, 0, 7]"
40,"[32, 0, 34]"
42,"[32, 0, 33]"
42,"[32, 0, 28]"
44,"[32, 0, 25]"
47,"[32, 0, 48]"
35,"[32, 0, 20]"
45,"[32, 0, 69]"
26,"[32, 0, 13]"
25,"[32, 0, 53]"
24,"[32, 0, 8]"
16,"[32, 0, 5]"
30,"[32, 0, 26]"
34,"[32, 0, 37]"
30,"[32, 0, 42]"
26,"[32, 0, 12]"
28,"[32, 0, 51]"
21,"[32, 0, 14]"
16,"[32, 0, 43]"
17,"[32, 0, 65]"
21,"[32, 0, 63]"
38,"[32, 49]"
35,"[32, 49, 70]"
17,"[32, 49, 32]"
23,"[32, 49, 27]"
25,"[32, 49, 0]"
32,"[32, 49, 17]"
31,"[32, 49, 29]"
18,"[32, 49, 4]"
22,"[32, 49, 6]"
17,"[32, 49, 33]"
17,"[32, 49, 28]"
16,"[32, 49, 25]"
24,"[32, 49, 48]"
28,"[32, 49, 54]"
19,"[32, 49, 20]"
29,"[32, 49, 69]"
30,"[32, 49, 55]"
20,"[32, 49, 49]"
16,"[32, 49, 51]"
43,"[32, 10]"
23,"[32, 10, 32]"
20,"[32, 10, 18]"
31,"[32, 10, 27]"
39,"[32, 10, 56]"
22,"[32, 10, 11]"
23,"[32, 10, 57]"
43,"[32, 10, 70]"
21,"[32, 10, 50]"
34,"[32, 10, 35]"
31,"[32, 10, 58]"
18,"[32, 10, 59]"
39,"[32, 10, 0]"
40,"[32, 10, 17]"
38,"[32, 10, 29]"
19,"[32, 10, 60]"
25,"[32, 10, 4]"
21,"[32, 10, 3]"
32,"[32, 10, 6]"
16,"[32, 10, 7]"
34,"[32, 10, 34]"
38,"[32, 10, 33]"
35,"[32, 10, 28]"
38,"[32, 10, 25]"
40,"[32, 10, 48]"
37,"[32, 10, 54]"
32,"[32, 10, 20]"
38,"[32, 10, 69]"
22,"[32, 10, 13]"
21,"[32, 10, 53]"
19,"[32, 10, 8]"
24,"[32, 10, 26]"
28,"[32, 10, 37]"
31,"[32, 10, 55]"
32,"[32, 10, 49]"
25,"[32, 10, 42]"
22,"[32, 10, 10]"
22,"[32, 10, 12]"
21,"[32, 10, 51]"
16,"[32, 10, 65]"
20,"[32, 10, 63]"
41,"[32, 56]"
25,"[32, 56, 56]"
23,"[32, 56, 57]"
41,"[32, 56, 70]"
22,"[32, 56, 50]"
32,"[32, 56, 35]"
31,"[32, 56, 58]"
19,"[32, 56, 59]"
38,"[32, 56, 0]"
30,"[32, 56, 27]"
39,"[32, 56, 17]"
37,"[32, 56, 29]"
17,"[32, 56, 60]"
25,"[32, 56, 4]"
20,"[32, 56, 3]"
32,"[32, 56, 6]"
34,"[32, 56, 34]"
38,"[32, 56, 33]"
35,"[32, 56, 28]"
38,"[32, 56, 25]"
37,"[32, 56, 48]"
37,"[32, 56, 54]"
31,"[32, 56, 20]"
37,"[32, 56, 69]"
21,"[32, 56, 13]"
20,"[32, 56, 53]"
20,"[32, 56, 32]"
19,"[32, 56, 18]"
18,"[32, 56, 8]"
23,"[32, 56, 26]"
27,"[32, 56, 37]"
30,"[32, 56, 55]"
32,"[32, 56, 49]"
23,"[32, 56, 42]"
20,"[32, 56, 10]"
20,"[32, 56, 12]"
19,"[32, 56, 51]"
18,"[32, 56, 63]"
22,"[32, 11]"
17,"[32, 11, 57]"
22,"[32, 11, 70]"
21,"[32, 11, 35]"
20,"[32, 11, 58]"
20,"[32, 11, 0]"
20,"[32, 11, 17]"
21,"[32, 11, 29]"
17,"[32, 11, 6]"
17,"[32, 11, 34]"
19,"[32, 11, 33]"
18,"[32, 11, 28]"
20,"[32, 11, 25]"
21,"[32, 11, 48]"
20,"[32, 11, 54]"
18,"[32, 11, 20]"
21,"[32, 11, 69]"
22,"[32, 11, 56]"
17,"[32, 11, 55]"
19,"[32, 11, 49]"
23,"[32, 57]"
23,"[32, 57, 70]"
19,"[32, 57, 35]"
17,"[32, 57, 58]"
18,"[32, 57, 0]"
22,"[32, 57, 17]"
21,"[32, 57, 29]"
19,"[32, 57, 34]"
19,"[32, 57, 33]"
20,"[32, 57, 28]"
23,"[32, 57, 25]"
22,"[32, 57, 48]"
19,"[32, 57, 54]"
17,"[32, 57, 20]"
21,"[32, 57, 69]"
16,"[32, 57, 37]"
17,"[32, 57, 55]"
19,"[32, 57, 49]"
45,"[32, 35]"
39,"[32, 35, 58]"
45,"[32, 35, 70]"
22,"[32, 35, 35]"
23,"[32, 35, 59]"
38,"[32, 35, 0]"
31,"[32, 35, 27]"
42,"[32, 35, 17]"
41,"[32, 35, 29]"
21,"[32, 35, 50]"
20,"[32, 35, 60]"
22,"[32, 35, 4]"
17,"[32, 35, 3]"
31,"[32, 35, 6]"
36,"[32, 35, 34]"
38,"[32, 35, 33]"
37,"[32, 35, 28]"
40,"[32, 35, 25]"
41,"[32, 35, 48]"
40,"[32, 35, 54]"
32,"[32, 35, 20]"
39,"[32, 35, 69]"
20,"[32, 35, 13]"
20,"[32, 35, 53]"
20,"[32, 35, 32]"
18,"[32, 35, 18]"
18,"[32, 35, 8]"
26,"[32, 35, 26]"
26,"[32, 35, 56]"
31,"[32, 35, 37]"
31,"[32, 35, 55]"
33,"[32, 35, 49]"
23,"[32, 35, 42]"
20,"[32, 35, 12]"
24,"[32, 35, 51]"
20,"[32, 35, 10]"
17,"[32, 35, 14]"
17,"[32, 35, 63]"
42,"[32, 58]"
42,"[32, 58, 70]"
23,"[32, 58, 35]"
26,"[32, 58, 58]"
23,"[32, 58, 59]"
37,"[32, 58, 0]"
30,"[32, 58, 27]"
40,"[32, 58, 17]"
39,"[32, 58, 29]"
21,"[32, 58, 50]"
19,"[32, 58, 60]"
20,"[32, 58, 4]"
29,"[32, 58, 6]"
34,"[32, 58, 34]"
37,"[32, 58, 33]"
36,"[32, 58, 28]"
37,"[32, 58, 25]"
38,"[32, 58, 48]"
37,"[32, 58, 54]"
31,"[32, 58, 20]"
36,"[32, 58, 69]"
18,"[32, 58, 13]"
18,"[32, 58, 53]"
19,"[32, 58, 32]"
17,"[32, 58, 18]"
17,"[32, 58, 8]"
25,"[32, 58, 26]"
25,"[32, 58, 56]"
29,"[32, 58, 37]"
28,"[32, 58, 55]"
30,"[32, 58, 49]"
22,"[32, 58, 42]"
18,"[32, 58, 12]"
21,"[32, 58, 51]"
19,"[32, 58, 10]"
16,"[32, 58, 14]"
17,"[32, 58, 63]"
23,"[32, 59]"
20,"[32, 59, 0]"
21,"[32, 59, 17]"
21,"[32, 59, 29]"
23,"[32, 59, 70]"
17,"[32, 59, 6]"
18,"[32, 59, 34]"
20,"[32, 59, 33]"
20,"[32, 59, 28]"
21,"[32, 59, 25]"
21,"[32, 59, 48]"
22,"[32, 59, 54]"
18,"[32, 59, 20]"
19,"[32, 59, 69]"
16,"[32, 59, 49]"
23,"[32, 1]"
20,"[32, 1, 70]"
16,"[32, 1, 4]"
17,"[32, 1, 6]"
16,"[32, 1, 34]"
16,"[32, 1, 33]"
16,"[32, 1, 28]"
19,"[32, 1, 17]"
21,"[32, 1, 29]"
16,"[32, 1, 0]"
18,"[32, 1, 25]"
19,"[32, 1, 48]"
18,"[32, 1, 54]"
19,"[32, 1, 69]"
17,"[32, 1, 35]"
16,"[32, 1, 58]"
17,"[32, 1, 55]"
25,"[32, 60]"
24,"[32, 60, 70]"
17,"[32, 60, 27]"
24,"[32, 60, 17]"
19,"[32, 60, 29]"
20,"[32, 60, 0]"
16,"[32, 60, 48]"
16,"[32, 60, 54]"
20,"[32, 60, 69]"
16,"[32, 60, 50]"
18,"[32, 60, 55]"
38,"[32, 4]"
28,"[32, 4, 6]"
36,"[32, 4, 70]"
27,"[32, 4, 34]"
29,"[32, 4, 33]"
29,"[32, 4, 28]"
22,"[32, 4, 27]"
30,"[32, 4, 17]"
32,"[32, 4, 29]"
32,"[32, 4, 0]"
30,"[32, 4, 25]"
32,"[32, 4, 48]"
29,"[32, 4, 54]"
24,"[32, 4, 20]"
33,"[32, 4, 69]"
16,"[32, 4, 13]"
17,"[32, 4, 53]"
26,"[32, 4, 35]"
24,"[32, 4, 4]"
17,"[32, 4, 5]"
26,"[32, 4, 58]"
17,"[32, 4, 26]"
25,"[32, 4, 56]"
20,"[32, 4, 37]"
27,"[32, 4, 55]"
27,"[32, 4, 49]"
24,"[32, 4, 10]"
18,"[32, 4, 42]"
16,"[32, 4, 12]"
16,"[32, 4, 51]"
16,"[32, 4, 59]"
40,"[32, 3]"
38,"[32, 3, 6]"
29,"[32, 3, 7]"
40,"[32, 3, 70]"
32,"[32, 3, 34]"
34,"[32, 3, 33]"
34,"[32, 3, 28]"
31,"[32, 3, 27]"
38,"[32, 3, 17]"
39,"[32, 3, 29]"
37,"[32, 3, 0]"
37,"[32, 3, 25]"
38,"[32, 3, 48]"
36,"[32, 3, 54]"
28,"[32, 3, 20]"
36,"[32, 3, 69]"
20,"[32, 3, 13]"
19,"[32, 3, 53]"
31,"[32, 3, 35]"
22,"[32, 3, 32]"
16,"[32, 3, 18]"
17,"[32, 3, 8]"
17,"[32, 3, 3]"
16,"[32, 3, 1]"
30,"[32, 3, 4]"
32,"[32, 3, 58]"
25,"[32, 3, 26]"
19,"[32, 3, 50]"
29,"[32, 3, 56]"
17,"[32, 3, 57]"
27,"[32, 3, 37]"
29,"[32, 3, 55]"
30,"[32, 3, 49]"
24,"[32, 3, 42]"
26,"[32, 3, 10]"
17,"[32, 3, 60]"
19,"[32, 3, 12]"
21,"[32, 3, 51]"
17,"[32, 3, 59]"
19,"[32, 3, 63]"
47,"[32, 6]"
32,"[32, 6, 7]"
47,"[32, 6, 70]"
38,"[32, 6, 34]"
40,"[32, 6, 33]"
40,"[32, 6, 28]"
34,"[32, 6, 27]"
45,"[32, 6, 17]"
42,"[32, 6, 29]"
40,"[32, 6, 0]"
42,"[32, 6, 25]"
43,"[32, 6, 48]"
41,"[32, 6, 54]"
35,"[32, 6, 20]"
41,"[32, 6, 69]"
23,"[32, 6, 13]"
22,"[32, 6, 53]"
38,"[32, 6, 35]"
23,"[32, 6, 32]"
20,"[32, 6, 18]"
21,"[32, 6, 8]"
19,"[32, 6, 3]"
16,"[32, 6, 1]"
36,"[32, 6, 6]"
35,"[32, 6, 4]"
17,"[32, 6, 5]"
37,"[32, 6, 58]"
28,"[32, 6, 26]"
23,"[32, 6, 50]"
36,"[32, 6, 56]"
19,"[32, 6, 57]"
32,"[32, 6, 37]"
34,"[32, 6, 55]"
33,"[32, 6, 49]"
32,"[32, 6, 10]"
27,"[32, 6, 42]"
21,"[32, 6, 60]"
22,"[32, 6, 12]"
23,"[32, 6, 51]"
21,"[32, 6, 59]"
16,"[32, 6, 14]"
17,"[32, 6, 11]"
20,"[32, 6, 63]"
32,"[32, 7]"
32,"[32, 7, 70]"
25,"[32, 7, 34]"
27,"[32, 7, 33]"
29,"[32, 7, 28]"
20,"[32, 7, 27]"
29,"[32, 7, 17]"
27,"[32, 7, 29]"
26,"[32, 7, 0]"
29,"[32, 7, 25]"
30,"[32, 7, 48]"
27,"[32, 7, 54]"
24,"[32, 7, 20]"
29,"[32, 7, 69]"
16,"[32, 7, 13]"
26,"[32, 7, 35]"
22,"[32, 7, 6]"
23,"[32, 7, 4]"
25,"[32, 7, 58]"
23,"[32, 7, 26]"
18,"[32, 7, 50]"
24,"[32, 7, 56]"
23,"[32, 7, 37]"
21,"[32, 7, 55]"
22,"[32, 7, 49]"
20,"[32, 7, 10]"
17,"[32, 7, 42]"
16,"[32, 7, 60]"
17,"[32, 7, 59]"
43,"[32, 34]"
40,"[32, 34, 33]"
42,"[32, 34, 28]"
30,"[32, 34, 27]"
41,"[32, 34, 17]"
40,"[32, 34, 29]"
35,"[32, 34, 0]"
43,"[32, 34, 25]"
41,"[32, 34, 48]"
37,"[32, 34, 54]"
34,"[32, 34, 20]"
37,"[32, 34, 69]"
20,"[32, 34, 13]"
20,"[32, 34, 53]"
22,"[32, 34, 35]"
22,"[32, 34, 32]"
21,"[32, 34, 18]"
21,"[32, 34, 8]"
18,"[32, 34, 3]"
43,"[32, 34, 70]"
28,"[32, 34, 6]"
21,"[32, 34, 4]"
18,"[32, 34, 58]"
24,"[32, 34, 34]"
26,"[32, 34, 26]"
23,"[32, 34, 50]"
19,"[32, 34, 56]"
29,"[32, 34, 37]"
29,"[32, 34, 55]"
33,"[32, 34, 49]"
20,"[32, 34, 60]"
19,"[32, 34, 12]"
24,"[32, 34, 42]"
20,"[32, 34, 51]"
19,"[32, 34, 10]"
17,"[32, 34, 63]"
45,"[32, 33]"
43,"[32, 33, 28]"
29,"[32, 33, 27]"
41,"[32, 33, 17]"
40,"[32, 33, 29]"
35,"[32, 33, 0]"
43,"[32, 33, 25]"
41,"[32, 33, 48]"
39,"[32, 33, 54]"
34,"[32, 33, 20]"
39,"[32, 33, 69]"
19,"[32, 33, 13]"
20,"[32, 33, 53]"
22,"[32, 33, 35]"
20,"[32, 33, 32]"
19,"[32, 33, 18]"
19,"[32, 33, 8]"
43,"[32, 33, 70]"
29,"[32, 33, 6]"
22,"[32, 33, 4]"
18,"[32, 33, 58]"
26,"[32, 33, 34]"
26,"[32, 33, 33]"
26,"[32, 33, 26]"
23,"[32, 33, 50]"
18,"[32, 33, 56]"
30,"[32, 33, 37]"
30,"[32, 33, 55]"
32,"[32, 33, 49]"
20,"[32, 33, 60]"
19,"[32, 33, 12]"
25,"[32, 33, 42]"
19,"[32, 33, 51]"
17,"[32, 33, 10]"
16,"[32, 33, 63]"
46,"[32, 28]"
28,"[32, 28, 27]"
41,"[32, 28, 17]"
40,"[32, 28, 29]"
36,"[32, 28, 0]"
45,"[32, 28, 25]"
43,"[32, 28, 48]"
40,"[32, 28, 54]"
29,"[32, 28, 20]"
39,"[32, 28, 69]"
18,"[32, 28, 13]"
19,"[32, 28, 53]"
22,"[32, 28, 35]"
21,"[32, 28, 32]"
20,"[32, 28, 18]"
20,"[32, 28, 8]"
17,"[32, 28, 3]"
45,"[32, 28, 70]"
32,"[32, 28, 6]"
23,"[32, 28, 4]"
18,"[32, 28, 58]"
22,"[32, 28, 34]"
25,"[32, 28, 33]"
33,"[32, 28, 28]"
24,"[32, 28, 26]"
21,"[32, 28, 50]"
17,"[32, 28, 56]"
28,"[32, 28, 37]"
29,"[32, 28, 55]"
32,"[32, 28, 49]"
20,"[32, 28, 60]"
19,"[32, 28, 12]"
24,"[32, 28, 42]"
19,"[32, 28, 51]"
17,"[32, 28, 10]"
16,"[32, 28, 63]"
48,"[32, 25]"
45,"[32, 25, 48]"
40,"[32, 25, 54]"
26,"[32, 25, 20]"
37,"[32, 25, 69]"
20,"[32, 25, 13]"
19,"[32, 25, 53]"
22,"[32, 25, 35]"
23,"[32, 25, 32]"
21,"[32, 25, 18]"
22,"[32, 25, 8]"
16,"[32, 25, 3]"
48,"[32, 25, 70]"
32,"[32, 25, 6]"
23,"[32, 25, 4]"
19,"[32, 25, 58]"
22,"[32, 25, 34]"
24,"[32, 25, 33]"
30,"[32, 25, 28]"
23,"[32, 25, 26]"
20,"[32, 25, 50]"
18,"[32, 25, 56]"
27,"[32, 25, 37]"
33,"[32, 25, 55]"
36,"[32, 25, 49]"
35,"[32, 25, 0]"
42,"[32, 25, 29]"
44,"[32, 25, 17]"
31,"[32, 25, 27]"
21,"[32, 25, 60]"
31,"[32, 25, 25]"
20,"[32, 25, 12]"
25,"[32, 25, 42]"
20,"[32, 25, 51]"
17,"[32, 25, 63]"
31,"[32, 13]"
28,"[32, 13, 53]"
18,"[32, 13, 32]"
27,"[32, 13, 70]"
20,"[32, 13, 6]"
17,"[32, 13, 34]"
19,"[32, 13, 33]"
22,"[32, 13, 28]"
17,"[32, 13, 55]"
16,"[32, 13, 49]"
25,"[32, 13, 48]"
23,"[32, 13, 0]"
23,"[32, 13, 29]"
24,"[32, 13, 17]"
23,"[32, 13, 54]"
18,"[32, 13, 27]"
16,"[32, 13, 42]"
16,"[32, 13, 51]"
26,"[32, 13, 69]"
21,"[32, 13, 25]"
16,"[32, 13, 20]"
31,"[32, 53]"
19,"[32, 53, 32]"
17,"[32, 53, 8]"
27,"[32, 53, 70]"
20,"[32, 53, 6]"
16,"[32, 53, 4]"
17,"[32, 53, 34]"
19,"[32, 53, 33]"
21,"[32, 53, 28]"
16,"[32, 53, 37]"
19,"[32, 53, 55]"
19,"[32, 53, 49]"
26,"[32, 53, 48]"
23,"[32, 53, 0]"
24,"[32, 53, 29]"
24,"[32, 53, 17]"
25,"[32, 53, 54]"
17,"[32, 53, 27]"
18,"[32, 53, 42]"
16,"[32, 53, 12]"
16,"[32, 53, 51]"
21,"[32, 53, 25]"
25,"[32, 53, 69]"
17,"[32, 53, 20]"
29,"[32, 31]"
22,"[32, 31, 4]"
24,"[32, 31, 58]"
24,"[32, 31, 34]"
24,"[32, 31, 33]"
25,"[32, 31, 28]"
16,"[32, 31, 26]"
18,"[32, 31, 50]"
22,"[32, 31, 56]"
28,"[32, 31, 70]"
22,"[32, 31, 37]"
21,"[32, 31, 55]"
23,"[32, 31, 49]"
27,"[32, 31, 48]"
29,"[32, 31, 0]"
18,"[32, 31, 1]"
26,"[32, 31, 6]"
28,"[32, 31, 29]"
28,"[32, 31, 17]"
28,"[32, 31, 54]"
27,"[32, 31, 27]"
24,"[32, 31, 8]"
19,"[32, 31, 3]"
22,"[32, 31, 10]"
25,"[32, 31, 35]"
16,"[32, 31, 7]"
26,"[32, 31, 25]"
24,"[32, 31, 69]"
23,"[32, 31, 20]"
17,"[32, 31, 42]"
17,"[32, 5]"
17,"[32, 5, 70]"
16,"[32, 5, 29]"
35,"[32, 42]"
33,"[32, 42, 69]"
26,"[32, 42, 42]"
30,"[32, 42, 29]"
26,"[32, 42, 6]"
16,"[32, 42, 7]"
19,"[32, 42, 4]"
19,"[32, 42, 10]"
19,"[32, 42, 56]"
22,"[32, 42, 35]"
22,"[32, 42, 58]"
32,"[32, 42, 70]"
22,"[32, 42, 34]"
26,"[32, 42, 33]"
27,"[32, 42, 28]"
28,"[32, 42, 25]"
30,"[32, 42, 48]"
27,"[32, 42, 54]"
27,"[32, 42, 0]"
24,"[32, 42, 20]"
18,"[32, 42, 37]"
16,"[32, 42, 60]"
16,"[32, 42, 26]"
24,"[32, 42, 27]"
30,"[32, 42, 17]"
21,"[32, 42, 12]"
18,"[32, 42, 8]"
24,"[32, 42, 51]"
19,"[32, 42, 49]"
22,"[32, 42, 13]"
21,"[32, 42, 53]"
18,"[32, 42, 43]"
19,"[32, 42, 55]"
18,"[32, 42, 18]"
18,"[32, 42, 14]"
19,"[32, 42, 32]"
30,"[32, 12]"
26,"[32, 12, 42]"
21,"[32, 12, 0]"
27,"[32, 12, 69]"
19,"[32, 12, 51]"
26,"[32, 12, 70]"
22,"[32, 12, 25]"
24,"[32, 12, 48]"
21,"[32, 12, 54]"
16,"[32, 12, 13]"
16,"[32, 12, 53]"
21,"[32, 12, 29]"
16,"[32, 12, 55]"
20,"[32, 12, 33]"
19,"[32, 12, 28]"
17,"[32, 12, 27]"
18,"[32, 12, 6]"
22,"[32, 12, 17]"
17,"[32, 12, 20]"
35,"[32, 51]"
29,"[32, 51, 70]"
25,"[32, 51, 25]"
28,"[32, 51, 48]"
23,"[32, 51, 54]"
23,"[32, 51, 49]"
26,"[32, 51, 29]"
21,"[32, 51, 42]"
20,"[32, 51, 55]"
26,"[32, 51, 69]"
22,"[32, 51, 27]"
27,"[32, 51, 17]"
21,"[32, 51, 13]"
20,"[32, 51, 53]"
23,"[32, 51, 33]"
20,"[32, 51, 58]"
24,"[32, 51, 0]"
21,"[32, 51, 6]"
19,"[32, 51, 32]"
21,"[32, 51, 56]"
20,"[32, 51, 34]"
22,"[32, 51, 28]"
16,"[32, 51, 4]"
17,"[32, 51, 10]"
19,"[32, 51, 35]"
16,"[32, 51, 18]"
16,"[32, 51, 3]"
19,"[32, 51, 20]"
18,"[32, 51, 37]"
16,"[32, 51, 12]"
18,"[32, 36]"
18,"[32, 36, 17]"
17,"[32, 36, 70]"
25,"[32, 14]"
19,"[32, 14, 69]"
17,"[32, 14, 13]"
18,"[32, 14, 27]"
21,"[32, 14, 17]"
19,"[32, 14, 29]"
19,"[32, 14, 0]"
16,"[32, 14, 6]"
21,"[32, 14, 70]"
17,"[32, 14, 55]"
17,"[32, 14, 33]"
18,"[32, 14, 42]"
18,"[32, 14, 54]"
19,"[32, 14, 48]"
16,"[32, 14, 56]"
17,"[32, 14, 28]"
18,"[32, 14, 25]"
16,"[32, 14, 58]"
17,"[32, 14, 20]"
16,"[32, 14, 49]"
21,"[32, 14, 51]"
28,"[32, 9]"
27,"[32, 9, 27]"
27,"[32, 9, 17]"
26,"[32, 9, 29]"
27,"[32, 9, 0]"
23,"[32, 9, 3]"
27,"[32, 9, 6]"
20,"[32, 9, 7]"
21,"[32, 9, 4]"
27,"[32, 9, 70]"
20,"[32, 9, 55]"
22,"[32, 9, 33]"
23,"[32, 9, 69]"
17,"[32, 9, 42]"
25,"[32, 9, 54]"
26,"[32, 9, 48]"
22,"[32, 9, 56]"
23,"[32, 9, 28]"
25,"[32, 9, 25]"
20,"[32, 9, 10]"
17,"[32, 9, 11]"
22,"[32, 9, 34]"
17,"[32, 9, 37]"
16,"[32, 9, 26]"
23,"[32, 9, 35]"
22,"[32, 9, 58]"
20,"[32, 9, 49]"
16,"[32, 9, 65]"
23,"[32, 9, 20]"
18,"[32, 9, 63]"
20,"[32, 43]"
16,"[32, 43, 70]"
17,"[32, 43, 69]"
18,"[32, 65]"
18,"[32, 65, 17]"
17,"[32, 65, 0]"
18,"[32, 65, 29]"
16,"[32, 65, 6]"
18,"[32, 65, 70]"
16,"[32, 65, 33]"
17,"[32, 65, 28]"
18,"[32, 65, 25]"
18,"[32, 65, 48]"
18,"[32, 65, 54]"
22,"[32, 63]"
18,"[32, 63, 69]"
22,"[32, 63, 70]"
17,"[32, 63, 33]"
18,"[32, 63, 28]"
21,"[32, 63, 54]"
17,"[32, 63, 0]"
21,"[32, 63, 17]"
19,"[32, 63, 29]"
19,"[32, 63, 25]"
21,"[32, 63, 48]"
18,"[32, 63, 20]"
48,[18]
47,"[18, 70]"
33,"[18, 70, 55]"
42,"[18, 70, 54]"
37,"[18, 70, 20]"
32,"[18, 70, 37]"
27,"[18, 70, 26]"
23,"[18, 70, 50]"
26,"[18, 70, 32]"
22,"[18, 70, 18]"
24,"[18, 70, 8]"
36,"[18, 70, 27]"
44,"[18, 70, 17]"
42,"[18, 70, 29]"
41,"[18, 70, 69]"
47,"[18, 70, 70]"
46,"[18, 70, 48]"
43,"[18, 70, 0]"
36,"[18, 70, 49]"
26,"[18, 70, 10]"
29,"[18, 70, 56]"
33,"[18, 70, 35]"
29,"[18, 70, 58]"
16,"[18, 70, 59]"
18,"[18, 70, 1]"
21,"[18, 70, 60]"
30,"[18, 70, 4]"
26,"[18, 70, 3]"
38,"[18, 70, 6]"
21,"[18, 70, 7]"
40,"[18, 70, 34]"
41,"[18, 70, 33]"
42,"[18, 70, 28]"
45,"[18, 70, 25]"
25,"[18, 70, 13]"
25,"[18, 70, 53]"
24,"[18, 70, 12]"
27,"[18, 70, 42]"
27,"[18, 70, 51]"
17,"[18, 70, 14]"
16,"[18, 70, 65]"
21,"[18, 70, 63]"
33,"[18, 55]"
16,"[18, 55, 54]"
19,"[18, 55, 20]"
18,"[18, 55, 27]"
23,"[18, 55, 17]"
21,"[18, 55, 29]"
30,"[18, 55, 69]"
29,"[18, 55, 70]"
19,"[18, 55, 48]"
19,"[18, 55, 0]"
17,"[18, 55, 55]"
44,"[18, 54]"
24,"[18, 54, 20]"
21,"[18, 54, 37]"
19,"[18, 54, 26]"
18,"[18, 54, 50]"
19,"[18, 54, 32]"
17,"[18, 54, 8]"
26,"[18, 54, 27]"
39,"[18, 54, 17]"
36,"[18, 54, 29]"
37,"[18, 54, 69]"
42,"[18, 54, 70]"
30,"[18, 54, 48]"
33,"[18, 54, 0]"
29,"[18, 54, 55]"
29,"[18, 54, 54]"
23,"[18, 54, 49]"
16,"[18, 54, 56]"
17,"[18, 54, 60]"
20,"[18, 54, 4]"
27,"[18, 54, 6]"
16,"[18, 54, 33]"
22,"[18, 54, 28]"
24,"[18, 54, 25]"
18,"[18, 54, 13]"
18,"[18, 54, 53]"
18,"[18, 54, 42]"
17,"[18, 54, 51]"
38,"[18, 20]"
27,"[18, 20, 37]"
23,"[18, 20, 26]"
21,"[18, 20, 50]"
16,"[18, 20, 8]"
24,"[18, 20, 27]"
34,"[18, 20, 17]"
28,"[18, 20, 29]"
31,"[18, 20, 69]"
36,"[18, 20, 70]"
33,"[18, 20, 48]"
30,"[18, 20, 0]"
22,"[18, 20, 55]"
32,"[18, 20, 54]"
26,"[18, 20, 49]"
16,"[18, 20, 35]"
19,"[18, 20, 60]"
17,"[18, 20, 4]"
23,"[18, 20, 6]"
17,"[18, 20, 34]"
20,"[18, 20, 33]"
29,"[18, 20, 28]"
32,"[18, 20, 25]"
22,"[18, 20, 20]"
17,"[18, 20, 42]"
32,"[18, 37]"
21,"[18, 37, 26]"
17,"[18, 37, 50]"
16,"[18, 37, 32]"
24,"[18, 37, 27]"
31,"[18, 37, 17]"
28,"[18, 37, 29]"
28,"[18, 37, 69]"
31,"[18, 37, 70]"
23,"[18, 37, 48]"
26,"[18, 37, 0]"
22,"[18, 37, 55]"
22,"[18, 37, 54]"
19,"[18, 37, 49]"
19,"[18, 37, 60]"
17,"[18, 37, 4]"
22,"[18, 37, 6]"
17,"[18, 37, 28]"
19,"[18, 37, 25]"
16,"[18, 37, 20]"
16,"[18, 37, 42]"
29,"[18, 26]"
21,"[18, 26, 50]"
20,"[18, 26, 27]"
27,"[18, 26, 17]"
22,"[18, 26, 29]"
24,"[18, 26, 69]"
28,"[18, 26, 70]"
25,"[18, 26, 48]"
22,"[18, 26, 0]"
20,"[18, 26, 55]"
22,"[18, 26, 54]"
18,"[18, 26, 49]"
17,"[18, 26, 4]"
20,"[18, 26, 6]"
19,"[18, 26, 28]"
20,"[18, 26, 25]"
17,"[18, 26, 20]"
25,"[18, 50]"
23,"[18, 50, 17]"
18,"[18, 50, 29]"
19,"[18, 50, 69]"
23,"[18, 50, 70]"
18,"[18, 50, 48]"
19,"[18, 50, 0]"
17,"[18, 50, 55]"
20,"[18, 50, 54]"
16,"[18, 50, 49]"
16,"[18, 50, 6]"
30,"[18, 32]"
22,"[18, 32, 18]"
21,"[18, 32, 8]"
27,"[18, 32, 27]"
30,"[18, 32, 17]"
25,"[18, 32, 29]"
25,"[18, 32, 69]"
28,"[18, 32, 70]"
24,"[18, 32, 48]"
25,"[18, 32, 0]"
21,"[18, 32, 55]"
22,"[18, 32, 54]"
19,"[18, 32, 49]"
18,"[18, 32, 56]"
17,"[18, 32, 35]"
16,"[18, 32, 58]"
19,"[18, 32, 4]"
17,"[18, 32, 3]"
23,"[18, 32, 6]"
16,"[18, 32, 7]"
18,"[18, 32, 34]"
18,"[18, 32, 33]"
19,"[18, 32, 28]"
21,"[18, 32, 25]"
16,"[18, 32, 51]"
24,"[18, 18]"
19,"[18, 18, 8]"
21,"[18, 18, 27]"
24,"[18, 18, 17]"
21,"[18, 18, 29]"
21,"[18, 18, 69]"
24,"[18, 18, 70]"
19,"[18, 18, 48]"
22,"[18, 18, 0]"
19,"[18, 18, 55]"
21,"[18, 18, 54]"
16,"[18, 18, 49]"
16,"[18, 18, 56]"
19,"[18, 18, 35]"
18,"[18, 18, 4]"
21,"[18, 18, 6]"
17,"[18, 18, 34]"
18,"[18, 18, 28]"
17,"[18, 18, 25]"
16,"[18, 18, 20]"
47,"[18, 8]"
45,"[18, 8, 27]"
45,"[18, 8, 17]"
43,"[18, 8, 29]"
42,"[18, 8, 69]"
45,"[18, 8, 70]"
44,"[18, 8, 48]"
16,"[18, 8, 21]"
46,"[18, 8, 0]"
32,"[18, 8, 55]"
42,"[18, 8, 54]"
35,"[18, 8, 49]"
38,"[18, 8, 10]"
27,"[18, 8, 32]"
21,"[18, 8, 18]"
38,"[18, 8, 56]"
21,"[18, 8, 11]"
22,"[18, 8, 57]"
23,"[18, 8, 50]"
37,"[18, 8, 35]"
35,"[18, 8, 58]"
19,"[18, 8, 59]"
22,"[18, 8, 1]"
19,"[18, 8, 60]"
35,"[18, 8, 4]"
38,"[18, 8, 3]"
43,"[18, 8, 6]"
30,"[18, 8, 7]"
37,"[18, 8, 34]"
39,"[18, 8, 33]"
40,"[18, 8, 28]"
43,"[18, 8, 25]"
35,"[18, 8, 20]"
25,"[18, 8, 13]"
24,"[18, 8, 53]"
24,"[18, 8, 8]"
27,"[18, 8, 26]"
30,"[18, 8, 37]"
30,"[18, 8, 42]"
25,"[18, 8, 12]"
28,"[18, 8, 51]"
20,"[18, 8, 14]"
29,"[18, 8, 9]"
17,"[18, 8, 43]"
16,"[18, 8, 65]"
20,"[18, 8, 63]"
47,"[18, 27]"
46,"[18, 27, 17]"
43,"[18, 27, 29]"
41,"[18, 27, 69]"
47,"[18, 27, 70]"
44,"[18, 27, 48]"
44,"[18, 27, 0]"
33,"[18, 27, 55]"
41,"[18, 27, 54]"
34,"[18, 27, 49]"
37,"[18, 27, 10]"
26,"[18, 27, 32]"
22,"[18, 27, 18]"
37,"[18, 27, 27]"
36,"[18, 27, 56]"
20,"[18, 27, 11]"
20,"[18, 27, 57]"
22,"[18, 27, 50]"
39,"[18, 27, 35]"
36,"[18, 27, 58]"
20,"[18, 27, 59]"
20,"[18, 27, 1]"
20,"[18, 27, 60]"
35,"[18, 27, 4]"
36,"[18, 27, 3]"
43,"[18, 27, 6]"
30,"[18, 27, 7]"
38,"[18, 27, 34]"
39,"[18, 27, 33]"
40,"[18, 27, 28]"
42,"[18, 27, 25]"
35,"[18, 27, 20]"
23,"[18, 27, 13]"
23,"[18, 27, 53]"
25,"[18, 27, 8]"
16,"[18, 27, 5]"
27,"[18, 27, 26]"
30,"[18, 27, 37]"
26,"[18, 27, 42]"
24,"[18, 27, 12]"
25,"[18, 27, 51]"
18,"[18, 27, 14]"
16,"[18, 27, 65]"
20,"[18, 27, 63]"
47,"[18, 17]"
43,"[18, 17, 29]"
42,"[18, 17, 69]"
47,"[18, 17, 70]"
43,"[18, 17, 48]"
45,"[18, 17, 0]"
33,"[18, 17, 55]"
41,"[18, 17, 54]"
34,"[18, 17, 49]"
38,"[18, 17, 10]"
25,"[18, 17, 32]"
20,"[18, 17, 18]"
39,"[18, 17, 27]"
36,"[18, 17, 56]"
19,"[18, 17, 11]"
21,"[18, 17, 57]"
23,"[18, 17, 50]"
39,"[18, 17, 35]"
35,"[18, 17, 58]"
20,"[18, 17, 59]"
44,"[18, 17, 17]"
20,"[18, 17, 1]"
20,"[18, 17, 60]"
35,"[18, 17, 4]"
37,"[18, 17, 3]"
43,"[18, 17, 6]"
30,"[18, 17, 7]"
38,"[18, 17, 34]"
40,"[18, 17, 33]"
40,"[18, 17, 28]"
42,"[18, 17, 25]"
35,"[18, 17, 20]"
24,"[18, 17, 13]"
23,"[18, 17, 53]"
20,"[18, 17, 8]"
27,"[18, 17, 26]"
31,"[18, 17, 37]"
28,"[18, 17, 42]"
26,"[18, 17, 12]"
26,"[18, 17, 51]"
19,"[18, 17, 14]"
16,"[18, 17, 43]"
16,"[18, 17, 65]"
21,"[18, 17, 63]"
46,"[18, 29]"
40,"[18, 29, 69]"
45,"[18, 29, 70]"
42,"[18, 29, 48]"
43,"[18, 29, 0]"
31,"[18, 29, 55]"
40,"[18, 29, 54]"
33,"[18, 29, 49]"
37,"[18, 29, 10]"
25,"[18, 29, 32]"
21,"[18, 29, 18]"
37,"[18, 29, 27]"
37,"[18, 29, 56]"
20,"[18, 29, 11]"
22,"[18, 29, 57]"
23,"[18, 29, 50]"
38,"[18, 29, 35]"
36,"[18, 29, 58]"
22,"[18, 29, 59]"
45,"[18, 29, 17]"
42,"[18, 29, 29]"
16,"[18, 29, 1]"
20,"[18, 29, 60]"
34,"[18, 29, 4]"
22,"[18, 29, 3]"
44,"[18, 29, 6]"
31,"[18, 29, 7]"
38,"[18, 29, 34]"
39,"[18, 29, 33]"
39,"[18, 29, 28]"
42,"[18, 29, 25]"
35,"[18, 29, 20]"
22,"[18, 29, 13]"
21,"[18, 29, 53]"
20,"[18, 29, 8]"
16,"[18, 29, 5]"
27,"[18, 29, 26]"
31,"[18, 29, 37]"
28,"[18, 29, 42]"
22,"[18, 29, 12]"
23,"[18, 29, 51]"
17,"[18, 29, 14]"
16,"[18, 29, 65]"
21,"[18, 29, 63]"
43,"[18, 69]"
42,"[18, 69, 70]"
39,"[18, 69, 48]"
35,"[18, 69, 0]"
27,"[18, 69, 55]"
32,"[18, 69, 54]"
30,"[18, 69, 49]"
22,"[18, 69, 10]"
25,"[18, 69, 32]"
22,"[18, 69, 18]"
32,"[18, 69, 27]"
25,"[18, 69, 56]"
17,"[18, 69, 50]"
26,"[18, 69, 35]"
25,"[18, 69, 58]"
38,"[18, 69, 17]"
38,"[18, 69, 29]"
16,"[18, 69, 1]"
16,"[18, 69, 60]"
25,"[18, 69, 4]"
20,"[18, 69, 3]"
34,"[18, 69, 6]"
21,"[18, 69, 7]"
30,"[18, 69, 34]"
32,"[18, 69, 33]"
31,"[18, 69, 28]"
36,"[18, 69, 25]"
28,"[18, 69, 20]"
39,"[18, 69, 69]"
26,"[18, 69, 13]"
26,"[18, 69, 53]"
23,"[18, 69, 8]"
20,"[18, 69, 26]"
24,"[18, 69, 37]"
30,"[18, 69, 42]"
26,"[18, 69, 12]"
29,"[18, 69, 51]"
18,"[18, 69, 14]"
17,"[18, 69, 43]"
17,"[18, 69, 63]"
46,"[18, 48]"
34,"[18, 48, 0]"
29,"[18, 48, 55]"
36,"[18, 48, 54]"
32,"[18, 48, 49]"
44,"[18, 48, 70]"
20,"[18, 48, 32]"
18,"[18, 48, 18]"
27,"[18, 48, 27]"
16,"[18, 48, 56]"
17,"[18, 48, 35]"
39,"[18, 48, 17]"
38,"[18, 48, 29]"
17,"[18, 48, 60]"
21,"[18, 48, 4]"
29,"[18, 48, 6]"
18,"[18, 48, 34]"
20,"[18, 48, 33]"
25,"[18, 48, 28]"
29,"[18, 48, 25]"
32,"[18, 48, 48]"
23,"[18, 48, 20]"
38,"[18, 48, 69]"
19,"[18, 48, 53]"
18,"[18, 48, 8]"
18,"[18, 48, 26]"
21,"[18, 48, 37]"
16,"[18, 48, 12]"
19,"[18, 48, 42]"
20,"[18, 48, 51]"
16,"[18, 21]"
46,"[18, 0]"
32,"[18, 0, 55]"
40,"[18, 0, 54]"
34,"[18, 0, 49]"
44,"[18, 0, 70]"
35,"[18, 0, 10]"
26,"[18, 0, 32]"
21,"[18, 0, 18]"
35,"[18, 0, 27]"
34,"[18, 0, 56]"
19,"[18, 0, 11]"
20,"[18, 0, 57]"
22,"[18, 0, 50]"
38,"[18, 0, 35]"
35,"[18, 0, 58]"
20,"[18, 0, 59]"
42,"[18, 0, 0]"
43,"[18, 0, 17]"
44,"[18, 0, 29]"
16,"[18, 0, 21]"
21,"[18, 0, 1]"
19,"[18, 0, 60]"
34,"[18, 0, 4]"
38,"[18, 0, 3]"
42,"[18, 0, 6]"
30,"[18, 0, 7]"
37,"[18, 0, 34]"
37,"[18, 0, 33]"
38,"[18, 0, 28]"
41,"[18, 0, 25]"
42,"[18, 0, 48]"
33,"[18, 0, 20]"
41,"[18, 0, 69]"
24,"[18, 0, 13]"
23,"[18, 0, 53]"
21,"[18, 0, 8]"
26,"[18, 0, 26]"
31,"[18, 0, 37]"
27,"[18, 0, 42]"
24,"[18, 0, 12]"
26,"[18, 0, 51]"
19,"[18, 0, 14]"
16,"[18, 0, 65]"
20,"[18, 0, 63]"
36,"[18, 49]"
33,"[18, 49, 70]"
16,"[18, 49, 32]"
22,"[18, 49, 27]"
24,"[18, 49, 0]"
30,"[18, 49, 17]"
29,"[18, 49, 29]"
17,"[18, 49, 4]"
21,"[18, 49, 6]"
22,"[18, 49, 48]"
27,"[18, 49, 54]"
19,"[18, 49, 20]"
28,"[18, 49, 69]"
28,"[18, 49, 55]"
18,"[18, 49, 49]"
16,"[18, 49, 51]"
41,"[18, 10]"
22,"[18, 10, 32]"
19,"[18, 10, 18]"
30,"[18, 10, 27]"
38,"[18, 10, 56]"
22,"[18, 10, 11]"
23,"[18, 10, 57]"
41,"[18, 10, 70]"
19,"[18, 10, 50]"
34,"[18, 10, 35]"
30,"[18, 10, 58]"
18,"[18, 10, 59]"
38,"[18, 10, 0]"
38,"[18, 10, 17]"
36,"[18, 10, 29]"
18,"[18, 10, 60]"
26,"[18, 10, 4]"
19,"[18, 10, 3]"
32,"[18, 10, 6]"
17,"[18, 10, 7]"
33,"[18, 10, 34]"
36,"[18, 10, 33]"
34,"[18, 10, 28]"
37,"[18, 10, 25]"
38,"[18, 10, 48]"
36,"[18, 10, 54]"
32,"[18, 10, 20]"
37,"[18, 10, 69]"
22,"[18, 10, 13]"
22,"[18, 10, 53]"
18,"[18, 10, 8]"
23,"[18, 10, 26]"
28,"[18, 10, 37]"
28,"[18, 10, 55]"
29,"[18, 10, 49]"
24,"[18, 10, 42]"
21,"[18, 10, 10]"
21,"[18, 10, 12]"
21,"[18, 10, 51]"
16,"[18, 10, 65]"
19,"[18, 10, 63]"
40,"[18, 56]"
25,"[18, 56, 56]"
24,"[18, 56, 57]"
40,"[18, 56, 70]"
20,"[18, 56, 50]"
32,"[18, 56, 35]"
29,"[18, 56, 58]"
18,"[18, 56, 59]"
37,"[18, 56, 0]"
30,"[18, 56, 27]"
38,"[18, 56, 17]"
36,"[18, 56, 29]"
16,"[18, 56, 60]"
25,"[18, 56, 4]"
18,"[18, 56, 3]"
31,"[18, 56, 6]"
33,"[18, 56, 34]"
36,"[18, 56, 33]"
34,"[18, 56, 28]"
37,"[18, 56, 25]"
36,"[18, 56, 48]"
35,"[18, 56, 54]"
31,"[18, 56, 20]"
36,"[18, 56, 69]"
21,"[18, 56, 13]"
20,"[18, 56, 53]"
21,"[18, 56, 32]"
18,"[18, 56, 18]"
17,"[18, 56, 8]"
22,"[18, 56, 26]"
27,"[18, 56, 37]"
28,"[18, 56, 55]"
30,"[18, 56, 49]"
23,"[18, 56, 42]"
19,"[18, 56, 10]"
20,"[18, 56, 12]"
19,"[18, 56, 51]"
18,"[18, 56, 63]"
22,"[18, 11]"
17,"[18, 11, 57]"
22,"[18, 11, 70]"
21,"[18, 11, 35]"
20,"[18, 11, 58]"
20,"[18, 11, 0]"
20,"[18, 11, 17]"
21,"[18, 11, 29]"
17,"[18, 11, 6]"
18,"[18, 11, 34]"
20,"[18, 11, 33]"
18,"[18, 11, 28]"
20,"[18, 11, 25]"
21,"[18, 11, 48]"
20,"[18, 11, 54]"
18,"[18, 11, 20]"
21,"[18, 11, 69]"
22,"[18, 11, 56]"
16,"[18, 11, 55]"
18,"[18, 11, 49]"
24,"[18, 57]"
24,"[18, 57, 70]"
19,"[18, 57, 35]"
17,"[18, 57, 58]"
19,"[18, 57, 0]"
16,"[18, 57, 27]"
23,"[18, 57, 17]"
22,"[18, 57, 29]"
16,"[18, 57, 6]"
20,"[18, 57, 34]"
20,"[18, 57, 33]"
20,"[18, 57, 28]"
23,"[18, 57, 25]"
22,"[18, 57, 48]"
19,"[18, 57, 54]"
17,"[18, 57, 20]"
21,"[18, 57, 69]"
16,"[18, 57, 37]"
17,"[18, 57, 55]"
18,"[18, 57, 49]"
40,"[18, 35]"
34,"[18, 35, 58]"
40,"[18, 35, 70]"
21,"[18, 35, 35]"
22,"[18, 35, 59]"
34,"[18, 35, 0]"
28,"[18, 35, 27]"
37,"[18, 35, 17]"
36,"[18, 35, 29]"
18,"[18, 35, 50]"
17,"[18, 35, 60]"
20,"[18, 35, 4]"
28,"[18, 35, 6]"
33,"[18, 35, 34]"
34,"[18, 35, 33]"
32,"[18, 35, 28]"
35,"[18, 35, 25]"
36,"[18, 35, 48]"
36,"[18, 35, 54]"
29,"[18, 35, 20]"
35,"[18, 35, 69]"
18,"[18, 35, 13]"
19,"[18, 35, 53]"
19,"[18, 35, 32]"
16,"[18, 35, 18]"
22,"[18, 35, 26]"
23,"[18, 35, 56]"
28,"[18, 35, 37]"
28,"[18, 35, 55]"
29,"[18, 35, 49]"
20,"[18, 35, 42]"
17,"[18, 35, 12]"
21,"[18, 35, 51]"
16,"[18, 35, 10]"
16,"[18, 35, 63]"
37,"[18, 58]"
37,"[18, 58, 70]"
23,"[18, 58, 35]"
23,"[18, 58, 58]"
22,"[18, 58, 59]"
33,"[18, 58, 0]"
27,"[18, 58, 27]"
35,"[18, 58, 17]"
34,"[18, 58, 29]"
18,"[18, 58, 50]"
16,"[18, 58, 60]"
18,"[18, 58, 4]"
26,"[18, 58, 6]"
31,"[18, 58, 34]"
33,"[18, 58, 33]"
31,"[18, 58, 28]"
33,"[18, 58, 25]"
33,"[18, 58, 48]"
34,"[18, 58, 54]"
28,"[18, 58, 20]"
32,"[18, 58, 69]"
16,"[18, 58, 13]"
17,"[18, 58, 53]"
18,"[18, 58, 32]"
21,"[18, 58, 26]"
22,"[18, 58, 56]"
26,"[18, 58, 37]"
25,"[18, 58, 55]"
26,"[18, 58, 49]"
19,"[18, 58, 42]"
18,"[18, 58, 51]"
16,"[18, 58, 63]"
22,"[18, 59]"
19,"[18, 59, 0]"
20,"[18, 59, 17]"
20,"[18, 59, 29]"
22,"[18, 59, 70]"
16,"[18, 59, 6]"
18,"[18, 59, 34]"
20,"[18, 59, 33]"
19,"[18, 59, 28]"
20,"[18, 59, 25]"
20,"[18, 59, 48]"
21,"[18, 59, 54]"
17,"[18, 59, 20]"
18,"[18, 59, 69]"
22,"[18, 1]"
19,"[18, 1, 70]"
16,"[18, 1, 4]"
17,"[18, 1, 6]"
18,"[18, 1, 17]"
20,"[18, 1, 29]"
16,"[18, 1, 0]"
16,"[18, 1, 25]"
17,"[18, 1, 48]"
16,"[18, 1, 54]"
18,"[18, 1, 69]"
16,"[18, 1, 55]"
21,"[18, 60]"
21,"[18, 60, 70]"
20,"[18, 60, 17]"
16,"[18, 60, 29]"
17,"[18, 60, 0]"
17,"[18, 60, 69]"
37,"[18, 4]"
27,"[18, 4, 6]"
35,"[18, 4, 70]"
26,"[18, 4, 34]"
27,"[18, 4, 33]"
27,"[18, 4, 28]"
22,"[18, 4, 27]"
29,"[18, 4, 17]"
31,"[18, 4, 29]"
31,"[18, 4, 0]"
29,"[18, 4, 25]"
30,"[18, 4, 48]"
28,"[18, 4, 54]"
23,"[18, 4, 20]"
31,"[18, 4, 69]"
16,"[18, 4, 53]"
25,"[18, 4, 35]"
16,"[18, 4, 32]"
22,"[18, 4, 4]"
16,"[18, 4, 5]"
24,"[18, 4, 58]"
16,"[18, 4, 26]"
24,"[18, 4, 56]"
19,"[18, 4, 37]"
25,"[18, 4, 55]"
25,"[18, 4, 49]"
23,"[18, 4, 10]"
17,"[18, 4, 42]"
38,"[18, 3]"
37,"[18, 3, 6]"
28,"[18, 3, 7]"
38,"[18, 3, 70]"
31,"[18, 3, 34]"
32,"[18, 3, 33]"
32,"[18, 3, 28]"
30,"[18, 3, 27]"
36,"[18, 3, 17]"
37,"[18, 3, 29]"
36,"[18, 3, 0]"
36,"[18, 3, 25]"
36,"[18, 3, 48]"
34,"[18, 3, 54]"
28,"[18, 3, 20]"
35,"[18, 3, 69]"
19,"[18, 3, 13]"
18,"[18, 3, 53]"
30,"[18, 3, 35]"
22,"[18, 3, 32]"
16,"[18, 3, 18]"
16,"[18, 3, 8]"
17,"[18, 3, 3]"
16,"[18, 3, 1]"
29,"[18, 3, 4]"
30,"[18, 3, 58]"
22,"[18, 3, 26]"
17,"[18, 3, 50]"
29,"[18, 3, 56]"
18,"[18, 3, 57]"
25,"[18, 3, 37]"
27,"[18, 3, 55]"
29,"[18, 3, 49]"
23,"[18, 3, 42]"
27,"[18, 3, 10]"
18,"[18, 3, 12]"
20,"[18, 3, 51]"
16,"[18, 3, 59]"
19,"[18, 3, 63]"
45,"[18, 6]"
31,"[18, 6, 7]"
45,"[18, 6, 70]"
36,"[18, 6, 34]"
37,"[18, 6, 33]"
37,"[18, 6, 28]"
33,"[18, 6, 27]"
43,"[18, 6, 17]"
40,"[18, 6, 29]"
38,"[18, 6, 0]"
40,"[18, 6, 25]"
40,"[18, 6, 48]"
40,"[18, 6, 54]"
34,"[18, 6, 20]"
39,"[18, 6, 69]"
20,"[18, 6, 13]"
20,"[18, 6, 53]"
37,"[18, 6, 35]"
23,"[18, 6, 32]"
19,"[18, 6, 18]"
19,"[18, 6, 8]"
18,"[18, 6, 3]"
16,"[18, 6, 1]"
35,"[18, 6, 6]"
34,"[18, 6, 4]"
16,"[18, 6, 5]"
35,"[18, 6, 58]"
26,"[18, 6, 26]"
22,"[18, 6, 50]"
35,"[18, 6, 56]"
18,"[18, 6, 57]"
30,"[18, 6, 37]"
31,"[18, 6, 55]"
31,"[18, 6, 49]"
32,"[18, 6, 10]"
24,"[18, 6, 42]"
19,"[18, 6, 60]"
19,"[18, 6, 12]"
20,"[18, 6, 51]"
20,"[18, 6, 59]"
16,"[18, 6, 11]"
20,"[18, 6, 63]"
31,"[18, 7]"
31,"[18, 7, 70]"
25,"[18, 7, 34]"
26,"[18, 7, 33]"
27,"[18, 7, 28]"
20,"[18, 7, 27]"
28,"[18, 7, 17]"
26,"[18, 7, 29]"
25,"[18, 7, 0]"
28,"[18, 7, 25]"
28,"[18, 7, 48]"
26,"[18, 7, 54]"
23,"[18, 7, 20]"
28,"[18, 7, 69]"
25,"[18, 7, 35]"
21,"[18, 7, 6]"
22,"[18, 7, 4]"
23,"[18, 7, 58]"
21,"[18, 7, 26]"
17,"[18, 7, 50]"
24,"[18, 7, 56]"
21,"[18, 7, 37]"
19,"[18, 7, 55]"
21,"[18, 7, 49]"
20,"[18, 7, 10]"
16,"[18, 7, 42]"
16,"[18, 7, 59]"
40,"[18, 34]"
38,"[18, 34, 33]"
38,"[18, 34, 28]"
28,"[18, 34, 27]"
37,"[18, 34, 17]"
36,"[18, 34, 29]"
32,"[18, 34, 0]"
39,"[18, 34, 25]"
37,"[18, 34, 48]"
35,"[18, 34, 54]"
31,"[18, 34, 20]"
35,"[18, 34, 69]"
18,"[18, 34, 13]"
20,"[18, 34, 53]"
21,"[18, 34, 35]"
21,"[18, 34, 32]"
19,"[18, 34, 18]"
19,"[18, 34, 8]"
39,"[18, 34, 70]"
27,"[18, 34, 6]"
20,"[18, 34, 4]"
17,"[18, 34, 58]"
22,"[18, 34, 34]"
23,"[18, 34, 26]"
19,"[18, 34, 50]"
16,"[18, 34, 56]"
27,"[18, 34, 37]"
26,"[18, 34, 55]"
30,"[18, 34, 49]"
17,"[18, 34, 60]"
16,"[18, 34, 12]"
21,"[18, 34, 42]"
20,"[18, 34, 51]"
16,"[18, 34, 63]"
41,"[18, 33]"
39,"[18, 33, 28]"
28,"[18, 33, 27]"
37,"[18, 33, 17]"
36,"[18, 33, 29]"
33,"[18, 33, 0]"
40,"[18, 33, 25]"
38,"[18, 33, 48]"
37,"[18, 33, 54]"
31,"[18, 33, 20]"
36,"[18, 33, 69]"
18,"[18, 33, 13]"
20,"[18, 33, 53]"
21,"[18, 33, 35]"
20,"[18, 33, 32]"
18,"[18, 33, 18]"
18,"[18, 33, 8]"
40,"[18, 33, 70]"
27,"[18, 33, 6]"
20,"[18, 33, 4]"
17,"[18, 33, 58]"
24,"[18, 33, 34]"
25,"[18, 33, 33]"
23,"[18, 33, 26]"
19,"[18, 33, 50]"
16,"[18, 33, 56]"
28,"[18, 33, 37]"
27,"[18, 33, 55]"
30,"[18, 33, 49]"
17,"[18, 33, 60]"
17,"[18, 33, 12]"
22,"[18, 33, 42]"
19,"[18, 33, 51]"
43,"[18, 28]"
27,"[18, 28, 27]"
37,"[18, 28, 17]"
36,"[18, 28, 29]"
33,"[18, 28, 0]"
41,"[18, 28, 25]"
40,"[18, 28, 48]"
38,"[18, 28, 54]"
26,"[18, 28, 20]"
37,"[18, 28, 69]"
16,"[18, 28, 13]"
17,"[18, 28, 53]"
19,"[18, 28, 35]"
19,"[18, 28, 32]"
18,"[18, 28, 18]"
17,"[18, 28, 8]"
42,"[18, 28, 70]"
30,"[18, 28, 6]"
21,"[18, 28, 4]"
20,"[18, 28, 34]"
22,"[18, 28, 33]"
29,"[18, 28, 28]"
20,"[18, 28, 26]"
17,"[18, 28, 50]"
26,"[18, 28, 37]"
25,"[18, 28, 55]"
30,"[18, 28, 49]"
17,"[18, 28, 60]"
16,"[18, 28, 12]"
21,"[18, 28, 42]"
17,"[18, 28, 51]"
45,"[18, 25]"
42,"[18, 25, 48]"
38,"[18, 25, 54]"
24,"[18, 25, 20]"
36,"[18, 25, 69]"
17,"[18, 25, 13]"
17,"[18, 25, 53]"
20,"[18, 25, 35]"
23,"[18, 25, 32]"
20,"[18, 25, 18]"
20,"[18, 25, 8]"
45,"[18, 25, 70]"
31,"[18, 25, 6]"
22,"[18, 25, 4]"
16,"[18, 25, 58]"
20,"[18, 25, 34]"
21,"[18, 25, 33]"
27,"[18, 25, 28]"
19,"[18, 25, 26]"
16,"[18, 25, 50]"
16,"[18, 25, 56]"
25,"[18, 25, 37]"
30,"[18, 25, 55]"
34,"[18, 25, 49]"
33,"[18, 25, 0]"
39,"[18, 25, 29]"
41,"[18, 25, 17]"
30,"[18, 25, 27]"
18,"[18, 25, 60]"
30,"[18, 25, 25]"
17,"[18, 25, 12]"
22,"[18, 25, 42]"
19,"[18, 25, 51]"
16,"[18, 25, 63]"
26,"[18, 13]"
23,"[18, 13, 53]"
22,"[18, 13, 70]"
16,"[18, 13, 6]"
18,"[18, 13, 28]"
21,"[18, 13, 48]"
18,"[18, 13, 0]"
19,"[18, 13, 29]"
19,"[18, 13, 17]"
20,"[18, 13, 54]"
21,"[18, 13, 69]"
17,"[18, 13, 25]"
26,"[18, 53]"
22,"[18, 53, 70]"
16,"[18, 53, 6]"
17,"[18, 53, 28]"
16,"[18, 53, 55]"
22,"[18, 53, 48]"
18,"[18, 53, 0]"
20,"[18, 53, 29]"
19,"[18, 53, 17]"
21,"[18, 53, 54]"
17,"[18, 53, 25]"
20,"[18, 53, 69]"
27,"[18, 31]"
21,"[18, 31, 4]"
22,"[18, 31, 58]"
23,"[18, 31, 34]"
23,"[18, 31, 33]"
23,"[18, 31, 28]"
16,"[18, 31, 50]"
21,"[18, 31, 56]"
26,"[18, 31, 70]"
20,"[18, 31, 37]"
20,"[18, 31, 55]"
22,"[18, 31, 49]"
25,"[18, 31, 48]"
27,"[18, 31, 0]"
16,"[18, 31, 1]"
25,"[18, 31, 6]"
26,"[18, 31, 29]"
26,"[18, 31, 17]"
26,"[18, 31, 54]"
26,"[18, 31, 27]"
23,"[18, 31, 8]"
18,"[18, 31, 3]"
20,"[18, 31, 10]"
23,"[18, 31, 35]"
24,"[18, 31, 25]"
22,"[18, 31, 69]"
21,"[18, 31, 20]"
16,"[18, 5]"
16,"[18, 5, 70]"
31,"[18, 42]"
28,"[18, 42, 69]"
20,"[18, 42, 42]"
24,"[18, 42, 29]"
21,"[18, 42, 6]"
16,"[18, 42, 56]"
18,"[18, 42, 35]"
18,"[18, 42, 58]"
28,"[18, 42, 70]"
19,"[18, 42, 34]"
22,"[18, 42, 33]"
23,"[18, 42, 28]"
24,"[18, 42, 25]"
26,"[18, 42, 48]"
24,"[18, 42, 54]"
22,"[18, 42, 0]"
20,"[18, 42, 20]"
20,"[18, 42, 27]"
24,"[18, 42, 17]"
21,"[18, 42, 51]"
16,"[18, 42, 49]"
19,"[18, 42, 13]"
18,"[18, 42, 53]"
16,"[18, 42, 14]"
26,"[18, 12]"
23,"[18, 12, 42]"
18,"[18, 12, 0]"
24,"[18, 12, 69]"
17,"[18, 12, 51]"
22,"[18, 12, 70]"
18,"[18, 12, 25]"
20,"[18, 12, 48]"
18,"[18, 12, 54]"
16,"[18, 12, 29]"
16,"[18, 12, 33]"
17,"[18, 12, 17]"
29,"[18, 51]"
23,"[18, 51, 70]"
20,"[18, 51, 25]"
22,"[18, 51, 48]"
18,"[18, 51, 54]"
17,"[18, 51, 49]"
20,"[18, 51, 29]"
17,"[18, 51, 42]"
22,"[18, 51, 69]"
18,"[18, 51, 27]"
22,"[18, 51, 17]"
18,"[18, 51, 13]"
17,"[18, 51, 53]"
17,"[18, 51, 33]"
19,"[18, 51, 0]"
16,"[18, 51, 6]"
16,"[18, 51, 56]"
16,"[18, 51, 28]"
21,"[18, 14]"
16,"[18, 14, 69]"
17,"[18, 14, 17]"
16,"[18, 14, 0]"
17,"[18, 14, 70]"
16,"[18, 14, 54]"
18,"[18, 14, 51]"
29,"[18, 9]"
28,"[18, 9, 27]"
28,"[18, 9, 17]"
27,"[18, 9, 29]"
28,"[18, 9, 0]"
24,"[18, 9, 3]"
28,"[18, 9, 6]"
21,"[18, 9, 7]"
22,"[18, 9, 4]"
28,"[18, 9, 70]"
20,"[18, 9, 55]"
23,"[18, 9, 33]"
24,"[18, 9, 69]"
17,"[18, 9, 42]"
26,"[18, 9, 54]"
27,"[18, 9, 48]"
23,"[18, 9, 56]"
24,"[18, 9, 28]"
26,"[18, 9, 25]"
21,"[18, 9, 10]"
18,"[18, 9, 11]"
24,"[18, 9, 20]"
23,"[18, 9, 34]"
16,"[18, 9, 32]"
24,"[18, 9, 35]"
23,"[18, 9, 58]"
18,"[18, 9, 37]"
17,"[18, 9, 26]"
20,"[18, 9, 49]"
16,"[18, 9, 65]"
18,"[18, 9, 63]"
18,"[18, 43]"
17,"[18, 65]"
17,"[18, 65, 17]"
17,"[18, 65, 0]"
17,"[18, 65, 29]"
16,"[18, 65, 6]"
17,"[18, 65, 70]"
16,"[18, 65, 28]"
17,"[18, 65, 25]"
17,"[18, 65, 48]"
17,"[18, 65, 54]"
21,"[18, 63]"
17,"[18, 63, 69]"
21,"[18, 63, 70]"
16,"[18, 63, 33]"
17,"[18, 63, 28]"
20,"[18, 63, 54]"
17,"[18, 63, 0]"
20,"[18, 63, 17]"
18,"[18, 63, 29]"
18,"[18, 63, 25]"
20,"[18, 63, 48]"
17,"[18, 63, 20]"
38,[55]
21,"[55, 54]"
17,"[55, 54, 17]"
16,"[55, 54, 29]"
18,"[55, 54, 70]"
24,"[55, 20]"
21,"[55, 20, 69]"
21,"[55, 20, 70]"
16,"[55, 20, 0]"
22,"[55, 27]"
20,"[55, 27, 17]"
16,"[55, 27, 29]"
16,"[55, 27, 70]"
28,"[55, 17]"
20,"[55, 17, 29]"
20,"[55, 17, 69]"
23,"[55, 17, 70]"
16,"[55, 17, 0]"
17,"[55, 17, 27]"
19,"[55, 17, 17]"
27,"[55, 29]"
19,"[55, 29, 69]"
24,"[55, 29, 70]"
18,"[55, 29, 0]"
18,"[55, 29, 27]"
22,"[55, 29, 17]"
19,"[55, 29, 29]"
16,"[55, 29, 4]"
18,"[55, 29, 6]"
34,"[55, 69]"
24,"[55, 69, 70]"
17,"[55, 69, 48]"
16,"[55, 69, 27]"
19,"[55, 69, 17]"
19,"[55, 69, 29]"
16,"[55, 69, 33]"
21,"[55, 69, 69]"
17,"[55, 69, 42]"
35,"[55, 70]"
21,"[55, 70, 48]"
20,"[55, 70, 0]"
21,"[55, 70, 55]"
20,"[55, 70, 54]"
17,"[55, 70, 49]"
27,"[55, 70, 70]"
20,"[55, 70, 27]"
25,"[55, 70, 17]"
22,"[55, 70, 29]"
16,"[55, 70, 4]"
18,"[55, 70, 6]"
16,"[55, 70, 33]"
17,"[55, 70, 25]"
26,"[55, 70, 69]"
24,"[55, 48]"
16,"[55, 48, 0]"
19,"[55, 48, 70]"
16,"[55, 48, 17]"
16,"[55, 48, 29]"
17,"[55, 48, 69]"
24,"[55, 0]"
19,"[55, 0, 70]"
18,"[55, 0, 17]"
16,"[55, 0, 29]"
19,"[55, 0, 69]"
21,"[55, 55]"
16,"[55, 55, 70]"
16,"[55, 55, 69]"
18,"[55, 49]"
16,"[55, 49, 70]"
19,"[55, 4]"
16,"[55, 4, 70]"
20,"[55, 6]"
18,"[55, 6, 70]"
16,"[55, 6, 69]"
17,"[55, 6, 4]"
20,"[55, 33]"
16,"[55, 33, 29]"
16,"[55, 33, 69]"
16,"[55, 28]"
19,"[55, 25]"
16,"[55, 25, 48]"
16,"[55, 13]"
17,"[55, 42]"
47,[20]
37,"[20, 37]"
29,"[20, 37, 26]"
26,"[20, 37, 50]"
23,"[20, 37, 32]"
22,"[20, 37, 18]"
20,"[20, 37, 8]"
30,"[20, 37, 27]"
36,"[20, 37, 17]"
34,"[20, 37, 29]"
32,"[20, 37, 69]"
36,"[20, 37, 70]"
30,"[20, 37, 48]"
31,"[20, 37, 0]"
27,"[20, 37, 55]"
29,"[20, 37, 54]"
24,"[20, 37, 49]"
17,"[20, 37, 10]"
20,"[20, 37, 56]"
17,"[20, 37, 35]"
16,"[20, 37, 58]"
26,"[20, 37, 60]"
23,"[20, 37, 4]"
16,"[20, 37, 3]"
28,"[20, 37, 6]"
18,"[20, 37, 34]"
21,"[20, 37, 33]"
24,"[20, 37, 28]"
27,"[20, 37, 25]"
22,"[20, 37, 20]"
17,"[20, 37, 13]"
16,"[20, 37, 37]"
18,"[20, 37, 42]"
16,"[20, 37, 12]"
17,"[20, 37, 51]"
17,"[20, 37, 36]"
35,"[20, 26]"
29,"[20, 26, 50]"
21,"[20, 26, 32]"
21,"[20, 26, 18]"
19,"[20, 26, 8]"
26,"[20, 26, 27]"
33,"[20, 26, 17]"
30,"[20, 26, 29]"
28,"[20, 26, 69]"
33,"[20, 26, 70]"
31,"[20, 26, 48]"
27,"[20, 26, 0]"
24,"[20, 26, 55]"
24,"[20, 26, 54]"
23,"[20, 26, 49]"
16,"[20, 26, 10]"
18,"[20, 26, 56]"
16,"[20, 26, 35]"
17,"[20, 26, 60]"
23,"[20, 26, 4]"
16,"[20, 26, 3]"
28,"[20, 26, 6]"
16,"[20, 26, 34]"
22,"[20, 26, 33]"
23,"[20, 26, 28]"
26,"[20, 26, 25]"
19,"[20, 26, 20]"
16,"[20, 26, 37]"
16,"[20, 26, 42]"
16,"[20, 26, 51]"
32,"[20, 50]"
17,"[20, 50, 32]"
16,"[20, 50, 18]"
17,"[20, 50, 8]"
21,"[20, 50, 27]"
30,"[20, 50, 17]"
26,"[20, 50, 29]"
24,"[20, 50, 69]"
29,"[20, 50, 70]"
25,"[20, 50, 48]"
24,"[20, 50, 0]"
21,"[20, 50, 55]"
22,"[20, 50, 54]"
22,"[20, 50, 49]"
16,"[20, 50, 56]"
19,"[20, 50, 4]"
23,"[20, 50, 6]"
19,"[20, 50, 33]"
19,"[20, 50, 28]"
22,"[20, 50, 25]"
16,"[20, 50, 20]"
29,"[20, 32]"
27,"[20, 32, 18]"
25,"[20, 32, 8]"
26,"[20, 32, 27]"
28,"[20, 32, 17]"
27,"[20, 32, 29]"
23,"[20, 32, 69]"
27,"[20, 32, 70]"
22,"[20, 32, 48]"
24,"[20, 32, 0]"
20,"[20, 32, 55]"
23,"[20, 32, 54]"
18,"[20, 32, 49]"
16,"[20, 32, 10]"
17,"[20, 32, 32]"
20,"[20, 32, 56]"
20,"[20, 32, 35]"
19,"[20, 32, 58]"
18,"[20, 32, 4]"
16,"[20, 32, 3]"
23,"[20, 32, 6]"
19,"[20, 32, 34]"
21,"[20, 32, 33]"
21,"[20, 32, 28]"
24,"[20, 32, 25]"
16,"[20, 32, 26]"
18,"[20, 32, 37]"
16,"[20, 32, 51]"
30,"[20, 18]"
26,"[20, 18, 8]"
26,"[20, 18, 27]"
29,"[20, 18, 17]"
29,"[20, 18, 29]"
25,"[20, 18, 69]"
29,"[20, 18, 70]"
24,"[20, 18, 48]"
25,"[20, 18, 0]"
21,"[20, 18, 55]"
25,"[20, 18, 54]"
20,"[20, 18, 49]"
17,"[20, 18, 10]"
17,"[20, 18, 32]"
21,"[20, 18, 56]"
21,"[20, 18, 35]"
18,"[20, 18, 58]"
19,"[20, 18, 4]"
16,"[20, 18, 3]"
25,"[20, 18, 6]"
16,"[20, 18, 7]"
19,"[20, 18, 34]"
21,"[20, 18, 33]"
22,"[20, 18, 28]"
25,"[20, 18, 25]"
17,"[20, 18, 20]"
16,"[20, 18, 26]"
19,"[20, 18, 37]"
16,"[20, 18, 51]"
28,"[20, 8]"
25,"[20, 8, 27]"
26,"[20, 8, 17]"
25,"[20, 8, 29]"
23,"[20, 8, 69]"
25,"[20, 8, 70]"
22,"[20, 8, 48]"
23,"[20, 8, 0]"
19,"[20, 8, 55]"
23,"[20, 8, 54]"
17,"[20, 8, 49]"
17,"[20, 8, 10]"
16,"[20, 8, 32]"
20,"[20, 8, 56]"
19,"[20, 8, 35]"
17,"[20, 8, 58]"
19,"[20, 8, 4]"
17,"[20, 8, 3]"
22,"[20, 8, 6]"
17,"[20, 8, 34]"
19,"[20, 8, 33]"
21,"[20, 8, 28]"
24,"[20, 8, 25]"
16,"[20, 8, 26]"
18,"[20, 8, 37]"
35,"[20, 27]"
33,"[20, 27, 17]"
30,"[20, 27, 29]"
27,"[20, 27, 69]"
32,"[20, 27, 70]"
25,"[20, 27, 48]"
30,"[20, 27, 0]"
23,"[20, 27, 55]"
27,"[20, 27, 54]"
21,"[20, 27, 49]"
20,"[20, 27, 10]"
21,"[20, 27, 27]"
21,"[20, 27, 56]"
23,"[20, 27, 35]"
21,"[20, 27, 58]"
21,"[20, 27, 4]"
20,"[20, 27, 3]"
28,"[20, 27, 6]"
17,"[20, 27, 7]"
20,"[20, 27, 34]"
24,"[20, 27, 33]"
23,"[20, 27, 28]"
26,"[20, 27, 25]"
18,"[20, 27, 20]"
16,"[20, 27, 26]"
18,"[20, 27, 37]"
16,"[20, 27, 51]"
44,"[20, 17]"
38,"[20, 17, 29]"
34,"[20, 17, 69]"
41,"[20, 17, 70]"
30,"[20, 17, 48]"
33,"[20, 17, 0]"
27,"[20, 17, 55]"
30,"[20, 17, 54]"
24,"[20, 17, 49]"
22,"[20, 17, 10]"
16,"[20, 17, 32]"
27,"[20, 17, 27]"
23,"[20, 17, 56]"
23,"[20, 17, 35]"
20,"[20, 17, 58]"
36,"[20, 17, 17]"
23,"[20, 17, 4]"
19,"[20, 17, 3]"
31,"[20, 17, 6]"
16,"[20, 17, 7]"
20,"[20, 17, 34]"
26,"[20, 17, 33]"
25,"[20, 17, 28]"
28,"[20, 17, 25]"
21,"[20, 17, 20]"
16,"[20, 17, 13]"
17,"[20, 17, 26]"
23,"[20, 17, 37]"
17,"[20, 17, 42]"
16,"[20, 17, 12]"
17,"[20, 17, 51]"
39,"[20, 29]"
32,"[20, 29, 69]"
39,"[20, 29, 70]"
30,"[20, 29, 48]"
32,"[20, 29, 0]"
25,"[20, 29, 55]"
27,"[20, 29, 54]"
26,"[20, 29, 49]"
22,"[20, 29, 10]"
19,"[20, 29, 32]"
27,"[20, 29, 27]"
24,"[20, 29, 56]"
21,"[20, 29, 35]"
18,"[20, 29, 58]"
35,"[20, 29, 17]"
33,"[20, 29, 29]"
22,"[20, 29, 4]"
28,"[20, 29, 6]"
17,"[20, 29, 7]"
20,"[20, 29, 34]"
24,"[20, 29, 33]"
23,"[20, 29, 28]"
27,"[20, 29, 25]"
20,"[20, 29, 20]"
17,"[20, 29, 13]"
17,"[20, 29, 26]"
23,"[20, 29, 37]"
18,"[20, 29, 42]"
16,"[20, 29, 12]"
19,"[20, 29, 51]"
40,"[20, 69]"
34,"[20, 69, 70]"
29,"[20, 69, 48]"
28,"[20, 69, 0]"
21,"[20, 69, 55]"
27,"[20, 69, 54]"
22,"[20, 69, 49]"
18,"[20, 69, 10]"
20,"[20, 69, 32]"
21,"[20, 69, 18]"
26,"[20, 69, 27]"
19,"[20, 69, 56]"
17,"[20, 69, 35]"
33,"[20, 69, 17]"
29,"[20, 69, 29]"
21,"[20, 69, 4]"
27,"[20, 69, 6]"
20,"[20, 69, 34]"
22,"[20, 69, 33]"
23,"[20, 69, 28]"
26,"[20, 69, 25]"
19,"[20, 69, 20]"
29,"[20, 69, 69]"
21,"[20, 69, 13]"
19,"[20, 69, 53]"
22,"[20, 69, 8]"
19,"[20, 69, 37]"
24,"[20, 69, 42]"
23,"[20, 69, 12]"
21,"[20, 69, 51]"
46,"[20, 70]"
40,"[20, 70, 48]"
36,"[20, 70, 0]"
31,"[20, 70, 55]"
39,"[20, 70, 54]"
33,"[20, 70, 49]"
44,"[20, 70, 70]"
20,"[20, 70, 10]"
23,"[20, 70, 32]"
23,"[20, 70, 18]"
30,"[20, 70, 27]"
23,"[20, 70, 56]"
21,"[20, 70, 50]"
23,"[20, 70, 35]"
20,"[20, 70, 58]"
41,"[20, 70, 17]"
38,"[20, 70, 29]"
21,"[20, 70, 60]"
23,"[20, 70, 4]"
18,"[20, 70, 3]"
31,"[20, 70, 6]"
25,"[20, 70, 34]"
28,"[20, 70, 33]"
35,"[20, 70, 28]"
39,"[20, 70, 25]"
29,"[20, 70, 20]"
36,"[20, 70, 69]"
20,"[20, 70, 13]"
18,"[20, 70, 53]"
23,"[20, 70, 8]"
23,"[20, 70, 26]"
28,"[20, 70, 37]"
21,"[20, 70, 12]"
21,"[20, 70, 42]"
21,"[20, 70, 51]"
17,"[20, 70, 36]"
16,"[20, 70, 63]"
43,"[20, 48]"
33,"[20, 48, 0]"
30,"[20, 48, 55]"
35,"[20, 48, 54]"
33,"[20, 48, 49]"
41,"[20, 48, 70]"
19,"[20, 48, 32]"
20,"[20, 48, 18]"
26,"[20, 48, 27]"
17,"[20, 48, 56]"
19,"[20, 48, 50]"
18,"[20, 48, 35]"
18,"[20, 48, 58]"
37,"[20, 48, 17]"
35,"[20, 48, 29]"
19,"[20, 48, 60]"
20,"[20, 48, 4]"
16,"[20, 48, 3]"
26,"[20, 48, 6]"
18,"[20, 48, 34]"
19,"[20, 48, 33]"
24,"[20, 48, 28]"
30,"[20, 48, 25]"
32,"[20, 48, 48]"
22,"[20, 48, 20]"
34,"[20, 48, 69]"
17,"[20, 48, 13]"
18,"[20, 48, 53]"
20,"[20, 48, 8]"
21,"[20, 48, 26]"
25,"[20, 48, 37]"
17,"[20, 48, 12]"
20,"[20, 48, 42]"
17,"[20, 48, 51]"
38,"[20, 0]"
25,"[20, 0, 55]"
27,"[20, 0, 54]"
25,"[20, 0, 49]"
35,"[20, 0, 70]"
18,"[20, 0, 10]"
18,"[20, 0, 32]"
26,"[20, 0, 27]"
21,"[20, 0, 56]"
20,"[20, 0, 35]"
19,"[20, 0, 58]"
29,"[20, 0, 0]"
34,"[20, 0, 17]"
34,"[20, 0, 29]"
22,"[20, 0, 4]"
23,"[20, 0, 3]"
26,"[20, 0, 6]"
16,"[20, 0, 7]"
19,"[20, 0, 34]"
22,"[20, 0, 33]"
23,"[20, 0, 28]"
26,"[20, 0, 25]"
28,"[20, 0, 48]"
16,"[20, 0, 20]"
33,"[20, 0, 69]"
17,"[20, 0, 13]"
21,"[20, 0, 37]"
17,"[20, 0, 42]"
17,"[20, 0, 12]"
19,"[20, 0, 51]"
32,"[20, 55]"
18,"[20, 55, 54]"
30,"[20, 55, 70]"
20,"[20, 55, 27]"
18,"[20, 55, 0]"
23,"[20, 55, 17]"
23,"[20, 55, 29]"
16,"[20, 55, 6]"
16,"[20, 55, 33]"
18,"[20, 55, 48]"
18,"[20, 55, 20]"
28,"[20, 55, 69]"
17,"[20, 55, 55]"
40,"[20, 54]"
21,"[20, 54, 49]"
38,"[20, 54, 70]"
16,"[20, 54, 10]"
19,"[20, 54, 32]"
16,"[20, 54, 18]"
26,"[20, 54, 27]"
19,"[20, 54, 56]"
19,"[20, 54, 50]"
29,"[20, 54, 0]"
37,"[20, 54, 17]"
33,"[20, 54, 29]"
16,"[20, 54, 60]"
17,"[20, 54, 4]"
25,"[20, 54, 6]"
17,"[20, 54, 34]"
17,"[20, 54, 33]"
21,"[20, 54, 28]"
24,"[20, 54, 25]"
27,"[20, 54, 48]"
27,"[20, 54, 54]"
20,"[20, 54, 20]"
31,"[20, 54, 69]"
17,"[20, 54, 13]"
17,"[20, 54, 8]"
19,"[20, 54, 26]"
22,"[20, 54, 37]"
27,"[20, 54, 55]"
18,"[20, 54, 42]"
34,"[20, 49]"
33,"[20, 49, 70]"
18,"[20, 49, 32]"
23,"[20, 49, 27]"
25,"[20, 49, 0]"
30,"[20, 49, 17]"
30,"[20, 49, 29]"
17,"[20, 49, 4]"
21,"[20, 49, 6]"
22,"[20, 49, 48]"
26,"[20, 49, 54]"
27,"[20, 49, 69]"
16,"[20, 49, 8]"
16,"[20, 49, 37]"
28,"[20, 49, 55]"
20,"[20, 49, 49]"
24,"[20, 10]"
17,"[20, 10, 27]"
21,"[20, 10, 56]"
24,"[20, 10, 70]"
16,"[20, 10, 35]"
20,"[20, 10, 0]"
23,"[20, 10, 17]"
23,"[20, 10, 29]"
16,"[20, 10, 6]"
18,"[20, 10, 33]"
17,"[20, 10, 28]"
19,"[20, 10, 25]"
18,"[20, 10, 48]"
18,"[20, 10, 54]"
20,"[20, 10, 69]"
19,"[20, 10, 55]"
17,"[20, 10, 49]"
25,"[20, 56]"
25,"[20, 56, 70]"
16,"[20, 56, 35]"
20,"[20, 56, 0]"
17,"[20, 56, 27]"
23,"[20, 56, 17]"
21,"[20, 56, 29]"
17,"[20, 56, 6]"
19,"[20, 56, 33]"
18,"[20, 56, 28]"
21,"[20, 56, 25]"
19,"[20, 56, 48]"
19,"[20, 56, 54]"
22,"[20, 56, 69]"
18,"[20, 56, 55]"
18,"[20, 56, 49]"
28,"[20, 35]"
19,"[20, 35, 58]"
28,"[20, 35, 70]"
22,"[20, 35, 0]"
19,"[20, 35, 27]"
26,"[20, 35, 17]"
25,"[20, 35, 29]"
19,"[20, 35, 6]"
18,"[20, 35, 34]"
18,"[20, 35, 33]"
20,"[20, 35, 28]"
22,"[20, 35, 25]"
22,"[20, 35, 48]"
23,"[20, 35, 54]"
16,"[20, 35, 20]"
25,"[20, 35, 69]"
18,"[20, 35, 37]"
19,"[20, 35, 55]"
19,"[20, 35, 49]"
26,"[20, 58]"
26,"[20, 58, 70]"
21,"[20, 58, 0]"
19,"[20, 58, 27]"
24,"[20, 58, 17]"
24,"[20, 58, 29]"
17,"[20, 58, 6]"
17,"[20, 58, 34]"
18,"[20, 58, 33]"
20,"[20, 58, 28]"
21,"[20, 58, 25]"
21,"[20, 58, 48]"
23,"[20, 58, 54]"
16,"[20, 58, 20]"
22,"[20, 58, 69]"
16,"[20, 58, 56]"
16,"[20, 58, 37]"
18,"[20, 58, 55]"
17,"[20, 58, 49]"
28,"[20, 60]"
17,"[20, 60, 4]"
20,"[20, 60, 6]"
28,"[20, 60, 70]"
17,"[20, 60, 33]"
16,"[20, 60, 28]"
20,"[20, 60, 27]"
26,"[20, 60, 17]"
23,"[20, 60, 29]"
22,"[20, 60, 0]"
19,"[20, 60, 25]"
22,"[20, 60, 48]"
20,"[20, 60, 54]"
23,"[20, 60, 69]"
16,"[20, 60, 32]"
17,"[20, 60, 18]"
17,"[20, 60, 8]"
19,"[20, 60, 26]"
21,"[20, 60, 50]"
21,"[20, 60, 55]"
19,"[20, 60, 49]"
16,"[20, 60, 60]"
28,"[20, 4]"
17,"[20, 4, 6]"
27,"[20, 4, 70]"
16,"[20, 4, 34]"
17,"[20, 4, 33]"
17,"[20, 4, 28]"
16,"[20, 4, 27]"
21,"[20, 4, 17]"
22,"[20, 4, 29]"
22,"[20, 4, 0]"
20,"[20, 4, 25]"
21,"[20, 4, 48]"
17,"[20, 4, 54]"
23,"[20, 4, 69]"
18,"[20, 4, 55]"
18,"[20, 4, 49]"
23,"[20, 3]"
18,"[20, 3, 6]"
22,"[20, 3, 70]"
17,"[20, 3, 27]"
19,"[20, 3, 17]"
20,"[20, 3, 29]"
17,"[20, 3, 0]"
17,"[20, 3, 25]"
16,"[20, 3, 48]"
16,"[20, 3, 54]"
20,"[20, 3, 69]"
35,"[20, 6]"
17,"[20, 6, 7]"
35,"[20, 6, 70]"
19,"[20, 6, 34]"
21,"[20, 6, 33]"
22,"[20, 6, 28]"
23,"[20, 6, 27]"
31,"[20, 6, 17]"
31,"[20, 6, 29]"
27,"[20, 6, 0]"
25,"[20, 6, 25]"
27,"[20, 6, 48]"
25,"[20, 6, 54]"
18,"[20, 6, 20]"
32,"[20, 6, 69]"
17,"[20, 6, 13]"
21,"[20, 6, 35]"
16,"[20, 6, 32]"
20,"[20, 6, 6]"
24,"[20, 6, 4]"
18,"[20, 6, 58]"
16,"[20, 6, 26]"
20,"[20, 6, 56]"
20,"[20, 6, 37]"
25,"[20, 6, 55]"
22,"[20, 6, 49]"
16,"[20, 6, 10]"
17,"[20, 6, 42]"
18,"[20, 6, 51]"
17,"[20, 7]"
17,"[20, 7, 70]"
25,"[20, 34]"
20,"[20, 34, 33]"
21,"[20, 34, 28]"
21,"[20, 34, 27]"
23,"[20, 34, 17]"
22,"[20, 34, 29]"
21,"[20, 34, 0]"
24,"[20, 34, 25]"
21,"[20, 34, 48]"
21,"[20, 34, 54]"
20,"[20, 34, 69]"
16,"[20, 34, 32]"
16,"[20, 34, 8]"
23,"[20, 34, 70]"
18,"[20, 34, 6]"
17,"[20, 34, 26]"
17,"[20, 34, 37]"
18,"[20, 34, 55]"
19,"[20, 34, 49]"
29,"[20, 33]"
25,"[20, 33, 28]"
22,"[20, 33, 27]"
24,"[20, 33, 17]"
25,"[20, 33, 29]"
24,"[20, 33, 0]"
28,"[20, 33, 25]"
26,"[20, 33, 48]"
24,"[20, 33, 54]"
16,"[20, 33, 20]"
24,"[20, 33, 69]"
17,"[20, 33, 32]"
28,"[20, 33, 70]"
21,"[20, 33, 6]"
16,"[20, 33, 4]"
16,"[20, 33, 33]"
17,"[20, 33, 26]"
18,"[20, 33, 37]"
18,"[20, 33, 55]"
21,"[20, 33, 49]"
39,"[20, 28]"
29,"[20, 28, 27]"
35,"[20, 28, 17]"
33,"[20, 28, 29]"
30,"[20, 28, 0]"
37,"[20, 28, 25]"
35,"[20, 28, 48]"
35,"[20, 28, 54]"
24,"[20, 28, 20]"
32,"[20, 28, 69]"
17,"[20, 28, 13]"
16,"[20, 28, 53]"
20,"[20, 28, 35]"
20,"[20, 28, 32]"
21,"[20, 28, 18]"
19,"[20, 28, 8]"
38,"[20, 28, 70]"
26,"[20, 28, 6]"
19,"[20, 28, 4]"
19,"[20, 28, 58]"
19,"[20, 28, 34]"
20,"[20, 28, 33]"
29,"[20, 28, 28]"
22,"[20, 28, 26]"
20,"[20, 28, 50]"
17,"[20, 28, 56]"
26,"[20, 28, 37]"
25,"[20, 28, 55]"
28,"[20, 28, 49]"
17,"[20, 28, 60]"
17,"[20, 28, 12]"
21,"[20, 28, 42]"
16,"[20, 28, 51]"
16,"[20, 28, 10]"
42,"[20, 25]"
38,"[20, 25, 48]"
36,"[20, 25, 54]"
23,"[20, 25, 20]"
33,"[20, 25, 69]"
18,"[20, 25, 13]"
17,"[20, 25, 53]"
22,"[20, 25, 35]"
22,"[20, 25, 32]"
23,"[20, 25, 18]"
22,"[20, 25, 8]"
41,"[20, 25, 70]"
27,"[20, 25, 6]"
20,"[20, 25, 4]"
21,"[20, 25, 58]"
20,"[20, 25, 34]"
21,"[20, 25, 33]"
27,"[20, 25, 28]"
21,"[20, 25, 26]"
19,"[20, 25, 50]"
18,"[20, 25, 56]"
26,"[20, 25, 37]"
29,"[20, 25, 55]"
33,"[20, 25, 49]"
33,"[20, 25, 0]"
36,"[20, 25, 29]"
37,"[20, 25, 17]"
29,"[20, 25, 27]"
18,"[20, 25, 60]"
29,"[20, 25, 25]"
18,"[20, 25, 12]"
22,"[20, 25, 42]"
17,"[20, 25, 51]"
30,"[20, 20]"
24,"[20, 20, 69]"
28,"[20, 20, 70]"
16,"[20, 20, 33]"
21,"[20, 20, 28]"
18,"[20, 20, 37]"
17,"[20, 20, 55]"
21,"[20, 20, 49]"
24,"[20, 20, 48]"
20,"[20, 20, 0]"
20,"[20, 20, 29]"
23,"[20, 20, 17]"
22,"[20, 20, 54]"
18,"[20, 20, 27]"
24,"[20, 20, 25]"
21,"[20, 13]"
17,"[20, 13, 53]"
17,"[20, 13, 70]"
20,"[20, 53]"
16,"[20, 53, 70]"
26,"[20, 42]"
20,"[20, 42, 69]"
17,"[20, 42, 29]"
22,"[20, 42, 70]"
17,"[20, 42, 48]"
16,"[20, 42, 0]"
18,"[20, 42, 17]"
17,"[20, 42, 51]"
24,"[20, 12]"
19,"[20, 12, 42]"
19,"[20, 12, 69]"
16,"[20, 12, 51]"
19,"[20, 12, 70]"
16,"[20, 12, 48]"
22,"[20, 51]"
18,"[20, 51, 70]"
16,"[20, 51, 48]"
16,"[20, 51, 17]"
16,"[20, 51, 69]"
19,"[20, 36]"
19,"[20, 36, 17]"
17,"[20, 36, 29]"
19,"[20, 36, 70]"
16,"[20, 63]"
39,[37]
31,"[37, 26]"
24,"[37, 26, 50]"
19,"[37, 26, 32]"
19,"[37, 26, 18]"
20,"[37, 26, 8]"
24,"[37, 26, 27]"
30,"[37, 26, 17]"
28,"[37, 26, 29]"
28,"[37, 26, 69]"
31,"[37, 26, 70]"
29,"[37, 26, 48]"
27,"[37, 26, 0]"
24,"[37, 26, 55]"
23,"[37, 26, 54]"
21,"[37, 26, 49]"
16,"[37, 26, 56]"
23,"[37, 26, 4]"
16,"[37, 26, 3]"
26,"[37, 26, 6]"
21,"[37, 26, 33]"
24,"[37, 26, 28]"
24,"[37, 26, 25]"
19,"[37, 26, 20]"
27,"[37, 50]"
17,"[37, 50, 32]"
16,"[37, 50, 18]"
16,"[37, 50, 8]"
20,"[37, 50, 27]"
26,"[37, 50, 17]"
25,"[37, 50, 29]"
24,"[37, 50, 69]"
27,"[37, 50, 70]"
23,"[37, 50, 48]"
23,"[37, 50, 0]"
20,"[37, 50, 55]"
21,"[37, 50, 54]"
20,"[37, 50, 49]"
16,"[37, 50, 56]"
20,"[37, 50, 4]"
23,"[37, 50, 6]"
17,"[37, 50, 33]"
19,"[37, 50, 28]"
20,"[37, 50, 25]"
16,"[37, 50, 20]"
25,"[37, 32]"
23,"[37, 32, 18]"
21,"[37, 32, 8]"
23,"[37, 32, 27]"
24,"[37, 32, 17]"
23,"[37, 32, 29]"
21,"[37, 32, 69]"
22,"[37, 32, 70]"
19,"[37, 32, 48]"
22,"[37, 32, 0]"
19,"[37, 32, 55]"
18,"[37, 32, 54]"
16,"[37, 32, 49]"
16,"[37, 32, 10]"
17,"[37, 32, 56]"
16,"[37, 32, 35]"
17,"[37, 32, 4]"
19,"[37, 32, 6]"
17,"[37, 32, 33]"
16,"[37, 32, 28]"
18,"[37, 32, 25]"
24,"[37, 18]"
22,"[37, 18, 8]"
22,"[37, 18, 27]"
23,"[37, 18, 17]"
23,"[37, 18, 29]"
22,"[37, 18, 69]"
23,"[37, 18, 70]"
20,"[37, 18, 48]"
21,"[37, 18, 0]"
19,"[37, 18, 55]"
19,"[37, 18, 54]"
17,"[37, 18, 49]"
16,"[37, 18, 10]"
18,"[37, 18, 56]"
18,"[37, 18, 4]"
19,"[37, 18, 6]"
17,"[37, 18, 33]"
17,"[37, 18, 28]"
19,"[37, 18, 25]"
23,"[37, 8]"
21,"[37, 8, 27]"
22,"[37, 8, 17]"
22,"[37, 8, 29]"
22,"[37, 8, 69]"
22,"[37, 8, 70]"
19,"[37, 8, 48]"
19,"[37, 8, 0]"
19,"[37, 8, 55]"
19,"[37, 8, 54]"
17,"[37, 8, 49]"
16,"[37, 8, 10]"
18,"[37, 8, 56]"
19,"[37, 8, 4]"
19,"[37, 8, 6]"
17,"[37, 8, 33]"
18,"[37, 8, 28]"
19,"[37, 8, 25]"
32,"[37, 27]"
31,"[37, 27, 17]"
26,"[37, 27, 29]"
28,"[37, 27, 69]"
27,"[37, 27, 70]"
20,"[37, 27, 48]"
26,"[37, 27, 0]"
21,"[37, 27, 55]"
20,"[37, 27, 54]"
17,"[37, 27, 49]"
17,"[37, 27, 10]"
17,"[37, 27, 27]"
20,"[37, 27, 56]"
16,"[37, 27, 35]"
16,"[37, 27, 58]"
20,"[37, 27, 4]"
16,"[37, 27, 3]"
25,"[37, 27, 6]"
19,"[37, 27, 33]"
18,"[37, 27, 28]"
20,"[37, 27, 25]"
38,"[37, 17]"
32,"[37, 17, 29]"
34,"[37, 17, 69]"
34,"[37, 17, 70]"
22,"[37, 17, 48]"
28,"[37, 17, 0]"
25,"[37, 17, 55]"
22,"[37, 17, 54]"
19,"[37, 17, 49]"
17,"[37, 17, 10]"
23,"[37, 17, 27]"
21,"[37, 17, 56]"
16,"[37, 17, 35]"
16,"[37, 17, 58]"
29,"[37, 17, 17]"
23,"[37, 17, 4]"
16,"[37, 17, 3]"
27,"[37, 17, 6]"
16,"[37, 17, 34]"
21,"[37, 17, 33]"
20,"[37, 17, 28]"
21,"[37, 17, 25]"
17,"[37, 17, 20]"
36,"[37, 29]"
33,"[37, 29, 69]"
35,"[37, 29, 70]"
24,"[37, 29, 48]"
29,"[37, 29, 0]"
24,"[37, 29, 55]"
20,"[37, 29, 54]"
19,"[37, 29, 49]"
18,"[37, 29, 10]"
24,"[37, 29, 27]"
21,"[37, 29, 56]"
31,"[37, 29, 17]"
28,"[37, 29, 29]"
21,"[37, 29, 4]"
26,"[37, 29, 6]"
20,"[37, 29, 33]"
19,"[37, 29, 28]"
20,"[37, 29, 25]"
18,"[37, 29, 20]"
16,"[37, 29, 42]"
17,"[37, 29, 51]"
35,"[37, 69]"
30,"[37, 69, 70]"
25,"[37, 69, 48]"
26,"[37, 69, 0]"
20,"[37, 69, 55]"
20,"[37, 69, 54]"
19,"[37, 69, 49]"
17,"[37, 69, 32]"
16,"[37, 69, 18]"
24,"[37, 69, 27]"
17,"[37, 69, 56]"
29,"[37, 69, 17]"
26,"[37, 69, 29]"
19,"[37, 69, 4]"
25,"[37, 69, 6]"
19,"[37, 69, 33]"
19,"[37, 69, 28]"
20,"[37, 69, 25]"
28,"[37, 69, 69]"
18,"[37, 69, 13]"
16,"[37, 69, 53]"
18,"[37, 69, 8]"
19,"[37, 69, 42]"
17,"[37, 69, 12]"
19,"[37, 69, 51]"
38,"[37, 70]"
30,"[37, 70, 48]"
30,"[37, 70, 0]"
29,"[37, 70, 55]"
29,"[37, 70, 54]"
25,"[37, 70, 49]"
37,"[37, 70, 70]"
16,"[37, 70, 32]"
16,"[37, 70, 18]"
23,"[37, 70, 27]"
17,"[37, 70, 56]"
34,"[37, 70, 17]"
31,"[37, 70, 29]"
16,"[37, 70, 60]"
20,"[37, 70, 4]"
26,"[37, 70, 6]"
19,"[37, 70, 34]"
23,"[37, 70, 33]"
26,"[37, 70, 28]"
27,"[37, 70, 25]"
24,"[37, 70, 20]"
35,"[37, 70, 69]"
17,"[37, 70, 13]"
18,"[37, 70, 8]"
16,"[37, 70, 37]"
16,"[37, 70, 12]"
18,"[37, 70, 42]"
18,"[37, 70, 51]"
31,"[37, 48]"
23,"[37, 48, 0]"
22,"[37, 48, 55]"
23,"[37, 48, 54]"
21,"[37, 48, 49]"
28,"[37, 48, 70]"
20,"[37, 48, 27]"
26,"[37, 48, 17]"
25,"[37, 48, 29]"
17,"[37, 48, 4]"
20,"[37, 48, 6]"
16,"[37, 48, 28]"
19,"[37, 48, 25]"
18,"[37, 48, 48]"
27,"[37, 48, 69]"
33,"[37, 0]"
22,"[37, 0, 55]"
18,"[37, 0, 54]"
19,"[37, 0, 49]"
30,"[37, 0, 70]"
16,"[37, 0, 10]"
22,"[37, 0, 27]"
20,"[37, 0, 56]"
23,"[37, 0, 0]"
28,"[37, 0, 17]"
29,"[37, 0, 29]"
22,"[37, 0, 4]"
17,"[37, 0, 3]"
25,"[37, 0, 6]"
18,"[37, 0, 33]"
18,"[37, 0, 28]"
19,"[37, 0, 25]"
21,"[37, 0, 48]"
31,"[37, 0, 69]"
16,"[37, 0, 51]"
29,"[37, 55]"
25,"[37, 55, 70]"
16,"[37, 55, 27]"
16,"[37, 55, 0]"
20,"[37, 55, 17]"
19,"[37, 55, 29]"
18,"[37, 55, 20]"
29,"[37, 55, 69]"
31,"[37, 54]"
30,"[37, 54, 70]"
18,"[37, 54, 27]"
24,"[37, 54, 0]"
28,"[37, 54, 17]"
25,"[37, 54, 29]"
16,"[37, 54, 4]"
22,"[37, 54, 6]"
19,"[37, 54, 48]"
18,"[37, 54, 54]"
18,"[37, 54, 20]"
29,"[37, 54, 69]"
23,"[37, 54, 55]"
25,"[37, 49]"
24,"[37, 49, 70]"
16,"[37, 49, 27]"
17,"[37, 49, 0]"
21,"[37, 49, 17]"
22,"[37, 49, 29]"
16,"[37, 49, 4]"
17,"[37, 49, 6]"
17,"[37, 49, 54]"
24,"[37, 49, 69]"
21,"[37, 49, 55]"
19,"[37, 10]"
17,"[37, 10, 56]"
19,"[37, 10, 70]"
16,"[37, 10, 35]"
17,"[37, 10, 0]"
19,"[37, 10, 17]"
17,"[37, 10, 29]"
16,"[37, 10, 25]"
17,"[37, 10, 48]"
18,"[37, 10, 69]"
16,"[37, 10, 55]"
22,"[37, 56]"
22,"[37, 56, 70]"
16,"[37, 56, 35]"
18,"[37, 56, 0]"
21,"[37, 56, 17]"
18,"[37, 56, 29]"
16,"[37, 56, 6]"
16,"[37, 56, 33]"
16,"[37, 56, 28]"
18,"[37, 56, 25]"
18,"[37, 56, 48]"
17,"[37, 56, 54]"
22,"[37, 56, 69]"
16,"[37, 56, 55]"
16,"[37, 56, 49]"
19,"[37, 35]"
19,"[37, 35, 70]"
17,"[37, 35, 0]"
19,"[37, 35, 17]"
17,"[37, 35, 29]"
16,"[37, 35, 25]"
16,"[37, 35, 48]"
16,"[37, 35, 54]"
19,"[37, 35, 69]"
16,"[37, 35, 55]"
16,"[37, 35, 49]"
18,"[37, 58]"
18,"[37, 58, 70]"
17,"[37, 58, 0]"
18,"[37, 58, 17]"
16,"[37, 58, 29]"
16,"[37, 58, 48]"
16,"[37, 58, 54]"
18,"[37, 58, 69]"
28,"[37, 60]"
19,"[37, 60, 4]"
22,"[37, 60, 6]"
28,"[37, 60, 70]"
17,"[37, 60, 33]"
18,"[37, 60, 28]"
21,"[37, 60, 27]"
26,"[37, 60, 17]"
24,"[37, 60, 29]"
23,"[37, 60, 0]"
19,"[37, 60, 25]"
22,"[37, 60, 48]"
20,"[37, 60, 54]"
16,"[37, 60, 20]"
25,"[37, 60, 69]"
17,"[37, 60, 32]"
18,"[37, 60, 18]"
19,"[37, 60, 8]"
19,"[37, 60, 26]"
20,"[37, 60, 50]"
22,"[37, 60, 55]"
19,"[37, 60, 49]"
25,"[37, 4]"
16,"[37, 4, 6]"
24,"[37, 4, 70]"
16,"[37, 4, 28]"
19,"[37, 4, 17]"
19,"[37, 4, 29]"
20,"[37, 4, 0]"
17,"[37, 4, 25]"
18,"[37, 4, 48]"
24,"[37, 4, 69]"
17,"[37, 4, 4]"
17,"[37, 4, 55]"
17,"[37, 3]"
17,"[37, 3, 70]"
17,"[37, 3, 69]"
31,"[37, 6]"
31,"[37, 6, 70]"
16,"[37, 6, 34]"
19,"[37, 6, 33]"
20,"[37, 6, 28]"
21,"[37, 6, 27]"
27,"[37, 6, 17]"
26,"[37, 6, 29]"
26,"[37, 6, 0]"
21,"[37, 6, 25]"
24,"[37, 6, 48]"
20,"[37, 6, 54]"
16,"[37, 6, 20]"
31,"[37, 6, 69]"
16,"[37, 6, 35]"
18,"[37, 6, 6]"
25,"[37, 6, 4]"
16,"[37, 6, 58]"
20,"[37, 6, 56]"
24,"[37, 6, 55]"
19,"[37, 6, 49]"
19,"[37, 34]"
17,"[37, 34, 33]"
17,"[37, 34, 28]"
17,"[37, 34, 17]"
17,"[37, 34, 29]"
17,"[37, 34, 0]"
19,"[37, 34, 25]"
18,"[37, 34, 48]"
18,"[37, 34, 69]"
18,"[37, 34, 70]"
16,"[37, 34, 49]"
24,"[37, 33]"
20,"[37, 33, 28]"
20,"[37, 33, 17]"
20,"[37, 33, 29]"
19,"[37, 33, 0]"
22,"[37, 33, 25]"
21,"[37, 33, 48]"
16,"[37, 33, 54]"
22,"[37, 33, 69]"
21,"[37, 33, 70]"
18,"[37, 33, 6]"
16,"[37, 33, 55]"
16,"[37, 33, 49]"
27,"[37, 28]"
17,"[37, 28, 27]"
23,"[37, 28, 17]"
21,"[37, 28, 29]"
20,"[37, 28, 0]"
22,"[37, 28, 25]"
22,"[37, 28, 48]"
20,"[37, 28, 54]"
23,"[37, 28, 69]"
25,"[37, 28, 70]"
19,"[37, 28, 6]"
17,"[37, 28, 55]"
17,"[37, 28, 49]"
28,"[37, 25]"
25,"[37, 25, 48]"
23,"[37, 25, 54]"
24,"[37, 25, 69]"
26,"[37, 25, 70]"
20,"[37, 25, 6]"
17,"[37, 25, 4]"
20,"[37, 25, 55]"
22,"[37, 25, 49]"
22,"[37, 25, 0]"
23,"[37, 25, 29]"
23,"[37, 25, 17]"
20,"[37, 25, 27]"
16,"[37, 25, 25]"
24,"[37, 20]"
22,"[37, 20, 69]"
20,"[37, 20, 70]"
16,"[37, 20, 48]"
17,"[37, 20, 0]"
19,"[37, 20, 17]"
18,"[37, 13]"
16,"[37, 53]"
17,"[37, 37]"
17,"[37, 37, 70]"
20,"[37, 42]"
17,"[37, 42, 69]"
16,"[37, 42, 70]"
18,"[37, 12]"
16,"[37, 12, 42]"
19,"[37, 51]"
17,"[37, 36]"
17,"[37, 36, 17]"
17,"[37, 36, 70]"
39,[26]
30,"[26, 50]"
17,"[26, 50, 32]"
16,"[26, 50, 18]"
16,"[26, 50, 8]"
20,"[26, 50, 27]"
27,"[26, 50, 17]"
24,"[26, 50, 29]"
23,"[26, 50, 69]"
28,"[26, 50, 70]"
26,"[26, 50, 48]"
23,"[26, 50, 0]"
21,"[26, 50, 55]"
21,"[26, 50, 54]"
21,"[26, 50, 49]"
20,"[26, 50, 4]"
22,"[26, 50, 6]"
19,"[26, 50, 33]"
18,"[26, 50, 28]"
21,"[26, 50, 25]"
16,"[26, 50, 20]"
21,"[26, 32]"
19,"[26, 32, 18]"
17,"[26, 32, 8]"
18,"[26, 32, 27]"
20,"[26, 32, 17]"
18,"[26, 32, 29]"
18,"[26, 32, 69]"
19,"[26, 32, 70]"
17,"[26, 32, 0]"
16,"[26, 32, 55]"
16,"[26, 32, 6]"
21,"[26, 18]"
18,"[26, 18, 8]"
18,"[26, 18, 27]"
20,"[26, 18, 17]"
20,"[26, 18, 29]"
19,"[26, 18, 69]"
20,"[26, 18, 70]"
16,"[26, 18, 48]"
17,"[26, 18, 0]"
16,"[26, 18, 55]"
17,"[26, 18, 6]"
21,"[26, 8]"
18,"[26, 8, 27]"
20,"[26, 8, 17]"
18,"[26, 8, 29]"
19,"[26, 8, 69]"
19,"[26, 8, 70]"
17,"[26, 8, 48]"
17,"[26, 8, 0]"
17,"[26, 8, 55]"
16,"[26, 8, 4]"
17,"[26, 8, 6]"
16,"[26, 8, 33]"
16,"[26, 8, 25]"
27,"[26, 27]"
25,"[26, 27, 17]"
21,"[26, 27, 29]"
24,"[26, 27, 69]"
23,"[26, 27, 70]"
18,"[26, 27, 48]"
22,"[26, 27, 0]"
18,"[26, 27, 55]"
16,"[26, 27, 54]"
18,"[26, 27, 4]"
22,"[26, 27, 6]"
17,"[26, 27, 33]"
18,"[26, 27, 25]"
36,"[26, 17]"
29,"[26, 17, 29]"
30,"[26, 17, 69]"
32,"[26, 17, 70]"
21,"[26, 17, 48]"
25,"[26, 17, 0]"
23,"[26, 17, 55]"
19,"[26, 17, 54]"
18,"[26, 17, 49]"
20,"[26, 17, 27]"
18,"[26, 17, 56]"
29,"[26, 17, 17]"
22,"[26, 17, 4]"
16,"[26, 17, 3]"
26,"[26, 17, 6]"
20,"[26, 17, 33]"
17,"[26, 17, 28]"
19,"[26, 17, 25]"
31,"[26, 29]"
27,"[26, 29, 69]"
30,"[26, 29, 70]"
22,"[26, 29, 48]"
23,"[26, 29, 0]"
19,"[26, 29, 55]"
17,"[26, 29, 49]"
20,"[26, 29, 27]"
17,"[26, 29, 56]"
27,"[26, 29, 17]"
24,"[26, 29, 29]"
19,"[26, 29, 4]"
23,"[26, 29, 6]"
19,"[26, 29, 33]"
17,"[26, 29, 25]"
31,"[26, 69]"
29,"[26, 69, 70]"
25,"[26, 69, 48]"
24,"[26, 69, 0]"
21,"[26, 69, 55]"
19,"[26, 69, 54]"
18,"[26, 69, 49]"
16,"[26, 69, 32]"
23,"[26, 69, 27]"
17,"[26, 69, 56]"
28,"[26, 69, 17]"
23,"[26, 69, 29]"
19,"[26, 69, 4]"
23,"[26, 69, 6]"
19,"[26, 69, 33]"
19,"[26, 69, 28]"
20,"[26, 69, 25]"
28,"[26, 69, 69]"
16,"[26, 69, 8]"
17,"[26, 69, 42]"
16,"[26, 69, 12]"
17,"[26, 69, 51]"
36,"[26, 70]"
32,"[26, 70, 48]"
27,"[26, 70, 0]"
28,"[26, 70, 55]"
25,"[26, 70, 54]"
24,"[26, 70, 49]"
33,"[26, 70, 70]"
16,"[26, 70, 32]"
22,"[26, 70, 27]"
16,"[26, 70, 56]"
33,"[26, 70, 17]"
27,"[26, 70, 29]"
19,"[26, 70, 4]"
24,"[26, 70, 6]"
17,"[26, 70, 34]"
22,"[26, 70, 33]"
24,"[26, 70, 28]"
25,"[26, 70, 25]"
20,"[26, 70, 20]"
31,"[26, 70, 69]"
16,"[26, 70, 8]"
16,"[26, 70, 12]"
17,"[26, 70, 42]"
17,"[26, 70, 51]"
34,"[26, 48]"
21,"[26, 48, 0]"
23,"[26, 48, 55]"
22,"[26, 48, 54]"
20,"[26, 48, 49]"
29,"[26, 48, 70]"
19,"[26, 48, 27]"
27,"[26, 48, 17]"
24,"[26, 48, 29]"
17,"[26, 48, 4]"
20,"[26, 48, 6]"
16,"[26, 48, 33]"
17,"[26, 48, 25]"
16,"[26, 48, 48]"
16,"[26, 48, 20]"
28,"[26, 48, 69]"
30,"[26, 0]"
20,"[26, 0, 55]"
16,"[26, 0, 54]"
17,"[26, 0, 49]"
27,"[26, 0, 70]"
19,"[26, 0, 27]"
16,"[26, 0, 56]"
20,"[26, 0, 0]"
26,"[26, 0, 17]"
25,"[26, 0, 29]"
21,"[26, 0, 4]"
18,"[26, 0, 3]"
23,"[26, 0, 6]"
17,"[26, 0, 33]"
16,"[26, 0, 25]"
19,"[26, 0, 48]"
27,"[26, 0, 69]"
28,"[26, 55]"
23,"[26, 55, 70]"
16,"[26, 55, 27]"
17,"[26, 55, 0]"
20,"[26, 55, 17]"
19,"[26, 55, 29]"
16,"[26, 55, 48]"
16,"[26, 55, 20]"
26,"[26, 55, 69]"
28,"[26, 54]"
26,"[26, 54, 70]"
16,"[26, 54, 27]"
19,"[26, 54, 0]"
24,"[26, 54, 17]"
20,"[26, 54, 29]"
19,"[26, 54, 6]"
20,"[26, 54, 48]"
16,"[26, 54, 54]"
24,"[26, 54, 69]"
21,"[26, 54, 55]"
24,"[26, 49]"
21,"[26, 49, 70]"
19,"[26, 49, 17]"
18,"[26, 49, 29]"
16,"[26, 49, 6]"
16,"[26, 49, 54]"
20,"[26, 49, 69]"
21,"[26, 49, 55]"
17,"[26, 10]"
17,"[26, 10, 70]"
17,"[26, 10, 17]"
16,"[26, 10, 29]"
16,"[26, 10, 69]"
19,"[26, 56]"
19,"[26, 56, 70]"
18,"[26, 56, 17]"
17,"[26, 56, 25]"
17,"[26, 56, 48]"
19,"[26, 56, 69]"
16,"[26, 35]"
16,"[26, 35, 70]"
16,"[26, 35, 17]"
16,"[26, 35, 69]"
18,"[26, 60]"
16,"[26, 60, 70]"
25,"[26, 4]"
16,"[26, 4, 6]"
24,"[26, 4, 70]"
17,"[26, 4, 17]"
18,"[26, 4, 29]"
18,"[26, 4, 0]"
16,"[26, 4, 25]"
18,"[26, 4, 48]"
23,"[26, 4, 69]"
16,"[26, 4, 55]"
18,"[26, 3]"
18,"[26, 3, 70]"
18,"[26, 3, 69]"
29,"[26, 6]"
29,"[26, 6, 70]"
19,"[26, 6, 33]"
18,"[26, 6, 28]"
20,"[26, 6, 27]"
25,"[26, 6, 17]"
24,"[26, 6, 29]"
21,"[26, 6, 0]"
19,"[26, 6, 25]"
23,"[26, 6, 48]"
18,"[26, 6, 54]"
28,"[26, 6, 69]"
17,"[26, 6, 6]"
22,"[26, 6, 4]"
18,"[26, 6, 56]"
23,"[26, 6, 55]"
18,"[26, 6, 49]"
18,"[26, 34]"
16,"[26, 34, 33]"
17,"[26, 34, 28]"
16,"[26, 34, 17]"
16,"[26, 34, 29]"
18,"[26, 34, 25]"
17,"[26, 34, 48]"
17,"[26, 34, 69]"
17,"[26, 34, 70]"
23,"[26, 33]"
18,"[26, 33, 28]"
18,"[26, 33, 17]"
18,"[26, 33, 29]"
17,"[26, 33, 0]"
19,"[26, 33, 25]"
18,"[26, 33, 48]"
21,"[26, 33, 69]"
19,"[26, 33, 70]"
16,"[26, 33, 55]"
27,"[26, 28]"
16,"[26, 28, 27]"
22,"[26, 28, 17]"
20,"[26, 28, 29]"
17,"[26, 28, 0]"
22,"[26, 28, 25]"
22,"[26, 28, 48]"
18,"[26, 28, 54]"
23,"[26, 28, 69]"
24,"[26, 28, 70]"
17,"[26, 28, 6]"
16,"[26, 28, 55]"
27,"[26, 25]"
24,"[26, 25, 48]"
21,"[26, 25, 54]"
23,"[26, 25, 69]"
25,"[26, 25, 70]"
18,"[26, 25, 6]"
20,"[26, 25, 55]"
20,"[26, 25, 49]"
18,"[26, 25, 0]"
22,"[26, 25, 29]"
23,"[26, 25, 17]"
20,"[26, 25, 27]"
16,"[26, 25, 25]"
23,"[26, 20]"
22,"[26, 20, 69]"
20,"[26, 20, 70]"
16,"[26, 20, 48]"
17,"[26, 20, 0]"
16,"[26, 20, 17]"
17,"[26, 37]"
16,"[26, 37, 70]"
18,"[26, 42]"
17,"[26, 42, 69]"
16,"[26, 42, 70]"
17,"[26, 12]"
17,"[26, 51]"
34,[50]
18,"[50, 32]"
17,"[50, 32, 18]"
16,"[50, 32, 8]"
16,"[50, 32, 27]"
17,"[50, 32, 17]"
16,"[50, 32, 29]"
16,"[50, 32, 70]"
17,"[50, 18]"
16,"[50, 18, 8]"
16,"[50, 18, 17]"
16,"[50, 18, 29]"
16,"[50, 18, 70]"
18,"[50, 8]"
16,"[50, 8, 27]"
16,"[50, 8, 17]"
16,"[50, 8, 69]"
16,"[50, 8, 70]"
23,"[50, 27]"
22,"[50, 27, 17]"
19,"[50, 27, 29]"
21,"[50, 27, 69]"
21,"[50, 27, 70]"
18,"[50, 27, 0]"
16,"[50, 27, 55]"
16,"[50, 27, 4]"
19,"[50, 27, 6]"
32,"[50, 17]"
26,"[50, 17, 29]"
25,"[50, 17, 69]"
27,"[50, 17, 70]"
17,"[50, 17, 48]"
21,"[50, 17, 0]"
20,"[50, 17, 55]"
17,"[50, 17, 54]"
17,"[50, 17, 49]"
17,"[50, 17, 56]"
25,"[50, 17, 17]"
19,"[50, 17, 4]"
22,"[50, 17, 6]"
16,"[50, 17, 33]"
27,"[50, 29]"
23,"[50, 29, 69]"
26,"[50, 29, 70]"
18,"[50, 29, 48]"
20,"[50, 29, 0]"
18,"[50, 29, 55]"
16,"[50, 29, 27]"
16,"[50, 29, 56]"
23,"[50, 29, 17]"
21,"[50, 29, 29]"
17,"[50, 29, 4]"
19,"[50, 29, 6]"
16,"[50, 29, 33]"
26,"[50, 69]"
24,"[50, 69, 70]"
19,"[50, 69, 48]"
19,"[50, 69, 0]"
17,"[50, 69, 55]"
16,"[50, 69, 54]"
16,"[50, 69, 49]"
20,"[50, 69, 27]"
22,"[50, 69, 17]"
18,"[50, 69, 29]"
16,"[50, 69, 4]"
19,"[50, 69, 6]"
16,"[50, 69, 33]"
16,"[50, 69, 28]"
17,"[50, 69, 25]"
22,"[50, 69, 69]"
31,"[50, 70]"
25,"[50, 70, 48]"
23,"[50, 70, 0]"
24,"[50, 70, 55]"
23,"[50, 70, 54]"
22,"[50, 70, 49]"
29,"[50, 70, 70]"
18,"[50, 70, 27]"
28,"[50, 70, 17]"
22,"[50, 70, 29]"
16,"[50, 70, 4]"
19,"[50, 70, 6]"
18,"[50, 70, 33]"
19,"[50, 70, 28]"
20,"[50, 70, 25]"
17,"[50, 70, 20]"
26,"[50, 70, 69]"
26,"[50, 48]"
16,"[50, 48, 0]"
17,"[50, 48, 55]"
17,"[50, 48, 54]"
17,"[50, 48, 49]"
21,"[50, 48, 70]"
19,"[50, 48, 17]"
16,"[50, 48, 29]"
20,"[50, 48, 69]"
26,"[50, 0]"
17,"[50, 0, 55]"
16,"[50, 0, 49]"
23,"[50, 0, 70]"
16,"[50, 0, 27]"
16,"[50, 0, 56]"
17,"[50, 0, 0]"
23,"[50, 0, 17]"
23,"[50, 0, 29]"
18,"[50, 0, 4]"
20,"[50, 0, 6]"
23,"[50, 0, 69]"
24,"[50, 55]"
19,"[50, 55, 70]"
22,"[50, 55, 69]"
25,"[50, 54]"
23,"[50, 54, 70]"
17,"[50, 54, 0]"
21,"[50, 54, 17]"
17,"[50, 54, 29]"
21,"[50, 54, 69]"
19,"[50, 54, 55]"
22,"[50, 49]"
19,"[50, 49, 70]"
17,"[50, 49, 17]"
16,"[50, 49, 29]"
18,"[50, 49, 69]"
19,"[50, 49, 55]"
16,"[50, 10]"
16,"[50, 10, 70]"
18,"[50, 56]"
18,"[50, 56, 70]"
17,"[50, 56, 17]"
17,"[50, 56, 69]"
21,"[50, 4]"
20,"[50, 4, 70]"
16,"[50, 4, 0]"
18,"[50, 4, 69]"
24,"[50, 6]"
24,"[50, 6, 70]"
16,"[50, 6, 27]"
20,"[50, 6, 17]"
18,"[50, 6, 29]"
19,"[50, 6, 0]"
16,"[50, 6, 48]"
23,"[50, 6, 69]"
19,"[50, 6, 4]"
16,"[50, 6, 56]"
18,"[50, 6, 55]"
19,"[50, 33]"
16,"[50, 33, 69]"
21,"[50, 28]"
16,"[50, 28, 17]"
16,"[50, 28, 25]"
16,"[50, 28, 48]"
16,"[50, 28, 54]"
18,"[50, 28, 69]"
19,"[50, 28, 70]"
22,"[50, 25]"
18,"[50, 25, 48]"
18,"[50, 25, 54]"
18,"[50, 25, 69]"
20,"[50, 25, 70]"
17,"[50, 25, 55]"
19,"[50, 25, 49]"
17,"[50, 25, 29]"
18,"[50, 25, 17]"
19,"[50, 20]"
17,"[50, 20, 69]"
49,[8]
48,"[8, 27]"
46,"[8, 27, 17]"
44,"[8, 27, 29]"
42,"[8, 27, 69]"
48,"[8, 27, 70]"
44,"[8, 27, 48]"
16,"[8, 27, 21]"
45,"[8, 27, 0]"
31,"[8, 27, 55]"
40,"[8, 27, 54]"
33,"[8, 27, 49]"
35,"[8, 27, 10]"
27,"[8, 27, 32]"
21,"[8, 27, 18]"
35,"[8, 27, 27]"
35,"[8, 27, 56]"
19,"[8, 27, 11]"
20,"[8, 27, 57]"
21,"[8, 27, 50]"
38,"[8, 27, 35]"
36,"[8, 27, 58]"
19,"[8, 27, 59]"
20,"[8, 27, 1]"
20,"[8, 27, 60]"
35,"[8, 27, 4]"
34,"[8, 27, 3]"
44,"[8, 27, 6]"
30,"[8, 27, 7]"
36,"[8, 27, 34]"
39,"[8, 27, 33]"
38,"[8, 27, 28]"
42,"[8, 27, 25]"
34,"[8, 27, 20]"
24,"[8, 27, 13]"
24,"[8, 27, 53]"
24,"[8, 27, 8]"
26,"[8, 27, 26]"
29,"[8, 27, 37]"
26,"[8, 27, 42]"
23,"[8, 27, 12]"
25,"[8, 27, 51]"
18,"[8, 27, 14]"
16,"[8, 27, 65]"
19,"[8, 27, 63]"
49,"[8, 17]"
45,"[8, 17, 29]"
43,"[8, 17, 69]"
48,"[8, 17, 70]"
44,"[8, 17, 48]"
16,"[8, 17, 21]"
46,"[8, 17, 0]"
33,"[8, 17, 55]"
42,"[8, 17, 54]"
34,"[8, 17, 49]"
38,"[8, 17, 10]"
26,"[8, 17, 32]"
20,"[8, 17, 18]"
39,"[8, 17, 27]"
37,"[8, 17, 56]"
18,"[8, 17, 11]"
21,"[8, 17, 57]"
23,"[8, 17, 50]"
38,"[8, 17, 35]"
35,"[8, 17, 58]"
19,"[8, 17, 59]"
45,"[8, 17, 17]"
20,"[8, 17, 1]"
20,"[8, 17, 60]"
35,"[8, 17, 4]"
36,"[8, 17, 3]"
44,"[8, 17, 6]"
31,"[8, 17, 7]"
38,"[8, 17, 34]"
41,"[8, 17, 33]"
40,"[8, 17, 28]"
43,"[8, 17, 25]"
35,"[8, 17, 20]"
25,"[8, 17, 13]"
24,"[8, 17, 53]"
20,"[8, 17, 8]"
27,"[8, 17, 26]"
31,"[8, 17, 37]"
29,"[8, 17, 42]"
26,"[8, 17, 12]"
26,"[8, 17, 51]"
19,"[8, 17, 14]"
17,"[8, 17, 43]"
16,"[8, 17, 65]"
21,"[8, 17, 63]"
46,"[8, 29]"
41,"[8, 29, 69]"
46,"[8, 29, 70]"
43,"[8, 29, 48]"
16,"[8, 29, 21]"
43,"[8, 29, 0]"
31,"[8, 29, 55]"
39,"[8, 29, 54]"
34,"[8, 29, 49]"
35,"[8, 29, 10]"
26,"[8, 29, 32]"
20,"[8, 29, 18]"
36,"[8, 29, 27]"
36,"[8, 29, 56]"
19,"[8, 29, 11]"
22,"[8, 29, 57]"
22,"[8, 29, 50]"
37,"[8, 29, 35]"
36,"[8, 29, 58]"
21,"[8, 29, 59]"
45,"[8, 29, 17]"
44,"[8, 29, 29]"
17,"[8, 29, 1]"
19,"[8, 29, 60]"
34,"[8, 29, 4]"
21,"[8, 29, 3]"
45,"[8, 29, 6]"
32,"[8, 29, 7]"
36,"[8, 29, 34]"
40,"[8, 29, 33]"
38,"[8, 29, 28]"
42,"[8, 29, 25]"
34,"[8, 29, 20]"
23,"[8, 29, 13]"
22,"[8, 29, 53]"
19,"[8, 29, 8]"
26,"[8, 29, 26]"
30,"[8, 29, 37]"
29,"[8, 29, 42]"
22,"[8, 29, 12]"
24,"[8, 29, 51]"
17,"[8, 29, 14]"
16,"[8, 29, 65]"
20,"[8, 29, 63]"
45,"[8, 69]"
44,"[8, 69, 70]"
40,"[8, 69, 48]"
36,"[8, 69, 0]"
29,"[8, 69, 55]"
33,"[8, 69, 54]"
31,"[8, 69, 49]"
21,"[8, 69, 10]"
25,"[8, 69, 32]"
21,"[8, 69, 18]"
33,"[8, 69, 27]"
24,"[8, 69, 56]"
18,"[8, 69, 50]"
26,"[8, 69, 35]"
25,"[8, 69, 58]"
40,"[8, 69, 17]"
39,"[8, 69, 29]"
16,"[8, 69, 1]"
17,"[8, 69, 60]"
27,"[8, 69, 4]"
19,"[8, 69, 3]"
36,"[8, 69, 6]"
22,"[8, 69, 7]"
31,"[8, 69, 34]"
34,"[8, 69, 33]"
33,"[8, 69, 28]"
37,"[8, 69, 25]"
29,"[8, 69, 20]"
41,"[8, 69, 69]"
26,"[8, 69, 13]"
25,"[8, 69, 53]"
21,"[8, 69, 8]"
21,"[8, 69, 26]"
25,"[8, 69, 37]"
32,"[8, 69, 42]"
27,"[8, 69, 12]"
29,"[8, 69, 51]"
19,"[8, 69, 14]"
19,"[8, 69, 43]"
17,"[8, 69, 63]"
49,"[8, 70]"
48,"[8, 70, 48]"
44,"[8, 70, 0]"
35,"[8, 70, 55]"
43,"[8, 70, 54]"
38,"[8, 70, 49]"
49,"[8, 70, 70]"
23,"[8, 70, 10]"
26,"[8, 70, 32]"
21,"[8, 70, 18]"
37,"[8, 70, 27]"
28,"[8, 70, 56]"
23,"[8, 70, 50]"
32,"[8, 70, 35]"
29,"[8, 70, 58]"
46,"[8, 70, 17]"
43,"[8, 70, 29]"
17,"[8, 70, 1]"
21,"[8, 70, 60]"
32,"[8, 70, 4]"
24,"[8, 70, 3]"
40,"[8, 70, 6]"
21,"[8, 70, 7]"
40,"[8, 70, 34]"
43,"[8, 70, 33]"
43,"[8, 70, 28]"
46,"[8, 70, 25]"
37,"[8, 70, 20]"
43,"[8, 70, 69]"
24,"[8, 70, 13]"
24,"[8, 70, 53]"
23,"[8, 70, 8]"
27,"[8, 70, 26]"
32,"[8, 70, 37]"
25,"[8, 70, 12]"
29,"[8, 70, 42]"
27,"[8, 70, 51]"
16,"[8, 70, 43]"
17,"[8, 70, 14]"
16,"[8, 70, 65]"
21,"[8, 70, 63]"
48,"[8, 48]"
35,"[8, 48, 0]"
30,"[8, 48, 55]"
36,"[8, 48, 54]"
34,"[8, 48, 49]"
46,"[8, 48, 70]"
21,"[8, 48, 32]"
18,"[8, 48, 18]"
28,"[8, 48, 27]"
16,"[8, 48, 56]"
16,"[8, 48, 50]"
17,"[8, 48, 35]"
41,"[8, 48, 17]"
40,"[8, 48, 29]"
18,"[8, 48, 60]"
23,"[8, 48, 4]"
31,"[8, 48, 6]"
18,"[8, 48, 34]"
22,"[8, 48, 33]"
26,"[8, 48, 28]"
30,"[8, 48, 25]"
33,"[8, 48, 48]"
24,"[8, 48, 20]"
40,"[8, 48, 69]"
16,"[8, 48, 13]"
20,"[8, 48, 53]"
18,"[8, 48, 8]"
19,"[8, 48, 26]"
22,"[8, 48, 37]"
17,"[8, 48, 12]"
21,"[8, 48, 42]"
21,"[8, 48, 51]"
16,"[8, 21]"
46,"[8, 0]"
33,"[8, 0, 55]"
41,"[8, 0, 54]"
35,"[8, 0, 49]"
45,"[8, 0, 70]"
35,"[8, 0, 10]"
27,"[8, 0, 32]"
21,"[8, 0, 18]"
36,"[8, 0, 27]"
35,"[8, 0, 56]"
18,"[8, 0, 11]"
20,"[8, 0, 57]"
22,"[8, 0, 50]"
37,"[8, 0, 35]"
35,"[8, 0, 58]"
19,"[8, 0, 59]"
43,"[8, 0, 0]"
44,"[8, 0, 17]"
44,"[8, 0, 29]"
16,"[8, 0, 21]"
21,"[8, 0, 1]"
19,"[8, 0, 60]"
34,"[8, 0, 4]"
38,"[8, 0, 3]"
43,"[8, 0, 6]"
31,"[8, 0, 7]"
37,"[8, 0, 34]"
38,"[8, 0, 33]"
38,"[8, 0, 28]"
42,"[8, 0, 25]"
43,"[8, 0, 48]"
33,"[8, 0, 20]"
42,"[8, 0, 69]"
25,"[8, 0, 13]"
24,"[8, 0, 53]"
21,"[8, 0, 8]"
26,"[8, 0, 26]"
31,"[8, 0, 37]"
28,"[8, 0, 42]"
24,"[8, 0, 12]"
27,"[8, 0, 51]"
19,"[8, 0, 14]"
16,"[8, 0, 65]"
20,"[8, 0, 63]"
35,"[8, 55]"
16,"[8, 55, 54]"
31,"[8, 55, 70]"
19,"[8, 55, 27]"
20,"[8, 55, 0]"
25,"[8, 55, 17]"
23,"[8, 55, 29]"
16,"[8, 55, 6]"
16,"[8, 55, 33]"
20,"[8, 55, 48]"
20,"[8, 55, 20]"
32,"[8, 55, 69]"
18,"[8, 55, 55]"
16,"[8, 55, 42]"
45,"[8, 54]"
23,"[8, 54, 49]"
43,"[8, 54, 70]"
20,"[8, 54, 32]"
26,"[8, 54, 27]"
16,"[8, 54, 56]"
18,"[8, 54, 50]"
34,"[8, 54, 0]"
40,"[8, 54, 17]"
37,"[8, 54, 29]"
17,"[8, 54, 60]"
21,"[8, 54, 4]"
28,"[8, 54, 6]"
16,"[8, 54, 34]"
16,"[8, 54, 33]"
22,"[8, 54, 28]"
25,"[8, 54, 25]"
31,"[8, 54, 48]"
29,"[8, 54, 54]"
24,"[8, 54, 20]"
38,"[8, 54, 69]"
18,"[8, 54, 13]"
18,"[8, 54, 53]"
17,"[8, 54, 8]"
19,"[8, 54, 26]"
21,"[8, 54, 37]"
29,"[8, 54, 55]"
19,"[8, 54, 42]"
17,"[8, 54, 51]"
38,"[8, 49]"
35,"[8, 49, 70]"
17,"[8, 49, 32]"
22,"[8, 49, 27]"
25,"[8, 49, 0]"
31,"[8, 49, 17]"
31,"[8, 49, 29]"
19,"[8, 49, 4]"
22,"[8, 49, 6]"
16,"[8, 49, 33]"
16,"[8, 49, 28]"
23,"[8, 49, 48]"
27,"[8, 49, 54]"
19,"[8, 49, 20]"
30,"[8, 49, 69]"
29,"[8, 49, 55]"
18,"[8, 49, 49]"
17,"[8, 49, 51]"
41,"[8, 10]"
22,"[8, 10, 32]"
19,"[8, 10, 18]"
30,"[8, 10, 27]"
38,"[8, 10, 56]"
21,"[8, 10, 11]"
22,"[8, 10, 57]"
41,"[8, 10, 70]"
19,"[8, 10, 50]"
33,"[8, 10, 35]"
29,"[8, 10, 58]"
17,"[8, 10, 59]"
38,"[8, 10, 0]"
38,"[8, 10, 17]"
36,"[8, 10, 29]"
18,"[8, 10, 60]"
27,"[8, 10, 4]"
18,"[8, 10, 3]"
32,"[8, 10, 6]"
16,"[8, 10, 7]"
34,"[8, 10, 34]"
36,"[8, 10, 33]"
35,"[8, 10, 28]"
37,"[8, 10, 25]"
38,"[8, 10, 48]"
36,"[8, 10, 54]"
32,"[8, 10, 20]"
37,"[8, 10, 69]"
22,"[8, 10, 13]"
22,"[8, 10, 53]"
18,"[8, 10, 8]"
23,"[8, 10, 26]"
28,"[8, 10, 37]"
28,"[8, 10, 55]"
29,"[8, 10, 49]"
24,"[8, 10, 42]"
21,"[8, 10, 10]"
21,"[8, 10, 12]"
21,"[8, 10, 51]"
16,"[8, 10, 65]"
19,"[8, 10, 63]"
29,"[8, 32]"
21,"[8, 32, 18]"
24,"[8, 32, 27]"
17,"[8, 32, 56]"
26,"[8, 32, 70]"
16,"[8, 32, 35]"
23,"[8, 32, 0]"
28,"[8, 32, 17]"
25,"[8, 32, 29]"
18,"[8, 32, 4]"
21,"[8, 32, 6]"
18,"[8, 32, 34]"
17,"[8, 32, 33]"
19,"[8, 32, 28]"
21,"[8, 32, 25]"
22,"[8, 32, 48]"
19,"[8, 32, 54]"
23,"[8, 32, 69]"
19,"[8, 32, 8]"
18,"[8, 32, 55]"
16,"[8, 32, 49]"
24,"[8, 18]"
20,"[8, 18, 27]"
16,"[8, 18, 56]"
23,"[8, 18, 70]"
19,"[8, 18, 35]"
21,"[8, 18, 0]"
23,"[8, 18, 17]"
23,"[8, 18, 29]"
18,"[8, 18, 4]"
21,"[8, 18, 6]"
17,"[8, 18, 34]"
18,"[8, 18, 28]"
17,"[8, 18, 25]"
18,"[8, 18, 48]"
20,"[8, 18, 54]"
16,"[8, 18, 20]"
19,"[8, 18, 69]"
18,"[8, 18, 8]"
17,"[8, 18, 55]"
41,"[8, 56]"
24,"[8, 56, 56]"
24,"[8, 56, 57]"
41,"[8, 56, 70]"
20,"[8, 56, 50]"
31,"[8, 56, 35]"
28,"[8, 56, 58]"
17,"[8, 56, 59]"
37,"[8, 56, 0]"
30,"[8, 56, 27]"
39,"[8, 56, 17]"
36,"[8, 56, 29]"
16,"[8, 56, 60]"
26,"[8, 56, 4]"
17,"[8, 56, 3]"
32,"[8, 56, 6]"
34,"[8, 56, 34]"
36,"[8, 56, 33]"
35,"[8, 56, 28]"
38,"[8, 56, 25]"
37,"[8, 56, 48]"
35,"[8, 56, 54]"
31,"[8, 56, 20]"
37,"[8, 56, 69]"
21,"[8, 56, 13]"
20,"[8, 56, 53]"
21,"[8, 56, 32]"
18,"[8, 56, 18]"
17,"[8, 56, 8]"
22,"[8, 56, 26]"
27,"[8, 56, 37]"
28,"[8, 56, 55]"
30,"[8, 56, 49]"
23,"[8, 56, 42]"
19,"[8, 56, 10]"
20,"[8, 56, 12]"
19,"[8, 56, 51]"
18,"[8, 56, 63]"
21,"[8, 11]"
16,"[8, 11, 57]"
21,"[8, 11, 70]"
20,"[8, 11, 35]"
19,"[8, 11, 58]"
19,"[8, 11, 0]"
19,"[8, 11, 17]"
20,"[8, 11, 29]"
16,"[8, 11, 6]"
18,"[8, 11, 34]"
19,"[8, 11, 33]"
18,"[8, 11, 28]"
19,"[8, 11, 25]"
20,"[8, 11, 48]"
19,"[8, 11, 54]"
17,"[8, 11, 20]"
20,"[8, 11, 69]"
21,"[8, 11, 56]"
17,"[8, 11, 49]"
24,"[8, 57]"
24,"[8, 57, 70]"
19,"[8, 57, 35]"
17,"[8, 57, 58]"
19,"[8, 57, 0]"
16,"[8, 57, 27]"
23,"[8, 57, 17]"
22,"[8, 57, 29]"
16,"[8, 57, 6]"
20,"[8, 57, 34]"
20,"[8, 57, 33]"
20,"[8, 57, 28]"
23,"[8, 57, 25]"
22,"[8, 57, 48]"
19,"[8, 57, 54]"
17,"[8, 57, 20]"
21,"[8, 57, 69]"
16,"[8, 57, 37]"
17,"[8, 57, 55]"
18,"[8, 57, 49]"
25,"[8, 50]"
23,"[8, 50, 70]"
19,"[8, 50, 0]"
22,"[8, 50, 17]"
18,"[8, 50, 29]"
16,"[8, 50, 6]"
18,"[8, 50, 48]"
19,"[8, 50, 54]"
19,"[8, 50, 69]"
16,"[8, 50, 55]"
16,"[8, 50, 49]"
39,"[8, 35]"
33,"[8, 35, 58]"
39,"[8, 35, 70]"
21,"[8, 35, 35]"
21,"[8, 35, 59]"
33,"[8, 35, 0]"
27,"[8, 35, 27]"
36,"[8, 35, 17]"
35,"[8, 35, 29]"
17,"[8, 35, 50]"
16,"[8, 35, 60]"
20,"[8, 35, 4]"
27,"[8, 35, 6]"
33,"[8, 35, 34]"
33,"[8, 35, 33]"
32,"[8, 35, 28]"
34,"[8, 35, 25]"
35,"[8, 35, 48]"
35,"[8, 35, 54]"
28,"[8, 35, 20]"
34,"[8, 35, 69]"
17,"[8, 35, 13]"
18,"[8, 35, 53]"
18,"[8, 35, 32]"
21,"[8, 35, 26]"
22,"[8, 35, 56]"
27,"[8, 35, 37]"
27,"[8, 35, 55]"
28,"[8, 35, 49]"
19,"[8, 35, 42]"
16,"[8, 35, 12]"
20,"[8, 35, 51]"
16,"[8, 35, 10]"
16,"[8, 35, 63]"
37,"[8, 58]"
37,"[8, 58, 70]"
23,"[8, 58, 35]"
22,"[8, 58, 58]"
21,"[8, 58, 59]"
33,"[8, 58, 0]"
26,"[8, 58, 27]"
35,"[8, 58, 17]"
34,"[8, 58, 29]"
17,"[8, 58, 50]"
18,"[8, 58, 4]"
26,"[8, 58, 6]"
31,"[8, 58, 34]"
32,"[8, 58, 33]"
31,"[8, 58, 28]"
33,"[8, 58, 25]"
33,"[8, 58, 48]"
34,"[8, 58, 54]"
27,"[8, 58, 20]"
32,"[8, 58, 69]"
16,"[8, 58, 53]"
18,"[8, 58, 32]"
20,"[8, 58, 26]"
22,"[8, 58, 56]"
25,"[8, 58, 37]"
24,"[8, 58, 55]"
25,"[8, 58, 49]"
19,"[8, 58, 42]"
17,"[8, 58, 51]"
16,"[8, 58, 63]"
21,"[8, 59]"
18,"[8, 59, 0]"
19,"[8, 59, 17]"
19,"[8, 59, 29]"
21,"[8, 59, 70]"
18,"[8, 59, 34]"
19,"[8, 59, 33]"
19,"[8, 59, 28]"
19,"[8, 59, 25]"
19,"[8, 59, 48]"
20,"[8, 59, 54]"
16,"[8, 59, 20]"
17,"[8, 59, 69]"
22,"[8, 1]"
19,"[8, 1, 70]"
16,"[8, 1, 4]"
17,"[8, 1, 6]"
18,"[8, 1, 17]"
20,"[8, 1, 29]"
16,"[8, 1, 0]"
16,"[8, 1, 25]"
17,"[8, 1, 48]"
16,"[8, 1, 54]"
18,"[8, 1, 69]"
16,"[8, 1, 55]"
21,"[8, 60]"
21,"[8, 60, 70]"
19,"[8, 60, 17]"
16,"[8, 60, 29]"
17,"[8, 60, 0]"
17,"[8, 60, 69]"
37,"[8, 4]"
27,"[8, 4, 6]"
36,"[8, 4, 70]"
25,"[8, 4, 34]"
27,"[8, 4, 33]"
27,"[8, 4, 28]"
21,"[8, 4, 27]"
29,"[8, 4, 17]"
31,"[8, 4, 29]"
30,"[8, 4, 0]"
29,"[8, 4, 25]"
31,"[8, 4, 48]"
27,"[8, 4, 54]"
22,"[8, 4, 20]"
32,"[8, 4, 69]"
16,"[8, 4, 53]"
24,"[8, 4, 35]"
16,"[8, 4, 32]"
24,"[8, 4, 4]"
23,"[8, 4, 58]"
23,"[8, 4, 56]"
18,"[8, 4, 37]"
25,"[8, 4, 55]"
26,"[8, 4, 49]"
22,"[8, 4, 10]"
18,"[8, 4, 42]"
16,"[8, 4, 12]"
38,"[8, 3]"
37,"[8, 3, 6]"
28,"[8, 3, 7]"
38,"[8, 3, 70]"
31,"[8, 3, 34]"
32,"[8, 3, 33]"
32,"[8, 3, 28]"
30,"[8, 3, 27]"
36,"[8, 3, 17]"
37,"[8, 3, 29]"
36,"[8, 3, 0]"
36,"[8, 3, 25]"
36,"[8, 3, 48]"
34,"[8, 3, 54]"
28,"[8, 3, 20]"
35,"[8, 3, 69]"
19,"[8, 3, 13]"
18,"[8, 3, 53]"
30,"[8, 3, 35]"
22,"[8, 3, 32]"
16,"[8, 3, 18]"
16,"[8, 3, 8]"
17,"[8, 3, 3]"
16,"[8, 3, 1]"
29,"[8, 3, 4]"
30,"[8, 3, 58]"
22,"[8, 3, 26]"
17,"[8, 3, 50]"
29,"[8, 3, 56]"
18,"[8, 3, 57]"
25,"[8, 3, 37]"
27,"[8, 3, 55]"
29,"[8, 3, 49]"
23,"[8, 3, 42]"
27,"[8, 3, 10]"
18,"[8, 3, 12]"
20,"[8, 3, 51]"
16,"[8, 3, 59]"
19,"[8, 3, 63]"
47,"[8, 6]"
33,"[8, 6, 7]"
47,"[8, 6, 70]"
36,"[8, 6, 34]"
39,"[8, 6, 33]"
38,"[8, 6, 28]"
34,"[8, 6, 27]"
45,"[8, 6, 17]"
42,"[8, 6, 29]"
39,"[8, 6, 0]"
41,"[8, 6, 25]"
42,"[8, 6, 48]"
41,"[8, 6, 54]"
34,"[8, 6, 20]"
41,"[8, 6, 69]"
21,"[8, 6, 13]"
21,"[8, 6, 53]"
36,"[8, 6, 35]"
24,"[8, 6, 32]"
19,"[8, 6, 18]"
19,"[8, 6, 8]"
18,"[8, 6, 3]"
17,"[8, 6, 1]"
37,"[8, 6, 6]"
35,"[8, 6, 4]"
35,"[8, 6, 58]"
26,"[8, 6, 26]"
22,"[8, 6, 50]"
36,"[8, 6, 56]"
18,"[8, 6, 57]"
30,"[8, 6, 37]"
33,"[8, 6, 55]"
33,"[8, 6, 49]"
32,"[8, 6, 10]"
26,"[8, 6, 42]"
19,"[8, 6, 60]"
20,"[8, 6, 12]"
21,"[8, 6, 51]"
19,"[8, 6, 59]"
20,"[8, 6, 63]"
33,"[8, 7]"
32,"[8, 7, 70]"
25,"[8, 7, 34]"
26,"[8, 7, 33]"
27,"[8, 7, 28]"
20,"[8, 7, 27]"
30,"[8, 7, 17]"
28,"[8, 7, 29]"
25,"[8, 7, 0]"
29,"[8, 7, 25]"
29,"[8, 7, 48]"
26,"[8, 7, 54]"
23,"[8, 7, 20]"
29,"[8, 7, 69]"
24,"[8, 7, 35]"
22,"[8, 7, 6]"
22,"[8, 7, 4]"
22,"[8, 7, 58]"
21,"[8, 7, 26]"
17,"[8, 7, 50]"
25,"[8, 7, 56]"
21,"[8, 7, 37]"
19,"[8, 7, 55]"
21,"[8, 7, 49]"
20,"[8, 7, 10]"
17,"[8, 7, 42]"
40,"[8, 34]"
38,"[8, 34, 33]"
38,"[8, 34, 28]"
28,"[8, 34, 27]"
37,"[8, 34, 17]"
35,"[8, 34, 29]"
32,"[8, 34, 0]"
39,"[8, 34, 25]"
37,"[8, 34, 48]"
34,"[8, 34, 54]"
31,"[8, 34, 20]"
35,"[8, 34, 69]"
16,"[8, 34, 13]"
18,"[8, 34, 53]"
20,"[8, 34, 35]"
20,"[8, 34, 32]"
18,"[8, 34, 18]"
18,"[8, 34, 8]"
39,"[8, 34, 70]"
27,"[8, 34, 6]"
21,"[8, 34, 4]"
16,"[8, 34, 58]"
21,"[8, 34, 34]"
23,"[8, 34, 26]"
19,"[8, 34, 50]"
27,"[8, 34, 37]"
25,"[8, 34, 55]"
30,"[8, 34, 49]"
17,"[8, 34, 60]"
16,"[8, 34, 12]"
21,"[8, 34, 42]"
19,"[8, 34, 51]"
16,"[8, 34, 63]"
43,"[8, 33]"
40,"[8, 33, 28]"
28,"[8, 33, 27]"
39,"[8, 33, 17]"
38,"[8, 33, 29]"
34,"[8, 33, 0]"
41,"[8, 33, 25]"
39,"[8, 33, 48]"
38,"[8, 33, 54]"
31,"[8, 33, 20]"
38,"[8, 33, 69]"
18,"[8, 33, 13]"
20,"[8, 33, 53]"
20,"[8, 33, 35]"
21,"[8, 33, 32]"
18,"[8, 33, 18]"
18,"[8, 33, 8]"
41,"[8, 33, 70]"
29,"[8, 33, 6]"
22,"[8, 33, 4]"
17,"[8, 33, 58]"
25,"[8, 33, 34]"
25,"[8, 33, 33]"
23,"[8, 33, 26]"
19,"[8, 33, 50]"
16,"[8, 33, 56]"
28,"[8, 33, 37]"
28,"[8, 33, 55]"
30,"[8, 33, 49]"
17,"[8, 33, 60]"
17,"[8, 33, 12]"
24,"[8, 33, 42]"
19,"[8, 33, 51]"
44,"[8, 28]"
27,"[8, 28, 27]"
38,"[8, 28, 17]"
37,"[8, 28, 29]"
33,"[8, 28, 0]"
41,"[8, 28, 25]"
40,"[8, 28, 48]"
38,"[8, 28, 54]"
26,"[8, 28, 20]"
37,"[8, 28, 69]"
16,"[8, 28, 13]"
17,"[8, 28, 53]"
18,"[8, 28, 35]"
19,"[8, 28, 32]"
18,"[8, 28, 18]"
17,"[8, 28, 8]"
42,"[8, 28, 70]"
31,"[8, 28, 6]"
23,"[8, 28, 4]"
21,"[8, 28, 34]"
22,"[8, 28, 33]"
30,"[8, 28, 28]"
20,"[8, 28, 26]"
17,"[8, 28, 50]"
26,"[8, 28, 37]"
25,"[8, 28, 55]"
30,"[8, 28, 49]"
17,"[8, 28, 60]"
16,"[8, 28, 12]"
21,"[8, 28, 42]"
17,"[8, 28, 51]"
46,"[8, 25]"
43,"[8, 25, 48]"
38,"[8, 25, 54]"
25,"[8, 25, 20]"
37,"[8, 25, 69]"
18,"[8, 25, 13]"
18,"[8, 25, 53]"
20,"[8, 25, 35]"
24,"[8, 25, 32]"
20,"[8, 25, 18]"
20,"[8, 25, 8]"
46,"[8, 25, 70]"
32,"[8, 25, 6]"
23,"[8, 25, 4]"
16,"[8, 25, 58]"
21,"[8, 25, 34]"
22,"[8, 25, 33]"
28,"[8, 25, 28]"
20,"[8, 25, 26]"
17,"[8, 25, 50]"
16,"[8, 25, 56]"
26,"[8, 25, 37]"
31,"[8, 25, 55]"
35,"[8, 25, 49]"
34,"[8, 25, 0]"
40,"[8, 25, 29]"
42,"[8, 25, 17]"
31,"[8, 25, 27]"
18,"[8, 25, 60]"
31,"[8, 25, 25]"
17,"[8, 25, 12]"
23,"[8, 25, 42]"
20,"[8, 25, 51]"
16,"[8, 25, 63]"
38,"[8, 20]"
31,"[8, 20, 69]"
16,"[8, 20, 35]"
16,"[8, 20, 8]"
36,"[8, 20, 70]"
23,"[8, 20, 6]"
18,"[8, 20, 4]"
17,"[8, 20, 34]"
20,"[8, 20, 33]"
29,"[8, 20, 28]"
23,"[8, 20, 26]"
21,"[8, 20, 50]"
27,"[8, 20, 37]"
21,"[8, 20, 55]"
26,"[8, 20, 49]"
33,"[8, 20, 48]"
30,"[8, 20, 0]"
28,"[8, 20, 29]"
33,"[8, 20, 17]"
31,"[8, 20, 54]"
23,"[8, 20, 27]"
18,"[8, 20, 60]"
31,"[8, 20, 25]"
17,"[8, 20, 42]"
20,"[8, 20, 20]"
26,"[8, 13]"
23,"[8, 13, 53]"
22,"[8, 13, 70]"
16,"[8, 13, 6]"
18,"[8, 13, 28]"
21,"[8, 13, 48]"
18,"[8, 13, 0]"
19,"[8, 13, 29]"
19,"[8, 13, 17]"
19,"[8, 13, 54]"
21,"[8, 13, 69]"
17,"[8, 13, 25]"
25,"[8, 53]"
21,"[8, 53, 70]"
16,"[8, 53, 28]"
21,"[8, 53, 48]"
17,"[8, 53, 0]"
19,"[8, 53, 29]"
18,"[8, 53, 17]"
19,"[8, 53, 54]"
16,"[8, 53, 25]"
19,"[8, 53, 69]"
26,"[8, 8]"
16,"[8, 8, 3]"
24,"[8, 8, 70]"
20,"[8, 8, 6]"
19,"[8, 8, 4]"
17,"[8, 8, 34]"
17,"[8, 8, 33]"
20,"[8, 8, 28]"
17,"[8, 8, 56]"
18,"[8, 8, 55]"
16,"[8, 8, 49]"
20,"[8, 8, 48]"
22,"[8, 8, 0]"
21,"[8, 8, 29]"
23,"[8, 8, 17]"
20,"[8, 8, 54]"
21,"[8, 8, 27]"
20,"[8, 8, 69]"
19,"[8, 8, 25]"
16,"[8, 8, 35]"
16,"[8, 31]"
16,"[8, 31, 29]"
29,"[8, 26]"
21,"[8, 26, 50]"
28,"[8, 26, 70]"
19,"[8, 26, 55]"
18,"[8, 26, 49]"
25,"[8, 26, 48]"
22,"[8, 26, 0]"
20,"[8, 26, 6]"
22,"[8, 26, 29]"
26,"[8, 26, 17]"
21,"[8, 26, 54]"
19,"[8, 26, 27]"
19,"[8, 26, 25]"
18,"[8, 26, 28]"
23,"[8, 26, 69]"
17,"[8, 26, 4]"
32,"[8, 37]"
21,"[8, 37, 55]"
19,"[8, 37, 49]"
23,"[8, 37, 48]"
31,"[8, 37, 70]"
26,"[8, 37, 0]"
22,"[8, 37, 6]"
28,"[8, 37, 29]"
30,"[8, 37, 17]"
21,"[8, 37, 54]"
23,"[8, 37, 27]"
18,"[8, 37, 60]"
21,"[8, 37, 26]"
18,"[8, 37, 25]"
17,"[8, 37, 50]"
16,"[8, 37, 28]"
27,"[8, 37, 69]"
16,"[8, 37, 42]"
17,"[8, 37, 4]"
33,"[8, 42]"
30,"[8, 42, 69]"
22,"[8, 42, 42]"
26,"[8, 42, 29]"
23,"[8, 42, 6]"
16,"[8, 42, 4]"
16,"[8, 42, 56]"
17,"[8, 42, 35]"
18,"[8, 42, 58]"
30,"[8, 42, 70]"
19,"[8, 42, 34]"
24,"[8, 42, 33]"
24,"[8, 42, 28]"
25,"[8, 42, 25]"
27,"[8, 42, 48]"
24,"[8, 42, 54]"
23,"[8, 42, 0]"
20,"[8, 42, 20]"
21,"[8, 42, 27]"
26,"[8, 42, 17]"
16,"[8, 42, 12]"
22,"[8, 42, 51]"
17,"[8, 42, 49]"
20,"[8, 42, 13]"
19,"[8, 42, 53]"
17,"[8, 42, 43]"
16,"[8, 42, 55]"
16,"[8, 42, 32]"
16,"[8, 42, 14]"
27,"[8, 12]"
24,"[8, 12, 42]"
18,"[8, 12, 0]"
25,"[8, 12, 69]"
17,"[8, 12, 51]"
23,"[8, 12, 70]"
18,"[8, 12, 25]"
20,"[8, 12, 48]"
17,"[8, 12, 54]"
17,"[8, 12, 29]"
17,"[8, 12, 33]"
17,"[8, 12, 28]"
18,"[8, 12, 17]"
29,"[8, 51]"
22,"[8, 51, 70]"
19,"[8, 51, 25]"
21,"[8, 51, 48]"
17,"[8, 51, 54]"
16,"[8, 51, 49]"
20,"[8, 51, 29]"
16,"[8, 51, 42]"
21,"[8, 51, 69]"
17,"[8, 51, 27]"
21,"[8, 51, 17]"
17,"[8, 51, 13]"
16,"[8, 51, 53]"
16,"[8, 51, 33]"
19,"[8, 51, 0]"
21,"[8, 14]"
16,"[8, 14, 17]"
16,"[8, 14, 0]"
16,"[8, 14, 70]"
18,"[8, 14, 51]"
29,"[8, 9]"
28,"[8, 9, 27]"
28,"[8, 9, 17]"
27,"[8, 9, 29]"
28,"[8, 9, 0]"
24,"[8, 9, 3]"
28,"[8, 9, 6]"
21,"[8, 9, 7]"
22,"[8, 9, 4]"
28,"[8, 9, 70]"
20,"[8, 9, 55]"
23,"[8, 9, 33]"
24,"[8, 9, 69]"
17,"[8, 9, 42]"
26,"[8, 9, 54]"
27,"[8, 9, 48]"
23,"[8, 9, 56]"
24,"[8, 9, 28]"
26,"[8, 9, 25]"
21,"[8, 9, 10]"
18,"[8, 9, 11]"
24,"[8, 9, 20]"
23,"[8, 9, 34]"
16,"[8, 9, 32]"
24,"[8, 9, 35]"
23,"[8, 9, 58]"
18,"[8, 9, 37]"
17,"[8, 9, 26]"
20,"[8, 9, 49]"
16,"[8, 9, 65]"
18,"[8, 9, 63]"
20,"[8, 43]"
16,"[8, 43, 70]"
16,"[8, 43, 69]"
17,"[8, 65]"
17,"[8, 65, 17]"
17,"[8, 65, 0]"
17,"[8, 65, 29]"
16,"[8, 65, 6]"
17,"[8, 65, 70]"
16,"[8, 65, 28]"
17,"[8, 65, 25]"
17,"[8, 65, 48]"
17,"[8, 65, 54]"
21,"[8, 63]"
17,"[8, 63, 69]"
21,"[8, 63, 70]"
16,"[8, 63, 33]"
17,"[8, 63, 28]"
20,"[8, 63, 54]"
17,"[8, 63, 0]"
20,"[8, 63, 17]"
17,"[8, 63, 29]"
18,"[8, 63, 25]"
20,"[8, 63, 48]"
17,"[8, 63, 20]"
51,[27]
50,"[27, 17]"
46,"[27, 17, 29]"
45,"[27, 17, 69]"
49,"[27, 17, 70]"
44,"[27, 17, 48]"
16,"[27, 17, 21]"
49,"[27, 17, 0]"
35,"[27, 17, 55]"
44,"[27, 17, 54]"
35,"[27, 17, 49]"
41,"[27, 17, 10]"
26,"[27, 17, 32]"
23,"[27, 17, 18]"
40,"[27, 17, 27]"
39,"[27, 17, 56]"
20,"[27, 17, 11]"
22,"[27, 17, 57]"
25,"[27, 17, 50]"
41,"[27, 17, 35]"
37,"[27, 17, 58]"
22,"[27, 17, 59]"
47,"[27, 17, 17]"
21,"[27, 17, 1]"
21,"[27, 17, 60]"
35,"[27, 17, 4]"
38,"[27, 17, 3]"
46,"[27, 17, 6]"
30,"[27, 17, 7]"
40,"[27, 17, 34]"
42,"[27, 17, 33]"
41,"[27, 17, 28]"
43,"[27, 17, 25]"
36,"[27, 17, 20]"
25,"[27, 17, 13]"
24,"[27, 17, 53]"
23,"[27, 17, 8]"
16,"[27, 17, 5]"
30,"[27, 17, 26]"
32,"[27, 17, 37]"
29,"[27, 17, 42]"
26,"[27, 17, 12]"
27,"[27, 17, 51]"
20,"[27, 17, 14]"
16,"[27, 17, 43]"
17,"[27, 17, 65]"
22,"[27, 17, 63]"
47,"[27, 29]"
41,"[27, 29, 69]"
47,"[27, 29, 70]"
43,"[27, 29, 48]"
17,"[27, 29, 21]"
44,"[27, 29, 0]"
32,"[27, 29, 55]"
42,"[27, 29, 54]"
34,"[27, 29, 49]"
38,"[27, 29, 10]"
27,"[27, 29, 32]"
22,"[27, 29, 18]"
37,"[27, 29, 27]"
38,"[27, 29, 56]"
21,"[27, 29, 11]"
22,"[27, 29, 57]"
25,"[27, 29, 50]"
40,"[27, 29, 35]"
38,"[27, 29, 58]"
23,"[27, 29, 59]"
46,"[27, 29, 17]"
44,"[27, 29, 29]"
17,"[27, 29, 1]"
21,"[27, 29, 60]"
34,"[27, 29, 4]"
22,"[27, 29, 3]"
45,"[27, 29, 6]"
31,"[27, 29, 7]"
38,"[27, 29, 34]"
41,"[27, 29, 33]"
39,"[27, 29, 28]"
43,"[27, 29, 25]"
36,"[27, 29, 20]"
23,"[27, 29, 13]"
22,"[27, 29, 53]"
21,"[27, 29, 8]"
17,"[27, 29, 5]"
30,"[27, 29, 26]"
32,"[27, 29, 37]"
29,"[27, 29, 42]"
23,"[27, 29, 12]"
25,"[27, 29, 51]"
19,"[27, 29, 14]"
17,"[27, 29, 65]"
21,"[27, 29, 63]"
46,"[27, 69]"
44,"[27, 69, 70]"
39,"[27, 69, 48]"
36,"[27, 69, 0]"
27,"[27, 69, 55]"
33,"[27, 69, 54]"
29,"[27, 69, 49]"
22,"[27, 69, 10]"
24,"[27, 69, 32]"
23,"[27, 69, 18]"
32,"[27, 69, 27]"
27,"[27, 69, 56]"
16,"[27, 69, 57]"
17,"[27, 69, 50]"
26,"[27, 69, 35]"
25,"[27, 69, 58]"
37,"[27, 69, 17]"
38,"[27, 69, 29]"
16,"[27, 69, 60]"
26,"[27, 69, 4]"
18,"[27, 69, 3]"
37,"[27, 69, 6]"
21,"[27, 69, 7]"
31,"[27, 69, 34]"
34,"[27, 69, 33]"
31,"[27, 69, 28]"
36,"[27, 69, 25]"
29,"[27, 69, 20]"
41,"[27, 69, 69]"
27,"[27, 69, 13]"
26,"[27, 69, 53]"
22,"[27, 69, 8]"
21,"[27, 69, 26]"
24,"[27, 69, 37]"
31,"[27, 69, 42]"
28,"[27, 69, 12]"
29,"[27, 69, 51]"
17,"[27, 69, 14]"
17,"[27, 69, 43]"
18,"[27, 69, 63]"
50,"[27, 70]"
46,"[27, 70, 48]"
44,"[27, 70, 0]"
35,"[27, 70, 55]"
44,"[27, 70, 54]"
37,"[27, 70, 49]"
49,"[27, 70, 70]"
23,"[27, 70, 10]"
26,"[27, 70, 32]"
24,"[27, 70, 18]"
35,"[27, 70, 27]"
29,"[27, 70, 56]"
26,"[27, 70, 50]"
34,"[27, 70, 35]"
29,"[27, 70, 58]"
17,"[27, 70, 59]"
44,"[27, 70, 17]"
44,"[27, 70, 29]"
16,"[27, 70, 1]"
22,"[27, 70, 60]"
29,"[27, 70, 4]"
22,"[27, 70, 3]"
40,"[27, 70, 6]"
18,"[27, 70, 7]"
41,"[27, 70, 34]"
43,"[27, 70, 33]"
42,"[27, 70, 28]"
45,"[27, 70, 25]"
38,"[27, 70, 20]"
43,"[27, 70, 69]"
24,"[27, 70, 13]"
23,"[27, 70, 53]"
24,"[27, 70, 8]"
31,"[27, 70, 26]"
33,"[27, 70, 37]"
25,"[27, 70, 12]"
28,"[27, 70, 42]"
26,"[27, 70, 51]"
22,"[27, 70, 63]"
46,"[27, 48]"
35,"[27, 48, 0]"
29,"[27, 48, 55]"
36,"[27, 48, 54]"
32,"[27, 48, 49]"
44,"[27, 48, 70]"
20,"[27, 48, 32]"
18,"[27, 48, 18]"
26,"[27, 48, 27]"
16,"[27, 48, 56]"
16,"[27, 48, 50]"
17,"[27, 48, 35]"
38,"[27, 48, 17]"
39,"[27, 48, 29]"
18,"[27, 48, 60]"
21,"[27, 48, 4]"
28,"[27, 48, 6]"
18,"[27, 48, 34]"
21,"[27, 48, 33]"
25,"[27, 48, 28]"
29,"[27, 48, 25]"
32,"[27, 48, 48]"
23,"[27, 48, 20]"
38,"[27, 48, 69]"
16,"[27, 48, 13]"
19,"[27, 48, 53]"
18,"[27, 48, 8]"
19,"[27, 48, 26]"
22,"[27, 48, 37]"
17,"[27, 48, 12]"
19,"[27, 48, 42]"
20,"[27, 48, 51]"
17,"[27, 21]"
50,"[27, 0]"
34,"[27, 0, 55]"
44,"[27, 0, 54]"
36,"[27, 0, 49]"
48,"[27, 0, 70]"
38,"[27, 0, 10]"
28,"[27, 0, 32]"
25,"[27, 0, 18]"
37,"[27, 0, 27]"
38,"[27, 0, 56]"
20,"[27, 0, 11]"
22,"[27, 0, 57]"
24,"[27, 0, 50]"
41,"[27, 0, 35]"
38,"[27, 0, 58]"
22,"[27, 0, 59]"
45,"[27, 0, 0]"
46,"[27, 0, 17]"
47,"[27, 0, 29]"
17,"[27, 0, 21]"
23,"[27, 0, 1]"
20,"[27, 0, 60]"
35,"[27, 0, 4]"
39,"[27, 0, 3]"
45,"[27, 0, 6]"
30,"[27, 0, 7]"
39,"[27, 0, 34]"
40,"[27, 0, 33]"
40,"[27, 0, 28]"
44,"[27, 0, 25]"
45,"[27, 0, 48]"
35,"[27, 0, 20]"
45,"[27, 0, 69]"
26,"[27, 0, 13]"
25,"[27, 0, 53]"
25,"[27, 0, 8]"
16,"[27, 0, 5]"
29,"[27, 0, 26]"
32,"[27, 0, 37]"
30,"[27, 0, 42]"
26,"[27, 0, 12]"
29,"[27, 0, 51]"
22,"[27, 0, 14]"
16,"[27, 0, 43]"
17,"[27, 0, 65]"
21,"[27, 0, 63]"
35,"[27, 55]"
18,"[27, 55, 54]"
31,"[27, 55, 70]"
20,"[27, 55, 27]"
21,"[27, 55, 0]"
25,"[27, 55, 17]"
23,"[27, 55, 29]"
20,"[27, 55, 48]"
20,"[27, 55, 20]"
31,"[27, 55, 69]"
17,"[27, 55, 55]"
45,"[27, 54]"
23,"[27, 54, 49]"
43,"[27, 54, 70]"
18,"[27, 54, 32]"
26,"[27, 54, 27]"
17,"[27, 54, 56]"
20,"[27, 54, 50]"
16,"[27, 54, 35]"
34,"[27, 54, 0]"
39,"[27, 54, 17]"
37,"[27, 54, 29]"
17,"[27, 54, 60]"
19,"[27, 54, 4]"
26,"[27, 54, 6]"
16,"[27, 54, 34]"
18,"[27, 54, 33]"
23,"[27, 54, 28]"
24,"[27, 54, 25]"
30,"[27, 54, 48]"
31,"[27, 54, 54]"
24,"[27, 54, 20]"
36,"[27, 54, 69]"
18,"[27, 54, 13]"
18,"[27, 54, 53]"
17,"[27, 54, 8]"
22,"[27, 54, 26]"
21,"[27, 54, 37]"
30,"[27, 54, 55]"
18,"[27, 54, 42]"
17,"[27, 54, 51]"
16,"[27, 54, 63]"
37,"[27, 49]"
34,"[27, 49, 70]"
22,"[27, 49, 27]"
26,"[27, 49, 0]"
30,"[27, 49, 17]"
31,"[27, 49, 29]"
17,"[27, 49, 4]"
20,"[27, 49, 6]"
16,"[27, 49, 33]"
23,"[27, 49, 48]"
27,"[27, 49, 54]"
18,"[27, 49, 20]"
28,"[27, 49, 69]"
28,"[27, 49, 55]"
17,"[27, 49, 49]"
16,"[27, 49, 51]"
43,"[27, 10]"
23,"[27, 10, 32]"
20,"[27, 10, 18]"
31,"[27, 10, 27]"
39,"[27, 10, 56]"
21,"[27, 10, 11]"
22,"[27, 10, 57]"
43,"[27, 10, 70]"
21,"[27, 10, 50]"
34,"[27, 10, 35]"
31,"[27, 10, 58]"
17,"[27, 10, 59]"
39,"[27, 10, 0]"
39,"[27, 10, 17]"
37,"[27, 10, 29]"
19,"[27, 10, 60]"
24,"[27, 10, 4]"
20,"[27, 10, 3]"
32,"[27, 10, 6]"
16,"[27, 10, 7]"
34,"[27, 10, 34]"
38,"[27, 10, 33]"
35,"[27, 10, 28]"
38,"[27, 10, 25]"
39,"[27, 10, 48]"
38,"[27, 10, 54]"
32,"[27, 10, 20]"
39,"[27, 10, 69]"
23,"[27, 10, 13]"
22,"[27, 10, 53]"
19,"[27, 10, 8]"
26,"[27, 10, 26]"
29,"[27, 10, 37]"
30,"[27, 10, 55]"
31,"[27, 10, 49]"
25,"[27, 10, 42]"
22,"[27, 10, 10]"
23,"[27, 10, 12]"
23,"[27, 10, 51]"
20,"[27, 10, 63]"
28,"[27, 32]"
22,"[27, 32, 18]"
24,"[27, 32, 27]"
18,"[27, 32, 56]"
25,"[27, 32, 70]"
17,"[27, 32, 35]"
24,"[27, 32, 0]"
27,"[27, 32, 17]"
25,"[27, 32, 29]"
16,"[27, 32, 4]"
20,"[27, 32, 6]"
17,"[27, 32, 34]"
18,"[27, 32, 33]"
18,"[27, 32, 28]"
20,"[27, 32, 25]"
21,"[27, 32, 48]"
20,"[27, 32, 54]"
22,"[27, 32, 69]"
20,"[27, 32, 8]"
19,"[27, 32, 55]"
17,"[27, 32, 49]"
27,"[27, 18]"
23,"[27, 18, 27]"
19,"[27, 18, 56]"
26,"[27, 18, 70]"
19,"[27, 18, 35]"
24,"[27, 18, 0]"
26,"[27, 18, 17]"
26,"[27, 18, 29]"
17,"[27, 18, 4]"
22,"[27, 18, 6]"
19,"[27, 18, 34]"
18,"[27, 18, 33]"
21,"[27, 18, 28]"
20,"[27, 18, 25]"
20,"[27, 18, 48]"
23,"[27, 18, 54]"
17,"[27, 18, 20]"
22,"[27, 18, 69]"
21,"[27, 18, 8]"
16,"[27, 18, 37]"
18,"[27, 18, 55]"
16,"[27, 18, 49]"
41,"[27, 27]"
22,"[27, 27, 56]"
39,"[27, 27, 70]"
24,"[27, 27, 35]"
21,"[27, 27, 58]"
38,"[27, 27, 0]"
23,"[27, 27, 27]"
38,"[27, 27, 17]"
36,"[27, 27, 29]"
23,"[27, 27, 4]"
20,"[27, 27, 3]"
32,"[27, 27, 6]"
19,"[27, 27, 7]"
21,"[27, 27, 34]"
23,"[27, 27, 33]"
26,"[27, 27, 28]"
28,"[27, 27, 25]"
32,"[27, 27, 48]"
32,"[27, 27, 54]"
21,"[27, 27, 20]"
32,"[27, 27, 69]"
16,"[27, 27, 53]"
17,"[27, 27, 37]"
25,"[27, 27, 55]"
25,"[27, 27, 49]"
16,"[27, 27, 42]"
16,"[27, 27, 51]"
18,"[27, 27, 10]"
40,"[27, 56]"
27,"[27, 56, 56]"
22,"[27, 56, 57]"
40,"[27, 56, 70]"
22,"[27, 56, 50]"
32,"[27, 56, 35]"
30,"[27, 56, 58]"
17,"[27, 56, 59]"
36,"[27, 56, 0]"
29,"[27, 56, 27]"
37,"[27, 56, 17]"
35,"[27, 56, 29]"
17,"[27, 56, 60]"
23,"[27, 56, 4]"
18,"[27, 56, 3]"
30,"[27, 56, 6]"
32,"[27, 56, 34]"
36,"[27, 56, 33]"
33,"[27, 56, 28]"
36,"[27, 56, 25]"
35,"[27, 56, 48]"
36,"[27, 56, 54]"
30,"[27, 56, 20]"
36,"[27, 56, 69]"
20,"[27, 56, 13]"
19,"[27, 56, 53]"
19,"[27, 56, 32]"
18,"[27, 56, 18]"
17,"[27, 56, 8]"
24,"[27, 56, 26]"
27,"[27, 56, 37]"
28,"[27, 56, 55]"
30,"[27, 56, 49]"
23,"[27, 56, 42]"
20,"[27, 56, 10]"
20,"[27, 56, 12]"
19,"[27, 56, 51]"
19,"[27, 56, 63]"
21,"[27, 11]"
16,"[27, 11, 57]"
21,"[27, 11, 70]"
20,"[27, 11, 35]"
19,"[27, 11, 58]"
19,"[27, 11, 0]"
19,"[27, 11, 17]"
20,"[27, 11, 29]"
16,"[27, 11, 6]"
16,"[27, 11, 34]"
18,"[27, 11, 33]"
17,"[27, 11, 28]"
19,"[27, 11, 25]"
20,"[27, 11, 48]"
19,"[27, 11, 54]"
17,"[27, 11, 20]"
20,"[27, 11, 69]"
21,"[27, 11, 56]"
17,"[27, 11, 49]"
22,"[27, 57]"
22,"[27, 57, 70]"
18,"[27, 57, 35]"
16,"[27, 57, 58]"
17,"[27, 57, 0]"
21,"[27, 57, 17]"
20,"[27, 57, 29]"
18,"[27, 57, 34]"
18,"[27, 57, 33]"
19,"[27, 57, 28]"
22,"[27, 57, 25]"
21,"[27, 57, 48]"
18,"[27, 57, 54]"
16,"[27, 57, 20]"
20,"[27, 57, 69]"
16,"[27, 57, 37]"
17,"[27, 57, 49]"
26,"[27, 50]"
23,"[27, 50, 70]"
20,"[27, 50, 0]"
22,"[27, 50, 17]"
19,"[27, 50, 29]"
16,"[27, 50, 6]"
18,"[27, 50, 48]"
19,"[27, 50, 54]"
19,"[27, 50, 69]"
16,"[27, 50, 55]"
16,"[27, 50, 49]"
43,"[27, 35]"
37,"[27, 35, 58]"
43,"[27, 35, 70]"
22,"[27, 35, 35]"
23,"[27, 35, 59]"
36,"[27, 35, 0]"
30,"[27, 35, 27]"
39,"[27, 35, 17]"
38,"[27, 35, 29]"
19,"[27, 35, 50]"
18,"[27, 35, 60]"
21,"[27, 35, 4]"
30,"[27, 35, 6]"
34,"[27, 35, 34]"
35,"[27, 35, 33]"
34,"[27, 35, 28]"
37,"[27, 35, 25]"
38,"[27, 35, 48]"
38,"[27, 35, 54]"
30,"[27, 35, 20]"
38,"[27, 35, 69]"
19,"[27, 35, 13]"
19,"[27, 35, 53]"
20,"[27, 35, 32]"
18,"[27, 35, 18]"
16,"[27, 35, 8]"
24,"[27, 35, 26]"
26,"[27, 35, 56]"
29,"[27, 35, 37]"
29,"[27, 35, 55]"
31,"[27, 35, 49]"
22,"[27, 35, 42]"
19,"[27, 35, 12]"
23,"[27, 35, 51]"
18,"[27, 35, 10]"
16,"[27, 35, 14]"
17,"[27, 35, 63]"
40,"[27, 58]"
40,"[27, 58, 70]"
24,"[27, 58, 35]"
26,"[27, 58, 58]"
23,"[27, 58, 59]"
35,"[27, 58, 0]"
29,"[27, 58, 27]"
37,"[27, 58, 17]"
36,"[27, 58, 29]"
19,"[27, 58, 50]"
17,"[27, 58, 60]"
19,"[27, 58, 4]"
28,"[27, 58, 6]"
32,"[27, 58, 34]"
34,"[27, 58, 33]"
33,"[27, 58, 28]"
35,"[27, 58, 25]"
35,"[27, 58, 48]"
36,"[27, 58, 54]"
29,"[27, 58, 20]"
35,"[27, 58, 69]"
17,"[27, 58, 13]"
17,"[27, 58, 53]"
19,"[27, 58, 32]"
17,"[27, 58, 18]"
16,"[27, 58, 8]"
23,"[27, 58, 26]"
25,"[27, 58, 56]"
27,"[27, 58, 37]"
26,"[27, 58, 55]"
28,"[27, 58, 49]"
21,"[27, 58, 42]"
17,"[27, 58, 12]"
20,"[27, 58, 51]"
17,"[27, 58, 10]"
17,"[27, 58, 63]"
23,"[27, 59]"
20,"[27, 59, 0]"
21,"[27, 59, 17]"
21,"[27, 59, 29]"
23,"[27, 59, 70]"
17,"[27, 59, 6]"
18,"[27, 59, 34]"
20,"[27, 59, 33]"
20,"[27, 59, 28]"
21,"[27, 59, 25]"
21,"[27, 59, 48]"
22,"[27, 59, 54]"
18,"[27, 59, 20]"
19,"[27, 59, 69]"
16,"[27, 59, 49]"
23,"[27, 1]"
20,"[27, 1, 70]"
16,"[27, 1, 4]"
18,"[27, 1, 6]"
19,"[27, 1, 17]"
21,"[27, 1, 29]"
16,"[27, 1, 0]"
17,"[27, 1, 25]"
18,"[27, 1, 48]"
18,"[27, 1, 54]"
19,"[27, 1, 69]"
17,"[27, 1, 35]"
16,"[27, 1, 58]"
17,"[27, 1, 55]"
22,"[27, 60]"
22,"[27, 60, 70]"
20,"[27, 60, 17]"
17,"[27, 60, 29]"
18,"[27, 60, 0]"
18,"[27, 60, 69]"
16,"[27, 60, 55]"
37,"[27, 4]"
27,"[27, 4, 6]"
36,"[27, 4, 70]"
27,"[27, 4, 34]"
28,"[27, 4, 33]"
28,"[27, 4, 28]"
22,"[27, 4, 27]"
29,"[27, 4, 17]"
31,"[27, 4, 29]"
31,"[27, 4, 0]"
31,"[27, 4, 25]"
32,"[27, 4, 48]"
29,"[27, 4, 54]"
24,"[27, 4, 20]"
33,"[27, 4, 69]"
16,"[27, 4, 13]"
17,"[27, 4, 53]"
26,"[27, 4, 35]"
17,"[27, 4, 32]"
16,"[27, 4, 18]"
16,"[27, 4, 8]"
24,"[27, 4, 4]"
17,"[27, 4, 5]"
25,"[27, 4, 58]"
17,"[27, 4, 26]"
25,"[27, 4, 56]"
20,"[27, 4, 37]"
26,"[27, 4, 55]"
27,"[27, 4, 49]"
24,"[27, 4, 10]"
18,"[27, 4, 42]"
16,"[27, 4, 12]"
16,"[27, 4, 51]"
16,"[27, 4, 59]"
39,"[27, 3]"
37,"[27, 3, 6]"
28,"[27, 3, 7]"
39,"[27, 3, 70]"
32,"[27, 3, 34]"
33,"[27, 3, 33]"
33,"[27, 3, 28]"
31,"[27, 3, 27]"
37,"[27, 3, 17]"
38,"[27, 3, 29]"
36,"[27, 3, 0]"
37,"[27, 3, 25]"
37,"[27, 3, 48]"
36,"[27, 3, 54]"
29,"[27, 3, 20]"
35,"[27, 3, 69]"
19,"[27, 3, 13]"
18,"[27, 3, 53]"
31,"[27, 3, 35]"
23,"[27, 3, 32]"
17,"[27, 3, 18]"
17,"[27, 3, 8]"
17,"[27, 3, 3]"
16,"[27, 3, 1]"
29,"[27, 3, 4]"
31,"[27, 3, 58]"
24,"[27, 3, 26]"
19,"[27, 3, 50]"
29,"[27, 3, 56]"
18,"[27, 3, 57]"
26,"[27, 3, 37]"
28,"[27, 3, 55]"
29,"[27, 3, 49]"
23,"[27, 3, 42]"
27,"[27, 3, 10]"
16,"[27, 3, 60]"
18,"[27, 3, 12]"
20,"[27, 3, 51]"
17,"[27, 3, 59]"
19,"[27, 3, 63]"
48,"[27, 6]"
31,"[27, 6, 7]"
48,"[27, 6, 70]"
38,"[27, 6, 34]"
39,"[27, 6, 33]"
39,"[27, 6, 28]"
34,"[27, 6, 27]"
45,"[27, 6, 17]"
42,"[27, 6, 29]"
16,"[27, 6, 21]"
40,"[27, 6, 0]"
43,"[27, 6, 25]"
43,"[27, 6, 48]"
42,"[27, 6, 54]"
35,"[27, 6, 20]"
42,"[27, 6, 69]"
23,"[27, 6, 13]"
22,"[27, 6, 53]"
39,"[27, 6, 35]"
25,"[27, 6, 32]"
22,"[27, 6, 18]"
22,"[27, 6, 8]"
19,"[27, 6, 3]"
17,"[27, 6, 1]"
35,"[27, 6, 6]"
35,"[27, 6, 4]"
17,"[27, 6, 5]"
37,"[27, 6, 58]"
28,"[27, 6, 26]"
23,"[27, 6, 50]"
37,"[27, 6, 56]"
19,"[27, 6, 57]"
31,"[27, 6, 37]"
33,"[27, 6, 55]"
33,"[27, 6, 49]"
33,"[27, 6, 10]"
28,"[27, 6, 42]"
20,"[27, 6, 60]"
23,"[27, 6, 12]"
24,"[27, 6, 51]"
21,"[27, 6, 59]"
17,"[27, 6, 14]"
17,"[27, 6, 11]"
16,"[27, 6, 65]"
21,"[27, 6, 63]"
31,"[27, 7]"
31,"[27, 7, 70]"
25,"[27, 7, 34]"
26,"[27, 7, 33]"
28,"[27, 7, 28]"
20,"[27, 7, 27]"
28,"[27, 7, 17]"
26,"[27, 7, 29]"
25,"[27, 7, 0]"
29,"[27, 7, 25]"
29,"[27, 7, 48]"
27,"[27, 7, 54]"
24,"[27, 7, 20]"
28,"[27, 7, 69]"
26,"[27, 7, 35]"
21,"[27, 7, 6]"
22,"[27, 7, 4]"
24,"[27, 7, 58]"
22,"[27, 7, 26]"
18,"[27, 7, 50]"
24,"[27, 7, 56]"
22,"[27, 7, 37]"
20,"[27, 7, 55]"
21,"[27, 7, 49]"
20,"[27, 7, 10]"
16,"[27, 7, 42]"
17,"[27, 7, 59]"
41,"[27, 34]"
37,"[27, 34, 33]"
39,"[27, 34, 28]"
30,"[27, 34, 27]"
39,"[27, 34, 17]"
37,"[27, 34, 29]"
34,"[27, 34, 0]"
41,"[27, 34, 25]"
39,"[27, 34, 48]"
36,"[27, 34, 54]"
31,"[27, 34, 20]"
36,"[27, 34, 69]"
17,"[27, 34, 13]"
17,"[27, 34, 53]"
21,"[27, 34, 35]"
20,"[27, 34, 32]"
19,"[27, 34, 18]"
19,"[27, 34, 8]"
41,"[27, 34, 70]"
28,"[27, 34, 6]"
21,"[27, 34, 4]"
17,"[27, 34, 58]"
21,"[27, 34, 34]"
24,"[27, 34, 26]"
20,"[27, 34, 50]"
17,"[27, 34, 56]"
28,"[27, 34, 37]"
28,"[27, 34, 55]"
32,"[27, 34, 49]"
18,"[27, 34, 60]"
17,"[27, 34, 12]"
21,"[27, 34, 42]"
18,"[27, 34, 51]"
16,"[27, 34, 63]"
43,"[27, 33]"
39,"[27, 33, 28]"
29,"[27, 33, 27]"
38,"[27, 33, 17]"
38,"[27, 33, 29]"
35,"[27, 33, 0]"
41,"[27, 33, 25]"
39,"[27, 33, 48]"
38,"[27, 33, 54]"
31,"[27, 33, 20]"
38,"[27, 33, 69]"
19,"[27, 33, 13]"
20,"[27, 33, 53]"
21,"[27, 33, 35]"
20,"[27, 33, 32]"
19,"[27, 33, 18]"
19,"[27, 33, 8]"
42,"[27, 33, 70]"
28,"[27, 33, 6]"
22,"[27, 33, 4]"
17,"[27, 33, 58]"
24,"[27, 33, 34]"
25,"[27, 33, 33]"
24,"[27, 33, 26]"
20,"[27, 33, 50]"
17,"[27, 33, 56]"
28,"[27, 33, 37]"
28,"[27, 33, 55]"
31,"[27, 33, 49]"
17,"[27, 33, 60]"
18,"[27, 33, 12]"
22,"[27, 33, 42]"
19,"[27, 33, 51]"
42,"[27, 28]"
26,"[27, 28, 27]"
36,"[27, 28, 17]"
36,"[27, 28, 29]"
33,"[27, 28, 0]"
40,"[27, 28, 25]"
39,"[27, 28, 48]"
37,"[27, 28, 54]"
26,"[27, 28, 20]"
36,"[27, 28, 69]"
16,"[27, 28, 13]"
16,"[27, 28, 53]"
20,"[27, 28, 35]"
18,"[27, 28, 32]"
17,"[27, 28, 18]"
16,"[27, 28, 8]"
41,"[27, 28, 70]"
29,"[27, 28, 6]"
20,"[27, 28, 4]"
21,"[27, 28, 34]"
23,"[27, 28, 33]"
30,"[27, 28, 28]"
21,"[27, 28, 26]"
18,"[27, 28, 50]"
26,"[27, 28, 37]"
25,"[27, 28, 55]"
29,"[27, 28, 49]"
17,"[27, 28, 60]"
16,"[27, 28, 12]"
20,"[27, 28, 42]"
16,"[27, 28, 51]"
45,"[27, 25]"
42,"[27, 25, 48]"
37,"[27, 25, 54]"
24,"[27, 25, 20]"
36,"[27, 25, 69]"
18,"[27, 25, 13]"
17,"[27, 25, 53]"
20,"[27, 25, 35]"
22,"[27, 25, 32]"
20,"[27, 25, 18]"
20,"[27, 25, 8]"
45,"[27, 25, 70]"
30,"[27, 25, 6]"
22,"[27, 25, 4]"
16,"[27, 25, 58]"
20,"[27, 25, 34]"
22,"[27, 25, 33]"
27,"[27, 25, 28]"
20,"[27, 25, 26]"
17,"[27, 25, 50]"
16,"[27, 25, 56]"
25,"[27, 25, 37]"
30,"[27, 25, 55]"
34,"[27, 25, 49]"
34,"[27, 25, 0]"
40,"[27, 25, 29]"
40,"[27, 25, 17]"
29,"[27, 25, 27]"
18,"[27, 25, 60]"
28,"[27, 25, 25]"
18,"[27, 25, 12]"
22,"[27, 25, 42]"
19,"[27, 25, 51]"
16,"[27, 25, 63]"
38,"[27, 20]"
32,"[27, 20, 69]"
17,"[27, 20, 8]"
36,"[27, 20, 70]"
23,"[27, 20, 6]"
18,"[27, 20, 4]"
16,"[27, 20, 34]"
21,"[27, 20, 33]"
28,"[27, 20, 28]"
23,"[27, 20, 26]"
21,"[27, 20, 50]"
27,"[27, 20, 37]"
23,"[27, 20, 55]"
26,"[27, 20, 49]"
33,"[27, 20, 48]"
30,"[27, 20, 0]"
28,"[27, 20, 29]"
33,"[27, 20, 17]"
31,"[27, 20, 54]"
23,"[27, 20, 27]"
18,"[27, 20, 60]"
31,"[27, 20, 25]"
17,"[27, 20, 42]"
22,"[27, 20, 20]"
27,"[27, 13]"
23,"[27, 13, 53]"
21,"[27, 13, 70]"
16,"[27, 13, 28]"
19,"[27, 13, 48]"
17,"[27, 13, 0]"
19,"[27, 13, 29]"
18,"[27, 13, 17]"
19,"[27, 13, 54]"
22,"[27, 13, 69]"
26,"[27, 53]"
20,"[27, 53, 70]"
19,"[27, 53, 48]"
16,"[27, 53, 0]"
19,"[27, 53, 29]"
17,"[27, 53, 17]"
19,"[27, 53, 54]"
20,"[27, 53, 69]"
29,"[27, 8]"
16,"[27, 8, 3]"
26,"[27, 8, 70]"
20,"[27, 8, 6]"
16,"[27, 8, 4]"
18,"[27, 8, 33]"
20,"[27, 8, 28]"
19,"[27, 8, 56]"
17,"[27, 8, 55]"
20,"[27, 8, 48]"
24,"[27, 8, 0]"
24,"[27, 8, 29]"
25,"[27, 8, 17]"
23,"[27, 8, 54]"
22,"[27, 8, 27]"
21,"[27, 8, 69]"
20,"[27, 8, 25]"
16,"[27, 8, 35]"
17,"[27, 5]"
17,"[27, 5, 70]"
16,"[27, 5, 29]"
31,"[27, 26]"
22,"[27, 26, 50]"
28,"[27, 26, 70]"
20,"[27, 26, 55]"
18,"[27, 26, 49]"
25,"[27, 26, 48]"
23,"[27, 26, 0]"
20,"[27, 26, 6]"
23,"[27, 26, 29]"
26,"[27, 26, 17]"
21,"[27, 26, 54]"
19,"[27, 26, 27]"
19,"[27, 26, 25]"
17,"[27, 26, 28]"
23,"[27, 26, 69]"
16,"[27, 26, 20]"
16,"[27, 26, 4]"
33,"[27, 37]"
23,"[27, 37, 55]"
20,"[27, 37, 49]"
24,"[27, 37, 48]"
32,"[27, 37, 70]"
27,"[27, 37, 0]"
23,"[27, 37, 6]"
29,"[27, 37, 29]"
31,"[27, 37, 17]"
23,"[27, 37, 54]"
24,"[27, 37, 27]"
19,"[27, 37, 60]"
22,"[27, 37, 26]"
19,"[27, 37, 25]"
18,"[27, 37, 50]"
17,"[27, 37, 28]"
28,"[27, 37, 69]"
17,"[27, 37, 42]"
16,"[27, 37, 32]"
17,"[27, 37, 4]"
16,"[27, 37, 20]"
31,"[27, 42]"
26,"[27, 42, 69]"
18,"[27, 42, 42]"
23,"[27, 42, 29]"
18,"[27, 42, 6]"
16,"[27, 42, 56]"
16,"[27, 42, 35]"
27,"[27, 42, 70]"
16,"[27, 42, 34]"
20,"[27, 42, 33]"
20,"[27, 42, 28]"
21,"[27, 42, 25]"
24,"[27, 42, 48]"
23,"[27, 42, 54]"
21,"[27, 42, 0]"
17,"[27, 42, 20]"
18,"[27, 42, 27]"
22,"[27, 42, 17]"
16,"[27, 42, 12]"
21,"[27, 42, 51]"
19,"[27, 42, 13]"
17,"[27, 42, 53]"
28,"[27, 12]"
23,"[27, 12, 42]"
19,"[27, 12, 0]"
25,"[27, 12, 69]"
19,"[27, 12, 51]"
23,"[27, 12, 70]"
18,"[27, 12, 25]"
20,"[27, 12, 48]"
19,"[27, 12, 54]"
16,"[27, 12, 13]"
17,"[27, 12, 29]"
17,"[27, 12, 17]"
30,"[27, 51]"
22,"[27, 51, 70]"
18,"[27, 51, 25]"
20,"[27, 51, 48]"
17,"[27, 51, 54]"
19,"[27, 51, 29]"
20,"[27, 51, 69]"
16,"[27, 51, 27]"
20,"[27, 51, 17]"
18,"[27, 51, 0]"
22,"[27, 14]"
16,"[27, 14, 17]"
16,"[27, 14, 0]"
17,"[27, 14, 70]"
19,"[27, 14, 51]"
17,"[27, 43]"
17,"[27, 65]"
16,"[27, 65, 29]"
17,"[27, 65, 70]"
16,"[27, 65, 54]"
16,"[27, 65, 0]"
16,"[27, 65, 17]"
22,"[27, 63]"
17,"[27, 63, 69]"
22,"[27, 63, 70]"
16,"[27, 63, 33]"
17,"[27, 63, 28]"
21,"[27, 63, 54]"
17,"[27, 63, 0]"
20,"[27, 63, 17]"
17,"[27, 63, 29]"
18,"[27, 63, 25]"
20,"[27, 63, 48]"
17,"[27, 63, 20]"
53,[17]
49,"[17, 29]"
42,"[17, 29, 69]"
49,"[17, 29, 70]"
45,"[17, 29, 48]"
17,"[17, 29, 21]"
45,"[17, 29, 0]"
33,"[17, 29, 55]"
41,"[17, 29, 54]"
34,"[17, 29, 49]"
38,"[17, 29, 10]"
27,"[17, 29, 32]"
22,"[17, 29, 18]"
37,"[17, 29, 27]"
37,"[17, 29, 56]"
20,"[17, 29, 11]"
22,"[17, 29, 57]"
26,"[17, 29, 50]"
40,"[17, 29, 35]"
38,"[17, 29, 58]"
22,"[17, 29, 59]"
48,"[17, 29, 17]"
46,"[17, 29, 29]"
17,"[17, 29, 1]"
23,"[17, 29, 60]"
34,"[17, 29, 4]"
23,"[17, 29, 3]"
45,"[17, 29, 6]"
31,"[17, 29, 7]"
37,"[17, 29, 34]"
42,"[17, 29, 33]"
39,"[17, 29, 28]"
42,"[17, 29, 25]"
36,"[17, 29, 20]"
24,"[17, 29, 13]"
23,"[17, 29, 53]"
21,"[17, 29, 8]"
16,"[17, 29, 5]"
32,"[17, 29, 26]"
34,"[17, 29, 37]"
30,"[17, 29, 42]"
24,"[17, 29, 12]"
26,"[17, 29, 51]"
20,"[17, 29, 14]"
18,"[17, 29, 65]"
22,"[17, 29, 63]"
47,"[17, 69]"
45,"[17, 69, 70]"
40,"[17, 69, 48]"
36,"[17, 69, 0]"
29,"[17, 69, 55]"
33,"[17, 69, 54]"
30,"[17, 69, 49]"
21,"[17, 69, 10]"
23,"[17, 69, 32]"
21,"[17, 69, 18]"
32,"[17, 69, 27]"
25,"[17, 69, 56]"
17,"[17, 69, 50]"
27,"[17, 69, 35]"
25,"[17, 69, 58]"
39,"[17, 69, 17]"
39,"[17, 69, 29]"
17,"[17, 69, 60]"
25,"[17, 69, 4]"
16,"[17, 69, 3]"
36,"[17, 69, 6]"
21,"[17, 69, 7]"
31,"[17, 69, 34]"
34,"[17, 69, 33]"
32,"[17, 69, 28]"
36,"[17, 69, 25]"
29,"[17, 69, 20]"
41,"[17, 69, 69]"
27,"[17, 69, 13]"
26,"[17, 69, 53]"
21,"[17, 69, 8]"
22,"[17, 69, 26]"
25,"[17, 69, 37]"
32,"[17, 69, 42]"
29,"[17, 69, 12]"
30,"[17, 69, 51]"
19,"[17, 69, 14]"
19,"[17, 69, 43]"
17,"[17, 69, 63]"
52,"[17, 70]"
48,"[17, 70, 48]"
46,"[17, 70, 0]"
37,"[17, 70, 55]"
44,"[17, 70, 54]"
37,"[17, 70, 49]"
50,"[17, 70, 70]"
24,"[17, 70, 10]"
25,"[17, 70, 32]"
23,"[17, 70, 18]"
36,"[17, 70, 27]"
29,"[17, 70, 56]"
27,"[17, 70, 50]"
33,"[17, 70, 35]"
27,"[17, 70, 58]"
16,"[17, 70, 59]"
47,"[17, 70, 17]"
46,"[17, 70, 29]"
24,"[17, 70, 60]"
29,"[17, 70, 4]"
22,"[17, 70, 3]"
40,"[17, 70, 6]"
19,"[17, 70, 7]"
41,"[17, 70, 34]"
44,"[17, 70, 33]"
43,"[17, 70, 28]"
44,"[17, 70, 25]"
38,"[17, 70, 20]"
44,"[17, 70, 69]"
24,"[17, 70, 13]"
23,"[17, 70, 53]"
23,"[17, 70, 8]"
33,"[17, 70, 26]"
35,"[17, 70, 37]"
25,"[17, 70, 12]"
28,"[17, 70, 42]"
26,"[17, 70, 51]"
16,"[17, 70, 14]"
22,"[17, 70, 63]"
48,"[17, 48]"
35,"[17, 48, 0]"
31,"[17, 48, 55]"
36,"[17, 48, 54]"
33,"[17, 48, 49]"
45,"[17, 48, 70]"
20,"[17, 48, 32]"
18,"[17, 48, 18]"
28,"[17, 48, 27]"
16,"[17, 48, 56]"
17,"[17, 48, 50]"
16,"[17, 48, 35]"
41,"[17, 48, 17]"
40,"[17, 48, 29]"
18,"[17, 48, 60]"
22,"[17, 48, 4]"
30,"[17, 48, 6]"
18,"[17, 48, 34]"
23,"[17, 48, 33]"
25,"[17, 48, 28]"
28,"[17, 48, 25]"
31,"[17, 48, 48]"
23,"[17, 48, 20]"
39,"[17, 48, 69]"
16,"[17, 48, 13]"
19,"[17, 48, 53]"
17,"[17, 48, 8]"
20,"[17, 48, 26]"
23,"[17, 48, 37]"
18,"[17, 48, 12]"
20,"[17, 48, 42]"
20,"[17, 48, 51]"
17,"[17, 21]"
51,"[17, 0]"
35,"[17, 0, 55]"
43,"[17, 0, 54]"
36,"[17, 0, 49]"
49,"[17, 0, 70]"
38,"[17, 0, 10]"
27,"[17, 0, 32]"
24,"[17, 0, 18]"
36,"[17, 0, 27]"
38,"[17, 0, 56]"
20,"[17, 0, 11]"
22,"[17, 0, 57]"
24,"[17, 0, 50]"
41,"[17, 0, 35]"
38,"[17, 0, 58]"
22,"[17, 0, 59]"
45,"[17, 0, 0]"
47,"[17, 0, 17]"
48,"[17, 0, 29]"
17,"[17, 0, 21]"
22,"[17, 0, 1]"
21,"[17, 0, 60]"
36,"[17, 0, 4]"
38,"[17, 0, 3]"
46,"[17, 0, 6]"
31,"[17, 0, 7]"
38,"[17, 0, 34]"
41,"[17, 0, 33]"
40,"[17, 0, 28]"
43,"[17, 0, 25]"
45,"[17, 0, 48]"
35,"[17, 0, 20]"
46,"[17, 0, 69]"
27,"[17, 0, 13]"
26,"[17, 0, 53]"
24,"[17, 0, 8]"
16,"[17, 0, 5]"
30,"[17, 0, 26]"
33,"[17, 0, 37]"
31,"[17, 0, 42]"
27,"[17, 0, 12]"
29,"[17, 0, 51]"
22,"[17, 0, 14]"
17,"[17, 0, 43]"
17,"[17, 0, 65]"
21,"[17, 0, 63]"
37,"[17, 55]"
18,"[17, 55, 54]"
33,"[17, 55, 70]"
21,"[17, 55, 27]"
22,"[17, 55, 0]"
27,"[17, 55, 17]"
25,"[17, 55, 29]"
16,"[17, 55, 4]"
17,"[17, 55, 6]"
17,"[17, 55, 33]"
21,"[17, 55, 48]"
21,"[17, 55, 20]"
33,"[17, 55, 69]"
18,"[17, 55, 55]"
16,"[17, 55, 42]"
45,"[17, 54]"
24,"[17, 54, 49]"
43,"[17, 54, 70]"
19,"[17, 54, 32]"
16,"[17, 54, 18]"
27,"[17, 54, 27]"
17,"[17, 54, 56]"
20,"[17, 54, 50]"
34,"[17, 54, 0]"
39,"[17, 54, 17]"
37,"[17, 54, 29]"
17,"[17, 54, 60]"
20,"[17, 54, 4]"
27,"[17, 54, 6]"
17,"[17, 54, 34]"
18,"[17, 54, 33]"
23,"[17, 54, 28]"
24,"[17, 54, 25]"
30,"[17, 54, 48]"
30,"[17, 54, 54]"
24,"[17, 54, 20]"
37,"[17, 54, 69]"
19,"[17, 54, 13]"
19,"[17, 54, 53]"
17,"[17, 54, 8]"
22,"[17, 54, 26]"
22,"[17, 54, 37]"
31,"[17, 54, 55]"
16,"[17, 54, 12]"
19,"[17, 54, 42]"
18,"[17, 54, 51]"
37,"[17, 49]"
34,"[17, 49, 70]"
22,"[17, 49, 27]"
25,"[17, 49, 0]"
30,"[17, 49, 17]"
31,"[17, 49, 29]"
18,"[17, 49, 4]"
21,"[17, 49, 6]"
16,"[17, 49, 33]"
23,"[17, 49, 48]"
26,"[17, 49, 54]"
18,"[17, 49, 20]"
29,"[17, 49, 69]"
29,"[17, 49, 55]"
17,"[17, 49, 49]"
16,"[17, 49, 51]"
43,"[17, 10]"
23,"[17, 10, 32]"
20,"[17, 10, 18]"
31,"[17, 10, 27]"
38,"[17, 10, 56]"
20,"[17, 10, 11]"
21,"[17, 10, 57]"
43,"[17, 10, 70]"
21,"[17, 10, 50]"
34,"[17, 10, 35]"
30,"[17, 10, 58]"
17,"[17, 10, 59]"
38,"[17, 10, 0]"
39,"[17, 10, 17]"
37,"[17, 10, 29]"
19,"[17, 10, 60]"
25,"[17, 10, 4]"
19,"[17, 10, 3]"
32,"[17, 10, 6]"
16,"[17, 10, 7]"
34,"[17, 10, 34]"
37,"[17, 10, 33]"
35,"[17, 10, 28]"
38,"[17, 10, 25]"
40,"[17, 10, 48]"
39,"[17, 10, 54]"
33,"[17, 10, 20]"
39,"[17, 10, 69]"
23,"[17, 10, 13]"
23,"[17, 10, 53]"
19,"[17, 10, 8]"
26,"[17, 10, 26]"
30,"[17, 10, 37]"
30,"[17, 10, 55]"
31,"[17, 10, 49]"
25,"[17, 10, 42]"
22,"[17, 10, 10]"
23,"[17, 10, 12]"
23,"[17, 10, 51]"
20,"[17, 10, 63]"
27,"[17, 32]"
21,"[17, 32, 18]"
23,"[17, 32, 27]"
18,"[17, 32, 56]"
24,"[17, 32, 70]"
24,"[17, 32, 0]"
26,"[17, 32, 17]"
24,"[17, 32, 29]"
17,"[17, 32, 4]"
19,"[17, 32, 6]"
17,"[17, 32, 34]"
18,"[17, 32, 33]"
18,"[17, 32, 28]"
20,"[17, 32, 25]"
21,"[17, 32, 48]"
19,"[17, 32, 54]"
22,"[17, 32, 69]"
19,"[17, 32, 8]"
19,"[17, 32, 55]"
17,"[17, 32, 49]"
24,"[17, 18]"
20,"[17, 18, 27]"
17,"[17, 18, 56]"
23,"[17, 18, 70]"
16,"[17, 18, 35]"
22,"[17, 18, 0]"
23,"[17, 18, 17]"
24,"[17, 18, 29]"
16,"[17, 18, 4]"
20,"[17, 18, 6]"
16,"[17, 18, 34]"
16,"[17, 18, 33]"
18,"[17, 18, 28]"
18,"[17, 18, 25]"
19,"[17, 18, 48]"
20,"[17, 18, 54]"
20,"[17, 18, 69]"
18,"[17, 18, 8]"
17,"[17, 18, 55]"
41,"[17, 27]"
22,"[17, 27, 56]"
39,"[17, 27, 70]"
17,"[17, 27, 50]"
22,"[17, 27, 35]"
20,"[17, 27, 58]"
39,"[17, 27, 0]"
23,"[17, 27, 27]"
37,"[17, 27, 17]"
36,"[17, 27, 29]"
24,"[17, 27, 4]"
20,"[17, 27, 3]"
32,"[17, 27, 6]"
20,"[17, 27, 7]"
20,"[17, 27, 34]"
24,"[17, 27, 33]"
25,"[17, 27, 28]"
28,"[17, 27, 25]"
32,"[17, 27, 48]"
30,"[17, 27, 54]"
21,"[17, 27, 20]"
32,"[17, 27, 69]"
17,"[17, 27, 13]"
17,"[17, 27, 53]"
16,"[17, 27, 32]"
17,"[17, 27, 26]"
17,"[17, 27, 37]"
25,"[17, 27, 55]"
26,"[17, 27, 49]"
16,"[17, 27, 42]"
16,"[17, 27, 51]"
17,"[17, 27, 10]"
40,"[17, 56]"
27,"[17, 56, 56]"
22,"[17, 56, 57]"
40,"[17, 56, 70]"
22,"[17, 56, 50]"
32,"[17, 56, 35]"
29,"[17, 56, 58]"
17,"[17, 56, 59]"
36,"[17, 56, 0]"
30,"[17, 56, 27]"
37,"[17, 56, 17]"
35,"[17, 56, 29]"
17,"[17, 56, 60]"
24,"[17, 56, 4]"
18,"[17, 56, 3]"
30,"[17, 56, 6]"
33,"[17, 56, 34]"
36,"[17, 56, 33]"
34,"[17, 56, 28]"
37,"[17, 56, 25]"
36,"[17, 56, 48]"
37,"[17, 56, 54]"
31,"[17, 56, 20]"
37,"[17, 56, 69]"
21,"[17, 56, 13]"
20,"[17, 56, 53]"
20,"[17, 56, 32]"
18,"[17, 56, 18]"
17,"[17, 56, 8]"
24,"[17, 56, 26]"
28,"[17, 56, 37]"
29,"[17, 56, 55]"
31,"[17, 56, 49]"
24,"[17, 56, 42]"
20,"[17, 56, 10]"
21,"[17, 56, 12]"
20,"[17, 56, 51]"
18,"[17, 56, 63]"
20,"[17, 11]"
16,"[17, 11, 57]"
20,"[17, 11, 70]"
20,"[17, 11, 35]"
19,"[17, 11, 58]"
18,"[17, 11, 0]"
18,"[17, 11, 17]"
19,"[17, 11, 29]"
16,"[17, 11, 6]"
16,"[17, 11, 34]"
17,"[17, 11, 33]"
17,"[17, 11, 28]"
19,"[17, 11, 25]"
20,"[17, 11, 48]"
19,"[17, 11, 54]"
17,"[17, 11, 20]"
20,"[17, 11, 69]"
20,"[17, 11, 56]"
17,"[17, 11, 49]"
22,"[17, 57]"
22,"[17, 57, 70]"
18,"[17, 57, 35]"
16,"[17, 57, 58]"
17,"[17, 57, 0]"
21,"[17, 57, 17]"
20,"[17, 57, 29]"
18,"[17, 57, 34]"
18,"[17, 57, 33]"
19,"[17, 57, 28]"
22,"[17, 57, 25]"
21,"[17, 57, 48]"
18,"[17, 57, 54]"
16,"[17, 57, 20]"
20,"[17, 57, 69]"
16,"[17, 57, 37]"
17,"[17, 57, 49]"
27,"[17, 50]"
24,"[17, 50, 70]"
20,"[17, 50, 0]"
23,"[17, 50, 17]"
20,"[17, 50, 29]"
16,"[17, 50, 6]"
19,"[17, 50, 48]"
19,"[17, 50, 54]"
19,"[17, 50, 69]"
16,"[17, 50, 55]"
16,"[17, 50, 49]"
42,"[17, 35]"
35,"[17, 35, 58]"
42,"[17, 35, 70]"
22,"[17, 35, 35]"
22,"[17, 35, 59]"
35,"[17, 35, 0]"
29,"[17, 35, 27]"
38,"[17, 35, 17]"
37,"[17, 35, 29]"
18,"[17, 35, 50]"
18,"[17, 35, 60]"
22,"[17, 35, 4]"
30,"[17, 35, 6]"
33,"[17, 35, 34]"
34,"[17, 35, 33]"
34,"[17, 35, 28]"
36,"[17, 35, 25]"
38,"[17, 35, 48]"
38,"[17, 35, 54]"
30,"[17, 35, 20]"
38,"[17, 35, 69]"
19,"[17, 35, 13]"
20,"[17, 35, 53]"
18,"[17, 35, 32]"
16,"[17, 35, 18]"
24,"[17, 35, 26]"
24,"[17, 35, 56]"
30,"[17, 35, 37]"
29,"[17, 35, 55]"
31,"[17, 35, 49]"
22,"[17, 35, 42]"
19,"[17, 35, 12]"
22,"[17, 35, 51]"
16,"[17, 35, 10]"
16,"[17, 35, 63]"
38,"[17, 58]"
38,"[17, 58, 70]"
23,"[17, 58, 35]"
24,"[17, 58, 58]"
22,"[17, 58, 59]"
33,"[17, 58, 0]"
27,"[17, 58, 27]"
35,"[17, 58, 17]"
34,"[17, 58, 29]"
17,"[17, 58, 50]"
16,"[17, 58, 60]"
20,"[17, 58, 4]"
27,"[17, 58, 6]"
30,"[17, 58, 34]"
33,"[17, 58, 33]"
32,"[17, 58, 28]"
33,"[17, 58, 25]"
34,"[17, 58, 48]"
35,"[17, 58, 54]"
29,"[17, 58, 20]"
35,"[17, 58, 69]"
17,"[17, 58, 13]"
18,"[17, 58, 53]"
17,"[17, 58, 32]"
22,"[17, 58, 26]"
23,"[17, 58, 56]"
27,"[17, 58, 37]"
26,"[17, 58, 55]"
27,"[17, 58, 49]"
21,"[17, 58, 42]"
17,"[17, 58, 12]"
19,"[17, 58, 51]"
16,"[17, 58, 63]"
22,"[17, 59]"
19,"[17, 59, 0]"
20,"[17, 59, 17]"
20,"[17, 59, 29]"
22,"[17, 59, 70]"
17,"[17, 59, 6]"
18,"[17, 59, 34]"
19,"[17, 59, 33]"
20,"[17, 59, 28]"
21,"[17, 59, 25]"
21,"[17, 59, 48]"
22,"[17, 59, 54]"
18,"[17, 59, 20]"
19,"[17, 59, 69]"
16,"[17, 59, 49]"
50,"[17, 17]"
45,"[17, 17, 29]"
44,"[17, 17, 0]"
16,"[17, 17, 1]"
48,"[17, 17, 70]"
20,"[17, 17, 50]"
28,"[17, 17, 4]"
23,"[17, 17, 3]"
39,"[17, 17, 6]"
24,"[17, 17, 7]"
26,"[17, 17, 34]"
32,"[17, 17, 33]"
31,"[17, 17, 28]"
30,"[17, 17, 27]"
39,"[17, 17, 17]"
35,"[17, 17, 25]"
38,"[17, 17, 48]"
37,"[17, 17, 54]"
27,"[17, 17, 20]"
41,"[17, 17, 69]"
22,"[17, 17, 13]"
21,"[17, 17, 53]"
27,"[17, 17, 35]"
20,"[17, 17, 32]"
16,"[17, 17, 8]"
26,"[17, 17, 58]"
22,"[17, 17, 26]"
29,"[17, 17, 56]"
25,"[17, 17, 37]"
32,"[17, 17, 55]"
31,"[17, 17, 49]"
20,"[17, 17, 12]"
24,"[17, 17, 42]"
22,"[17, 17, 51]"
22,"[17, 17, 10]"
17,"[17, 17, 63]"
22,"[17, 1]"
19,"[17, 1, 70]"
16,"[17, 1, 4]"
17,"[17, 1, 6]"
18,"[17, 1, 17]"
20,"[17, 1, 29]"
16,"[17, 1, 25]"
17,"[17, 1, 48]"
17,"[17, 1, 54]"
19,"[17, 1, 69]"
16,"[17, 1, 35]"
17,"[17, 1, 55]"
24,"[17, 60]"
23,"[17, 60, 70]"
22,"[17, 60, 17]"
19,"[17, 60, 29]"
19,"[17, 60, 0]"
16,"[17, 60, 48]"
19,"[17, 60, 69]"
17,"[17, 60, 55]"
37,"[17, 4]"
28,"[17, 4, 6]"
36,"[17, 4, 70]"
26,"[17, 4, 34]"
28,"[17, 4, 33]"
28,"[17, 4, 28]"
22,"[17, 4, 27]"
29,"[17, 4, 17]"
31,"[17, 4, 29]"
31,"[17, 4, 0]"
30,"[17, 4, 25]"
32,"[17, 4, 48]"
28,"[17, 4, 54]"
23,"[17, 4, 20]"
34,"[17, 4, 69]"
17,"[17, 4, 13]"
18,"[17, 4, 53]"
26,"[17, 4, 35]"
17,"[17, 4, 32]"
16,"[17, 4, 18]"
16,"[17, 4, 8]"
25,"[17, 4, 4]"
16,"[17, 4, 5]"
25,"[17, 4, 58]"
17,"[17, 4, 26]"
24,"[17, 4, 56]"
21,"[17, 4, 37]"
27,"[17, 4, 55]"
27,"[17, 4, 49]"
23,"[17, 4, 10]"
19,"[17, 4, 42]"
17,"[17, 4, 12]"
17,"[17, 4, 51]"
39,"[17, 3]"
37,"[17, 3, 6]"
28,"[17, 3, 7]"
39,"[17, 3, 70]"
31,"[17, 3, 34]"
34,"[17, 3, 33]"
33,"[17, 3, 28]"
30,"[17, 3, 27]"
37,"[17, 3, 17]"
38,"[17, 3, 29]"
36,"[17, 3, 0]"
36,"[17, 3, 25]"
37,"[17, 3, 48]"
35,"[17, 3, 54]"
29,"[17, 3, 20]"
36,"[17, 3, 69]"
20,"[17, 3, 13]"
19,"[17, 3, 53]"
31,"[17, 3, 35]"
22,"[17, 3, 32]"
16,"[17, 3, 18]"
17,"[17, 3, 8]"
17,"[17, 3, 3]"
30,"[17, 3, 4]"
31,"[17, 3, 58]"
24,"[17, 3, 26]"
18,"[17, 3, 50]"
29,"[17, 3, 56]"
18,"[17, 3, 57]"
26,"[17, 3, 37]"
29,"[17, 3, 55]"
29,"[17, 3, 49]"
24,"[17, 3, 42]"
27,"[17, 3, 10]"
16,"[17, 3, 60]"
19,"[17, 3, 12]"
20,"[17, 3, 51]"
17,"[17, 3, 59]"
19,"[17, 3, 63]"
48,"[17, 6]"
32,"[17, 6, 7]"
48,"[17, 6, 70]"
38,"[17, 6, 34]"
40,"[17, 6, 33]"
40,"[17, 6, 28]"
35,"[17, 6, 27]"
46,"[17, 6, 17]"
42,"[17, 6, 29]"
16,"[17, 6, 21]"
40,"[17, 6, 0]"
42,"[17, 6, 25]"
43,"[17, 6, 48]"
42,"[17, 6, 54]"
35,"[17, 6, 20]"
43,"[17, 6, 69]"
23,"[17, 6, 13]"
22,"[17, 6, 53]"
39,"[17, 6, 35]"
25,"[17, 6, 32]"
22,"[17, 6, 18]"
22,"[17, 6, 8]"
19,"[17, 6, 3]"
16,"[17, 6, 1]"
37,"[17, 6, 6]"
35,"[17, 6, 4]"
16,"[17, 6, 5]"
37,"[17, 6, 58]"
29,"[17, 6, 26]"
23,"[17, 6, 50]"
37,"[17, 6, 56]"
19,"[17, 6, 57]"
33,"[17, 6, 37]"
35,"[17, 6, 55]"
33,"[17, 6, 49]"
33,"[17, 6, 10]"
28,"[17, 6, 42]"
21,"[17, 6, 60]"
23,"[17, 6, 12]"
24,"[17, 6, 51]"
20,"[17, 6, 59]"
18,"[17, 6, 14]"
16,"[17, 6, 11]"
20,"[17, 6, 63]"
32,"[17, 7]"
32,"[17, 7, 70]"
25,"[17, 7, 34]"
27,"[17, 7, 33]"
29,"[17, 7, 28]"
21,"[17, 7, 27]"
29,"[17, 7, 17]"
27,"[17, 7, 29]"
26,"[17, 7, 0]"
29,"[17, 7, 25]"
30,"[17, 7, 48]"
27,"[17, 7, 54]"
24,"[17, 7, 20]"
30,"[17, 7, 69]"
17,"[17, 7, 13]"
16,"[17, 7, 53]"
26,"[17, 7, 35]"
23,"[17, 7, 6]"
23,"[17, 7, 4]"
24,"[17, 7, 58]"
23,"[17, 7, 26]"
18,"[17, 7, 50]"
24,"[17, 7, 56]"
24,"[17, 7, 37]"
22,"[17, 7, 55]"
22,"[17, 7, 49]"
20,"[17, 7, 10]"
18,"[17, 7, 42]"
16,"[17, 7, 60]"
16,"[17, 7, 12]"
16,"[17, 7, 59]"
41,"[17, 34]"
37,"[17, 34, 33]"
39,"[17, 34, 28]"
31,"[17, 34, 27]"
39,"[17, 34, 17]"
37,"[17, 34, 29]"
34,"[17, 34, 0]"
41,"[17, 34, 25]"
39,"[17, 34, 48]"
35,"[17, 34, 54]"
31,"[17, 34, 20]"
37,"[17, 34, 69]"
18,"[17, 34, 13]"
18,"[17, 34, 53]"
20,"[17, 34, 35]"
21,"[17, 34, 32]"
20,"[17, 34, 18]"
19,"[17, 34, 8]"
41,"[17, 34, 70]"
29,"[17, 34, 6]"
22,"[17, 34, 4]"
16,"[17, 34, 58]"
21,"[17, 34, 34]"
24,"[17, 34, 26]"
20,"[17, 34, 50]"
16,"[17, 34, 56]"
29,"[17, 34, 37]"
28,"[17, 34, 55]"
32,"[17, 34, 49]"
18,"[17, 34, 60]"
18,"[17, 34, 12]"
22,"[17, 34, 42]"
19,"[17, 34, 51]"
44,"[17, 33]"
40,"[17, 33, 28]"
30,"[17, 33, 27]"
40,"[17, 33, 17]"
39,"[17, 33, 29]"
35,"[17, 33, 0]"
40,"[17, 33, 25]"
38,"[17, 33, 48]"
38,"[17, 33, 54]"
31,"[17, 33, 20]"
39,"[17, 33, 69]"
19,"[17, 33, 13]"
20,"[17, 33, 53]"
20,"[17, 33, 35]"
20,"[17, 33, 32]"
19,"[17, 33, 18]"
18,"[17, 33, 8]"
41,"[17, 33, 70]"
29,"[17, 33, 6]"
23,"[17, 33, 4]"
16,"[17, 33, 58]"
24,"[17, 33, 34]"
25,"[17, 33, 33]"
24,"[17, 33, 26]"
20,"[17, 33, 50]"
16,"[17, 33, 56]"
29,"[17, 33, 37]"
30,"[17, 33, 55]"
30,"[17, 33, 49]"
17,"[17, 33, 60]"
18,"[17, 33, 12]"
23,"[17, 33, 42]"
19,"[17, 33, 51]"
43,"[17, 28]"
27,"[17, 28, 27]"
37,"[17, 28, 17]"
37,"[17, 28, 29]"
33,"[17, 28, 0]"
40,"[17, 28, 25]"
39,"[17, 28, 48]"
37,"[17, 28, 54]"
26,"[17, 28, 20]"
37,"[17, 28, 69]"
17,"[17, 28, 13]"
17,"[17, 28, 53]"
19,"[17, 28, 35]"
19,"[17, 28, 32]"
18,"[17, 28, 18]"
16,"[17, 28, 8]"
41,"[17, 28, 70]"
31,"[17, 28, 6]"
22,"[17, 28, 4]"
22,"[17, 28, 34]"
23,"[17, 28, 33]"
30,"[17, 28, 28]"
21,"[17, 28, 26]"
18,"[17, 28, 50]"
27,"[17, 28, 37]"
26,"[17, 28, 55]"
29,"[17, 28, 49]"
17,"[17, 28, 60]"
17,"[17, 28, 12]"
21,"[17, 28, 42]"
17,"[17, 28, 51]"
44,"[17, 25]"
41,"[17, 25, 48]"
36,"[17, 25, 54]"
24,"[17, 25, 20]"
36,"[17, 25, 69]"
18,"[17, 25, 13]"
17,"[17, 25, 53]"
19,"[17, 25, 35]"
22,"[17, 25, 32]"
20,"[17, 25, 18]"
19,"[17, 25, 8]"
44,"[17, 25, 70]"
31,"[17, 25, 6]"
22,"[17, 25, 4]"
21,"[17, 25, 34]"
22,"[17, 25, 33]"
27,"[17, 25, 28]"
20,"[17, 25, 26]"
17,"[17, 25, 50]"
26,"[17, 25, 37]"
31,"[17, 25, 55]"
33,"[17, 25, 49]"
33,"[17, 25, 0]"
39,"[17, 25, 29]"
40,"[17, 25, 17]"
30,"[17, 25, 27]"
18,"[17, 25, 60]"
28,"[17, 25, 25]"
18,"[17, 25, 12]"
22,"[17, 25, 42]"
19,"[17, 25, 51]"
38,"[17, 20]"
32,"[17, 20, 69]"
16,"[17, 20, 8]"
36,"[17, 20, 70]"
23,"[17, 20, 6]"
18,"[17, 20, 4]"
20,"[17, 20, 33]"
27,"[17, 20, 28]"
23,"[17, 20, 26]"
21,"[17, 20, 50]"
28,"[17, 20, 37]"
23,"[17, 20, 55]"
25,"[17, 20, 49]"
33,"[17, 20, 48]"
29,"[17, 20, 0]"
28,"[17, 20, 29]"
33,"[17, 20, 17]"
30,"[17, 20, 54]"
23,"[17, 20, 27]"
18,"[17, 20, 60]"
30,"[17, 20, 25]"
17,"[17, 20, 42]"
21,"[17, 20, 20]"
27,"[17, 13]"
24,"[17, 13, 53]"
22,"[17, 13, 70]"
16,"[17, 13, 6]"
18,"[17, 13, 28]"
21,"[17, 13, 48]"
18,"[17, 13, 0]"
19,"[17, 13, 29]"
19,"[17, 13, 17]"
18,"[17, 13, 54]"
23,"[17, 13, 69]"
16,"[17, 13, 25]"
26,"[17, 53]"
21,"[17, 53, 70]"
16,"[17, 53, 28]"
21,"[17, 53, 48]"
17,"[17, 53, 0]"
19,"[17, 53, 29]"
18,"[17, 53, 17]"
18,"[17, 53, 54]"
21,"[17, 53, 69]"
25,"[17, 8]"
23,"[17, 8, 70]"
19,"[17, 8, 6]"
16,"[17, 8, 4]"
16,"[17, 8, 33]"
19,"[17, 8, 28]"
16,"[17, 8, 56]"
17,"[17, 8, 55]"
20,"[17, 8, 48]"
20,"[17, 8, 0]"
21,"[17, 8, 29]"
22,"[17, 8, 17]"
20,"[17, 8, 54]"
20,"[17, 8, 27]"
20,"[17, 8, 69]"
18,"[17, 8, 25]"
16,"[17, 5]"
16,"[17, 5, 70]"
33,"[17, 26]"
23,"[17, 26, 50]"
30,"[17, 26, 70]"
21,"[17, 26, 55]"
19,"[17, 26, 49]"
27,"[17, 26, 48]"
24,"[17, 26, 0]"
21,"[17, 26, 6]"
25,"[17, 26, 29]"
28,"[17, 26, 17]"
21,"[17, 26, 54]"
19,"[17, 26, 27]"
19,"[17, 26, 25]"
18,"[17, 26, 28]"
24,"[17, 26, 69]"
16,"[17, 26, 20]"
17,"[17, 26, 4]"
35,"[17, 37]"
24,"[17, 37, 55]"
21,"[17, 37, 49]"
26,"[17, 37, 48]"
34,"[17, 37, 70]"
28,"[17, 37, 0]"
24,"[17, 37, 6]"
31,"[17, 37, 29]"
33,"[17, 37, 17]"
23,"[17, 37, 54]"
24,"[17, 37, 27]"
21,"[17, 37, 60]"
24,"[17, 37, 26]"
19,"[17, 37, 25]"
19,"[17, 37, 50]"
18,"[17, 37, 28]"
29,"[17, 37, 69]"
16,"[17, 37, 12]"
18,"[17, 37, 42]"
16,"[17, 37, 51]"
16,"[17, 37, 33]"
16,"[17, 37, 32]"
18,"[17, 37, 4]"
16,"[17, 37, 20]"
32,"[17, 42]"
28,"[17, 42, 69]"
19,"[17, 42, 42]"
24,"[17, 42, 29]"
20,"[17, 42, 6]"
16,"[17, 42, 56]"
16,"[17, 42, 35]"
29,"[17, 42, 70]"
17,"[17, 42, 34]"
22,"[17, 42, 33]"
22,"[17, 42, 28]"
22,"[17, 42, 25]"
26,"[17, 42, 48]"
23,"[17, 42, 54]"
21,"[17, 42, 0]"
19,"[17, 42, 20]"
19,"[17, 42, 27]"
24,"[17, 42, 17]"
16,"[17, 42, 12]"
21,"[17, 42, 51]"
16,"[17, 42, 49]"
19,"[17, 42, 13]"
17,"[17, 42, 53]"
16,"[17, 42, 43]"
29,"[17, 12]"
25,"[17, 12, 42]"
19,"[17, 12, 0]"
27,"[17, 12, 69]"
19,"[17, 12, 51]"
25,"[17, 12, 70]"
19,"[17, 12, 25]"
22,"[17, 12, 48]"
19,"[17, 12, 54]"
16,"[17, 12, 13]"
18,"[17, 12, 29]"
17,"[17, 12, 33]"
17,"[17, 12, 28]"
16,"[17, 12, 6]"
19,"[17, 12, 17]"
30,"[17, 51]"
22,"[17, 51, 70]"
17,"[17, 51, 25]"
20,"[17, 51, 48]"
16,"[17, 51, 54]"
19,"[17, 51, 29]"
21,"[17, 51, 69]"
20,"[17, 51, 17]"
16,"[17, 51, 13]"
17,"[17, 51, 0]"
23,"[17, 14]"
16,"[17, 14, 69]"
16,"[17, 14, 17]"
17,"[17, 14, 70]"
19,"[17, 14, 51]"
19,"[17, 43]"
18,"[17, 65]"
17,"[17, 65, 29]"
18,"[17, 65, 70]"
16,"[17, 65, 63]"
16,"[17, 65, 54]"
16,"[17, 65, 0]"
17,"[17, 65, 17]"
16,"[17, 65, 48]"
23,"[17, 63]"
17,"[17, 63, 69]"
22,"[17, 63, 70]"
16,"[17, 63, 33]"
16,"[17, 63, 28]"
20,"[17, 63, 54]"
17,"[17, 63, 0]"
21,"[17, 63, 17]"
18,"[17, 63, 29]"
17,"[17, 63, 25]"
20,"[17, 63, 48]"
17,"[17, 63, 20]"
50,[29]
43,"[29, 69]"
42,"[29, 69, 70]"
38,"[29, 69, 48]"
34,"[29, 69, 0]"
27,"[29, 69, 55]"
30,"[29, 69, 54]"
29,"[29, 69, 49]"
18,"[29, 69, 10]"
21,"[29, 69, 32]"
18,"[29, 69, 18]"
29,"[29, 69, 27]"
23,"[29, 69, 56]"
16,"[29, 69, 50]"
22,"[29, 69, 35]"
21,"[29, 69, 58]"
37,"[29, 69, 17]"
36,"[29, 69, 29]"
17,"[29, 69, 60]"
22,"[29, 69, 4]"
32,"[29, 69, 6]"
16,"[29, 69, 7]"
26,"[29, 69, 34]"
30,"[29, 69, 33]"
29,"[29, 69, 28]"
34,"[29, 69, 25]"
24,"[29, 69, 20]"
38,"[29, 69, 69]"
24,"[29, 69, 13]"
23,"[29, 69, 53]"
18,"[29, 69, 8]"
22,"[29, 69, 26]"
24,"[29, 69, 37]"
25,"[29, 69, 12]"
30,"[29, 69, 42]"
25,"[29, 69, 51]"
16,"[29, 69, 63]"
50,"[29, 70]"
47,"[29, 70, 48]"
43,"[29, 70, 0]"
34,"[29, 70, 55]"
42,"[29, 70, 54]"
36,"[29, 70, 49]"
50,"[29, 70, 70]"
22,"[29, 70, 10]"
23,"[29, 70, 32]"
20,"[29, 70, 18]"
34,"[29, 70, 27]"
27,"[29, 70, 56]"
27,"[29, 70, 50]"
29,"[29, 70, 35]"
26,"[29, 70, 58]"
46,"[29, 70, 17]"
43,"[29, 70, 29]"
24,"[29, 70, 60]"
28,"[29, 70, 4]"
20,"[29, 70, 3]"
36,"[29, 70, 6]"
39,"[29, 70, 34]"
43,"[29, 70, 33]"
41,"[29, 70, 28]"
44,"[29, 70, 25]"
38,"[29, 70, 20]"
41,"[29, 70, 69]"
23,"[29, 70, 13]"
22,"[29, 70, 53]"
21,"[29, 70, 8]"
33,"[29, 70, 26]"
35,"[29, 70, 37]"
22,"[29, 70, 12]"
26,"[29, 70, 42]"
23,"[29, 70, 51]"
16,"[29, 70, 36]"
22,"[29, 70, 63]"
47,"[29, 48]"
34,"[29, 48, 0]"
31,"[29, 48, 55]"
36,"[29, 48, 54]"
33,"[29, 48, 49]"
43,"[29, 48, 70]"
18,"[29, 48, 32]"
17,"[29, 48, 18]"
25,"[29, 48, 27]"
16,"[29, 48, 56]"
16,"[29, 48, 50]"
16,"[29, 48, 35]"
39,"[29, 48, 17]"
39,"[29, 48, 29]"
17,"[29, 48, 60]"
21,"[29, 48, 4]"
27,"[29, 48, 6]"
17,"[29, 48, 34]"
22,"[29, 48, 33]"
25,"[29, 48, 28]"
29,"[29, 48, 25]"
30,"[29, 48, 48]"
23,"[29, 48, 20]"
37,"[29, 48, 69]"
18,"[29, 48, 53]"
17,"[29, 48, 8]"
19,"[29, 48, 26]"
21,"[29, 48, 37]"
17,"[29, 48, 12]"
20,"[29, 48, 42]"
18,"[29, 48, 51]"
17,"[29, 21]"
46,"[29, 0]"
31,"[29, 0, 55]"
35,"[29, 0, 54]"
32,"[29, 0, 49]"
44,"[29, 0, 70]"
23,"[29, 0, 10]"
21,"[29, 0, 32]"
18,"[29, 0, 18]"
28,"[29, 0, 27]"
27,"[29, 0, 56]"
16,"[29, 0, 50]"
25,"[29, 0, 35]"
22,"[29, 0, 58]"
34,"[29, 0, 0]"
42,"[29, 0, 17]"
41,"[29, 0, 29]"
17,"[29, 0, 60]"
28,"[29, 0, 4]"
24,"[29, 0, 3]"
33,"[29, 0, 6]"
19,"[29, 0, 7]"
27,"[29, 0, 34]"
29,"[29, 0, 33]"
33,"[29, 0, 28]"
33,"[29, 0, 25]"
38,"[29, 0, 48]"
25,"[29, 0, 20]"
40,"[29, 0, 69]"
20,"[29, 0, 13]"
21,"[29, 0, 53]"
18,"[29, 0, 8]"
22,"[29, 0, 26]"
26,"[29, 0, 37]"
21,"[29, 0, 12]"
22,"[29, 0, 42]"
21,"[29, 0, 51]"
34,"[29, 55]"
16,"[29, 55, 54]"
30,"[29, 55, 70]"
19,"[29, 55, 27]"
20,"[29, 55, 0]"
25,"[29, 55, 17]"
23,"[29, 55, 29]"
16,"[29, 55, 33]"
18,"[29, 55, 48]"
18,"[29, 55, 20]"
29,"[29, 55, 69]"
17,"[29, 55, 55]"
43,"[29, 54]"
22,"[29, 54, 49]"
40,"[29, 54, 70]"
17,"[29, 54, 32]"
24,"[29, 54, 27]"
17,"[29, 54, 56]"
18,"[29, 54, 50]"
32,"[29, 54, 0]"
37,"[29, 54, 17]"
35,"[29, 54, 29]"
18,"[29, 54, 4]"
24,"[29, 54, 6]"
18,"[29, 54, 33]"
23,"[29, 54, 28]"
23,"[29, 54, 25]"
28,"[29, 54, 48]"
30,"[29, 54, 54]"
23,"[29, 54, 20]"
34,"[29, 54, 69]"
16,"[29, 54, 13]"
16,"[29, 54, 53]"
16,"[29, 54, 8]"
20,"[29, 54, 26]"
19,"[29, 54, 37]"
30,"[29, 54, 55]"
18,"[29, 54, 42]"
16,"[29, 54, 63]"
36,"[29, 49]"
32,"[29, 49, 70]"
20,"[29, 49, 27]"
24,"[29, 49, 0]"
29,"[29, 49, 17]"
30,"[29, 49, 29]"
17,"[29, 49, 4]"
19,"[29, 49, 6]"
17,"[29, 49, 33]"
20,"[29, 49, 48]"
26,"[29, 49, 54]"
17,"[29, 49, 20]"
27,"[29, 49, 69]"
29,"[29, 49, 55]"
40,"[29, 10]"
20,"[29, 10, 32]"
18,"[29, 10, 18]"
28,"[29, 10, 27]"
37,"[29, 10, 56]"
21,"[29, 10, 11]"
21,"[29, 10, 57]"
40,"[29, 10, 70]"
20,"[29, 10, 50]"
32,"[29, 10, 35]"
29,"[29, 10, 58]"
17,"[29, 10, 59]"
35,"[29, 10, 0]"
37,"[29, 10, 17]"
35,"[29, 10, 29]"
18,"[29, 10, 60]"
23,"[29, 10, 4]"
17,"[29, 10, 3]"
29,"[29, 10, 6]"
30,"[29, 10, 34]"
34,"[29, 10, 33]"
32,"[29, 10, 28]"
35,"[29, 10, 25]"
36,"[29, 10, 48]"
35,"[29, 10, 54]"
30,"[29, 10, 20]"
35,"[29, 10, 69]"
19,"[29, 10, 13]"
19,"[29, 10, 53]"
16,"[29, 10, 8]"
25,"[29, 10, 26]"
28,"[29, 10, 37]"
27,"[29, 10, 55]"
29,"[29, 10, 49]"
23,"[29, 10, 42]"
22,"[29, 10, 10]"
19,"[29, 10, 12]"
21,"[29, 10, 51]"
19,"[29, 10, 63]"
27,"[29, 32]"
20,"[29, 32, 18]"
23,"[29, 32, 27]"
17,"[29, 32, 56]"
24,"[29, 32, 70]"
22,"[29, 32, 0]"
26,"[29, 32, 17]"
24,"[29, 32, 29]"
16,"[29, 32, 4]"
18,"[29, 32, 6]"
16,"[29, 32, 34]"
18,"[29, 32, 33]"
17,"[29, 32, 28]"
18,"[29, 32, 25]"
19,"[29, 32, 48]"
19,"[29, 32, 54]"
22,"[29, 32, 69]"
17,"[29, 32, 8]"
18,"[29, 32, 55]"
23,"[29, 18]"
19,"[29, 18, 27]"
16,"[29, 18, 56]"
22,"[29, 18, 70]"
21,"[29, 18, 0]"
22,"[29, 18, 17]"
22,"[29, 18, 29]"
19,"[29, 18, 6]"
16,"[29, 18, 28]"
16,"[29, 18, 25]"
17,"[29, 18, 48]"
20,"[29, 18, 54]"
19,"[29, 18, 69]"
17,"[29, 18, 8]"
17,"[29, 18, 55]"
38,"[29, 27]"
22,"[29, 27, 56]"
35,"[29, 27, 70]"
21,"[29, 27, 35]"
19,"[29, 27, 58]"
34,"[29, 27, 0]"
21,"[29, 27, 27]"
36,"[29, 27, 17]"
33,"[29, 27, 29]"
22,"[29, 27, 4]"
19,"[29, 27, 3]"
28,"[29, 27, 6]"
17,"[29, 27, 7]"
20,"[29, 27, 34]"
24,"[29, 27, 33]"
25,"[29, 27, 28]"
25,"[29, 27, 25]"
28,"[29, 27, 48]"
29,"[29, 27, 54]"
20,"[29, 27, 20]"
30,"[29, 27, 69]"
24,"[29, 27, 55]"
23,"[29, 27, 49]"
17,"[29, 27, 10]"
39,"[29, 56]"
27,"[29, 56, 56]"
22,"[29, 56, 57]"
39,"[29, 56, 70]"
21,"[29, 56, 50]"
32,"[29, 56, 35]"
29,"[29, 56, 58]"
17,"[29, 56, 59]"
35,"[29, 56, 0]"
28,"[29, 56, 27]"
36,"[29, 56, 17]"
34,"[29, 56, 29]"
17,"[29, 56, 60]"
23,"[29, 56, 4]"
17,"[29, 56, 3]"
28,"[29, 56, 6]"
31,"[29, 56, 34]"
35,"[29, 56, 33]"
32,"[29, 56, 28]"
35,"[29, 56, 25]"
34,"[29, 56, 48]"
35,"[29, 56, 54]"
29,"[29, 56, 20]"
35,"[29, 56, 69]"
19,"[29, 56, 13]"
18,"[29, 56, 53]"
19,"[29, 56, 32]"
17,"[29, 56, 18]"
24,"[29, 56, 26]"
27,"[29, 56, 37]"
28,"[29, 56, 55]"
30,"[29, 56, 49]"
23,"[29, 56, 42]"
20,"[29, 56, 10]"
19,"[29, 56, 12]"
19,"[29, 56, 51]"
18,"[29, 56, 63]"
21,"[29, 11]"
16,"[29, 11, 57]"
21,"[29, 11, 70]"
20,"[29, 11, 35]"
19,"[29, 11, 58]"
19,"[29, 11, 0]"
19,"[29, 11, 17]"
20,"[29, 11, 29]"
16,"[29, 11, 6]"
16,"[29, 11, 34]"
18,"[29, 11, 33]"
17,"[29, 11, 28]"
19,"[29, 11, 25]"
20,"[29, 11, 48]"
19,"[29, 11, 54]"
17,"[29, 11, 20]"
20,"[29, 11, 69]"
21,"[29, 11, 56]"
17,"[29, 11, 49]"
22,"[29, 57]"
22,"[29, 57, 70]"
18,"[29, 57, 35]"
16,"[29, 57, 58]"
17,"[29, 57, 0]"
21,"[29, 57, 17]"
20,"[29, 57, 29]"
18,"[29, 57, 34]"
18,"[29, 57, 33]"
19,"[29, 57, 28]"
22,"[29, 57, 25]"
21,"[29, 57, 48]"
18,"[29, 57, 54]"
16,"[29, 57, 20]"
20,"[29, 57, 69]"
16,"[29, 57, 37]"
17,"[29, 57, 49]"
27,"[29, 50]"
23,"[29, 50, 70]"
19,"[29, 50, 0]"
22,"[29, 50, 17]"
19,"[29, 50, 29]"
18,"[29, 50, 48]"
19,"[29, 50, 54]"
18,"[29, 50, 69]"
16,"[29, 50, 55]"
16,"[29, 50, 49]"
41,"[29, 35]"
36,"[29, 35, 58]"
41,"[29, 35, 70]"
21,"[29, 35, 35]"
23,"[29, 35, 59]"
35,"[29, 35, 0]"
27,"[29, 35, 27]"
38,"[29, 35, 17]"
37,"[29, 35, 29]"
18,"[29, 35, 50]"
18,"[29, 35, 60]"
21,"[29, 35, 4]"
28,"[29, 35, 6]"
32,"[29, 35, 34]"
35,"[29, 35, 33]"
33,"[29, 35, 28]"
35,"[29, 35, 25]"
36,"[29, 35, 48]"
36,"[29, 35, 54]"
30,"[29, 35, 20]"
37,"[29, 35, 69]"
18,"[29, 35, 13]"
19,"[29, 35, 53]"
17,"[29, 35, 32]"
24,"[29, 35, 26]"
25,"[29, 35, 56]"
29,"[29, 35, 37]"
28,"[29, 35, 55]"
29,"[29, 35, 49]"
22,"[29, 35, 42]"
18,"[29, 35, 12]"
21,"[29, 35, 51]"
17,"[29, 35, 10]"
17,"[29, 35, 63]"
39,"[29, 58]"
39,"[29, 58, 70]"
23,"[29, 58, 35]"
24,"[29, 58, 58]"
23,"[29, 58, 59]"
34,"[29, 58, 0]"
27,"[29, 58, 27]"
36,"[29, 58, 17]"
35,"[29, 58, 29]"
18,"[29, 58, 50]"
17,"[29, 58, 60]"
20,"[29, 58, 4]"
27,"[29, 58, 6]"
30,"[29, 58, 34]"
34,"[29, 58, 33]"
32,"[29, 58, 28]"
33,"[29, 58, 25]"
34,"[29, 58, 48]"
35,"[29, 58, 54]"
29,"[29, 58, 20]"
35,"[29, 58, 69]"
17,"[29, 58, 13]"
18,"[29, 58, 53]"
17,"[29, 58, 32]"
23,"[29, 58, 26]"
24,"[29, 58, 56]"
27,"[29, 58, 37]"
26,"[29, 58, 55]"
27,"[29, 58, 49]"
21,"[29, 58, 42]"
17,"[29, 58, 12]"
19,"[29, 58, 51]"
16,"[29, 58, 10]"
17,"[29, 58, 63]"
23,"[29, 59]"
20,"[29, 59, 0]"
21,"[29, 59, 17]"
21,"[29, 59, 29]"
23,"[29, 59, 70]"
17,"[29, 59, 6]"
18,"[29, 59, 34]"
20,"[29, 59, 33]"
20,"[29, 59, 28]"
21,"[29, 59, 25]"
21,"[29, 59, 48]"
22,"[29, 59, 54]"
18,"[29, 59, 20]"
19,"[29, 59, 69]"
16,"[29, 59, 49]"
49,"[29, 17]"
42,"[29, 17, 29]"
40,"[29, 17, 0]"
47,"[29, 17, 70]"
17,"[29, 17, 50]"
26,"[29, 17, 4]"
21,"[29, 17, 3]"
34,"[29, 17, 6]"
19,"[29, 17, 7]"
24,"[29, 17, 34]"
31,"[29, 17, 33]"
30,"[29, 17, 28]"
27,"[29, 17, 27]"
39,"[29, 17, 17]"
32,"[29, 17, 25]"
36,"[29, 17, 48]"
37,"[29, 17, 54]"
26,"[29, 17, 20]"
40,"[29, 17, 69]"
19,"[29, 17, 13]"
19,"[29, 17, 53]"
25,"[29, 17, 35]"
17,"[29, 17, 32]"
23,"[29, 17, 58]"
21,"[29, 17, 26]"
28,"[29, 17, 56]"
22,"[29, 17, 37]"
33,"[29, 17, 55]"
30,"[29, 17, 49]"
19,"[29, 17, 12]"
22,"[29, 17, 42]"
20,"[29, 17, 51]"
21,"[29, 17, 10]"
16,"[29, 17, 63]"
46,"[29, 29]"
40,"[29, 29, 0]"
46,"[29, 29, 70]"
20,"[29, 29, 50]"
17,"[29, 29, 60]"
29,"[29, 29, 4]"
20,"[29, 29, 3]"
38,"[29, 29, 6]"
22,"[29, 29, 7]"
29,"[29, 29, 34]"
34,"[29, 29, 33]"
32,"[29, 29, 28]"
28,"[29, 29, 27]"
41,"[29, 29, 17]"
40,"[29, 29, 29]"
34,"[29, 29, 25]"
40,"[29, 29, 48]"
34,"[29, 29, 54]"
27,"[29, 29, 20]"
38,"[29, 29, 69]"
22,"[29, 29, 13]"
23,"[29, 29, 53]"
29,"[29, 29, 35]"
21,"[29, 29, 32]"
16,"[29, 29, 18]"
17,"[29, 29, 8]"
28,"[29, 29, 58]"
25,"[29, 29, 26]"
30,"[29, 29, 56]"
16,"[29, 29, 57]"
27,"[29, 29, 37]"
31,"[29, 29, 55]"
31,"[29, 29, 49]"
25,"[29, 29, 10]"
16,"[29, 29, 59]"
21,"[29, 29, 12]"
23,"[29, 29, 42]"
22,"[29, 29, 51]"
18,"[29, 29, 63]"
17,"[29, 1]"
24,"[29, 60]"
23,"[29, 60, 70]"
21,"[29, 60, 17]"
18,"[29, 60, 29]"
18,"[29, 60, 0]"
18,"[29, 60, 69]"
16,"[29, 60, 50]"
17,"[29, 60, 55]"
36,"[29, 4]"
27,"[29, 4, 6]"
35,"[29, 4, 70]"
26,"[29, 4, 34]"
28,"[29, 4, 33]"
28,"[29, 4, 28]"
21,"[29, 4, 27]"
29,"[29, 4, 17]"
31,"[29, 4, 29]"
31,"[29, 4, 0]"
30,"[29, 4, 25]"
32,"[29, 4, 48]"
28,"[29, 4, 54]"
22,"[29, 4, 20]"
32,"[29, 4, 69]"
17,"[29, 4, 13]"
18,"[29, 4, 53]"
26,"[29, 4, 35]"
16,"[29, 4, 32]"
16,"[29, 4, 8]"
25,"[29, 4, 4]"
17,"[29, 4, 5]"
25,"[29, 4, 58]"
18,"[29, 4, 26]"
24,"[29, 4, 56]"
20,"[29, 4, 37]"
25,"[29, 4, 55]"
27,"[29, 4, 49]"
23,"[29, 4, 10]"
18,"[29, 4, 42]"
16,"[29, 4, 12]"
16,"[29, 4, 51]"
24,"[29, 3]"
19,"[29, 3, 6]"
16,"[29, 3, 7]"
24,"[29, 3, 70]"
17,"[29, 3, 33]"
16,"[29, 3, 28]"
19,"[29, 3, 17]"
21,"[29, 3, 29]"
16,"[29, 3, 0]"
18,"[29, 3, 25]"
19,"[29, 3, 48]"
17,"[29, 3, 54]"
22,"[29, 3, 69]"
17,"[29, 3, 55]"
16,"[29, 3, 49]"
47,"[29, 6]"
32,"[29, 6, 7]"
47,"[29, 6, 70]"
37,"[29, 6, 34]"
39,"[29, 6, 33]"
39,"[29, 6, 28]"
33,"[29, 6, 27]"
45,"[29, 6, 17]"
42,"[29, 6, 29]"
16,"[29, 6, 21]"
40,"[29, 6, 0]"
42,"[29, 6, 25]"
43,"[29, 6, 48]"
42,"[29, 6, 54]"
34,"[29, 6, 20]"
41,"[29, 6, 69]"
22,"[29, 6, 13]"
22,"[29, 6, 53]"
40,"[29, 6, 35]"
24,"[29, 6, 32]"
21,"[29, 6, 18]"
21,"[29, 6, 8]"
18,"[29, 6, 3]"
17,"[29, 6, 1]"
36,"[29, 6, 6]"
35,"[29, 6, 4]"
17,"[29, 6, 5]"
38,"[29, 6, 58]"
29,"[29, 6, 26]"
23,"[29, 6, 50]"
36,"[29, 6, 56]"
18,"[29, 6, 57]"
32,"[29, 6, 37]"
32,"[29, 6, 55]"
33,"[29, 6, 49]"
33,"[29, 6, 10]"
27,"[29, 6, 42]"
21,"[29, 6, 60]"
22,"[29, 6, 12]"
23,"[29, 6, 51]"
21,"[29, 6, 59]"
17,"[29, 6, 14]"
17,"[29, 6, 11]"
16,"[29, 6, 65]"
21,"[29, 6, 63]"
32,"[29, 7]"
32,"[29, 7, 70]"
25,"[29, 7, 34]"
27,"[29, 7, 33]"
29,"[29, 7, 28]"
20,"[29, 7, 27]"
29,"[29, 7, 17]"
27,"[29, 7, 29]"
26,"[29, 7, 0]"
29,"[29, 7, 25]"
30,"[29, 7, 48]"
27,"[29, 7, 54]"
24,"[29, 7, 20]"
29,"[29, 7, 69]"
16,"[29, 7, 13]"
27,"[29, 7, 35]"
22,"[29, 7, 6]"
23,"[29, 7, 4]"
25,"[29, 7, 58]"
23,"[29, 7, 26]"
18,"[29, 7, 50]"
24,"[29, 7, 56]"
23,"[29, 7, 37]"
21,"[29, 7, 55]"
22,"[29, 7, 49]"
20,"[29, 7, 10]"
17,"[29, 7, 42]"
16,"[29, 7, 60]"
17,"[29, 7, 59]"
39,"[29, 34]"
36,"[29, 34, 33]"
37,"[29, 34, 28]"
27,"[29, 34, 27]"
36,"[29, 34, 17]"
34,"[29, 34, 29]"
31,"[29, 34, 0]"
38,"[29, 34, 25]"
36,"[29, 34, 48]"
34,"[29, 34, 54]"
30,"[29, 34, 20]"
35,"[29, 34, 69]"
16,"[29, 34, 53]"
20,"[29, 34, 35]"
18,"[29, 34, 32]"
17,"[29, 34, 18]"
17,"[29, 34, 8]"
38,"[29, 34, 70]"
26,"[29, 34, 6]"
20,"[29, 34, 4]"
17,"[29, 34, 58]"
19,"[29, 34, 34]"
22,"[29, 34, 26]"
18,"[29, 34, 50]"
26,"[29, 34, 37]"
26,"[29, 34, 55]"
29,"[29, 34, 49]"
16,"[29, 34, 60]"
16,"[29, 34, 12]"
20,"[29, 34, 42]"
17,"[29, 34, 51]"
16,"[29, 34, 63]"
43,"[29, 33]"
39,"[29, 33, 28]"
28,"[29, 33, 27]"
38,"[29, 33, 17]"
38,"[29, 33, 29]"
34,"[29, 33, 0]"
40,"[29, 33, 25]"
38,"[29, 33, 48]"
37,"[29, 33, 54]"
30,"[29, 33, 20]"
38,"[29, 33, 69]"
18,"[29, 33, 13]"
19,"[29, 33, 53]"
20,"[29, 33, 35]"
19,"[29, 33, 32]"
18,"[29, 33, 18]"
18,"[29, 33, 8]"
41,"[29, 33, 70]"
28,"[29, 33, 6]"
22,"[29, 33, 4]"
17,"[29, 33, 58]"
23,"[29, 33, 34]"
25,"[29, 33, 33]"
23,"[29, 33, 26]"
19,"[29, 33, 50]"
16,"[29, 33, 56]"
27,"[29, 33, 37]"
28,"[29, 33, 55]"
30,"[29, 33, 49]"
16,"[29, 33, 60]"
18,"[29, 33, 12]"
23,"[29, 33, 42]"
18,"[29, 33, 51]"
41,"[29, 28]"
24,"[29, 28, 27]"
35,"[29, 28, 17]"
35,"[29, 28, 29]"
31,"[29, 28, 0]"
38,"[29, 28, 25]"
37,"[29, 28, 48]"
35,"[29, 28, 54]"
25,"[29, 28, 20]"
35,"[29, 28, 69]"
18,"[29, 28, 35]"
16,"[29, 28, 32]"
16,"[29, 28, 18]"
39,"[29, 28, 70]"
28,"[29, 28, 6]"
20,"[29, 28, 4]"
19,"[29, 28, 34]"
23,"[29, 28, 33]"
29,"[29, 28, 28]"
19,"[29, 28, 26]"
16,"[29, 28, 50]"
24,"[29, 28, 37]"
24,"[29, 28, 55]"
27,"[29, 28, 49]"
16,"[29, 28, 12]"
20,"[29, 28, 42]"
44,"[29, 25]"
40,"[29, 25, 48]"
36,"[29, 25, 54]"
23,"[29, 25, 20]"
35,"[29, 25, 69]"
17,"[29, 25, 13]"
16,"[29, 25, 53]"
19,"[29, 25, 35]"
21,"[29, 25, 32]"
19,"[29, 25, 18]"
19,"[29, 25, 8]"
43,"[29, 25, 70]"
28,"[29, 25, 6]"
21,"[29, 25, 4]"
16,"[29, 25, 58]"
19,"[29, 25, 34]"
22,"[29, 25, 33]"
27,"[29, 25, 28]"
18,"[29, 25, 26]"
23,"[29, 25, 37]"
30,"[29, 25, 55]"
33,"[29, 25, 49]"
32,"[29, 25, 0]"
38,"[29, 25, 29]"
38,"[29, 25, 17]"
27,"[29, 25, 27]"
16,"[29, 25, 60]"
27,"[29, 25, 25]"
18,"[29, 25, 12]"
22,"[29, 25, 42]"
18,"[29, 25, 51]"
16,"[29, 25, 63]"
38,"[29, 20]"
30,"[29, 20, 69]"
16,"[29, 20, 8]"
36,"[29, 20, 70]"
22,"[29, 20, 6]"
17,"[29, 20, 4]"
21,"[29, 20, 33]"
28,"[29, 20, 28]"
24,"[29, 20, 26]"
22,"[29, 20, 50]"
28,"[29, 20, 37]"
23,"[29, 20, 55]"
26,"[29, 20, 49]"
33,"[29, 20, 48]"
29,"[29, 20, 0]"
28,"[29, 20, 29]"
33,"[29, 20, 17]"
31,"[29, 20, 54]"
22,"[29, 20, 27]"
19,"[29, 20, 60]"
31,"[29, 20, 25]"
17,"[29, 20, 42]"
21,"[29, 20, 20]"
16,"[29, 20, 63]"
24,"[29, 13]"
20,"[29, 13, 53]"
19,"[29, 13, 70]"
17,"[29, 13, 48]"
16,"[29, 13, 0]"
18,"[29, 13, 29]"
17,"[29, 13, 17]"
16,"[29, 13, 54]"
19,"[29, 13, 69]"
23,"[29, 53]"
18,"[29, 53, 70]"
17,"[29, 53, 48]"
18,"[29, 53, 29]"
16,"[29, 53, 17]"
17,"[29, 53, 54]"
17,"[29, 53, 69]"
23,"[29, 8]"
20,"[29, 8, 70]"
18,"[29, 8, 0]"
18,"[29, 8, 29]"
19,"[29, 8, 17]"
17,"[29, 8, 54]"
16,"[29, 8, 27]"
17,"[29, 8, 69]"
17,"[29, 5]"
17,"[29, 5, 70]"
16,"[29, 5, 29]"
33,"[29, 26]"
23,"[29, 26, 50]"
29,"[29, 26, 70]"
21,"[29, 26, 55]"
19,"[29, 26, 49]"
26,"[29, 26, 48]"
23,"[29, 26, 0]"
20,"[29, 26, 6]"
24,"[29, 26, 29]"
27,"[29, 26, 17]"
21,"[29, 26, 54]"
18,"[29, 26, 27]"
19,"[29, 26, 25]"
18,"[29, 26, 28]"
23,"[29, 26, 69]"
16,"[29, 26, 4]"
35,"[29, 37]"
24,"[29, 37, 55]"
21,"[29, 37, 49]"
25,"[29, 37, 48]"
33,"[29, 37, 70]"
27,"[29, 37, 0]"
23,"[29, 37, 6]"
30,"[29, 37, 29]"
32,"[29, 37, 17]"
23,"[29, 37, 54]"
23,"[29, 37, 27]"
21,"[29, 37, 60]"
24,"[29, 37, 26]"
19,"[29, 37, 25]"
19,"[29, 37, 50]"
18,"[29, 37, 28]"
28,"[29, 37, 69]"
16,"[29, 37, 12]"
18,"[29, 37, 42]"
16,"[29, 37, 33]"
17,"[29, 37, 4]"
31,"[29, 42]"
16,"[29, 42, 42]"
26,"[29, 42, 69]"
27,"[29, 42, 70]"
18,"[29, 42, 33]"
19,"[29, 42, 28]"
19,"[29, 42, 25]"
24,"[29, 42, 48]"
21,"[29, 42, 54]"
20,"[29, 42, 0]"
17,"[29, 42, 27]"
22,"[29, 42, 17]"
18,"[29, 42, 51]"
16,"[29, 42, 13]"
22,"[29, 42, 29]"
17,"[29, 42, 6]"
25,"[29, 12]"
22,"[29, 12, 42]"
16,"[29, 12, 0]"
23,"[29, 12, 69]"
16,"[29, 12, 51]"
21,"[29, 12, 70]"
19,"[29, 12, 48]"
16,"[29, 12, 54]"
26,"[29, 51]"
20,"[29, 51, 70]"
18,"[29, 51, 48]"
17,"[29, 51, 29]"
19,"[29, 51, 69]"
18,"[29, 51, 17]"
16,"[29, 36]"
20,"[29, 14]"
16,"[29, 14, 51]"
18,"[29, 65]"
17,"[29, 65, 29]"
18,"[29, 65, 70]"
16,"[29, 65, 63]"
16,"[29, 65, 54]"
16,"[29, 65, 0]"
17,"[29, 65, 17]"
16,"[29, 65, 48]"
23,"[29, 63]"
17,"[29, 63, 69]"
23,"[29, 63, 70]"
16,"[29, 63, 33]"
17,"[29, 63, 28]"
21,"[29, 63, 54]"
17,"[29, 63, 0]"
21,"[29, 63, 17]"
18,"[29, 63, 29]"
18,"[29, 63, 25]"
21,"[29, 63, 48]"
18,"[29, 63, 20]"
17,[21]
52,[0]
36,"[0, 55]"
17,"[0, 55, 54]"
32,"[0, 55, 70]"
20,"[0, 55, 27]"
21,"[0, 55, 0]"
26,"[0, 55, 17]"
24,"[0, 55, 29]"
16,"[0, 55, 6]"
17,"[0, 55, 33]"
20,"[0, 55, 48]"
19,"[0, 55, 20]"
31,"[0, 55, 69]"
17,"[0, 55, 55]"
16,"[0, 55, 42]"
46,"[0, 54]"
23,"[0, 54, 49]"
43,"[0, 54, 70]"
18,"[0, 54, 32]"
26,"[0, 54, 27]"
16,"[0, 54, 56]"
20,"[0, 54, 50]"
33,"[0, 54, 0]"
39,"[0, 54, 17]"
37,"[0, 54, 29]"
17,"[0, 54, 60]"
19,"[0, 54, 4]"
26,"[0, 54, 6]"
16,"[0, 54, 34]"
18,"[0, 54, 33]"
24,"[0, 54, 28]"
24,"[0, 54, 25]"
30,"[0, 54, 48]"
30,"[0, 54, 54]"
24,"[0, 54, 20]"
37,"[0, 54, 69]"
18,"[0, 54, 13]"
18,"[0, 54, 53]"
16,"[0, 54, 8]"
22,"[0, 54, 26]"
22,"[0, 54, 37]"
31,"[0, 54, 55]"
17,"[0, 54, 12]"
20,"[0, 54, 42]"
17,"[0, 54, 51]"
16,"[0, 54, 63]"
37,"[0, 49]"
33,"[0, 49, 70]"
21,"[0, 49, 27]"
24,"[0, 49, 0]"
29,"[0, 49, 17]"
30,"[0, 49, 29]"
17,"[0, 49, 4]"
20,"[0, 49, 6]"
16,"[0, 49, 33]"
22,"[0, 49, 48]"
26,"[0, 49, 54]"
17,"[0, 49, 20]"
28,"[0, 49, 69]"
29,"[0, 49, 55]"
16,"[0, 49, 49]"
50,"[0, 70]"
24,"[0, 70, 10]"
25,"[0, 70, 32]"
24,"[0, 70, 18]"
34,"[0, 70, 27]"
29,"[0, 70, 56]"
50,"[0, 70, 70]"
26,"[0, 70, 50]"
32,"[0, 70, 35]"
27,"[0, 70, 58]"
16,"[0, 70, 59]"
42,"[0, 70, 0]"
45,"[0, 70, 17]"
44,"[0, 70, 29]"
23,"[0, 70, 60]"
29,"[0, 70, 4]"
20,"[0, 70, 3]"
38,"[0, 70, 6]"
18,"[0, 70, 7]"
41,"[0, 70, 34]"
43,"[0, 70, 33]"
43,"[0, 70, 28]"
45,"[0, 70, 25]"
48,"[0, 70, 48]"
45,"[0, 70, 54]"
37,"[0, 70, 20]"
44,"[0, 70, 69]"
24,"[0, 70, 13]"
23,"[0, 70, 53]"
24,"[0, 70, 8]"
32,"[0, 70, 26]"
35,"[0, 70, 37]"
36,"[0, 70, 55]"
37,"[0, 70, 49]"
26,"[0, 70, 12]"
29,"[0, 70, 42]"
26,"[0, 70, 51]"
16,"[0, 70, 14]"
22,"[0, 70, 63]"
40,"[0, 10]"
21,"[0, 10, 32]"
19,"[0, 10, 18]"
29,"[0, 10, 27]"
37,"[0, 10, 56]"
20,"[0, 10, 11]"
21,"[0, 10, 57]"
40,"[0, 10, 70]"
20,"[0, 10, 50]"
32,"[0, 10, 35]"
29,"[0, 10, 58]"
17,"[0, 10, 59]"
35,"[0, 10, 0]"
37,"[0, 10, 17]"
35,"[0, 10, 29]"
18,"[0, 10, 60]"
24,"[0, 10, 4]"
17,"[0, 10, 3]"
30,"[0, 10, 6]"
31,"[0, 10, 34]"
34,"[0, 10, 33]"
33,"[0, 10, 28]"
36,"[0, 10, 25]"
37,"[0, 10, 48]"
36,"[0, 10, 54]"
31,"[0, 10, 20]"
36,"[0, 10, 69]"
20,"[0, 10, 13]"
20,"[0, 10, 53]"
17,"[0, 10, 8]"
25,"[0, 10, 26]"
29,"[0, 10, 37]"
28,"[0, 10, 55]"
30,"[0, 10, 49]"
24,"[0, 10, 42]"
22,"[0, 10, 10]"
20,"[0, 10, 12]"
22,"[0, 10, 51]"
18,"[0, 10, 63]"
28,"[0, 32]"
22,"[0, 32, 18]"
24,"[0, 32, 27]"
18,"[0, 32, 56]"
25,"[0, 32, 70]"
16,"[0, 32, 35]"
24,"[0, 32, 0]"
27,"[0, 32, 17]"
25,"[0, 32, 29]"
16,"[0, 32, 4]"
19,"[0, 32, 6]"
17,"[0, 32, 34]"
18,"[0, 32, 33]"
18,"[0, 32, 28]"
20,"[0, 32, 25]"
21,"[0, 32, 48]"
20,"[0, 32, 54]"
22,"[0, 32, 69]"
20,"[0, 32, 8]"
19,"[0, 32, 55]"
17,"[0, 32, 49]"
25,"[0, 18]"
21,"[0, 18, 27]"
17,"[0, 18, 56]"
24,"[0, 18, 70]"
16,"[0, 18, 35]"
22,"[0, 18, 0]"
24,"[0, 18, 17]"
25,"[0, 18, 29]"
20,"[0, 18, 6]"
16,"[0, 18, 34]"
16,"[0, 18, 33]"
18,"[0, 18, 28]"
18,"[0, 18, 25]"
19,"[0, 18, 48]"
21,"[0, 18, 54]"
19,"[0, 18, 69]"
19,"[0, 18, 8]"
17,"[0, 18, 55]"
38,"[0, 27]"
22,"[0, 27, 56]"
36,"[0, 27, 70]"
22,"[0, 27, 35]"
19,"[0, 27, 58]"
35,"[0, 27, 0]"
22,"[0, 27, 27]"
35,"[0, 27, 17]"
34,"[0, 27, 29]"
23,"[0, 27, 4]"
17,"[0, 27, 3]"
29,"[0, 27, 6]"
18,"[0, 27, 7]"
19,"[0, 27, 34]"
23,"[0, 27, 33]"
24,"[0, 27, 28]"
26,"[0, 27, 25]"
29,"[0, 27, 48]"
28,"[0, 27, 54]"
20,"[0, 27, 20]"
30,"[0, 27, 69]"
18,"[0, 27, 37]"
24,"[0, 27, 55]"
24,"[0, 27, 49]"
16,"[0, 27, 42]"
16,"[0, 27, 10]"
39,"[0, 56]"
27,"[0, 56, 56]"
22,"[0, 56, 57]"
39,"[0, 56, 70]"
21,"[0, 56, 50]"
32,"[0, 56, 35]"
29,"[0, 56, 58]"
17,"[0, 56, 59]"
35,"[0, 56, 0]"
29,"[0, 56, 27]"
36,"[0, 56, 17]"
34,"[0, 56, 29]"
17,"[0, 56, 60]"
24,"[0, 56, 4]"
17,"[0, 56, 3]"
29,"[0, 56, 6]"
32,"[0, 56, 34]"
35,"[0, 56, 33]"
33,"[0, 56, 28]"
36,"[0, 56, 25]"
35,"[0, 56, 48]"
36,"[0, 56, 54]"
30,"[0, 56, 20]"
36,"[0, 56, 69]"
20,"[0, 56, 13]"
19,"[0, 56, 53]"
20,"[0, 56, 32]"
18,"[0, 56, 18]"
16,"[0, 56, 8]"
24,"[0, 56, 26]"
28,"[0, 56, 37]"
29,"[0, 56, 55]"
31,"[0, 56, 49]"
24,"[0, 56, 42]"
20,"[0, 56, 10]"
20,"[0, 56, 12]"
20,"[0, 56, 51]"
17,"[0, 56, 63]"
20,"[0, 11]"
16,"[0, 11, 57]"
20,"[0, 11, 70]"
20,"[0, 11, 35]"
19,"[0, 11, 58]"
18,"[0, 11, 0]"
18,"[0, 11, 17]"
19,"[0, 11, 29]"
16,"[0, 11, 6]"
16,"[0, 11, 34]"
17,"[0, 11, 33]"
17,"[0, 11, 28]"
19,"[0, 11, 25]"
20,"[0, 11, 48]"
19,"[0, 11, 54]"
17,"[0, 11, 20]"
20,"[0, 11, 69]"
20,"[0, 11, 56]"
17,"[0, 11, 49]"
22,"[0, 57]"
22,"[0, 57, 70]"
18,"[0, 57, 35]"
16,"[0, 57, 58]"
17,"[0, 57, 0]"
21,"[0, 57, 17]"
20,"[0, 57, 29]"
18,"[0, 57, 34]"
18,"[0, 57, 33]"
19,"[0, 57, 28]"
22,"[0, 57, 25]"
21,"[0, 57, 48]"
18,"[0, 57, 54]"
16,"[0, 57, 20]"
20,"[0, 57, 69]"
16,"[0, 57, 37]"
17,"[0, 57, 49]"
26,"[0, 50]"
24,"[0, 50, 70]"
19,"[0, 50, 0]"
22,"[0, 50, 17]"
19,"[0, 50, 29]"
16,"[0, 50, 6]"
19,"[0, 50, 48]"
19,"[0, 50, 54]"
19,"[0, 50, 69]"
16,"[0, 50, 55]"
16,"[0, 50, 49]"
43,"[0, 35]"
37,"[0, 35, 58]"
43,"[0, 35, 70]"
22,"[0, 35, 35]"
22,"[0, 35, 59]"
35,"[0, 35, 0]"
29,"[0, 35, 27]"
39,"[0, 35, 17]"
38,"[0, 35, 29]"
19,"[0, 35, 50]"
19,"[0, 35, 60]"
22,"[0, 35, 4]"
30,"[0, 35, 6]"
34,"[0, 35, 34]"
35,"[0, 35, 33]"
35,"[0, 35, 28]"
37,"[0, 35, 25]"
39,"[0, 35, 48]"
39,"[0, 35, 54]"
31,"[0, 35, 20]"
39,"[0, 35, 69]"
19,"[0, 35, 13]"
20,"[0, 35, 53]"
19,"[0, 35, 32]"
17,"[0, 35, 18]"
16,"[0, 35, 8]"
25,"[0, 35, 26]"
24,"[0, 35, 56]"
31,"[0, 35, 37]"
29,"[0, 35, 55]"
31,"[0, 35, 49]"
23,"[0, 35, 42]"
20,"[0, 35, 12]"
23,"[0, 35, 51]"
17,"[0, 35, 10]"
16,"[0, 35, 14]"
17,"[0, 35, 63]"
40,"[0, 58]"
40,"[0, 58, 70]"
24,"[0, 58, 35]"
25,"[0, 58, 58]"
22,"[0, 58, 59]"
34,"[0, 58, 0]"
28,"[0, 58, 27]"
37,"[0, 58, 17]"
36,"[0, 58, 29]"
19,"[0, 58, 50]"
18,"[0, 58, 60]"
20,"[0, 58, 4]"
28,"[0, 58, 6]"
32,"[0, 58, 34]"
34,"[0, 58, 33]"
34,"[0, 58, 28]"
35,"[0, 58, 25]"
36,"[0, 58, 48]"
37,"[0, 58, 54]"
30,"[0, 58, 20]"
36,"[0, 58, 69]"
17,"[0, 58, 13]"
18,"[0, 58, 53]"
18,"[0, 58, 32]"
16,"[0, 58, 18]"
16,"[0, 58, 8]"
24,"[0, 58, 26]"
23,"[0, 58, 56]"
29,"[0, 58, 37]"
26,"[0, 58, 55]"
28,"[0, 58, 49]"
22,"[0, 58, 42]"
18,"[0, 58, 12]"
20,"[0, 58, 51]"
16,"[0, 58, 10]"
17,"[0, 58, 63]"
22,"[0, 59]"
19,"[0, 59, 0]"
20,"[0, 59, 17]"
20,"[0, 59, 29]"
22,"[0, 59, 70]"
17,"[0, 59, 6]"
18,"[0, 59, 34]"
19,"[0, 59, 33]"
20,"[0, 59, 28]"
21,"[0, 59, 25]"
21,"[0, 59, 48]"
22,"[0, 59, 54]"
18,"[0, 59, 20]"
19,"[0, 59, 69]"
16,"[0, 59, 49]"
46,"[0, 0]"
28,"[0, 0, 27]"
40,"[0, 0, 17]"
41,"[0, 0, 29]"
30,"[0, 0, 0]"
45,"[0, 0, 70]"
16,"[0, 0, 60]"
28,"[0, 0, 4]"
22,"[0, 0, 3]"
34,"[0, 0, 6]"
20,"[0, 0, 7]"
24,"[0, 0, 34]"
28,"[0, 0, 33]"
30,"[0, 0, 28]"
32,"[0, 0, 25]"
37,"[0, 0, 48]"
32,"[0, 0, 54]"
23,"[0, 0, 20]"
40,"[0, 0, 69]"
20,"[0, 0, 13]"
21,"[0, 0, 53]"
22,"[0, 0, 35]"
22,"[0, 0, 32]"
17,"[0, 0, 18]"
17,"[0, 0, 8]"
19,"[0, 0, 58]"
19,"[0, 0, 26]"
25,"[0, 0, 56]"
24,"[0, 0, 37]"
30,"[0, 0, 55]"
30,"[0, 0, 49]"
20,"[0, 0, 12]"
22,"[0, 0, 42]"
21,"[0, 0, 51]"
18,"[0, 0, 10]"
49,"[0, 17]"
44,"[0, 17, 29]"
43,"[0, 17, 0]"
16,"[0, 17, 1]"
48,"[0, 17, 70]"
20,"[0, 17, 50]"
16,"[0, 17, 60]"
28,"[0, 17, 4]"
21,"[0, 17, 3]"
37,"[0, 17, 6]"
24,"[0, 17, 7]"
27,"[0, 17, 34]"
32,"[0, 17, 33]"
32,"[0, 17, 28]"
29,"[0, 17, 27]"
42,"[0, 17, 17]"
35,"[0, 17, 25]"
40,"[0, 17, 48]"
39,"[0, 17, 54]"
29,"[0, 17, 20]"
40,"[0, 17, 69]"
20,"[0, 17, 13]"
20,"[0, 17, 53]"
27,"[0, 17, 35]"
19,"[0, 17, 32]"
24,"[0, 17, 58]"
21,"[0, 17, 26]"
30,"[0, 17, 56]"
26,"[0, 17, 37]"
33,"[0, 17, 55]"
31,"[0, 17, 49]"
21,"[0, 17, 12]"
24,"[0, 17, 42]"
22,"[0, 17, 51]"
24,"[0, 17, 10]"
16,"[0, 17, 14]"
18,"[0, 17, 63]"
49,"[0, 29]"
17,"[0, 29, 21]"
42,"[0, 29, 0]"
16,"[0, 29, 1]"
48,"[0, 29, 70]"
24,"[0, 29, 50]"
21,"[0, 29, 60]"
33,"[0, 29, 4]"
20,"[0, 29, 3]"
44,"[0, 29, 6]"
30,"[0, 29, 7]"
36,"[0, 29, 34]"
41,"[0, 29, 33]"
38,"[0, 29, 28]"
34,"[0, 29, 27]"
45,"[0, 29, 17]"
43,"[0, 29, 29]"
41,"[0, 29, 25]"
44,"[0, 29, 48]"
39,"[0, 29, 54]"
36,"[0, 29, 20]"
42,"[0, 29, 69]"
24,"[0, 29, 13]"
23,"[0, 29, 53]"
39,"[0, 29, 35]"
26,"[0, 29, 32]"
21,"[0, 29, 18]"
20,"[0, 29, 8]"
16,"[0, 29, 5]"
37,"[0, 29, 58]"
30,"[0, 29, 26]"
36,"[0, 29, 56]"
21,"[0, 29, 57]"
33,"[0, 29, 37]"
33,"[0, 29, 55]"
33,"[0, 29, 49]"
34,"[0, 29, 10]"
30,"[0, 29, 42]"
24,"[0, 29, 12]"
25,"[0, 29, 51]"
20,"[0, 29, 59]"
19,"[0, 29, 11]"
19,"[0, 29, 14]"
17,"[0, 29, 65]"
20,"[0, 29, 63]"
17,"[0, 21]"
24,"[0, 1]"
21,"[0, 1, 70]"
16,"[0, 1, 4]"
18,"[0, 1, 6]"
20,"[0, 1, 17]"
22,"[0, 1, 29]"
16,"[0, 1, 0]"
18,"[0, 1, 25]"
19,"[0, 1, 48]"
19,"[0, 1, 54]"
20,"[0, 1, 69]"
18,"[0, 1, 35]"
17,"[0, 1, 58]"
17,"[0, 1, 55]"
23,"[0, 60]"
23,"[0, 60, 70]"
21,"[0, 60, 17]"
18,"[0, 60, 29]"
18,"[0, 60, 0]"
16,"[0, 60, 48]"
19,"[0, 60, 69]"
17,"[0, 60, 55]"
36,"[0, 4]"
28,"[0, 4, 6]"
35,"[0, 4, 70]"
26,"[0, 4, 34]"
28,"[0, 4, 33]"
28,"[0, 4, 28]"
22,"[0, 4, 27]"
29,"[0, 4, 17]"
31,"[0, 4, 29]"
31,"[0, 4, 0]"
30,"[0, 4, 25]"
32,"[0, 4, 48]"
28,"[0, 4, 54]"
22,"[0, 4, 20]"
33,"[0, 4, 69]"
17,"[0, 4, 13]"
18,"[0, 4, 53]"
26,"[0, 4, 35]"
17,"[0, 4, 32]"
16,"[0, 4, 18]"
16,"[0, 4, 8]"
25,"[0, 4, 4]"
16,"[0, 4, 5]"
25,"[0, 4, 58]"
17,"[0, 4, 26]"
24,"[0, 4, 56]"
21,"[0, 4, 37]"
26,"[0, 4, 55]"
27,"[0, 4, 49]"
23,"[0, 4, 10]"
19,"[0, 4, 42]"
17,"[0, 4, 12]"
17,"[0, 4, 51]"
40,"[0, 3]"
38,"[0, 3, 6]"
29,"[0, 3, 7]"
40,"[0, 3, 70]"
32,"[0, 3, 34]"
34,"[0, 3, 33]"
34,"[0, 3, 28]"
31,"[0, 3, 27]"
38,"[0, 3, 17]"
39,"[0, 3, 29]"
37,"[0, 3, 0]"
37,"[0, 3, 25]"
38,"[0, 3, 48]"
36,"[0, 3, 54]"
29,"[0, 3, 20]"
36,"[0, 3, 69]"
20,"[0, 3, 13]"
19,"[0, 3, 53]"
32,"[0, 3, 35]"
23,"[0, 3, 32]"
17,"[0, 3, 18]"
18,"[0, 3, 8]"
17,"[0, 3, 3]"
16,"[0, 3, 1]"
30,"[0, 3, 4]"
32,"[0, 3, 58]"
25,"[0, 3, 26]"
19,"[0, 3, 50]"
29,"[0, 3, 56]"
18,"[0, 3, 57]"
27,"[0, 3, 37]"
29,"[0, 3, 55]"
30,"[0, 3, 49]"
24,"[0, 3, 42]"
27,"[0, 3, 10]"
17,"[0, 3, 60]"
19,"[0, 3, 12]"
21,"[0, 3, 51]"
17,"[0, 3, 59]"
19,"[0, 3, 63]"
46,"[0, 6]"
32,"[0, 6, 7]"
46,"[0, 6, 70]"
37,"[0, 6, 34]"
39,"[0, 6, 33]"
39,"[0, 6, 28]"
34,"[0, 6, 27]"
45,"[0, 6, 17]"
41,"[0, 6, 29]"
16,"[0, 6, 21]"
39,"[0, 6, 0]"
41,"[0, 6, 25]"
42,"[0, 6, 48]"
42,"[0, 6, 54]"
34,"[0, 6, 20]"
41,"[0, 6, 69]"
22,"[0, 6, 13]"
22,"[0, 6, 53]"
39,"[0, 6, 35]"
24,"[0, 6, 32]"
21,"[0, 6, 18]"
21,"[0, 6, 8]"
18,"[0, 6, 3]"
16,"[0, 6, 1]"
37,"[0, 6, 6]"
34,"[0, 6, 4]"
16,"[0, 6, 5]"
37,"[0, 6, 58]"
29,"[0, 6, 26]"
23,"[0, 6, 50]"
36,"[0, 6, 56]"
18,"[0, 6, 57]"
33,"[0, 6, 37]"
33,"[0, 6, 55]"
32,"[0, 6, 49]"
33,"[0, 6, 10]"
27,"[0, 6, 42]"
21,"[0, 6, 60]"
22,"[0, 6, 12]"
23,"[0, 6, 51]"
20,"[0, 6, 59]"
17,"[0, 6, 14]"
16,"[0, 6, 11]"
20,"[0, 6, 63]"
32,"[0, 7]"
32,"[0, 7, 70]"
25,"[0, 7, 34]"
27,"[0, 7, 33]"
29,"[0, 7, 28]"
21,"[0, 7, 27]"
29,"[0, 7, 17]"
27,"[0, 7, 29]"
26,"[0, 7, 0]"
29,"[0, 7, 25]"
30,"[0, 7, 48]"
27,"[0, 7, 54]"
24,"[0, 7, 20]"
30,"[0, 7, 69]"
17,"[0, 7, 13]"
16,"[0, 7, 53]"
26,"[0, 7, 35]"
23,"[0, 7, 6]"
23,"[0, 7, 4]"
24,"[0, 7, 58]"
23,"[0, 7, 26]"
18,"[0, 7, 50]"
24,"[0, 7, 56]"
24,"[0, 7, 37]"
22,"[0, 7, 55]"
22,"[0, 7, 49]"
20,"[0, 7, 10]"
18,"[0, 7, 42]"
16,"[0, 7, 60]"
16,"[0, 7, 12]"
16,"[0, 7, 59]"
41,"[0, 34]"
37,"[0, 34, 33]"
39,"[0, 34, 28]"
30,"[0, 34, 27]"
39,"[0, 34, 17]"
37,"[0, 34, 29]"
33,"[0, 34, 0]"
41,"[0, 34, 25]"
39,"[0, 34, 48]"
35,"[0, 34, 54]"
31,"[0, 34, 20]"
37,"[0, 34, 69]"
17,"[0, 34, 13]"
17,"[0, 34, 53]"
19,"[0, 34, 35]"
20,"[0, 34, 32]"
19,"[0, 34, 18]"
18,"[0, 34, 8]"
41,"[0, 34, 70]"
28,"[0, 34, 6]"
21,"[0, 34, 4]"
16,"[0, 34, 58]"
20,"[0, 34, 34]"
24,"[0, 34, 26]"
20,"[0, 34, 50]"
29,"[0, 34, 37]"
27,"[0, 34, 55]"
31,"[0, 34, 49]"
18,"[0, 34, 60]"
19,"[0, 34, 12]"
23,"[0, 34, 42]"
18,"[0, 34, 51]"
16,"[0, 34, 63]"
43,"[0, 33]"
40,"[0, 33, 28]"
29,"[0, 33, 27]"
39,"[0, 33, 17]"
38,"[0, 33, 29]"
33,"[0, 33, 0]"
40,"[0, 33, 25]"
38,"[0, 33, 48]"
38,"[0, 33, 54]"
31,"[0, 33, 20]"
39,"[0, 33, 69]"
18,"[0, 33, 13]"
19,"[0, 33, 53]"
19,"[0, 33, 35]"
19,"[0, 33, 32]"
18,"[0, 33, 18]"
17,"[0, 33, 8]"
41,"[0, 33, 70]"
28,"[0, 33, 6]"
22,"[0, 33, 4]"
16,"[0, 33, 58]"
23,"[0, 33, 34]"
25,"[0, 33, 33]"
24,"[0, 33, 26]"
20,"[0, 33, 50]"
29,"[0, 33, 37]"
29,"[0, 33, 55]"
29,"[0, 33, 49]"
17,"[0, 33, 60]"
19,"[0, 33, 12]"
24,"[0, 33, 42]"
18,"[0, 33, 51]"
43,"[0, 28]"
26,"[0, 28, 27]"
37,"[0, 28, 17]"
37,"[0, 28, 29]"
32,"[0, 28, 0]"
40,"[0, 28, 25]"
39,"[0, 28, 48]"
37,"[0, 28, 54]"
26,"[0, 28, 20]"
37,"[0, 28, 69]"
16,"[0, 28, 13]"
16,"[0, 28, 53]"
18,"[0, 28, 35]"
17,"[0, 28, 32]"
17,"[0, 28, 18]"
41,"[0, 28, 70]"
30,"[0, 28, 6]"
21,"[0, 28, 4]"
21,"[0, 28, 34]"
23,"[0, 28, 33]"
30,"[0, 28, 28]"
21,"[0, 28, 26]"
18,"[0, 28, 50]"
27,"[0, 28, 37]"
25,"[0, 28, 55]"
28,"[0, 28, 49]"
17,"[0, 28, 60]"
18,"[0, 28, 12]"
22,"[0, 28, 42]"
16,"[0, 28, 51]"
45,"[0, 25]"
41,"[0, 25, 48]"
36,"[0, 25, 54]"
24,"[0, 25, 20]"
35,"[0, 25, 69]"
17,"[0, 25, 13]"
16,"[0, 25, 53]"
18,"[0, 25, 35]"
21,"[0, 25, 32]"
19,"[0, 25, 18]"
18,"[0, 25, 8]"
44,"[0, 25, 70]"
30,"[0, 25, 6]"
21,"[0, 25, 4]"
20,"[0, 25, 34]"
22,"[0, 25, 33]"
27,"[0, 25, 28]"
20,"[0, 25, 26]"
17,"[0, 25, 50]"
26,"[0, 25, 37]"
31,"[0, 25, 55]"
33,"[0, 25, 49]"
32,"[0, 25, 0]"
39,"[0, 25, 29]"
40,"[0, 25, 17]"
29,"[0, 25, 27]"
18,"[0, 25, 60]"
27,"[0, 25, 25]"
18,"[0, 25, 12]"
22,"[0, 25, 42]"
18,"[0, 25, 51]"
16,"[0, 25, 63]"
48,"[0, 48]"
36,"[0, 48, 54]"
24,"[0, 48, 20]"
38,"[0, 48, 69]"
18,"[0, 48, 53]"
18,"[0, 48, 32]"
17,"[0, 48, 18]"
16,"[0, 48, 8]"
45,"[0, 48, 70]"
29,"[0, 48, 6]"
21,"[0, 48, 4]"
17,"[0, 48, 34]"
22,"[0, 48, 33]"
24,"[0, 48, 28]"
21,"[0, 48, 26]"
18,"[0, 48, 50]"
24,"[0, 48, 37]"
31,"[0, 48, 55]"
33,"[0, 48, 49]"
31,"[0, 48, 48]"
34,"[0, 48, 0]"
40,"[0, 48, 29]"
40,"[0, 48, 17]"
27,"[0, 48, 27]"
18,"[0, 48, 60]"
27,"[0, 48, 25]"
18,"[0, 48, 12]"
20,"[0, 48, 42]"
19,"[0, 48, 51]"
37,"[0, 20]"
31,"[0, 20, 69]"
35,"[0, 20, 70]"
22,"[0, 20, 6]"
17,"[0, 20, 4]"
20,"[0, 20, 33]"
28,"[0, 20, 28]"
23,"[0, 20, 26]"
21,"[0, 20, 50]"
28,"[0, 20, 37]"
23,"[0, 20, 55]"
25,"[0, 20, 49]"
32,"[0, 20, 48]"
28,"[0, 20, 0]"
27,"[0, 20, 29]"
32,"[0, 20, 17]"
31,"[0, 20, 54]"
22,"[0, 20, 27]"
18,"[0, 20, 60]"
31,"[0, 20, 25]"
16,"[0, 20, 12]"
18,"[0, 20, 42]"
21,"[0, 20, 20]"
47,"[0, 69]"
27,"[0, 69, 13]"
26,"[0, 69, 53]"
27,"[0, 69, 35]"
23,"[0, 69, 32]"
21,"[0, 69, 18]"
21,"[0, 69, 8]"
45,"[0, 69, 70]"
34,"[0, 69, 6]"
20,"[0, 69, 7]"
25,"[0, 69, 4]"
25,"[0, 69, 58]"
30,"[0, 69, 34]"
33,"[0, 69, 33]"
32,"[0, 69, 28]"
23,"[0, 69, 26]"
18,"[0, 69, 50]"
25,"[0, 69, 56]"
26,"[0, 69, 37]"
28,"[0, 69, 55]"
30,"[0, 69, 49]"
41,"[0, 69, 48]"
34,"[0, 69, 0]"
39,"[0, 69, 29]"
40,"[0, 69, 17]"
34,"[0, 69, 54]"
31,"[0, 69, 27]"
32,"[0, 69, 42]"
21,"[0, 69, 10]"
39,"[0, 69, 69]"
36,"[0, 69, 25]"
27,"[0, 69, 20]"
17,"[0, 69, 60]"
28,"[0, 69, 12]"
29,"[0, 69, 51]"
18,"[0, 69, 14]"
18,"[0, 69, 43]"
19,"[0, 69, 63]"
27,"[0, 13]"
23,"[0, 13, 53]"
22,"[0, 13, 70]"
17,"[0, 13, 28]"
20,"[0, 13, 48]"
17,"[0, 13, 0]"
19,"[0, 13, 29]"
19,"[0, 13, 17]"
18,"[0, 13, 54]"
23,"[0, 13, 69]"
26,"[0, 53]"
21,"[0, 53, 70]"
20,"[0, 53, 48]"
16,"[0, 53, 0]"
19,"[0, 53, 29]"
18,"[0, 53, 17]"
18,"[0, 53, 54]"
21,"[0, 53, 69]"
26,"[0, 8]"
24,"[0, 8, 70]"
19,"[0, 8, 6]"
16,"[0, 8, 33]"
19,"[0, 8, 28]"
17,"[0, 8, 56]"
17,"[0, 8, 55]"
20,"[0, 8, 48]"
20,"[0, 8, 0]"
22,"[0, 8, 29]"
23,"[0, 8, 17]"
21,"[0, 8, 54]"
20,"[0, 8, 27]"
20,"[0, 8, 69]"
18,"[0, 8, 25]"
16,"[0, 5]"
16,"[0, 5, 70]"
32,"[0, 26]"
22,"[0, 26, 50]"
30,"[0, 26, 70]"
21,"[0, 26, 55]"
19,"[0, 26, 49]"
27,"[0, 26, 48]"
23,"[0, 26, 0]"
21,"[0, 26, 6]"
24,"[0, 26, 29]"
27,"[0, 26, 17]"
21,"[0, 26, 54]"
19,"[0, 26, 27]"
19,"[0, 26, 25]"
18,"[0, 26, 28]"
24,"[0, 26, 69]"
16,"[0, 26, 20]"
17,"[0, 26, 4]"
35,"[0, 37]"
24,"[0, 37, 55]"
21,"[0, 37, 49]"
26,"[0, 37, 48]"
34,"[0, 37, 70]"
28,"[0, 37, 0]"
24,"[0, 37, 6]"
31,"[0, 37, 29]"
33,"[0, 37, 17]"
23,"[0, 37, 54]"
24,"[0, 37, 27]"
21,"[0, 37, 60]"
24,"[0, 37, 26]"
19,"[0, 37, 25]"
19,"[0, 37, 50]"
18,"[0, 37, 28]"
29,"[0, 37, 69]"
16,"[0, 37, 12]"
18,"[0, 37, 42]"
16,"[0, 37, 51]"
16,"[0, 37, 33]"
16,"[0, 37, 32]"
18,"[0, 37, 4]"
16,"[0, 37, 20]"
32,"[0, 42]"
27,"[0, 42, 69]"
19,"[0, 42, 42]"
24,"[0, 42, 29]"
19,"[0, 42, 6]"
29,"[0, 42, 70]"
16,"[0, 42, 34]"
21,"[0, 42, 33]"
21,"[0, 42, 28]"
22,"[0, 42, 25]"
26,"[0, 42, 48]"
23,"[0, 42, 54]"
20,"[0, 42, 0]"
19,"[0, 42, 20]"
18,"[0, 42, 27]"
24,"[0, 42, 17]"
16,"[0, 42, 12]"
20,"[0, 42, 51]"
18,"[0, 42, 13]"
16,"[0, 42, 53]"
28,"[0, 12]"
25,"[0, 12, 42]"
17,"[0, 12, 0]"
25,"[0, 12, 69]"
18,"[0, 12, 51]"
24,"[0, 12, 70]"
18,"[0, 12, 25]"
21,"[0, 12, 48]"
18,"[0, 12, 54]"
17,"[0, 12, 29]"
18,"[0, 12, 17]"
30,"[0, 51]"
22,"[0, 51, 70]"
17,"[0, 51, 25]"
20,"[0, 51, 48]"
16,"[0, 51, 54]"
19,"[0, 51, 29]"
20,"[0, 51, 69]"
20,"[0, 51, 17]"
17,"[0, 51, 0]"
23,"[0, 14]"
16,"[0, 14, 17]"
17,"[0, 14, 70]"
19,"[0, 14, 51]"
18,"[0, 43]"
18,"[0, 65]"
16,"[0, 65, 29]"
17,"[0, 65, 70]"
17,"[0, 65, 54]"
17,"[0, 65, 17]"
16,"[0, 65, 25]"
16,"[0, 65, 48]"
22,"[0, 63]"
18,"[0, 63, 69]"
22,"[0, 63, 70]"
16,"[0, 63, 33]"
17,"[0, 63, 28]"
21,"[0, 63, 54]"
16,"[0, 63, 0]"
20,"[0, 63, 17]"
17,"[0, 63, 29]"
18,"[0, 63, 25]"
20,"[0, 63, 48]"
17,"[0, 63, 20]"
46,[10]
27,"[10, 32]"
21,"[10, 32, 18]"
22,"[10, 32, 27]"
17,"[10, 32, 56]"
25,"[10, 32, 70]"
23,"[10, 32, 0]"
26,"[10, 32, 17]"
25,"[10, 32, 29]"
16,"[10, 32, 4]"
19,"[10, 32, 6]"
17,"[10, 32, 34]"
19,"[10, 32, 33]"
18,"[10, 32, 28]"
18,"[10, 32, 25]"
19,"[10, 32, 48]"
20,"[10, 32, 54]"
22,"[10, 32, 69]"
18,"[10, 32, 8]"
20,"[10, 32, 55]"
23,"[10, 18]"
19,"[10, 18, 27]"
16,"[10, 18, 56]"
22,"[10, 18, 70]"
21,"[10, 18, 0]"
22,"[10, 18, 17]"
23,"[10, 18, 29]"
18,"[10, 18, 6]"
16,"[10, 18, 28]"
16,"[10, 18, 25]"
17,"[10, 18, 48]"
19,"[10, 18, 54]"
20,"[10, 18, 69]"
17,"[10, 18, 8]"
18,"[10, 18, 55]"
34,"[10, 27]"
16,"[10, 27, 56]"
31,"[10, 27, 70]"
16,"[10, 27, 35]"
30,"[10, 27, 0]"
16,"[10, 27, 27]"
31,"[10, 27, 17]"
29,"[10, 27, 29]"
18,"[10, 27, 4]"
16,"[10, 27, 3]"
25,"[10, 27, 6]"
20,"[10, 27, 33]"
20,"[10, 27, 28]"
21,"[10, 27, 25]"
23,"[10, 27, 48]"
24,"[10, 27, 54]"
17,"[10, 27, 20]"
26,"[10, 27, 69]"
19,"[10, 27, 55]"
17,"[10, 27, 49]"
42,"[10, 56]"
25,"[10, 56, 56]"
24,"[10, 56, 57]"
42,"[10, 56, 70]"
21,"[10, 56, 50]"
33,"[10, 56, 35]"
31,"[10, 56, 58]"
19,"[10, 56, 59]"
37,"[10, 56, 0]"
30,"[10, 56, 27]"
39,"[10, 56, 17]"
37,"[10, 56, 29]"
18,"[10, 56, 60]"
25,"[10, 56, 4]"
20,"[10, 56, 3]"
31,"[10, 56, 6]"
33,"[10, 56, 34]"
37,"[10, 56, 33]"
34,"[10, 56, 28]"
37,"[10, 56, 25]"
37,"[10, 56, 48]"
37,"[10, 56, 54]"
31,"[10, 56, 20]"
38,"[10, 56, 69]"
21,"[10, 56, 13]"
21,"[10, 56, 53]"
22,"[10, 56, 32]"
21,"[10, 56, 18]"
20,"[10, 56, 8]"
25,"[10, 56, 26]"
27,"[10, 56, 37]"
30,"[10, 56, 55]"
32,"[10, 56, 49]"
23,"[10, 56, 42]"
20,"[10, 56, 10]"
21,"[10, 56, 12]"
21,"[10, 56, 51]"
17,"[10, 56, 14]"
16,"[10, 56, 65]"
18,"[10, 56, 63]"
23,"[10, 11]"
18,"[10, 11, 57]"
23,"[10, 11, 70]"
22,"[10, 11, 35]"
21,"[10, 11, 58]"
21,"[10, 11, 0]"
16,"[10, 11, 27]"
21,"[10, 11, 17]"
22,"[10, 11, 29]"
18,"[10, 11, 6]"
18,"[10, 11, 34]"
20,"[10, 11, 33]"
19,"[10, 11, 28]"
21,"[10, 11, 25]"
22,"[10, 11, 48]"
21,"[10, 11, 54]"
19,"[10, 11, 20]"
22,"[10, 11, 69]"
23,"[10, 11, 56]"
16,"[10, 11, 37]"
17,"[10, 11, 55]"
19,"[10, 11, 49]"
24,"[10, 57]"
24,"[10, 57, 70]"
20,"[10, 57, 35]"
18,"[10, 57, 58]"
19,"[10, 57, 0]"
16,"[10, 57, 27]"
23,"[10, 57, 17]"
22,"[10, 57, 29]"
16,"[10, 57, 6]"
20,"[10, 57, 34]"
20,"[10, 57, 33]"
21,"[10, 57, 28]"
24,"[10, 57, 25]"
23,"[10, 57, 48]"
20,"[10, 57, 54]"
18,"[10, 57, 20]"
22,"[10, 57, 69]"
17,"[10, 57, 37]"
17,"[10, 57, 55]"
19,"[10, 57, 49]"
46,"[10, 70]"
23,"[10, 70, 50]"
28,"[10, 70, 35]"
23,"[10, 70, 58]"
45,"[10, 70, 70]"
40,"[10, 70, 0]"
32,"[10, 70, 27]"
41,"[10, 70, 17]"
40,"[10, 70, 29]"
21,"[10, 70, 60]"
24,"[10, 70, 4]"
21,"[10, 70, 3]"
32,"[10, 70, 6]"
37,"[10, 70, 34]"
41,"[10, 70, 33]"
38,"[10, 70, 28]"
41,"[10, 70, 25]"
41,"[10, 70, 48]"
41,"[10, 70, 54]"
35,"[10, 70, 20]"
40,"[10, 70, 69]"
22,"[10, 70, 13]"
21,"[10, 70, 53]"
23,"[10, 70, 32]"
21,"[10, 70, 18]"
20,"[10, 70, 8]"
28,"[10, 70, 26]"
23,"[10, 70, 56]"
31,"[10, 70, 37]"
32,"[10, 70, 55]"
33,"[10, 70, 49]"
21,"[10, 70, 12]"
24,"[10, 70, 42]"
21,"[10, 70, 51]"
16,"[10, 70, 10]"
21,"[10, 70, 63]"
23,"[10, 50]"
19,"[10, 50, 70]"
17,"[10, 50, 0]"
18,"[10, 50, 17]"
17,"[10, 50, 29]"
16,"[10, 50, 54]"
16,"[10, 50, 69]"
37,"[10, 35]"
31,"[10, 35, 58]"
37,"[10, 35, 70]"
19,"[10, 35, 35]"
19,"[10, 35, 59]"
28,"[10, 35, 0]"
24,"[10, 35, 27]"
33,"[10, 35, 17]"
31,"[10, 35, 29]"
16,"[10, 35, 50]"
16,"[10, 35, 60]"
17,"[10, 35, 4]"
23,"[10, 35, 6]"
28,"[10, 35, 34]"
29,"[10, 35, 33]"
28,"[10, 35, 28]"
31,"[10, 35, 25]"
34,"[10, 35, 48]"
33,"[10, 35, 54]"
28,"[10, 35, 20]"
33,"[10, 35, 69]"
16,"[10, 35, 13]"
17,"[10, 35, 53]"
16,"[10, 35, 32]"
22,"[10, 35, 26]"
21,"[10, 35, 56]"
26,"[10, 35, 37]"
25,"[10, 35, 55]"
27,"[10, 35, 49]"
18,"[10, 35, 42]"
16,"[10, 35, 12]"
18,"[10, 35, 51]"
34,"[10, 58]"
34,"[10, 58, 70]"
20,"[10, 58, 35]"
22,"[10, 58, 58]"
19,"[10, 58, 59]"
28,"[10, 58, 0]"
25,"[10, 58, 27]"
31,"[10, 58, 17]"
30,"[10, 58, 29]"
16,"[10, 58, 50]"
16,"[10, 58, 4]"
23,"[10, 58, 6]"
27,"[10, 58, 34]"
29,"[10, 58, 33]"
28,"[10, 58, 28]"
30,"[10, 58, 25]"
31,"[10, 58, 48]"
31,"[10, 58, 54]"
27,"[10, 58, 20]"
31,"[10, 58, 69]"
17,"[10, 58, 32]"
16,"[10, 58, 18]"
21,"[10, 58, 26]"
20,"[10, 58, 56]"
24,"[10, 58, 37]"
23,"[10, 58, 55]"
24,"[10, 58, 49]"
18,"[10, 58, 42]"
16,"[10, 58, 51]"
19,"[10, 59]"
16,"[10, 59, 0]"
17,"[10, 59, 17]"
17,"[10, 59, 29]"
19,"[10, 59, 70]"
16,"[10, 59, 33]"
17,"[10, 59, 28]"
18,"[10, 59, 25]"
19,"[10, 59, 48]"
19,"[10, 59, 54]"
16,"[10, 59, 20]"
16,"[10, 59, 69]"
42,"[10, 0]"
23,"[10, 0, 27]"
36,"[10, 0, 17]"
38,"[10, 0, 29]"
28,"[10, 0, 0]"
41,"[10, 0, 70]"
22,"[10, 0, 4]"
21,"[10, 0, 3]"
27,"[10, 0, 6]"
16,"[10, 0, 7]"
22,"[10, 0, 34]"
23,"[10, 0, 33]"
27,"[10, 0, 28]"
29,"[10, 0, 25]"
34,"[10, 0, 48]"
30,"[10, 0, 54]"
22,"[10, 0, 20]"
37,"[10, 0, 69]"
17,"[10, 0, 13]"
17,"[10, 0, 53]"
21,"[10, 0, 35]"
18,"[10, 0, 32]"
16,"[10, 0, 18]"
16,"[10, 0, 8]"
16,"[10, 0, 58]"
18,"[10, 0, 26]"
20,"[10, 0, 56]"
22,"[10, 0, 37]"
26,"[10, 0, 55]"
26,"[10, 0, 49]"
16,"[10, 0, 12]"
17,"[10, 0, 42]"
17,"[10, 0, 51]"
42,"[10, 17]"
39,"[10, 17, 29]"
36,"[10, 17, 0]"
42,"[10, 17, 70]"
16,"[10, 17, 50]"
22,"[10, 17, 4]"
18,"[10, 17, 3]"
30,"[10, 17, 6]"
21,"[10, 17, 34]"
26,"[10, 17, 33]"
27,"[10, 17, 28]"
25,"[10, 17, 27]"
35,"[10, 17, 17]"
30,"[10, 17, 25]"
33,"[10, 17, 48]"
32,"[10, 17, 54]"
24,"[10, 17, 20]"
35,"[10, 17, 69]"
21,"[10, 17, 35]"
16,"[10, 17, 32]"
16,"[10, 17, 8]"
16,"[10, 17, 58]"
18,"[10, 17, 26]"
21,"[10, 17, 56]"
22,"[10, 17, 37]"
26,"[10, 17, 55]"
25,"[10, 17, 49]"
40,"[10, 29]"
33,"[10, 29, 0]"
40,"[10, 29, 70]"
18,"[10, 29, 50]"
22,"[10, 29, 4]"
18,"[10, 29, 3]"
28,"[10, 29, 6]"
18,"[10, 29, 7]"
23,"[10, 29, 34]"
26,"[10, 29, 33]"
28,"[10, 29, 28]"
26,"[10, 29, 27]"
36,"[10, 29, 17]"
38,"[10, 29, 29]"
31,"[10, 29, 25]"
35,"[10, 29, 48]"
30,"[10, 29, 54]"
24,"[10, 29, 20]"
34,"[10, 29, 69]"
17,"[10, 29, 13]"
17,"[10, 29, 53]"
24,"[10, 29, 35]"
21,"[10, 29, 32]"
16,"[10, 29, 18]"
16,"[10, 29, 8]"
19,"[10, 29, 58]"
21,"[10, 29, 26]"
23,"[10, 29, 56]"
24,"[10, 29, 37]"
26,"[10, 29, 55]"
26,"[10, 29, 49]"
16,"[10, 29, 10]"
16,"[10, 29, 42]"
16,"[10, 29, 51]"
16,"[10, 29, 63]"
16,"[10, 1]"
21,"[10, 60]"
19,"[10, 60, 70]"
18,"[10, 60, 17]"
17,"[10, 60, 29]"
17,"[10, 60, 0]"
17,"[10, 60, 69]"
27,"[10, 4]"
26,"[10, 4, 70]"
17,"[10, 4, 34]"
18,"[10, 4, 33]"
19,"[10, 4, 28]"
19,"[10, 4, 17]"
21,"[10, 4, 29]"
19,"[10, 4, 0]"
19,"[10, 4, 25]"
20,"[10, 4, 48]"
19,"[10, 4, 54]"
22,"[10, 4, 69]"
19,"[10, 4, 55]"
18,"[10, 4, 49]"
22,"[10, 3]"
22,"[10, 3, 70]"
17,"[10, 3, 17]"
18,"[10, 3, 29]"
17,"[10, 3, 25]"
17,"[10, 3, 48]"
16,"[10, 3, 54]"
21,"[10, 3, 69]"
16,"[10, 3, 55]"
34,"[10, 6]"
18,"[10, 6, 7]"
34,"[10, 6, 70]"
19,"[10, 6, 34]"
21,"[10, 6, 33]"
22,"[10, 6, 28]"
21,"[10, 6, 27]"
30,"[10, 6, 17]"
31,"[10, 6, 29]"
27,"[10, 6, 0]"
23,"[10, 6, 25]"
26,"[10, 6, 48]"
24,"[10, 6, 54]"
20,"[10, 6, 20]"
32,"[10, 6, 69]"
21,"[10, 6, 35]"
16,"[10, 6, 32]"
19,"[10, 6, 6]"
22,"[10, 6, 4]"
18,"[10, 6, 58]"
20,"[10, 6, 56]"
19,"[10, 6, 37]"
25,"[10, 6, 55]"
20,"[10, 6, 49]"
18,"[10, 7]"
18,"[10, 7, 70]"
16,"[10, 7, 17]"
16,"[10, 7, 29]"
17,"[10, 7, 25]"
17,"[10, 7, 48]"
17,"[10, 7, 69]"
37,"[10, 34]"
34,"[10, 34, 33]"
36,"[10, 34, 28]"
27,"[10, 34, 27]"
35,"[10, 34, 17]"
33,"[10, 34, 29]"
29,"[10, 34, 0]"
37,"[10, 34, 25]"
35,"[10, 34, 48]"
31,"[10, 34, 54]"
29,"[10, 34, 20]"
34,"[10, 34, 69]"
18,"[10, 34, 35]"
19,"[10, 34, 32]"
19,"[10, 34, 18]"
17,"[10, 34, 8]"
37,"[10, 34, 70]"
24,"[10, 34, 6]"
19,"[10, 34, 4]"
20,"[10, 34, 34]"
21,"[10, 34, 26]"
17,"[10, 34, 50]"
27,"[10, 34, 37]"
24,"[10, 34, 55]"
28,"[10, 34, 49]"
16,"[10, 34, 60]"
16,"[10, 34, 12]"
20,"[10, 34, 42]"
16,"[10, 34, 51]"
16,"[10, 34, 63]"
41,"[10, 33]"
36,"[10, 33, 28]"
27,"[10, 33, 27]"
37,"[10, 33, 17]"
36,"[10, 33, 29]"
32,"[10, 33, 0]"
38,"[10, 33, 25]"
36,"[10, 33, 48]"
36,"[10, 33, 54]"
29,"[10, 33, 20]"
36,"[10, 33, 69]"
16,"[10, 33, 13]"
17,"[10, 33, 53]"
18,"[10, 33, 35]"
19,"[10, 33, 32]"
18,"[10, 33, 18]"
16,"[10, 33, 8]"
39,"[10, 33, 70]"
25,"[10, 33, 6]"
19,"[10, 33, 4]"
16,"[10, 33, 58]"
23,"[10, 33, 34]"
23,"[10, 33, 33]"
22,"[10, 33, 26]"
18,"[10, 33, 50]"
27,"[10, 33, 37]"
25,"[10, 33, 55]"
27,"[10, 33, 49]"
16,"[10, 33, 60]"
16,"[10, 33, 12]"
21,"[10, 33, 42]"
16,"[10, 33, 51]"
38,"[10, 28]"
23,"[10, 28, 27]"
32,"[10, 28, 17]"
32,"[10, 28, 29]"
28,"[10, 28, 0]"
36,"[10, 28, 25]"
35,"[10, 28, 48]"
34,"[10, 28, 54]"
25,"[10, 28, 20]"
34,"[10, 28, 69]"
17,"[10, 28, 35]"
16,"[10, 28, 32]"
17,"[10, 28, 18]"
37,"[10, 28, 70]"
25,"[10, 28, 6]"
18,"[10, 28, 4]"
21,"[10, 28, 34]"
22,"[10, 28, 33]"
30,"[10, 28, 28]"
19,"[10, 28, 26]"
16,"[10, 28, 50]"
25,"[10, 28, 37]"
23,"[10, 28, 55]"
26,"[10, 28, 49]"
19,"[10, 28, 42]"
41,"[10, 25]"
37,"[10, 25, 48]"
32,"[10, 25, 54]"
22,"[10, 25, 20]"
33,"[10, 25, 69]"
16,"[10, 25, 13]"
18,"[10, 25, 35]"
21,"[10, 25, 32]"
20,"[10, 25, 18]"
18,"[10, 25, 8]"
40,"[10, 25, 70]"
27,"[10, 25, 6]"
19,"[10, 25, 4]"
20,"[10, 25, 34]"
21,"[10, 25, 33]"
27,"[10, 25, 28]"
18,"[10, 25, 26]"
25,"[10, 25, 37]"
28,"[10, 25, 55]"
30,"[10, 25, 49]"
29,"[10, 25, 0]"
36,"[10, 25, 29]"
36,"[10, 25, 17]"
27,"[10, 25, 27]"
16,"[10, 25, 60]"
26,"[10, 25, 25]"
19,"[10, 25, 42]"
16,"[10, 25, 51]"
42,"[10, 48]"
31,"[10, 48, 54]"
22,"[10, 48, 20]"
35,"[10, 48, 69]"
17,"[10, 48, 53]"
17,"[10, 48, 32]"
17,"[10, 48, 18]"
16,"[10, 48, 8]"
39,"[10, 48, 70]"
24,"[10, 48, 6]"
18,"[10, 48, 4]"
16,"[10, 48, 34]"
19,"[10, 48, 33]"
22,"[10, 48, 28]"
18,"[10, 48, 26]"
23,"[10, 48, 37]"
26,"[10, 48, 55]"
28,"[10, 48, 49]"
28,"[10, 48, 48]"
29,"[10, 48, 0]"
34,"[10, 48, 29]"
34,"[10, 48, 17]"
23,"[10, 48, 27]"
16,"[10, 48, 60]"
25,"[10, 48, 25]"
17,"[10, 48, 42]"
18,"[10, 48, 51]"
41,"[10, 54]"
21,"[10, 54, 20]"
34,"[10, 54, 69]"
18,"[10, 54, 32]"
38,"[10, 54, 70]"
22,"[10, 54, 6]"
16,"[10, 54, 4]"
22,"[10, 54, 28]"
18,"[10, 54, 26]"
17,"[10, 54, 50]"
19,"[10, 54, 37]"
26,"[10, 54, 55]"
19,"[10, 54, 49]"
27,"[10, 54, 48]"
29,"[10, 54, 0]"
33,"[10, 54, 29]"
34,"[10, 54, 17]"
28,"[10, 54, 54]"
23,"[10, 54, 27]"
21,"[10, 54, 25]"
17,"[10, 54, 42]"
35,"[10, 20]"
30,"[10, 20, 69]"
33,"[10, 20, 70]"
21,"[10, 20, 6]"
16,"[10, 20, 4]"
19,"[10, 20, 33]"
27,"[10, 20, 28]"
21,"[10, 20, 26]"
19,"[10, 20, 50]"
27,"[10, 20, 37]"
21,"[10, 20, 55]"
23,"[10, 20, 49]"
30,"[10, 20, 48]"
27,"[10, 20, 0]"
26,"[10, 20, 29]"
30,"[10, 20, 17]"
29,"[10, 20, 54]"
22,"[10, 20, 27]"
17,"[10, 20, 60]"
30,"[10, 20, 25]"
17,"[10, 20, 42]"
20,"[10, 20, 20]"
42,"[10, 69]"
23,"[10, 69, 13]"
22,"[10, 69, 53]"
24,"[10, 69, 35]"
23,"[10, 69, 32]"
21,"[10, 69, 18]"
20,"[10, 69, 8]"
17,"[10, 69, 3]"
42,"[10, 69, 70]"
32,"[10, 69, 6]"
17,"[10, 69, 7]"
22,"[10, 69, 4]"
23,"[10, 69, 58]"
28,"[10, 69, 34]"
31,"[10, 69, 33]"
29,"[10, 69, 28]"
22,"[10, 69, 26]"
17,"[10, 69, 50]"
25,"[10, 69, 56]"
24,"[10, 69, 37]"
27,"[10, 69, 55]"
30,"[10, 69, 49]"
38,"[10, 69, 48]"
34,"[10, 69, 0]"
36,"[10, 69, 29]"
37,"[10, 69, 17]"
32,"[10, 69, 54]"
30,"[10, 69, 27]"
37,"[10, 69, 69]"
33,"[10, 69, 25]"
26,"[10, 69, 20]"
17,"[10, 69, 60]"
24,"[10, 69, 12]"
28,"[10, 69, 42]"
23,"[10, 69, 51]"
18,"[10, 69, 10]"
16,"[10, 69, 43]"
18,"[10, 69, 63]"
24,"[10, 13]"
20,"[10, 13, 53]"
20,"[10, 13, 70]"
19,"[10, 13, 48]"
17,"[10, 13, 29]"
17,"[10, 13, 17]"
16,"[10, 13, 54]"
20,"[10, 13, 69]"
23,"[10, 53]"
19,"[10, 53, 70]"
19,"[10, 53, 48]"
17,"[10, 53, 29]"
16,"[10, 53, 17]"
17,"[10, 53, 54]"
18,"[10, 53, 69]"
21,"[10, 8]"
19,"[10, 8, 70]"
17,"[10, 8, 0]"
18,"[10, 8, 29]"
18,"[10, 8, 17]"
17,"[10, 8, 54]"
17,"[10, 8, 27]"
17,"[10, 8, 69]"
28,"[10, 26]"
19,"[10, 26, 50]"
24,"[10, 26, 70]"
17,"[10, 26, 55]"
16,"[10, 26, 49]"
22,"[10, 26, 48]"
20,"[10, 26, 0]"
17,"[10, 26, 6]"
21,"[10, 26, 29]"
22,"[10, 26, 17]"
18,"[10, 26, 54]"
17,"[10, 26, 25]"
20,"[10, 26, 69]"
31,"[10, 37]"
21,"[10, 37, 55]"
19,"[10, 37, 49]"
22,"[10, 37, 48]"
29,"[10, 37, 70]"
24,"[10, 37, 0]"
19,"[10, 37, 6]"
27,"[10, 37, 29]"
28,"[10, 37, 17]"
22,"[10, 37, 54]"
21,"[10, 37, 27]"
19,"[10, 37, 60]"
21,"[10, 37, 26]"
18,"[10, 37, 25]"
17,"[10, 37, 50]"
16,"[10, 37, 28]"
25,"[10, 37, 69]"
32,"[10, 55]"
18,"[10, 55, 48]"
29,"[10, 55, 70]"
19,"[10, 55, 0]"
22,"[10, 55, 29]"
22,"[10, 55, 17]"
16,"[10, 55, 54]"
18,"[10, 55, 27]"
27,"[10, 55, 69]"
17,"[10, 55, 20]"
33,"[10, 49]"
19,"[10, 49, 48]"
29,"[10, 49, 70]"
26,"[10, 49, 55]"
22,"[10, 49, 0]"
17,"[10, 49, 6]"
27,"[10, 49, 29]"
25,"[10, 49, 17]"
23,"[10, 49, 54]"
19,"[10, 49, 27]"
25,"[10, 49, 69]"
28,"[10, 42]"
16,"[10, 42, 42]"
25,"[10, 42, 69]"
26,"[10, 42, 70]"
19,"[10, 42, 33]"
18,"[10, 42, 28]"
20,"[10, 42, 25]"
24,"[10, 42, 48]"
21,"[10, 42, 54]"
19,"[10, 42, 0]"
17,"[10, 42, 20]"
20,"[10, 42, 17]"
17,"[10, 42, 51]"
20,"[10, 42, 29]"
25,"[10, 10]"
19,"[10, 10, 56]"
20,"[10, 10, 35]"
19,"[10, 10, 58]"
23,"[10, 10, 69]"
25,"[10, 10, 70]"
16,"[10, 10, 34]"
17,"[10, 10, 33]"
19,"[10, 10, 28]"
21,"[10, 10, 25]"
23,"[10, 10, 48]"
22,"[10, 10, 54]"
21,"[10, 10, 0]"
17,"[10, 10, 20]"
17,"[10, 10, 27]"
22,"[10, 10, 17]"
20,"[10, 10, 49]"
22,"[10, 10, 29]"
17,"[10, 10, 6]"
20,"[10, 10, 55]"
25,"[10, 12]"
21,"[10, 12, 42]"
16,"[10, 12, 0]"
22,"[10, 12, 69]"
22,"[10, 12, 70]"
17,"[10, 12, 25]"
20,"[10, 12, 48]"
18,"[10, 12, 54]"
24,"[10, 51]"
18,"[10, 51, 70]"
17,"[10, 51, 48]"
17,"[10, 51, 69]"
17,"[10, 14]"
18,"[10, 43]"
16,"[10, 43, 70]"
18,"[10, 65]"
17,"[10, 65, 17]"
16,"[10, 65, 0]"
17,"[10, 65, 29]"
18,"[10, 65, 70]"
16,"[10, 65, 54]"
21,"[10, 63]"
16,"[10, 63, 33]"
16,"[10, 63, 28]"
19,"[10, 63, 54]"
17,"[10, 63, 69]"
20,"[10, 63, 70]"
19,"[10, 63, 17]"
16,"[10, 63, 29]"
16,"[10, 63, 25]"
18,"[10, 63, 48]"
43,[56]
27,"[56, 56]"
27,"[56, 56, 70]"
16,"[56, 56, 35]"
18,"[56, 56, 0]"
16,"[56, 56, 27]"
23,"[56, 56, 17]"
23,"[56, 56, 29]"
16,"[56, 56, 6]"
16,"[56, 56, 34]"
17,"[56, 56, 33]"
18,"[56, 56, 28]"
21,"[56, 56, 25]"
21,"[56, 56, 48]"
21,"[56, 56, 54]"
16,"[56, 56, 20]"
23,"[56, 56, 69]"
16,"[56, 56, 37]"
17,"[56, 56, 49]"
24,"[56, 57]"
24,"[56, 57, 70]"
20,"[56, 57, 35]"
18,"[56, 57, 58]"
19,"[56, 57, 0]"
16,"[56, 57, 27]"
23,"[56, 57, 17]"
22,"[56, 57, 29]"
16,"[56, 57, 6]"
20,"[56, 57, 34]"
20,"[56, 57, 33]"
21,"[56, 57, 28]"
24,"[56, 57, 25]"
23,"[56, 57, 48]"
20,"[56, 57, 54]"
18,"[56, 57, 20]"
22,"[56, 57, 69]"
17,"[56, 57, 37]"
17,"[56, 57, 55]"
19,"[56, 57, 49]"
43,"[56, 70]"
24,"[56, 70, 50]"
24,"[56, 70, 35]"
20,"[56, 70, 58]"
42,"[56, 70, 70]"
38,"[56, 70, 0]"
30,"[56, 70, 27]"
39,"[56, 70, 17]"
38,"[56, 70, 29]"
19,"[56, 70, 60]"
23,"[56, 70, 4]"
20,"[56, 70, 3]"
30,"[56, 70, 6]"
34,"[56, 70, 34]"
39,"[56, 70, 33]"
35,"[56, 70, 28]"
38,"[56, 70, 25]"
37,"[56, 70, 48]"
39,"[56, 70, 54]"
34,"[56, 70, 20]"
37,"[56, 70, 69]"
21,"[56, 70, 13]"
20,"[56, 70, 53]"
19,"[56, 70, 32]"
19,"[56, 70, 18]"
19,"[56, 70, 8]"
27,"[56, 70, 26]"
22,"[56, 70, 56]"
29,"[56, 70, 37]"
31,"[56, 70, 55]"
32,"[56, 70, 49]"
18,"[56, 70, 12]"
22,"[56, 70, 42]"
19,"[56, 70, 51]"
19,"[56, 70, 63]"
24,"[56, 50]"
20,"[56, 50, 70]"
19,"[56, 50, 0]"
19,"[56, 50, 17]"
18,"[56, 50, 29]"
16,"[56, 50, 48]"
17,"[56, 50, 54]"
18,"[56, 50, 69]"
16,"[56, 50, 49]"
35,"[56, 35]"
30,"[56, 35, 58]"
35,"[56, 35, 70]"
19,"[56, 35, 35]"
19,"[56, 35, 59]"
28,"[56, 35, 0]"
24,"[56, 35, 27]"
32,"[56, 35, 17]"
30,"[56, 35, 29]"
18,"[56, 35, 4]"
24,"[56, 35, 6]"
27,"[56, 35, 34]"
28,"[56, 35, 33]"
27,"[56, 35, 28]"
30,"[56, 35, 25]"
32,"[56, 35, 48]"
31,"[56, 35, 54]"
27,"[56, 35, 20]"
31,"[56, 35, 69]"
16,"[56, 35, 13]"
16,"[56, 35, 53]"
17,"[56, 35, 32]"
16,"[56, 35, 18]"
19,"[56, 35, 26]"
22,"[56, 35, 56]"
23,"[56, 35, 37]"
25,"[56, 35, 55]"
28,"[56, 35, 49]"
17,"[56, 35, 42]"
17,"[56, 35, 51]"
32,"[56, 58]"
32,"[56, 58, 70]"
20,"[56, 58, 35]"
23,"[56, 58, 58]"
19,"[56, 58, 59]"
27,"[56, 58, 0]"
24,"[56, 58, 27]"
29,"[56, 58, 17]"
28,"[56, 58, 29]"
17,"[56, 58, 4]"
23,"[56, 58, 6]"
25,"[56, 58, 34]"
27,"[56, 58, 33]"
26,"[56, 58, 28]"
28,"[56, 58, 25]"
29,"[56, 58, 48]"
30,"[56, 58, 54]"
26,"[56, 58, 20]"
29,"[56, 58, 69]"
17,"[56, 58, 32]"
16,"[56, 58, 18]"
18,"[56, 58, 26]"
21,"[56, 58, 56]"
21,"[56, 58, 37]"
23,"[56, 58, 55]"
25,"[56, 58, 49]"
16,"[56, 58, 42]"
19,"[56, 59]"
16,"[56, 59, 0]"
17,"[56, 59, 17]"
17,"[56, 59, 29]"
19,"[56, 59, 70]"
16,"[56, 59, 33]"
17,"[56, 59, 28]"
18,"[56, 59, 25]"
19,"[56, 59, 48]"
19,"[56, 59, 54]"
16,"[56, 59, 20]"
16,"[56, 59, 69]"
39,"[56, 0]"
22,"[56, 0, 27]"
35,"[56, 0, 17]"
35,"[56, 0, 29]"
25,"[56, 0, 0]"
37,"[56, 0, 70]"
21,"[56, 0, 4]"
19,"[56, 0, 3]"
26,"[56, 0, 6]"
18,"[56, 0, 34]"
19,"[56, 0, 33]"
22,"[56, 0, 28]"
24,"[56, 0, 25]"
28,"[56, 0, 48]"
25,"[56, 0, 54]"
19,"[56, 0, 20]"
34,"[56, 0, 69]"
16,"[56, 0, 35]"
18,"[56, 0, 56]"
16,"[56, 0, 37]"
23,"[56, 0, 55]"
24,"[56, 0, 49]"
16,"[56, 0, 51]"
32,"[56, 27]"
30,"[56, 27, 17]"
27,"[56, 27, 29]"
27,"[56, 27, 0]"
29,"[56, 27, 70]"
16,"[56, 27, 4]"
23,"[56, 27, 6]"
18,"[56, 27, 33]"
18,"[56, 27, 28]"
19,"[56, 27, 25]"
21,"[56, 27, 48]"
22,"[56, 27, 54]"
16,"[56, 27, 20]"
25,"[56, 27, 69]"
17,"[56, 27, 55]"
16,"[56, 27, 49]"
40,"[56, 17]"
37,"[56, 17, 29]"
35,"[56, 17, 0]"
40,"[56, 17, 70]"
22,"[56, 17, 4]"
17,"[56, 17, 3]"
30,"[56, 17, 6]"
19,"[56, 17, 34]"
25,"[56, 17, 33]"
25,"[56, 17, 28]"
24,"[56, 17, 27]"
34,"[56, 17, 17]"
28,"[56, 17, 25]"
30,"[56, 17, 48]"
30,"[56, 17, 54]"
23,"[56, 17, 20]"
34,"[56, 17, 69]"
19,"[56, 17, 35]"
20,"[56, 17, 56]"
17,"[56, 17, 37]"
25,"[56, 17, 55]"
25,"[56, 17, 49]"
38,"[56, 29]"
31,"[56, 29, 0]"
38,"[56, 29, 70]"
21,"[56, 29, 4]"
16,"[56, 29, 3]"
27,"[56, 29, 6]"
19,"[56, 29, 34]"
24,"[56, 29, 33]"
24,"[56, 29, 28]"
23,"[56, 29, 27]"
32,"[56, 29, 17]"
35,"[56, 29, 29]"
27,"[56, 29, 25]"
30,"[56, 29, 48]"
27,"[56, 29, 54]"
21,"[56, 29, 20]"
33,"[56, 29, 69]"
16,"[56, 29, 13]"
16,"[56, 29, 53]"
19,"[56, 29, 35]"
17,"[56, 29, 32]"
21,"[56, 29, 56]"
18,"[56, 29, 37]"
24,"[56, 29, 55]"
24,"[56, 29, 49]"
19,"[56, 60]"
17,"[56, 60, 70]"
17,"[56, 60, 17]"
16,"[56, 60, 29]"
16,"[56, 60, 0]"
16,"[56, 60, 69]"
26,"[56, 4]"
25,"[56, 4, 70]"
17,"[56, 4, 33]"
17,"[56, 4, 28]"
18,"[56, 4, 17]"
19,"[56, 4, 29]"
19,"[56, 4, 0]"
17,"[56, 4, 25]"
18,"[56, 4, 48]"
16,"[56, 4, 54]"
21,"[56, 4, 69]"
18,"[56, 4, 55]"
16,"[56, 4, 49]"
20,"[56, 3]"
20,"[56, 3, 70]"
16,"[56, 3, 17]"
17,"[56, 3, 29]"
19,"[56, 3, 69]"
33,"[56, 6]"
33,"[56, 6, 70]"
17,"[56, 6, 34]"
20,"[56, 6, 33]"
20,"[56, 6, 28]"
19,"[56, 6, 27]"
27,"[56, 6, 17]"
29,"[56, 6, 29]"
25,"[56, 6, 0]"
21,"[56, 6, 25]"
24,"[56, 6, 48]"
22,"[56, 6, 54]"
19,"[56, 6, 20]"
31,"[56, 6, 69]"
17,"[56, 6, 35]"
16,"[56, 6, 6]"
21,"[56, 6, 4]"
18,"[56, 6, 56]"
24,"[56, 6, 55]"
19,"[56, 6, 49]"
35,"[56, 34]"
32,"[56, 34, 33]"
34,"[56, 34, 28]"
25,"[56, 34, 27]"
33,"[56, 34, 17]"
31,"[56, 34, 29]"
28,"[56, 34, 0]"
35,"[56, 34, 25]"
33,"[56, 34, 48]"
30,"[56, 34, 54]"
27,"[56, 34, 20]"
32,"[56, 34, 69]"
17,"[56, 34, 35]"
17,"[56, 34, 32]"
17,"[56, 34, 18]"
16,"[56, 34, 8]"
35,"[56, 34, 70]"
23,"[56, 34, 6]"
18,"[56, 34, 4]"
18,"[56, 34, 34]"
19,"[56, 34, 26]"
17,"[56, 34, 50]"
24,"[56, 34, 37]"
24,"[56, 34, 55]"
29,"[56, 34, 49]"
18,"[56, 34, 42]"
39,"[56, 33]"
34,"[56, 33, 28]"
25,"[56, 33, 27]"
35,"[56, 33, 17]"
34,"[56, 33, 29]"
31,"[56, 33, 0]"
36,"[56, 33, 25]"
34,"[56, 33, 48]"
35,"[56, 33, 54]"
27,"[56, 33, 20]"
34,"[56, 33, 69]"
16,"[56, 33, 13]"
17,"[56, 33, 53]"
17,"[56, 33, 35]"
17,"[56, 33, 32]"
16,"[56, 33, 18]"
37,"[56, 33, 70]"
24,"[56, 33, 6]"
18,"[56, 33, 4]"
21,"[56, 33, 34]"
23,"[56, 33, 33]"
20,"[56, 33, 26]"
18,"[56, 33, 50]"
25,"[56, 33, 37]"
25,"[56, 33, 55]"
28,"[56, 33, 49]"
19,"[56, 33, 42]"
36,"[56, 28]"
21,"[56, 28, 27]"
30,"[56, 28, 17]"
30,"[56, 28, 29]"
27,"[56, 28, 0]"
34,"[56, 28, 25]"
33,"[56, 28, 48]"
32,"[56, 28, 54]"
23,"[56, 28, 20]"
32,"[56, 28, 69]"
16,"[56, 28, 35]"
16,"[56, 28, 18]"
35,"[56, 28, 70]"
24,"[56, 28, 6]"
18,"[56, 28, 4]"
19,"[56, 28, 34]"
22,"[56, 28, 33]"
27,"[56, 28, 28]"
17,"[56, 28, 26]"
22,"[56, 28, 37]"
22,"[56, 28, 55]"
26,"[56, 28, 49]"
17,"[56, 28, 42]"
39,"[56, 25]"
35,"[56, 25, 48]"
32,"[56, 25, 54]"
22,"[56, 25, 20]"
32,"[56, 25, 69]"
16,"[56, 25, 13]"
17,"[56, 25, 35]"
19,"[56, 25, 32]"
18,"[56, 25, 18]"
17,"[56, 25, 8]"
38,"[56, 25, 70]"
26,"[56, 25, 6]"
18,"[56, 25, 4]"
17,"[56, 25, 34]"
20,"[56, 25, 33]"
25,"[56, 25, 28]"
16,"[56, 25, 26]"
22,"[56, 25, 37]"
28,"[56, 25, 55]"
31,"[56, 25, 49]"
28,"[56, 25, 0]"
34,"[56, 25, 29]"
34,"[56, 25, 17]"
25,"[56, 25, 27]"
24,"[56, 25, 25]"
18,"[56, 25, 42]"
38,"[56, 48]"
31,"[56, 48, 54]"
22,"[56, 48, 20]"
32,"[56, 48, 69]"
17,"[56, 48, 53]"
16,"[56, 48, 32]"
16,"[56, 48, 18]"
16,"[56, 48, 8]"
35,"[56, 48, 70]"
23,"[56, 48, 6]"
18,"[56, 48, 4]"
16,"[56, 48, 34]"
19,"[56, 48, 33]"
22,"[56, 48, 28]"
19,"[56, 48, 37]"
25,"[56, 48, 55]"
28,"[56, 48, 49]"
28,"[56, 48, 48]"
27,"[56, 48, 0]"
31,"[56, 48, 29]"
31,"[56, 48, 17]"
21,"[56, 48, 27]"
25,"[56, 48, 25]"
17,"[56, 48, 42]"
16,"[56, 48, 51]"
39,"[56, 54]"
21,"[56, 54, 20]"
32,"[56, 54, 69]"
17,"[56, 54, 32]"
36,"[56, 54, 70]"
22,"[56, 54, 6]"
17,"[56, 54, 4]"
16,"[56, 54, 33]"
21,"[56, 54, 28]"
16,"[56, 54, 26]"
16,"[56, 54, 50]"
17,"[56, 54, 37]"
26,"[56, 54, 55]"
18,"[56, 54, 49]"
26,"[56, 54, 48]"
29,"[56, 54, 0]"
32,"[56, 54, 29]"
33,"[56, 54, 17]"
26,"[56, 54, 54]"
22,"[56, 54, 27]"
20,"[56, 54, 25]"
16,"[56, 54, 42]"
34,"[56, 20]"
29,"[56, 20, 69]"
32,"[56, 20, 70]"
21,"[56, 20, 6]"
20,"[56, 20, 33]"
26,"[56, 20, 28]"
20,"[56, 20, 26]"
20,"[56, 20, 50]"
25,"[56, 20, 37]"
22,"[56, 20, 55]"
25,"[56, 20, 49]"
29,"[56, 20, 48]"
27,"[56, 20, 0]"
25,"[56, 20, 29]"
29,"[56, 20, 17]"
28,"[56, 20, 54]"
21,"[56, 20, 27]"
29,"[56, 20, 25]"
16,"[56, 20, 42]"
19,"[56, 20, 20]"
39,"[56, 69]"
21,"[56, 69, 13]"
20,"[56, 69, 53]"
18,"[56, 69, 35]"
18,"[56, 69, 32]"
18,"[56, 69, 18]"
19,"[56, 69, 8]"
38,"[56, 69, 70]"
28,"[56, 69, 6]"
19,"[56, 69, 4]"
16,"[56, 69, 58]"
23,"[56, 69, 34]"
27,"[56, 69, 33]"
24,"[56, 69, 28]"
16,"[56, 69, 26]"
20,"[56, 69, 56]"
18,"[56, 69, 37]"
24,"[56, 69, 55]"
27,"[56, 69, 49]"
32,"[56, 69, 48]"
30,"[56, 69, 0]"
32,"[56, 69, 29]"
32,"[56, 69, 17]"
29,"[56, 69, 54]"
26,"[56, 69, 27]"
31,"[56, 69, 69]"
28,"[56, 69, 25]"
22,"[56, 69, 20]"
21,"[56, 69, 12]"
25,"[56, 69, 42]"
20,"[56, 69, 51]"
22,"[56, 13]"
18,"[56, 13, 53]"
18,"[56, 13, 70]"
17,"[56, 13, 48]"
16,"[56, 13, 29]"
16,"[56, 13, 17]"
18,"[56, 13, 69]"
21,"[56, 53]"
17,"[56, 53, 70]"
17,"[56, 53, 48]"
16,"[56, 53, 29]"
16,"[56, 53, 54]"
16,"[56, 53, 69]"
22,"[56, 32]"
18,"[56, 32, 18]"
20,"[56, 32, 70]"
16,"[56, 32, 55]"
18,"[56, 32, 0]"
20,"[56, 32, 29]"
21,"[56, 32, 17]"
18,"[56, 32, 27]"
16,"[56, 32, 69]"
21,"[56, 18]"
20,"[56, 18, 70]"
16,"[56, 18, 6]"
16,"[56, 18, 55]"
19,"[56, 18, 0]"
21,"[56, 18, 29]"
20,"[56, 18, 17]"
17,"[56, 18, 54]"
17,"[56, 18, 27]"
17,"[56, 18, 69]"
20,"[56, 8]"
17,"[56, 8, 70]"
16,"[56, 8, 0]"
16,"[56, 8, 29]"
16,"[56, 8, 17]"
27,"[56, 26]"
20,"[56, 26, 50]"
23,"[56, 26, 70]"
18,"[56, 26, 55]"
17,"[56, 26, 49]"
20,"[56, 26, 48]"
20,"[56, 26, 0]"
17,"[56, 26, 6]"
20,"[56, 26, 29]"
21,"[56, 26, 17]"
18,"[56, 26, 54]"
16,"[56, 26, 25]"
20,"[56, 26, 69]"
29,"[56, 37]"
21,"[56, 37, 55]"
20,"[56, 37, 49]"
20,"[56, 37, 48]"
27,"[56, 37, 70]"
23,"[56, 37, 0]"
19,"[56, 37, 6]"
25,"[56, 37, 29]"
26,"[56, 37, 17]"
21,"[56, 37, 54]"
19,"[56, 37, 27]"
16,"[56, 37, 60]"
19,"[56, 37, 26]"
16,"[56, 37, 25]"
17,"[56, 37, 50]"
24,"[56, 37, 69]"
31,"[56, 55]"
18,"[56, 55, 48]"
28,"[56, 55, 70]"
19,"[56, 55, 0]"
22,"[56, 55, 29]"
22,"[56, 55, 17]"
18,"[56, 55, 27]"
26,"[56, 55, 69]"
18,"[56, 55, 20]"
33,"[56, 49]"
19,"[56, 49, 48]"
29,"[56, 49, 70]"
27,"[56, 49, 55]"
23,"[56, 49, 0]"
18,"[56, 49, 6]"
28,"[56, 49, 29]"
26,"[56, 49, 17]"
24,"[56, 49, 54]"
20,"[56, 49, 27]"
25,"[56, 49, 69]"
25,"[56, 42]"
22,"[56, 42, 69]"
23,"[56, 42, 70]"
16,"[56, 42, 33]"
17,"[56, 42, 25]"
20,"[56, 42, 48]"
18,"[56, 42, 54]"
16,"[56, 42, 0]"
17,"[56, 42, 17]"
16,"[56, 42, 51]"
17,"[56, 42, 29]"
22,"[56, 10]"
16,"[56, 10, 56]"
21,"[56, 10, 69]"
22,"[56, 10, 70]"
17,"[56, 10, 28]"
19,"[56, 10, 25]"
18,"[56, 10, 48]"
19,"[56, 10, 54]"
19,"[56, 10, 0]"
16,"[56, 10, 27]"
20,"[56, 10, 17]"
16,"[56, 10, 49]"
20,"[56, 10, 29]"
17,"[56, 10, 55]"
22,"[56, 12]"
20,"[56, 12, 42]"
20,"[56, 12, 69]"
20,"[56, 12, 70]"
16,"[56, 12, 25]"
18,"[56, 12, 48]"
16,"[56, 12, 54]"
21,"[56, 51]"
16,"[56, 51, 70]"
17,"[56, 14]"
16,"[56, 65]"
16,"[56, 65, 70]"
19,"[56, 63]"
17,"[56, 63, 54]"
18,"[56, 63, 70]"
17,"[56, 63, 17]"
16,"[56, 63, 48]"
23,[11]
18,"[11, 57]"
18,"[11, 57, 70]"
17,"[11, 57, 35]"
16,"[11, 57, 58]"
16,"[11, 57, 0]"
17,"[11, 57, 17]"
17,"[11, 57, 29]"
16,"[11, 57, 28]"
18,"[11, 57, 25]"
17,"[11, 57, 48]"
16,"[11, 57, 54]"
18,"[11, 57, 69]"
23,"[11, 70]"
17,"[11, 70, 35]"
22,"[11, 70, 70]"
21,"[11, 70, 0]"
16,"[11, 70, 27]"
21,"[11, 70, 17]"
22,"[11, 70, 29]"
18,"[11, 70, 6]"
18,"[11, 70, 34]"
20,"[11, 70, 33]"
19,"[11, 70, 28]"
21,"[11, 70, 25]"
21,"[11, 70, 48]"
21,"[11, 70, 54]"
19,"[11, 70, 20]"
22,"[11, 70, 69]"
16,"[11, 70, 37]"
17,"[11, 70, 55]"
19,"[11, 70, 49]"
22,"[11, 35]"
20,"[11, 35, 58]"
22,"[11, 35, 70]"
19,"[11, 35, 0]"
20,"[11, 35, 17]"
20,"[11, 35, 29]"
17,"[11, 35, 6]"
16,"[11, 35, 34]"
17,"[11, 35, 33]"
16,"[11, 35, 28]"
18,"[11, 35, 25]"
20,"[11, 35, 48]"
20,"[11, 35, 54]"
18,"[11, 35, 20]"
21,"[11, 35, 69]"
16,"[11, 35, 55]"
18,"[11, 35, 49]"
21,"[11, 58]"
21,"[11, 58, 70]"
19,"[11, 58, 0]"
16,"[11, 58, 27]"
19,"[11, 58, 17]"
20,"[11, 58, 29]"
17,"[11, 58, 6]"
16,"[11, 58, 34]"
17,"[11, 58, 33]"
16,"[11, 58, 28]"
18,"[11, 58, 25]"
19,"[11, 58, 48]"
20,"[11, 58, 54]"
18,"[11, 58, 20]"
21,"[11, 58, 69]"
16,"[11, 58, 55]"
17,"[11, 58, 49]"
21,"[11, 0]"
20,"[11, 0, 17]"
20,"[11, 0, 29]"
20,"[11, 0, 70]"
17,"[11, 0, 48]"
19,"[11, 0, 69]"
16,"[11, 27]"
16,"[11, 27, 17]"
16,"[11, 27, 29]"
16,"[11, 27, 70]"
21,"[11, 17]"
21,"[11, 17, 29]"
19,"[11, 17, 0]"
21,"[11, 17, 70]"
17,"[11, 17, 6]"
20,"[11, 17, 17]"
16,"[11, 17, 48]"
18,"[11, 17, 54]"
19,"[11, 17, 69]"
22,"[11, 29]"
18,"[11, 29, 0]"
22,"[11, 29, 70]"
16,"[11, 29, 6]"
20,"[11, 29, 17]"
21,"[11, 29, 29]"
18,"[11, 29, 48]"
18,"[11, 29, 54]"
20,"[11, 29, 69]"
16,"[11, 29, 49]"
18,"[11, 6]"
18,"[11, 6, 70]"
16,"[11, 6, 17]"
17,"[11, 6, 29]"
16,"[11, 6, 54]"
17,"[11, 6, 69]"
18,"[11, 34]"
16,"[11, 34, 33]"
17,"[11, 34, 28]"
17,"[11, 34, 17]"
18,"[11, 34, 29]"
18,"[11, 34, 25]"
17,"[11, 34, 48]"
16,"[11, 34, 54]"
18,"[11, 34, 69]"
18,"[11, 34, 70]"
16,"[11, 34, 49]"
20,"[11, 33]"
17,"[11, 33, 28]"
19,"[11, 33, 17]"
20,"[11, 33, 29]"
18,"[11, 33, 0]"
19,"[11, 33, 25]"
18,"[11, 33, 48]"
18,"[11, 33, 54]"
19,"[11, 33, 69]"
19,"[11, 33, 70]"
16,"[11, 33, 49]"
19,"[11, 28]"
18,"[11, 28, 17]"
19,"[11, 28, 29]"
17,"[11, 28, 0]"
18,"[11, 28, 25]"
18,"[11, 28, 48]"
18,"[11, 28, 54]"
19,"[11, 28, 69]"
19,"[11, 28, 70]"
16,"[11, 28, 6]"
16,"[11, 28, 28]"
16,"[11, 28, 49]"
21,"[11, 25]"
20,"[11, 25, 48]"
18,"[11, 25, 54]"
19,"[11, 25, 69]"
21,"[11, 25, 70]"
17,"[11, 25, 6]"
16,"[11, 25, 55]"
18,"[11, 25, 49]"
17,"[11, 25, 0]"
21,"[11, 25, 29]"
20,"[11, 25, 17]"
22,"[11, 48]"
18,"[11, 48, 54]"
20,"[11, 48, 69]"
22,"[11, 48, 70]"
16,"[11, 48, 6]"
16,"[11, 48, 55]"
18,"[11, 48, 49]"
17,"[11, 48, 48]"
18,"[11, 48, 0]"
21,"[11, 48, 29]"
20,"[11, 48, 17]"
21,"[11, 54]"
20,"[11, 54, 69]"
20,"[11, 54, 70]"
16,"[11, 54, 48]"
18,"[11, 54, 0]"
20,"[11, 54, 29]"
19,"[11, 54, 17]"
19,"[11, 20]"
18,"[11, 20, 69]"
18,"[11, 20, 70]"
16,"[11, 20, 48]"
16,"[11, 20, 0]"
16,"[11, 20, 29]"
17,"[11, 20, 17]"
16,"[11, 20, 54]"
22,"[11, 69]"
22,"[11, 69, 70]"
17,"[11, 69, 6]"
19,"[11, 69, 49]"
20,"[11, 69, 48]"
17,"[11, 69, 0]"
20,"[11, 69, 29]"
18,"[11, 69, 17]"
18,"[11, 69, 54]"
16,"[11, 69, 25]"
17,"[11, 69, 69]"
23,"[11, 56]"
18,"[11, 56, 57]"
23,"[11, 56, 70]"
16,"[11, 56, 37]"
16,"[11, 56, 55]"
19,"[11, 56, 49]"
21,"[11, 56, 48]"
21,"[11, 56, 0]"
18,"[11, 56, 6]"
22,"[11, 56, 29]"
21,"[11, 56, 17]"
21,"[11, 56, 54]"
16,"[11, 56, 27]"
21,"[11, 56, 35]"
20,"[11, 56, 58]"
18,"[11, 56, 20]"
20,"[11, 56, 25]"
21,"[11, 56, 69]"
19,"[11, 56, 33]"
17,"[11, 56, 34]"
18,"[11, 56, 28]"
16,"[11, 37]"
16,"[11, 37, 70]"
16,"[11, 37, 17]"
17,"[11, 55]"
19,"[11, 49]"
17,"[11, 49, 70]"
17,"[11, 49, 29]"
16,"[11, 49, 17]"
24,[57]
24,"[57, 70]"
23,"[57, 70, 70]"
19,"[57, 70, 0]"
16,"[57, 70, 27]"
22,"[57, 70, 17]"
22,"[57, 70, 29]"
16,"[57, 70, 6]"
20,"[57, 70, 34]"
20,"[57, 70, 33]"
21,"[57, 70, 28]"
24,"[57, 70, 25]"
23,"[57, 70, 48]"
20,"[57, 70, 54]"
18,"[57, 70, 20]"
22,"[57, 70, 69]"
17,"[57, 70, 37]"
17,"[57, 70, 55]"
19,"[57, 70, 49]"
20,"[57, 35]"
18,"[57, 35, 58]"
20,"[57, 35, 70]"
16,"[57, 35, 0]"
19,"[57, 35, 17]"
18,"[57, 35, 29]"
17,"[57, 35, 34]"
16,"[57, 35, 33]"
17,"[57, 35, 28]"
18,"[57, 35, 25]"
19,"[57, 35, 48]"
17,"[57, 35, 54]"
18,"[57, 35, 69]"
17,"[57, 35, 49]"
18,"[57, 58]"
18,"[57, 58, 70]"
16,"[57, 58, 0]"
17,"[57, 58, 17]"
17,"[57, 58, 29]"
16,"[57, 58, 34]"
16,"[57, 58, 28]"
17,"[57, 58, 25]"
17,"[57, 58, 48]"
17,"[57, 58, 54]"
17,"[57, 58, 69]"
19,"[57, 0]"
19,"[57, 0, 17]"
19,"[57, 0, 29]"
19,"[57, 0, 70]"
18,"[57, 0, 69]"
16,"[57, 27]"
16,"[57, 27, 70]"
23,"[57, 17]"
21,"[57, 17, 29]"
17,"[57, 17, 0]"
22,"[57, 17, 70]"
19,"[57, 17, 17]"
16,"[57, 17, 25]"
17,"[57, 17, 48]"
16,"[57, 17, 54]"
20,"[57, 17, 69]"
17,"[57, 17, 55]"
17,"[57, 17, 49]"
22,"[57, 29]"
17,"[57, 29, 0]"
21,"[57, 29, 70]"
19,"[57, 29, 17]"
18,"[57, 29, 29]"
17,"[57, 29, 48]"
19,"[57, 29, 69]"
16,"[57, 29, 55]"
16,"[57, 29, 49]"
16,"[57, 6]"
20,"[57, 34]"
19,"[57, 34, 33]"
18,"[57, 34, 28]"
17,"[57, 34, 17]"
18,"[57, 34, 29]"
19,"[57, 34, 25]"
18,"[57, 34, 48]"
17,"[57, 34, 54]"
18,"[57, 34, 69]"
19,"[57, 34, 70]"
16,"[57, 34, 49]"
20,"[57, 33]"
18,"[57, 33, 28]"
17,"[57, 33, 17]"
18,"[57, 33, 29]"
19,"[57, 33, 25]"
18,"[57, 33, 48]"
17,"[57, 33, 54]"
18,"[57, 33, 69]"
19,"[57, 33, 70]"
16,"[57, 33, 49]"
21,"[57, 28]"
17,"[57, 28, 17]"
19,"[57, 28, 29]"
16,"[57, 28, 0]"
20,"[57, 28, 25]"
20,"[57, 28, 48]"
18,"[57, 28, 54]"
19,"[57, 28, 69]"
20,"[57, 28, 70]"
16,"[57, 28, 28]"
16,"[57, 28, 49]"
24,"[57, 25]"
22,"[57, 25, 48]"
19,"[57, 25, 54]"
19,"[57, 25, 69]"
22,"[57, 25, 70]"
16,"[57, 25, 6]"
16,"[57, 25, 28]"
17,"[57, 25, 55]"
19,"[57, 25, 49]"
16,"[57, 25, 0]"
21,"[57, 25, 29]"
20,"[57, 25, 17]"
23,"[57, 48]"
17,"[57, 48, 54]"
18,"[57, 48, 69]"
19,"[57, 48, 70]"
17,"[57, 48, 49]"
17,"[57, 48, 48]"
19,"[57, 48, 29]"
18,"[57, 48, 17]"
20,"[57, 54]"
16,"[57, 54, 69]"
17,"[57, 54, 70]"
18,"[57, 54, 29]"
17,"[57, 54, 17]"
18,"[57, 20]"
16,"[57, 20, 70]"
16,"[57, 20, 17]"
17,"[57, 20, 54]"
22,"[57, 69]"
19,"[57, 69, 70]"
16,"[57, 69, 49]"
16,"[57, 69, 48]"
17,"[57, 69, 29]"
17,"[57, 37]"
16,"[57, 37, 70]"
17,"[57, 55]"
19,"[57, 49]"
16,"[57, 49, 70]"
16,"[57, 49, 55]"
17,"[57, 49, 29]"
46,[35]
40,"[35, 58]"
40,"[35, 58, 70]"
21,"[35, 58, 35]"
26,"[35, 58, 58]"
23,"[35, 58, 59]"
35,"[35, 58, 0]"
27,"[35, 58, 27]"
37,"[35, 58, 17]"
36,"[35, 58, 29]"
20,"[35, 58, 50]"
17,"[35, 58, 60]"
19,"[35, 58, 4]"
27,"[35, 58, 6]"
32,"[35, 58, 34]"
34,"[35, 58, 33]"
34,"[35, 58, 28]"
35,"[35, 58, 25]"
36,"[35, 58, 48]"
35,"[35, 58, 54]"
29,"[35, 58, 20]"
34,"[35, 58, 69]"
17,"[35, 58, 13]"
17,"[35, 58, 53]"
18,"[35, 58, 32]"
16,"[35, 58, 18]"
16,"[35, 58, 8]"
24,"[35, 58, 26]"
24,"[35, 58, 56]"
27,"[35, 58, 37]"
25,"[35, 58, 55]"
29,"[35, 58, 49]"
21,"[35, 58, 42]"
17,"[35, 58, 12]"
22,"[35, 58, 51]"
18,"[35, 58, 10]"
17,"[35, 58, 14]"
17,"[35, 58, 63]"
46,"[35, 70]"
18,"[35, 70, 35]"
18,"[35, 70, 58]"
38,"[35, 70, 0]"
31,"[35, 70, 27]"
41,"[35, 70, 17]"
41,"[35, 70, 29]"
45,"[35, 70, 70]"
21,"[35, 70, 50]"
20,"[35, 70, 60]"
21,"[35, 70, 4]"
17,"[35, 70, 3]"
30,"[35, 70, 6]"
36,"[35, 70, 34]"
38,"[35, 70, 33]"
36,"[35, 70, 28]"
39,"[35, 70, 25]"
40,"[35, 70, 48]"
41,"[35, 70, 54]"
32,"[35, 70, 20]"
39,"[35, 70, 69]"
19,"[35, 70, 13]"
19,"[35, 70, 53]"
19,"[35, 70, 32]"
17,"[35, 70, 18]"
17,"[35, 70, 8]"
27,"[35, 70, 26]"
18,"[35, 70, 56]"
31,"[35, 70, 37]"
31,"[35, 70, 55]"
32,"[35, 70, 49]"
20,"[35, 70, 12]"
23,"[35, 70, 42]"
21,"[35, 70, 51]"
18,"[35, 70, 63]"
23,"[35, 35]"
16,"[35, 35, 58]"
18,"[35, 35, 0]"
20,"[35, 35, 17]"
20,"[35, 35, 29]"
23,"[35, 35, 70]"
17,"[35, 35, 6]"
18,"[35, 35, 34]"
17,"[35, 35, 33]"
19,"[35, 35, 28]"
19,"[35, 35, 25]"
21,"[35, 35, 48]"
22,"[35, 35, 54]"
20,"[35, 35, 69]"
18,"[35, 35, 49]"
23,"[35, 59]"
20,"[35, 59, 0]"
21,"[35, 59, 17]"
21,"[35, 59, 29]"
23,"[35, 59, 70]"
17,"[35, 59, 6]"
18,"[35, 59, 34]"
20,"[35, 59, 33]"
20,"[35, 59, 28]"
21,"[35, 59, 25]"
21,"[35, 59, 48]"
22,"[35, 59, 54]"
18,"[35, 59, 20]"
19,"[35, 59, 69]"
16,"[35, 59, 49]"
38,"[35, 0]"
26,"[35, 0, 27]"
36,"[35, 0, 17]"
34,"[35, 0, 29]"
26,"[35, 0, 0]"
36,"[35, 0, 70]"
19,"[35, 0, 4]"
17,"[35, 0, 3]"
24,"[35, 0, 6]"
16,"[35, 0, 34]"
18,"[35, 0, 33]"
20,"[35, 0, 28]"
19,"[35, 0, 25]"
25,"[35, 0, 48]"
23,"[35, 0, 54]"
17,"[35, 0, 20]"
33,"[35, 0, 69]"
17,"[35, 0, 56]"
18,"[35, 0, 37]"
24,"[35, 0, 55]"
24,"[35, 0, 49]"
16,"[35, 0, 51]"
31,"[35, 27]"
27,"[35, 27, 17]"
25,"[35, 27, 29]"
25,"[35, 27, 0]"
27,"[35, 27, 70]"
21,"[35, 27, 6]"
17,"[35, 27, 28]"
17,"[35, 27, 25]"
19,"[35, 27, 48]"
20,"[35, 27, 54]"
23,"[35, 27, 69]"
17,"[35, 27, 55]"
18,"[35, 27, 49]"
42,"[35, 17]"
38,"[35, 17, 29]"
33,"[35, 17, 0]"
41,"[35, 17, 70]"
20,"[35, 17, 4]"
28,"[35, 17, 6]"
19,"[35, 17, 34]"
23,"[35, 17, 33]"
24,"[35, 17, 28]"
26,"[35, 17, 27]"
34,"[35, 17, 17]"
25,"[35, 17, 25]"
30,"[35, 17, 48]"
26,"[35, 17, 54]"
20,"[35, 17, 20]"
33,"[35, 17, 69]"
16,"[35, 17, 35]"
16,"[35, 17, 26]"
18,"[35, 17, 56]"
19,"[35, 17, 37]"
25,"[35, 17, 55]"
26,"[35, 17, 49]"
16,"[35, 17, 42]"
16,"[35, 17, 51]"
41,"[35, 29]"
31,"[35, 29, 0]"
39,"[35, 29, 70]"
20,"[35, 29, 4]"
27,"[35, 29, 6]"
16,"[35, 29, 34]"
22,"[35, 29, 33]"
21,"[35, 29, 28]"
26,"[35, 29, 27]"
35,"[35, 29, 17]"
31,"[35, 29, 29]"
22,"[35, 29, 25]"
28,"[35, 29, 48]"
22,"[35, 29, 54]"
19,"[35, 29, 20]"
31,"[35, 29, 69]"
16,"[35, 29, 32]"
16,"[35, 29, 26]"
17,"[35, 29, 56]"
20,"[35, 29, 37]"
25,"[35, 29, 55]"
23,"[35, 29, 49]"
16,"[35, 29, 51]"
21,"[35, 50]"
18,"[35, 50, 70]"
17,"[35, 50, 17]"
16,"[35, 50, 29]"
16,"[35, 50, 0]"
20,"[35, 60]"
18,"[35, 60, 70]"
17,"[35, 60, 17]"
22,"[35, 4]"
20,"[35, 4, 70]"
16,"[35, 4, 17]"
17,"[35, 4, 0]"
16,"[35, 4, 69]"
17,"[35, 3]"
17,"[35, 3, 70]"
16,"[35, 3, 69]"
31,"[35, 6]"
31,"[35, 6, 70]"
16,"[35, 6, 33]"
16,"[35, 6, 28]"
22,"[35, 6, 27]"
28,"[35, 6, 17]"
26,"[35, 6, 29]"
26,"[35, 6, 0]"
19,"[35, 6, 48]"
18,"[35, 6, 54]"
29,"[35, 6, 69]"
17,"[35, 6, 6]"
20,"[35, 6, 4]"
22,"[35, 6, 55]"
18,"[35, 6, 49]"
37,"[35, 34]"
33,"[35, 34, 33]"
34,"[35, 34, 28]"
25,"[35, 34, 27]"
34,"[35, 34, 17]"
35,"[35, 34, 29]"
30,"[35, 34, 0]"
36,"[35, 34, 25]"
35,"[35, 34, 48]"
30,"[35, 34, 54]"
25,"[35, 34, 20]"
32,"[35, 34, 69]"
37,"[35, 34, 70]"
24,"[35, 34, 6]"
17,"[35, 34, 4]"
18,"[35, 34, 26]"
23,"[35, 34, 37]"
24,"[35, 34, 55]"
27,"[35, 34, 49]"
17,"[35, 34, 12]"
21,"[35, 34, 42]"
17,"[35, 34, 51]"
38,"[35, 33]"
33,"[35, 33, 28]"
22,"[35, 33, 27]"
35,"[35, 33, 17]"
34,"[35, 33, 29]"
31,"[35, 33, 0]"
35,"[35, 33, 25]"
34,"[35, 33, 48]"
31,"[35, 33, 54]"
25,"[35, 33, 20]"
32,"[35, 33, 69]"
35,"[35, 33, 70]"
23,"[35, 33, 6]"
16,"[35, 33, 4]"
16,"[35, 33, 34]"
20,"[35, 33, 33]"
17,"[35, 33, 26]"
22,"[35, 33, 37]"
22,"[35, 33, 55]"
24,"[35, 33, 49]"
16,"[35, 33, 12]"
21,"[35, 33, 42]"
17,"[35, 33, 51]"
37,"[35, 28]"
21,"[35, 28, 27]"
32,"[35, 28, 17]"
33,"[35, 28, 29]"
30,"[35, 28, 0]"
35,"[35, 28, 25]"
36,"[35, 28, 48]"
32,"[35, 28, 54]"
21,"[35, 28, 20]"
32,"[35, 28, 69]"
36,"[35, 28, 70]"
25,"[35, 28, 6]"
17,"[35, 28, 4]"
16,"[35, 28, 34]"
20,"[35, 28, 33]"
26,"[35, 28, 28]"
16,"[35, 28, 26]"
22,"[35, 28, 37]"
21,"[35, 28, 55]"
25,"[35, 28, 49]"
16,"[35, 28, 12]"
19,"[35, 28, 42]"
40,"[35, 25]"
38,"[35, 25, 48]"
33,"[35, 25, 54]"
19,"[35, 25, 20]"
31,"[35, 25, 69]"
16,"[35, 25, 32]"
39,"[35, 25, 70]"
27,"[35, 25, 6]"
17,"[35, 25, 4]"
19,"[35, 25, 33]"
23,"[35, 25, 28]"
16,"[35, 25, 26]"
23,"[35, 25, 37]"
27,"[35, 25, 55]"
30,"[35, 25, 49]"
31,"[35, 25, 0]"
37,"[35, 25, 29]"
36,"[35, 25, 17]"
26,"[35, 25, 27]"
23,"[35, 25, 25]"
16,"[35, 25, 12]"
19,"[35, 25, 42]"
16,"[35, 25, 51]"
41,"[35, 48]"
31,"[35, 48, 54]"
20,"[35, 48, 20]"
32,"[35, 48, 69]"
38,"[35, 48, 70]"
25,"[35, 48, 6]"
18,"[35, 48, 4]"
18,"[35, 48, 33]"
20,"[35, 48, 28]"
17,"[35, 48, 26]"
21,"[35, 48, 37]"
26,"[35, 48, 55]"
29,"[35, 48, 49]"
29,"[35, 48, 48]"
31,"[35, 48, 0]"
35,"[35, 48, 29]"
34,"[35, 48, 17]"
23,"[35, 48, 27]"
21,"[35, 48, 25]"
17,"[35, 48, 12]"
18,"[35, 48, 42]"
19,"[35, 48, 51]"
41,"[35, 54]"
20,"[35, 54, 20]"
33,"[35, 54, 69]"
38,"[35, 54, 70]"
24,"[35, 54, 6]"
17,"[35, 54, 4]"
18,"[35, 54, 28]"
16,"[35, 54, 26]"
19,"[35, 54, 37]"
25,"[35, 54, 55]"
19,"[35, 54, 49]"
24,"[35, 54, 48]"
31,"[35, 54, 0]"
35,"[35, 54, 29]"
35,"[35, 54, 17]"
24,"[35, 54, 54]"
21,"[35, 54, 27]"
18,"[35, 54, 25]"
18,"[35, 54, 42]"
32,"[35, 20]"
25,"[35, 20, 69]"
29,"[35, 20, 70]"
17,"[35, 20, 6]"
16,"[35, 20, 33]"
24,"[35, 20, 28]"
17,"[35, 20, 26]"
16,"[35, 20, 50]"
22,"[35, 20, 37]"
18,"[35, 20, 55]"
21,"[35, 20, 49]"
26,"[35, 20, 48]"
25,"[35, 20, 0]"
24,"[35, 20, 29]"
28,"[35, 20, 17]"
25,"[35, 20, 54]"
19,"[35, 20, 27]"
26,"[35, 20, 25]"
17,"[35, 20, 20]"
40,"[35, 69]"
19,"[35, 69, 13]"
19,"[35, 69, 53]"
37,"[35, 69, 70]"
24,"[35, 69, 6]"
16,"[35, 69, 4]"
20,"[35, 69, 34]"
23,"[35, 69, 33]"
20,"[35, 69, 28]"
22,"[35, 69, 55]"
26,"[35, 69, 49]"
31,"[35, 69, 48]"
27,"[35, 69, 0]"
31,"[35, 69, 29]"
31,"[35, 69, 17]"
25,"[35, 69, 54]"
20,"[35, 69, 27]"
28,"[35, 69, 69]"
25,"[35, 69, 25]"
17,"[35, 69, 20]"
21,"[35, 69, 12]"
24,"[35, 69, 42]"
22,"[35, 69, 51]"
20,"[35, 13]"
17,"[35, 13, 53]"
16,"[35, 13, 70]"
16,"[35, 13, 69]"
20,"[35, 53]"
16,"[35, 53, 70]"
16,"[35, 53, 48]"
16,"[35, 53, 69]"
21,"[35, 32]"
19,"[35, 32, 70]"
18,"[35, 32, 0]"
18,"[35, 32, 29]"
21,"[35, 32, 17]"
17,"[35, 32, 27]"
18,"[35, 18]"
18,"[35, 18, 70]"
17,"[35, 18, 0]"
18,"[35, 18, 29]"
18,"[35, 18, 17]"
16,"[35, 18, 54]"
18,"[35, 8]"
17,"[35, 8, 70]"
16,"[35, 8, 17]"
27,"[35, 26]"
18,"[35, 26, 50]"
23,"[35, 26, 70]"
20,"[35, 26, 48]"
18,"[35, 26, 0]"
19,"[35, 26, 29]"
21,"[35, 26, 17]"
16,"[35, 26, 54]"
18,"[35, 26, 69]"
27,"[35, 56]"
27,"[35, 56, 70]"
16,"[35, 56, 49]"
19,"[35, 56, 48]"
20,"[35, 56, 0]"
16,"[35, 56, 6]"
24,"[35, 56, 29]"
24,"[35, 56, 17]"
21,"[35, 56, 54]"
18,"[35, 56, 25]"
19,"[35, 56, 69]"
18,"[35, 56, 33]"
31,"[35, 37]"
19,"[35, 37, 55]"
17,"[35, 37, 49]"
21,"[35, 37, 48]"
29,"[35, 37, 70]"
22,"[35, 37, 0]"
17,"[35, 37, 6]"
26,"[35, 37, 29]"
28,"[35, 37, 17]"
18,"[35, 37, 54]"
18,"[35, 37, 27]"
18,"[35, 37, 60]"
17,"[35, 37, 26]"
24,"[35, 37, 69]"
31,"[35, 55]"
26,"[35, 55, 70]"
17,"[35, 55, 0]"
20,"[35, 55, 29]"
22,"[35, 55, 17]"
16,"[35, 55, 27]"
25,"[35, 55, 69]"
16,"[35, 55, 20]"
33,"[35, 49]"
20,"[35, 49, 48]"
29,"[35, 49, 70]"
26,"[35, 49, 55]"
22,"[35, 49, 0]"
19,"[35, 49, 6]"
28,"[35, 49, 29]"
26,"[35, 49, 17]"
23,"[35, 49, 54]"
19,"[35, 49, 27]"
24,"[35, 49, 69]"
24,"[35, 42]"
19,"[35, 42, 69]"
20,"[35, 42, 70]"
17,"[35, 42, 48]"
16,"[35, 42, 54]"
17,"[35, 42, 17]"
16,"[35, 42, 29]"
21,"[35, 12]"
18,"[35, 12, 42]"
17,"[35, 12, 69]"
17,"[35, 12, 70]"
25,"[35, 51]"
19,"[35, 51, 70]"
17,"[35, 51, 48]"
16,"[35, 51, 69]"
17,"[35, 51, 17]"
20,"[35, 10]"
17,"[35, 10, 0]"
18,"[35, 10, 17]"
20,"[35, 10, 29]"
20,"[35, 10, 70]"
18,"[35, 14]"
16,"[35, 65]"
16,"[35, 65, 70]"
18,"[35, 63]"
16,"[35, 63, 54]"
17,"[35, 63, 70]"
16,"[35, 63, 17]"
43,[58]
43,"[58, 70]"
16,"[58, 70, 35]"
37,"[58, 70, 0]"
29,"[58, 70, 27]"
40,"[58, 70, 17]"
39,"[58, 70, 29]"
42,"[58, 70, 70]"
20,"[58, 70, 50]"
19,"[58, 70, 60]"
19,"[58, 70, 4]"
29,"[58, 70, 6]"
33,"[58, 70, 34]"
37,"[58, 70, 33]"
35,"[58, 70, 28]"
36,"[58, 70, 25]"
37,"[58, 70, 48]"
38,"[58, 70, 54]"
31,"[58, 70, 20]"
35,"[58, 70, 69]"
16,"[58, 70, 13]"
16,"[58, 70, 53]"
17,"[58, 70, 32]"
16,"[58, 70, 8]"
25,"[58, 70, 26]"
17,"[58, 70, 56]"
29,"[58, 70, 37]"
28,"[58, 70, 55]"
29,"[58, 70, 49]"
18,"[58, 70, 12]"
21,"[58, 70, 42]"
18,"[58, 70, 51]"
18,"[58, 70, 63]"
24,"[58, 35]"
18,"[58, 35, 0]"
16,"[58, 35, 27]"
22,"[58, 35, 17]"
20,"[58, 35, 29]"
24,"[58, 35, 70]"
18,"[58, 35, 6]"
18,"[58, 35, 34]"
17,"[58, 35, 33]"
18,"[58, 35, 28]"
18,"[58, 35, 25]"
21,"[58, 35, 48]"
22,"[58, 35, 54]"
16,"[58, 35, 20]"
19,"[58, 35, 69]"
16,"[58, 35, 37]"
17,"[58, 35, 55]"
17,"[58, 35, 49]"
27,"[58, 58]"
22,"[58, 58, 0]"
19,"[58, 58, 27]"
25,"[58, 58, 17]"
24,"[58, 58, 29]"
27,"[58, 58, 70]"
21,"[58, 58, 6]"
22,"[58, 58, 34]"
20,"[58, 58, 33]"
23,"[58, 58, 28]"
24,"[58, 58, 25]"
24,"[58, 58, 48]"
25,"[58, 58, 54]"
19,"[58, 58, 20]"
21,"[58, 58, 69]"
16,"[58, 58, 37]"
17,"[58, 58, 55]"
18,"[58, 58, 49]"
23,"[58, 59]"
20,"[58, 59, 0]"
21,"[58, 59, 17]"
21,"[58, 59, 29]"
23,"[58, 59, 70]"
17,"[58, 59, 6]"
18,"[58, 59, 34]"
20,"[58, 59, 33]"
20,"[58, 59, 28]"
21,"[58, 59, 25]"
21,"[58, 59, 48]"
22,"[58, 59, 54]"
18,"[58, 59, 20]"
19,"[58, 59, 69]"
16,"[58, 59, 49]"
37,"[58, 0]"
25,"[58, 0, 27]"
35,"[58, 0, 17]"
33,"[58, 0, 29]"
23,"[58, 0, 0]"
35,"[58, 0, 70]"
17,"[58, 0, 4]"
22,"[58, 0, 6]"
17,"[58, 0, 33]"
19,"[58, 0, 28]"
18,"[58, 0, 25]"
24,"[58, 0, 48]"
21,"[58, 0, 54]"
16,"[58, 0, 20]"
31,"[58, 0, 69]"
16,"[58, 0, 37]"
23,"[58, 0, 55]"
23,"[58, 0, 49]"
30,"[58, 27]"
26,"[58, 27, 17]"
24,"[58, 27, 29]"
23,"[58, 27, 0]"
26,"[58, 27, 70]"
19,"[58, 27, 6]"
16,"[58, 27, 28]"
17,"[58, 27, 48]"
19,"[58, 27, 54]"
21,"[58, 27, 69]"
17,"[58, 27, 55]"
16,"[58, 27, 49]"
40,"[58, 17]"
37,"[58, 17, 29]"
32,"[58, 17, 0]"
40,"[58, 17, 70]"
18,"[58, 17, 4]"
26,"[58, 17, 6]"
17,"[58, 17, 34]"
22,"[58, 17, 33]"
23,"[58, 17, 28]"
25,"[58, 17, 27]"
34,"[58, 17, 17]"
23,"[58, 17, 25]"
28,"[58, 17, 48]"
27,"[58, 17, 54]"
20,"[58, 17, 20]"
31,"[58, 17, 69]"
17,"[58, 17, 35]"
17,"[58, 17, 56]"
17,"[58, 17, 37]"
25,"[58, 17, 55]"
25,"[58, 17, 49]"
39,"[58, 29]"
29,"[58, 29, 0]"
37,"[58, 29, 70]"
18,"[58, 29, 4]"
25,"[58, 29, 6]"
20,"[58, 29, 33]"
20,"[58, 29, 28]"
24,"[58, 29, 27]"
33,"[58, 29, 17]"
30,"[58, 29, 29]"
20,"[58, 29, 25]"
26,"[58, 29, 48]"
22,"[58, 29, 54]"
18,"[58, 29, 20]"
29,"[58, 29, 69]"
16,"[58, 29, 56]"
18,"[58, 29, 37]"
23,"[58, 29, 55]"
21,"[58, 29, 49]"
21,"[58, 50]"
19,"[58, 50, 70]"
18,"[58, 50, 17]"
17,"[58, 50, 29]"
16,"[58, 50, 0]"
19,"[58, 60]"
18,"[58, 60, 70]"
17,"[58, 60, 17]"
20,"[58, 4]"
18,"[58, 4, 70]"
29,"[58, 6]"
29,"[58, 6, 70]"
20,"[58, 6, 27]"
26,"[58, 6, 17]"
24,"[58, 6, 29]"
22,"[58, 6, 0]"
16,"[58, 6, 48]"
26,"[58, 6, 69]"
17,"[58, 6, 4]"
21,"[58, 6, 55]"
34,"[58, 34]"
30,"[58, 34, 33]"
31,"[58, 34, 28]"
24,"[58, 34, 27]"
32,"[58, 34, 17]"
32,"[58, 34, 29]"
28,"[58, 34, 0]"
33,"[58, 34, 25]"
32,"[58, 34, 48]"
28,"[58, 34, 54]"
24,"[58, 34, 20]"
29,"[58, 34, 69]"
34,"[58, 34, 70]"
23,"[58, 34, 6]"
16,"[58, 34, 26]"
20,"[58, 34, 37]"
21,"[58, 34, 55]"
24,"[58, 34, 49]"
18,"[58, 34, 42]"
37,"[58, 33]"
32,"[58, 33, 28]"
22,"[58, 33, 27]"
35,"[58, 33, 17]"
33,"[58, 33, 29]"
30,"[58, 33, 0]"
33,"[58, 33, 25]"
32,"[58, 33, 48]"
30,"[58, 33, 54]"
25,"[58, 33, 20]"
30,"[58, 33, 69]"
33,"[58, 33, 70]"
23,"[58, 33, 6]"
17,"[58, 33, 33]"
20,"[58, 33, 37]"
21,"[58, 33, 55]"
22,"[58, 33, 49]"
19,"[58, 33, 42]"
36,"[58, 28]"
21,"[58, 28, 27]"
32,"[58, 28, 17]"
32,"[58, 28, 29]"
29,"[58, 28, 0]"
33,"[58, 28, 25]"
34,"[58, 28, 48]"
31,"[58, 28, 54]"
19,"[58, 28, 20]"
29,"[58, 28, 69]"
34,"[58, 28, 70]"
25,"[58, 28, 6]"
16,"[58, 28, 4]"
17,"[58, 28, 33]"
23,"[58, 28, 28]"
20,"[58, 28, 37]"
19,"[58, 28, 55]"
23,"[58, 28, 49]"
16,"[58, 28, 42]"
37,"[58, 25]"
36,"[58, 25, 48]"
31,"[58, 25, 54]"
18,"[58, 25, 20]"
28,"[58, 25, 69]"
16,"[58, 25, 32]"
37,"[58, 25, 70]"
26,"[58, 25, 6]"
16,"[58, 25, 33]"
20,"[58, 25, 28]"
21,"[58, 25, 37]"
24,"[58, 25, 55]"
27,"[58, 25, 49]"
30,"[58, 25, 0]"
35,"[58, 25, 29]"
35,"[58, 25, 17]"
26,"[58, 25, 27]"
21,"[58, 25, 25]"
16,"[58, 25, 42]"
38,"[58, 48]"
29,"[58, 48, 54]"
18,"[58, 48, 20]"
29,"[58, 48, 69]"
36,"[58, 48, 70]"
25,"[58, 48, 6]"
17,"[58, 48, 4]"
16,"[58, 48, 33]"
18,"[58, 48, 28]"
18,"[58, 48, 37]"
24,"[58, 48, 55]"
27,"[58, 48, 49]"
26,"[58, 48, 48]"
30,"[58, 48, 0]"
34,"[58, 48, 29]"
34,"[58, 48, 17]"
23,"[58, 48, 27]"
18,"[58, 48, 25]"
16,"[58, 48, 42]"
16,"[58, 48, 51]"
38,"[58, 54]"
20,"[58, 54, 20]"
31,"[58, 54, 69]"
36,"[58, 54, 70]"
23,"[58, 54, 6]"
16,"[58, 54, 4]"
17,"[58, 54, 28]"
18,"[58, 54, 37]"
23,"[58, 54, 55]"
17,"[58, 54, 49]"
22,"[58, 54, 48]"
30,"[58, 54, 0]"
34,"[58, 54, 29]"
34,"[58, 54, 17]"
23,"[58, 54, 54]"
21,"[58, 54, 27]"
18,"[58, 54, 25]"
17,"[58, 54, 42]"
31,"[58, 20]"
24,"[58, 20, 69]"
29,"[58, 20, 70]"
17,"[58, 20, 6]"
24,"[58, 20, 28]"
16,"[58, 20, 26]"
21,"[58, 20, 37]"
17,"[58, 20, 55]"
20,"[58, 20, 49]"
26,"[58, 20, 48]"
25,"[58, 20, 0]"
24,"[58, 20, 29]"
28,"[58, 20, 17]"
24,"[58, 20, 54]"
19,"[58, 20, 27]"
25,"[58, 20, 25]"
37,"[58, 69]"
17,"[58, 69, 13]"
17,"[58, 69, 53]"
34,"[58, 69, 70]"
23,"[58, 69, 6]"
18,"[58, 69, 34]"
22,"[58, 69, 33]"
19,"[58, 69, 28]"
20,"[58, 69, 55]"
23,"[58, 69, 49]"
28,"[58, 69, 48]"
26,"[58, 69, 0]"
29,"[58, 69, 29]"
30,"[58, 69, 17]"
24,"[58, 69, 54]"
20,"[58, 69, 27]"
26,"[58, 69, 69]"
22,"[58, 69, 25]"
16,"[58, 69, 20]"
19,"[58, 69, 12]"
23,"[58, 69, 42]"
19,"[58, 69, 51]"
18,"[58, 13]"
18,"[58, 53]"
19,"[58, 32]"
17,"[58, 32, 70]"
16,"[58, 32, 29]"
19,"[58, 32, 17]"
16,"[58, 32, 27]"
17,"[58, 18]"
17,"[58, 18, 70]"
17,"[58, 18, 29]"
17,"[58, 18, 17]"
17,"[58, 8]"
16,"[58, 8, 70]"
26,"[58, 26]"
18,"[58, 26, 50]"
23,"[58, 26, 70]"
19,"[58, 26, 48]"
18,"[58, 26, 0]"
19,"[58, 26, 29]"
22,"[58, 26, 17]"
16,"[58, 26, 54]"
18,"[58, 26, 69]"
26,"[58, 56]"
26,"[58, 56, 70]"
18,"[58, 56, 48]"
20,"[58, 56, 0]"
17,"[58, 56, 6]"
23,"[58, 56, 29]"
24,"[58, 56, 17]"
20,"[58, 56, 54]"
17,"[58, 56, 25]"
18,"[58, 56, 69]"
18,"[58, 56, 33]"
29,"[58, 37]"
17,"[58, 37, 55]"
20,"[58, 37, 48]"
28,"[58, 37, 70]"
22,"[58, 37, 0]"
17,"[58, 37, 6]"
25,"[58, 37, 29]"
28,"[58, 37, 17]"
18,"[58, 37, 54]"
19,"[58, 37, 27]"
17,"[58, 37, 60]"
16,"[58, 37, 26]"
23,"[58, 37, 69]"
28,"[58, 55]"
25,"[58, 55, 70]"
17,"[58, 55, 0]"
20,"[58, 55, 29]"
22,"[58, 55, 17]"
17,"[58, 55, 27]"
24,"[58, 55, 69]"
16,"[58, 55, 20]"
30,"[58, 49]"
18,"[58, 49, 48]"
27,"[58, 49, 70]"
24,"[58, 49, 55]"
22,"[58, 49, 0]"
19,"[58, 49, 6]"
27,"[58, 49, 29]"
26,"[58, 49, 17]"
22,"[58, 49, 54]"
19,"[58, 49, 27]"
22,"[58, 49, 69]"
23,"[58, 42]"
18,"[58, 42, 69]"
20,"[58, 42, 70]"
17,"[58, 42, 48]"
17,"[58, 42, 17]"
19,"[58, 12]"
17,"[58, 12, 42]"
16,"[58, 12, 69]"
17,"[58, 12, 70]"
22,"[58, 51]"
18,"[58, 51, 70]"
16,"[58, 51, 48]"
16,"[58, 51, 17]"
19,"[58, 10]"
16,"[58, 10, 0]"
18,"[58, 10, 17]"
19,"[58, 10, 29]"
19,"[58, 10, 70]"
17,"[58, 14]"
16,"[58, 65]"
16,"[58, 65, 70]"
18,"[58, 63]"
16,"[58, 63, 54]"
17,"[58, 63, 70]"
16,"[58, 63, 17]"
23,[59]
20,"[59, 0]"
18,"[59, 0, 17]"
19,"[59, 0, 29]"
19,"[59, 0, 70]"
17,"[59, 0, 69]"
21,"[59, 17]"
20,"[59, 17, 29]"
17,"[59, 17, 0]"
21,"[59, 17, 70]"
18,"[59, 17, 17]"
16,"[59, 17, 69]"
21,"[59, 29]"
17,"[59, 29, 0]"
19,"[59, 29, 70]"
17,"[59, 29, 17]"
16,"[59, 29, 29]"
16,"[59, 29, 69]"
23,"[59, 70]"
16,"[59, 70, 6]"
22,"[59, 70, 70]"
18,"[59, 70, 34]"
20,"[59, 70, 33]"
20,"[59, 70, 28]"
21,"[59, 70, 17]"
21,"[59, 70, 29]"
20,"[59, 70, 0]"
21,"[59, 70, 25]"
21,"[59, 70, 48]"
22,"[59, 70, 54]"
18,"[59, 70, 20]"
18,"[59, 70, 69]"
16,"[59, 70, 49]"
17,"[59, 6]"
17,"[59, 6, 70]"
18,"[59, 34]"
17,"[59, 34, 33]"
18,"[59, 34, 28]"
17,"[59, 34, 17]"
17,"[59, 34, 29]"
18,"[59, 34, 25]"
17,"[59, 34, 48]"
16,"[59, 34, 54]"
18,"[59, 34, 70]"
20,"[59, 33]"
18,"[59, 33, 28]"
19,"[59, 33, 17]"
19,"[59, 33, 29]"
17,"[59, 33, 0]"
19,"[59, 33, 25]"
18,"[59, 33, 48]"
18,"[59, 33, 54]"
16,"[59, 33, 69]"
19,"[59, 33, 70]"
20,"[59, 28]"
18,"[59, 28, 17]"
19,"[59, 28, 29]"
17,"[59, 28, 0]"
19,"[59, 28, 25]"
19,"[59, 28, 48]"
19,"[59, 28, 54]"
17,"[59, 28, 69]"
20,"[59, 28, 70]"
17,"[59, 28, 28]"
21,"[59, 25]"
20,"[59, 25, 48]"
17,"[59, 25, 54]"
20,"[59, 25, 70]"
19,"[59, 25, 29]"
18,"[59, 25, 17]"
21,"[59, 48]"
19,"[59, 48, 70]"
18,"[59, 48, 29]"
17,"[59, 48, 17]"
22,"[59, 54]"
19,"[59, 54, 69]"
20,"[59, 54, 70]"
18,"[59, 54, 0]"
20,"[59, 54, 29]"
19,"[59, 54, 17]"
18,"[59, 20]"
17,"[59, 20, 70]"
16,"[59, 20, 17]"
19,"[59, 69]"
16,"[59, 69, 70]"
16,"[59, 49]"
24,[1]
21,"[1, 70]"
20,"[1, 70, 70]"
16,"[1, 70, 34]"
16,"[1, 70, 33]"
16,"[1, 70, 28]"
16,"[1, 70, 17]"
17,"[1, 70, 29]"
18,"[1, 70, 25]"
19,"[1, 70, 48]"
19,"[1, 70, 54]"
19,"[1, 70, 69]"
17,"[1, 70, 55]"
16,"[1, 4]"
16,"[1, 4, 70]"
16,"[1, 4, 69]"
18,"[1, 6]"
18,"[1, 6, 70]"
17,"[1, 6, 17]"
16,"[1, 6, 29]"
16,"[1, 6, 48]"
16,"[1, 6, 54]"
17,"[1, 6, 69]"
16,"[1, 34]"
16,"[1, 33]"
16,"[1, 28]"
16,"[1, 28, 48]"
20,"[1, 17]"
19,"[1, 17, 29]"
17,"[1, 17, 69]"
19,"[1, 17, 70]"
17,"[1, 17, 17]"
22,"[1, 29]"
17,"[1, 29, 48]"
17,"[1, 29, 54]"
18,"[1, 29, 69]"
20,"[1, 29, 70]"
17,"[1, 29, 6]"
16,"[1, 29, 55]"
18,"[1, 29, 29]"
20,"[1, 29, 17]"
16,"[1, 0]"
18,"[1, 25]"
18,"[1, 25, 48]"
16,"[1, 25, 70]"
19,"[1, 48]"
18,"[1, 48, 70]"
17,"[1, 48, 29]"
16,"[1, 48, 17]"
19,"[1, 54]"
16,"[1, 54, 69]"
18,"[1, 54, 70]"
16,"[1, 54, 29]"
16,"[1, 54, 17]"
20,"[1, 69]"
19,"[1, 69, 70]"
16,"[1, 69, 48]"
18,"[1, 35]"
18,"[1, 35, 70]"
16,"[1, 35, 48]"
16,"[1, 35, 29]"
16,"[1, 35, 17]"
17,"[1, 35, 54]"
16,"[1, 35, 69]"
17,"[1, 58]"
17,"[1, 58, 70]"
17,"[1, 58, 54]"
17,"[1, 55]"
16,"[1, 55, 69]"
31,[60]
19,"[60, 4]"
19,"[60, 4, 70]"
19,"[60, 4, 69]"
22,"[60, 6]"
22,"[60, 6, 70]"
17,"[60, 6, 17]"
17,"[60, 6, 29]"
17,"[60, 6, 0]"
17,"[60, 6, 48]"
22,"[60, 6, 69]"
19,"[60, 6, 4]"
19,"[60, 6, 55]"
30,"[60, 70]"
17,"[60, 70, 33]"
18,"[60, 70, 28]"
26,"[60, 70, 17]"
22,"[60, 70, 29]"
23,"[60, 70, 0]"
18,"[60, 70, 25]"
22,"[60, 70, 48]"
20,"[60, 70, 54]"
16,"[60, 70, 20]"
25,"[60, 70, 69]"
27,"[60, 70, 70]"
18,"[60, 70, 6]"
23,"[60, 70, 55]"
20,"[60, 70, 49]"
18,"[60, 33]"
18,"[60, 28]"
16,"[60, 28, 70]"
22,"[60, 27]"
21,"[60, 27, 17]"
17,"[60, 27, 29]"
19,"[60, 27, 0]"
19,"[60, 27, 69]"
19,"[60, 27, 70]"
18,"[60, 27, 6]"
16,"[60, 27, 55]"
29,"[60, 17]"
23,"[60, 17, 29]"
21,"[60, 17, 0]"
24,"[60, 17, 69]"
25,"[60, 17, 70]"
20,"[60, 17, 6]"
17,"[60, 17, 4]"
16,"[60, 17, 33]"
19,"[60, 17, 55]"
20,"[60, 17, 17]"
25,"[60, 29]"
19,"[60, 29, 0]"
16,"[60, 29, 48]"
22,"[60, 29, 69]"
25,"[60, 29, 70]"
18,"[60, 29, 6]"
18,"[60, 29, 55]"
19,"[60, 29, 29]"
20,"[60, 29, 17]"
25,"[60, 0]"
16,"[60, 0, 48]"
24,"[60, 0, 69]"
23,"[60, 0, 70]"
19,"[60, 0, 6]"
17,"[60, 0, 4]"
18,"[60, 0, 55]"
17,"[60, 0, 0]"
21,"[60, 0, 29]"
20,"[60, 0, 17]"
19,"[60, 25]"
16,"[60, 25, 48]"
17,"[60, 25, 70]"
16,"[60, 25, 49]"
23,"[60, 48]"
16,"[60, 48, 54]"
18,"[60, 48, 69]"
20,"[60, 48, 70]"
17,"[60, 48, 55]"
17,"[60, 48, 49]"
16,"[60, 48, 29]"
18,"[60, 48, 17]"
21,"[60, 54]"
17,"[60, 54, 69]"
19,"[60, 54, 70]"
16,"[60, 54, 55]"
17,"[60, 54, 17]"
16,"[60, 20]"
26,"[60, 69]"
21,"[60, 69, 70]"
16,"[60, 69, 6]"
16,"[60, 69, 48]"
17,"[60, 69, 0]"
16,"[60, 69, 29]"
19,"[60, 69, 17]"
17,"[60, 69, 27]"
19,"[60, 69, 69]"
18,"[60, 32]"
17,"[60, 32, 18]"
16,"[60, 32, 8]"
16,"[60, 32, 70]"
16,"[60, 32, 29]"
17,"[60, 32, 17]"
16,"[60, 32, 27]"
18,"[60, 18]"
17,"[60, 18, 8]"
17,"[60, 18, 70]"
17,"[60, 18, 29]"
17,"[60, 18, 17]"
16,"[60, 18, 27]"
19,"[60, 8]"
17,"[60, 8, 70]"
16,"[60, 8, 0]"
17,"[60, 8, 29]"
17,"[60, 8, 17]"
16,"[60, 8, 27]"
16,"[60, 8, 69]"
21,"[60, 26]"
18,"[60, 26, 50]"
20,"[60, 26, 70]"
16,"[60, 26, 55]"
19,"[60, 26, 48]"
17,"[60, 26, 0]"
16,"[60, 26, 6]"
18,"[60, 26, 29]"
20,"[60, 26, 17]"
16,"[60, 26, 69]"
22,"[60, 50]"
21,"[60, 50, 70]"
16,"[60, 50, 55]"
17,"[60, 50, 49]"
19,"[60, 50, 48]"
18,"[60, 50, 0]"
17,"[60, 50, 6]"
19,"[60, 50, 29]"
21,"[60, 50, 17]"
16,"[60, 50, 54]"
17,"[60, 50, 69]"
16,"[60, 56]"
16,"[60, 56, 70]"
23,"[60, 55]"
19,"[60, 55, 70]"
20,"[60, 55, 69]"
20,"[60, 49]"
18,"[60, 49, 70]"
17,"[60, 49, 55]"
16,"[60, 49, 69]"
16,"[60, 60]"
38,[4]
28,"[4, 6]"
28,"[4, 6, 70]"
16,"[4, 6, 34]"
20,"[4, 6, 33]"
18,"[4, 6, 28]"
18,"[4, 6, 27]"
24,"[4, 6, 17]"
25,"[4, 6, 29]"
23,"[4, 6, 0]"
19,"[4, 6, 25]"
21,"[4, 6, 48]"
19,"[4, 6, 54]"
16,"[4, 6, 20]"
26,"[4, 6, 69]"
17,"[4, 6, 35]"
19,"[4, 6, 4]"
16,"[4, 6, 58]"
18,"[4, 6, 56]"
17,"[4, 6, 37]"
21,"[4, 6, 55]"
18,"[4, 6, 49]"
37,"[4, 70]"
25,"[4, 70, 34]"
28,"[4, 70, 33]"
27,"[4, 70, 28]"
22,"[4, 70, 27]"
30,"[4, 70, 17]"
31,"[4, 70, 29]"
32,"[4, 70, 0]"
29,"[4, 70, 25]"
31,"[4, 70, 48]"
29,"[4, 70, 54]"
23,"[4, 70, 20]"
34,"[4, 70, 69]"
16,"[4, 70, 13]"
17,"[4, 70, 53]"
18,"[4, 70, 35]"
16,"[4, 70, 32]"
17,"[4, 70, 8]"
33,"[4, 70, 70]"
24,"[4, 70, 6]"
19,"[4, 70, 4]"
18,"[4, 70, 26]"
21,"[4, 70, 37]"
27,"[4, 70, 55]"
27,"[4, 70, 49]"
16,"[4, 70, 42]"
16,"[4, 70, 51]"
27,"[4, 34]"
23,"[4, 34, 33]"
24,"[4, 34, 28]"
17,"[4, 34, 27]"
22,"[4, 34, 17]"
24,"[4, 34, 29]"
20,"[4, 34, 0]"
25,"[4, 34, 25]"
25,"[4, 34, 48]"
21,"[4, 34, 54]"
17,"[4, 34, 20]"
23,"[4, 34, 69]"
25,"[4, 34, 70]"
18,"[4, 34, 6]"
17,"[4, 34, 55]"
22,"[4, 34, 49]"
29,"[4, 33]"
27,"[4, 33, 28]"
17,"[4, 33, 27]"
24,"[4, 33, 17]"
26,"[4, 33, 29]"
22,"[4, 33, 0]"
27,"[4, 33, 25]"
27,"[4, 33, 48]"
24,"[4, 33, 54]"
17,"[4, 33, 20]"
24,"[4, 33, 69]"
26,"[4, 33, 70]"
18,"[4, 33, 6]"
16,"[4, 33, 37]"
19,"[4, 33, 55]"
22,"[4, 33, 49]"
29,"[4, 28]"
17,"[4, 28, 27]"
24,"[4, 28, 17]"
26,"[4, 28, 29]"
22,"[4, 28, 0]"
27,"[4, 28, 25]"
27,"[4, 28, 48]"
25,"[4, 28, 54]"
16,"[4, 28, 20]"
23,"[4, 28, 69]"
27,"[4, 28, 70]"
19,"[4, 28, 6]"
16,"[4, 28, 33]"
16,"[4, 28, 28]"
17,"[4, 28, 37]"
17,"[4, 28, 55]"
22,"[4, 28, 49]"
22,"[4, 27]"
19,"[4, 27, 17]"
17,"[4, 27, 29]"
16,"[4, 27, 0]"
16,"[4, 27, 69]"
18,"[4, 27, 70]"
30,"[4, 17]"
25,"[4, 17, 29]"
26,"[4, 17, 0]"
17,"[4, 17, 48]"
17,"[4, 17, 54]"
25,"[4, 17, 69]"
28,"[4, 17, 70]"
19,"[4, 17, 6]"
18,"[4, 17, 55]"
16,"[4, 17, 49]"
26,"[4, 17, 17]"
18,"[4, 17, 27]"
32,"[4, 29]"
25,"[4, 29, 0]"
18,"[4, 29, 25]"
22,"[4, 29, 48]"
19,"[4, 29, 54]"
26,"[4, 29, 69]"
30,"[4, 29, 70]"
24,"[4, 29, 6]"
17,"[4, 29, 4]"
19,"[4, 29, 33]"
17,"[4, 29, 28]"
16,"[4, 29, 37]"
20,"[4, 29, 55]"
17,"[4, 29, 49]"
26,"[4, 29, 29]"
26,"[4, 29, 17]"
17,"[4, 29, 27]"
32,"[4, 0]"
19,"[4, 0, 48]"
16,"[4, 0, 54]"
26,"[4, 0, 69]"
27,"[4, 0, 70]"
19,"[4, 0, 6]"
17,"[4, 0, 55]"
17,"[4, 0, 49]"
18,"[4, 0, 0]"
26,"[4, 0, 29]"
28,"[4, 0, 17]"
19,"[4, 0, 27]"
31,"[4, 25]"
29,"[4, 25, 48]"
24,"[4, 25, 54]"
23,"[4, 25, 69]"
29,"[4, 25, 70]"
18,"[4, 25, 6]"
17,"[4, 25, 37]"
20,"[4, 25, 55]"
25,"[4, 25, 49]"
22,"[4, 25, 0]"
27,"[4, 25, 29]"
24,"[4, 25, 17]"
18,"[4, 25, 27]"
33,"[4, 48]"
25,"[4, 48, 54]"
26,"[4, 48, 69]"
31,"[4, 48, 70]"
18,"[4, 48, 6]"
16,"[4, 48, 37]"
21,"[4, 48, 55]"
26,"[4, 48, 49]"
21,"[4, 48, 48]"
23,"[4, 48, 0]"
28,"[4, 48, 29]"
25,"[4, 48, 17]"
17,"[4, 48, 27]"
17,"[4, 48, 25]"
29,"[4, 54]"
17,"[4, 54, 20]"
24,"[4, 54, 69]"
26,"[4, 54, 70]"
16,"[4, 54, 6]"
16,"[4, 54, 28]"
20,"[4, 54, 55]"
16,"[4, 54, 49]"
20,"[4, 54, 48]"
22,"[4, 54, 0]"
25,"[4, 54, 29]"
24,"[4, 54, 17]"
20,"[4, 54, 54]"
17,"[4, 54, 27]"
24,"[4, 20]"
20,"[4, 20, 69]"
21,"[4, 20, 70]"
16,"[4, 20, 28]"
18,"[4, 20, 49]"
19,"[4, 20, 48]"
18,"[4, 20, 0]"
16,"[4, 20, 29]"
18,"[4, 20, 17]"
18,"[4, 20, 54]"
18,"[4, 20, 25]"
34,"[4, 69]"
16,"[4, 69, 13]"
17,"[4, 69, 53]"
31,"[4, 69, 70]"
19,"[4, 69, 6]"
18,"[4, 69, 33]"
16,"[4, 69, 28]"
20,"[4, 69, 55]"
21,"[4, 69, 49]"
24,"[4, 69, 48]"
22,"[4, 69, 0]"
25,"[4, 69, 29]"
23,"[4, 69, 17]"
20,"[4, 69, 54]"
17,"[4, 69, 27]"
25,"[4, 69, 69]"
19,"[4, 69, 25]"
17,"[4, 69, 12]"
19,"[4, 69, 42]"
17,"[4, 69, 51]"
17,"[4, 13]"
18,"[4, 53]"
27,"[4, 35]"
27,"[4, 35, 70]"
19,"[4, 35, 6]"
23,"[4, 35, 58]"
19,"[4, 35, 34]"
22,"[4, 35, 33]"
20,"[4, 35, 28]"
17,"[4, 35, 26]"
17,"[4, 35, 56]"
20,"[4, 35, 37]"
19,"[4, 35, 55]"
21,"[4, 35, 49]"
24,"[4, 35, 48]"
24,"[4, 35, 0]"
25,"[4, 35, 29]"
25,"[4, 35, 17]"
23,"[4, 35, 54]"
16,"[4, 35, 27]"
25,"[4, 35, 69]"
21,"[4, 35, 25]"
17,"[4, 35, 20]"
16,"[4, 35, 59]"
17,"[4, 32]"
16,"[4, 32, 17]"
16,"[4, 18]"
16,"[4, 18, 29]"
17,"[4, 8]"
25,"[4, 4]"
16,"[4, 4, 33]"
16,"[4, 4, 28]"
22,"[4, 4, 70]"
18,"[4, 4, 48]"
19,"[4, 4, 0]"
18,"[4, 4, 29]"
18,"[4, 4, 17]"
16,"[4, 4, 54]"
20,"[4, 4, 69]"
17,"[4, 5]"
17,"[4, 5, 70]"
16,"[4, 5, 29]"
26,"[4, 58]"
19,"[4, 58, 34]"
22,"[4, 58, 33]"
20,"[4, 58, 28]"
16,"[4, 58, 26]"
26,"[4, 58, 70]"
18,"[4, 58, 37]"
18,"[4, 58, 55]"
20,"[4, 58, 49]"
23,"[4, 58, 48]"
24,"[4, 58, 0]"
19,"[4, 58, 6]"
24,"[4, 58, 29]"
24,"[4, 58, 17]"
23,"[4, 58, 54]"
17,"[4, 58, 27]"
23,"[4, 58, 69]"
20,"[4, 58, 25]"
17,"[4, 58, 20]"
16,"[4, 58, 59]"
18,"[4, 26]"
16,"[4, 26, 70]"
25,"[4, 56]"
25,"[4, 56, 70]"
16,"[4, 56, 37]"
17,"[4, 56, 55]"
20,"[4, 56, 49]"
22,"[4, 56, 48]"
22,"[4, 56, 0]"
17,"[4, 56, 6]"
23,"[4, 56, 29]"
22,"[4, 56, 17]"
22,"[4, 56, 54]"
19,"[4, 56, 35]"
17,"[4, 56, 58]"
21,"[4, 56, 69]"
16,"[4, 56, 34]"
18,"[4, 56, 33]"
18,"[4, 56, 28]"
21,"[4, 56, 25]"
21,"[4, 37]"
19,"[4, 37, 70]"
16,"[4, 37, 29]"
17,"[4, 37, 17]"
17,"[4, 37, 69]"
27,"[4, 55]"
22,"[4, 55, 70]"
16,"[4, 55, 0]"
18,"[4, 55, 29]"
18,"[4, 55, 17]"
23,"[4, 55, 69]"
28,"[4, 49]"
23,"[4, 49, 70]"
20,"[4, 49, 55]"
17,"[4, 49, 0]"
23,"[4, 49, 29]"
20,"[4, 49, 17]"
18,"[4, 49, 54]"
19,"[4, 49, 69]"
24,"[4, 10]"
21,"[4, 10, 56]"
20,"[4, 10, 35]"
17,"[4, 10, 58]"
22,"[4, 10, 69]"
24,"[4, 10, 70]"
17,"[4, 10, 34]"
19,"[4, 10, 33]"
18,"[4, 10, 28]"
21,"[4, 10, 25]"
22,"[4, 10, 48]"
21,"[4, 10, 54]"
22,"[4, 10, 0]"
17,"[4, 10, 20]"
17,"[4, 10, 37]"
22,"[4, 10, 17]"
21,"[4, 10, 49]"
22,"[4, 10, 29]"
17,"[4, 10, 6]"
18,"[4, 10, 55]"
19,"[4, 42]"
16,"[4, 42, 69]"
17,"[4, 12]"
17,"[4, 51]"
16,"[4, 59]"
16,"[4, 59, 70]"
40,[3]
38,"[3, 6]"
29,"[3, 6, 7]"
38,"[3, 6, 70]"
28,"[3, 6, 34]"
30,"[3, 6, 33]"
30,"[3, 6, 28]"
26,"[3, 6, 27]"
35,"[3, 6, 17]"
34,"[3, 6, 29]"
31,"[3, 6, 0]"
33,"[3, 6, 25]"
34,"[3, 6, 48]"
32,"[3, 6, 54]"
26,"[3, 6, 20]"
34,"[3, 6, 69]"
16,"[3, 6, 13]"
16,"[3, 6, 53]"
30,"[3, 6, 35]"
19,"[3, 6, 32]"
16,"[3, 6, 8]"
16,"[3, 6, 3]"
28,"[3, 6, 6]"
28,"[3, 6, 4]"
29,"[3, 6, 58]"
22,"[3, 6, 26]"
16,"[3, 6, 50]"
28,"[3, 6, 56]"
25,"[3, 6, 37]"
26,"[3, 6, 55]"
25,"[3, 6, 49]"
23,"[3, 6, 10]"
19,"[3, 6, 42]"
17,"[3, 6, 60]"
16,"[3, 6, 51]"
16,"[3, 6, 59]"
17,"[3, 6, 63]"
29,"[3, 7]"
29,"[3, 7, 70]"
21,"[3, 7, 34]"
23,"[3, 7, 33]"
25,"[3, 7, 28]"
18,"[3, 7, 27]"
26,"[3, 7, 17]"
24,"[3, 7, 29]"
22,"[3, 7, 0]"
26,"[3, 7, 25]"
27,"[3, 7, 48]"
23,"[3, 7, 54]"
20,"[3, 7, 20]"
27,"[3, 7, 69]"
23,"[3, 7, 35]"
20,"[3, 7, 6]"
20,"[3, 7, 4]"
21,"[3, 7, 58]"
20,"[3, 7, 26]"
21,"[3, 7, 56]"
20,"[3, 7, 37]"
19,"[3, 7, 55]"
18,"[3, 7, 49]"
16,"[3, 7, 10]"
16,"[3, 7, 42]"
40,"[3, 70]"
31,"[3, 70, 34]"
34,"[3, 70, 33]"
34,"[3, 70, 28]"
28,"[3, 70, 27]"
36,"[3, 70, 17]"
35,"[3, 70, 29]"
34,"[3, 70, 0]"
37,"[3, 70, 25]"
38,"[3, 70, 48]"
35,"[3, 70, 54]"
29,"[3, 70, 20]"
35,"[3, 70, 69]"
18,"[3, 70, 13]"
17,"[3, 70, 53]"
23,"[3, 70, 35]"
21,"[3, 70, 32]"
17,"[3, 70, 18]"
18,"[3, 70, 8]"
39,"[3, 70, 70]"
30,"[3, 70, 6]"
17,"[3, 70, 7]"
23,"[3, 70, 4]"
23,"[3, 70, 58]"
24,"[3, 70, 26]"
18,"[3, 70, 50]"
22,"[3, 70, 56]"
26,"[3, 70, 37]"
29,"[3, 70, 55]"
30,"[3, 70, 49]"
17,"[3, 70, 60]"
16,"[3, 70, 12]"
20,"[3, 70, 42]"
19,"[3, 70, 51]"
17,"[3, 70, 10]"
18,"[3, 70, 63]"
32,"[3, 34]"
28,"[3, 34, 33]"
29,"[3, 34, 28]"
23,"[3, 34, 27]"
29,"[3, 34, 17]"
28,"[3, 34, 29]"
25,"[3, 34, 0]"
31,"[3, 34, 25]"
29,"[3, 34, 48]"
27,"[3, 34, 54]"
23,"[3, 34, 20]"
29,"[3, 34, 69]"
31,"[3, 34, 70]"
21,"[3, 34, 6]"
17,"[3, 34, 4]"
18,"[3, 34, 34]"
19,"[3, 34, 26]"
22,"[3, 34, 37]"
21,"[3, 34, 55]"
24,"[3, 34, 49]"
16,"[3, 34, 42]"
34,"[3, 33]"
31,"[3, 33, 28]"
22,"[3, 33, 27]"
30,"[3, 33, 17]"
30,"[3, 33, 29]"
26,"[3, 33, 0]"
32,"[3, 33, 25]"
30,"[3, 33, 48]"
29,"[3, 33, 54]"
23,"[3, 33, 20]"
32,"[3, 33, 69]"
16,"[3, 33, 32]"
32,"[3, 33, 70]"
22,"[3, 33, 6]"
18,"[3, 33, 4]"
21,"[3, 33, 34]"
20,"[3, 33, 33]"
18,"[3, 33, 26]"
22,"[3, 33, 37]"
23,"[3, 33, 55]"
23,"[3, 33, 49]"
19,"[3, 33, 42]"
34,"[3, 28]"
22,"[3, 28, 27]"
30,"[3, 28, 17]"
30,"[3, 28, 29]"
26,"[3, 28, 0]"
32,"[3, 28, 25]"
30,"[3, 28, 48]"
28,"[3, 28, 54]"
20,"[3, 28, 20]"
29,"[3, 28, 69]"
32,"[3, 28, 70]"
24,"[3, 28, 6]"
18,"[3, 28, 4]"
19,"[3, 28, 34]"
19,"[3, 28, 33]"
26,"[3, 28, 28]"
16,"[3, 28, 26]"
20,"[3, 28, 37]"
20,"[3, 28, 55]"
22,"[3, 28, 49]"
16,"[3, 28, 42]"
31,"[3, 27]"
30,"[3, 27, 17]"
28,"[3, 27, 29]"
27,"[3, 27, 0]"
20,"[3, 27, 25]"
22,"[3, 27, 48]"
23,"[3, 27, 54]"
24,"[3, 27, 69]"
17,"[3, 27, 35]"
29,"[3, 27, 70]"
22,"[3, 27, 6]"
16,"[3, 27, 58]"
16,"[3, 27, 34]"
17,"[3, 27, 33]"
19,"[3, 27, 28]"
16,"[3, 27, 56]"
17,"[3, 27, 55]"
17,"[3, 27, 49]"
38,"[3, 17]"
34,"[3, 17, 29]"
32,"[3, 17, 0]"
26,"[3, 17, 25]"
27,"[3, 17, 48]"
28,"[3, 17, 54]"
20,"[3, 17, 20]"
31,"[3, 17, 69]"
19,"[3, 17, 35]"
37,"[3, 17, 70]"
27,"[3, 17, 6]"
18,"[3, 17, 7]"
20,"[3, 17, 4]"
17,"[3, 17, 58]"
21,"[3, 17, 34]"
23,"[3, 17, 33]"
24,"[3, 17, 28]"
21,"[3, 17, 56]"
17,"[3, 17, 37]"
25,"[3, 17, 55]"
24,"[3, 17, 49]"
30,"[3, 17, 17]"
20,"[3, 17, 27]"
16,"[3, 17, 42]"
16,"[3, 17, 10]"
39,"[3, 29]"
33,"[3, 29, 0]"
34,"[3, 29, 25]"
35,"[3, 29, 48]"
32,"[3, 29, 54]"
28,"[3, 29, 20]"
35,"[3, 29, 69]"
19,"[3, 29, 13]"
18,"[3, 29, 53]"
30,"[3, 29, 35]"
21,"[3, 29, 32]"
16,"[3, 29, 18]"
17,"[3, 29, 8]"
16,"[3, 29, 3]"
39,"[3, 29, 70]"
34,"[3, 29, 6]"
26,"[3, 29, 7]"
26,"[3, 29, 4]"
30,"[3, 29, 58]"
29,"[3, 29, 34]"
33,"[3, 29, 33]"
31,"[3, 29, 28]"
23,"[3, 29, 26]"
17,"[3, 29, 50]"
27,"[3, 29, 56]"
16,"[3, 29, 57]"
25,"[3, 29, 37]"
26,"[3, 29, 55]"
25,"[3, 29, 49]"
34,"[3, 29, 29]"
35,"[3, 29, 17]"
29,"[3, 29, 27]"
23,"[3, 29, 10]"
23,"[3, 29, 42]"
17,"[3, 29, 12]"
18,"[3, 29, 51]"
16,"[3, 29, 59]"
17,"[3, 29, 63]"
37,"[3, 0]"
26,"[3, 0, 25]"
29,"[3, 0, 48]"
25,"[3, 0, 54]"
19,"[3, 0, 20]"
32,"[3, 0, 69]"
18,"[3, 0, 35]"
16,"[3, 0, 32]"
17,"[3, 0, 3]"
36,"[3, 0, 70]"
27,"[3, 0, 6]"
16,"[3, 0, 7]"
21,"[3, 0, 4]"
16,"[3, 0, 58]"
21,"[3, 0, 34]"
23,"[3, 0, 33]"
26,"[3, 0, 28]"
16,"[3, 0, 26]"
22,"[3, 0, 56]"
19,"[3, 0, 37]"
23,"[3, 0, 55]"
22,"[3, 0, 49]"
22,"[3, 0, 0]"
32,"[3, 0, 29]"
32,"[3, 0, 17]"
21,"[3, 0, 27]"
16,"[3, 0, 42]"
37,"[3, 25]"
33,"[3, 25, 48]"
29,"[3, 25, 54]"
19,"[3, 25, 20]"
29,"[3, 25, 69]"
17,"[3, 25, 32]"
35,"[3, 25, 70]"
24,"[3, 25, 6]"
17,"[3, 25, 4]"
18,"[3, 25, 34]"
19,"[3, 25, 33]"
23,"[3, 25, 28]"
16,"[3, 25, 26]"
20,"[3, 25, 37]"
25,"[3, 25, 55]"
27,"[3, 25, 49]"
25,"[3, 25, 0]"
31,"[3, 25, 29]"
33,"[3, 25, 17]"
24,"[3, 25, 27]"
21,"[3, 25, 25]"
17,"[3, 25, 42]"
38,"[3, 48]"
30,"[3, 48, 54]"
19,"[3, 48, 20]"
31,"[3, 48, 69]"
36,"[3, 48, 70]"
23,"[3, 48, 6]"
17,"[3, 48, 4]"
16,"[3, 48, 34]"
19,"[3, 48, 33]"
22,"[3, 48, 28]"
16,"[3, 48, 26]"
18,"[3, 48, 37]"
26,"[3, 48, 55]"
27,"[3, 48, 49]"
25,"[3, 48, 48]"
27,"[3, 48, 0]"
32,"[3, 48, 29]"
32,"[3, 48, 17]"
22,"[3, 48, 27]"
24,"[3, 48, 25]"
16,"[3, 48, 42]"
36,"[3, 54]"
18,"[3, 54, 20]"
29,"[3, 54, 69]"
33,"[3, 54, 70]"
22,"[3, 54, 6]"
19,"[3, 54, 28]"
16,"[3, 54, 26]"
16,"[3, 54, 37]"
24,"[3, 54, 55]"
24,"[3, 54, 48]"
27,"[3, 54, 0]"
29,"[3, 54, 29]"
31,"[3, 54, 17]"
24,"[3, 54, 54]"
21,"[3, 54, 27]"
18,"[3, 54, 25]"
29,"[3, 20]"
24,"[3, 20, 69]"
27,"[3, 20, 70]"
17,"[3, 20, 6]"
22,"[3, 20, 28]"
18,"[3, 20, 26]"
21,"[3, 20, 37]"
19,"[3, 20, 55]"
19,"[3, 20, 49]"
24,"[3, 20, 48]"
22,"[3, 20, 0]"
21,"[3, 20, 29]"
26,"[3, 20, 17]"
24,"[3, 20, 54]"
19,"[3, 20, 27]"
23,"[3, 20, 25]"
36,"[3, 69]"
20,"[3, 69, 13]"
19,"[3, 69, 53]"
20,"[3, 69, 35]"
18,"[3, 69, 32]"
35,"[3, 69, 70]"
25,"[3, 69, 6]"
17,"[3, 69, 7]"
18,"[3, 69, 4]"
20,"[3, 69, 58]"
24,"[3, 69, 34]"
28,"[3, 69, 33]"
27,"[3, 69, 28]"
16,"[3, 69, 26]"
20,"[3, 69, 56]"
18,"[3, 69, 37]"
23,"[3, 69, 55]"
24,"[3, 69, 49]"
32,"[3, 69, 48]"
27,"[3, 69, 0]"
31,"[3, 69, 29]"
31,"[3, 69, 17]"
26,"[3, 69, 54]"
26,"[3, 69, 27]"
23,"[3, 69, 42]"
16,"[3, 69, 10]"
32,"[3, 69, 69]"
30,"[3, 69, 25]"
21,"[3, 69, 20]"
18,"[3, 69, 12]"
20,"[3, 69, 51]"
20,"[3, 13]"
16,"[3, 13, 53]"
17,"[3, 13, 70]"
16,"[3, 13, 48]"
17,"[3, 13, 69]"
19,"[3, 53]"
16,"[3, 53, 70]"
16,"[3, 53, 48]"
32,"[3, 35]"
32,"[3, 35, 70]"
23,"[3, 35, 6]"
18,"[3, 35, 4]"
28,"[3, 35, 58]"
27,"[3, 35, 34]"
27,"[3, 35, 33]"
28,"[3, 35, 28]"
18,"[3, 35, 26]"
18,"[3, 35, 56]"
23,"[3, 35, 37]"
22,"[3, 35, 55]"
24,"[3, 35, 49]"
29,"[3, 35, 48]"
28,"[3, 35, 0]"
30,"[3, 35, 29]"
30,"[3, 35, 17]"
28,"[3, 35, 54]"
23,"[3, 35, 27]"
17,"[3, 35, 42]"
28,"[3, 35, 69]"
27,"[3, 35, 25]"
22,"[3, 35, 20]"
17,"[3, 35, 59]"
23,"[3, 32]"
16,"[3, 32, 18]"
22,"[3, 32, 70]"
16,"[3, 32, 6]"
16,"[3, 32, 34]"
16,"[3, 32, 28]"
17,"[3, 32, 48]"
17,"[3, 32, 0]"
21,"[3, 32, 29]"
23,"[3, 32, 17]"
16,"[3, 32, 54]"
19,"[3, 32, 27]"
18,"[3, 32, 69]"
17,"[3, 18]"
17,"[3, 18, 70]"
17,"[3, 18, 29]"
17,"[3, 18, 17]"
18,"[3, 8]"
16,"[3, 8, 70]"
17,"[3, 3]"
17,"[3, 3, 70]"
16,"[3, 1]"
30,"[3, 4]"
21,"[3, 4, 58]"
22,"[3, 4, 34]"
24,"[3, 4, 33]"
24,"[3, 4, 28]"
21,"[3, 4, 56]"
29,"[3, 4, 70]"
17,"[3, 4, 37]"
22,"[3, 4, 55]"
22,"[3, 4, 49]"
27,"[3, 4, 48]"
25,"[3, 4, 0]"
23,"[3, 4, 6]"
26,"[3, 4, 29]"
24,"[3, 4, 17]"
24,"[3, 4, 54]"
18,"[3, 4, 27]"
19,"[3, 4, 10]"
20,"[3, 4, 4]"
20,"[3, 4, 35]"
26,"[3, 4, 69]"
24,"[3, 4, 25]"
17,"[3, 4, 20]"
32,"[3, 58]"
25,"[3, 58, 34]"
26,"[3, 58, 33]"
27,"[3, 58, 28]"
18,"[3, 58, 26]"
19,"[3, 58, 56]"
32,"[3, 58, 70]"
22,"[3, 58, 37]"
21,"[3, 58, 55]"
23,"[3, 58, 49]"
29,"[3, 58, 48]"
29,"[3, 58, 0]"
23,"[3, 58, 6]"
30,"[3, 58, 29]"
30,"[3, 58, 17]"
29,"[3, 58, 54]"
23,"[3, 58, 27]"
17,"[3, 58, 42]"
17,"[3, 58, 58]"
16,"[3, 58, 35]"
28,"[3, 58, 69]"
27,"[3, 58, 25]"
22,"[3, 58, 20]"
17,"[3, 58, 59]"
16,"[3, 58, 4]"
25,"[3, 26]"
16,"[3, 26, 50]"
23,"[3, 26, 70]"
18,"[3, 26, 55]"
20,"[3, 26, 48]"
17,"[3, 26, 0]"
17,"[3, 26, 29]"
21,"[3, 26, 17]"
18,"[3, 26, 54]"
16,"[3, 26, 28]"
19,"[3, 26, 69]"
19,"[3, 50]"
16,"[3, 50, 70]"
29,"[3, 56]"
18,"[3, 56, 57]"
29,"[3, 56, 70]"
21,"[3, 56, 37]"
20,"[3, 56, 55]"
22,"[3, 56, 49]"
26,"[3, 56, 48]"
25,"[3, 56, 0]"
21,"[3, 56, 6]"
26,"[3, 56, 29]"
26,"[3, 56, 17]"
26,"[3, 56, 54]"
20,"[3, 56, 27]"
16,"[3, 56, 42]"
17,"[3, 56, 4]"
18,"[3, 56, 56]"
23,"[3, 56, 35]"
21,"[3, 56, 58]"
26,"[3, 56, 69]"
23,"[3, 56, 34]"
23,"[3, 56, 33]"
24,"[3, 56, 28]"
27,"[3, 56, 25]"
21,"[3, 56, 20]"
16,"[3, 56, 26]"
18,"[3, 57]"
18,"[3, 57, 70]"
17,"[3, 57, 48]"
17,"[3, 57, 29]"
17,"[3, 57, 17]"
17,"[3, 57, 25]"
16,"[3, 57, 69]"
27,"[3, 37]"
19,"[3, 37, 55]"
19,"[3, 37, 48]"
25,"[3, 37, 70]"
21,"[3, 37, 0]"
18,"[3, 37, 6]"
22,"[3, 37, 29]"
25,"[3, 37, 17]"
18,"[3, 37, 54]"
20,"[3, 37, 27]"
16,"[3, 37, 60]"
19,"[3, 37, 26]"
16,"[3, 37, 28]"
22,"[3, 37, 69]"
29,"[3, 55]"
17,"[3, 55, 48]"
26,"[3, 55, 70]"
16,"[3, 55, 55]"
17,"[3, 55, 0]"
21,"[3, 55, 29]"
21,"[3, 55, 17]"
16,"[3, 55, 27]"
24,"[3, 55, 69]"
30,"[3, 49]"
18,"[3, 49, 48]"
26,"[3, 49, 70]"
25,"[3, 49, 55]"
19,"[3, 49, 0]"
18,"[3, 49, 6]"
24,"[3, 49, 29]"
24,"[3, 49, 17]"
21,"[3, 49, 54]"
18,"[3, 49, 27]"
21,"[3, 49, 69]"
24,"[3, 42]"
22,"[3, 42, 69]"
19,"[3, 42, 29]"
23,"[3, 42, 70]"
17,"[3, 42, 33]"
16,"[3, 42, 28]"
17,"[3, 42, 25]"
21,"[3, 42, 48]"
18,"[3, 42, 54]"
16,"[3, 42, 0]"
18,"[3, 42, 17]"
27,"[3, 10]"
25,"[3, 10, 56]"
16,"[3, 10, 42]"
17,"[3, 10, 4]"
17,"[3, 10, 10]"
23,"[3, 10, 35]"
21,"[3, 10, 58]"
26,"[3, 10, 69]"
27,"[3, 10, 70]"
23,"[3, 10, 34]"
23,"[3, 10, 33]"
24,"[3, 10, 28]"
26,"[3, 10, 25]"
26,"[3, 10, 48]"
24,"[3, 10, 54]"
25,"[3, 10, 0]"
22,"[3, 10, 20]"
21,"[3, 10, 37]"
17,"[3, 10, 26]"
20,"[3, 10, 27]"
25,"[3, 10, 17]"
16,"[3, 10, 51]"
21,"[3, 10, 49]"
25,"[3, 10, 29]"
20,"[3, 10, 6]"
19,"[3, 10, 55]"
16,"[3, 10, 57]"
17,"[3, 60]"
16,"[3, 60, 70]"
19,"[3, 12]"
17,"[3, 12, 42]"
18,"[3, 12, 69]"
18,"[3, 12, 70]"
16,"[3, 12, 48]"
21,"[3, 51]"
18,"[3, 51, 70]"
17,"[3, 51, 48]"
16,"[3, 51, 69]"
16,"[3, 51, 17]"
17,"[3, 59]"
17,"[3, 59, 70]"
16,"[3, 59, 29]"
16,"[3, 59, 25]"
16,"[3, 59, 28]"
16,"[3, 59, 48]"
17,"[3, 59, 54]"
19,"[3, 63]"
16,"[3, 63, 69]"
19,"[3, 63, 70]"
18,"[3, 63, 54]"
18,"[3, 63, 17]"
16,"[3, 63, 25]"
18,"[3, 63, 48]"
49,[6]
33,"[6, 7]"
33,"[6, 7, 70]"
26,"[6, 7, 34]"
28,"[6, 7, 33]"
30,"[6, 7, 28]"
21,"[6, 7, 27]"
30,"[6, 7, 17]"
28,"[6, 7, 29]"
27,"[6, 7, 0]"
30,"[6, 7, 25]"
31,"[6, 7, 48]"
28,"[6, 7, 54]"
25,"[6, 7, 20]"
30,"[6, 7, 69]"
17,"[6, 7, 13]"
16,"[6, 7, 53]"
27,"[6, 7, 35]"
16,"[6, 7, 8]"
23,"[6, 7, 6]"
24,"[6, 7, 4]"
25,"[6, 7, 58]"
24,"[6, 7, 26]"
19,"[6, 7, 50]"
25,"[6, 7, 56]"
24,"[6, 7, 37]"
22,"[6, 7, 55]"
23,"[6, 7, 49]"
21,"[6, 7, 10]"
18,"[6, 7, 42]"
17,"[6, 7, 60]"
16,"[6, 7, 12]"
17,"[6, 7, 59]"
49,"[6, 70]"
39,"[6, 70, 34]"
41,"[6, 70, 33]"
41,"[6, 70, 28]"
33,"[6, 70, 27]"
44,"[6, 70, 17]"
40,"[6, 70, 29]"
40,"[6, 70, 0]"
43,"[6, 70, 25]"
44,"[6, 70, 48]"
42,"[6, 70, 54]"
36,"[6, 70, 20]"
41,"[6, 70, 69]"
23,"[6, 70, 13]"
22,"[6, 70, 53]"
29,"[6, 70, 35]"
23,"[6, 70, 32]"
21,"[6, 70, 18]"
22,"[6, 70, 8]"
18,"[6, 70, 3]"
47,"[6, 70, 70]"
33,"[6, 70, 6]"
28,"[6, 70, 4]"
25,"[6, 70, 58]"
30,"[6, 70, 26]"
24,"[6, 70, 50]"
27,"[6, 70, 56]"
33,"[6, 70, 37]"
35,"[6, 70, 55]"
34,"[6, 70, 49]"
22,"[6, 70, 60]"
22,"[6, 70, 12]"
26,"[6, 70, 42]"
23,"[6, 70, 51]"
20,"[6, 70, 10]"
21,"[6, 70, 63]"
39,"[6, 34]"
36,"[6, 34, 33]"
38,"[6, 34, 28]"
28,"[6, 34, 27]"
37,"[6, 34, 17]"
35,"[6, 34, 29]"
32,"[6, 34, 0]"
39,"[6, 34, 25]"
37,"[6, 34, 48]"
33,"[6, 34, 54]"
30,"[6, 34, 20]"
35,"[6, 34, 69]"
16,"[6, 34, 13]"
16,"[6, 34, 53]"
20,"[6, 34, 35]"
19,"[6, 34, 32]"
18,"[6, 34, 18]"
18,"[6, 34, 8]"
39,"[6, 34, 70]"
26,"[6, 34, 6]"
20,"[6, 34, 4]"
17,"[6, 34, 58]"
19,"[6, 34, 34]"
22,"[6, 34, 26]"
18,"[6, 34, 50]"
16,"[6, 34, 56]"
26,"[6, 34, 37]"
26,"[6, 34, 55]"
30,"[6, 34, 49]"
17,"[6, 34, 60]"
17,"[6, 34, 12]"
21,"[6, 34, 42]"
17,"[6, 34, 51]"
16,"[6, 34, 63]"
41,"[6, 33]"
39,"[6, 33, 28]"
27,"[6, 33, 27]"
37,"[6, 33, 17]"
36,"[6, 33, 29]"
32,"[6, 33, 0]"
39,"[6, 33, 25]"
37,"[6, 33, 48]"
36,"[6, 33, 54]"
30,"[6, 33, 20]"
37,"[6, 33, 69]"
17,"[6, 33, 13]"
18,"[6, 33, 53]"
20,"[6, 33, 35]"
18,"[6, 33, 32]"
17,"[6, 33, 18]"
17,"[6, 33, 8]"
39,"[6, 33, 70]"
27,"[6, 33, 6]"
21,"[6, 33, 4]"
17,"[6, 33, 58]"
23,"[6, 33, 34]"
25,"[6, 33, 33]"
22,"[6, 33, 26]"
18,"[6, 33, 50]"
16,"[6, 33, 56]"
27,"[6, 33, 37]"
28,"[6, 33, 55]"
29,"[6, 33, 49]"
17,"[6, 33, 60]"
17,"[6, 33, 12]"
22,"[6, 33, 42]"
17,"[6, 33, 51]"
41,"[6, 28]"
24,"[6, 28, 27]"
35,"[6, 28, 17]"
35,"[6, 28, 29]"
31,"[6, 28, 0]"
38,"[6, 28, 25]"
37,"[6, 28, 48]"
35,"[6, 28, 54]"
25,"[6, 28, 20]"
35,"[6, 28, 69]"
18,"[6, 28, 35]"
16,"[6, 28, 32]"
16,"[6, 28, 18]"
39,"[6, 28, 70]"
27,"[6, 28, 6]"
20,"[6, 28, 4]"
19,"[6, 28, 34]"
23,"[6, 28, 33]"
29,"[6, 28, 28]"
19,"[6, 28, 26]"
16,"[6, 28, 50]"
24,"[6, 28, 37]"
24,"[6, 28, 55]"
27,"[6, 28, 49]"
16,"[6, 28, 60]"
16,"[6, 28, 12]"
20,"[6, 28, 42]"
35,"[6, 27]"
32,"[6, 27, 17]"
30,"[6, 27, 29]"
30,"[6, 27, 0]"
20,"[6, 27, 25]"
22,"[6, 27, 48]"
23,"[6, 27, 54]"
16,"[6, 27, 20]"
27,"[6, 27, 69]"
17,"[6, 27, 35]"
31,"[6, 27, 70]"
25,"[6, 27, 6]"
21,"[6, 27, 4]"
16,"[6, 27, 58]"
18,"[6, 27, 33]"
19,"[6, 27, 28]"
18,"[6, 27, 56]"
21,"[6, 27, 55]"
18,"[6, 27, 49]"
17,"[6, 27, 27]"
47,"[6, 17]"
40,"[6, 17, 29]"
38,"[6, 17, 0]"
27,"[6, 17, 25]"
30,"[6, 17, 48]"
30,"[6, 17, 54]"
22,"[6, 17, 20]"
37,"[6, 17, 69]"
16,"[6, 17, 13]"
16,"[6, 17, 53]"
21,"[6, 17, 35]"
16,"[6, 17, 32]"
16,"[6, 17, 3]"
44,"[6, 17, 70]"
31,"[6, 17, 6]"
16,"[6, 17, 7]"
26,"[6, 17, 4]"
18,"[6, 17, 58]"
17,"[6, 17, 34]"
24,"[6, 17, 33]"
24,"[6, 17, 28]"
16,"[6, 17, 26]"
23,"[6, 17, 56]"
17,"[6, 17, 37]"
29,"[6, 17, 55]"
26,"[6, 17, 49]"
35,"[6, 17, 17]"
26,"[6, 17, 27]"
17,"[6, 17, 12]"
18,"[6, 17, 42]"
18,"[6, 17, 51]"
17,"[6, 17, 10]"
43,"[6, 29]"
37,"[6, 29, 0]"
29,"[6, 29, 25]"
34,"[6, 29, 48]"
30,"[6, 29, 54]"
23,"[6, 29, 20]"
36,"[6, 29, 69]"
18,"[6, 29, 13]"
19,"[6, 29, 53]"
25,"[6, 29, 35]"
19,"[6, 29, 32]"
17,"[6, 29, 3]"
43,"[6, 29, 70]"
32,"[6, 29, 6]"
18,"[6, 29, 7]"
26,"[6, 29, 4]"
23,"[6, 29, 58]"
23,"[6, 29, 34]"
29,"[6, 29, 33]"
26,"[6, 29, 28]"
19,"[6, 29, 26]"
27,"[6, 29, 56]"
22,"[6, 29, 37]"
29,"[6, 29, 55]"
28,"[6, 29, 49]"
36,"[6, 29, 29]"
38,"[6, 29, 17]"
27,"[6, 29, 27]"
19,"[6, 29, 10]"
18,"[6, 29, 12]"
20,"[6, 29, 42]"
19,"[6, 29, 51]"
16,"[6, 21]"
41,"[6, 0]"
25,"[6, 0, 25]"
29,"[6, 0, 48]"
25,"[6, 0, 54]"
18,"[6, 0, 20]"
35,"[6, 0, 69]"
16,"[6, 0, 53]"
18,"[6, 0, 35]"
18,"[6, 0, 32]"
17,"[6, 0, 3]"
38,"[6, 0, 70]"
28,"[6, 0, 6]"
25,"[6, 0, 4]"
17,"[6, 0, 34]"
20,"[6, 0, 33]"
24,"[6, 0, 28]"
20,"[6, 0, 56]"
17,"[6, 0, 37]"
26,"[6, 0, 55]"
25,"[6, 0, 49]"
29,"[6, 0, 0]"
36,"[6, 0, 29]"
35,"[6, 0, 17]"
24,"[6, 0, 27]"
17,"[6, 0, 12]"
17,"[6, 0, 42]"
18,"[6, 0, 51]"
43,"[6, 25]"
39,"[6, 25, 48]"
35,"[6, 25, 54]"
23,"[6, 25, 20]"
34,"[6, 25, 69]"
16,"[6, 25, 13]"
19,"[6, 25, 35]"
20,"[6, 25, 32]"
18,"[6, 25, 18]"
18,"[6, 25, 8]"
42,"[6, 25, 70]"
27,"[6, 25, 6]"
20,"[6, 25, 4]"
16,"[6, 25, 58]"
18,"[6, 25, 34]"
20,"[6, 25, 33]"
27,"[6, 25, 28]"
18,"[6, 25, 26]"
22,"[6, 25, 37]"
30,"[6, 25, 55]"
32,"[6, 25, 49]"
31,"[6, 25, 0]"
37,"[6, 25, 29]"
38,"[6, 25, 17]"
27,"[6, 25, 27]"
17,"[6, 25, 60]"
27,"[6, 25, 25]"
16,"[6, 25, 12]"
20,"[6, 25, 42]"
16,"[6, 25, 51]"
16,"[6, 25, 63]"
44,"[6, 48]"
34,"[6, 48, 54]"
23,"[6, 48, 20]"
36,"[6, 48, 69]"
17,"[6, 48, 53]"
16,"[6, 48, 35]"
17,"[6, 48, 32]"
16,"[6, 48, 18]"
16,"[6, 48, 8]"
41,"[6, 48, 70]"
26,"[6, 48, 6]"
20,"[6, 48, 4]"
16,"[6, 48, 34]"
21,"[6, 48, 33]"
24,"[6, 48, 28]"
18,"[6, 48, 26]"
21,"[6, 48, 37]"
29,"[6, 48, 55]"
31,"[6, 48, 49]"
29,"[6, 48, 48]"
31,"[6, 48, 0]"
36,"[6, 48, 29]"
37,"[6, 48, 17]"
24,"[6, 48, 27]"
17,"[6, 48, 60]"
26,"[6, 48, 25]"
16,"[6, 48, 12]"
19,"[6, 48, 42]"
17,"[6, 48, 51]"
43,"[6, 54]"
23,"[6, 54, 20]"
34,"[6, 54, 69]"
16,"[6, 54, 13]"
16,"[6, 54, 53]"
17,"[6, 54, 32]"
16,"[6, 54, 8]"
39,"[6, 54, 70]"
25,"[6, 54, 6]"
19,"[6, 54, 4]"
17,"[6, 54, 33]"
23,"[6, 54, 28]"
19,"[6, 54, 26]"
17,"[6, 54, 50]"
16,"[6, 54, 56]"
19,"[6, 54, 37]"
29,"[6, 54, 55]"
21,"[6, 54, 49]"
28,"[6, 54, 48]"
32,"[6, 54, 0]"
35,"[6, 54, 29]"
37,"[6, 54, 17]"
28,"[6, 54, 54]"
24,"[6, 54, 27]"
22,"[6, 54, 25]"
18,"[6, 54, 42]"
16,"[6, 54, 63]"
36,"[6, 20]"
29,"[6, 20, 69]"
33,"[6, 20, 70]"
20,"[6, 20, 6]"
19,"[6, 20, 33]"
26,"[6, 20, 28]"
21,"[6, 20, 26]"
20,"[6, 20, 50]"
25,"[6, 20, 37]"
22,"[6, 20, 55]"
25,"[6, 20, 49]"
30,"[6, 20, 48]"
27,"[6, 20, 0]"
25,"[6, 20, 29]"
30,"[6, 20, 17]"
29,"[6, 20, 54]"
20,"[6, 20, 27]"
18,"[6, 20, 60]"
29,"[6, 20, 25]"
16,"[6, 20, 42]"
20,"[6, 20, 20]"
43,"[6, 69]"
24,"[6, 69, 13]"
23,"[6, 69, 53]"
20,"[6, 69, 35]"
20,"[6, 69, 32]"
17,"[6, 69, 18]"
18,"[6, 69, 8]"
41,"[6, 69, 70]"
30,"[6, 69, 6]"
23,"[6, 69, 4]"
19,"[6, 69, 58]"
24,"[6, 69, 34]"
27,"[6, 69, 33]"
27,"[6, 69, 28]"
20,"[6, 69, 26]"
22,"[6, 69, 56]"
22,"[6, 69, 37]"
28,"[6, 69, 55]"
27,"[6, 69, 49]"
35,"[6, 69, 48]"
33,"[6, 69, 0]"
34,"[6, 69, 29]"
36,"[6, 69, 17]"
30,"[6, 69, 54]"
29,"[6, 69, 27]"
36,"[6, 69, 69]"
29,"[6, 69, 25]"
20,"[6, 69, 20]"
24,"[6, 69, 12]"
28,"[6, 69, 42]"
24,"[6, 69, 51]"
17,"[6, 69, 10]"
24,"[6, 13]"
20,"[6, 13, 53]"
20,"[6, 13, 70]"
18,"[6, 13, 48]"
16,"[6, 13, 0]"
18,"[6, 13, 29]"
18,"[6, 13, 17]"
16,"[6, 13, 54]"
20,"[6, 13, 69]"
23,"[6, 53]"
19,"[6, 53, 70]"
18,"[6, 53, 48]"
18,"[6, 53, 29]"
17,"[6, 53, 17]"
17,"[6, 53, 54]"
18,"[6, 53, 69]"
40,"[6, 35]"
16,"[6, 35, 32]"
40,"[6, 35, 70]"
27,"[6, 35, 6]"
21,"[6, 35, 4]"
35,"[6, 35, 58]"
30,"[6, 35, 34]"
33,"[6, 35, 33]"
32,"[6, 35, 28]"
23,"[6, 35, 26]"
17,"[6, 35, 50]"
23,"[6, 35, 56]"
27,"[6, 35, 37]"
27,"[6, 35, 55]"
27,"[6, 35, 49]"
34,"[6, 35, 48]"
33,"[6, 35, 0]"
36,"[6, 35, 29]"
36,"[6, 35, 17]"
35,"[6, 35, 54]"
26,"[6, 35, 27]"
21,"[6, 35, 42]"
18,"[6, 35, 35]"
35,"[6, 35, 69]"
33,"[6, 35, 25]"
28,"[6, 35, 20]"
17,"[6, 35, 60]"
17,"[6, 35, 12]"
20,"[6, 35, 51]"
21,"[6, 35, 59]"
16,"[6, 35, 10]"
16,"[6, 35, 13]"
17,"[6, 35, 53]"
17,"[6, 35, 63]"
25,"[6, 32]"
19,"[6, 32, 18]"
17,"[6, 32, 8]"
22,"[6, 32, 70]"
16,"[6, 32, 6]"
16,"[6, 32, 33]"
17,"[6, 32, 55]"
16,"[6, 32, 48]"
21,"[6, 32, 0]"
22,"[6, 32, 29]"
24,"[6, 32, 17]"
17,"[6, 32, 54]"
21,"[6, 32, 27]"
18,"[6, 32, 69]"
22,"[6, 18]"
17,"[6, 18, 8]"
21,"[6, 18, 70]"
17,"[6, 18, 6]"
16,"[6, 18, 55]"
16,"[6, 18, 48]"
20,"[6, 18, 0]"
22,"[6, 18, 29]"
21,"[6, 18, 17]"
18,"[6, 18, 54]"
18,"[6, 18, 27]"
17,"[6, 18, 69]"
23,"[6, 8]"
21,"[6, 8, 70]"
16,"[6, 8, 48]"
18,"[6, 8, 0]"
19,"[6, 8, 29]"
20,"[6, 8, 17]"
17,"[6, 8, 54]"
17,"[6, 8, 27]"
18,"[6, 8, 69]"
19,"[6, 3]"
19,"[6, 3, 70]"
17,"[6, 3, 69]"
17,"[6, 1]"
37,"[6, 6]"
17,"[6, 6, 7]"
28,"[6, 6, 4]"
22,"[6, 6, 58]"
19,"[6, 6, 34]"
22,"[6, 6, 33]"
23,"[6, 6, 28]"
16,"[6, 6, 26]"
24,"[6, 6, 56]"
36,"[6, 6, 70]"
19,"[6, 6, 37]"
27,"[6, 6, 55]"
24,"[6, 6, 49]"
29,"[6, 6, 48]"
29,"[6, 6, 0]"
21,"[6, 6, 6]"
30,"[6, 6, 29]"
29,"[6, 6, 17]"
27,"[6, 6, 54]"
22,"[6, 6, 27]"
23,"[6, 6, 25]"
18,"[6, 6, 10]"
23,"[6, 6, 35]"
32,"[6, 6, 69]"
17,"[6, 6, 42]"
17,"[6, 6, 13]"
18,"[6, 6, 53]"
17,"[6, 6, 51]"
19,"[6, 6, 20]"
36,"[6, 4]"
17,"[6, 4, 5]"
23,"[6, 4, 58]"
24,"[6, 4, 34]"
26,"[6, 4, 33]"
26,"[6, 4, 28]"
16,"[6, 4, 26]"
23,"[6, 4, 56]"
35,"[6, 4, 70]"
18,"[6, 4, 37]"
25,"[6, 4, 55]"
26,"[6, 4, 49]"
31,"[6, 4, 48]"
29,"[6, 4, 0]"
26,"[6, 4, 6]"
30,"[6, 4, 29]"
28,"[6, 4, 17]"
26,"[6, 4, 54]"
19,"[6, 4, 27]"
21,"[6, 4, 10]"
18,"[6, 4, 42]"
23,"[6, 4, 4]"
23,"[6, 4, 35]"
30,"[6, 4, 69]"
27,"[6, 4, 25]"
20,"[6, 4, 20]"
16,"[6, 4, 53]"
17,"[6, 5]"
17,"[6, 5, 70]"
16,"[6, 5, 29]"
38,"[6, 58]"
28,"[6, 58, 34]"
32,"[6, 58, 33]"
31,"[6, 58, 28]"
22,"[6, 58, 26]"
17,"[6, 58, 50]"
22,"[6, 58, 56]"
38,"[6, 58, 70]"
25,"[6, 58, 37]"
25,"[6, 58, 55]"
25,"[6, 58, 49]"
32,"[6, 58, 48]"
32,"[6, 58, 0]"
25,"[6, 58, 6]"
34,"[6, 58, 29]"
34,"[6, 58, 17]"
34,"[6, 58, 54]"
25,"[6, 58, 27]"
20,"[6, 58, 42]"
21,"[6, 58, 58]"
20,"[6, 58, 35]"
33,"[6, 58, 69]"
31,"[6, 58, 25]"
27,"[6, 58, 20]"
16,"[6, 58, 60]"
16,"[6, 58, 12]"
18,"[6, 58, 51]"
21,"[6, 58, 59]"
18,"[6, 58, 4]"
16,"[6, 58, 53]"
17,"[6, 58, 63]"
30,"[6, 26]"
20,"[6, 26, 50]"
28,"[6, 26, 70]"
20,"[6, 26, 55]"
18,"[6, 26, 49]"
25,"[6, 26, 48]"
23,"[6, 26, 0]"
20,"[6, 26, 6]"
23,"[6, 26, 29]"
26,"[6, 26, 17]"
20,"[6, 26, 54]"
18,"[6, 26, 27]"
18,"[6, 26, 25]"
17,"[6, 26, 28]"
23,"[6, 26, 69]"
16,"[6, 26, 4]"
24,"[6, 50]"
22,"[6, 50, 70]"
17,"[6, 50, 48]"
19,"[6, 50, 0]"
18,"[6, 50, 29]"
21,"[6, 50, 17]"
18,"[6, 50, 54]"
17,"[6, 50, 69]"
38,"[6, 56]"
19,"[6, 56, 57]"
38,"[6, 56, 70]"
26,"[6, 56, 37]"
27,"[6, 56, 55]"
29,"[6, 56, 49]"
34,"[6, 56, 48]"
33,"[6, 56, 0]"
26,"[6, 56, 6]"
33,"[6, 56, 29]"
35,"[6, 56, 17]"
34,"[6, 56, 54]"
25,"[6, 56, 27]"
22,"[6, 56, 42]"
22,"[6, 56, 4]"
20,"[6, 56, 10]"
23,"[6, 56, 56]"
28,"[6, 56, 35]"
26,"[6, 56, 58]"
33,"[6, 56, 69]"
29,"[6, 56, 34]"
32,"[6, 56, 33]"
31,"[6, 56, 28]"
34,"[6, 56, 25]"
27,"[6, 56, 20]"
17,"[6, 56, 60]"
21,"[6, 56, 26]"
19,"[6, 56, 50]"
18,"[6, 56, 12]"
18,"[6, 56, 51]"
17,"[6, 56, 32]"
18,"[6, 56, 13]"
17,"[6, 56, 53]"
18,"[6, 56, 63]"
19,"[6, 57]"
19,"[6, 57, 70]"
18,"[6, 57, 48]"
17,"[6, 57, 29]"
18,"[6, 57, 17]"
18,"[6, 57, 25]"
16,"[6, 57, 69]"
33,"[6, 37]"
23,"[6, 37, 55]"
20,"[6, 37, 49]"
24,"[6, 37, 48]"
32,"[6, 37, 70]"
27,"[6, 37, 0]"
22,"[6, 37, 6]"
29,"[6, 37, 29]"
31,"[6, 37, 17]"
22,"[6, 37, 54]"
23,"[6, 37, 27]"
20,"[6, 37, 60]"
22,"[6, 37, 26]"
18,"[6, 37, 25]"
17,"[6, 37, 50]"
17,"[6, 37, 28]"
28,"[6, 37, 69]"
16,"[6, 37, 42]"
17,"[6, 37, 4]"
35,"[6, 55]"
18,"[6, 55, 48]"
29,"[6, 55, 70]"
16,"[6, 55, 55]"
20,"[6, 55, 0]"
16,"[6, 55, 6]"
23,"[6, 55, 29]"
25,"[6, 55, 17]"
19,"[6, 55, 27]"
29,"[6, 55, 69]"
16,"[6, 55, 42]"
18,"[6, 55, 20]"
34,"[6, 49]"
19,"[6, 49, 48]"
30,"[6, 49, 70]"
27,"[6, 49, 55]"
22,"[6, 49, 0]"
18,"[6, 49, 6]"
28,"[6, 49, 29]"
27,"[6, 49, 17]"
24,"[6, 49, 54]"
18,"[6, 49, 27]"
25,"[6, 49, 69]"
34,"[6, 10]"
33,"[6, 10, 56]"
20,"[6, 10, 42]"
21,"[6, 10, 4]"
21,"[6, 10, 10]"
27,"[6, 10, 35]"
24,"[6, 10, 58]"
31,"[6, 10, 69]"
34,"[6, 10, 70]"
26,"[6, 10, 34]"
29,"[6, 10, 33]"
28,"[6, 10, 28]"
31,"[6, 10, 25]"
31,"[6, 10, 48]"
31,"[6, 10, 54]"
30,"[6, 10, 0]"
26,"[6, 10, 20]"
24,"[6, 10, 37]"
16,"[6, 10, 60]"
20,"[6, 10, 26]"
23,"[6, 10, 27]"
31,"[6, 10, 17]"
17,"[6, 10, 50]"
17,"[6, 10, 12]"
18,"[6, 10, 51]"
27,"[6, 10, 49]"
17,"[6, 10, 32]"
29,"[6, 10, 29]"
24,"[6, 10, 6]"
25,"[6, 10, 55]"
16,"[6, 10, 57]"
17,"[6, 10, 13]"
17,"[6, 10, 53]"
17,"[6, 10, 11]"
17,"[6, 10, 63]"
29,"[6, 42]"
17,"[6, 42, 42]"
25,"[6, 42, 69]"
26,"[6, 42, 70]"
17,"[6, 42, 33]"
18,"[6, 42, 28]"
18,"[6, 42, 25]"
23,"[6, 42, 48]"
19,"[6, 42, 54]"
18,"[6, 42, 0]"
16,"[6, 42, 27]"
21,"[6, 42, 17]"
17,"[6, 42, 51]"
16,"[6, 42, 13]"
20,"[6, 42, 29]"
16,"[6, 42, 6]"
22,"[6, 60]"
20,"[6, 60, 17]"
18,"[6, 60, 69]"
18,"[6, 60, 0]"
22,"[6, 60, 70]"
17,"[6, 60, 29]"
16,"[6, 60, 55]"
24,"[6, 12]"
22,"[6, 12, 42]"
23,"[6, 12, 69]"
21,"[6, 12, 70]"
19,"[6, 12, 48]"
25,"[6, 51]"
19,"[6, 51, 70]"
17,"[6, 51, 48]"
16,"[6, 51, 29]"
18,"[6, 51, 69]"
17,"[6, 51, 17]"
21,"[6, 59]"
21,"[6, 59, 70]"
19,"[6, 59, 17]"
19,"[6, 59, 29]"
18,"[6, 59, 0]"
16,"[6, 59, 34]"
18,"[6, 59, 33]"
19,"[6, 59, 25]"
18,"[6, 59, 28]"
19,"[6, 59, 48]"
17,"[6, 59, 69]"
20,"[6, 59, 54]"
16,"[6, 59, 20]"
18,"[6, 14]"
16,"[6, 43]"
17,"[6, 11]"
17,"[6, 11, 56]"
16,"[6, 11, 35]"
17,"[6, 11, 70]"
16,"[6, 11, 48]"
16,"[6, 11, 69]"
16,"[6, 11, 29]"
16,"[6, 65]"
21,"[6, 63]"
16,"[6, 63, 69]"
21,"[6, 63, 70]"
16,"[6, 63, 28]"
20,"[6, 63, 54]"
19,"[6, 63, 17]"
16,"[6, 63, 25]"
19,"[6, 63, 48]"
33,[7]
33,"[7, 70]"
26,"[7, 70, 34]"
28,"[7, 70, 33]"
30,"[7, 70, 28]"
21,"[7, 70, 27]"
29,"[7, 70, 17]"
28,"[7, 70, 29]"
27,"[7, 70, 0]"
30,"[7, 70, 25]"
31,"[7, 70, 48]"
28,"[7, 70, 54]"
25,"[7, 70, 20]"
30,"[7, 70, 69]"
16,"[7, 70, 13]"
18,"[7, 70, 35]"
16,"[7, 70, 8]"
33,"[7, 70, 70]"
22,"[7, 70, 6]"
17,"[7, 70, 4]"
16,"[7, 70, 58]"
24,"[7, 70, 26]"
19,"[7, 70, 50]"
16,"[7, 70, 56]"
24,"[7, 70, 37]"
21,"[7, 70, 55]"
23,"[7, 70, 49]"
17,"[7, 70, 60]"
17,"[7, 70, 42]"
26,"[7, 34]"
25,"[7, 34, 33]"
26,"[7, 34, 28]"
17,"[7, 34, 27]"
24,"[7, 34, 17]"
23,"[7, 34, 29]"
20,"[7, 34, 0]"
26,"[7, 34, 25]"
24,"[7, 34, 48]"
20,"[7, 34, 54]"
20,"[7, 34, 20]"
23,"[7, 34, 69]"
25,"[7, 34, 70]"
18,"[7, 34, 6]"
18,"[7, 34, 26]"
17,"[7, 34, 37]"
19,"[7, 34, 49]"
28,"[7, 33]"
28,"[7, 33, 28]"
17,"[7, 33, 27]"
25,"[7, 33, 17]"
25,"[7, 33, 29]"
21,"[7, 33, 0]"
27,"[7, 33, 25]"
25,"[7, 33, 48]"
23,"[7, 33, 54]"
20,"[7, 33, 20]"
25,"[7, 33, 69]"
26,"[7, 33, 70]"
19,"[7, 33, 6]"
16,"[7, 33, 34]"
17,"[7, 33, 33]"
18,"[7, 33, 26]"
18,"[7, 33, 37]"
17,"[7, 33, 55]"
19,"[7, 33, 49]"
30,"[7, 28]"
18,"[7, 28, 27]"
27,"[7, 28, 17]"
27,"[7, 28, 29]"
23,"[7, 28, 0]"
28,"[7, 28, 25]"
26,"[7, 28, 48]"
24,"[7, 28, 54]"
17,"[7, 28, 20]"
25,"[7, 28, 69]"
28,"[7, 28, 70]"
21,"[7, 28, 6]"
21,"[7, 28, 28]"
17,"[7, 28, 37]"
19,"[7, 28, 49]"
21,"[7, 27]"
19,"[7, 27, 17]"
18,"[7, 27, 29]"
17,"[7, 27, 0]"
16,"[7, 27, 69]"
19,"[7, 27, 70]"
30,"[7, 17]"
27,"[7, 17, 29]"
23,"[7, 17, 0]"
17,"[7, 17, 25]"
19,"[7, 17, 48]"
18,"[7, 17, 54]"
24,"[7, 17, 69]"
28,"[7, 17, 70]"
19,"[7, 17, 6]"
16,"[7, 17, 28]"
16,"[7, 17, 55]"
17,"[7, 17, 49]"
24,"[7, 17, 17]"
28,"[7, 29]"
23,"[7, 29, 0]"
17,"[7, 29, 25]"
19,"[7, 29, 48]"
17,"[7, 29, 54]"
24,"[7, 29, 69]"
28,"[7, 29, 70]"
20,"[7, 29, 6]"
17,"[7, 29, 33]"
17,"[7, 29, 55]"
17,"[7, 29, 49]"
25,"[7, 29, 29]"
24,"[7, 29, 17]"
17,"[7, 29, 27]"
27,"[7, 0]"
16,"[7, 0, 25]"
19,"[7, 0, 48]"
16,"[7, 0, 54]"
24,"[7, 0, 69]"
25,"[7, 0, 70]"
17,"[7, 0, 6]"
16,"[7, 0, 49]"
18,"[7, 0, 0]"
24,"[7, 0, 29]"
23,"[7, 0, 17]"
16,"[7, 0, 27]"
30,"[7, 25]"
26,"[7, 25, 48]"
23,"[7, 25, 54]"
23,"[7, 25, 69]"
28,"[7, 25, 70]"
20,"[7, 25, 6]"
19,"[7, 25, 28]"
16,"[7, 25, 37]"
17,"[7, 25, 55]"
21,"[7, 25, 49]"
21,"[7, 25, 0]"
26,"[7, 25, 29]"
26,"[7, 25, 17]"
18,"[7, 25, 27]"
18,"[7, 25, 25]"
31,"[7, 48]"
21,"[7, 48, 54]"
25,"[7, 48, 69]"
29,"[7, 48, 70]"
19,"[7, 48, 6]"
18,"[7, 48, 28]"
18,"[7, 48, 55]"
22,"[7, 48, 49]"
21,"[7, 48, 48]"
21,"[7, 48, 0]"
26,"[7, 48, 29]"
26,"[7, 48, 17]"
16,"[7, 48, 27]"
19,"[7, 48, 25]"
28,"[7, 54]"
23,"[7, 54, 69]"
26,"[7, 54, 70]"
17,"[7, 54, 6]"
18,"[7, 54, 28]"
17,"[7, 54, 55]"
21,"[7, 54, 48]"
21,"[7, 54, 0]"
23,"[7, 54, 29]"
24,"[7, 54, 17]"
18,"[7, 54, 54]"
16,"[7, 54, 25]"
25,"[7, 20]"
21,"[7, 20, 69]"
23,"[7, 20, 70]"
19,"[7, 20, 28]"
17,"[7, 20, 26]"
16,"[7, 20, 50]"
17,"[7, 20, 37]"
16,"[7, 20, 49]"
20,"[7, 20, 48]"
18,"[7, 20, 0]"
18,"[7, 20, 29]"
20,"[7, 20, 17]"
20,"[7, 20, 54]"
20,"[7, 20, 25]"
30,"[7, 69]"
16,"[7, 69, 13]"
29,"[7, 69, 70]"
20,"[7, 69, 6]"
17,"[7, 69, 34]"
19,"[7, 69, 33]"
21,"[7, 69, 28]"
18,"[7, 69, 55]"
20,"[7, 69, 49]"
27,"[7, 69, 48]"
23,"[7, 69, 0]"
25,"[7, 69, 29]"
25,"[7, 69, 17]"
20,"[7, 69, 54]"
19,"[7, 69, 27]"
23,"[7, 69, 69]"
22,"[7, 69, 25]"
16,"[7, 69, 12]"
18,"[7, 69, 42]"
17,"[7, 13]"
16,"[7, 53]"
27,"[7, 35]"
27,"[7, 35, 70]"
19,"[7, 35, 6]"
22,"[7, 35, 58]"
20,"[7, 35, 34]"
23,"[7, 35, 33]"
22,"[7, 35, 28]"
18,"[7, 35, 26]"
16,"[7, 35, 56]"
18,"[7, 35, 37]"
17,"[7, 35, 55]"
18,"[7, 35, 49]"
23,"[7, 35, 48]"
24,"[7, 35, 0]"
25,"[7, 35, 29]"
26,"[7, 35, 17]"
22,"[7, 35, 54]"
17,"[7, 35, 27]"
24,"[7, 35, 69]"
21,"[7, 35, 25]"
18,"[7, 35, 20]"
17,"[7, 35, 59]"
16,"[7, 8]"
23,"[7, 6]"
23,"[7, 6, 70]"
16,"[7, 6, 55]"
16,"[7, 6, 48]"
17,"[7, 6, 0]"
21,"[7, 6, 29]"
19,"[7, 6, 17]"
20,"[7, 6, 69]"
24,"[7, 4]"
16,"[7, 4, 58]"
16,"[7, 4, 33]"
18,"[7, 4, 28]"
17,"[7, 4, 56]"
23,"[7, 4, 70]"
17,"[7, 4, 49]"
22,"[7, 4, 48]"
20,"[7, 4, 0]"
17,"[7, 4, 6]"
22,"[7, 4, 29]"
20,"[7, 4, 17]"
17,"[7, 4, 54]"
19,"[7, 4, 69]"
18,"[7, 4, 25]"
25,"[7, 58]"
18,"[7, 58, 34]"
21,"[7, 58, 33]"
20,"[7, 58, 28]"
18,"[7, 58, 26]"
16,"[7, 58, 56]"
25,"[7, 58, 70]"
17,"[7, 58, 37]"
16,"[7, 58, 49]"
21,"[7, 58, 48]"
23,"[7, 58, 0]"
18,"[7, 58, 6]"
23,"[7, 58, 29]"
24,"[7, 58, 17]"
21,"[7, 58, 54]"
17,"[7, 58, 27]"
22,"[7, 58, 69]"
19,"[7, 58, 25]"
18,"[7, 58, 20]"
17,"[7, 58, 59]"
24,"[7, 26]"
22,"[7, 26, 70]"
19,"[7, 26, 48]"
18,"[7, 26, 0]"
19,"[7, 26, 29]"
20,"[7, 26, 17]"
18,"[7, 26, 69]"
19,"[7, 50]"
16,"[7, 50, 70]"
25,"[7, 56]"
25,"[7, 56, 70]"
17,"[7, 56, 37]"
17,"[7, 56, 49]"
20,"[7, 56, 48]"
20,"[7, 56, 0]"
17,"[7, 56, 6]"
23,"[7, 56, 29]"
23,"[7, 56, 17]"
21,"[7, 56, 54]"
16,"[7, 56, 35]"
20,"[7, 56, 69]"
16,"[7, 56, 34]"
18,"[7, 56, 33]"
19,"[7, 56, 28]"
21,"[7, 56, 25]"
17,"[7, 56, 20]"
17,"[7, 56, 26]"
16,"[7, 56, 50]"
24,"[7, 37]"
17,"[7, 37, 48]"
23,"[7, 37, 70]"
19,"[7, 37, 0]"
16,"[7, 37, 6]"
21,"[7, 37, 29]"
21,"[7, 37, 17]"
16,"[7, 37, 27]"
16,"[7, 37, 60]"
17,"[7, 37, 26]"
19,"[7, 37, 69]"
22,"[7, 55]"
19,"[7, 55, 70]"
16,"[7, 55, 29]"
19,"[7, 55, 69]"
23,"[7, 49]"
19,"[7, 49, 70]"
16,"[7, 49, 55]"
18,"[7, 49, 29]"
16,"[7, 49, 17]"
21,"[7, 10]"
19,"[7, 10, 56]"
20,"[7, 10, 69]"
21,"[7, 10, 70]"
17,"[7, 10, 33]"
17,"[7, 10, 28]"
19,"[7, 10, 25]"
19,"[7, 10, 48]"
18,"[7, 10, 54]"
19,"[7, 10, 0]"
16,"[7, 10, 20]"
19,"[7, 10, 17]"
17,"[7, 10, 49]"
19,"[7, 10, 29]"
18,"[7, 42]"
17,"[7, 42, 70]"
17,"[7, 60]"
16,"[7, 60, 70]"
16,"[7, 12]"
17,"[7, 59]"
17,"[7, 59, 70]"
16,"[7, 59, 29]"
16,"[7, 59, 0]"
16,"[7, 59, 17]"
16,"[7, 59, 54]"
29,[31]
22,"[31, 4]"
16,"[31, 4, 34]"
17,"[31, 4, 33]"
18,"[31, 4, 28]"
16,"[31, 4, 56]"
21,"[31, 4, 70]"
16,"[31, 4, 55]"
18,"[31, 4, 49]"
20,"[31, 4, 48]"
19,"[31, 4, 0]"
17,"[31, 4, 6]"
21,"[31, 4, 29]"
19,"[31, 4, 17]"
19,"[31, 4, 54]"
17,"[31, 4, 10]"
19,"[31, 4, 25]"
18,"[31, 4, 69]"
16,"[31, 4, 20]"
24,"[31, 58]"
19,"[31, 58, 34]"
21,"[31, 58, 33]"
21,"[31, 58, 28]"
24,"[31, 58, 70]"
20,"[31, 58, 37]"
17,"[31, 58, 55]"
18,"[31, 58, 49]"
21,"[31, 58, 48]"
21,"[31, 58, 0]"
18,"[31, 58, 6]"
24,"[31, 58, 29]"
23,"[31, 58, 17]"
23,"[31, 58, 54]"
17,"[31, 58, 27]"
21,"[31, 58, 25]"
20,"[31, 58, 69]"
18,"[31, 58, 20]"
24,"[31, 34]"
23,"[31, 34, 33]"
23,"[31, 34, 28]"
24,"[31, 34, 70]"
17,"[31, 34, 37]"
17,"[31, 34, 55]"
20,"[31, 34, 49]"
23,"[31, 34, 48]"
20,"[31, 34, 0]"
17,"[31, 34, 6]"
23,"[31, 34, 29]"
23,"[31, 34, 17]"
24,"[31, 34, 54]"
16,"[31, 34, 27]"
23,"[31, 34, 25]"
20,"[31, 34, 69]"
19,"[31, 34, 20]"
24,"[31, 33]"
23,"[31, 33, 28]"
24,"[31, 33, 70]"
18,"[31, 33, 37]"
17,"[31, 33, 55]"
20,"[31, 33, 49]"
23,"[31, 33, 48]"
20,"[31, 33, 0]"
17,"[31, 33, 6]"
23,"[31, 33, 29]"
23,"[31, 33, 17]"
24,"[31, 33, 54]"
16,"[31, 33, 27]"
23,"[31, 33, 25]"
20,"[31, 33, 69]"
19,"[31, 33, 20]"
25,"[31, 28]"
25,"[31, 28, 70]"
18,"[31, 28, 37]"
16,"[31, 28, 55]"
19,"[31, 28, 49]"
24,"[31, 28, 48]"
20,"[31, 28, 0]"
19,"[31, 28, 6]"
23,"[31, 28, 29]"
23,"[31, 28, 17]"
24,"[31, 28, 54]"
16,"[31, 28, 27]"
21,"[31, 28, 69]"
23,"[31, 28, 25]"
17,"[31, 28, 28]"
17,"[31, 28, 20]"
16,"[31, 26]"
16,"[31, 26, 17]"
18,"[31, 50]"
16,"[31, 50, 70]"
18,"[31, 50, 17]"
22,"[31, 56]"
22,"[31, 56, 70]"
19,"[31, 56, 37]"
18,"[31, 56, 55]"
19,"[31, 56, 49]"
20,"[31, 56, 48]"
20,"[31, 56, 0]"
18,"[31, 56, 6]"
22,"[31, 56, 29]"
21,"[31, 56, 17]"
21,"[31, 56, 54]"
16,"[31, 56, 27]"
18,"[31, 56, 35]"
17,"[31, 56, 58]"
17,"[31, 56, 34]"
18,"[31, 56, 33]"
20,"[31, 56, 25]"
18,"[31, 56, 28]"
19,"[31, 56, 69]"
18,"[31, 56, 20]"
28,"[31, 70]"
22,"[31, 70, 37]"
21,"[31, 70, 55]"
23,"[31, 70, 49]"
27,"[31, 70, 48]"
28,"[31, 70, 70]"
25,"[31, 70, 0]"
22,"[31, 70, 6]"
26,"[31, 70, 29]"
27,"[31, 70, 17]"
28,"[31, 70, 54]"
20,"[31, 70, 27]"
21,"[31, 70, 35]"
17,"[31, 70, 4]"
23,"[31, 70, 34]"
23,"[31, 70, 33]"
26,"[31, 70, 25]"
24,"[31, 70, 28]"
17,"[31, 70, 10]"
23,"[31, 70, 69]"
17,"[31, 70, 56]"
23,"[31, 70, 20]"
17,"[31, 70, 50]"
18,"[31, 70, 58]"
22,"[31, 37]"
21,"[31, 37, 70]"
17,"[31, 37, 0]"
20,"[31, 37, 29]"
22,"[31, 37, 17]"
17,"[31, 37, 69]"
21,"[31, 55]"
19,"[31, 55, 70]"
16,"[31, 55, 17]"
18,"[31, 55, 69]"
23,"[31, 49]"
22,"[31, 49, 70]"
17,"[31, 49, 55]"
17,"[31, 49, 0]"
21,"[31, 49, 29]"
21,"[31, 49, 17]"
19,"[31, 49, 54]"
17,"[31, 49, 69]"
27,"[31, 48]"
27,"[31, 48, 70]"
20,"[31, 48, 55]"
22,"[31, 48, 0]"
18,"[31, 48, 6]"
25,"[31, 48, 29]"
25,"[31, 48, 17]"
25,"[31, 48, 54]"
23,"[31, 48, 48]"
17,"[31, 48, 27]"
20,"[31, 48, 69]"
17,"[31, 48, 25]"
16,"[31, 48, 28]"
21,"[31, 48, 49]"
17,"[31, 48, 20]"
16,"[31, 48, 37]"
29,"[31, 0]"
17,"[31, 0, 1]"
25,"[31, 0, 6]"
28,"[31, 0, 29]"
26,"[31, 0, 17]"
27,"[31, 0, 70]"
26,"[31, 0, 54]"
20,"[31, 0, 55]"
25,"[31, 0, 48]"
19,"[31, 0, 27]"
19,"[31, 0, 3]"
19,"[31, 0, 4]"
20,"[31, 0, 10]"
19,"[31, 0, 56]"
23,"[31, 0, 35]"
21,"[31, 0, 58]"
24,"[31, 0, 0]"
20,"[31, 0, 37]"
21,"[31, 0, 34]"
20,"[31, 0, 33]"
24,"[31, 0, 25]"
21,"[31, 0, 28]"
23,"[31, 0, 69]"
21,"[31, 0, 49]"
20,"[31, 0, 20]"
18,"[31, 1]"
17,"[31, 1, 29]"
16,"[31, 1, 70]"
26,"[31, 6]"
24,"[31, 6, 29]"
25,"[31, 6, 17]"
26,"[31, 6, 70]"
25,"[31, 6, 54]"
20,"[31, 6, 55]"
24,"[31, 6, 48]"
20,"[31, 6, 6]"
18,"[31, 6, 27]"
18,"[31, 6, 4]"
20,"[31, 6, 10]"
20,"[31, 6, 56]"
22,"[31, 6, 35]"
21,"[31, 6, 58]"
21,"[31, 6, 0]"
16,"[31, 6, 7]"
20,"[31, 6, 37]"
20,"[31, 6, 34]"
20,"[31, 6, 33]"
24,"[31, 6, 25]"
21,"[31, 6, 28]"
21,"[31, 6, 69]"
20,"[31, 6, 49]"
16,"[31, 6, 50]"
21,"[31, 6, 20]"
28,"[31, 29]"
25,"[31, 29, 29]"
27,"[31, 29, 17]"
27,"[31, 29, 70]"
24,"[31, 29, 54]"
19,"[31, 29, 55]"
24,"[31, 29, 48]"
26,"[31, 29, 6]"
19,"[31, 29, 27]"
23,"[31, 29, 0]"
19,"[31, 29, 4]"
21,"[31, 29, 10]"
20,"[31, 29, 56]"
21,"[31, 29, 35]"
20,"[31, 29, 58]"
16,"[31, 29, 7]"
20,"[31, 29, 37]"
20,"[31, 29, 34]"
20,"[31, 29, 33]"
23,"[31, 29, 25]"
20,"[31, 29, 28]"
21,"[31, 29, 69]"
20,"[31, 29, 49]"
21,"[31, 29, 20]"
16,"[31, 29, 50]"
28,"[31, 17]"
28,"[31, 17, 70]"
25,"[31, 17, 54]"
20,"[31, 17, 55]"
25,"[31, 17, 48]"
25,"[31, 17, 6]"
27,"[31, 17, 29]"
27,"[31, 17, 17]"
21,"[31, 17, 27]"
26,"[31, 17, 0]"
18,"[31, 17, 3]"
19,"[31, 17, 4]"
21,"[31, 17, 10]"
19,"[31, 17, 56]"
22,"[31, 17, 35]"
19,"[31, 17, 58]"
20,"[31, 17, 37]"
21,"[31, 17, 34]"
21,"[31, 17, 33]"
23,"[31, 17, 25]"
21,"[31, 17, 28]"
22,"[31, 17, 69]"
21,"[31, 17, 49]"
20,"[31, 17, 20]"
16,"[31, 17, 50]"
28,"[31, 54]"
18,"[31, 54, 55]"
27,"[31, 54, 70]"
19,"[31, 54, 48]"
16,"[31, 54, 6]"
25,"[31, 54, 29]"
26,"[31, 54, 17]"
17,"[31, 54, 27]"
23,"[31, 54, 69]"
16,"[31, 54, 49]"
17,"[31, 54, 54]"
16,"[31, 54, 20]"
19,"[31, 54, 0]"
27,"[31, 27]"
26,"[31, 27, 17]"
25,"[31, 27, 29]"
25,"[31, 27, 0]"
17,"[31, 27, 3]"
24,"[31, 27, 6]"
18,"[31, 27, 27]"
19,"[31, 27, 4]"
18,"[31, 27, 10]"
18,"[31, 27, 56]"
21,"[31, 27, 35]"
19,"[31, 27, 58]"
26,"[31, 27, 70]"
17,"[31, 27, 37]"
21,"[31, 27, 34]"
20,"[31, 27, 33]"
23,"[31, 27, 25]"
21,"[31, 27, 28]"
24,"[31, 27, 48]"
21,"[31, 27, 69]"
21,"[31, 27, 49]"
24,"[31, 27, 54]"
19,"[31, 27, 55]"
19,"[31, 27, 20]"
24,"[31, 8]"
20,"[31, 8, 27]"
22,"[31, 8, 17]"
21,"[31, 8, 29]"
22,"[31, 8, 0]"
19,"[31, 8, 6]"
16,"[31, 8, 4]"
18,"[31, 8, 10]"
18,"[31, 8, 56]"
20,"[31, 8, 35]"
18,"[31, 8, 58]"
22,"[31, 8, 70]"
17,"[31, 8, 37]"
17,"[31, 8, 34]"
18,"[31, 8, 33]"
19,"[31, 8, 25]"
19,"[31, 8, 28]"
18,"[31, 8, 48]"
19,"[31, 8, 69]"
16,"[31, 8, 49]"
21,"[31, 8, 54]"
16,"[31, 8, 55]"
17,"[31, 8, 20]"
19,"[31, 3]"
19,"[31, 3, 6]"
18,"[31, 3, 17]"
19,"[31, 3, 29]"
19,"[31, 3, 70]"
18,"[31, 3, 0]"
18,"[31, 3, 25]"
17,"[31, 3, 48]"
16,"[31, 3, 69]"
16,"[31, 3, 49]"
18,"[31, 3, 54]"
22,"[31, 10]"
20,"[31, 10, 56]"
18,"[31, 10, 35]"
16,"[31, 10, 58]"
22,"[31, 10, 70]"
20,"[31, 10, 17]"
21,"[31, 10, 29]"
16,"[31, 10, 6]"
19,"[31, 10, 0]"
17,"[31, 10, 37]"
16,"[31, 10, 34]"
17,"[31, 10, 33]"
19,"[31, 10, 25]"
17,"[31, 10, 28]"
20,"[31, 10, 48]"
19,"[31, 10, 69]"
18,"[31, 10, 49]"
20,"[31, 10, 54]"
16,"[31, 10, 55]"
17,"[31, 10, 20]"
25,"[31, 35]"
21,"[31, 35, 58]"
25,"[31, 35, 70]"
23,"[31, 35, 17]"
16,"[31, 35, 27]"
24,"[31, 35, 29]"
18,"[31, 35, 6]"
21,"[31, 35, 0]"
20,"[31, 35, 37]"
19,"[31, 35, 34]"
20,"[31, 35, 33]"
22,"[31, 35, 25]"
20,"[31, 35, 28]"
22,"[31, 35, 48]"
22,"[31, 35, 69]"
19,"[31, 35, 49]"
24,"[31, 35, 54]"
18,"[31, 35, 55]"
19,"[31, 35, 20]"
16,"[31, 7]"
16,"[31, 7, 70]"
26,"[31, 25]"
16,"[31, 25, 28]"
25,"[31, 25, 48]"
21,"[31, 25, 0]"
19,"[31, 25, 6]"
25,"[31, 25, 17]"
24,"[31, 25, 29]"
17,"[31, 25, 27]"
20,"[31, 25, 69]"
26,"[31, 25, 70]"
17,"[31, 25, 25]"
21,"[31, 25, 49]"
24,"[31, 25, 54]"
19,"[31, 25, 55]"
17,"[31, 25, 20]"
18,"[31, 25, 37]"
24,"[31, 69]"
23,"[31, 69, 70]"
16,"[31, 69, 34]"
21,"[31, 69, 48]"
19,"[31, 69, 25]"
17,"[31, 69, 49]"
19,"[31, 69, 54]"
20,"[31, 69, 69]"
21,"[31, 69, 17]"
21,"[31, 69, 29]"
18,"[31, 69, 6]"
16,"[31, 69, 20]"
16,"[31, 69, 37]"
19,"[31, 69, 0]"
17,"[31, 69, 42]"
23,"[31, 20]"
18,"[31, 20, 37]"
18,"[31, 20, 69]"
22,"[31, 20, 70]"
18,"[31, 20, 49]"
21,"[31, 20, 54]"
18,"[31, 20, 0]"
18,"[31, 20, 29]"
21,"[31, 20, 17]"
20,"[31, 20, 48]"
20,"[31, 20, 25]"
18,"[31, 20, 28]"
17,"[31, 42]"
17,[5]
17,"[5, 70]"
16,"[5, 70, 70]"
16,"[5, 29]"
20,[36]
20,"[36, 17]"
16,"[36, 17, 17]"
16,"[36, 17, 29]"
17,"[36, 17, 70]"
16,"[36, 17, 69]"
18,"[36, 29]"
16,"[36, 29, 17]"
18,"[36, 29, 70]"
16,"[36, 0]"
19,"[36, 70]"
18,"[36, 70, 17]"
16,"[36, 70, 29]"
16,"[36, 70, 70]"
16,"[36, 69]"
29,[9]
28,"[9, 27]"
28,"[9, 27, 17]"
23,"[9, 27, 27]"
27,"[9, 27, 29]"
27,"[9, 27, 0]"
21,"[9, 27, 3]"
28,"[9, 27, 6]"
20,"[9, 27, 7]"
22,"[9, 27, 4]"
28,"[9, 27, 70]"
20,"[9, 27, 55]"
23,"[9, 27, 33]"
24,"[9, 27, 69]"
26,"[9, 27, 54]"
27,"[9, 27, 48]"
20,"[9, 27, 56]"
24,"[9, 27, 28]"
26,"[9, 27, 25]"
19,"[9, 27, 10]"
23,"[9, 27, 20]"
22,"[9, 27, 34]"
23,"[9, 27, 35]"
22,"[9, 27, 58]"
17,"[9, 27, 37]"
16,"[9, 27, 26]"
20,"[9, 27, 49]"
18,"[9, 27, 63]"
28,"[9, 17]"
22,"[9, 17, 27]"
27,"[9, 17, 17]"
27,"[9, 17, 29]"
27,"[9, 17, 0]"
22,"[9, 17, 3]"
27,"[9, 17, 6]"
19,"[9, 17, 7]"
21,"[9, 17, 4]"
28,"[9, 17, 70]"
20,"[9, 17, 55]"
23,"[9, 17, 33]"
24,"[9, 17, 69]"
16,"[9, 17, 42]"
25,"[9, 17, 54]"
26,"[9, 17, 48]"
20,"[9, 17, 56]"
23,"[9, 17, 28]"
25,"[9, 17, 25]"
19,"[9, 17, 10]"
22,"[9, 17, 20]"
22,"[9, 17, 34]"
23,"[9, 17, 35]"
22,"[9, 17, 58]"
18,"[9, 17, 37]"
17,"[9, 17, 26]"
19,"[9, 17, 49]"
18,"[9, 17, 63]"
27,"[9, 29]"
25,"[9, 29, 0]"
27,"[9, 29, 6]"
21,"[9, 29, 7]"
20,"[9, 29, 4]"
25,"[9, 29, 29]"
27,"[9, 29, 70]"
19,"[9, 29, 55]"
23,"[9, 29, 33]"
23,"[9, 29, 69]"
16,"[9, 29, 42]"
25,"[9, 29, 54]"
26,"[9, 29, 48]"
21,"[9, 29, 56]"
23,"[9, 29, 28]"
25,"[9, 29, 25]"
20,"[9, 29, 10]"
16,"[9, 29, 11]"
23,"[9, 29, 20]"
22,"[9, 29, 34]"
16,"[9, 29, 32]"
20,"[9, 29, 27]"
23,"[9, 29, 35]"
23,"[9, 29, 58]"
26,"[9, 29, 17]"
18,"[9, 29, 37]"
17,"[9, 29, 26]"
19,"[9, 29, 49]"
18,"[9, 29, 63]"
28,"[9, 0]"
23,"[9, 0, 3]"
26,"[9, 0, 6]"
19,"[9, 0, 7]"
20,"[9, 0, 4]"
27,"[9, 0, 29]"
26,"[9, 0, 70]"
19,"[9, 0, 55]"
25,"[9, 0, 0]"
22,"[9, 0, 33]"
23,"[9, 0, 69]"
16,"[9, 0, 42]"
24,"[9, 0, 54]"
25,"[9, 0, 48]"
20,"[9, 0, 56]"
22,"[9, 0, 28]"
24,"[9, 0, 25]"
19,"[9, 0, 10]"
21,"[9, 0, 20]"
21,"[9, 0, 34]"
21,"[9, 0, 27]"
22,"[9, 0, 35]"
22,"[9, 0, 58]"
26,"[9, 0, 17]"
18,"[9, 0, 37]"
16,"[9, 0, 26]"
18,"[9, 0, 49]"
17,"[9, 0, 63]"
24,"[9, 3]"
23,"[9, 3, 6]"
17,"[9, 3, 7]"
19,"[9, 3, 4]"
23,"[9, 3, 29]"
23,"[9, 3, 70]"
18,"[9, 3, 55]"
22,"[9, 3, 0]"
20,"[9, 3, 33]"
21,"[9, 3, 69]"
22,"[9, 3, 54]"
23,"[9, 3, 48]"
18,"[9, 3, 56]"
20,"[9, 3, 28]"
22,"[9, 3, 25]"
17,"[9, 3, 10]"
20,"[9, 3, 20]"
19,"[9, 3, 34]"
16,"[9, 3, 32]"
18,"[9, 3, 27]"
20,"[9, 3, 35]"
20,"[9, 3, 58]"
22,"[9, 3, 17]"
16,"[9, 3, 49]"
16,"[9, 3, 63]"
28,"[9, 6]"
21,"[9, 6, 7]"
20,"[9, 6, 4]"
25,"[9, 6, 29]"
28,"[9, 6, 70]"
20,"[9, 6, 55]"
20,"[9, 6, 6]"
23,"[9, 6, 0]"
22,"[9, 6, 33]"
23,"[9, 6, 69]"
25,"[9, 6, 54]"
25,"[9, 6, 48]"
20,"[9, 6, 56]"
22,"[9, 6, 28]"
24,"[9, 6, 25]"
21,"[9, 6, 34]"
19,"[9, 6, 27]"
22,"[9, 6, 35]"
22,"[9, 6, 58]"
26,"[9, 6, 17]"
17,"[9, 6, 37]"
16,"[9, 6, 26]"
17,"[9, 6, 10]"
18,"[9, 6, 49]"
22,"[9, 6, 20]"
17,"[9, 6, 63]"
21,"[9, 7]"
17,"[9, 7, 29]"
21,"[9, 7, 70]"
16,"[9, 7, 0]"
18,"[9, 7, 33]"
18,"[9, 7, 69]"
19,"[9, 7, 54]"
20,"[9, 7, 48]"
19,"[9, 7, 28]"
19,"[9, 7, 25]"
17,"[9, 7, 34]"
17,"[9, 7, 35]"
17,"[9, 7, 58]"
18,"[9, 7, 17]"
16,"[9, 7, 20]"
22,"[9, 4]"
19,"[9, 4, 29]"
21,"[9, 4, 70]"
16,"[9, 4, 6]"
18,"[9, 4, 0]"
17,"[9, 4, 33]"
18,"[9, 4, 69]"
18,"[9, 4, 54]"
19,"[9, 4, 48]"
17,"[9, 4, 28]"
18,"[9, 4, 25]"
16,"[9, 4, 34]"
16,"[9, 4, 58]"
17,"[9, 4, 17]"
28,"[9, 70]"
20,"[9, 70, 55]"
27,"[9, 70, 70]"
25,"[9, 70, 29]"
18,"[9, 70, 4]"
21,"[9, 70, 6]"
25,"[9, 70, 0]"
23,"[9, 70, 33]"
23,"[9, 70, 69]"
26,"[9, 70, 54]"
27,"[9, 70, 48]"
17,"[9, 70, 56]"
24,"[9, 70, 28]"
26,"[9, 70, 25]"
24,"[9, 70, 20]"
23,"[9, 70, 34]"
19,"[9, 70, 27]"
18,"[9, 70, 35]"
17,"[9, 70, 58]"
25,"[9, 70, 17]"
18,"[9, 70, 37]"
17,"[9, 70, 26]"
20,"[9, 70, 49]"
18,"[9, 70, 63]"
20,"[9, 55]"
17,"[9, 55, 70]"
17,"[9, 55, 69]"
23,"[9, 33]"
20,"[9, 33, 69]"
23,"[9, 33, 70]"
22,"[9, 33, 54]"
16,"[9, 33, 55]"
22,"[9, 33, 48]"
22,"[9, 33, 28]"
23,"[9, 33, 25]"
22,"[9, 33, 29]"
22,"[9, 33, 17]"
19,"[9, 33, 0]"
16,"[9, 33, 37]"
16,"[9, 33, 34]"
17,"[9, 33, 49]"
18,"[9, 33, 20]"
24,"[9, 69]"
17,"[9, 69, 42]"
22,"[9, 69, 69]"
24,"[9, 69, 70]"
19,"[9, 69, 54]"
17,"[9, 69, 55]"
18,"[9, 69, 33]"
23,"[9, 69, 48]"
18,"[9, 69, 28]"
21,"[9, 69, 25]"
21,"[9, 69, 29]"
16,"[9, 69, 35]"
21,"[9, 69, 17]"
20,"[9, 69, 0]"
19,"[9, 69, 6]"
16,"[9, 69, 4]"
17,"[9, 69, 34]"
18,"[9, 69, 20]"
17,"[9, 42]"
16,"[9, 42, 69]"
17,"[9, 42, 70]"
16,"[9, 42, 48]"
26,"[9, 54]"
17,"[9, 54, 55]"
19,"[9, 54, 48]"
20,"[9, 54, 69]"
26,"[9, 54, 70]"
18,"[9, 54, 54]"
16,"[9, 54, 28]"
16,"[9, 54, 25]"
23,"[9, 54, 29]"
24,"[9, 54, 17]"
21,"[9, 54, 0]"
27,"[9, 48]"
20,"[9, 48, 69]"
27,"[9, 48, 70]"
23,"[9, 48, 54]"
20,"[9, 48, 48]"
18,"[9, 48, 55]"
17,"[9, 48, 28]"
19,"[9, 48, 25]"
25,"[9, 48, 29]"
25,"[9, 48, 17]"
21,"[9, 48, 0]"
17,"[9, 48, 6]"
19,"[9, 48, 49]"
23,"[9, 56]"
20,"[9, 56, 28]"
21,"[9, 56, 25]"
23,"[9, 56, 70]"
21,"[9, 56, 54]"
22,"[9, 56, 29]"
19,"[9, 56, 20]"
17,"[9, 56, 6]"
19,"[9, 56, 34]"
20,"[9, 56, 33]"
20,"[9, 56, 69]"
16,"[9, 56, 27]"
20,"[9, 56, 35]"
19,"[9, 56, 58]"
21,"[9, 56, 17]"
21,"[9, 56, 0]"
16,"[9, 56, 37]"
20,"[9, 56, 48]"
17,"[9, 56, 49]"
16,"[9, 56, 55]"
24,"[9, 28]"
23,"[9, 28, 25]"
24,"[9, 28, 70]"
22,"[9, 28, 54]"
23,"[9, 28, 29]"
19,"[9, 28, 69]"
23,"[9, 28, 17]"
20,"[9, 28, 0]"
18,"[9, 28, 6]"
22,"[9, 28, 48]"
20,"[9, 28, 28]"
16,"[9, 28, 49]"
26,"[9, 25]"
26,"[9, 25, 70]"
22,"[9, 25, 54]"
24,"[9, 25, 29]"
18,"[9, 25, 69]"
16,"[9, 25, 27]"
25,"[9, 25, 17]"
19,"[9, 25, 0]"
18,"[9, 25, 6]"
24,"[9, 25, 48]"
16,"[9, 25, 28]"
19,"[9, 25, 49]"
17,"[9, 25, 55]"
21,"[9, 10]"
18,"[9, 10, 11]"
21,"[9, 10, 56]"
21,"[9, 10, 70]"
18,"[9, 10, 20]"
20,"[9, 10, 29]"
16,"[9, 10, 6]"
18,"[9, 10, 34]"
19,"[9, 10, 33]"
18,"[9, 10, 28]"
19,"[9, 10, 25]"
19,"[9, 10, 54]"
19,"[9, 10, 69]"
19,"[9, 10, 35]"
18,"[9, 10, 58]"
20,"[9, 10, 17]"
20,"[9, 10, 0]"
20,"[9, 10, 48]"
16,"[9, 10, 49]"
18,"[9, 11]"
18,"[9, 11, 56]"
18,"[9, 11, 70]"
17,"[9, 11, 29]"
16,"[9, 11, 33]"
16,"[9, 11, 25]"
16,"[9, 11, 54]"
17,"[9, 11, 69]"
17,"[9, 11, 35]"
16,"[9, 11, 58]"
17,"[9, 11, 17]"
17,"[9, 11, 0]"
17,"[9, 11, 48]"
24,"[9, 20]"
18,"[9, 20, 29]"
22,"[9, 20, 70]"
17,"[9, 20, 28]"
18,"[9, 20, 25]"
19,"[9, 20, 54]"
19,"[9, 20, 69]"
21,"[9, 20, 17]"
17,"[9, 20, 0]"
20,"[9, 20, 48]"
23,"[9, 34]"
20,"[9, 34, 33]"
21,"[9, 34, 28]"
23,"[9, 34, 25]"
23,"[9, 34, 70]"
21,"[9, 34, 54]"
19,"[9, 34, 69]"
16,"[9, 34, 27]"
23,"[9, 34, 17]"
19,"[9, 34, 0]"
22,"[9, 34, 29]"
16,"[9, 34, 6]"
16,"[9, 34, 37]"
22,"[9, 34, 48]"
18,"[9, 34, 49]"
18,"[9, 34, 20]"
16,"[9, 32]"
16,"[9, 32, 17]"
24,"[9, 35]"
20,"[9, 35, 58]"
23,"[9, 35, 17]"
22,"[9, 35, 0]"
23,"[9, 35, 29]"
18,"[9, 35, 6]"
24,"[9, 35, 70]"
16,"[9, 35, 37]"
20,"[9, 35, 25]"
17,"[9, 35, 27]"
21,"[9, 35, 48]"
20,"[9, 35, 69]"
16,"[9, 35, 56]"
22,"[9, 35, 54]"
20,"[9, 35, 34]"
20,"[9, 35, 33]"
19,"[9, 35, 28]"
17,"[9, 35, 49]"
17,"[9, 35, 55]"
18,"[9, 35, 20]"
23,"[9, 58]"
22,"[9, 58, 17]"
21,"[9, 58, 0]"
22,"[9, 58, 29]"
16,"[9, 58, 6]"
23,"[9, 58, 70]"
19,"[9, 58, 25]"
16,"[9, 58, 27]"
20,"[9, 58, 48]"
20,"[9, 58, 69]"
17,"[9, 58, 56]"
21,"[9, 58, 54]"
18,"[9, 58, 34]"
20,"[9, 58, 33]"
18,"[9, 58, 28]"
16,"[9, 58, 49]"
17,"[9, 58, 55]"
18,"[9, 58, 20]"
18,"[9, 37]"
16,"[9, 37, 29]"
18,"[9, 37, 17]"
17,"[9, 37, 70]"
17,"[9, 26]"
16,"[9, 26, 17]"
16,"[9, 26, 70]"
20,"[9, 49]"
19,"[9, 49, 70]"
16,"[9, 49, 55]"
17,"[9, 49, 29]"
18,"[9, 49, 17]"
18,"[9, 49, 54]"
16,"[9, 49, 0]"
16,"[9, 65]"
16,"[9, 65, 17]"
16,"[9, 65, 0]"
16,"[9, 65, 29]"
16,"[9, 65, 70]"
16,"[9, 65, 25]"
16,"[9, 65, 48]"
16,"[9, 65, 54]"
18,"[9, 63]"
18,"[9, 63, 70]"
17,"[9, 63, 54]"
17,"[9, 63, 17]"
16,"[9, 63, 25]"
18,"[9, 63, 48]"
21,[65]
19,"[65, 32]"
18,"[65, 32, 18]"
18,"[65, 32, 8]"
19,"[65, 32, 27]"
19,"[65, 32, 17]"
19,"[65, 32, 70]"
19,"[65, 32, 0]"
19,"[65, 32, 29]"
19,"[65, 32, 6]"
17,"[65, 32, 69]"
17,"[65, 32, 34]"
17,"[65, 32, 33]"
17,"[65, 32, 28]"
19,"[65, 32, 25]"
19,"[65, 32, 48]"
19,"[65, 32, 54]"
17,"[65, 32, 20]"
16,"[65, 32, 65]"
16,"[65, 32, 63]"
18,"[65, 18]"
18,"[65, 18, 8]"
18,"[65, 18, 27]"
18,"[65, 18, 17]"
18,"[65, 18, 70]"
18,"[65, 18, 0]"
18,"[65, 18, 29]"
18,"[65, 18, 6]"
16,"[65, 18, 34]"
16,"[65, 18, 33]"
16,"[65, 18, 28]"
17,"[65, 18, 25]"
17,"[65, 18, 48]"
18,"[65, 18, 54]"
16,"[65, 18, 10]"
16,"[65, 18, 20]"
18,"[65, 8]"
18,"[65, 8, 27]"
18,"[65, 8, 17]"
18,"[65, 8, 70]"
18,"[65, 8, 0]"
18,"[65, 8, 29]"
18,"[65, 8, 6]"
16,"[65, 8, 28]"
17,"[65, 8, 25]"
17,"[65, 8, 48]"
18,"[65, 8, 54]"
16,"[65, 8, 20]"
20,"[65, 27]"
20,"[65, 27, 17]"
20,"[65, 27, 70]"
20,"[65, 27, 0]"
20,"[65, 27, 29]"
20,"[65, 27, 6]"
17,"[65, 27, 69]"
18,"[65, 27, 35]"
18,"[65, 27, 58]"
17,"[65, 27, 34]"
17,"[65, 27, 33]"
17,"[65, 27, 28]"
19,"[65, 27, 25]"
19,"[65, 27, 48]"
20,"[65, 27, 54]"
16,"[65, 27, 3]"
17,"[65, 27, 20]"
17,"[65, 27, 10]"
17,"[65, 27, 65]"
17,"[65, 27, 63]"
21,"[65, 17]"
21,"[65, 17, 70]"
20,"[65, 17, 0]"
21,"[65, 17, 29]"
19,"[65, 17, 6]"
17,"[65, 17, 69]"
17,"[65, 17, 35]"
17,"[65, 17, 58]"
16,"[65, 17, 34]"
17,"[65, 17, 33]"
16,"[65, 17, 28]"
18,"[65, 17, 25]"
19,"[65, 17, 48]"
19,"[65, 17, 54]"
21,"[65, 17, 17]"
16,"[65, 17, 3]"
17,"[65, 17, 20]"
17,"[65, 17, 10]"
18,"[65, 17, 65]"
18,"[65, 17, 63]"
21,"[65, 70]"
19,"[65, 70, 0]"
20,"[65, 70, 29]"
17,"[65, 70, 6]"
17,"[65, 70, 69]"
21,"[65, 70, 70]"
18,"[65, 70, 34]"
18,"[65, 70, 33]"
19,"[65, 70, 28]"
20,"[65, 70, 25]"
20,"[65, 70, 48]"
21,"[65, 70, 54]"
20,"[65, 70, 17]"
18,"[65, 70, 20]"
18,"[65, 70, 63]"
16,"[65, 70, 65]"
20,"[65, 0]"
20,"[65, 0, 29]"
19,"[65, 0, 6]"
17,"[65, 0, 69]"
17,"[65, 0, 35]"
17,"[65, 0, 58]"
19,"[65, 0, 70]"
16,"[65, 0, 34]"
16,"[65, 0, 33]"
16,"[65, 0, 28]"
18,"[65, 0, 25]"
18,"[65, 0, 48]"
19,"[65, 0, 54]"
20,"[65, 0, 17]"
18,"[65, 0, 0]"
16,"[65, 0, 3]"
16,"[65, 0, 20]"
17,"[65, 0, 65]"
16,"[65, 0, 63]"
21,"[65, 29]"
20,"[65, 29, 6]"
20,"[65, 29, 29]"
17,"[65, 29, 69]"
18,"[65, 29, 35]"
18,"[65, 29, 58]"
21,"[65, 29, 70]"
17,"[65, 29, 34]"
17,"[65, 29, 33]"
17,"[65, 29, 28]"
19,"[65, 29, 25]"
20,"[65, 29, 48]"
20,"[65, 29, 54]"
21,"[65, 29, 17]"
19,"[65, 29, 0]"
18,"[65, 29, 20]"
16,"[65, 29, 10]"
18,"[65, 29, 65]"
18,"[65, 29, 63]"
20,"[65, 6]"
18,"[65, 6, 29]"
17,"[65, 6, 69]"
18,"[65, 6, 35]"
18,"[65, 6, 58]"
20,"[65, 6, 70]"
17,"[65, 6, 34]"
17,"[65, 6, 33]"
17,"[65, 6, 28]"
19,"[65, 6, 25]"
19,"[65, 6, 48]"
20,"[65, 6, 54]"
20,"[65, 6, 17]"
18,"[65, 6, 0]"
17,"[65, 6, 20]"
16,"[65, 6, 65]"
16,"[65, 6, 63]"
19,"[65, 69]"
18,"[65, 69, 70]"
17,"[65, 69, 25]"
17,"[65, 69, 48]"
18,"[65, 69, 54]"
17,"[65, 69, 17]"
17,"[65, 69, 0]"
17,"[65, 69, 29]"
16,"[65, 69, 6]"
16,"[65, 69, 12]"
19,"[65, 35]"
18,"[65, 35, 58]"
19,"[65, 35, 70]"
17,"[65, 35, 69]"
16,"[65, 35, 34]"
17,"[65, 35, 33]"
16,"[65, 35, 28]"
17,"[65, 35, 25]"
17,"[65, 35, 48]"
18,"[65, 35, 54]"
18,"[65, 35, 17]"
17,"[65, 35, 0]"
18,"[65, 35, 29]"
16,"[65, 35, 65]"
19,"[65, 58]"
19,"[65, 58, 70]"
17,"[65, 58, 69]"
17,"[65, 58, 33]"
16,"[65, 58, 28]"
17,"[65, 58, 25]"
17,"[65, 58, 48]"
18,"[65, 58, 54]"
18,"[65, 58, 17]"
17,"[65, 58, 0]"
18,"[65, 58, 29]"
16,"[65, 58, 65]"
18,"[65, 34]"
17,"[65, 34, 33]"
18,"[65, 34, 28]"
18,"[65, 34, 25]"
18,"[65, 34, 70]"
18,"[65, 34, 48]"
16,"[65, 34, 69]"
17,"[65, 34, 54]"
18,"[65, 34, 17]"
17,"[65, 34, 29]"
16,"[65, 34, 20]"
18,"[65, 33]"
18,"[65, 33, 28]"
18,"[65, 33, 25]"
18,"[65, 33, 70]"
18,"[65, 33, 48]"
16,"[65, 33, 69]"
18,"[65, 33, 54]"
18,"[65, 33, 17]"
16,"[65, 33, 0]"
17,"[65, 33, 29]"
16,"[65, 33, 20]"
19,"[65, 28]"
18,"[65, 28, 25]"
19,"[65, 28, 70]"
19,"[65, 28, 48]"
17,"[65, 28, 69]"
19,"[65, 28, 54]"
19,"[65, 28, 17]"
17,"[65, 28, 0]"
18,"[65, 28, 29]"
20,"[65, 25]"
20,"[65, 25, 70]"
20,"[65, 25, 48]"
16,"[65, 25, 54]"
20,"[65, 25, 17]"
18,"[65, 25, 29]"
20,"[65, 48]"
17,"[65, 48, 54]"
20,"[65, 48, 17]"
16,"[65, 48, 0]"
19,"[65, 48, 29]"
20,"[65, 48, 70]"
16,"[65, 48, 48]"
21,"[65, 54]"
16,"[65, 54, 69]"
17,"[65, 54, 54]"
20,"[65, 54, 17]"
17,"[65, 54, 0]"
18,"[65, 54, 29]"
21,"[65, 54, 70]"
16,"[65, 12]"
16,"[65, 3]"
16,"[65, 3, 29]"
16,"[65, 3, 6]"
16,"[65, 3, 70]"
16,"[65, 3, 17]"
16,"[65, 3, 25]"
16,"[65, 3, 48]"
16,"[65, 3, 54]"
18,"[65, 20]"
17,"[65, 20, 17]"
17,"[65, 20, 70]"
19,"[65, 10]"
17,"[65, 10, 0]"
19,"[65, 10, 70]"
16,"[65, 10, 33]"
16,"[65, 10, 25]"
17,"[65, 10, 48]"
18,"[65, 10, 17]"
18,"[65, 10, 29]"
16,"[65, 10, 69]"
17,"[65, 10, 54]"
16,"[65, 10, 65]"
16,"[65, 10, 56]"
16,"[65, 10, 63]"
18,"[65, 65]"
17,"[65, 65, 29]"
18,"[65, 65, 70]"
16,"[65, 65, 63]"
17,"[65, 65, 54]"
16,"[65, 65, 0]"
17,"[65, 65, 17]"
16,"[65, 65, 25]"
17,"[65, 65, 48]"
18,"[65, 63]"
18,"[65, 63, 70]"
17,"[65, 63, 54]"
17,"[65, 63, 17]"
16,"[65, 63, 25]"
17,"[65, 63, 48]"
16,"[65, 56]"
16,"[65, 56, 70]"
25,[67]
24,"[67, 12]"
24,"[67, 12, 42]"
24,"[67, 12, 70]"
22,"[67, 12, 32]"
20,"[67, 12, 18]"
20,"[67, 12, 8]"
23,"[67, 12, 69]"
17,"[67, 12, 14]"
23,"[67, 12, 51]"
18,"[67, 12, 12]"
20,"[67, 12, 53]"
16,"[67, 12, 9]"
21,"[67, 12, 10]"
19,"[67, 12, 56]"
22,"[67, 12, 27]"
23,"[67, 12, 17]"
23,"[67, 12, 0]"
17,"[67, 12, 3]"
23,"[67, 12, 29]"
21,"[67, 12, 6]"
19,"[67, 12, 35]"
19,"[67, 12, 58]"
19,"[67, 12, 34]"
20,"[67, 12, 33]"
21,"[67, 12, 20]"
21,"[67, 12, 28]"
22,"[67, 12, 25]"
23,"[67, 12, 48]"
17,"[67, 12, 49]"
20,"[67, 12, 13]"
17,"[67, 12, 26]"
24,"[67, 12, 54]"
16,"[67, 12, 55]"
18,"[67, 12, 63]"
24,"[67, 42]"
24,"[67, 42, 70]"
23,"[67, 42, 32]"
21,"[67, 42, 18]"
21,"[67, 42, 8]"
24,"[67, 42, 69]"
17,"[67, 42, 14]"
23,"[67, 42, 51]"
19,"[67, 42, 12]"
22,"[67, 42, 42]"
21,"[67, 42, 53]"
17,"[67, 42, 9]"
22,"[67, 42, 10]"
20,"[67, 42, 56]"
16,"[67, 42, 65]"
23,"[67, 42, 27]"
24,"[67, 42, 17]"
24,"[67, 42, 0]"
18,"[67, 42, 3]"
24,"[67, 42, 29]"
16,"[67, 42, 4]"
22,"[67, 42, 6]"
20,"[67, 42, 35]"
20,"[67, 42, 58]"
19,"[67, 42, 34]"
20,"[67, 42, 33]"
22,"[67, 42, 20]"
21,"[67, 42, 28]"
22,"[67, 42, 25]"
23,"[67, 42, 48]"
17,"[67, 42, 49]"
21,"[67, 42, 13]"
18,"[67, 42, 26]"
24,"[67, 42, 54]"
17,"[67, 42, 55]"
19,"[67, 42, 63]"
25,"[67, 70]"
20,"[67, 70, 32]"
18,"[67, 70, 18]"
17,"[67, 70, 8]"
21,"[67, 70, 69]"
17,"[67, 70, 51]"
17,"[67, 70, 12]"
19,"[67, 70, 42]"
17,"[67, 70, 53]"
24,"[67, 70, 70]"
21,"[67, 70, 10]"
20,"[67, 70, 56]"
16,"[67, 70, 65]"
20,"[67, 70, 27]"
23,"[67, 70, 17]"
24,"[67, 70, 0]"
17,"[67, 70, 3]"
23,"[67, 70, 29]"
16,"[67, 70, 4]"
21,"[67, 70, 6]"
20,"[67, 70, 35]"
19,"[67, 70, 58]"
20,"[67, 70, 34]"
20,"[67, 70, 33]"
22,"[67, 70, 20]"
21,"[67, 70, 28]"
22,"[67, 70, 25]"
23,"[67, 70, 48]"
17,"[67, 70, 49]"
17,"[67, 70, 13]"
18,"[67, 70, 26]"
25,"[67, 70, 54]"
18,"[67, 70, 55]"
20,"[67, 70, 63]"
24,"[67, 32]"
21,"[67, 32, 18]"
22,"[67, 32, 8]"
21,"[67, 32, 69]"
16,"[67, 32, 42]"
18,"[67, 32, 9]"
24,"[67, 32, 70]"
22,"[67, 32, 10]"
20,"[67, 32, 56]"
23,"[67, 32, 27]"
24,"[67, 32, 17]"
24,"[67, 32, 0]"
19,"[67, 32, 3]"
24,"[67, 32, 29]"
17,"[67, 32, 4]"
22,"[67, 32, 6]"
20,"[67, 32, 35]"
20,"[67, 32, 58]"
20,"[67, 32, 34]"
21,"[67, 32, 33]"
23,"[67, 32, 20]"
21,"[67, 32, 28]"
22,"[67, 32, 25]"
23,"[67, 32, 48]"
18,"[67, 32, 49]"
16,"[67, 32, 26]"
24,"[67, 32, 54]"
18,"[67, 32, 55]"
19,"[67, 32, 63]"
22,"[67, 18]"
22,"[67, 18, 8]"
19,"[67, 18, 69]"
18,"[67, 18, 9]"
22,"[67, 18, 70]"
20,"[67, 18, 10]"
19,"[67, 18, 56]"
22,"[67, 18, 27]"
22,"[67, 18, 17]"
22,"[67, 18, 0]"
18,"[67, 18, 3]"
22,"[67, 18, 29]"
17,"[67, 18, 4]"
22,"[67, 18, 6]"
18,"[67, 18, 35]"
18,"[67, 18, 58]"
18,"[67, 18, 34]"
19,"[67, 18, 33]"
21,"[67, 18, 20]"
19,"[67, 18, 28]"
20,"[67, 18, 25]"
21,"[67, 18, 48]"
17,"[67, 18, 49]"
22,"[67, 18, 54]"
17,"[67, 18, 55]"
18,"[67, 18, 63]"
22,"[67, 8]"
19,"[67, 8, 69]"
18,"[67, 8, 9]"
22,"[67, 8, 70]"
20,"[67, 8, 10]"
19,"[67, 8, 56]"
22,"[67, 8, 27]"
22,"[67, 8, 17]"
22,"[67, 8, 0]"
18,"[67, 8, 3]"
21,"[67, 8, 29]"
17,"[67, 8, 4]"
22,"[67, 8, 6]"
18,"[67, 8, 35]"
18,"[67, 8, 58]"
18,"[67, 8, 34]"
19,"[67, 8, 33]"
21,"[67, 8, 20]"
19,"[67, 8, 28]"
20,"[67, 8, 25]"
21,"[67, 8, 48]"
17,"[67, 8, 49]"
22,"[67, 8, 54]"
17,"[67, 8, 55]"
18,"[67, 8, 63]"
25,"[67, 69]"
16,"[67, 69, 14]"
22,"[67, 69, 51]"
20,"[67, 69, 12]"
22,"[67, 69, 42]"
24,"[67, 69, 69]"
21,"[67, 69, 53]"
20,"[67, 69, 18]"
20,"[67, 69, 8]"
16,"[67, 69, 9]"
25,"[67, 69, 70]"
23,"[67, 69, 10]"
21,"[67, 69, 56]"
17,"[67, 69, 65]"
24,"[67, 69, 27]"
25,"[67, 69, 17]"
25,"[67, 69, 0]"
18,"[67, 69, 3]"
25,"[67, 69, 29]"
17,"[67, 69, 4]"
23,"[67, 69, 6]"
21,"[67, 69, 35]"
21,"[67, 69, 58]"
20,"[67, 69, 34]"
20,"[67, 69, 33]"
22,"[67, 69, 20]"
22,"[67, 69, 32]"
21,"[67, 69, 28]"
22,"[67, 69, 25]"
23,"[67, 69, 48]"
17,"[67, 69, 49]"
20,"[67, 69, 13]"
18,"[67, 69, 26]"
25,"[67, 69, 54]"
18,"[67, 69, 55]"
20,"[67, 69, 63]"
20,"[67, 14]"
20,"[67, 14, 51]"
17,"[67, 14, 42]"
19,"[67, 14, 69]"
16,"[67, 14, 53]"
16,"[67, 14, 18]"
16,"[67, 14, 8]"
20,"[67, 14, 70]"
20,"[67, 14, 10]"
18,"[67, 14, 56]"
18,"[67, 14, 27]"
19,"[67, 14, 17]"
20,"[67, 14, 0]"
19,"[67, 14, 29]"
17,"[67, 14, 6]"
18,"[67, 14, 35]"
19,"[67, 14, 58]"
17,"[67, 14, 34]"
17,"[67, 14, 33]"
19,"[67, 14, 20]"
17,"[67, 14, 32]"
18,"[67, 14, 28]"
18,"[67, 14, 25]"
19,"[67, 14, 48]"
16,"[67, 14, 13]"
17,"[67, 14, 26]"
20,"[67, 14, 54]"
16,"[67, 14, 63]"
25,"[67, 51]"
19,"[67, 51, 12]"
21,"[67, 51, 42]"
24,"[67, 51, 69]"
16,"[67, 51, 14]"
20,"[67, 51, 53]"
21,"[67, 51, 18]"
21,"[67, 51, 8]"
17,"[67, 51, 9]"
25,"[67, 51, 70]"
22,"[67, 51, 10]"
21,"[67, 51, 56]"
17,"[67, 51, 65]"
23,"[67, 51, 27]"
25,"[67, 51, 17]"
24,"[67, 51, 0]"
18,"[67, 51, 3]"
24,"[67, 51, 29]"
16,"[67, 51, 4]"
22,"[67, 51, 6]"
20,"[67, 51, 35]"
20,"[67, 51, 58]"
19,"[67, 51, 34]"
20,"[67, 51, 33]"
22,"[67, 51, 20]"
23,"[67, 51, 32]"
21,"[67, 51, 28]"
22,"[67, 51, 25]"
23,"[67, 51, 48]"
18,"[67, 51, 49]"
20,"[67, 51, 13]"
17,"[67, 51, 26]"
24,"[67, 51, 54]"
18,"[67, 51, 55]"
19,"[67, 51, 63]"
22,"[67, 53]"
19,"[67, 53, 18]"
19,"[67, 53, 8]"
22,"[67, 53, 70]"
17,"[67, 53, 10]"
20,"[67, 53, 69]"
18,"[67, 53, 56]"
19,"[67, 53, 27]"
22,"[67, 53, 17]"
21,"[67, 53, 0]"
21,"[67, 53, 29]"
20,"[67, 53, 6]"
18,"[67, 53, 35]"
17,"[67, 53, 58]"
19,"[67, 53, 34]"
18,"[67, 53, 33]"
20,"[67, 53, 20]"
20,"[67, 53, 32]"
20,"[67, 53, 28]"
21,"[67, 53, 25]"
22,"[67, 53, 48]"
18,"[67, 53, 49]"
22,"[67, 53, 54]"
17,"[67, 53, 55]"
16,"[67, 53, 63]"
18,"[67, 9]"
18,"[67, 9, 70]"
18,"[67, 9, 27]"
18,"[67, 9, 17]"
18,"[67, 9, 0]"
18,"[67, 9, 29]"
18,"[67, 9, 6]"
16,"[67, 9, 33]"
17,"[67, 9, 20]"
17,"[67, 9, 25]"
18,"[67, 9, 48]"
18,"[67, 9, 54]"
16,"[67, 9, 63]"
23,"[67, 10]"
20,"[67, 10, 69]"
21,"[67, 10, 56]"
23,"[67, 10, 70]"
21,"[67, 10, 17]"
21,"[67, 10, 0]"
20,"[67, 10, 29]"
18,"[67, 10, 35]"
17,"[67, 10, 58]"
18,"[67, 10, 34]"
20,"[67, 10, 33]"
19,"[67, 10, 20]"
18,"[67, 10, 28]"
19,"[67, 10, 25]"
20,"[67, 10, 48]"
22,"[67, 10, 54]"
16,"[67, 10, 55]"
19,"[67, 10, 63]"
21,"[67, 56]"
18,"[67, 56, 69]"
21,"[67, 56, 70]"
19,"[67, 56, 17]"
19,"[67, 56, 0]"
18,"[67, 56, 29]"
16,"[67, 56, 35]"
16,"[67, 56, 34]"
18,"[67, 56, 33]"
17,"[67, 56, 20]"
16,"[67, 56, 28]"
17,"[67, 56, 25]"
18,"[67, 56, 48]"
20,"[67, 56, 54]"
17,"[67, 56, 63]"
17,"[67, 65]"
16,"[67, 65, 27]"
17,"[67, 65, 17]"
16,"[67, 65, 0]"
17,"[67, 65, 29]"
16,"[67, 65, 6]"
17,"[67, 65, 70]"
16,"[67, 65, 10]"
16,"[67, 65, 25]"
16,"[67, 65, 48]"
17,"[67, 65, 54]"
16,"[67, 65, 63]"
24,"[67, 27]"
24,"[67, 27, 17]"
24,"[67, 27, 0]"
19,"[67, 27, 3]"
23,"[67, 27, 29]"
17,"[67, 27, 4]"
23,"[67, 27, 6]"
19,"[67, 27, 35]"
19,"[67, 27, 58]"
24,"[67, 27, 70]"
18,"[67, 27, 34]"
20,"[67, 27, 33]"
21,"[67, 27, 20]"
20,"[67, 27, 69]"
20,"[67, 27, 27]"
22,"[67, 27, 10]"
19,"[67, 27, 28]"
21,"[67, 27, 25]"
22,"[67, 27, 48]"
18,"[67, 27, 49]"
24,"[67, 27, 54]"
18,"[67, 27, 55]"
19,"[67, 27, 63]"
20,"[67, 27, 56]"
25,"[67, 17]"
24,"[67, 17, 0]"
19,"[67, 17, 3]"
24,"[67, 17, 29]"
16,"[67, 17, 4]"
22,"[67, 17, 6]"
18,"[67, 17, 35]"
18,"[67, 17, 58]"
25,"[67, 17, 70]"
17,"[67, 17, 34]"
20,"[67, 17, 33]"
21,"[67, 17, 20]"
20,"[67, 17, 69]"
25,"[67, 17, 17]"
19,"[67, 17, 27]"
22,"[67, 17, 10]"
18,"[67, 17, 28]"
20,"[67, 17, 25]"
23,"[67, 17, 48]"
17,"[67, 17, 49]"
16,"[67, 17, 26]"
23,"[67, 17, 54]"
18,"[67, 17, 55]"
20,"[67, 17, 63]"
19,"[67, 17, 56]"
25,"[67, 0]"
19,"[67, 0, 3]"
24,"[67, 0, 29]"
16,"[67, 0, 4]"
22,"[67, 0, 6]"
19,"[67, 0, 35]"
19,"[67, 0, 58]"
23,"[67, 0, 70]"
18,"[67, 0, 34]"
19,"[67, 0, 33]"
20,"[67, 0, 20]"
20,"[67, 0, 69]"
24,"[67, 0, 17]"
17,"[67, 0, 27]"
20,"[67, 0, 10]"
21,"[67, 0, 0]"
18,"[67, 0, 28]"
20,"[67, 0, 25]"
22,"[67, 0, 48]"
16,"[67, 0, 49]"
23,"[67, 0, 54]"
17,"[67, 0, 55]"
19,"[67, 0, 63]"
18,"[67, 0, 56]"
19,"[67, 3]"
18,"[67, 3, 29]"
18,"[67, 3, 6]"
19,"[67, 3, 70]"
17,"[67, 3, 20]"
16,"[67, 3, 69]"
19,"[67, 3, 17]"
17,"[67, 3, 0]"
17,"[67, 3, 25]"
18,"[67, 3, 48]"
19,"[67, 3, 54]"
16,"[67, 3, 63]"
25,"[67, 29]"
17,"[67, 29, 4]"
23,"[67, 29, 6]"
19,"[67, 29, 35]"
19,"[67, 29, 58]"
25,"[67, 29, 70]"
18,"[67, 29, 34]"
20,"[67, 29, 33]"
22,"[67, 29, 20]"
20,"[67, 29, 69]"
25,"[67, 29, 17]"
23,"[67, 29, 29]"
18,"[67, 29, 27]"
21,"[67, 29, 10]"
23,"[67, 29, 0]"
19,"[67, 29, 28]"
20,"[67, 29, 25]"
24,"[67, 29, 48]"
17,"[67, 29, 49]"
16,"[67, 29, 26]"
24,"[67, 29, 54]"
18,"[67, 29, 55]"
20,"[67, 29, 63]"
19,"[67, 29, 56]"
17,"[67, 4]"
16,"[67, 4, 70]"
23,"[67, 6]"
19,"[67, 6, 35]"
19,"[67, 6, 58]"
23,"[67, 6, 70]"
18,"[67, 6, 34]"
18,"[67, 6, 33]"
20,"[67, 6, 20]"
19,"[67, 6, 69]"
23,"[67, 6, 17]"
17,"[67, 6, 6]"
20,"[67, 6, 29]"
18,"[67, 6, 10]"
19,"[67, 6, 0]"
18,"[67, 6, 28]"
20,"[67, 6, 25]"
21,"[67, 6, 48]"
16,"[67, 6, 49]"
23,"[67, 6, 54]"
17,"[67, 6, 55]"
16,"[67, 6, 4]"
19,"[67, 6, 63]"
18,"[67, 6, 56]"
21,"[67, 35]"
19,"[67, 35, 58]"
21,"[67, 35, 70]"
16,"[67, 35, 34]"
18,"[67, 35, 33]"
17,"[67, 35, 20]"
17,"[67, 35, 69]"
19,"[67, 35, 17]"
19,"[67, 35, 29]"
17,"[67, 35, 0]"
16,"[67, 35, 28]"
17,"[67, 35, 25]"
18,"[67, 35, 48]"
20,"[67, 35, 54]"
16,"[67, 35, 63]"
21,"[67, 58]"
21,"[67, 58, 70]"
18,"[67, 58, 33]"
17,"[67, 58, 20]"
17,"[67, 58, 69]"
19,"[67, 58, 17]"
19,"[67, 58, 29]"
17,"[67, 58, 0]"
16,"[67, 58, 28]"
17,"[67, 58, 25]"
18,"[67, 58, 48]"
20,"[67, 58, 54]"
16,"[67, 58, 63]"
20,"[67, 34]"
19,"[67, 34, 33]"
19,"[67, 34, 20]"
17,"[67, 34, 69]"
20,"[67, 34, 17]"
19,"[67, 34, 29]"
16,"[67, 34, 0]"
20,"[67, 34, 70]"
20,"[67, 34, 28]"
20,"[67, 34, 25]"
20,"[67, 34, 48]"
19,"[67, 34, 54]"
21,"[67, 33]"
20,"[67, 33, 20]"
17,"[67, 33, 69]"
21,"[67, 33, 17]"
20,"[67, 33, 29]"
18,"[67, 33, 0]"
21,"[67, 33, 70]"
21,"[67, 33, 28]"
20,"[67, 33, 25]"
20,"[67, 33, 48]"
21,"[67, 33, 54]"
23,"[67, 20]"
17,"[67, 20, 69]"
21,"[67, 20, 17]"
17,"[67, 20, 29]"
16,"[67, 20, 0]"
22,"[67, 20, 70]"
18,"[67, 20, 28]"
17,"[67, 20, 25]"
19,"[67, 20, 48]"
19,"[67, 20, 54]"
22,"[67, 28]"
20,"[67, 28, 25]"
21,"[67, 28, 48]"
22,"[67, 28, 70]"
22,"[67, 28, 17]"
21,"[67, 28, 29]"
18,"[67, 28, 69]"
17,"[67, 28, 28]"
22,"[67, 28, 54]"
16,"[67, 28, 55]"
16,"[67, 28, 20]"
18,"[67, 28, 0]"
23,"[67, 25]"
23,"[67, 25, 48]"
17,"[67, 25, 49]"
23,"[67, 25, 70]"
23,"[67, 25, 17]"
20,"[67, 25, 29]"
19,"[67, 25, 54]"
17,"[67, 25, 55]"
16,"[67, 25, 20]"
17,"[67, 25, 0]"
24,"[67, 48]"
24,"[67, 48, 70]"
23,"[67, 48, 17]"
21,"[67, 48, 29]"
16,"[67, 48, 69]"
20,"[67, 48, 54]"
18,"[67, 48, 48]"
16,"[67, 48, 55]"
16,"[67, 48, 20]"
18,"[67, 48, 0]"
18,"[67, 49]"
17,"[67, 49, 70]"
17,"[67, 49, 17]"
17,"[67, 49, 54]"
16,"[67, 49, 55]"
22,"[67, 13]"
17,"[67, 13, 51]"
20,"[67, 13, 28]"
21,"[67, 13, 25]"
22,"[67, 13, 54]"
21,"[67, 13, 69]"
22,"[67, 13, 70]"
20,"[67, 13, 32]"
19,"[67, 13, 18]"
21,"[67, 13, 29]"
20,"[67, 13, 6]"
22,"[67, 13, 48]"
17,"[67, 13, 55]"
20,"[67, 13, 20]"
21,"[67, 13, 0]"
22,"[67, 13, 17]"
16,"[67, 13, 13]"
19,"[67, 13, 27]"
21,"[67, 13, 53]"
16,"[67, 13, 63]"
17,"[67, 13, 35]"
16,"[67, 13, 10]"
18,"[67, 13, 34]"
17,"[67, 13, 56]"
18,"[67, 13, 8]"
17,"[67, 13, 49]"
17,"[67, 13, 33]"
16,"[67, 13, 58]"
18,"[67, 26]"
25,"[67, 54]"
19,"[67, 54, 69]"
25,"[67, 54, 70]"
21,"[67, 54, 29]"
19,"[67, 54, 48]"
18,"[67, 54, 55]"
18,"[67, 54, 20]"
19,"[67, 54, 0]"
23,"[67, 54, 17]"
21,"[67, 54, 54]"
16,"[67, 54, 28]"
16,"[67, 54, 25]"
18,"[67, 55]"
17,"[67, 55, 70]"
20,"[67, 63]"
16,"[67, 63, 69]"
20,"[67, 63, 70]"
16,"[67, 63, 28]"
19,"[67, 63, 54]"
18,"[67, 63, 17]"
17,"[67, 63, 29]"
17,"[67, 63, 25]"
19,"[67, 63, 48]"
17,"[67, 63, 20]"
24,[63]
16,"[63, 56]"
16,"[63, 56, 70]"
20,"[63, 69]"
18,"[63, 69, 70]"
17,"[63, 69, 17]"
24,"[63, 70]"
18,"[63, 70, 63]"
17,"[63, 70, 28]"
21,"[63, 70, 54]"
18,"[63, 70, 69]"
23,"[63, 70, 70]"
17,"[63, 70, 0]"
22,"[63, 70, 17]"
20,"[63, 70, 29]"
19,"[63, 70, 25]"
20,"[63, 70, 48]"
19,"[63, 70, 20]"
18,"[63, 63]"
17,"[63, 63, 54]"
17,"[63, 63, 70]"
16,"[63, 63, 17]"
16,"[63, 63, 25]"
17,"[63, 63, 48]"
18,"[63, 33]"
17,"[63, 33, 28]"
17,"[63, 33, 54]"
17,"[63, 33, 70]"
18,"[63, 33, 17]"
17,"[63, 33, 25]"
17,"[63, 33, 48]"
16,"[63, 33, 20]"
19,"[63, 28]"
19,"[63, 28, 54]"
16,"[63, 28, 69]"
19,"[63, 28, 70]"
19,"[63, 28, 17]"
17,"[63, 28, 29]"
18,"[63, 28, 25]"
19,"[63, 28, 48]"
23,"[63, 54]"
18,"[63, 54, 69]"
23,"[63, 54, 70]"
16,"[63, 54, 0]"
21,"[63, 54, 17]"
18,"[63, 54, 29]"
18,"[63, 54, 54]"
16,"[63, 54, 20]"
18,"[63, 0]"
18,"[63, 0, 17]"
16,"[63, 0, 29]"
17,"[63, 0, 70]"
23,"[63, 17]"
21,"[63, 17, 17]"
19,"[63, 17, 29]"
16,"[63, 17, 0]"
23,"[63, 17, 70]"
16,"[63, 17, 63]"
17,"[63, 17, 54]"
17,"[63, 17, 48]"
17,"[63, 17, 20]"
18,"[63, 17, 69]"
21,"[63, 29]"
17,"[63, 29, 0]"
21,"[63, 29, 70]"
16,"[63, 29, 63]"
18,"[63, 29, 54]"
17,"[63, 29, 48]"
18,"[63, 29, 20]"
20,"[63, 29, 17]"
19,"[63, 29, 29]"
16,"[63, 29, 69]"
16,"[63, 18]"
16,"[63, 18, 70]"
16,"[63, 18, 17]"
16,"[63, 34]"
16,"[63, 34, 28]"
16,"[63, 34, 25]"
16,"[63, 34, 48]"
16,"[63, 34, 70]"
16,"[63, 34, 17]"
20,"[63, 25]"
20,"[63, 25, 48]"
20,"[63, 25, 70]"
20,"[63, 25, 17]"
16,"[63, 25, 29]"
16,"[63, 25, 54]"
22,"[63, 48]"
21,"[63, 48, 70]"
21,"[63, 48, 17]"
17,"[63, 48, 29]"
17,"[63, 48, 54]"
20,"[63, 20]"
18,"[63, 20, 70]"
18,"[63, 20, 17]"
16,"[63, 20, 48]"
18,"[63, 6]"
18,"[63, 6, 70]"
16,"[63, 6, 17]"
16,"[63, 6, 20]"
17,"[63, 32]"
17,"[63, 32, 70]"
17,"[63, 32, 17]"
16,"[63, 27]"
16,"[63, 27, 17]"
16,"[63, 27, 70]"
