support,pattern
37,[69]
20,"[69, 66]"
20,"[69, 66, 13]"
20,"[69, 66, 53]"
20,"[69, 66, 12]"
20,"[69, 66, 42]"
17,"[69, 66, 15]"
15,"[69, 66, 16]"
19,"[69, 66, 51]"
13,"[69, 66, 68]"
16,"[69, 66, 14]"
20,"[69, 66, 70]"
17,"[69, 66, 62]"
18,"[69, 66, 34]"
18,"[69, 66, 33]"
19,"[69, 66, 28]"
18,"[69, 66, 54]"
20,"[69, 66, 69]"
13,"[69, 66, 66]"
18,"[69, 66, 25]"
16,"[69, 66, 48]"
15,"[69, 66, 20]"
17,"[69, 66, 37]"
14,"[69, 66, 26]"
13,"[69, 66, 50]"
15,"[69, 66, 60]"
12,"[69, 66, 64]"
18,"[69, 66, 32]"
18,"[69, 66, 18]"
18,"[69, 66, 8]"
16,"[69, 66, 27]"
17,"[69, 66, 17]"
18,"[69, 66, 0]"
18,"[69, 66, 29]"
17,"[69, 66, 6]"
19,"[69, 66, 10]"
19,"[69, 66, 56]"
18,"[69, 66, 35]"
16,"[69, 66, 58]"
13,"[69, 66, 49]"
14,"[69, 66, 43]"
15,"[69, 66, 4]"
37,"[69, 13]"
36,"[69, 13, 53]"
28,"[69, 13, 12]"
29,"[69, 13, 42]"
18,"[69, 13, 15]"
24,"[69, 13, 16]"
27,"[69, 13, 51]"
20,"[69, 13, 68]"
22,"[69, 13, 14]"
37,"[69, 13, 70]"
20,"[69, 13, 62]"
35,"[69, 13, 34]"
33,"[69, 13, 33]"
37,"[69, 13, 28]"
34,"[69, 13, 54]"
35,"[69, 13, 69]"
15,"[69, 13, 66]"
34,"[69, 13, 25]"
34,"[69, 13, 48]"
28,"[69, 13, 20]"
28,"[69, 13, 37]"
23,"[69, 13, 26]"
23,"[69, 13, 50]"
25,"[69, 13, 60]"
14,"[69, 13, 36]"
14,"[69, 13, 64]"
34,"[69, 13, 32]"
32,"[69, 13, 18]"
34,"[69, 13, 8]"
33,"[69, 13, 27]"
35,"[69, 13, 17]"
36,"[69, 13, 0]"
18,"[69, 13, 3]"
15,"[69, 13, 1]"
36,"[69, 13, 29]"
33,"[69, 13, 6]"
34,"[69, 13, 10]"
16,"[69, 13, 11]"
32,"[69, 13, 56]"
18,"[69, 13, 57]"
31,"[69, 13, 35]"
28,"[69, 13, 58]"
24,"[69, 13, 49]"
21,"[69, 13, 55]"
13,"[69, 13, 21]"
15,"[69, 13, 43]"
27,"[69, 13, 13]"
14,"[69, 13, 31]"
27,"[69, 13, 4]"
12,"[69, 13, 39]"
12,"[69, 13, 5]"
19,"[69, 13, 9]"
20,"[69, 13, 7]"
14,"[69, 13, 59]"
37,"[69, 53]"
24,"[69, 53, 12]"
26,"[69, 53, 42]"
17,"[69, 53, 15]"
18,"[69, 53, 16]"
26,"[69, 53, 51]"
16,"[69, 53, 68]"
19,"[69, 53, 14]"
36,"[69, 53, 70]"
18,"[69, 53, 62]"
34,"[69, 53, 34]"
32,"[69, 53, 33]"
35,"[69, 53, 28]"
34,"[69, 53, 54]"
35,"[69, 53, 69]"
13,"[69, 53, 66]"
33,"[69, 53, 25]"
33,"[69, 53, 48]"
27,"[69, 53, 20]"
28,"[69, 53, 37]"
21,"[69, 53, 26]"
21,"[69, 53, 50]"
24,"[69, 53, 60]"
13,"[69, 53, 36]"
13,"[69, 53, 64]"
33,"[69, 53, 32]"
31,"[69, 53, 18]"
33,"[69, 53, 8]"
32,"[69, 53, 27]"
34,"[69, 53, 17]"
34,"[69, 53, 0]"
19,"[69, 53, 3]"
14,"[69, 53, 1]"
35,"[69, 53, 29]"
32,"[69, 53, 6]"
32,"[69, 53, 10]"
16,"[69, 53, 11]"
30,"[69, 53, 56]"
17,"[69, 53, 57]"
29,"[69, 53, 35]"
27,"[69, 53, 58]"
24,"[69, 53, 49]"
21,"[69, 53, 55]"
12,"[69, 53, 21]"
12,"[69, 53, 43]"
25,"[69, 53, 13]"
29,"[69, 53, 53]"
13,"[69, 53, 31]"
25,"[69, 53, 4]"
12,"[69, 53, 5]"
19,"[69, 53, 9]"
20,"[69, 53, 7]"
14,"[69, 53, 59]"
35,"[69, 12]"
35,"[69, 12, 42]"
22,"[69, 12, 15]"
24,"[69, 12, 16]"
35,"[69, 12, 51]"
20,"[69, 12, 68]"
28,"[69, 12, 14]"
26,"[69, 12, 12]"
35,"[69, 12, 70]"
20,"[69, 12, 62]"
33,"[69, 12, 34]"
31,"[69, 12, 33]"
35,"[69, 12, 28]"
32,"[69, 12, 54]"
35,"[69, 12, 69]"
15,"[69, 12, 66]"
32,"[69, 12, 25]"
32,"[69, 12, 48]"
27,"[69, 12, 20]"
28,"[69, 12, 37]"
23,"[69, 12, 26]"
23,"[69, 12, 50]"
26,"[69, 12, 60]"
14,"[69, 12, 36]"
14,"[69, 12, 64]"
33,"[69, 12, 32]"
32,"[69, 12, 18]"
33,"[69, 12, 8]"
32,"[69, 12, 27]"
33,"[69, 12, 17]"
34,"[69, 12, 0]"
19,"[69, 12, 3]"
14,"[69, 12, 1]"
34,"[69, 12, 29]"
31,"[69, 12, 6]"
34,"[69, 12, 10]"
16,"[69, 12, 11]"
33,"[69, 12, 56]"
20,"[69, 12, 57]"
30,"[69, 12, 35]"
27,"[69, 12, 58]"
23,"[69, 12, 49]"
19,"[69, 12, 55]"
12,"[69, 12, 21]"
34,"[69, 12, 13]"
34,"[69, 12, 53]"
26,"[69, 12, 43]"
15,"[69, 12, 31]"
25,"[69, 12, 4]"
12,"[69, 12, 5]"
19,"[69, 12, 9]"
19,"[69, 12, 7]"
15,"[69, 12, 59]"
37,"[69, 42]"
22,"[69, 42, 15]"
26,"[69, 42, 16]"
37,"[69, 42, 51]"
22,"[69, 42, 68]"
30,"[69, 42, 14]"
26,"[69, 42, 12]"
37,"[69, 42, 70]"
20,"[69, 42, 62]"
35,"[69, 42, 34]"
33,"[69, 42, 33]"
37,"[69, 42, 28]"
34,"[69, 42, 54]"
36,"[69, 42, 69]"
14,"[69, 42, 66]"
31,"[69, 42, 42]"
34,"[69, 42, 25]"
34,"[69, 42, 48]"
28,"[69, 42, 20]"
29,"[69, 42, 37]"
24,"[69, 42, 26]"
24,"[69, 42, 50]"
26,"[69, 42, 60]"
14,"[69, 42, 36]"
14,"[69, 42, 64]"
35,"[69, 42, 32]"
34,"[69, 42, 18]"
35,"[69, 42, 8]"
33,"[69, 42, 27]"
35,"[69, 42, 17]"
36,"[69, 42, 0]"
20,"[69, 42, 3]"
15,"[69, 42, 1]"
36,"[69, 42, 29]"
33,"[69, 42, 6]"
36,"[69, 42, 10]"
17,"[69, 42, 11]"
34,"[69, 42, 56]"
20,"[69, 42, 57]"
31,"[69, 42, 35]"
28,"[69, 42, 58]"
24,"[69, 42, 49]"
21,"[69, 42, 55]"
13,"[69, 42, 21]"
36,"[69, 42, 13]"
36,"[69, 42, 53]"
26,"[69, 42, 43]"
15,"[69, 42, 31]"
27,"[69, 42, 4]"
13,"[69, 42, 39]"
12,"[69, 42, 5]"
20,"[69, 42, 9]"
21,"[69, 42, 7]"
15,"[69, 42, 59]"
23,"[69, 15]"
18,"[69, 15, 16]"
18,"[69, 15, 51]"
16,"[69, 15, 68]"
18,"[69, 15, 14]"
17,"[69, 15, 12]"
23,"[69, 15, 70]"
16,"[69, 15, 62]"
20,"[69, 15, 34]"
20,"[69, 15, 33]"
22,"[69, 15, 28]"
20,"[69, 15, 54]"
23,"[69, 15, 69]"
12,"[69, 15, 66]"
20,"[69, 15, 42]"
21,"[69, 15, 25]"
19,"[69, 15, 48]"
15,"[69, 15, 20]"
17,"[69, 15, 37]"
15,"[69, 15, 26]"
14,"[69, 15, 50]"
15,"[69, 15, 60]"
20,"[69, 15, 32]"
19,"[69, 15, 18]"
20,"[69, 15, 8]"
19,"[69, 15, 27]"
20,"[69, 15, 17]"
22,"[69, 15, 0]"
22,"[69, 15, 29]"
18,"[69, 15, 6]"
21,"[69, 15, 10]"
22,"[69, 15, 56]"
19,"[69, 15, 35]"
16,"[69, 15, 58]"
15,"[69, 15, 49]"
19,"[69, 15, 13]"
18,"[69, 15, 53]"
16,"[69, 15, 4]"
13,"[69, 15, 43]"
26,"[69, 16]"
19,"[69, 16, 51]"
14,"[69, 16, 16]"
20,"[69, 16, 68]"
17,"[69, 16, 14]"
18,"[69, 16, 12]"
26,"[69, 16, 70]"
15,"[69, 16, 62]"
25,"[69, 16, 34]"
25,"[69, 16, 33]"
25,"[69, 16, 28]"
24,"[69, 16, 54]"
24,"[69, 16, 69]"
22,"[69, 16, 42]"
23,"[69, 16, 25]"
22,"[69, 16, 48]"
20,"[69, 16, 20]"
19,"[69, 16, 37]"
17,"[69, 16, 26]"
15,"[69, 16, 50]"
16,"[69, 16, 60]"
12,"[69, 16, 36]"
12,"[69, 16, 64]"
23,"[69, 16, 32]"
23,"[69, 16, 18]"
24,"[69, 16, 8]"
22,"[69, 16, 27]"
23,"[69, 16, 17]"
23,"[69, 16, 0]"
24,"[69, 16, 29]"
20,"[69, 16, 6]"
23,"[69, 16, 10]"
21,"[69, 16, 56]"
20,"[69, 16, 35]"
17,"[69, 16, 58]"
15,"[69, 16, 49]"
12,"[69, 16, 55]"
24,"[69, 16, 53]"
18,"[69, 16, 13]"
12,"[69, 16, 15]"
13,"[69, 16, 43]"
14,"[69, 16, 9]"
17,"[69, 16, 4]"
37,"[69, 51]"
22,"[69, 51, 16]"
19,"[69, 51, 68]"
26,"[69, 51, 14]"
22,"[69, 51, 12]"
37,"[69, 51, 70]"
20,"[69, 51, 62]"
34,"[69, 51, 34]"
32,"[69, 51, 33]"
36,"[69, 51, 28]"
34,"[69, 51, 54]"
34,"[69, 51, 69]"
13,"[69, 51, 66]"
29,"[69, 51, 42]"
34,"[69, 51, 25]"
33,"[69, 51, 48]"
28,"[69, 51, 20]"
29,"[69, 51, 37]"
24,"[69, 51, 26]"
24,"[69, 51, 50]"
26,"[69, 51, 60]"
14,"[69, 51, 36]"
14,"[69, 51, 64]"
34,"[69, 51, 32]"
33,"[69, 51, 18]"
33,"[69, 51, 8]"
33,"[69, 51, 27]"
34,"[69, 51, 17]"
35,"[69, 51, 0]"
20,"[69, 51, 3]"
15,"[69, 51, 1]"
36,"[69, 51, 29]"
33,"[69, 51, 6]"
34,"[69, 51, 10]"
28,"[69, 51, 51]"
16,"[69, 51, 11]"
33,"[69, 51, 56]"
19,"[69, 51, 57]"
30,"[69, 51, 35]"
27,"[69, 51, 58]"
24,"[69, 51, 49]"
21,"[69, 51, 55]"
13,"[69, 51, 21]"
29,"[69, 51, 13]"
32,"[69, 51, 53]"
17,"[69, 51, 43]"
19,"[69, 51, 15]"
15,"[69, 51, 31]"
27,"[69, 51, 4]"
12,"[69, 51, 39]"
12,"[69, 51, 5]"
19,"[69, 51, 9]"
21,"[69, 51, 7]"
14,"[69, 51, 59]"
22,"[69, 68]"
21,"[69, 68, 70]"
18,"[69, 68, 34]"
18,"[69, 68, 33]"
18,"[69, 68, 28]"
18,"[69, 68, 54]"
17,"[69, 68, 69]"
13,"[69, 68, 42]"
18,"[69, 68, 25]"
17,"[69, 68, 48]"
14,"[69, 68, 20]"
14,"[69, 68, 37]"
13,"[69, 68, 26]"
13,"[69, 68, 50]"
14,"[69, 68, 60]"
17,"[69, 68, 32]"
16,"[69, 68, 18]"
16,"[69, 68, 8]"
16,"[69, 68, 27]"
16,"[69, 68, 17]"
17,"[69, 68, 0]"
18,"[69, 68, 29]"
17,"[69, 68, 6]"
16,"[69, 68, 10]"
12,"[69, 68, 51]"
16,"[69, 68, 56]"
15,"[69, 68, 35]"
13,"[69, 68, 58]"
13,"[69, 68, 49]"
16,"[69, 68, 53]"
13,"[69, 68, 4]"
31,"[69, 14]"
21,"[69, 14, 12]"
31,"[69, 14, 70]"
16,"[69, 14, 62]"
26,"[69, 14, 34]"
25,"[69, 14, 33]"
28,"[69, 14, 28]"
26,"[69, 14, 54]"
30,"[69, 14, 69]"
21,"[69, 14, 42]"
27,"[69, 14, 25]"
25,"[69, 14, 48]"
20,"[69, 14, 20]"
22,"[69, 14, 37]"
20,"[69, 14, 26]"
18,"[69, 14, 50]"
18,"[69, 14, 60]"
12,"[69, 14, 64]"
27,"[69, 14, 32]"
25,"[69, 14, 18]"
24,"[69, 14, 8]"
26,"[69, 14, 27]"
27,"[69, 14, 17]"
27,"[69, 14, 0]"
14,"[69, 14, 3]"
13,"[69, 14, 1]"
30,"[69, 14, 29]"
25,"[69, 14, 6]"
29,"[69, 14, 10]"
22,"[69, 14, 51]"
26,"[69, 14, 56]"
15,"[69, 14, 57]"
21,"[69, 14, 35]"
18,"[69, 14, 58]"
18,"[69, 14, 49]"
18,"[69, 14, 55]"
24,"[69, 14, 13]"
26,"[69, 14, 53]"
12,"[69, 14, 31]"
22,"[69, 14, 4]"
13,"[69, 14, 15]"
13,"[69, 14, 43]"
12,"[69, 14, 9]"
16,"[69, 14, 7]"
17,"[69, 14, 16]"
15,"[69, 14, 68]"
13,"[69, 14, 14]"
37,"[69, 70]"
20,"[69, 70, 62]"
37,"[69, 70, 70]"
35,"[69, 70, 34]"
33,"[69, 70, 33]"
37,"[69, 70, 28]"
34,"[69, 70, 54]"
32,"[69, 70, 69]"
26,"[69, 70, 42]"
34,"[69, 70, 25]"
34,"[69, 70, 48]"
28,"[69, 70, 20]"
29,"[69, 70, 37]"
24,"[69, 70, 26]"
24,"[69, 70, 50]"
26,"[69, 70, 60]"
14,"[69, 70, 36]"
14,"[69, 70, 64]"
30,"[69, 70, 32]"
30,"[69, 70, 18]"
30,"[69, 70, 8]"
31,"[69, 70, 27]"
33,"[69, 70, 17]"
32,"[69, 70, 0]"
18,"[69, 70, 3]"
14,"[69, 70, 1]"
33,"[69, 70, 29]"
33,"[69, 70, 6]"
31,"[69, 70, 10]"
21,"[69, 70, 12]"
21,"[69, 70, 51]"
14,"[69, 70, 11]"
31,"[69, 70, 56]"
18,"[69, 70, 57]"
28,"[69, 70, 35]"
27,"[69, 70, 58]"
24,"[69, 70, 49]"
21,"[69, 70, 55]"
13,"[69, 70, 21]"
14,"[69, 70, 31]"
25,"[69, 70, 4]"
21,"[69, 70, 13]"
25,"[69, 70, 53]"
15,"[69, 70, 16]"
13,"[69, 70, 15]"
19,"[69, 70, 14]"
12,"[69, 70, 59]"
17,"[69, 70, 9]"
19,"[69, 70, 7]"
13,"[69, 70, 43]"
20,"[69, 62]"
19,"[69, 62, 70]"
14,"[69, 62, 62]"
14,"[69, 62, 34]"
15,"[69, 62, 33]"
17,"[69, 62, 28]"
17,"[69, 62, 54]"
15,"[69, 62, 69]"
15,"[69, 62, 25]"
16,"[69, 62, 48]"
13,"[69, 62, 20]"
13,"[69, 62, 37]"
13,"[69, 62, 50]"
13,"[69, 62, 64]"
13,"[69, 62, 32]"
12,"[69, 62, 18]"
13,"[69, 62, 8]"
13,"[69, 62, 27]"
14,"[69, 62, 17]"
16,"[69, 62, 0]"
18,"[69, 62, 29]"
16,"[69, 62, 6]"
14,"[69, 62, 10]"
13,"[69, 62, 56]"
12,"[69, 62, 35]"
13,"[69, 62, 49]"
13,"[69, 62, 53]"
35,"[69, 34]"
33,"[69, 34, 33]"
35,"[69, 34, 28]"
18,"[69, 34, 62]"
34,"[69, 34, 54]"
35,"[69, 34, 70]"
28,"[69, 34, 69]"
22,"[69, 34, 42]"
33,"[69, 34, 25]"
33,"[69, 34, 48]"
27,"[69, 34, 20]"
28,"[69, 34, 37]"
22,"[69, 34, 26]"
22,"[69, 34, 50]"
24,"[69, 34, 60]"
13,"[69, 34, 36]"
13,"[69, 34, 64]"
24,"[69, 34, 32]"
22,"[69, 34, 18]"
22,"[69, 34, 8]"
26,"[69, 34, 27]"
29,"[69, 34, 17]"
25,"[69, 34, 0]"
13,"[69, 34, 3]"
12,"[69, 34, 1]"
30,"[69, 34, 29]"
29,"[69, 34, 6]"
24,"[69, 34, 10]"
19,"[69, 34, 12]"
15,"[69, 34, 51]"
23,"[69, 34, 56]"
12,"[69, 34, 57]"
21,"[69, 34, 35]"
20,"[69, 34, 58]"
23,"[69, 34, 49]"
20,"[69, 34, 55]"
20,"[69, 34, 4]"
24,"[69, 34, 34]"
15,"[69, 34, 13]"
21,"[69, 34, 53]"
12,"[69, 34, 16]"
14,"[69, 34, 14]"
13,"[69, 34, 7]"
33,"[69, 33]"
32,"[69, 33, 28]"
24,"[69, 33, 33]"
18,"[69, 33, 62]"
31,"[69, 33, 54]"
33,"[69, 33, 70]"
26,"[69, 33, 69]"
21,"[69, 33, 42]"
32,"[69, 33, 25]"
30,"[69, 33, 48]"
26,"[69, 33, 20]"
26,"[69, 33, 37]"
20,"[69, 33, 26]"
20,"[69, 33, 50]"
20,"[69, 33, 60]"
12,"[69, 33, 36]"
13,"[69, 33, 64]"
23,"[69, 33, 32]"
21,"[69, 33, 18]"
20,"[69, 33, 8]"
25,"[69, 33, 27]"
27,"[69, 33, 17]"
24,"[69, 33, 0]"
13,"[69, 33, 3]"
30,"[69, 33, 29]"
27,"[69, 33, 6]"
22,"[69, 33, 10]"
19,"[69, 33, 12]"
14,"[69, 33, 51]"
21,"[69, 33, 56]"
19,"[69, 33, 35]"
18,"[69, 33, 58]"
20,"[69, 33, 49]"
18,"[69, 33, 55]"
20,"[69, 33, 4]"
21,"[69, 33, 34]"
15,"[69, 33, 13]"
20,"[69, 33, 53]"
12,"[69, 33, 14]"
37,"[69, 28]"
25,"[69, 28, 33]"
18,"[69, 28, 62]"
27,"[69, 28, 28]"
33,"[69, 28, 54]"
36,"[69, 28, 70]"
27,"[69, 28, 69]"
22,"[69, 28, 42]"
32,"[69, 28, 25]"
31,"[69, 28, 48]"
24,"[69, 28, 20]"
26,"[69, 28, 37]"
21,"[69, 28, 26]"
22,"[69, 28, 50]"
21,"[69, 28, 60]"
12,"[69, 28, 36]"
14,"[69, 28, 64]"
23,"[69, 28, 32]"
21,"[69, 28, 18]"
20,"[69, 28, 8]"
25,"[69, 28, 27]"
29,"[69, 28, 17]"
25,"[69, 28, 0]"
13,"[69, 28, 3]"
30,"[69, 28, 29]"
29,"[69, 28, 6]"
22,"[69, 28, 10]"
20,"[69, 28, 12]"
15,"[69, 28, 51]"
21,"[69, 28, 56]"
18,"[69, 28, 35]"
18,"[69, 28, 58]"
22,"[69, 28, 49]"
21,"[69, 28, 55]"
20,"[69, 28, 4]"
21,"[69, 28, 34]"
16,"[69, 28, 13]"
21,"[69, 28, 53]"
12,"[69, 28, 16]"
12,"[69, 28, 14]"
34,"[69, 54]"
16,"[69, 54, 62]"
25,"[69, 54, 28]"
29,"[69, 54, 54]"
34,"[69, 54, 70]"
24,"[69, 54, 69]"
19,"[69, 54, 42]"
23,"[69, 54, 25]"
26,"[69, 54, 48]"
22,"[69, 54, 20]"
21,"[69, 54, 37]"
17,"[69, 54, 26]"
17,"[69, 54, 50]"
19,"[69, 54, 60]"
12,"[69, 54, 36]"
12,"[69, 54, 64]"
21,"[69, 54, 32]"
19,"[69, 54, 18]"
20,"[69, 54, 8]"
23,"[69, 54, 27]"
28,"[69, 54, 17]"
24,"[69, 54, 0]"
12,"[69, 54, 3]"
28,"[69, 54, 29]"
27,"[69, 54, 6]"
19,"[69, 54, 10]"
18,"[69, 54, 12]"
12,"[69, 54, 51]"
19,"[69, 54, 56]"
14,"[69, 54, 35]"
13,"[69, 54, 58]"
21,"[69, 54, 49]"
19,"[69, 54, 55]"
13,"[69, 54, 13]"
15,"[69, 54, 53]"
23,"[69, 54, 33]"
19,"[69, 54, 4]"
20,"[69, 54, 34]"
37,"[69, 69]"
15,"[69, 69, 66]"
33,"[69, 69, 42]"
20,"[69, 69, 62]"
33,"[69, 69, 54]"
34,"[69, 69, 25]"
36,"[69, 69, 28]"
34,"[69, 69, 48]"
27,"[69, 69, 20]"
28,"[69, 69, 37]"
37,"[69, 69, 70]"
23,"[69, 69, 26]"
22,"[69, 69, 50]"
26,"[69, 69, 60]"
14,"[69, 69, 36]"
14,"[69, 69, 64]"
33,"[69, 69, 32]"
33,"[69, 69, 18]"
33,"[69, 69, 8]"
32,"[69, 69, 27]"
35,"[69, 69, 17]"
35,"[69, 69, 0]"
20,"[69, 69, 3]"
15,"[69, 69, 1]"
35,"[69, 69, 29]"
33,"[69, 69, 6]"
33,"[69, 69, 10]"
34,"[69, 69, 69]"
27,"[69, 69, 12]"
31,"[69, 69, 51]"
16,"[69, 69, 11]"
32,"[69, 69, 56]"
19,"[69, 69, 57]"
28,"[69, 69, 35]"
26,"[69, 69, 58]"
24,"[69, 69, 49]"
21,"[69, 69, 55]"
13,"[69, 69, 21]"
32,"[69, 69, 13]"
33,"[69, 69, 53]"
22,"[69, 69, 43]"
20,"[69, 69, 15]"
24,"[69, 69, 14]"
32,"[69, 69, 34]"
32,"[69, 69, 33]"
14,"[69, 69, 31]"
27,"[69, 69, 4]"
12,"[69, 69, 39]"
12,"[69, 69, 5]"
18,"[69, 69, 9]"
20,"[69, 69, 7]"
14,"[69, 69, 59]"
21,"[69, 69, 16]"
18,"[69, 69, 68]"
34,"[69, 25]"
28,"[69, 25, 28]"
30,"[69, 25, 48]"
19,"[69, 25, 62]"
25,"[69, 25, 20]"
27,"[69, 25, 37]"
34,"[69, 25, 70]"
18,"[69, 25, 26]"
18,"[69, 25, 50]"
20,"[69, 25, 60]"
12,"[69, 25, 36]"
13,"[69, 25, 64]"
23,"[69, 25, 32]"
20,"[69, 25, 18]"
20,"[69, 25, 8]"
25,"[69, 25, 27]"
27,"[69, 25, 17]"
24,"[69, 25, 0]"
13,"[69, 25, 3]"
12,"[69, 25, 1]"
30,"[69, 25, 29]"
27,"[69, 25, 6]"
20,"[69, 25, 10]"
25,"[69, 25, 69]"
18,"[69, 25, 12]"
12,"[69, 25, 51]"
21,"[69, 25, 56]"
26,"[69, 25, 25]"
18,"[69, 25, 35]"
19,"[69, 25, 58]"
22,"[69, 25, 49]"
19,"[69, 25, 55]"
24,"[69, 25, 33]"
20,"[69, 25, 4]"
20,"[69, 25, 34]"
28,"[69, 25, 54]"
14,"[69, 25, 13]"
18,"[69, 25, 53]"
17,"[69, 25, 42]"
34,"[69, 48]"
15,"[69, 48, 62]"
28,"[69, 48, 48]"
21,"[69, 48, 20]"
24,"[69, 48, 37]"
34,"[69, 48, 70]"
18,"[69, 48, 26]"
18,"[69, 48, 50]"
21,"[69, 48, 60]"
22,"[69, 48, 32]"
18,"[69, 48, 18]"
19,"[69, 48, 8]"
24,"[69, 48, 27]"
28,"[69, 48, 17]"
25,"[69, 48, 0]"
12,"[69, 48, 3]"
29,"[69, 48, 29]"
28,"[69, 48, 6]"
20,"[69, 48, 10]"
25,"[69, 48, 69]"
18,"[69, 48, 12]"
20,"[69, 48, 56]"
26,"[69, 48, 25]"
27,"[69, 48, 28]"
14,"[69, 48, 35]"
15,"[69, 48, 58]"
20,"[69, 48, 49]"
21,"[69, 48, 55]"
20,"[69, 48, 33]"
21,"[69, 48, 4]"
18,"[69, 48, 34]"
29,"[69, 48, 54]"
12,"[69, 48, 13]"
15,"[69, 48, 53]"
18,"[69, 48, 42]"
28,"[69, 20]"
25,"[69, 20, 37]"
19,"[69, 20, 20]"
28,"[69, 20, 70]"
16,"[69, 20, 62]"
19,"[69, 20, 26]"
19,"[69, 20, 50]"
20,"[69, 20, 60]"
13,"[69, 20, 36]"
21,"[69, 20, 32]"
20,"[69, 20, 18]"
19,"[69, 20, 8]"
23,"[69, 20, 27]"
25,"[69, 20, 17]"
22,"[69, 20, 0]"
12,"[69, 20, 3]"
27,"[69, 20, 29]"
24,"[69, 20, 6]"
21,"[69, 20, 10]"
22,"[69, 20, 69]"
16,"[69, 20, 12]"
18,"[69, 20, 56]"
23,"[69, 20, 25]"
25,"[69, 20, 48]"
25,"[69, 20, 28]"
17,"[69, 20, 35]"
15,"[69, 20, 58]"
19,"[69, 20, 49]"
15,"[69, 20, 55]"
19,"[69, 20, 4]"
23,"[69, 20, 54]"
15,"[69, 20, 42]"
14,"[69, 20, 53]"
22,"[69, 20, 33]"
20,"[69, 20, 34]"
29,"[69, 37]"
16,"[69, 37, 20]"
29,"[69, 37, 70]"
14,"[69, 37, 62]"
18,"[69, 37, 26]"
15,"[69, 37, 50]"
24,"[69, 37, 60]"
12,"[69, 37, 36]"
19,"[69, 37, 32]"
18,"[69, 37, 18]"
17,"[69, 37, 8]"
22,"[69, 37, 27]"
25,"[69, 37, 17]"
22,"[69, 37, 0]"
25,"[69, 37, 29]"
24,"[69, 37, 6]"
18,"[69, 37, 10]"
19,"[69, 37, 69]"
14,"[69, 37, 12]"
16,"[69, 37, 56]"
22,"[69, 37, 25]"
24,"[69, 37, 48]"
23,"[69, 37, 28]"
14,"[69, 37, 35]"
12,"[69, 37, 58]"
18,"[69, 37, 49]"
18,"[69, 37, 55]"
19,"[69, 37, 4]"
22,"[69, 37, 54]"
13,"[69, 37, 42]"
19,"[69, 37, 33]"
17,"[69, 37, 34]"
14,"[69, 37, 37]"
24,"[69, 26]"
20,"[69, 26, 50]"
13,"[69, 26, 60]"
16,"[69, 26, 32]"
14,"[69, 26, 18]"
14,"[69, 26, 8]"
17,"[69, 26, 27]"
19,"[69, 26, 17]"
20,"[69, 26, 0]"
20,"[69, 26, 29]"
21,"[69, 26, 6]"
16,"[69, 26, 10]"
24,"[69, 26, 70]"
17,"[69, 26, 69]"
13,"[69, 26, 56]"
13,"[69, 26, 62]"
16,"[69, 26, 25]"
20,"[69, 26, 48]"
17,"[69, 26, 28]"
12,"[69, 26, 49]"
14,"[69, 26, 55]"
15,"[69, 26, 37]"
17,"[69, 26, 4]"
16,"[69, 26, 54]"
14,"[69, 26, 33]"
12,"[69, 26, 34]"
24,"[69, 50]"
13,"[69, 50, 60]"
15,"[69, 50, 32]"
14,"[69, 50, 18]"
14,"[69, 50, 8]"
16,"[69, 50, 27]"
19,"[69, 50, 17]"
18,"[69, 50, 0]"
20,"[69, 50, 29]"
19,"[69, 50, 6]"
15,"[69, 50, 10]"
24,"[69, 50, 70]"
18,"[69, 50, 69]"
13,"[69, 50, 56]"
14,"[69, 50, 62]"
14,"[69, 50, 25]"
20,"[69, 50, 48]"
17,"[69, 50, 28]"
15,"[69, 50, 49]"
15,"[69, 50, 55]"
15,"[69, 50, 37]"
16,"[69, 50, 4]"
17,"[69, 50, 54]"
14,"[69, 50, 33]"
12,"[69, 50, 34]"
26,"[69, 60]"
17,"[69, 60, 32]"
15,"[69, 60, 18]"
16,"[69, 60, 8]"
18,"[69, 60, 27]"
22,"[69, 60, 17]"
20,"[69, 60, 0]"
21,"[69, 60, 29]"
23,"[69, 60, 6]"
15,"[69, 60, 10]"
26,"[69, 60, 70]"
16,"[69, 60, 69]"
12,"[69, 60, 12]"
14,"[69, 60, 56]"
13,"[69, 60, 62]"
17,"[69, 60, 25]"
22,"[69, 60, 48]"
20,"[69, 60, 28]"
13,"[69, 60, 35]"
12,"[69, 60, 58]"
14,"[69, 60, 49]"
17,"[69, 60, 55]"
18,"[69, 60, 4]"
18,"[69, 60, 54]"
16,"[69, 60, 26]"
16,"[69, 60, 50]"
13,"[69, 60, 20]"
14,"[69, 60, 33]"
13,"[69, 60, 34]"
14,"[69, 36]"
12,"[69, 36, 27]"
12,"[69, 36, 17]"
12,"[69, 36, 0]"
13,"[69, 36, 29]"
13,"[69, 36, 6]"
14,"[69, 36, 70]"
13,"[69, 36, 62]"
13,"[69, 36, 28]"
12,"[69, 36, 49]"
14,"[69, 64]"
12,"[69, 64, 18]"
12,"[69, 64, 8]"
14,"[69, 64, 64]"
12,"[69, 64, 17]"
13,"[69, 64, 0]"
13,"[69, 64, 29]"
12,"[69, 64, 6]"
13,"[69, 64, 10]"
14,"[69, 64, 70]"
12,"[69, 64, 56]"
12,"[69, 64, 62]"
12,"[69, 64, 25]"
13,"[69, 64, 28]"
13,"[69, 64, 35]"
12,"[69, 64, 58]"
35,"[69, 32]"
33,"[69, 32, 18]"
33,"[69, 32, 8]"
12,"[69, 32, 64]"
32,"[69, 32, 27]"
33,"[69, 32, 17]"
32,"[69, 32, 0]"
19,"[69, 32, 3]"
15,"[69, 32, 1]"
35,"[69, 32, 29]"
31,"[69, 32, 6]"
33,"[69, 32, 10]"
35,"[69, 32, 70]"
29,"[69, 32, 69]"
17,"[69, 32, 12]"
16,"[69, 32, 51]"
17,"[69, 32, 11]"
32,"[69, 32, 56]"
20,"[69, 32, 57]"
16,"[69, 32, 62]"
31,"[69, 32, 25]"
32,"[69, 32, 48]"
33,"[69, 32, 28]"
28,"[69, 32, 35]"
25,"[69, 32, 58]"
21,"[69, 32, 49]"
20,"[69, 32, 55]"
12,"[69, 32, 21]"
15,"[69, 32, 31]"
26,"[69, 32, 4]"
12,"[69, 32, 39]"
28,"[69, 32, 34]"
28,"[69, 32, 33]"
19,"[69, 32, 26]"
18,"[69, 32, 50]"
25,"[69, 32, 37]"
22,"[69, 32, 60]"
12,"[69, 32, 5]"
30,"[69, 32, 54]"
14,"[69, 32, 13]"
17,"[69, 32, 53]"
19,"[69, 32, 42]"
19,"[69, 32, 9]"
19,"[69, 32, 7]"
14,"[69, 32, 59]"
13,"[69, 32, 14]"
23,"[69, 32, 20]"
19,"[69, 32, 32]"
34,"[69, 18]"
32,"[69, 18, 8]"
13,"[69, 18, 64]"
16,"[69, 18, 18]"
30,"[69, 18, 27]"
32,"[69, 18, 17]"
31,"[69, 18, 0]"
19,"[69, 18, 3]"
15,"[69, 18, 1]"
34,"[69, 18, 29]"
31,"[69, 18, 6]"
31,"[69, 18, 10]"
34,"[69, 18, 70]"
26,"[69, 18, 69]"
16,"[69, 18, 12]"
14,"[69, 18, 51]"
16,"[69, 18, 11]"
30,"[69, 18, 56]"
19,"[69, 18, 57]"
17,"[69, 18, 62]"
29,"[69, 18, 25]"
31,"[69, 18, 48]"
32,"[69, 18, 28]"
27,"[69, 18, 35]"
25,"[69, 18, 58]"
22,"[69, 18, 49]"
20,"[69, 18, 55]"
12,"[69, 18, 21]"
15,"[69, 18, 31]"
24,"[69, 18, 4]"
12,"[69, 18, 39]"
27,"[69, 18, 34]"
27,"[69, 18, 33]"
18,"[69, 18, 26]"
18,"[69, 18, 50]"
23,"[69, 18, 37]"
19,"[69, 18, 60]"
12,"[69, 18, 5]"
28,"[69, 18, 54]"
14,"[69, 18, 13]"
17,"[69, 18, 53]"
15,"[69, 18, 42]"
19,"[69, 18, 9]"
19,"[69, 18, 7]"
15,"[69, 18, 59]"
12,"[69, 18, 14]"
21,"[69, 18, 20]"
17,"[69, 18, 32]"
35,"[69, 8]"
13,"[69, 8, 64]"
20,"[69, 8, 8]"
19,"[69, 8, 18]"
32,"[69, 8, 27]"
33,"[69, 8, 17]"
33,"[69, 8, 0]"
18,"[69, 8, 3]"
14,"[69, 8, 1]"
35,"[69, 8, 29]"
31,"[69, 8, 6]"
32,"[69, 8, 10]"
34,"[69, 8, 70]"
28,"[69, 8, 69]"
17,"[69, 8, 12]"
16,"[69, 8, 51]"
16,"[69, 8, 11]"
31,"[69, 8, 56]"
19,"[69, 8, 57]"
16,"[69, 8, 62]"
30,"[69, 8, 25]"
31,"[69, 8, 48]"
33,"[69, 8, 28]"
28,"[69, 8, 35]"
25,"[69, 8, 58]"
21,"[69, 8, 49]"
19,"[69, 8, 55]"
12,"[69, 8, 21]"
24,"[69, 8, 4]"
12,"[69, 8, 39]"
28,"[69, 8, 34]"
28,"[69, 8, 33]"
19,"[69, 8, 26]"
16,"[69, 8, 50]"
22,"[69, 8, 37]"
19,"[69, 8, 60]"
26,"[69, 8, 54]"
16,"[69, 8, 13]"
18,"[69, 8, 53]"
15,"[69, 8, 42]"
20,"[69, 8, 9]"
19,"[69, 8, 7]"
14,"[69, 8, 59]"
14,"[69, 8, 14]"
21,"[69, 8, 20]"
18,"[69, 8, 32]"
33,"[69, 27]"
32,"[69, 27, 17]"
30,"[69, 27, 0]"
19,"[69, 27, 3]"
15,"[69, 27, 1]"
33,"[69, 27, 29]"
29,"[69, 27, 6]"
15,"[69, 27, 8]"
30,"[69, 27, 10]"
33,"[69, 27, 70]"
27,"[69, 27, 69]"
17,"[69, 27, 12]"
15,"[69, 27, 51]"
14,"[69, 27, 11]"
28,"[69, 27, 56]"
17,"[69, 27, 57]"
14,"[69, 27, 62]"
28,"[69, 27, 25]"
30,"[69, 27, 48]"
31,"[69, 27, 28]"
27,"[69, 27, 35]"
25,"[69, 27, 58]"
21,"[69, 27, 49]"
18,"[69, 27, 55]"
23,"[69, 27, 4]"
24,"[69, 27, 27]"
26,"[69, 27, 34]"
26,"[69, 27, 33]"
16,"[69, 27, 26]"
15,"[69, 27, 50]"
21,"[69, 27, 37]"
18,"[69, 27, 60]"
25,"[69, 27, 54]"
16,"[69, 27, 13]"
17,"[69, 27, 53]"
16,"[69, 27, 42]"
19,"[69, 27, 7]"
14,"[69, 27, 59]"
12,"[69, 27, 18]"
13,"[69, 27, 14]"
20,"[69, 27, 20]"
16,"[69, 27, 32]"
35,"[69, 17]"
30,"[69, 17, 0]"
18,"[69, 17, 3]"
15,"[69, 17, 1]"
34,"[69, 17, 29]"
31,"[69, 17, 6]"
16,"[69, 17, 8]"
30,"[69, 17, 10]"
35,"[69, 17, 70]"
27,"[69, 17, 69]"
17,"[69, 17, 12]"
14,"[69, 17, 51]"
14,"[69, 17, 11]"
29,"[69, 17, 56]"
17,"[69, 17, 57]"
14,"[69, 17, 62]"
29,"[69, 17, 25]"
32,"[69, 17, 48]"
32,"[69, 17, 28]"
26,"[69, 17, 17]"
26,"[69, 17, 35]"
24,"[69, 17, 58]"
21,"[69, 17, 49]"
19,"[69, 17, 55]"
25,"[69, 17, 4]"
25,"[69, 17, 27]"
27,"[69, 17, 34]"
27,"[69, 17, 33]"
17,"[69, 17, 26]"
16,"[69, 17, 50]"
21,"[69, 17, 37]"
18,"[69, 17, 60]"
26,"[69, 17, 54]"
16,"[69, 17, 13]"
17,"[69, 17, 53]"
16,"[69, 17, 42]"
20,"[69, 17, 7]"
13,"[69, 17, 59]"
12,"[69, 17, 18]"
20,"[69, 17, 20]"
12,"[69, 17, 14]"
17,"[69, 17, 32]"
36,"[69, 0]"
20,"[69, 0, 3]"
12,"[69, 0, 64]"
15,"[69, 0, 1]"
30,"[69, 0, 29]"
32,"[69, 0, 6]"
17,"[69, 0, 8]"
32,"[69, 0, 10]"
36,"[69, 0, 70]"
28,"[69, 0, 69]"
17,"[69, 0, 12]"
15,"[69, 0, 51]"
16,"[69, 0, 11]"
31,"[69, 0, 56]"
19,"[69, 0, 57]"
16,"[69, 0, 62]"
31,"[69, 0, 25]"
32,"[69, 0, 48]"
34,"[69, 0, 28]"
28,"[69, 0, 17]"
27,"[69, 0, 35]"
25,"[69, 0, 58]"
22,"[69, 0, 49]"
20,"[69, 0, 55]"
26,"[69, 0, 4]"
25,"[69, 0, 27]"
29,"[69, 0, 34]"
29,"[69, 0, 33]"
19,"[69, 0, 26]"
17,"[69, 0, 50]"
23,"[69, 0, 37]"
20,"[69, 0, 60]"
23,"[69, 0, 0]"
12,"[69, 0, 5]"
26,"[69, 0, 54]"
16,"[69, 0, 13]"
18,"[69, 0, 53]"
16,"[69, 0, 42]"
21,"[69, 0, 7]"
13,"[69, 0, 59]"
14,"[69, 0, 18]"
23,"[69, 0, 20]"
13,"[69, 0, 14]"
16,"[69, 0, 32]"
20,"[69, 3]"
13,"[69, 3, 1]"
16,"[69, 3, 29]"
19,"[69, 3, 6]"
17,"[69, 3, 10]"
19,"[69, 3, 70]"
14,"[69, 3, 69]"
17,"[69, 3, 56]"
17,"[69, 3, 25]"
18,"[69, 3, 48]"
18,"[69, 3, 28]"
14,"[69, 3, 17]"
15,"[69, 3, 35]"
15,"[69, 3, 58]"
15,"[69, 3, 49]"
13,"[69, 3, 55]"
15,"[69, 3, 7]"
15,"[69, 3, 4]"
15,"[69, 3, 34]"
16,"[69, 3, 33]"
15,"[69, 3, 54]"
13,"[69, 3, 0]"
14,"[69, 3, 37]"
13,"[69, 3, 27]"
13,"[69, 3, 20]"
15,"[69, 1]"
13,"[69, 1, 6]"
14,"[69, 1, 70]"
36,"[69, 29]"
30,"[69, 29, 6]"
14,"[69, 29, 8]"
30,"[69, 29, 10]"
35,"[69, 29, 70]"
27,"[69, 29, 69]"
17,"[69, 29, 12]"
14,"[69, 29, 51]"
13,"[69, 29, 64]"
16,"[69, 29, 11]"
29,"[69, 29, 56]"
19,"[69, 29, 57]"
16,"[69, 29, 62]"
29,"[69, 29, 25]"
31,"[69, 29, 48]"
32,"[69, 29, 28]"
25,"[69, 29, 17]"
27,"[69, 29, 35]"
24,"[69, 29, 58]"
22,"[69, 29, 49]"
20,"[69, 29, 55]"
12,"[69, 29, 21]"
25,"[69, 29, 4]"
27,"[69, 29, 34]"
28,"[69, 29, 33]"
18,"[69, 29, 26]"
15,"[69, 29, 50]"
22,"[69, 29, 37]"
19,"[69, 29, 60]"
25,"[69, 29, 29]"
27,"[69, 29, 0]"
14,"[69, 29, 1]"
12,"[69, 29, 5]"
25,"[69, 29, 54]"
16,"[69, 29, 13]"
18,"[69, 29, 53]"
16,"[69, 29, 42]"
13,"[69, 29, 3]"
20,"[69, 29, 7]"
13,"[69, 29, 59]"
12,"[69, 29, 18]"
21,"[69, 29, 27]"
21,"[69, 29, 20]"
12,"[69, 29, 14]"
14,"[69, 29, 32]"
33,"[69, 6]"
15,"[69, 6, 8]"
27,"[69, 6, 10]"
33,"[69, 6, 70]"
24,"[69, 6, 69]"
15,"[69, 6, 12]"
12,"[69, 6, 51]"
12,"[69, 6, 64]"
16,"[69, 6, 11]"
25,"[69, 6, 56]"
17,"[69, 6, 57]"
14,"[69, 6, 62]"
26,"[69, 6, 25]"
28,"[69, 6, 48]"
28,"[69, 6, 28]"
26,"[69, 6, 17]"
24,"[69, 6, 35]"
24,"[69, 6, 58]"
22,"[69, 6, 49]"
20,"[69, 6, 55]"
26,"[69, 6, 6]"
24,"[69, 6, 4]"
20,"[69, 6, 27]"
25,"[69, 6, 29]"
23,"[69, 6, 34]"
24,"[69, 6, 33]"
16,"[69, 6, 26]"
15,"[69, 6, 50]"
21,"[69, 6, 37]"
19,"[69, 6, 60]"
21,"[69, 6, 0]"
12,"[69, 6, 5]"
24,"[69, 6, 54]"
13,"[69, 6, 13]"
16,"[69, 6, 53]"
14,"[69, 6, 42]"
21,"[69, 6, 7]"
13,"[69, 6, 59]"
12,"[69, 6, 18]"
19,"[69, 6, 20]"
13,"[69, 6, 32]"
36,"[69, 10]"
35,"[69, 10, 70]"
28,"[69, 10, 69]"
18,"[69, 10, 12]"
17,"[69, 10, 51]"
14,"[69, 10, 64]"
17,"[69, 10, 11]"
32,"[69, 10, 56]"
20,"[69, 10, 57]"
17,"[69, 10, 62]"
30,"[69, 10, 25]"
31,"[69, 10, 48]"
34,"[69, 10, 28]"
25,"[69, 10, 17]"
30,"[69, 10, 35]"
27,"[69, 10, 58]"
22,"[69, 10, 49]"
19,"[69, 10, 55]"
27,"[69, 10, 6]"
13,"[69, 10, 39]"
27,"[69, 10, 34]"
28,"[69, 10, 33]"
18,"[69, 10, 26]"
15,"[69, 10, 50]"
21,"[69, 10, 37]"
19,"[69, 10, 60]"
28,"[69, 10, 29]"
24,"[69, 10, 0]"
22,"[69, 10, 4]"
27,"[69, 10, 54]"
16,"[69, 10, 13]"
19,"[69, 10, 53]"
18,"[69, 10, 42]"
23,"[69, 10, 10]"
15,"[69, 10, 59]"
15,"[69, 10, 8]"
14,"[69, 10, 14]"
15,"[69, 10, 18]"
21,"[69, 10, 27]"
13,"[69, 10, 7]"
20,"[69, 10, 20]"
15,"[69, 10, 32]"
17,"[69, 11]"
16,"[69, 11, 56]"
12,"[69, 11, 57]"
14,"[69, 11, 25]"
16,"[69, 11, 48]"
15,"[69, 11, 28]"
17,"[69, 11, 70]"
16,"[69, 11, 35]"
15,"[69, 11, 58]"
15,"[69, 11, 49]"
14,"[69, 11, 55]"
14,"[69, 11, 6]"
12,"[69, 11, 69]"
12,"[69, 11, 34]"
13,"[69, 11, 33]"
14,"[69, 11, 54]"
12,"[69, 11, 0]"
12,"[69, 11, 29]"
34,"[69, 56]"
20,"[69, 56, 57]"
17,"[69, 56, 62]"
28,"[69, 56, 25]"
30,"[69, 56, 48]"
32,"[69, 56, 28]"
23,"[69, 56, 17]"
33,"[69, 56, 70]"
13,"[69, 56, 64]"
28,"[69, 56, 35]"
26,"[69, 56, 58]"
20,"[69, 56, 49]"
18,"[69, 56, 55]"
25,"[69, 56, 6]"
25,"[69, 56, 69]"
12,"[69, 56, 39]"
20,"[69, 56, 27]"
25,"[69, 56, 29]"
19,"[69, 56, 4]"
21,"[69, 56, 10]"
25,"[69, 56, 56]"
27,"[69, 56, 34]"
27,"[69, 56, 33]"
18,"[69, 56, 26]"
16,"[69, 56, 50]"
21,"[69, 56, 37]"
19,"[69, 56, 60]"
21,"[69, 56, 0]"
25,"[69, 56, 54]"
13,"[69, 56, 13]"
15,"[69, 56, 53]"
14,"[69, 56, 12]"
15,"[69, 56, 42]"
15,"[69, 56, 59]"
13,"[69, 56, 14]"
13,"[69, 56, 51]"
12,"[69, 56, 18]"
14,"[69, 56, 8]"
12,"[69, 56, 7]"
20,"[69, 56, 20]"
14,"[69, 56, 32]"
20,"[69, 57]"
16,"[69, 57, 25]"
18,"[69, 57, 48]"
19,"[69, 57, 28]"
15,"[69, 57, 17]"
20,"[69, 57, 70]"
17,"[69, 57, 35]"
16,"[69, 57, 58]"
16,"[69, 57, 49]"
13,"[69, 57, 55]"
15,"[69, 57, 6]"
15,"[69, 57, 69]"
16,"[69, 57, 54]"
13,"[69, 57, 0]"
15,"[69, 57, 29]"
15,"[69, 57, 33]"
15,"[69, 57, 34]"
12,"[69, 57, 20]"
31,"[69, 35]"
28,"[69, 35, 58]"
17,"[69, 35, 62]"
20,"[69, 35, 49]"
13,"[69, 35, 64]"
31,"[69, 35, 70]"
27,"[69, 35, 48]"
16,"[69, 35, 55]"
20,"[69, 35, 17]"
22,"[69, 35, 6]"
24,"[69, 35, 69]"
16,"[69, 35, 27]"
22,"[69, 35, 29]"
13,"[69, 35, 4]"
13,"[69, 35, 10]"
16,"[69, 35, 56]"
15,"[69, 35, 35]"
23,"[69, 35, 34]"
24,"[69, 35, 33]"
30,"[69, 35, 28]"
25,"[69, 35, 25]"
15,"[69, 35, 26]"
14,"[69, 35, 50]"
18,"[69, 35, 37]"
15,"[69, 35, 60]"
16,"[69, 35, 0]"
24,"[69, 35, 54]"
13,"[69, 35, 13]"
15,"[69, 35, 53]"
14,"[69, 35, 12]"
14,"[69, 35, 42]"
15,"[69, 35, 59]"
12,"[69, 35, 14]"
12,"[69, 35, 51]"
12,"[69, 35, 18]"
17,"[69, 35, 20]"
12,"[69, 35, 32]"
28,"[69, 58]"
14,"[69, 58, 62]"
20,"[69, 58, 49]"
13,"[69, 58, 64]"
28,"[69, 58, 70]"
24,"[69, 58, 48]"
16,"[69, 58, 55]"
19,"[69, 58, 17]"
20,"[69, 58, 6]"
22,"[69, 58, 69]"
16,"[69, 58, 35]"
18,"[69, 58, 58]"
20,"[69, 58, 34]"
20,"[69, 58, 33]"
26,"[69, 58, 28]"
21,"[69, 58, 25]"
13,"[69, 58, 26]"
13,"[69, 58, 50]"
16,"[69, 58, 37]"
14,"[69, 58, 60]"
20,"[69, 58, 29]"
16,"[69, 58, 0]"
12,"[69, 58, 4]"
22,"[69, 58, 54]"
14,"[69, 58, 53]"
13,"[69, 58, 12]"
13,"[69, 58, 42]"
15,"[69, 58, 59]"
14,"[69, 58, 56]"
14,"[69, 58, 27]"
14,"[69, 58, 20]"
12,"[69, 58, 10]"
24,"[69, 49]"
22,"[69, 49, 70]"
17,"[69, 49, 49]"
19,"[69, 49, 48]"
18,"[69, 49, 55]"
18,"[69, 49, 17]"
17,"[69, 49, 6]"
16,"[69, 49, 69]"
14,"[69, 49, 28]"
12,"[69, 49, 25]"
15,"[69, 49, 33]"
15,"[69, 49, 27]"
18,"[69, 49, 29]"
16,"[69, 49, 0]"
18,"[69, 49, 54]"
12,"[69, 49, 12]"
12,"[69, 49, 34]"
21,"[69, 55]"
14,"[69, 55, 17]"
13,"[69, 55, 6]"
15,"[69, 55, 70]"
13,"[69, 55, 0]"
14,"[69, 55, 29]"
13,"[69, 21]"
13,"[69, 21, 70]"
26,"[69, 43]"
15,"[69, 43, 15]"
21,"[69, 43, 14]"
23,"[69, 43, 51]"
22,"[69, 43, 13]"
24,"[69, 43, 53]"
26,"[69, 43, 70]"
24,"[69, 43, 34]"
23,"[69, 43, 33]"
25,"[69, 43, 28]"
23,"[69, 43, 25]"
22,"[69, 43, 48]"
23,"[69, 43, 69]"
23,"[69, 43, 32]"
23,"[69, 43, 18]"
14,"[69, 43, 31]"
24,"[69, 43, 8]"
23,"[69, 43, 27]"
24,"[69, 43, 17]"
25,"[69, 43, 0]"
23,"[69, 43, 6]"
20,"[69, 43, 4]"
23,"[69, 43, 56]"
21,"[69, 43, 35]"
25,"[69, 43, 29]"
25,"[69, 43, 10]"
19,"[69, 43, 58]"
15,"[69, 43, 62]"
17,"[69, 43, 26]"
16,"[69, 43, 50]"
20,"[69, 43, 37]"
18,"[69, 43, 60]"
14,"[69, 43, 55]"
23,"[69, 43, 54]"
19,"[69, 43, 12]"
21,"[69, 43, 42]"
15,"[69, 43, 9]"
12,"[69, 43, 3]"
13,"[69, 43, 7]"
13,"[69, 43, 57]"
19,"[69, 43, 20]"
16,"[69, 43, 49]"
15,"[69, 43, 16]"
14,"[69, 43, 43]"
13,"[69, 43, 68]"
15,"[69, 31]"
13,"[69, 31, 8]"
13,"[69, 31, 27]"
13,"[69, 31, 17]"
15,"[69, 31, 0]"
14,"[69, 31, 6]"
14,"[69, 31, 4]"
13,"[69, 31, 56]"
12,"[69, 31, 35]"
15,"[69, 31, 29]"
13,"[69, 31, 10]"
15,"[69, 31, 70]"
13,"[69, 31, 34]"
13,"[69, 31, 33]"
14,"[69, 31, 28]"
12,"[69, 31, 25]"
14,"[69, 31, 48]"
12,"[69, 31, 69]"
13,"[69, 31, 54]"
12,"[69, 31, 49]"
27,"[69, 4]"
17,"[69, 4, 56]"
16,"[69, 4, 35]"
16,"[69, 4, 17]"
15,"[69, 4, 27]"
21,"[69, 4, 29]"
15,"[69, 4, 4]"
20,"[69, 4, 10]"
14,"[69, 4, 58]"
26,"[69, 4, 70]"
15,"[69, 4, 34]"
17,"[69, 4, 33]"
20,"[69, 4, 28]"
18,"[69, 4, 25]"
20,"[69, 4, 48]"
14,"[69, 4, 26]"
15,"[69, 4, 37]"
12,"[69, 4, 60]"
17,"[69, 4, 69]"
17,"[69, 4, 0]"
12,"[69, 4, 5]"
19,"[69, 4, 6]"
16,"[69, 4, 55]"
18,"[69, 4, 54]"
13,"[69, 4, 12]"
12,"[69, 4, 42]"
15,"[69, 4, 20]"
14,"[69, 4, 49]"
13,"[69, 39]"
13,"[69, 39, 70]"
12,"[69, 39, 48]"
12,"[69, 5]"
12,"[69, 5, 70]"
20,"[69, 9]"
18,"[69, 9, 27]"
19,"[69, 9, 17]"
20,"[69, 9, 29]"
20,"[69, 9, 0]"
13,"[69, 9, 3]"
20,"[69, 9, 6]"
16,"[69, 9, 7]"
14,"[69, 9, 4]"
19,"[69, 9, 10]"
14,"[69, 9, 11]"
19,"[69, 9, 56]"
18,"[69, 9, 35]"
17,"[69, 9, 58]"
20,"[69, 9, 70]"
17,"[69, 9, 34]"
17,"[69, 9, 33]"
20,"[69, 9, 28]"
17,"[69, 9, 25]"
18,"[69, 9, 48]"
16,"[69, 9, 54]"
14,"[69, 9, 37]"
12,"[69, 9, 55]"
15,"[69, 9, 69]"
13,"[69, 9, 57]"
16,"[69, 9, 49]"
13,"[69, 9, 20]"
21,"[69, 7]"
14,"[69, 7, 4]"
15,"[69, 7, 10]"
14,"[69, 7, 56]"
15,"[69, 7, 35]"
15,"[69, 7, 58]"
21,"[69, 7, 70]"
15,"[69, 7, 34]"
16,"[69, 7, 33]"
18,"[69, 7, 28]"
16,"[69, 7, 25]"
17,"[69, 7, 48]"
16,"[69, 7, 54]"
12,"[69, 7, 0]"
15,"[69, 7, 37]"
13,"[69, 7, 60]"
12,"[69, 7, 26]"
14,"[69, 7, 55]"
15,"[69, 7, 6]"
16,"[69, 7, 49]"
15,"[69, 7, 69]"
16,"[69, 7, 17]"
15,"[69, 7, 29]"
12,"[69, 7, 20]"
15,"[69, 59]"
15,"[69, 59, 70]"
13,"[69, 59, 28]"
12,"[69, 59, 48]"
13,"[69, 59, 49]"
20,[66]
20,"[66, 13]"
20,"[66, 13, 53]"
15,"[66, 13, 12]"
18,"[66, 13, 42]"
14,"[66, 13, 15]"
14,"[66, 13, 16]"
17,"[66, 13, 51]"
12,"[66, 13, 68]"
13,"[66, 13, 14]"
20,"[66, 13, 70]"
17,"[66, 13, 62]"
18,"[66, 13, 34]"
18,"[66, 13, 33]"
19,"[66, 13, 28]"
18,"[66, 13, 54]"
20,"[66, 13, 69]"
13,"[66, 13, 66]"
18,"[66, 13, 25]"
16,"[66, 13, 48]"
15,"[66, 13, 20]"
17,"[66, 13, 37]"
14,"[66, 13, 26]"
13,"[66, 13, 50]"
15,"[66, 13, 60]"
12,"[66, 13, 64]"
18,"[66, 13, 32]"
18,"[66, 13, 18]"
18,"[66, 13, 8]"
16,"[66, 13, 27]"
17,"[66, 13, 17]"
18,"[66, 13, 0]"
18,"[66, 13, 29]"
17,"[66, 13, 6]"
19,"[66, 13, 10]"
19,"[66, 13, 56]"
18,"[66, 13, 35]"
16,"[66, 13, 58]"
13,"[66, 13, 49]"
17,"[66, 13, 13]"
15,"[66, 13, 4]"
20,"[66, 53]"
13,"[66, 53, 12]"
17,"[66, 53, 42]"
13,"[66, 53, 15]"
16,"[66, 53, 51]"
12,"[66, 53, 14]"
19,"[66, 53, 70]"
15,"[66, 53, 62]"
17,"[66, 53, 34]"
17,"[66, 53, 33]"
18,"[66, 53, 28]"
18,"[66, 53, 54]"
19,"[66, 53, 69]"
12,"[66, 53, 66]"
18,"[66, 53, 25]"
16,"[66, 53, 48]"
14,"[66, 53, 20]"
16,"[66, 53, 37]"
13,"[66, 53, 26]"
12,"[66, 53, 50]"
13,"[66, 53, 60]"
16,"[66, 53, 32]"
17,"[66, 53, 18]"
17,"[66, 53, 8]"
15,"[66, 53, 27]"
16,"[66, 53, 17]"
17,"[66, 53, 0]"
18,"[66, 53, 29]"
16,"[66, 53, 6]"
18,"[66, 53, 10]"
18,"[66, 53, 56]"
17,"[66, 53, 35]"
15,"[66, 53, 58]"
13,"[66, 53, 49]"
13,"[66, 53, 13]"
17,"[66, 53, 53]"
14,"[66, 53, 4]"
20,"[66, 12]"
20,"[66, 12, 42]"
16,"[66, 12, 15]"
14,"[66, 12, 16]"
19,"[66, 12, 51]"
12,"[66, 12, 68]"
15,"[66, 12, 14]"
12,"[66, 12, 12]"
19,"[66, 12, 70]"
17,"[66, 12, 62]"
17,"[66, 12, 34]"
17,"[66, 12, 33]"
18,"[66, 12, 28]"
17,"[66, 12, 54]"
19,"[66, 12, 69]"
13,"[66, 12, 66]"
17,"[66, 12, 25]"
15,"[66, 12, 48]"
14,"[66, 12, 20]"
16,"[66, 12, 37]"
14,"[66, 12, 26]"
13,"[66, 12, 50]"
14,"[66, 12, 60]"
12,"[66, 12, 64]"
17,"[66, 12, 32]"
17,"[66, 12, 18]"
17,"[66, 12, 8]"
15,"[66, 12, 27]"
16,"[66, 12, 17]"
18,"[66, 12, 0]"
17,"[66, 12, 29]"
17,"[66, 12, 6]"
19,"[66, 12, 10]"
19,"[66, 12, 56]"
17,"[66, 12, 35]"
15,"[66, 12, 58]"
13,"[66, 12, 49]"
19,"[66, 12, 13]"
19,"[66, 12, 53]"
14,"[66, 12, 43]"
15,"[66, 12, 4]"
20,"[66, 42]"
16,"[66, 42, 15]"
15,"[66, 42, 16]"
19,"[66, 42, 51]"
13,"[66, 42, 68]"
15,"[66, 42, 14]"
12,"[66, 42, 12]"
20,"[66, 42, 70]"
16,"[66, 42, 62]"
17,"[66, 42, 34]"
17,"[66, 42, 33]"
19,"[66, 42, 28]"
18,"[66, 42, 54]"
18,"[66, 42, 69]"
12,"[66, 42, 66]"
17,"[66, 42, 42]"
18,"[66, 42, 25]"
16,"[66, 42, 48]"
15,"[66, 42, 20]"
17,"[66, 42, 37]"
14,"[66, 42, 26]"
13,"[66, 42, 50]"
15,"[66, 42, 60]"
12,"[66, 42, 64]"
17,"[66, 42, 32]"
18,"[66, 42, 18]"
18,"[66, 42, 8]"
16,"[66, 42, 27]"
17,"[66, 42, 17]"
18,"[66, 42, 0]"
18,"[66, 42, 29]"
17,"[66, 42, 6]"
19,"[66, 42, 10]"
19,"[66, 42, 56]"
18,"[66, 42, 35]"
16,"[66, 42, 58]"
13,"[66, 42, 49]"
19,"[66, 42, 13]"
19,"[66, 42, 53]"
14,"[66, 42, 43]"
15,"[66, 42, 4]"
17,"[66, 15]"
12,"[66, 15, 16]"
13,"[66, 15, 51]"
13,"[66, 15, 14]"
12,"[66, 15, 12]"
17,"[66, 15, 70]"
15,"[66, 15, 62]"
15,"[66, 15, 34]"
15,"[66, 15, 33]"
16,"[66, 15, 28]"
15,"[66, 15, 54]"
17,"[66, 15, 69]"
14,"[66, 15, 42]"
15,"[66, 15, 25]"
13,"[66, 15, 48]"
12,"[66, 15, 20]"
14,"[66, 15, 37]"
12,"[66, 15, 26]"
12,"[66, 15, 60]"
14,"[66, 15, 32]"
15,"[66, 15, 18]"
15,"[66, 15, 8]"
14,"[66, 15, 27]"
15,"[66, 15, 17]"
17,"[66, 15, 0]"
16,"[66, 15, 29]"
16,"[66, 15, 6]"
16,"[66, 15, 10]"
16,"[66, 15, 56]"
15,"[66, 15, 35]"
13,"[66, 15, 58]"
12,"[66, 15, 49]"
13,"[66, 15, 13]"
13,"[66, 15, 53]"
14,"[66, 15, 4]"
15,"[66, 16]"
12,"[66, 16, 68]"
15,"[66, 16, 70]"
13,"[66, 16, 34]"
13,"[66, 16, 33]"
13,"[66, 16, 28]"
14,"[66, 16, 54]"
13,"[66, 16, 69]"
12,"[66, 16, 18]"
12,"[66, 16, 8]"
12,"[66, 16, 0]"
12,"[66, 16, 29]"
12,"[66, 16, 10]"
12,"[66, 16, 56]"
14,"[66, 16, 53]"
19,"[66, 51]"
13,"[66, 51, 14]"
12,"[66, 51, 12]"
19,"[66, 51, 70]"
16,"[66, 51, 62]"
17,"[66, 51, 34]"
17,"[66, 51, 33]"
19,"[66, 51, 28]"
17,"[66, 51, 54]"
17,"[66, 51, 69]"
16,"[66, 51, 42]"
18,"[66, 51, 25]"
16,"[66, 51, 48]"
14,"[66, 51, 20]"
16,"[66, 51, 37]"
14,"[66, 51, 26]"
13,"[66, 51, 50]"
14,"[66, 51, 60]"
12,"[66, 51, 64]"
16,"[66, 51, 32]"
17,"[66, 51, 18]"
17,"[66, 51, 8]"
15,"[66, 51, 27]"
16,"[66, 51, 17]"
18,"[66, 51, 0]"
18,"[66, 51, 29]"
17,"[66, 51, 6]"
19,"[66, 51, 10]"
17,"[66, 51, 51]"
19,"[66, 51, 56]"
18,"[66, 51, 35]"
16,"[66, 51, 58]"
13,"[66, 51, 49]"
15,"[66, 51, 13]"
16,"[66, 51, 53]"
13,"[66, 51, 15]"
15,"[66, 51, 4]"
13,"[66, 68]"
12,"[66, 68, 70]"
16,"[66, 14]"
16,"[66, 14, 70]"
15,"[66, 14, 62]"
14,"[66, 14, 34]"
14,"[66, 14, 33]"
15,"[66, 14, 28]"
13,"[66, 14, 54]"
16,"[66, 14, 69]"
12,"[66, 14, 42]"
14,"[66, 14, 25]"
12,"[66, 14, 48]"
13,"[66, 14, 37]"
12,"[66, 14, 26]"
13,"[66, 14, 32]"
14,"[66, 14, 18]"
13,"[66, 14, 8]"
13,"[66, 14, 27]"
14,"[66, 14, 17]"
15,"[66, 14, 0]"
15,"[66, 14, 29]"
15,"[66, 14, 6]"
15,"[66, 14, 10]"
12,"[66, 14, 51]"
14,"[66, 14, 56]"
14,"[66, 14, 35]"
12,"[66, 14, 58]"
12,"[66, 14, 13]"
13,"[66, 14, 53]"
13,"[66, 14, 4]"
20,"[66, 70]"
16,"[66, 70, 62]"
19,"[66, 70, 70]"
17,"[66, 70, 34]"
17,"[66, 70, 33]"
19,"[66, 70, 28]"
18,"[66, 70, 54]"
16,"[66, 70, 69]"
14,"[66, 70, 42]"
18,"[66, 70, 25]"
16,"[66, 70, 48]"
15,"[66, 70, 20]"
17,"[66, 70, 37]"
14,"[66, 70, 26]"
13,"[66, 70, 50]"
15,"[66, 70, 60]"
12,"[66, 70, 64]"
15,"[66, 70, 32]"
17,"[66, 70, 18]"
17,"[66, 70, 8]"
15,"[66, 70, 27]"
16,"[66, 70, 17]"
18,"[66, 70, 0]"
17,"[66, 70, 29]"
17,"[66, 70, 6]"
16,"[66, 70, 10]"
17,"[66, 70, 56]"
16,"[66, 70, 35]"
16,"[66, 70, 58]"
13,"[66, 70, 49]"
13,"[66, 70, 4]"
13,"[66, 70, 53]"
17,"[66, 62]"
16,"[66, 62, 70]"
12,"[66, 62, 33]"
13,"[66, 62, 28]"
14,"[66, 62, 54]"
12,"[66, 62, 69]"
12,"[66, 62, 48]"
12,"[66, 62, 17]"
13,"[66, 62, 0]"
15,"[66, 62, 29]"
13,"[66, 62, 6]"
18,"[66, 34]"
18,"[66, 34, 33]"
17,"[66, 34, 28]"
14,"[66, 34, 62]"
18,"[66, 34, 54]"
18,"[66, 34, 70]"
15,"[66, 34, 69]"
12,"[66, 34, 42]"
17,"[66, 34, 25]"
15,"[66, 34, 48]"
14,"[66, 34, 20]"
16,"[66, 34, 37]"
12,"[66, 34, 26]"
13,"[66, 34, 60]"
12,"[66, 34, 32]"
12,"[66, 34, 18]"
12,"[66, 34, 8]"
13,"[66, 34, 27]"
14,"[66, 34, 17]"
13,"[66, 34, 0]"
15,"[66, 34, 29]"
13,"[66, 34, 6]"
13,"[66, 34, 10]"
13,"[66, 34, 56]"
12,"[66, 34, 35]"
12,"[66, 34, 58]"
12,"[66, 34, 49]"
12,"[66, 34, 53]"
18,"[66, 33]"
17,"[66, 33, 28]"
14,"[66, 33, 62]"
17,"[66, 33, 54]"
18,"[66, 33, 70]"
14,"[66, 33, 69]"
17,"[66, 33, 25]"
15,"[66, 33, 48]"
12,"[66, 33, 20]"
15,"[66, 33, 37]"
12,"[66, 33, 27]"
13,"[66, 33, 17]"
12,"[66, 33, 0]"
15,"[66, 33, 29]"
13,"[66, 33, 6]"
12,"[66, 33, 10]"
12,"[66, 33, 56]"
12,"[66, 33, 49]"
19,"[66, 28]"
14,"[66, 28, 62]"
14,"[66, 28, 28]"
16,"[66, 28, 54]"
18,"[66, 28, 70]"
14,"[66, 28, 69]"
17,"[66, 28, 25]"
16,"[66, 28, 48]"
12,"[66, 28, 20]"
15,"[66, 28, 37]"
12,"[66, 28, 50]"
12,"[66, 28, 64]"
12,"[66, 28, 18]"
13,"[66, 28, 27]"
14,"[66, 28, 17]"
13,"[66, 28, 0]"
15,"[66, 28, 29]"
14,"[66, 28, 6]"
12,"[66, 28, 10]"
12,"[66, 28, 56]"
12,"[66, 28, 35]"
13,"[66, 28, 58]"
13,"[66, 28, 49]"
18,"[66, 54]"
12,"[66, 54, 62]"
13,"[66, 54, 28]"
16,"[66, 54, 54]"
17,"[66, 54, 70]"
12,"[66, 54, 69]"
13,"[66, 54, 48]"
12,"[66, 54, 20]"
14,"[66, 54, 37]"
12,"[66, 54, 27]"
13,"[66, 54, 17]"
12,"[66, 54, 0]"
14,"[66, 54, 29]"
12,"[66, 54, 6]"
12,"[66, 54, 56]"
12,"[66, 54, 49]"
20,"[66, 69]"
13,"[66, 69, 66]"
19,"[66, 69, 42]"
16,"[66, 69, 62]"
18,"[66, 69, 54]"
18,"[66, 69, 25]"
19,"[66, 69, 28]"
16,"[66, 69, 48]"
15,"[66, 69, 20]"
17,"[66, 69, 37]"
20,"[66, 69, 70]"
14,"[66, 69, 26]"
13,"[66, 69, 50]"
15,"[66, 69, 60]"
12,"[66, 69, 64]"
17,"[66, 69, 32]"
18,"[66, 69, 18]"
18,"[66, 69, 8]"
16,"[66, 69, 27]"
17,"[66, 69, 17]"
18,"[66, 69, 0]"
18,"[66, 69, 29]"
17,"[66, 69, 6]"
18,"[66, 69, 10]"
18,"[66, 69, 69]"
14,"[66, 69, 12]"
17,"[66, 69, 51]"
18,"[66, 69, 56]"
17,"[66, 69, 35]"
16,"[66, 69, 58]"
13,"[66, 69, 49]"
18,"[66, 69, 13]"
18,"[66, 69, 53]"
13,"[66, 69, 43]"
14,"[66, 69, 15]"
12,"[66, 69, 14]"
15,"[66, 69, 34]"
16,"[66, 69, 33]"
15,"[66, 69, 4]"
13,"[66, 66]"
12,"[66, 66, 42]"
13,"[66, 66, 28]"
13,"[66, 66, 70]"
12,"[66, 66, 0]"
12,"[66, 66, 69]"
12,"[66, 66, 53]"
18,"[66, 25]"
13,"[66, 25, 28]"
16,"[66, 25, 48]"
15,"[66, 25, 62]"
14,"[66, 25, 20]"
17,"[66, 25, 37]"
18,"[66, 25, 70]"
12,"[66, 25, 60]"
12,"[66, 25, 32]"
13,"[66, 25, 18]"
12,"[66, 25, 8]"
14,"[66, 25, 27]"
15,"[66, 25, 17]"
13,"[66, 25, 0]"
16,"[66, 25, 29]"
14,"[66, 25, 6]"
12,"[66, 25, 10]"
13,"[66, 25, 69]"
13,"[66, 25, 56]"
12,"[66, 25, 58]"
13,"[66, 25, 49]"
14,"[66, 25, 54]"
16,"[66, 48]"
14,"[66, 48, 48]"
14,"[66, 48, 37]"
16,"[66, 48, 70]"
12,"[66, 48, 60]"
12,"[66, 48, 27]"
13,"[66, 48, 17]"
13,"[66, 48, 0]"
14,"[66, 48, 29]"
12,"[66, 48, 6]"
12,"[66, 48, 56]"
12,"[66, 48, 54]"
15,"[66, 20]"
15,"[66, 20, 37]"
15,"[66, 20, 70]"
12,"[66, 20, 62]"
12,"[66, 20, 60]"
12,"[66, 20, 18]"
13,"[66, 20, 27]"
14,"[66, 20, 17]"
15,"[66, 20, 29]"
12,"[66, 20, 6]"
12,"[66, 20, 10]"
13,"[66, 20, 48]"
13,"[66, 20, 28]"
12,"[66, 20, 35]"
12,"[66, 20, 49]"
17,"[66, 37]"
17,"[66, 37, 70]"
13,"[66, 37, 62]"
14,"[66, 37, 60]"
13,"[66, 37, 17]"
12,"[66, 37, 0]"
14,"[66, 37, 29]"
12,"[66, 37, 6]"
12,"[66, 37, 25]"
14,"[66, 37, 48]"
13,"[66, 37, 28]"
12,"[66, 37, 49]"
12,"[66, 37, 54]"
14,"[66, 26]"
12,"[66, 26, 50]"
12,"[66, 26, 0]"
12,"[66, 26, 29]"
12,"[66, 26, 6]"
14,"[66, 26, 70]"
12,"[66, 26, 62]"
12,"[66, 26, 48]"
13,"[66, 50]"
12,"[66, 50, 29]"
13,"[66, 50, 70]"
12,"[66, 50, 62]"
15,"[66, 60]"
12,"[66, 60, 0]"
12,"[66, 60, 29]"
13,"[66, 60, 6]"
15,"[66, 60, 70]"
13,"[66, 60, 48]"
12,"[66, 64]"
12,"[66, 64, 64]"
12,"[66, 64, 70]"
18,"[66, 32]"
17,"[66, 32, 18]"
17,"[66, 32, 8]"
15,"[66, 32, 27]"
16,"[66, 32, 17]"
16,"[66, 32, 0]"
17,"[66, 32, 29]"
15,"[66, 32, 6]"
17,"[66, 32, 10]"
18,"[66, 32, 70]"
13,"[66, 32, 69]"
17,"[66, 32, 56]"
13,"[66, 32, 62]"
15,"[66, 32, 25]"
16,"[66, 32, 48]"
16,"[66, 32, 28]"
16,"[66, 32, 35]"
14,"[66, 32, 58]"
14,"[66, 32, 4]"
12,"[66, 32, 34]"
14,"[66, 32, 33]"
13,"[66, 32, 37]"
15,"[66, 32, 54]"
18,"[66, 18]"
17,"[66, 18, 8]"
16,"[66, 18, 27]"
17,"[66, 18, 17]"
16,"[66, 18, 0]"
18,"[66, 18, 29]"
16,"[66, 18, 6]"
17,"[66, 18, 10]"
18,"[66, 18, 70]"
12,"[66, 18, 69]"
17,"[66, 18, 56]"
14,"[66, 18, 62]"
15,"[66, 18, 25]"
16,"[66, 18, 48]"
16,"[66, 18, 28]"
17,"[66, 18, 35]"
15,"[66, 18, 58]"
12,"[66, 18, 49]"
14,"[66, 18, 4]"
12,"[66, 18, 34]"
14,"[66, 18, 33]"
13,"[66, 18, 37]"
14,"[66, 18, 54]"
18,"[66, 8]"
16,"[66, 8, 27]"
17,"[66, 8, 17]"
17,"[66, 8, 0]"
18,"[66, 8, 29]"
16,"[66, 8, 6]"
16,"[66, 8, 10]"
17,"[66, 8, 70]"
12,"[66, 8, 69]"
17,"[66, 8, 56]"
13,"[66, 8, 62]"
15,"[66, 8, 25]"
15,"[66, 8, 48]"
16,"[66, 8, 28]"
16,"[66, 8, 35]"
14,"[66, 8, 58]"
13,"[66, 8, 4]"
12,"[66, 8, 34]"
14,"[66, 8, 33]"
12,"[66, 8, 37]"
12,"[66, 8, 54]"
16,"[66, 27]"
16,"[66, 27, 17]"
14,"[66, 27, 0]"
16,"[66, 27, 29]"
14,"[66, 27, 6]"
14,"[66, 27, 10]"
16,"[66, 27, 70]"
14,"[66, 27, 56]"
13,"[66, 27, 25]"
14,"[66, 27, 48]"
14,"[66, 27, 28]"
15,"[66, 27, 35]"
14,"[66, 27, 58]"
12,"[66, 27, 4]"
12,"[66, 27, 33]"
17,"[66, 17]"
14,"[66, 17, 0]"
16,"[66, 17, 29]"
15,"[66, 17, 6]"
13,"[66, 17, 10]"
17,"[66, 17, 70]"
14,"[66, 17, 56]"
12,"[66, 17, 62]"
13,"[66, 17, 25]"
15,"[66, 17, 48]"
14,"[66, 17, 28]"
14,"[66, 17, 35]"
13,"[66, 17, 58]"
13,"[66, 17, 4]"
12,"[66, 17, 33]"
18,"[66, 0]"
13,"[66, 0, 29]"
16,"[66, 0, 6]"
15,"[66, 0, 10]"
18,"[66, 0, 70]"
12,"[66, 0, 69]"
16,"[66, 0, 56]"
13,"[66, 0, 62]"
15,"[66, 0, 25]"
15,"[66, 0, 48]"
16,"[66, 0, 28]"
12,"[66, 0, 17]"
14,"[66, 0, 35]"
13,"[66, 0, 58]"
12,"[66, 0, 49]"
14,"[66, 0, 4]"
12,"[66, 0, 34]"
14,"[66, 0, 33]"
13,"[66, 0, 37]"
18,"[66, 29]"
16,"[66, 29, 6]"
15,"[66, 29, 10]"
18,"[66, 29, 70]"
12,"[66, 29, 69]"
16,"[66, 29, 56]"
13,"[66, 29, 62]"
15,"[66, 29, 25]"
16,"[66, 29, 48]"
16,"[66, 29, 28]"
14,"[66, 29, 35]"
12,"[66, 29, 58]"
12,"[66, 29, 49]"
14,"[66, 29, 4]"
12,"[66, 29, 34]"
14,"[66, 29, 33]"
13,"[66, 29, 37]"
14,"[66, 29, 0]"
12,"[66, 29, 54]"
17,"[66, 6]"
13,"[66, 6, 10]"
17,"[66, 6, 70]"
14,"[66, 6, 56]"
12,"[66, 6, 62]"
13,"[66, 6, 25]"
14,"[66, 6, 48]"
14,"[66, 6, 28]"
12,"[66, 6, 17]"
13,"[66, 6, 35]"
13,"[66, 6, 58]"
12,"[66, 6, 49]"
12,"[66, 6, 6]"
13,"[66, 6, 4]"
12,"[66, 6, 33]"
12,"[66, 6, 37]"
19,"[66, 10]"
18,"[66, 10, 70]"
12,"[66, 10, 69]"
12,"[66, 10, 64]"
18,"[66, 10, 56]"
14,"[66, 10, 62]"
15,"[66, 10, 25]"
15,"[66, 10, 48]"
17,"[66, 10, 28]"
17,"[66, 10, 35]"
15,"[66, 10, 58]"
12,"[66, 10, 49]"
13,"[66, 10, 6]"
12,"[66, 10, 34]"
14,"[66, 10, 33]"
12,"[66, 10, 26]"
13,"[66, 10, 37]"
13,"[66, 10, 29]"
12,"[66, 10, 0]"
13,"[66, 10, 54]"
19,"[66, 56]"
14,"[66, 56, 62]"
15,"[66, 56, 25]"
15,"[66, 56, 48]"
17,"[66, 56, 28]"
18,"[66, 56, 70]"
17,"[66, 56, 35]"
15,"[66, 56, 58]"
12,"[66, 56, 49]"
13,"[66, 56, 6]"
12,"[66, 56, 69]"
12,"[66, 56, 29]"
12,"[66, 56, 56]"
12,"[66, 56, 34]"
14,"[66, 56, 33]"
12,"[66, 56, 26]"
13,"[66, 56, 37]"
12,"[66, 56, 54]"
18,"[66, 35]"
16,"[66, 35, 58]"
14,"[66, 35, 62]"
12,"[66, 35, 49]"
18,"[66, 35, 70]"
15,"[66, 35, 48]"
12,"[66, 35, 6]"
13,"[66, 35, 69]"
12,"[66, 35, 29]"
13,"[66, 35, 34]"
15,"[66, 35, 33]"
17,"[66, 35, 28]"
15,"[66, 35, 25]"
12,"[66, 35, 37]"
13,"[66, 35, 54]"
16,"[66, 58]"
12,"[66, 58, 62]"
12,"[66, 58, 49]"
16,"[66, 58, 70]"
13,"[66, 58, 48]"
12,"[66, 58, 69]"
12,"[66, 58, 33]"
14,"[66, 58, 28]"
12,"[66, 58, 25]"
12,"[66, 58, 54]"
13,"[66, 49]"
14,"[66, 43]"
12,"[66, 43, 53]"
14,"[66, 43, 70]"
12,"[66, 43, 34]"
12,"[66, 43, 33]"
13,"[66, 43, 28]"
12,"[66, 43, 25]"
12,"[66, 43, 69]"
12,"[66, 43, 18]"
12,"[66, 43, 8]"
12,"[66, 43, 17]"
14,"[66, 43, 0]"
14,"[66, 43, 6]"
13,"[66, 43, 4]"
13,"[66, 43, 56]"
12,"[66, 43, 35]"
13,"[66, 43, 29]"
13,"[66, 43, 10]"
12,"[66, 43, 62]"
12,"[66, 43, 37]"
12,"[66, 43, 54]"
15,"[66, 4]"
12,"[66, 4, 56]"
12,"[66, 4, 10]"
14,"[66, 4, 70]"
12,"[66, 4, 28]"
12,"[66, 4, 48]"
37,[13]
36,"[13, 53]"
23,"[13, 53, 12]"
24,"[13, 53, 42]"
15,"[13, 53, 15]"
17,"[13, 53, 16]"
24,"[13, 53, 51]"
15,"[13, 53, 68]"
18,"[13, 53, 14]"
35,"[13, 53, 70]"
18,"[13, 53, 62]"
33,"[13, 53, 34]"
31,"[13, 53, 33]"
34,"[13, 53, 28]"
33,"[13, 53, 54]"
33,"[13, 53, 69]"
13,"[13, 53, 66]"
32,"[13, 53, 25]"
32,"[13, 53, 48]"
25,"[13, 53, 20]"
27,"[13, 53, 37]"
20,"[13, 53, 26]"
20,"[13, 53, 50]"
23,"[13, 53, 60]"
13,"[13, 53, 36]"
13,"[13, 53, 64]"
32,"[13, 53, 32]"
29,"[13, 53, 18]"
32,"[13, 53, 8]"
30,"[13, 53, 27]"
32,"[13, 53, 17]"
33,"[13, 53, 0]"
18,"[13, 53, 3]"
14,"[13, 53, 1]"
34,"[13, 53, 29]"
31,"[13, 53, 6]"
32,"[13, 53, 10]"
15,"[13, 53, 11]"
29,"[13, 53, 56]"
16,"[13, 53, 57]"
28,"[13, 53, 35]"
26,"[13, 53, 58]"
23,"[13, 53, 49]"
21,"[13, 53, 55]"
12,"[13, 53, 21]"
12,"[13, 53, 43]"
23,"[13, 53, 13]"
28,"[13, 53, 53]"
13,"[13, 53, 31]"
25,"[13, 53, 4]"
12,"[13, 53, 5]"
18,"[13, 53, 9]"
20,"[13, 53, 7]"
13,"[13, 53, 59]"
28,"[13, 12]"
22,"[13, 12, 42]"
12,"[13, 12, 15]"
12,"[13, 12, 16]"
19,"[13, 12, 51]"
13,"[13, 12, 68]"
13,"[13, 12, 14]"
25,"[13, 12, 70]"
20,"[13, 12, 34]"
19,"[13, 12, 33]"
21,"[13, 12, 28]"
20,"[13, 12, 54]"
18,"[13, 12, 69]"
20,"[13, 12, 25]"
20,"[13, 12, 48]"
15,"[13, 12, 20]"
17,"[13, 12, 37]"
15,"[13, 12, 26]"
13,"[13, 12, 50]"
15,"[13, 12, 60]"
21,"[13, 12, 32]"
18,"[13, 12, 18]"
16,"[13, 12, 8]"
19,"[13, 12, 27]"
20,"[13, 12, 17]"
20,"[13, 12, 0]"
21,"[13, 12, 29]"
16,"[13, 12, 6]"
19,"[13, 12, 10]"
19,"[13, 12, 56]"
16,"[13, 12, 35]"
12,"[13, 12, 58]"
12,"[13, 12, 55]"
12,"[13, 12, 43]"
17,"[13, 12, 13]"
20,"[13, 12, 53]"
15,"[13, 12, 4]"
29,"[13, 42]"
14,"[13, 42, 15]"
14,"[13, 42, 16]"
21,"[13, 42, 51]"
13,"[13, 42, 68]"
15,"[13, 42, 14]"
12,"[13, 42, 12]"
27,"[13, 42, 70]"
14,"[13, 42, 62]"
22,"[13, 42, 34]"
23,"[13, 42, 33]"
23,"[13, 42, 28]"
23,"[13, 42, 54]"
23,"[13, 42, 69]"
14,"[13, 42, 42]"
24,"[13, 42, 25]"
21,"[13, 42, 48]"
18,"[13, 42, 20]"
20,"[13, 42, 37]"
17,"[13, 42, 26]"
15,"[13, 42, 50]"
17,"[13, 42, 60]"
23,"[13, 42, 32]"
20,"[13, 42, 18]"
20,"[13, 42, 8]"
21,"[13, 42, 27]"
21,"[13, 42, 17]"
22,"[13, 42, 0]"
13,"[13, 42, 3]"
12,"[13, 42, 1]"
24,"[13, 42, 29]"
19,"[13, 42, 6]"
21,"[13, 42, 10]"
22,"[13, 42, 56]"
18,"[13, 42, 35]"
15,"[13, 42, 58]"
13,"[13, 42, 49]"
12,"[13, 42, 55]"
13,"[13, 42, 43]"
18,"[13, 42, 13]"
21,"[13, 42, 53]"
17,"[13, 42, 4]"
12,"[13, 42, 7]"
18,"[13, 15]"
12,"[13, 15, 16]"
13,"[13, 15, 51]"
12,"[13, 15, 14]"
17,"[13, 15, 70]"
12,"[13, 15, 62]"
13,"[13, 15, 34]"
14,"[13, 15, 33]"
14,"[13, 15, 28]"
13,"[13, 15, 54]"
16,"[13, 15, 69]"
12,"[13, 15, 42]"
15,"[13, 15, 25]"
12,"[13, 15, 48]"
13,"[13, 15, 32]"
13,"[13, 15, 18]"
12,"[13, 15, 8]"
14,"[13, 15, 27]"
13,"[13, 15, 17]"
14,"[13, 15, 0]"
16,"[13, 15, 29]"
12,"[13, 15, 6]"
13,"[13, 15, 10]"
14,"[13, 15, 56]"
12,"[13, 15, 35]"
13,"[13, 15, 13]"
12,"[13, 15, 53]"
24,"[13, 16]"
17,"[13, 16, 51]"
14,"[13, 16, 16]"
19,"[13, 16, 68]"
15,"[13, 16, 14]"
16,"[13, 16, 12]"
24,"[13, 16, 70]"
15,"[13, 16, 62]"
23,"[13, 16, 34]"
23,"[13, 16, 33]"
23,"[13, 16, 28]"
22,"[13, 16, 54]"
23,"[13, 16, 69]"
20,"[13, 16, 42]"
21,"[13, 16, 25]"
20,"[13, 16, 48]"
19,"[13, 16, 20]"
18,"[13, 16, 37]"
16,"[13, 16, 26]"
15,"[13, 16, 50]"
15,"[13, 16, 60]"
12,"[13, 16, 36]"
21,"[13, 16, 32]"
21,"[13, 16, 18]"
22,"[13, 16, 8]"
20,"[13, 16, 27]"
21,"[13, 16, 17]"
21,"[13, 16, 0]"
22,"[13, 16, 29]"
18,"[13, 16, 6]"
21,"[13, 16, 10]"
19,"[13, 16, 56]"
18,"[13, 16, 35]"
15,"[13, 16, 58]"
15,"[13, 16, 49]"
22,"[13, 16, 53]"
16,"[13, 16, 13]"
12,"[13, 16, 9]"
15,"[13, 16, 4]"
27,"[13, 51]"
13,"[13, 51, 16]"
17,"[13, 51, 14]"
15,"[13, 51, 12]"
27,"[13, 51, 70]"
15,"[13, 51, 62]"
21,"[13, 51, 34]"
21,"[13, 51, 33]"
25,"[13, 51, 28]"
22,"[13, 51, 54]"
22,"[13, 51, 69]"
21,"[13, 51, 42]"
25,"[13, 51, 25]"
23,"[13, 51, 48]"
17,"[13, 51, 20]"
19,"[13, 51, 37]"
18,"[13, 51, 26]"
17,"[13, 51, 50]"
17,"[13, 51, 60]"
12,"[13, 51, 64]"
21,"[13, 51, 32]"
20,"[13, 51, 18]"
20,"[13, 51, 8]"
21,"[13, 51, 27]"
20,"[13, 51, 17]"
24,"[13, 51, 0]"
14,"[13, 51, 3]"
12,"[13, 51, 1]"
25,"[13, 51, 29]"
20,"[13, 51, 6]"
22,"[13, 51, 10]"
19,"[13, 51, 51]"
24,"[13, 51, 56]"
13,"[13, 51, 57]"
21,"[13, 51, 35]"
20,"[13, 51, 58]"
17,"[13, 51, 49]"
13,"[13, 51, 55]"
13,"[13, 51, 21]"
12,"[13, 51, 15]"
15,"[13, 51, 13]"
19,"[13, 51, 53]"
19,"[13, 51, 4]"
12,"[13, 51, 9]"
15,"[13, 51, 7]"
20,"[13, 68]"
19,"[13, 68, 70]"
16,"[13, 68, 34]"
16,"[13, 68, 33]"
16,"[13, 68, 28]"
16,"[13, 68, 54]"
16,"[13, 68, 69]"
16,"[13, 68, 25]"
15,"[13, 68, 48]"
13,"[13, 68, 20]"
13,"[13, 68, 37]"
12,"[13, 68, 26]"
13,"[13, 68, 50]"
13,"[13, 68, 60]"
15,"[13, 68, 32]"
14,"[13, 68, 18]"
14,"[13, 68, 8]"
14,"[13, 68, 27]"
14,"[13, 68, 17]"
15,"[13, 68, 0]"
16,"[13, 68, 29]"
15,"[13, 68, 6]"
14,"[13, 68, 10]"
14,"[13, 68, 56]"
13,"[13, 68, 35]"
13,"[13, 68, 49]"
14,"[13, 68, 53]"
22,"[13, 14]"
12,"[13, 14, 12]"
22,"[13, 14, 70]"
12,"[13, 14, 62]"
16,"[13, 14, 34]"
16,"[13, 14, 33]"
18,"[13, 14, 28]"
16,"[13, 14, 54]"
20,"[13, 14, 69]"
13,"[13, 14, 42]"
19,"[13, 14, 25]"
17,"[13, 14, 48]"
12,"[13, 14, 20]"
14,"[13, 14, 37]"
14,"[13, 14, 26]"
13,"[13, 14, 50]"
17,"[13, 14, 32]"
16,"[13, 14, 18]"
15,"[13, 14, 8]"
18,"[13, 14, 27]"
18,"[13, 14, 17]"
17,"[13, 14, 0]"
21,"[13, 14, 29]"
16,"[13, 14, 6]"
17,"[13, 14, 10]"
13,"[13, 14, 51]"
18,"[13, 14, 56]"
15,"[13, 14, 35]"
13,"[13, 14, 58]"
13,"[13, 14, 49]"
13,"[13, 14, 13]"
15,"[13, 14, 53]"
15,"[13, 14, 4]"
37,"[13, 70]"
20,"[13, 70, 62]"
37,"[13, 70, 70]"
35,"[13, 70, 34]"
33,"[13, 70, 33]"
37,"[13, 70, 28]"
34,"[13, 70, 54]"
30,"[13, 70, 69]"
23,"[13, 70, 42]"
34,"[13, 70, 25]"
34,"[13, 70, 48]"
28,"[13, 70, 20]"
28,"[13, 70, 37]"
23,"[13, 70, 26]"
23,"[13, 70, 50]"
25,"[13, 70, 60]"
14,"[13, 70, 36]"
14,"[13, 70, 64]"
29,"[13, 70, 32]"
28,"[13, 70, 18]"
29,"[13, 70, 8]"
31,"[13, 70, 27]"
33,"[13, 70, 17]"
32,"[13, 70, 0]"
16,"[13, 70, 3]"
14,"[13, 70, 1]"
33,"[13, 70, 29]"
33,"[13, 70, 6]"
29,"[13, 70, 10]"
20,"[13, 70, 12]"
16,"[13, 70, 51]"
13,"[13, 70, 11]"
29,"[13, 70, 56]"
16,"[13, 70, 57]"
27,"[13, 70, 35]"
26,"[13, 70, 58]"
24,"[13, 70, 49]"
21,"[13, 70, 55]"
13,"[13, 70, 21]"
13,"[13, 70, 31]"
25,"[13, 70, 4]"
14,"[13, 70, 13]"
20,"[13, 70, 53]"
13,"[13, 70, 16]"
12,"[13, 70, 15]"
15,"[13, 70, 14]"
16,"[13, 70, 9]"
18,"[13, 70, 7]"
20,"[13, 62]"
19,"[13, 62, 70]"
14,"[13, 62, 62]"
14,"[13, 62, 34]"
15,"[13, 62, 33]"
17,"[13, 62, 28]"
17,"[13, 62, 54]"
15,"[13, 62, 69]"
15,"[13, 62, 25]"
16,"[13, 62, 48]"
13,"[13, 62, 20]"
13,"[13, 62, 37]"
13,"[13, 62, 50]"
13,"[13, 62, 64]"
13,"[13, 62, 32]"
12,"[13, 62, 18]"
13,"[13, 62, 8]"
13,"[13, 62, 27]"
14,"[13, 62, 17]"
16,"[13, 62, 0]"
18,"[13, 62, 29]"
16,"[13, 62, 6]"
14,"[13, 62, 10]"
13,"[13, 62, 56]"
12,"[13, 62, 35]"
13,"[13, 62, 49]"
13,"[13, 62, 53]"
35,"[13, 34]"
33,"[13, 34, 33]"
35,"[13, 34, 28]"
18,"[13, 34, 62]"
34,"[13, 34, 54]"
35,"[13, 34, 70]"
28,"[13, 34, 69]"
21,"[13, 34, 42]"
33,"[13, 34, 25]"
33,"[13, 34, 48]"
27,"[13, 34, 20]"
27,"[13, 34, 37]"
21,"[13, 34, 26]"
21,"[13, 34, 50]"
23,"[13, 34, 60]"
13,"[13, 34, 36]"
13,"[13, 34, 64]"
24,"[13, 34, 32]"
21,"[13, 34, 18]"
22,"[13, 34, 8]"
26,"[13, 34, 27]"
29,"[13, 34, 17]"
25,"[13, 34, 0]"
12,"[13, 34, 3]"
12,"[13, 34, 1]"
30,"[13, 34, 29]"
29,"[13, 34, 6]"
23,"[13, 34, 10]"
19,"[13, 34, 12]"
13,"[13, 34, 51]"
22,"[13, 34, 56]"
21,"[13, 34, 35]"
20,"[13, 34, 58]"
23,"[13, 34, 49]"
20,"[13, 34, 55]"
20,"[13, 34, 4]"
23,"[13, 34, 34]"
13,"[13, 34, 13]"
19,"[13, 34, 53]"
12,"[13, 34, 14]"
12,"[13, 34, 7]"
33,"[13, 33]"
32,"[13, 33, 28]"
23,"[13, 33, 33]"
18,"[13, 33, 62]"
31,"[13, 33, 54]"
33,"[13, 33, 70]"
26,"[13, 33, 69]"
20,"[13, 33, 42]"
32,"[13, 33, 25]"
30,"[13, 33, 48]"
26,"[13, 33, 20]"
25,"[13, 33, 37]"
19,"[13, 33, 26]"
19,"[13, 33, 50]"
19,"[13, 33, 60]"
12,"[13, 33, 36]"
13,"[13, 33, 64]"
23,"[13, 33, 32]"
20,"[13, 33, 18]"
20,"[13, 33, 8]"
25,"[13, 33, 27]"
27,"[13, 33, 17]"
24,"[13, 33, 0]"
12,"[13, 33, 3]"
30,"[13, 33, 29]"
27,"[13, 33, 6]"
21,"[13, 33, 10]"
19,"[13, 33, 12]"
12,"[13, 33, 51]"
20,"[13, 33, 56]"
19,"[13, 33, 35]"
18,"[13, 33, 58]"
20,"[13, 33, 49]"
18,"[13, 33, 55]"
20,"[13, 33, 4]"
21,"[13, 33, 34]"
13,"[13, 33, 13]"
18,"[13, 33, 53]"
37,"[13, 28]"
24,"[13, 28, 33]"
17,"[13, 28, 62]"
27,"[13, 28, 28]"
32,"[13, 28, 54]"
36,"[13, 28, 70]"
26,"[13, 28, 69]"
20,"[13, 28, 42]"
32,"[13, 28, 25]"
31,"[13, 28, 48]"
23,"[13, 28, 20]"
24,"[13, 28, 37]"
20,"[13, 28, 26]"
20,"[13, 28, 50]"
19,"[13, 28, 60]"
13,"[13, 28, 64]"
23,"[13, 28, 32]"
19,"[13, 28, 18]"
19,"[13, 28, 8]"
25,"[13, 28, 27]"
29,"[13, 28, 17]"
25,"[13, 28, 0]"
12,"[13, 28, 3]"
30,"[13, 28, 29]"
29,"[13, 28, 6]"
21,"[13, 28, 10]"
19,"[13, 28, 12]"
13,"[13, 28, 51]"
20,"[13, 28, 56]"
17,"[13, 28, 35]"
17,"[13, 28, 58]"
21,"[13, 28, 49]"
20,"[13, 28, 55]"
20,"[13, 28, 4]"
21,"[13, 28, 34]"
14,"[13, 28, 13]"
19,"[13, 28, 53]"
34,"[13, 54]"
16,"[13, 54, 62]"
25,"[13, 54, 28]"
29,"[13, 54, 54]"
34,"[13, 54, 70]"
24,"[13, 54, 69]"
19,"[13, 54, 42]"
23,"[13, 54, 25]"
26,"[13, 54, 48]"
22,"[13, 54, 20]"
20,"[13, 54, 37]"
17,"[13, 54, 26]"
17,"[13, 54, 50]"
18,"[13, 54, 60]"
12,"[13, 54, 36]"
12,"[13, 54, 64]"
21,"[13, 54, 32]"
19,"[13, 54, 18]"
20,"[13, 54, 8]"
23,"[13, 54, 27]"
28,"[13, 54, 17]"
24,"[13, 54, 0]"
12,"[13, 54, 3]"
28,"[13, 54, 29]"
27,"[13, 54, 6]"
19,"[13, 54, 10]"
18,"[13, 54, 12]"
12,"[13, 54, 51]"
19,"[13, 54, 56]"
14,"[13, 54, 35]"
13,"[13, 54, 58]"
21,"[13, 54, 49]"
19,"[13, 54, 55]"
12,"[13, 54, 13]"
14,"[13, 54, 53]"
22,"[13, 54, 33]"
19,"[13, 54, 4]"
20,"[13, 54, 34]"
35,"[13, 69]"
15,"[13, 69, 66]"
28,"[13, 69, 42]"
20,"[13, 69, 62]"
31,"[13, 69, 54]"
32,"[13, 69, 25]"
34,"[13, 69, 28]"
32,"[13, 69, 48]"
23,"[13, 69, 20]"
26,"[13, 69, 37]"
35,"[13, 69, 70]"
22,"[13, 69, 26]"
21,"[13, 69, 50]"
24,"[13, 69, 60]"
14,"[13, 69, 36]"
14,"[13, 69, 64]"
28,"[13, 69, 32]"
27,"[13, 69, 18]"
28,"[13, 69, 8]"
28,"[13, 69, 27]"
31,"[13, 69, 17]"
32,"[13, 69, 0]"
16,"[13, 69, 3]"
13,"[13, 69, 1]"
31,"[13, 69, 29]"
29,"[13, 69, 6]"
28,"[13, 69, 10]"
31,"[13, 69, 69]"
24,"[13, 69, 12]"
24,"[13, 69, 51]"
12,"[13, 69, 11]"
28,"[13, 69, 56]"
14,"[13, 69, 57]"
24,"[13, 69, 35]"
22,"[13, 69, 58]"
23,"[13, 69, 49]"
20,"[13, 69, 55]"
13,"[13, 69, 21]"
14,"[13, 69, 43]"
14,"[13, 69, 15]"
17,"[13, 69, 14]"
25,"[13, 69, 13]"
28,"[13, 69, 53]"
29,"[13, 69, 34]"
29,"[13, 69, 33]"
12,"[13, 69, 31]"
23,"[13, 69, 4]"
14,"[13, 69, 9]"
17,"[13, 69, 7]"
16,"[13, 69, 16]"
14,"[13, 69, 68]"
15,"[13, 66]"
14,"[13, 66, 42]"
12,"[13, 66, 62]"
12,"[13, 66, 54]"
14,"[13, 66, 28]"
12,"[13, 66, 37]"
15,"[13, 66, 70]"
12,"[13, 66, 32]"
12,"[13, 66, 18]"
12,"[13, 66, 8]"
12,"[13, 66, 29]"
14,"[13, 66, 69]"
12,"[13, 66, 51]"
12,"[13, 66, 13]"
14,"[13, 66, 53]"
34,"[13, 25]"
28,"[13, 25, 28]"
30,"[13, 25, 48]"
19,"[13, 25, 62]"
25,"[13, 25, 20]"
26,"[13, 25, 37]"
34,"[13, 25, 70]"
18,"[13, 25, 26]"
18,"[13, 25, 50]"
19,"[13, 25, 60]"
12,"[13, 25, 36]"
13,"[13, 25, 64]"
23,"[13, 25, 32]"
20,"[13, 25, 18]"
20,"[13, 25, 8]"
25,"[13, 25, 27]"
27,"[13, 25, 17]"
24,"[13, 25, 0]"
13,"[13, 25, 3]"
12,"[13, 25, 1]"
30,"[13, 25, 29]"
27,"[13, 25, 6]"
20,"[13, 25, 10]"
25,"[13, 25, 69]"
18,"[13, 25, 12]"
21,"[13, 25, 56]"
26,"[13, 25, 25]"
18,"[13, 25, 35]"
19,"[13, 25, 58]"
22,"[13, 25, 49]"
19,"[13, 25, 55]"
23,"[13, 25, 33]"
20,"[13, 25, 4]"
20,"[13, 25, 34]"
28,"[13, 25, 54]"
12,"[13, 25, 13]"
16,"[13, 25, 53]"
17,"[13, 25, 42]"
34,"[13, 48]"
15,"[13, 48, 62]"
28,"[13, 48, 48]"
21,"[13, 48, 20]"
24,"[13, 48, 37]"
34,"[13, 48, 70]"
18,"[13, 48, 26]"
18,"[13, 48, 50]"
21,"[13, 48, 60]"
22,"[13, 48, 32]"
18,"[13, 48, 18]"
19,"[13, 48, 8]"
24,"[13, 48, 27]"
28,"[13, 48, 17]"
25,"[13, 48, 0]"
12,"[13, 48, 3]"
29,"[13, 48, 29]"
28,"[13, 48, 6]"
20,"[13, 48, 10]"
25,"[13, 48, 69]"
18,"[13, 48, 12]"
20,"[13, 48, 56]"
26,"[13, 48, 25]"
27,"[13, 48, 28]"
14,"[13, 48, 35]"
15,"[13, 48, 58]"
20,"[13, 48, 49]"
21,"[13, 48, 55]"
20,"[13, 48, 33]"
21,"[13, 48, 4]"
18,"[13, 48, 34]"
29,"[13, 48, 54]"
14,"[13, 48, 53]"
18,"[13, 48, 42]"
28,"[13, 20]"
24,"[13, 20, 37]"
19,"[13, 20, 20]"
28,"[13, 20, 70]"
16,"[13, 20, 62]"
18,"[13, 20, 26]"
18,"[13, 20, 50]"
19,"[13, 20, 60]"
13,"[13, 20, 36]"
21,"[13, 20, 32]"
19,"[13, 20, 18]"
19,"[13, 20, 8]"
23,"[13, 20, 27]"
25,"[13, 20, 17]"
22,"[13, 20, 0]"
27,"[13, 20, 29]"
24,"[13, 20, 6]"
20,"[13, 20, 10]"
22,"[13, 20, 69]"
16,"[13, 20, 12]"
17,"[13, 20, 56]"
23,"[13, 20, 25]"
25,"[13, 20, 48]"
25,"[13, 20, 28]"
17,"[13, 20, 35]"
15,"[13, 20, 58]"
19,"[13, 20, 49]"
15,"[13, 20, 55]"
19,"[13, 20, 4]"
23,"[13, 20, 54]"
14,"[13, 20, 42]"
13,"[13, 20, 53]"
21,"[13, 20, 33]"
20,"[13, 20, 34]"
28,"[13, 37]"
15,"[13, 37, 20]"
28,"[13, 37, 70]"
14,"[13, 37, 62]"
17,"[13, 37, 26]"
14,"[13, 37, 50]"
23,"[13, 37, 60]"
12,"[13, 37, 36]"
18,"[13, 37, 32]"
17,"[13, 37, 18]"
16,"[13, 37, 8]"
21,"[13, 37, 27]"
24,"[13, 37, 17]"
21,"[13, 37, 0]"
24,"[13, 37, 29]"
23,"[13, 37, 6]"
17,"[13, 37, 10]"
18,"[13, 37, 69]"
13,"[13, 37, 12]"
15,"[13, 37, 56]"
21,"[13, 37, 25]"
23,"[13, 37, 48]"
22,"[13, 37, 28]"
14,"[13, 37, 35]"
12,"[13, 37, 58]"
17,"[13, 37, 49]"
17,"[13, 37, 55]"
18,"[13, 37, 4]"
21,"[13, 37, 54]"
12,"[13, 37, 42]"
18,"[13, 37, 33]"
16,"[13, 37, 34]"
13,"[13, 37, 37]"
23,"[13, 26]"
19,"[13, 26, 50]"
12,"[13, 26, 60]"
15,"[13, 26, 32]"
14,"[13, 26, 18]"
13,"[13, 26, 8]"
16,"[13, 26, 27]"
18,"[13, 26, 17]"
19,"[13, 26, 0]"
19,"[13, 26, 29]"
20,"[13, 26, 6]"
16,"[13, 26, 10]"
23,"[13, 26, 70]"
16,"[13, 26, 69]"
13,"[13, 26, 56]"
13,"[13, 26, 62]"
15,"[13, 26, 25]"
19,"[13, 26, 48]"
16,"[13, 26, 28]"
13,"[13, 26, 55]"
14,"[13, 26, 37]"
16,"[13, 26, 4]"
15,"[13, 26, 54]"
13,"[13, 26, 33]"
23,"[13, 50]"
12,"[13, 50, 60]"
14,"[13, 50, 32]"
14,"[13, 50, 18]"
13,"[13, 50, 8]"
15,"[13, 50, 27]"
18,"[13, 50, 17]"
17,"[13, 50, 0]"
19,"[13, 50, 29]"
18,"[13, 50, 6]"
15,"[13, 50, 10]"
23,"[13, 50, 70]"
17,"[13, 50, 69]"
13,"[13, 50, 56]"
14,"[13, 50, 62]"
13,"[13, 50, 25]"
19,"[13, 50, 48]"
16,"[13, 50, 28]"
14,"[13, 50, 49]"
14,"[13, 50, 55]"
14,"[13, 50, 37]"
15,"[13, 50, 4]"
16,"[13, 50, 54]"
13,"[13, 50, 33]"
25,"[13, 60]"
16,"[13, 60, 32]"
15,"[13, 60, 18]"
15,"[13, 60, 8]"
17,"[13, 60, 27]"
21,"[13, 60, 17]"
19,"[13, 60, 0]"
20,"[13, 60, 29]"
22,"[13, 60, 6]"
15,"[13, 60, 10]"
25,"[13, 60, 70]"
15,"[13, 60, 69]"
14,"[13, 60, 56]"
13,"[13, 60, 62]"
16,"[13, 60, 25]"
21,"[13, 60, 48]"
19,"[13, 60, 28]"
13,"[13, 60, 35]"
12,"[13, 60, 58]"
13,"[13, 60, 49]"
16,"[13, 60, 55]"
17,"[13, 60, 4]"
17,"[13, 60, 54]"
15,"[13, 60, 26]"
15,"[13, 60, 50]"
12,"[13, 60, 20]"
13,"[13, 60, 33]"
12,"[13, 60, 34]"
14,"[13, 36]"
12,"[13, 36, 27]"
12,"[13, 36, 17]"
12,"[13, 36, 0]"
13,"[13, 36, 29]"
13,"[13, 36, 6]"
14,"[13, 36, 70]"
13,"[13, 36, 62]"
13,"[13, 36, 28]"
12,"[13, 36, 49]"
14,"[13, 64]"
12,"[13, 64, 18]"
12,"[13, 64, 8]"
14,"[13, 64, 64]"
12,"[13, 64, 17]"
13,"[13, 64, 0]"
13,"[13, 64, 29]"
12,"[13, 64, 6]"
13,"[13, 64, 10]"
14,"[13, 64, 70]"
12,"[13, 64, 56]"
12,"[13, 64, 62]"
12,"[13, 64, 25]"
13,"[13, 64, 28]"
13,"[13, 64, 35]"
12,"[13, 64, 58]"
34,"[13, 32]"
31,"[13, 32, 18]"
32,"[13, 32, 8]"
12,"[13, 32, 64]"
31,"[13, 32, 27]"
32,"[13, 32, 17]"
31,"[13, 32, 0]"
16,"[13, 32, 3]"
15,"[13, 32, 1]"
34,"[13, 32, 29]"
30,"[13, 32, 6]"
31,"[13, 32, 10]"
34,"[13, 32, 70]"
27,"[13, 32, 69]"
16,"[13, 32, 12]"
14,"[13, 32, 51]"
15,"[13, 32, 11]"
30,"[13, 32, 56]"
17,"[13, 32, 57]"
16,"[13, 32, 62]"
30,"[13, 32, 25]"
31,"[13, 32, 48]"
32,"[13, 32, 28]"
27,"[13, 32, 35]"
24,"[13, 32, 58]"
20,"[13, 32, 49]"
19,"[13, 32, 55]"
12,"[13, 32, 21]"
14,"[13, 32, 31]"
26,"[13, 32, 4]"
26,"[13, 32, 34]"
26,"[13, 32, 33]"
18,"[13, 32, 26]"
17,"[13, 32, 50]"
23,"[13, 32, 37]"
21,"[13, 32, 60]"
12,"[13, 32, 5]"
29,"[13, 32, 54]"
14,"[13, 32, 53]"
17,"[13, 32, 42]"
18,"[13, 32, 9]"
17,"[13, 32, 7]"
13,"[13, 32, 59]"
12,"[13, 32, 14]"
22,"[13, 32, 20]"
18,"[13, 32, 32]"
32,"[13, 18]"
30,"[13, 18, 8]"
13,"[13, 18, 64]"
16,"[13, 18, 18]"
28,"[13, 18, 27]"
30,"[13, 18, 17]"
29,"[13, 18, 0]"
16,"[13, 18, 3]"
14,"[13, 18, 1]"
32,"[13, 18, 29]"
29,"[13, 18, 6]"
29,"[13, 18, 10]"
32,"[13, 18, 70]"
23,"[13, 18, 69]"
14,"[13, 18, 12]"
12,"[13, 18, 51]"
14,"[13, 18, 11]"
28,"[13, 18, 56]"
16,"[13, 18, 57]"
17,"[13, 18, 62]"
27,"[13, 18, 25]"
29,"[13, 18, 48]"
30,"[13, 18, 28]"
26,"[13, 18, 35]"
24,"[13, 18, 58]"
20,"[13, 18, 49]"
18,"[13, 18, 55]"
12,"[13, 18, 21]"
14,"[13, 18, 31]"
23,"[13, 18, 4]"
25,"[13, 18, 34]"
25,"[13, 18, 33]"
17,"[13, 18, 26]"
17,"[13, 18, 50]"
21,"[13, 18, 37]"
18,"[13, 18, 60]"
12,"[13, 18, 5]"
26,"[13, 18, 54]"
14,"[13, 18, 53]"
13,"[13, 18, 42]"
18,"[13, 18, 9]"
17,"[13, 18, 7]"
14,"[13, 18, 59]"
19,"[13, 18, 20]"
16,"[13, 18, 32]"
34,"[13, 8]"
13,"[13, 8, 64]"
19,"[13, 8, 8]"
19,"[13, 8, 18]"
31,"[13, 8, 27]"
32,"[13, 8, 17]"
32,"[13, 8, 0]"
15,"[13, 8, 3]"
14,"[13, 8, 1]"
34,"[13, 8, 29]"
30,"[13, 8, 6]"
30,"[13, 8, 10]"
33,"[13, 8, 70]"
26,"[13, 8, 69]"
16,"[13, 8, 12]"
14,"[13, 8, 51]"
14,"[13, 8, 11]"
29,"[13, 8, 56]"
16,"[13, 8, 57]"
16,"[13, 8, 62]"
29,"[13, 8, 25]"
30,"[13, 8, 48]"
32,"[13, 8, 28]"
27,"[13, 8, 35]"
24,"[13, 8, 58]"
20,"[13, 8, 49]"
18,"[13, 8, 55]"
12,"[13, 8, 21]"
24,"[13, 8, 4]"
26,"[13, 8, 34]"
26,"[13, 8, 33]"
18,"[13, 8, 26]"
15,"[13, 8, 50]"
20,"[13, 8, 37]"
18,"[13, 8, 60]"
25,"[13, 8, 54]"
13,"[13, 8, 13]"
15,"[13, 8, 53]"
13,"[13, 8, 42]"
19,"[13, 8, 9]"
17,"[13, 8, 7]"
13,"[13, 8, 59]"
13,"[13, 8, 14]"
20,"[13, 8, 20]"
17,"[13, 8, 32]"
33,"[13, 27]"
32,"[13, 27, 17]"
30,"[13, 27, 0]"
17,"[13, 27, 3]"
15,"[13, 27, 1]"
33,"[13, 27, 29]"
28,"[13, 27, 6]"
14,"[13, 27, 8]"
28,"[13, 27, 10]"
33,"[13, 27, 70]"
26,"[13, 27, 69]"
17,"[13, 27, 12]"
13,"[13, 27, 51]"
12,"[13, 27, 11]"
26,"[13, 27, 56]"
14,"[13, 27, 57]"
14,"[13, 27, 62]"
27,"[13, 27, 25]"
29,"[13, 27, 48]"
30,"[13, 27, 28]"
26,"[13, 27, 35]"
24,"[13, 27, 58]"
20,"[13, 27, 49]"
17,"[13, 27, 55]"
23,"[13, 27, 4]"
23,"[13, 27, 27]"
25,"[13, 27, 34]"
25,"[13, 27, 33]"
15,"[13, 27, 26]"
14,"[13, 27, 50]"
19,"[13, 27, 37]"
17,"[13, 27, 60]"
24,"[13, 27, 54]"
13,"[13, 27, 13]"
14,"[13, 27, 53]"
15,"[13, 27, 42]"
17,"[13, 27, 7]"
13,"[13, 27, 59]"
12,"[13, 27, 18]"
12,"[13, 27, 14]"
19,"[13, 27, 20]"
15,"[13, 27, 32]"
35,"[13, 17]"
30,"[13, 17, 0]"
16,"[13, 17, 3]"
15,"[13, 17, 1]"
34,"[13, 17, 29]"
31,"[13, 17, 6]"
15,"[13, 17, 8]"
28,"[13, 17, 10]"
35,"[13, 17, 70]"
26,"[13, 17, 69]"
17,"[13, 17, 12]"
12,"[13, 17, 51]"
12,"[13, 17, 11]"
27,"[13, 17, 56]"
14,"[13, 17, 57]"
14,"[13, 17, 62]"
29,"[13, 17, 25]"
32,"[13, 17, 48]"
32,"[13, 17, 28]"
26,"[13, 17, 17]"
25,"[13, 17, 35]"
23,"[13, 17, 58]"
21,"[13, 17, 49]"
19,"[13, 17, 55]"
25,"[13, 17, 4]"
25,"[13, 17, 27]"
26,"[13, 17, 34]"
26,"[13, 17, 33]"
16,"[13, 17, 26]"
15,"[13, 17, 50]"
20,"[13, 17, 37]"
17,"[13, 17, 60]"
26,"[13, 17, 54]"
13,"[13, 17, 13]"
15,"[13, 17, 53]"
15,"[13, 17, 42]"
19,"[13, 17, 7]"
12,"[13, 17, 59]"
12,"[13, 17, 18]"
20,"[13, 17, 20]"
16,"[13, 17, 32]"
36,"[13, 0]"
18,"[13, 0, 3]"
12,"[13, 0, 64]"
15,"[13, 0, 1]"
30,"[13, 0, 29]"
32,"[13, 0, 6]"
16,"[13, 0, 8]"
30,"[13, 0, 10]"
36,"[13, 0, 70]"
27,"[13, 0, 69]"
17,"[13, 0, 12]"
13,"[13, 0, 51]"
14,"[13, 0, 11]"
29,"[13, 0, 56]"
16,"[13, 0, 57]"
16,"[13, 0, 62]"
31,"[13, 0, 25]"
32,"[13, 0, 48]"
34,"[13, 0, 28]"
28,"[13, 0, 17]"
26,"[13, 0, 35]"
24,"[13, 0, 58]"
22,"[13, 0, 49]"
20,"[13, 0, 55]"
26,"[13, 0, 4]"
25,"[13, 0, 27]"
28,"[13, 0, 34]"
28,"[13, 0, 33]"
18,"[13, 0, 26]"
16,"[13, 0, 50]"
22,"[13, 0, 37]"
19,"[13, 0, 60]"
23,"[13, 0, 0]"
12,"[13, 0, 5]"
26,"[13, 0, 54]"
13,"[13, 0, 13]"
16,"[13, 0, 53]"
15,"[13, 0, 42]"
20,"[13, 0, 7]"
12,"[13, 0, 59]"
14,"[13, 0, 18]"
22,"[13, 0, 20]"
12,"[13, 0, 14]"
15,"[13, 0, 32]"
18,"[13, 3]"
12,"[13, 3, 1]"
14,"[13, 3, 29]"
16,"[13, 3, 6]"
14,"[13, 3, 10]"
17,"[13, 3, 70]"
12,"[13, 3, 69]"
14,"[13, 3, 56]"
15,"[13, 3, 25]"
16,"[13, 3, 48]"
15,"[13, 3, 28]"
12,"[13, 3, 17]"
13,"[13, 3, 35]"
13,"[13, 3, 58]"
13,"[13, 3, 49]"
14,"[13, 3, 7]"
13,"[13, 3, 4]"
13,"[13, 3, 34]"
14,"[13, 3, 33]"
13,"[13, 3, 54]"
15,"[13, 1]"
13,"[13, 1, 6]"
14,"[13, 1, 70]"
36,"[13, 29]"
30,"[13, 29, 6]"
13,"[13, 29, 8]"
28,"[13, 29, 10]"
35,"[13, 29, 70]"
26,"[13, 29, 69]"
17,"[13, 29, 12]"
12,"[13, 29, 51]"
13,"[13, 29, 64]"
14,"[13, 29, 11]"
27,"[13, 29, 56]"
16,"[13, 29, 57]"
16,"[13, 29, 62]"
29,"[13, 29, 25]"
31,"[13, 29, 48]"
32,"[13, 29, 28]"
25,"[13, 29, 17]"
26,"[13, 29, 35]"
23,"[13, 29, 58]"
22,"[13, 29, 49]"
20,"[13, 29, 55]"
12,"[13, 29, 21]"
25,"[13, 29, 4]"
26,"[13, 29, 34]"
27,"[13, 29, 33]"
17,"[13, 29, 26]"
14,"[13, 29, 50]"
21,"[13, 29, 37]"
18,"[13, 29, 60]"
25,"[13, 29, 29]"
27,"[13, 29, 0]"
14,"[13, 29, 1]"
12,"[13, 29, 5]"
25,"[13, 29, 54]"
13,"[13, 29, 13]"
16,"[13, 29, 53]"
15,"[13, 29, 42]"
13,"[13, 29, 3]"
19,"[13, 29, 7]"
12,"[13, 29, 59]"
12,"[13, 29, 18]"
21,"[13, 29, 27]"
21,"[13, 29, 20]"
13,"[13, 29, 32]"
33,"[13, 6]"
14,"[13, 6, 8]"
25,"[13, 6, 10]"
33,"[13, 6, 70]"
23,"[13, 6, 69]"
15,"[13, 6, 12]"
12,"[13, 6, 64]"
14,"[13, 6, 11]"
23,"[13, 6, 56]"
14,"[13, 6, 57]"
14,"[13, 6, 62]"
26,"[13, 6, 25]"
28,"[13, 6, 48]"
27,"[13, 6, 28]"
26,"[13, 6, 17]"
23,"[13, 6, 35]"
23,"[13, 6, 58]"
22,"[13, 6, 49]"
20,"[13, 6, 55]"
25,"[13, 6, 6]"
24,"[13, 6, 4]"
20,"[13, 6, 27]"
25,"[13, 6, 29]"
22,"[13, 6, 34]"
23,"[13, 6, 33]"
15,"[13, 6, 26]"
14,"[13, 6, 50]"
19,"[13, 6, 37]"
18,"[13, 6, 60]"
21,"[13, 6, 0]"
12,"[13, 6, 5]"
24,"[13, 6, 54]"
13,"[13, 6, 53]"
13,"[13, 6, 42]"
20,"[13, 6, 7]"
12,"[13, 6, 59]"
12,"[13, 6, 18]"
19,"[13, 6, 20]"
12,"[13, 6, 32]"
34,"[13, 10]"
33,"[13, 10, 70]"
25,"[13, 10, 69]"
16,"[13, 10, 12]"
15,"[13, 10, 51]"
14,"[13, 10, 64]"
16,"[13, 10, 11]"
30,"[13, 10, 56]"
18,"[13, 10, 57]"
17,"[13, 10, 62]"
28,"[13, 10, 25]"
29,"[13, 10, 48]"
32,"[13, 10, 28]"
23,"[13, 10, 17]"
29,"[13, 10, 35]"
26,"[13, 10, 58]"
20,"[13, 10, 49]"
17,"[13, 10, 55]"
25,"[13, 10, 6]"
12,"[13, 10, 39]"
25,"[13, 10, 34]"
26,"[13, 10, 33]"
17,"[13, 10, 26]"
14,"[13, 10, 50]"
19,"[13, 10, 37]"
18,"[13, 10, 60]"
26,"[13, 10, 29]"
22,"[13, 10, 0]"
21,"[13, 10, 4]"
25,"[13, 10, 54]"
13,"[13, 10, 13]"
16,"[13, 10, 53]"
16,"[13, 10, 42]"
21,"[13, 10, 10]"
14,"[13, 10, 59]"
14,"[13, 10, 8]"
13,"[13, 10, 14]"
15,"[13, 10, 18]"
19,"[13, 10, 27]"
12,"[13, 10, 7]"
18,"[13, 10, 20]"
14,"[13, 10, 32]"
16,"[13, 11]"
15,"[13, 11, 56]"
13,"[13, 11, 25]"
15,"[13, 11, 48]"
14,"[13, 11, 28]"
16,"[13, 11, 70]"
15,"[13, 11, 35]"
14,"[13, 11, 58]"
14,"[13, 11, 49]"
13,"[13, 11, 55]"
13,"[13, 11, 6]"
12,"[13, 11, 33]"
13,"[13, 11, 54]"
32,"[13, 56]"
18,"[13, 56, 57]"
17,"[13, 56, 62]"
26,"[13, 56, 25]"
28,"[13, 56, 48]"
30,"[13, 56, 28]"
21,"[13, 56, 17]"
31,"[13, 56, 70]"
13,"[13, 56, 64]"
27,"[13, 56, 35]"
25,"[13, 56, 58]"
18,"[13, 56, 49]"
16,"[13, 56, 55]"
23,"[13, 56, 6]"
23,"[13, 56, 69]"
18,"[13, 56, 27]"
23,"[13, 56, 29]"
18,"[13, 56, 4]"
19,"[13, 56, 10]"
23,"[13, 56, 56]"
25,"[13, 56, 34]"
25,"[13, 56, 33]"
17,"[13, 56, 26]"
15,"[13, 56, 50]"
19,"[13, 56, 37]"
18,"[13, 56, 60]"
19,"[13, 56, 0]"
23,"[13, 56, 54]"
13,"[13, 56, 53]"
12,"[13, 56, 12]"
13,"[13, 56, 42]"
14,"[13, 56, 59]"
12,"[13, 56, 14]"
12,"[13, 56, 51]"
12,"[13, 56, 18]"
13,"[13, 56, 8]"
18,"[13, 56, 20]"
13,"[13, 56, 32]"
18,"[13, 57]"
14,"[13, 57, 25]"
16,"[13, 57, 48]"
17,"[13, 57, 28]"
13,"[13, 57, 17]"
18,"[13, 57, 70]"
16,"[13, 57, 35]"
15,"[13, 57, 58]"
14,"[13, 57, 49]"
13,"[13, 57, 6]"
13,"[13, 57, 69]"
14,"[13, 57, 54]"
13,"[13, 57, 29]"
13,"[13, 57, 33]"
13,"[13, 57, 34]"
31,"[13, 35]"
28,"[13, 35, 58]"
17,"[13, 35, 62]"
20,"[13, 35, 49]"
13,"[13, 35, 64]"
31,"[13, 35, 70]"
27,"[13, 35, 48]"
16,"[13, 35, 55]"
20,"[13, 35, 17]"
22,"[13, 35, 6]"
24,"[13, 35, 69]"
16,"[13, 35, 27]"
22,"[13, 35, 29]"
13,"[13, 35, 4]"
13,"[13, 35, 10]"
16,"[13, 35, 56]"
14,"[13, 35, 35]"
23,"[13, 35, 34]"
24,"[13, 35, 33]"
30,"[13, 35, 28]"
25,"[13, 35, 25]"
15,"[13, 35, 26]"
14,"[13, 35, 50]"
18,"[13, 35, 37]"
15,"[13, 35, 60]"
16,"[13, 35, 0]"
24,"[13, 35, 54]"
12,"[13, 35, 13]"
15,"[13, 35, 53]"
14,"[13, 35, 12]"
14,"[13, 35, 42]"
14,"[13, 35, 59]"
12,"[13, 35, 14]"
12,"[13, 35, 18]"
17,"[13, 35, 20]"
12,"[13, 35, 32]"
28,"[13, 58]"
14,"[13, 58, 62]"
20,"[13, 58, 49]"
13,"[13, 58, 64]"
28,"[13, 58, 70]"
24,"[13, 58, 48]"
16,"[13, 58, 55]"
19,"[13, 58, 17]"
20,"[13, 58, 6]"
22,"[13, 58, 69]"
15,"[13, 58, 35]"
17,"[13, 58, 58]"
20,"[13, 58, 34]"
20,"[13, 58, 33]"
26,"[13, 58, 28]"
21,"[13, 58, 25]"
13,"[13, 58, 26]"
13,"[13, 58, 50]"
16,"[13, 58, 37]"
14,"[13, 58, 60]"
20,"[13, 58, 29]"
16,"[13, 58, 0]"
12,"[13, 58, 4]"
22,"[13, 58, 54]"
14,"[13, 58, 53]"
13,"[13, 58, 12]"
13,"[13, 58, 42]"
14,"[13, 58, 59]"
14,"[13, 58, 56]"
14,"[13, 58, 27]"
14,"[13, 58, 20]"
12,"[13, 58, 10]"
24,"[13, 49]"
22,"[13, 49, 70]"
17,"[13, 49, 49]"
19,"[13, 49, 48]"
18,"[13, 49, 55]"
18,"[13, 49, 17]"
17,"[13, 49, 6]"
16,"[13, 49, 69]"
14,"[13, 49, 28]"
12,"[13, 49, 25]"
15,"[13, 49, 33]"
15,"[13, 49, 27]"
18,"[13, 49, 29]"
16,"[13, 49, 0]"
18,"[13, 49, 54]"
12,"[13, 49, 12]"
12,"[13, 49, 34]"
21,"[13, 55]"
14,"[13, 55, 17]"
13,"[13, 55, 6]"
15,"[13, 55, 70]"
13,"[13, 55, 0]"
14,"[13, 55, 29]"
13,"[13, 21]"
13,"[13, 21, 70]"
15,"[13, 43]"
12,"[13, 43, 53]"
14,"[13, 43, 70]"
12,"[13, 43, 25]"
13,"[13, 43, 29]"
12,"[13, 43, 54]"
27,"[13, 13]"
24,"[13, 13, 53]"
26,"[13, 13, 70]"
22,"[13, 13, 34]"
21,"[13, 13, 33]"
22,"[13, 13, 28]"
22,"[13, 13, 25]"
22,"[13, 13, 48]"
23,"[13, 13, 69]"
22,"[13, 13, 32]"
20,"[13, 13, 18]"
19,"[13, 13, 8]"
19,"[13, 13, 27]"
21,"[13, 13, 17]"
21,"[13, 13, 0]"
19,"[13, 13, 6]"
17,"[13, 13, 4]"
21,"[13, 13, 56]"
19,"[13, 13, 35]"
23,"[13, 13, 29]"
21,"[13, 13, 10]"
16,"[13, 13, 58]"
15,"[13, 13, 62]"
14,"[13, 13, 26]"
13,"[13, 13, 50]"
18,"[13, 13, 37]"
17,"[13, 13, 60]"
13,"[13, 13, 55]"
23,"[13, 13, 54]"
12,"[13, 13, 13]"
12,"[13, 13, 12]"
18,"[13, 13, 42]"
16,"[13, 13, 51]"
12,"[13, 13, 9]"
13,"[13, 13, 7]"
15,"[13, 13, 16]"
13,"[13, 13, 68]"
14,"[13, 13, 49]"
15,"[13, 13, 20]"
14,"[13, 31]"
12,"[13, 31, 8]"
12,"[13, 31, 27]"
12,"[13, 31, 17]"
14,"[13, 31, 0]"
13,"[13, 31, 6]"
13,"[13, 31, 4]"
12,"[13, 31, 56]"
12,"[13, 31, 35]"
14,"[13, 31, 29]"
12,"[13, 31, 10]"
14,"[13, 31, 70]"
12,"[13, 31, 34]"
12,"[13, 31, 33]"
13,"[13, 31, 28]"
13,"[13, 31, 48]"
12,"[13, 31, 54]"
27,"[13, 4]"
17,"[13, 4, 56]"
16,"[13, 4, 35]"
16,"[13, 4, 17]"
15,"[13, 4, 27]"
21,"[13, 4, 29]"
15,"[13, 4, 4]"
20,"[13, 4, 10]"
14,"[13, 4, 58]"
26,"[13, 4, 70]"
15,"[13, 4, 34]"
17,"[13, 4, 33]"
20,"[13, 4, 28]"
18,"[13, 4, 25]"
20,"[13, 4, 48]"
14,"[13, 4, 26]"
15,"[13, 4, 37]"
12,"[13, 4, 60]"
17,"[13, 4, 69]"
17,"[13, 4, 0]"
12,"[13, 4, 5]"
19,"[13, 4, 6]"
16,"[13, 4, 55]"
18,"[13, 4, 54]"
13,"[13, 4, 12]"
12,"[13, 4, 42]"
15,"[13, 4, 20]"
14,"[13, 4, 49]"
12,"[13, 39]"
12,"[13, 39, 70]"
12,"[13, 5]"
12,"[13, 5, 70]"
19,"[13, 9]"
17,"[13, 9, 27]"
18,"[13, 9, 17]"
19,"[13, 9, 29]"
19,"[13, 9, 0]"
12,"[13, 9, 3]"
19,"[13, 9, 6]"
15,"[13, 9, 7]"
14,"[13, 9, 4]"
18,"[13, 9, 10]"
13,"[13, 9, 11]"
18,"[13, 9, 56]"
17,"[13, 9, 35]"
16,"[13, 9, 58]"
19,"[13, 9, 70]"
16,"[13, 9, 34]"
16,"[13, 9, 33]"
19,"[13, 9, 28]"
16,"[13, 9, 25]"
17,"[13, 9, 48]"
15,"[13, 9, 54]"
13,"[13, 9, 37]"
14,"[13, 9, 69]"
12,"[13, 9, 57]"
15,"[13, 9, 49]"
12,"[13, 9, 20]"
20,"[13, 7]"
13,"[13, 7, 4]"
13,"[13, 7, 10]"
12,"[13, 7, 56]"
14,"[13, 7, 35]"
14,"[13, 7, 58]"
20,"[13, 7, 70]"
14,"[13, 7, 34]"
15,"[13, 7, 33]"
16,"[13, 7, 28]"
15,"[13, 7, 25]"
16,"[13, 7, 48]"
15,"[13, 7, 54]"
13,"[13, 7, 37]"
12,"[13, 7, 60]"
13,"[13, 7, 55]"
13,"[13, 7, 6]"
15,"[13, 7, 49]"
14,"[13, 7, 69]"
15,"[13, 7, 17]"
14,"[13, 7, 29]"
14,"[13, 59]"
14,"[13, 59, 70]"
12,"[13, 59, 28]"
12,"[13, 59, 49]"
37,[53]
24,"[53, 12]"
18,"[53, 12, 42]"
17,"[53, 12, 51]"
21,"[53, 12, 70]"
16,"[53, 12, 34]"
15,"[53, 12, 33]"
17,"[53, 12, 28]"
16,"[53, 12, 54]"
16,"[53, 12, 69]"
16,"[53, 12, 25]"
16,"[53, 12, 48]"
15,"[53, 12, 37]"
12,"[53, 12, 26]"
13,"[53, 12, 60]"
17,"[53, 12, 32]"
14,"[53, 12, 18]"
12,"[53, 12, 8]"
16,"[53, 12, 27]"
17,"[53, 12, 17]"
16,"[53, 12, 0]"
17,"[53, 12, 29]"
13,"[53, 12, 6]"
15,"[53, 12, 10]"
15,"[53, 12, 56]"
12,"[53, 12, 35]"
14,"[53, 12, 13]"
16,"[53, 12, 53]"
26,"[53, 42]"
12,"[53, 42, 15]"
18,"[53, 42, 51]"
24,"[53, 42, 70]"
12,"[53, 42, 62]"
19,"[53, 42, 34]"
20,"[53, 42, 33]"
20,"[53, 42, 28]"
20,"[53, 42, 54]"
21,"[53, 42, 69]"
13,"[53, 42, 42]"
21,"[53, 42, 25]"
18,"[53, 42, 48]"
15,"[53, 42, 20]"
19,"[53, 42, 37]"
15,"[53, 42, 26]"
13,"[53, 42, 50]"
16,"[53, 42, 60]"
20,"[53, 42, 32]"
17,"[53, 42, 18]"
17,"[53, 42, 8]"
18,"[53, 42, 27]"
18,"[53, 42, 17]"
19,"[53, 42, 0]"
12,"[53, 42, 3]"
21,"[53, 42, 29]"
17,"[53, 42, 6]"
18,"[53, 42, 10]"
19,"[53, 42, 56]"
15,"[53, 42, 35]"
13,"[53, 42, 58]"
13,"[53, 42, 49]"
12,"[53, 42, 55]"
14,"[53, 42, 13]"
17,"[53, 42, 53]"
14,"[53, 42, 4]"
17,"[53, 15]"
12,"[53, 15, 16]"
16,"[53, 15, 70]"
13,"[53, 15, 34]"
14,"[53, 15, 33]"
13,"[53, 15, 28]"
13,"[53, 15, 54]"
15,"[53, 15, 69]"
14,"[53, 15, 25]"
12,"[53, 15, 32]"
12,"[53, 15, 18]"
13,"[53, 15, 27]"
12,"[53, 15, 17]"
13,"[53, 15, 0]"
15,"[53, 15, 29]"
12,"[53, 15, 6]"
13,"[53, 15, 56]"
18,"[53, 16]"
13,"[53, 16, 68]"
17,"[53, 16, 70]"
15,"[53, 16, 34]"
15,"[53, 16, 33]"
13,"[53, 16, 28]"
15,"[53, 16, 54]"
16,"[53, 16, 69]"
13,"[53, 16, 25]"
14,"[53, 16, 32]"
14,"[53, 16, 18]"
13,"[53, 16, 8]"
14,"[53, 16, 27]"
14,"[53, 16, 17]"
14,"[53, 16, 0]"
15,"[53, 16, 29]"
12,"[53, 16, 6]"
12,"[53, 16, 56]"
14,"[53, 16, 53]"
26,"[53, 51]"
14,"[53, 51, 14]"
13,"[53, 51, 12]"
25,"[53, 51, 70]"
12,"[53, 51, 62]"
19,"[53, 51, 34]"
19,"[53, 51, 33]"
23,"[53, 51, 28]"
20,"[53, 51, 54]"
21,"[53, 51, 69]"
18,"[53, 51, 42]"
24,"[53, 51, 25]"
21,"[53, 51, 48]"
15,"[53, 51, 20]"
19,"[53, 51, 37]"
16,"[53, 51, 26]"
15,"[53, 51, 50]"
17,"[53, 51, 60]"
19,"[53, 51, 32]"
19,"[53, 51, 18]"
18,"[53, 51, 8]"
20,"[53, 51, 27]"
19,"[53, 51, 17]"
21,"[53, 51, 0]"
12,"[53, 51, 3]"
24,"[53, 51, 29]"
19,"[53, 51, 6]"
19,"[53, 51, 10]"
17,"[53, 51, 51]"
23,"[53, 51, 56]"
19,"[53, 51, 35]"
18,"[53, 51, 58]"
18,"[53, 51, 49]"
13,"[53, 51, 55]"
12,"[53, 51, 15]"
14,"[53, 51, 13]"
17,"[53, 51, 53]"
15,"[53, 51, 4]"
12,"[53, 51, 7]"
16,"[53, 68]"
14,"[53, 68, 70]"
19,"[53, 14]"
19,"[53, 14, 70]"
14,"[53, 14, 34]"
14,"[53, 14, 33]"
15,"[53, 14, 28]"
14,"[53, 14, 54]"
18,"[53, 14, 69]"
16,"[53, 14, 25]"
14,"[53, 14, 48]"
13,"[53, 14, 37]"
12,"[53, 14, 26]"
14,"[53, 14, 32]"
13,"[53, 14, 18]"
12,"[53, 14, 8]"
15,"[53, 14, 27]"
15,"[53, 14, 17]"
14,"[53, 14, 0]"
18,"[53, 14, 29]"
14,"[53, 14, 6]"
14,"[53, 14, 10]"
15,"[53, 14, 56]"
12,"[53, 14, 35]"
12,"[53, 14, 49]"
12,"[53, 14, 53]"
12,"[53, 14, 4]"
36,"[53, 70]"
18,"[53, 70, 62]"
35,"[53, 70, 70]"
34,"[53, 70, 34]"
32,"[53, 70, 33]"
35,"[53, 70, 28]"
34,"[53, 70, 54]"
28,"[53, 70, 69]"
21,"[53, 70, 42]"
33,"[53, 70, 25]"
33,"[53, 70, 48]"
27,"[53, 70, 20]"
28,"[53, 70, 37]"
21,"[53, 70, 26]"
21,"[53, 70, 50]"
24,"[53, 70, 60]"
13,"[53, 70, 36]"
13,"[53, 70, 64]"
28,"[53, 70, 32]"
27,"[53, 70, 18]"
28,"[53, 70, 8]"
30,"[53, 70, 27]"
32,"[53, 70, 17]"
30,"[53, 70, 0]"
16,"[53, 70, 3]"
13,"[53, 70, 1]"
32,"[53, 70, 29]"
32,"[53, 70, 6]"
28,"[53, 70, 10]"
18,"[53, 70, 12]"
14,"[53, 70, 51]"
13,"[53, 70, 11]"
28,"[53, 70, 56]"
15,"[53, 70, 57]"
26,"[53, 70, 35]"
25,"[53, 70, 58]"
24,"[53, 70, 49]"
21,"[53, 70, 55]"
12,"[53, 70, 21]"
12,"[53, 70, 31]"
23,"[53, 70, 4]"
12,"[53, 70, 13]"
18,"[53, 70, 53]"
14,"[53, 70, 14]"
16,"[53, 70, 9]"
18,"[53, 70, 7]"
18,"[53, 62]"
17,"[53, 62, 70]"
13,"[53, 62, 62]"
13,"[53, 62, 34]"
14,"[53, 62, 33]"
15,"[53, 62, 28]"
16,"[53, 62, 54]"
13,"[53, 62, 69]"
14,"[53, 62, 25]"
15,"[53, 62, 48]"
12,"[53, 62, 20]"
13,"[53, 62, 37]"
12,"[53, 62, 64]"
12,"[53, 62, 32]"
12,"[53, 62, 18]"
13,"[53, 62, 8]"
13,"[53, 62, 27]"
14,"[53, 62, 17]"
15,"[53, 62, 0]"
18,"[53, 62, 29]"
15,"[53, 62, 6]"
13,"[53, 62, 10]"
12,"[53, 62, 56]"
12,"[53, 62, 35]"
13,"[53, 62, 49]"
34,"[53, 34]"
32,"[53, 34, 33]"
34,"[53, 34, 28]"
17,"[53, 34, 62]"
33,"[53, 34, 54]"
34,"[53, 34, 70]"
27,"[53, 34, 69]"
20,"[53, 34, 42]"
32,"[53, 34, 25]"
32,"[53, 34, 48]"
26,"[53, 34, 20]"
27,"[53, 34, 37]"
20,"[53, 34, 26]"
20,"[53, 34, 50]"
23,"[53, 34, 60]"
13,"[53, 34, 36]"
13,"[53, 34, 64]"
23,"[53, 34, 32]"
21,"[53, 34, 18]"
22,"[53, 34, 8]"
26,"[53, 34, 27]"
29,"[53, 34, 17]"
25,"[53, 34, 0]"
12,"[53, 34, 3]"
12,"[53, 34, 1]"
30,"[53, 34, 29]"
29,"[53, 34, 6]"
22,"[53, 34, 10]"
18,"[53, 34, 12]"
13,"[53, 34, 51]"
21,"[53, 34, 56]"
21,"[53, 34, 35]"
20,"[53, 34, 58]"
23,"[53, 34, 49]"
20,"[53, 34, 55]"
20,"[53, 34, 4]"
22,"[53, 34, 34]"
12,"[53, 34, 13]"
18,"[53, 34, 53]"
12,"[53, 34, 14]"
12,"[53, 34, 7]"
32,"[53, 33]"
31,"[53, 33, 28]"
22,"[53, 33, 33]"
17,"[53, 33, 62]"
30,"[53, 33, 54]"
32,"[53, 33, 70]"
25,"[53, 33, 69]"
19,"[53, 33, 42]"
31,"[53, 33, 25]"
29,"[53, 33, 48]"
25,"[53, 33, 20]"
25,"[53, 33, 37]"
18,"[53, 33, 26]"
18,"[53, 33, 50]"
19,"[53, 33, 60]"
12,"[53, 33, 36]"
13,"[53, 33, 64]"
22,"[53, 33, 32]"
20,"[53, 33, 18]"
20,"[53, 33, 8]"
25,"[53, 33, 27]"
27,"[53, 33, 17]"
24,"[53, 33, 0]"
12,"[53, 33, 3]"
30,"[53, 33, 29]"
27,"[53, 33, 6]"
20,"[53, 33, 10]"
18,"[53, 33, 12]"
12,"[53, 33, 51]"
19,"[53, 33, 56]"
19,"[53, 33, 35]"
18,"[53, 33, 58]"
20,"[53, 33, 49]"
18,"[53, 33, 55]"
20,"[53, 33, 4]"
20,"[53, 33, 34]"
12,"[53, 33, 13]"
17,"[53, 33, 53]"
35,"[53, 28]"
23,"[53, 28, 33]"
16,"[53, 28, 62]"
26,"[53, 28, 28]"
31,"[53, 28, 54]"
34,"[53, 28, 70]"
24,"[53, 28, 69]"
18,"[53, 28, 42]"
31,"[53, 28, 25]"
30,"[53, 28, 48]"
22,"[53, 28, 20]"
24,"[53, 28, 37]"
19,"[53, 28, 26]"
18,"[53, 28, 50]"
19,"[53, 28, 60]"
12,"[53, 28, 64]"
22,"[53, 28, 32]"
19,"[53, 28, 18]"
19,"[53, 28, 8]"
25,"[53, 28, 27]"
29,"[53, 28, 17]"
24,"[53, 28, 0]"
12,"[53, 28, 3]"
30,"[53, 28, 29]"
28,"[53, 28, 6]"
20,"[53, 28, 10]"
17,"[53, 28, 12]"
12,"[53, 28, 51]"
19,"[53, 28, 56]"
17,"[53, 28, 35]"
16,"[53, 28, 58]"
21,"[53, 28, 49]"
20,"[53, 28, 55]"
20,"[53, 28, 4]"
20,"[53, 28, 34]"
12,"[53, 28, 13]"
17,"[53, 28, 53]"
34,"[53, 54]"
15,"[53, 54, 62]"
24,"[53, 54, 28]"
28,"[53, 54, 54]"
33,"[53, 54, 70]"
23,"[53, 54, 69]"
18,"[53, 54, 42]"
22,"[53, 54, 25]"
25,"[53, 54, 48]"
21,"[53, 54, 20]"
20,"[53, 54, 37]"
16,"[53, 54, 26]"
16,"[53, 54, 50]"
18,"[53, 54, 60]"
12,"[53, 54, 36]"
12,"[53, 54, 64]"
20,"[53, 54, 32]"
19,"[53, 54, 18]"
20,"[53, 54, 8]"
23,"[53, 54, 27]"
28,"[53, 54, 17]"
24,"[53, 54, 0]"
12,"[53, 54, 3]"
28,"[53, 54, 29]"
27,"[53, 54, 6]"
18,"[53, 54, 10]"
17,"[53, 54, 12]"
12,"[53, 54, 51]"
18,"[53, 54, 56]"
14,"[53, 54, 35]"
13,"[53, 54, 58]"
21,"[53, 54, 49]"
19,"[53, 54, 55]"
13,"[53, 54, 53]"
21,"[53, 54, 33]"
19,"[53, 54, 4]"
19,"[53, 54, 34]"
35,"[53, 69]"
13,"[53, 69, 66]"
26,"[53, 69, 42]"
18,"[53, 69, 62]"
31,"[53, 69, 54]"
32,"[53, 69, 25]"
33,"[53, 69, 28]"
32,"[53, 69, 48]"
23,"[53, 69, 20]"
27,"[53, 69, 37]"
34,"[53, 69, 70]"
20,"[53, 69, 26]"
19,"[53, 69, 50]"
24,"[53, 69, 60]"
13,"[53, 69, 36]"
13,"[53, 69, 64]"
27,"[53, 69, 32]"
27,"[53, 69, 18]"
28,"[53, 69, 8]"
28,"[53, 69, 27]"
31,"[53, 69, 17]"
31,"[53, 69, 0]"
16,"[53, 69, 3]"
12,"[53, 69, 1]"
31,"[53, 69, 29]"
29,"[53, 69, 6]"
28,"[53, 69, 10]"
30,"[53, 69, 69]"
23,"[53, 69, 12]"
24,"[53, 69, 51]"
13,"[53, 69, 11]"
28,"[53, 69, 56]"
14,"[53, 69, 57]"
24,"[53, 69, 35]"
22,"[53, 69, 58]"
24,"[53, 69, 49]"
21,"[53, 69, 55]"
12,"[53, 69, 21]"
12,"[53, 69, 15]"
15,"[53, 69, 14]"
21,"[53, 69, 13]"
27,"[53, 69, 53]"
29,"[53, 69, 34]"
29,"[53, 69, 33]"
22,"[53, 69, 4]"
14,"[53, 69, 9]"
17,"[53, 69, 7]"
12,"[53, 69, 59]"
12,"[53, 69, 16]"
13,"[53, 66]"
12,"[53, 66, 42]"
13,"[53, 66, 28]"
12,"[53, 66, 37]"
13,"[53, 66, 70]"
12,"[53, 66, 18]"
12,"[53, 66, 8]"
12,"[53, 66, 29]"
12,"[53, 66, 69]"
12,"[53, 66, 53]"
33,"[53, 25]"
27,"[53, 25, 28]"
29,"[53, 25, 48]"
18,"[53, 25, 62]"
24,"[53, 25, 20]"
26,"[53, 25, 37]"
33,"[53, 25, 70]"
17,"[53, 25, 26]"
17,"[53, 25, 50]"
19,"[53, 25, 60]"
12,"[53, 25, 36]"
13,"[53, 25, 64]"
22,"[53, 25, 32]"
20,"[53, 25, 18]"
20,"[53, 25, 8]"
25,"[53, 25, 27]"
27,"[53, 25, 17]"
24,"[53, 25, 0]"
13,"[53, 25, 3]"
12,"[53, 25, 1]"
30,"[53, 25, 29]"
27,"[53, 25, 6]"
19,"[53, 25, 10]"
24,"[53, 25, 69]"
17,"[53, 25, 12]"
20,"[53, 25, 56]"
25,"[53, 25, 25]"
18,"[53, 25, 35]"
19,"[53, 25, 58]"
22,"[53, 25, 49]"
19,"[53, 25, 55]"
22,"[53, 25, 33]"
20,"[53, 25, 4]"
19,"[53, 25, 34]"
27,"[53, 25, 54]"
15,"[53, 25, 53]"
16,"[53, 25, 42]"
33,"[53, 48]"
14,"[53, 48, 62]"
27,"[53, 48, 48]"
20,"[53, 48, 20]"
24,"[53, 48, 37]"
33,"[53, 48, 70]"
17,"[53, 48, 26]"
17,"[53, 48, 50]"
21,"[53, 48, 60]"
21,"[53, 48, 32]"
18,"[53, 48, 18]"
19,"[53, 48, 8]"
24,"[53, 48, 27]"
28,"[53, 48, 17]"
25,"[53, 48, 0]"
12,"[53, 48, 3]"
29,"[53, 48, 29]"
28,"[53, 48, 6]"
19,"[53, 48, 10]"
24,"[53, 48, 69]"
17,"[53, 48, 12]"
19,"[53, 48, 56]"
25,"[53, 48, 25]"
26,"[53, 48, 28]"
14,"[53, 48, 35]"
15,"[53, 48, 58]"
20,"[53, 48, 49]"
21,"[53, 48, 55]"
19,"[53, 48, 33]"
21,"[53, 48, 4]"
17,"[53, 48, 34]"
28,"[53, 48, 54]"
13,"[53, 48, 53]"
17,"[53, 48, 42]"
27,"[53, 20]"
24,"[53, 20, 37]"
19,"[53, 20, 20]"
27,"[53, 20, 70]"
15,"[53, 20, 62]"
17,"[53, 20, 26]"
17,"[53, 20, 50]"
19,"[53, 20, 60]"
13,"[53, 20, 36]"
20,"[53, 20, 32]"
19,"[53, 20, 18]"
19,"[53, 20, 8]"
23,"[53, 20, 27]"
25,"[53, 20, 17]"
22,"[53, 20, 0]"
27,"[53, 20, 29]"
24,"[53, 20, 6]"
19,"[53, 20, 10]"
21,"[53, 20, 69]"
15,"[53, 20, 12]"
16,"[53, 20, 56]"
23,"[53, 20, 25]"
25,"[53, 20, 48]"
25,"[53, 20, 28]"
17,"[53, 20, 35]"
15,"[53, 20, 58]"
19,"[53, 20, 49]"
15,"[53, 20, 55]"
19,"[53, 20, 4]"
22,"[53, 20, 54]"
13,"[53, 20, 42]"
12,"[53, 20, 53]"
20,"[53, 20, 33]"
19,"[53, 20, 34]"
28,"[53, 37]"
15,"[53, 37, 20]"
28,"[53, 37, 70]"
14,"[53, 37, 62]"
17,"[53, 37, 26]"
14,"[53, 37, 50]"
23,"[53, 37, 60]"
12,"[53, 37, 36]"
18,"[53, 37, 32]"
17,"[53, 37, 18]"
16,"[53, 37, 8]"
21,"[53, 37, 27]"
24,"[53, 37, 17]"
21,"[53, 37, 0]"
24,"[53, 37, 29]"
23,"[53, 37, 6]"
17,"[53, 37, 10]"
18,"[53, 37, 69]"
13,"[53, 37, 12]"
15,"[53, 37, 56]"
21,"[53, 37, 25]"
23,"[53, 37, 48]"
22,"[53, 37, 28]"
14,"[53, 37, 35]"
12,"[53, 37, 58]"
17,"[53, 37, 49]"
17,"[53, 37, 55]"
18,"[53, 37, 4]"
21,"[53, 37, 54]"
12,"[53, 37, 42]"
18,"[53, 37, 33]"
16,"[53, 37, 34]"
13,"[53, 37, 37]"
21,"[53, 26]"
17,"[53, 26, 50]"
12,"[53, 26, 60]"
14,"[53, 26, 32]"
14,"[53, 26, 18]"
13,"[53, 26, 8]"
16,"[53, 26, 27]"
18,"[53, 26, 17]"
18,"[53, 26, 0]"
19,"[53, 26, 29]"
19,"[53, 26, 6]"
15,"[53, 26, 10]"
21,"[53, 26, 70]"
14,"[53, 26, 69]"
12,"[53, 26, 56]"
15,"[53, 26, 25]"
19,"[53, 26, 48]"
15,"[53, 26, 28]"
13,"[53, 26, 55]"
14,"[53, 26, 37]"
15,"[53, 26, 4]"
14,"[53, 26, 54]"
12,"[53, 26, 33]"
21,"[53, 50]"
12,"[53, 50, 60]"
13,"[53, 50, 32]"
14,"[53, 50, 18]"
13,"[53, 50, 8]"
15,"[53, 50, 27]"
18,"[53, 50, 17]"
16,"[53, 50, 0]"
19,"[53, 50, 29]"
17,"[53, 50, 6]"
14,"[53, 50, 10]"
21,"[53, 50, 70]"
15,"[53, 50, 69]"
12,"[53, 50, 56]"
12,"[53, 50, 62]"
13,"[53, 50, 25]"
19,"[53, 50, 48]"
15,"[53, 50, 28]"
14,"[53, 50, 49]"
14,"[53, 50, 55]"
14,"[53, 50, 37]"
14,"[53, 50, 4]"
15,"[53, 50, 54]"
12,"[53, 50, 33]"
24,"[53, 60]"
16,"[53, 60, 32]"
15,"[53, 60, 18]"
15,"[53, 60, 8]"
17,"[53, 60, 27]"
21,"[53, 60, 17]"
18,"[53, 60, 0]"
20,"[53, 60, 29]"
21,"[53, 60, 6]"
15,"[53, 60, 10]"
24,"[53, 60, 70]"
14,"[53, 60, 69]"
14,"[53, 60, 56]"
12,"[53, 60, 62]"
16,"[53, 60, 25]"
21,"[53, 60, 48]"
18,"[53, 60, 28]"
13,"[53, 60, 35]"
13,"[53, 60, 49]"
16,"[53, 60, 55]"
16,"[53, 60, 4]"
17,"[53, 60, 54]"
14,"[53, 60, 26]"
14,"[53, 60, 50]"
12,"[53, 60, 20]"
13,"[53, 60, 33]"
12,"[53, 60, 34]"
13,"[53, 36]"
12,"[53, 36, 27]"
12,"[53, 36, 17]"
13,"[53, 36, 29]"
12,"[53, 36, 6]"
13,"[53, 36, 70]"
12,"[53, 36, 62]"
12,"[53, 36, 28]"
12,"[53, 36, 49]"
13,"[53, 64]"
12,"[53, 64, 18]"
12,"[53, 64, 8]"
13,"[53, 64, 64]"
12,"[53, 64, 17]"
12,"[53, 64, 0]"
13,"[53, 64, 29]"
12,"[53, 64, 10]"
13,"[53, 64, 70]"
12,"[53, 64, 25]"
12,"[53, 64, 28]"
12,"[53, 64, 35]"
33,"[53, 32]"
30,"[53, 32, 18]"
31,"[53, 32, 8]"
12,"[53, 32, 64]"
30,"[53, 32, 27]"
31,"[53, 32, 17]"
30,"[53, 32, 0]"
17,"[53, 32, 3]"
14,"[53, 32, 1]"
33,"[53, 32, 29]"
30,"[53, 32, 6]"
30,"[53, 32, 10]"
33,"[53, 32, 70]"
27,"[53, 32, 69]"
15,"[53, 32, 12]"
15,"[53, 32, 51]"
16,"[53, 32, 11]"
29,"[53, 32, 56]"
17,"[53, 32, 57]"
15,"[53, 32, 62]"
29,"[53, 32, 25]"
30,"[53, 32, 48]"
31,"[53, 32, 28]"
26,"[53, 32, 35]"
24,"[53, 32, 58]"
20,"[53, 32, 49]"
19,"[53, 32, 55]"
13,"[53, 32, 31]"
25,"[53, 32, 4]"
25,"[53, 32, 34]"
25,"[53, 32, 33]"
17,"[53, 32, 26]"
16,"[53, 32, 50]"
23,"[53, 32, 37]"
21,"[53, 32, 60]"
12,"[53, 32, 5]"
28,"[53, 32, 54]"
14,"[53, 32, 53]"
16,"[53, 32, 42]"
18,"[53, 32, 9]"
17,"[53, 32, 7]"
13,"[53, 32, 59]"
12,"[53, 32, 14]"
21,"[53, 32, 20]"
17,"[53, 32, 32]"
31,"[53, 18]"
29,"[53, 18, 8]"
13,"[53, 18, 64]"
16,"[53, 18, 18]"
27,"[53, 18, 27]"
29,"[53, 18, 17]"
28,"[53, 18, 0]"
17,"[53, 18, 3]"
13,"[53, 18, 1]"
31,"[53, 18, 29]"
29,"[53, 18, 6]"
28,"[53, 18, 10]"
31,"[53, 18, 70]"
23,"[53, 18, 69]"
13,"[53, 18, 12]"
13,"[53, 18, 51]"
15,"[53, 18, 11]"
27,"[53, 18, 56]"
16,"[53, 18, 57]"
16,"[53, 18, 62]"
26,"[53, 18, 25]"
28,"[53, 18, 48]"
29,"[53, 18, 28]"
25,"[53, 18, 35]"
24,"[53, 18, 58]"
20,"[53, 18, 49]"
18,"[53, 18, 55]"
13,"[53, 18, 31]"
22,"[53, 18, 4]"
24,"[53, 18, 34]"
24,"[53, 18, 33]"
16,"[53, 18, 26]"
16,"[53, 18, 50]"
21,"[53, 18, 37]"
18,"[53, 18, 60]"
12,"[53, 18, 5]"
25,"[53, 18, 54]"
14,"[53, 18, 53]"
12,"[53, 18, 42]"
18,"[53, 18, 9]"
17,"[53, 18, 7]"
14,"[53, 18, 59]"
18,"[53, 18, 20]"
15,"[53, 18, 32]"
33,"[53, 8]"
13,"[53, 8, 64]"
19,"[53, 8, 8]"
19,"[53, 8, 18]"
30,"[53, 8, 27]"
31,"[53, 8, 17]"
31,"[53, 8, 0]"
16,"[53, 8, 3]"
13,"[53, 8, 1]"
33,"[53, 8, 29]"
30,"[53, 8, 6]"
29,"[53, 8, 10]"
32,"[53, 8, 70]"
26,"[53, 8, 69]"
15,"[53, 8, 12]"
15,"[53, 8, 51]"
15,"[53, 8, 11]"
28,"[53, 8, 56]"
16,"[53, 8, 57]"
15,"[53, 8, 62]"
28,"[53, 8, 25]"
29,"[53, 8, 48]"
31,"[53, 8, 28]"
26,"[53, 8, 35]"
24,"[53, 8, 58]"
20,"[53, 8, 49]"
18,"[53, 8, 55]"
23,"[53, 8, 4]"
25,"[53, 8, 34]"
25,"[53, 8, 33]"
17,"[53, 8, 26]"
14,"[53, 8, 50]"
20,"[53, 8, 37]"
18,"[53, 8, 60]"
24,"[53, 8, 54]"
13,"[53, 8, 13]"
15,"[53, 8, 53]"
12,"[53, 8, 42]"
19,"[53, 8, 9]"
17,"[53, 8, 7]"
13,"[53, 8, 59]"
13,"[53, 8, 14]"
19,"[53, 8, 20]"
16,"[53, 8, 32]"
32,"[53, 27]"
31,"[53, 27, 17]"
29,"[53, 27, 0]"
18,"[53, 27, 3]"
14,"[53, 27, 1]"
32,"[53, 27, 29]"
28,"[53, 27, 6]"
14,"[53, 27, 8]"
27,"[53, 27, 10]"
32,"[53, 27, 70]"
26,"[53, 27, 69]"
16,"[53, 27, 12]"
14,"[53, 27, 51]"
13,"[53, 27, 11]"
25,"[53, 27, 56]"
14,"[53, 27, 57]"
13,"[53, 27, 62]"
26,"[53, 27, 25]"
28,"[53, 27, 48]"
29,"[53, 27, 28]"
25,"[53, 27, 35]"
24,"[53, 27, 58]"
20,"[53, 27, 49]"
17,"[53, 27, 55]"
22,"[53, 27, 4]"
22,"[53, 27, 27]"
24,"[53, 27, 34]"
24,"[53, 27, 33]"
14,"[53, 27, 26]"
13,"[53, 27, 50]"
19,"[53, 27, 37]"
17,"[53, 27, 60]"
23,"[53, 27, 54]"
13,"[53, 27, 13]"
14,"[53, 27, 53]"
14,"[53, 27, 42]"
17,"[53, 27, 7]"
13,"[53, 27, 59]"
12,"[53, 27, 18]"
12,"[53, 27, 14]"
18,"[53, 27, 20]"
14,"[53, 27, 32]"
34,"[53, 17]"
29,"[53, 17, 0]"
17,"[53, 17, 3]"
14,"[53, 17, 1]"
33,"[53, 17, 29]"
31,"[53, 17, 6]"
15,"[53, 17, 8]"
27,"[53, 17, 10]"
34,"[53, 17, 70]"
26,"[53, 17, 69]"
16,"[53, 17, 12]"
13,"[53, 17, 51]"
13,"[53, 17, 11]"
26,"[53, 17, 56]"
14,"[53, 17, 57]"
13,"[53, 17, 62]"
28,"[53, 17, 25]"
31,"[53, 17, 48]"
31,"[53, 17, 28]"
25,"[53, 17, 17]"
24,"[53, 17, 35]"
23,"[53, 17, 58]"
21,"[53, 17, 49]"
19,"[53, 17, 55]"
24,"[53, 17, 4]"
24,"[53, 17, 27]"
25,"[53, 17, 34]"
25,"[53, 17, 33]"
15,"[53, 17, 26]"
14,"[53, 17, 50]"
20,"[53, 17, 37]"
17,"[53, 17, 60]"
25,"[53, 17, 54]"
13,"[53, 17, 13]"
15,"[53, 17, 53]"
14,"[53, 17, 42]"
19,"[53, 17, 7]"
12,"[53, 17, 59]"
12,"[53, 17, 18]"
19,"[53, 17, 20]"
15,"[53, 17, 32]"
34,"[53, 0]"
19,"[53, 0, 3]"
12,"[53, 0, 64]"
14,"[53, 0, 1]"
30,"[53, 0, 29]"
32,"[53, 0, 6]"
16,"[53, 0, 8]"
29,"[53, 0, 10]"
34,"[53, 0, 70]"
26,"[53, 0, 69]"
15,"[53, 0, 12]"
13,"[53, 0, 51]"
15,"[53, 0, 11]"
28,"[53, 0, 56]"
16,"[53, 0, 57]"
15,"[53, 0, 62]"
30,"[53, 0, 25]"
31,"[53, 0, 48]"
33,"[53, 0, 28]"
28,"[53, 0, 17]"
25,"[53, 0, 35]"
23,"[53, 0, 58]"
22,"[53, 0, 49]"
20,"[53, 0, 55]"
25,"[53, 0, 4]"
25,"[53, 0, 27]"
27,"[53, 0, 34]"
27,"[53, 0, 33]"
17,"[53, 0, 26]"
14,"[53, 0, 50]"
22,"[53, 0, 37]"
19,"[53, 0, 60]"
23,"[53, 0, 0]"
12,"[53, 0, 5]"
25,"[53, 0, 54]"
12,"[53, 0, 13]"
15,"[53, 0, 53]"
13,"[53, 0, 42]"
20,"[53, 0, 7]"
12,"[53, 0, 59]"
14,"[53, 0, 18]"
21,"[53, 0, 20]"
12,"[53, 0, 14]"
14,"[53, 0, 32]"
19,"[53, 3]"
12,"[53, 3, 1]"
15,"[53, 3, 29]"
17,"[53, 3, 6]"
15,"[53, 3, 10]"
18,"[53, 3, 70]"
13,"[53, 3, 69]"
15,"[53, 3, 56]"
16,"[53, 3, 25]"
17,"[53, 3, 48]"
16,"[53, 3, 28]"
13,"[53, 3, 17]"
14,"[53, 3, 35]"
14,"[53, 3, 58]"
14,"[53, 3, 49]"
12,"[53, 3, 55]"
14,"[53, 3, 7]"
14,"[53, 3, 4]"
14,"[53, 3, 34]"
15,"[53, 3, 33]"
14,"[53, 3, 54]"
12,"[53, 3, 0]"
12,"[53, 3, 37]"
12,"[53, 3, 27]"
12,"[53, 3, 20]"
14,"[53, 1]"
13,"[53, 1, 6]"
13,"[53, 1, 70]"
35,"[53, 29]"
30,"[53, 29, 6]"
13,"[53, 29, 8]"
27,"[53, 29, 10]"
34,"[53, 29, 70]"
26,"[53, 29, 69]"
16,"[53, 29, 12]"
13,"[53, 29, 51]"
13,"[53, 29, 64]"
15,"[53, 29, 11]"
26,"[53, 29, 56]"
16,"[53, 29, 57]"
15,"[53, 29, 62]"
28,"[53, 29, 25]"
30,"[53, 29, 48]"
31,"[53, 29, 28]"
25,"[53, 29, 17]"
25,"[53, 29, 35]"
23,"[53, 29, 58]"
22,"[53, 29, 49]"
20,"[53, 29, 55]"
24,"[53, 29, 4]"
25,"[53, 29, 34]"
26,"[53, 29, 33]"
16,"[53, 29, 26]"
13,"[53, 29, 50]"
21,"[53, 29, 37]"
18,"[53, 29, 60]"
25,"[53, 29, 29]"
26,"[53, 29, 0]"
13,"[53, 29, 1]"
12,"[53, 29, 5]"
24,"[53, 29, 54]"
13,"[53, 29, 13]"
16,"[53, 29, 53]"
14,"[53, 29, 42]"
13,"[53, 29, 3]"
19,"[53, 29, 7]"
12,"[53, 29, 59]"
12,"[53, 29, 18]"
21,"[53, 29, 27]"
20,"[53, 29, 20]"
12,"[53, 29, 32]"
32,"[53, 6]"
14,"[53, 6, 8]"
25,"[53, 6, 10]"
32,"[53, 6, 70]"
23,"[53, 6, 69]"
14,"[53, 6, 12]"
12,"[53, 6, 64]"
15,"[53, 6, 11]"
23,"[53, 6, 56]"
15,"[53, 6, 57]"
14,"[53, 6, 62]"
26,"[53, 6, 25]"
28,"[53, 6, 48]"
27,"[53, 6, 28]"
26,"[53, 6, 17]"
23,"[53, 6, 35]"
22,"[53, 6, 58]"
22,"[53, 6, 49]"
20,"[53, 6, 55]"
25,"[53, 6, 6]"
24,"[53, 6, 4]"
20,"[53, 6, 27]"
25,"[53, 6, 29]"
22,"[53, 6, 34]"
23,"[53, 6, 33]"
15,"[53, 6, 26]"
13,"[53, 6, 50]"
19,"[53, 6, 37]"
18,"[53, 6, 60]"
20,"[53, 6, 0]"
12,"[53, 6, 5]"
24,"[53, 6, 54]"
13,"[53, 6, 53]"
12,"[53, 6, 42]"
20,"[53, 6, 7]"
12,"[53, 6, 59]"
12,"[53, 6, 18]"
19,"[53, 6, 20]"
12,"[53, 6, 32]"
32,"[53, 10]"
31,"[53, 10, 70]"
24,"[53, 10, 69]"
14,"[53, 10, 12]"
15,"[53, 10, 51]"
13,"[53, 10, 64]"
16,"[53, 10, 11]"
28,"[53, 10, 56]"
17,"[53, 10, 57]"
15,"[53, 10, 62]"
27,"[53, 10, 25]"
28,"[53, 10, 48]"
30,"[53, 10, 28]"
22,"[53, 10, 17]"
27,"[53, 10, 35]"
25,"[53, 10, 58]"
20,"[53, 10, 49]"
17,"[53, 10, 55]"
24,"[53, 10, 6]"
24,"[53, 10, 34]"
25,"[53, 10, 33]"
15,"[53, 10, 26]"
12,"[53, 10, 50]"
19,"[53, 10, 37]"
17,"[53, 10, 60]"
25,"[53, 10, 29]"
20,"[53, 10, 0]"
19,"[53, 10, 4]"
24,"[53, 10, 54]"
12,"[53, 10, 13]"
15,"[53, 10, 53]"
14,"[53, 10, 42]"
20,"[53, 10, 10]"
14,"[53, 10, 59]"
14,"[53, 10, 8]"
13,"[53, 10, 14]"
15,"[53, 10, 18]"
18,"[53, 10, 27]"
12,"[53, 10, 7]"
17,"[53, 10, 20]"
13,"[53, 10, 32]"
16,"[53, 11]"
15,"[53, 11, 56]"
13,"[53, 11, 25]"
15,"[53, 11, 48]"
14,"[53, 11, 28]"
16,"[53, 11, 70]"
15,"[53, 11, 35]"
14,"[53, 11, 58]"
14,"[53, 11, 49]"
13,"[53, 11, 55]"
13,"[53, 11, 6]"
12,"[53, 11, 33]"
13,"[53, 11, 54]"
30,"[53, 56]"
17,"[53, 56, 57]"
15,"[53, 56, 62]"
25,"[53, 56, 25]"
27,"[53, 56, 48]"
28,"[53, 56, 28]"
20,"[53, 56, 17]"
29,"[53, 56, 70]"
12,"[53, 56, 64]"
25,"[53, 56, 35]"
24,"[53, 56, 58]"
18,"[53, 56, 49]"
16,"[53, 56, 55]"
22,"[53, 56, 6]"
21,"[53, 56, 69]"
17,"[53, 56, 27]"
22,"[53, 56, 29]"
16,"[53, 56, 4]"
17,"[53, 56, 10]"
21,"[53, 56, 56]"
24,"[53, 56, 34]"
24,"[53, 56, 33]"
15,"[53, 56, 26]"
13,"[53, 56, 50]"
19,"[53, 56, 37]"
17,"[53, 56, 60]"
17,"[53, 56, 0]"
22,"[53, 56, 54]"
14,"[53, 56, 59]"
12,"[53, 56, 14]"
12,"[53, 56, 18]"
13,"[53, 56, 8]"
17,"[53, 56, 20]"
12,"[53, 56, 32]"
17,"[53, 57]"
13,"[53, 57, 25]"
15,"[53, 57, 48]"
16,"[53, 57, 28]"
12,"[53, 57, 17]"
17,"[53, 57, 70]"
15,"[53, 57, 35]"
15,"[53, 57, 58]"
14,"[53, 57, 49]"
13,"[53, 57, 6]"
12,"[53, 57, 69]"
13,"[53, 57, 54]"
12,"[53, 57, 29]"
12,"[53, 57, 33]"
12,"[53, 57, 34]"
29,"[53, 35]"
27,"[53, 35, 58]"
15,"[53, 35, 62]"
20,"[53, 35, 49]"
12,"[53, 35, 64]"
29,"[53, 35, 70]"
26,"[53, 35, 48]"
16,"[53, 35, 55]"
20,"[53, 35, 17]"
21,"[53, 35, 6]"
22,"[53, 35, 69]"
16,"[53, 35, 27]"
22,"[53, 35, 29]"
12,"[53, 35, 4]"
12,"[53, 35, 10]"
15,"[53, 35, 56]"
14,"[53, 35, 35]"
22,"[53, 35, 34]"
23,"[53, 35, 33]"
28,"[53, 35, 28]"
24,"[53, 35, 25]"
13,"[53, 35, 26]"
12,"[53, 35, 50]"
18,"[53, 35, 37]"
14,"[53, 35, 60]"
15,"[53, 35, 0]"
23,"[53, 35, 54]"
13,"[53, 35, 53]"
12,"[53, 35, 12]"
12,"[53, 35, 42]"
14,"[53, 35, 59]"
12,"[53, 35, 14]"
12,"[53, 35, 18]"
16,"[53, 35, 20]"
27,"[53, 58]"
13,"[53, 58, 62]"
20,"[53, 58, 49]"
12,"[53, 58, 64]"
27,"[53, 58, 70]"
24,"[53, 58, 48]"
16,"[53, 58, 55]"
19,"[53, 58, 17]"
19,"[53, 58, 6]"
21,"[53, 58, 69]"
14,"[53, 58, 35]"
16,"[53, 58, 58]"
20,"[53, 58, 34]"
20,"[53, 58, 33]"
25,"[53, 58, 28]"
21,"[53, 58, 25]"
12,"[53, 58, 26]"
12,"[53, 58, 50]"
16,"[53, 58, 37]"
13,"[53, 58, 60]"
20,"[53, 58, 29]"
15,"[53, 58, 0]"
22,"[53, 58, 54]"
13,"[53, 58, 53]"
12,"[53, 58, 12]"
12,"[53, 58, 42]"
14,"[53, 58, 59]"
14,"[53, 58, 56]"
14,"[53, 58, 27]"
14,"[53, 58, 20]"
12,"[53, 58, 10]"
24,"[53, 49]"
22,"[53, 49, 70]"
17,"[53, 49, 49]"
19,"[53, 49, 48]"
18,"[53, 49, 55]"
18,"[53, 49, 17]"
17,"[53, 49, 6]"
16,"[53, 49, 69]"
14,"[53, 49, 28]"
12,"[53, 49, 25]"
15,"[53, 49, 33]"
15,"[53, 49, 27]"
18,"[53, 49, 29]"
16,"[53, 49, 0]"
18,"[53, 49, 54]"
12,"[53, 49, 12]"
12,"[53, 49, 34]"
21,"[53, 55]"
14,"[53, 55, 17]"
13,"[53, 55, 6]"
15,"[53, 55, 70]"
13,"[53, 55, 0]"
14,"[53, 55, 29]"
12,"[53, 21]"
12,"[53, 21, 70]"
12,"[53, 43]"
25,"[53, 13]"
20,"[53, 13, 53]"
24,"[53, 13, 70]"
20,"[53, 13, 34]"
20,"[53, 13, 33]"
21,"[53, 13, 28]"
21,"[53, 13, 25]"
21,"[53, 13, 48]"
20,"[53, 13, 69]"
21,"[53, 13, 32]"
20,"[53, 13, 18]"
19,"[53, 13, 8]"
20,"[53, 13, 27]"
22,"[53, 13, 17]"
21,"[53, 13, 0]"
19,"[53, 13, 6]"
15,"[53, 13, 4]"
21,"[53, 13, 56]"
19,"[53, 13, 35]"
22,"[53, 13, 29]"
20,"[53, 13, 10]"
16,"[53, 13, 58]"
12,"[53, 13, 62]"
12,"[53, 13, 26]"
17,"[53, 13, 37]"
16,"[53, 13, 60]"
21,"[53, 13, 54]"
12,"[53, 13, 12]"
16,"[53, 13, 42]"
14,"[53, 13, 51]"
12,"[53, 13, 16]"
13,"[53, 13, 49]"
15,"[53, 13, 20]"
29,"[53, 53]"
28,"[53, 53, 70]"
24,"[53, 53, 34]"
24,"[53, 53, 33]"
27,"[53, 53, 28]"
26,"[53, 53, 25]"
25,"[53, 53, 48]"
23,"[53, 53, 69]"
22,"[53, 53, 32]"
20,"[53, 53, 18]"
21,"[53, 53, 8]"
20,"[53, 53, 27]"
24,"[53, 53, 17]"
25,"[53, 53, 0]"
23,"[53, 53, 6]"
19,"[53, 53, 4]"
24,"[53, 53, 56]"
21,"[53, 53, 35]"
25,"[53, 53, 29]"
24,"[53, 53, 10]"
19,"[53, 53, 58]"
16,"[53, 53, 62]"
15,"[53, 53, 26]"
15,"[53, 53, 50]"
22,"[53, 53, 37]"
18,"[53, 53, 60]"
12,"[53, 53, 64]"
15,"[53, 53, 55]"
25,"[53, 53, 54]"
15,"[53, 53, 13]"
19,"[53, 53, 53]"
15,"[53, 53, 12]"
18,"[53, 53, 42]"
18,"[53, 53, 51]"
13,"[53, 53, 3]"
16,"[53, 53, 7]"
17,"[53, 53, 49]"
16,"[53, 53, 20]"
13,"[53, 31]"
13,"[53, 31, 0]"
13,"[53, 31, 6]"
12,"[53, 31, 4]"
13,"[53, 31, 29]"
13,"[53, 31, 70]"
12,"[53, 31, 28]"
12,"[53, 31, 48]"
25,"[53, 4]"
16,"[53, 4, 56]"
15,"[53, 4, 35]"
16,"[53, 4, 17]"
15,"[53, 4, 27]"
21,"[53, 4, 29]"
15,"[53, 4, 4]"
19,"[53, 4, 10]"
13,"[53, 4, 58]"
24,"[53, 4, 70]"
14,"[53, 4, 34]"
16,"[53, 4, 33]"
18,"[53, 4, 28]"
17,"[53, 4, 25]"
19,"[53, 4, 48]"
13,"[53, 4, 26]"
15,"[53, 4, 37]"
12,"[53, 4, 60]"
15,"[53, 4, 69]"
16,"[53, 4, 0]"
12,"[53, 4, 5]"
18,"[53, 4, 6]"
16,"[53, 4, 55]"
17,"[53, 4, 54]"
14,"[53, 4, 20]"
14,"[53, 4, 49]"
12,"[53, 5]"
12,"[53, 5, 70]"
19,"[53, 9]"
17,"[53, 9, 27]"
18,"[53, 9, 17]"
19,"[53, 9, 29]"
19,"[53, 9, 0]"
12,"[53, 9, 3]"
19,"[53, 9, 6]"
15,"[53, 9, 7]"
14,"[53, 9, 4]"
18,"[53, 9, 10]"
13,"[53, 9, 11]"
18,"[53, 9, 56]"
17,"[53, 9, 35]"
16,"[53, 9, 58]"
19,"[53, 9, 70]"
16,"[53, 9, 34]"
16,"[53, 9, 33]"
19,"[53, 9, 28]"
16,"[53, 9, 25]"
17,"[53, 9, 48]"
15,"[53, 9, 54]"
13,"[53, 9, 37]"
14,"[53, 9, 69]"
12,"[53, 9, 57]"
15,"[53, 9, 49]"
12,"[53, 9, 20]"
20,"[53, 7]"
13,"[53, 7, 4]"
13,"[53, 7, 10]"
12,"[53, 7, 56]"
14,"[53, 7, 35]"
14,"[53, 7, 58]"
20,"[53, 7, 70]"
14,"[53, 7, 34]"
15,"[53, 7, 33]"
16,"[53, 7, 28]"
15,"[53, 7, 25]"
16,"[53, 7, 48]"
15,"[53, 7, 54]"
13,"[53, 7, 37]"
12,"[53, 7, 60]"
13,"[53, 7, 55]"
13,"[53, 7, 6]"
15,"[53, 7, 49]"
14,"[53, 7, 69]"
15,"[53, 7, 17]"
14,"[53, 7, 29]"
14,"[53, 59]"
14,"[53, 59, 70]"
12,"[53, 59, 28]"
12,"[53, 59, 49]"
35,[12]
35,"[12, 42]"
21,"[12, 42, 15]"
24,"[12, 42, 16]"
35,"[12, 42, 51]"
20,"[12, 42, 68]"
27,"[12, 42, 14]"
25,"[12, 42, 12]"
35,"[12, 42, 70]"
20,"[12, 42, 62]"
33,"[12, 42, 34]"
31,"[12, 42, 33]"
35,"[12, 42, 28]"
32,"[12, 42, 54]"
34,"[12, 42, 69]"
14,"[12, 42, 66]"
30,"[12, 42, 42]"
32,"[12, 42, 25]"
32,"[12, 42, 48]"
27,"[12, 42, 20]"
28,"[12, 42, 37]"
23,"[12, 42, 26]"
23,"[12, 42, 50]"
26,"[12, 42, 60]"
14,"[12, 42, 36]"
14,"[12, 42, 64]"
33,"[12, 42, 32]"
32,"[12, 42, 18]"
33,"[12, 42, 8]"
32,"[12, 42, 27]"
33,"[12, 42, 17]"
34,"[12, 42, 0]"
19,"[12, 42, 3]"
14,"[12, 42, 1]"
34,"[12, 42, 29]"
31,"[12, 42, 6]"
34,"[12, 42, 10]"
16,"[12, 42, 11]"
33,"[12, 42, 56]"
20,"[12, 42, 57]"
30,"[12, 42, 35]"
27,"[12, 42, 58]"
23,"[12, 42, 49]"
19,"[12, 42, 55]"
12,"[12, 42, 21]"
34,"[12, 42, 13]"
34,"[12, 42, 53]"
26,"[12, 42, 43]"
15,"[12, 42, 31]"
25,"[12, 42, 4]"
12,"[12, 42, 5]"
19,"[12, 42, 9]"
19,"[12, 42, 7]"
15,"[12, 42, 59]"
22,"[12, 15]"
18,"[12, 15, 16]"
17,"[12, 15, 51]"
16,"[12, 15, 68]"
18,"[12, 15, 14]"
16,"[12, 15, 12]"
22,"[12, 15, 70]"
16,"[12, 15, 62]"
19,"[12, 15, 34]"
19,"[12, 15, 33]"
21,"[12, 15, 28]"
19,"[12, 15, 54]"
22,"[12, 15, 69]"
19,"[12, 15, 42]"
20,"[12, 15, 25]"
18,"[12, 15, 48]"
15,"[12, 15, 20]"
16,"[12, 15, 37]"
14,"[12, 15, 26]"
14,"[12, 15, 50]"
14,"[12, 15, 60]"
19,"[12, 15, 32]"
18,"[12, 15, 18]"
19,"[12, 15, 8]"
18,"[12, 15, 27]"
19,"[12, 15, 17]"
21,"[12, 15, 0]"
21,"[12, 15, 29]"
17,"[12, 15, 6]"
20,"[12, 15, 10]"
21,"[12, 15, 56]"
18,"[12, 15, 35]"
15,"[12, 15, 58]"
15,"[12, 15, 49]"
18,"[12, 15, 13]"
17,"[12, 15, 53]"
15,"[12, 15, 4]"
12,"[12, 15, 43]"
24,"[12, 16]"
17,"[12, 16, 51]"
14,"[12, 16, 16]"
18,"[12, 16, 68]"
15,"[12, 16, 14]"
17,"[12, 16, 12]"
24,"[12, 16, 70]"
15,"[12, 16, 62]"
23,"[12, 16, 34]"
23,"[12, 16, 33]"
23,"[12, 16, 28]"
22,"[12, 16, 54]"
22,"[12, 16, 69]"
21,"[12, 16, 42]"
21,"[12, 16, 25]"
20,"[12, 16, 48]"
19,"[12, 16, 20]"
17,"[12, 16, 37]"
15,"[12, 16, 26]"
14,"[12, 16, 50]"
15,"[12, 16, 60]"
12,"[12, 16, 36]"
21,"[12, 16, 32]"
21,"[12, 16, 18]"
22,"[12, 16, 8]"
20,"[12, 16, 27]"
21,"[12, 16, 17]"
21,"[12, 16, 0]"
22,"[12, 16, 29]"
18,"[12, 16, 6]"
21,"[12, 16, 10]"
20,"[12, 16, 56]"
18,"[12, 16, 35]"
15,"[12, 16, 58]"
14,"[12, 16, 49]"
22,"[12, 16, 53]"
17,"[12, 16, 13]"
12,"[12, 16, 9]"
12,"[12, 16, 43]"
15,"[12, 16, 4]"
35,"[12, 51]"
21,"[12, 51, 16]"
18,"[12, 51, 68]"
24,"[12, 51, 14]"
21,"[12, 51, 12]"
35,"[12, 51, 70]"
20,"[12, 51, 62]"
32,"[12, 51, 34]"
30,"[12, 51, 33]"
34,"[12, 51, 28]"
32,"[12, 51, 54]"
31,"[12, 51, 69]"
13,"[12, 51, 66]"
28,"[12, 51, 42]"
32,"[12, 51, 25]"
31,"[12, 51, 48]"
27,"[12, 51, 20]"
28,"[12, 51, 37]"
23,"[12, 51, 26]"
23,"[12, 51, 50]"
26,"[12, 51, 60]"
14,"[12, 51, 36]"
14,"[12, 51, 64]"
32,"[12, 51, 32]"
31,"[12, 51, 18]"
31,"[12, 51, 8]"
32,"[12, 51, 27]"
32,"[12, 51, 17]"
33,"[12, 51, 0]"
19,"[12, 51, 3]"
14,"[12, 51, 1]"
34,"[12, 51, 29]"
31,"[12, 51, 6]"
32,"[12, 51, 10]"
26,"[12, 51, 51]"
15,"[12, 51, 11]"
32,"[12, 51, 56]"
19,"[12, 51, 57]"
29,"[12, 51, 35]"
26,"[12, 51, 58]"
23,"[12, 51, 49]"
19,"[12, 51, 55]"
12,"[12, 51, 21]"
26,"[12, 51, 13]"
29,"[12, 51, 53]"
17,"[12, 51, 43]"
18,"[12, 51, 15]"
15,"[12, 51, 31]"
25,"[12, 51, 4]"
12,"[12, 51, 5]"
18,"[12, 51, 9]"
19,"[12, 51, 7]"
14,"[12, 51, 59]"
20,"[12, 68]"
19,"[12, 68, 70]"
16,"[12, 68, 34]"
16,"[12, 68, 33]"
16,"[12, 68, 28]"
16,"[12, 68, 54]"
15,"[12, 68, 69]"
12,"[12, 68, 42]"
16,"[12, 68, 25]"
15,"[12, 68, 48]"
13,"[12, 68, 20]"
12,"[12, 68, 37]"
12,"[12, 68, 50]"
13,"[12, 68, 60]"
15,"[12, 68, 32]"
14,"[12, 68, 18]"
14,"[12, 68, 8]"
14,"[12, 68, 27]"
14,"[12, 68, 17]"
15,"[12, 68, 0]"
16,"[12, 68, 29]"
15,"[12, 68, 6]"
14,"[12, 68, 10]"
15,"[12, 68, 56]"
13,"[12, 68, 35]"
12,"[12, 68, 49]"
15,"[12, 68, 53]"
28,"[12, 14]"
20,"[12, 14, 12]"
28,"[12, 14, 70]"
16,"[12, 14, 62]"
23,"[12, 14, 34]"
22,"[12, 14, 33]"
25,"[12, 14, 28]"
23,"[12, 14, 54]"
27,"[12, 14, 69]"
20,"[12, 14, 42]"
24,"[12, 14, 25]"
22,"[12, 14, 48]"
19,"[12, 14, 20]"
20,"[12, 14, 37]"
18,"[12, 14, 26]"
17,"[12, 14, 50]"
17,"[12, 14, 60]"
24,"[12, 14, 32]"
22,"[12, 14, 18]"
21,"[12, 14, 8]"
24,"[12, 14, 27]"
24,"[12, 14, 17]"
24,"[12, 14, 0]"
12,"[12, 14, 3]"
27,"[12, 14, 29]"
22,"[12, 14, 6]"
26,"[12, 14, 10]"
19,"[12, 14, 51]"
24,"[12, 14, 56]"
15,"[12, 14, 57]"
19,"[12, 14, 35]"
16,"[12, 14, 58]"
17,"[12, 14, 49]"
15,"[12, 14, 55]"
21,"[12, 14, 13]"
23,"[12, 14, 53]"
12,"[12, 14, 31]"
19,"[12, 14, 4]"
16,"[12, 14, 16]"
14,"[12, 14, 68]"
12,"[12, 14, 15]"
13,"[12, 14, 7]"
12,"[12, 14, 43]"
26,"[12, 12]"
24,"[12, 12, 70]"
21,"[12, 12, 34]"
20,"[12, 12, 33]"
21,"[12, 12, 28]"
20,"[12, 12, 54]"
20,"[12, 12, 69]"
24,"[12, 12, 42]"
20,"[12, 12, 25]"
20,"[12, 12, 48]"
16,"[12, 12, 20]"
17,"[12, 12, 37]"
15,"[12, 12, 26]"
14,"[12, 12, 50]"
15,"[12, 12, 60]"
22,"[12, 12, 32]"
19,"[12, 12, 18]"
19,"[12, 12, 8]"
20,"[12, 12, 27]"
22,"[12, 12, 17]"
22,"[12, 12, 0]"
12,"[12, 12, 3]"
22,"[12, 12, 29]"
18,"[12, 12, 6]"
22,"[12, 12, 10]"
14,"[12, 12, 12]"
22,"[12, 12, 51]"
21,"[12, 12, 56]"
17,"[12, 12, 35]"
14,"[12, 12, 58]"
14,"[12, 12, 43]"
13,"[12, 12, 15]"
14,"[12, 12, 14]"
19,"[12, 12, 13]"
21,"[12, 12, 53]"
17,"[12, 12, 4]"
12,"[12, 12, 16]"
35,"[12, 70]"
20,"[12, 70, 62]"
35,"[12, 70, 70]"
33,"[12, 70, 34]"
31,"[12, 70, 33]"
35,"[12, 70, 28]"
32,"[12, 70, 54]"
29,"[12, 70, 69]"
25,"[12, 70, 42]"
32,"[12, 70, 25]"
32,"[12, 70, 48]"
27,"[12, 70, 20]"
28,"[12, 70, 37]"
23,"[12, 70, 26]"
23,"[12, 70, 50]"
26,"[12, 70, 60]"
14,"[12, 70, 36]"
14,"[12, 70, 64]"
29,"[12, 70, 32]"
29,"[12, 70, 18]"
29,"[12, 70, 8]"
30,"[12, 70, 27]"
31,"[12, 70, 17]"
30,"[12, 70, 0]"
17,"[12, 70, 3]"
13,"[12, 70, 1]"
31,"[12, 70, 29]"
31,"[12, 70, 6]"
29,"[12, 70, 10]"
20,"[12, 70, 12]"
19,"[12, 70, 51]"
13,"[12, 70, 11]"
30,"[12, 70, 56]"
18,"[12, 70, 57]"
27,"[12, 70, 35]"
26,"[12, 70, 58]"
23,"[12, 70, 49]"
19,"[12, 70, 55]"
12,"[12, 70, 21]"
14,"[12, 70, 31]"
23,"[12, 70, 4]"
19,"[12, 70, 13]"
23,"[12, 70, 53]"
13,"[12, 70, 16]"
12,"[12, 70, 15]"
17,"[12, 70, 14]"
12,"[12, 70, 59]"
16,"[12, 70, 9]"
17,"[12, 70, 7]"
12,"[12, 70, 43]"
20,"[12, 62]"
19,"[12, 62, 70]"
14,"[12, 62, 62]"
14,"[12, 62, 34]"
15,"[12, 62, 33]"
17,"[12, 62, 28]"
17,"[12, 62, 54]"
15,"[12, 62, 69]"
15,"[12, 62, 25]"
16,"[12, 62, 48]"
13,"[12, 62, 20]"
13,"[12, 62, 37]"
13,"[12, 62, 50]"
13,"[12, 62, 64]"
13,"[12, 62, 32]"
12,"[12, 62, 18]"
13,"[12, 62, 8]"
13,"[12, 62, 27]"
14,"[12, 62, 17]"
16,"[12, 62, 0]"
18,"[12, 62, 29]"
16,"[12, 62, 6]"
14,"[12, 62, 10]"
13,"[12, 62, 56]"
12,"[12, 62, 35]"
13,"[12, 62, 49]"
13,"[12, 62, 53]"
33,"[12, 34]"
31,"[12, 34, 33]"
33,"[12, 34, 28]"
18,"[12, 34, 62]"
32,"[12, 34, 54]"
33,"[12, 34, 70]"
27,"[12, 34, 69]"
22,"[12, 34, 42]"
31,"[12, 34, 25]"
31,"[12, 34, 48]"
26,"[12, 34, 20]"
27,"[12, 34, 37]"
21,"[12, 34, 26]"
21,"[12, 34, 50]"
24,"[12, 34, 60]"
13,"[12, 34, 36]"
13,"[12, 34, 64]"
24,"[12, 34, 32]"
21,"[12, 34, 18]"
22,"[12, 34, 8]"
25,"[12, 34, 27]"
27,"[12, 34, 17]"
24,"[12, 34, 0]"
12,"[12, 34, 3]"
28,"[12, 34, 29]"
27,"[12, 34, 6]"
23,"[12, 34, 10]"
19,"[12, 34, 12]"
14,"[12, 34, 51]"
23,"[12, 34, 56]"
12,"[12, 34, 57]"
20,"[12, 34, 35]"
19,"[12, 34, 58]"
22,"[12, 34, 49]"
18,"[12, 34, 55]"
18,"[12, 34, 4]"
23,"[12, 34, 34]"
15,"[12, 34, 13]"
21,"[12, 34, 53]"
12,"[12, 34, 16]"
13,"[12, 34, 14]"
12,"[12, 34, 7]"
31,"[12, 33]"
30,"[12, 33, 28]"
22,"[12, 33, 33]"
18,"[12, 33, 62]"
29,"[12, 33, 54]"
31,"[12, 33, 70]"
25,"[12, 33, 69]"
21,"[12, 33, 42]"
30,"[12, 33, 25]"
28,"[12, 33, 48]"
25,"[12, 33, 20]"
25,"[12, 33, 37]"
19,"[12, 33, 26]"
19,"[12, 33, 50]"
20,"[12, 33, 60]"
12,"[12, 33, 36]"
13,"[12, 33, 64]"
23,"[12, 33, 32]"
20,"[12, 33, 18]"
20,"[12, 33, 8]"
24,"[12, 33, 27]"
25,"[12, 33, 17]"
23,"[12, 33, 0]"
12,"[12, 33, 3]"
28,"[12, 33, 29]"
25,"[12, 33, 6]"
21,"[12, 33, 10]"
19,"[12, 33, 12]"
13,"[12, 33, 51]"
21,"[12, 33, 56]"
18,"[12, 33, 35]"
17,"[12, 33, 58]"
19,"[12, 33, 49]"
16,"[12, 33, 55]"
18,"[12, 33, 4]"
20,"[12, 33, 34]"
15,"[12, 33, 13]"
20,"[12, 33, 53]"
35,"[12, 28]"
23,"[12, 28, 33]"
18,"[12, 28, 62]"
26,"[12, 28, 28]"
31,"[12, 28, 54]"
34,"[12, 28, 70]"
26,"[12, 28, 69]"
22,"[12, 28, 42]"
30,"[12, 28, 25]"
30,"[12, 28, 48]"
24,"[12, 28, 20]"
25,"[12, 28, 37]"
20,"[12, 28, 26]"
21,"[12, 28, 50]"
21,"[12, 28, 60]"
12,"[12, 28, 36]"
14,"[12, 28, 64]"
23,"[12, 28, 32]"
20,"[12, 28, 18]"
20,"[12, 28, 8]"
24,"[12, 28, 27]"
27,"[12, 28, 17]"
24,"[12, 28, 0]"
12,"[12, 28, 3]"
28,"[12, 28, 29]"
27,"[12, 28, 6]"
21,"[12, 28, 10]"
20,"[12, 28, 12]"
14,"[12, 28, 51]"
21,"[12, 28, 56]"
17,"[12, 28, 35]"
17,"[12, 28, 58]"
21,"[12, 28, 49]"
19,"[12, 28, 55]"
18,"[12, 28, 4]"
21,"[12, 28, 34]"
16,"[12, 28, 13]"
21,"[12, 28, 53]"
12,"[12, 28, 16]"
32,"[12, 54]"
16,"[12, 54, 62]"
25,"[12, 54, 28]"
28,"[12, 54, 54]"
32,"[12, 54, 70]"
23,"[12, 54, 69]"
19,"[12, 54, 42]"
22,"[12, 54, 25]"
25,"[12, 54, 48]"
22,"[12, 54, 20]"
20,"[12, 54, 37]"
17,"[12, 54, 26]"
17,"[12, 54, 50]"
19,"[12, 54, 60]"
12,"[12, 54, 36]"
12,"[12, 54, 64]"
21,"[12, 54, 32]"
18,"[12, 54, 18]"
20,"[12, 54, 8]"
22,"[12, 54, 27]"
26,"[12, 54, 17]"
23,"[12, 54, 0]"
26,"[12, 54, 29]"
25,"[12, 54, 6]"
19,"[12, 54, 10]"
18,"[12, 54, 12]"
19,"[12, 54, 56]"
14,"[12, 54, 35]"
13,"[12, 54, 58]"
20,"[12, 54, 49]"
17,"[12, 54, 55]"
13,"[12, 54, 13]"
15,"[12, 54, 53]"
21,"[12, 54, 33]"
17,"[12, 54, 4]"
20,"[12, 54, 34]"
35,"[12, 69]"
15,"[12, 69, 66]"
31,"[12, 69, 42]"
20,"[12, 69, 62]"
32,"[12, 69, 54]"
32,"[12, 69, 25]"
35,"[12, 69, 28]"
32,"[12, 69, 48]"
27,"[12, 69, 20]"
28,"[12, 69, 37]"
35,"[12, 69, 70]"
23,"[12, 69, 26]"
22,"[12, 69, 50]"
26,"[12, 69, 60]"
14,"[12, 69, 36]"
14,"[12, 69, 64]"
32,"[12, 69, 32]"
31,"[12, 69, 18]"
32,"[12, 69, 8]"
31,"[12, 69, 27]"
33,"[12, 69, 17]"
33,"[12, 69, 0]"
19,"[12, 69, 3]"
14,"[12, 69, 1]"
33,"[12, 69, 29]"
31,"[12, 69, 6]"
32,"[12, 69, 10]"
31,"[12, 69, 69]"
25,"[12, 69, 12]"
29,"[12, 69, 51]"
16,"[12, 69, 11]"
31,"[12, 69, 56]"
19,"[12, 69, 57]"
28,"[12, 69, 35]"
26,"[12, 69, 58]"
23,"[12, 69, 49]"
19,"[12, 69, 55]"
12,"[12, 69, 21]"
31,"[12, 69, 13]"
31,"[12, 69, 53]"
22,"[12, 69, 43]"
19,"[12, 69, 15]"
22,"[12, 69, 14]"
31,"[12, 69, 34]"
30,"[12, 69, 33]"
14,"[12, 69, 31]"
25,"[12, 69, 4]"
12,"[12, 69, 5]"
18,"[12, 69, 9]"
19,"[12, 69, 7]"
14,"[12, 69, 59]"
21,"[12, 69, 16]"
18,"[12, 69, 68]"
15,"[12, 66]"
13,"[12, 66, 42]"
12,"[12, 66, 62]"
13,"[12, 66, 54]"
12,"[12, 66, 25]"
14,"[12, 66, 28]"
12,"[12, 66, 37]"
15,"[12, 66, 70]"
12,"[12, 66, 32]"
12,"[12, 66, 18]"
12,"[12, 66, 8]"
12,"[12, 66, 0]"
12,"[12, 66, 29]"
12,"[12, 66, 10]"
13,"[12, 66, 69]"
12,"[12, 66, 51]"
12,"[12, 66, 56]"
12,"[12, 66, 35]"
12,"[12, 66, 58]"
13,"[12, 66, 13]"
14,"[12, 66, 53]"
32,"[12, 25]"
27,"[12, 25, 28]"
29,"[12, 25, 48]"
19,"[12, 25, 62]"
25,"[12, 25, 20]"
26,"[12, 25, 37]"
32,"[12, 25, 70]"
17,"[12, 25, 26]"
17,"[12, 25, 50]"
20,"[12, 25, 60]"
12,"[12, 25, 36]"
13,"[12, 25, 64]"
23,"[12, 25, 32]"
19,"[12, 25, 18]"
20,"[12, 25, 8]"
24,"[12, 25, 27]"
25,"[12, 25, 17]"
23,"[12, 25, 0]"
12,"[12, 25, 3]"
28,"[12, 25, 29]"
25,"[12, 25, 6]"
19,"[12, 25, 10]"
24,"[12, 25, 69]"
18,"[12, 25, 12]"
21,"[12, 25, 56]"
25,"[12, 25, 25]"
17,"[12, 25, 35]"
18,"[12, 25, 58]"
21,"[12, 25, 49]"
17,"[12, 25, 55]"
22,"[12, 25, 33]"
18,"[12, 25, 4]"
20,"[12, 25, 34]"
26,"[12, 25, 54]"
14,"[12, 25, 13]"
18,"[12, 25, 53]"
17,"[12, 25, 42]"
32,"[12, 48]"
15,"[12, 48, 62]"
27,"[12, 48, 48]"
21,"[12, 48, 20]"
23,"[12, 48, 37]"
32,"[12, 48, 70]"
18,"[12, 48, 26]"
18,"[12, 48, 50]"
21,"[12, 48, 60]"
22,"[12, 48, 32]"
17,"[12, 48, 18]"
19,"[12, 48, 8]"
23,"[12, 48, 27]"
26,"[12, 48, 17]"
24,"[12, 48, 0]"
27,"[12, 48, 29]"
26,"[12, 48, 6]"
19,"[12, 48, 10]"
24,"[12, 48, 69]"
18,"[12, 48, 12]"
20,"[12, 48, 56]"
24,"[12, 48, 25]"
25,"[12, 48, 28]"
13,"[12, 48, 35]"
14,"[12, 48, 58]"
19,"[12, 48, 49]"
19,"[12, 48, 55]"
18,"[12, 48, 33]"
19,"[12, 48, 4]"
18,"[12, 48, 34]"
27,"[12, 48, 54]"
12,"[12, 48, 13]"
15,"[12, 48, 53]"
18,"[12, 48, 42]"
27,"[12, 20]"
24,"[12, 20, 37]"
19,"[12, 20, 20]"
27,"[12, 20, 70]"
16,"[12, 20, 62]"
18,"[12, 20, 26]"
18,"[12, 20, 50]"
20,"[12, 20, 60]"
13,"[12, 20, 36]"
21,"[12, 20, 32]"
19,"[12, 20, 18]"
19,"[12, 20, 8]"
22,"[12, 20, 27]"
24,"[12, 20, 17]"
21,"[12, 20, 0]"
26,"[12, 20, 29]"
23,"[12, 20, 6]"
20,"[12, 20, 10]"
21,"[12, 20, 69]"
16,"[12, 20, 12]"
18,"[12, 20, 56]"
22,"[12, 20, 25]"
24,"[12, 20, 48]"
24,"[12, 20, 28]"
16,"[12, 20, 35]"
14,"[12, 20, 58]"
18,"[12, 20, 49]"
14,"[12, 20, 55]"
18,"[12, 20, 4]"
22,"[12, 20, 54]"
15,"[12, 20, 42]"
14,"[12, 20, 53]"
21,"[12, 20, 33]"
20,"[12, 20, 34]"
28,"[12, 37]"
16,"[12, 37, 20]"
28,"[12, 37, 70]"
14,"[12, 37, 62]"
18,"[12, 37, 26]"
15,"[12, 37, 50]"
24,"[12, 37, 60]"
12,"[12, 37, 36]"
19,"[12, 37, 32]"
17,"[12, 37, 18]"
17,"[12, 37, 8]"
21,"[12, 37, 27]"
24,"[12, 37, 17]"
21,"[12, 37, 0]"
24,"[12, 37, 29]"
23,"[12, 37, 6]"
18,"[12, 37, 10]"
18,"[12, 37, 69]"
14,"[12, 37, 12]"
16,"[12, 37, 56]"
21,"[12, 37, 25]"
23,"[12, 37, 48]"
23,"[12, 37, 28]"
14,"[12, 37, 35]"
12,"[12, 37, 58]"
17,"[12, 37, 49]"
17,"[12, 37, 55]"
18,"[12, 37, 4]"
21,"[12, 37, 54]"
13,"[12, 37, 42]"
18,"[12, 37, 33]"
17,"[12, 37, 34]"
13,"[12, 37, 37]"
23,"[12, 26]"
19,"[12, 26, 50]"
13,"[12, 26, 60]"
16,"[12, 26, 32]"
13,"[12, 26, 18]"
14,"[12, 26, 8]"
16,"[12, 26, 27]"
18,"[12, 26, 17]"
19,"[12, 26, 0]"
19,"[12, 26, 29]"
20,"[12, 26, 6]"
15,"[12, 26, 10]"
23,"[12, 26, 70]"
16,"[12, 26, 69]"
13,"[12, 26, 56]"
13,"[12, 26, 62]"
15,"[12, 26, 25]"
19,"[12, 26, 48]"
16,"[12, 26, 28]"
13,"[12, 26, 55]"
14,"[12, 26, 37]"
16,"[12, 26, 4]"
15,"[12, 26, 54]"
13,"[12, 26, 33]"
12,"[12, 26, 34]"
23,"[12, 50]"
13,"[12, 50, 60]"
15,"[12, 50, 32]"
13,"[12, 50, 18]"
14,"[12, 50, 8]"
15,"[12, 50, 27]"
18,"[12, 50, 17]"
17,"[12, 50, 0]"
19,"[12, 50, 29]"
18,"[12, 50, 6]"
14,"[12, 50, 10]"
23,"[12, 50, 70]"
17,"[12, 50, 69]"
13,"[12, 50, 56]"
14,"[12, 50, 62]"
13,"[12, 50, 25]"
19,"[12, 50, 48]"
16,"[12, 50, 28]"
14,"[12, 50, 49]"
14,"[12, 50, 55]"
14,"[12, 50, 37]"
15,"[12, 50, 4]"
16,"[12, 50, 54]"
13,"[12, 50, 33]"
12,"[12, 50, 34]"
26,"[12, 60]"
17,"[12, 60, 32]"
15,"[12, 60, 18]"
16,"[12, 60, 8]"
18,"[12, 60, 27]"
22,"[12, 60, 17]"
20,"[12, 60, 0]"
21,"[12, 60, 29]"
23,"[12, 60, 6]"
15,"[12, 60, 10]"
26,"[12, 60, 70]"
16,"[12, 60, 69]"
12,"[12, 60, 12]"
14,"[12, 60, 56]"
13,"[12, 60, 62]"
17,"[12, 60, 25]"
22,"[12, 60, 48]"
20,"[12, 60, 28]"
13,"[12, 60, 35]"
12,"[12, 60, 58]"
14,"[12, 60, 49]"
17,"[12, 60, 55]"
18,"[12, 60, 4]"
18,"[12, 60, 54]"
16,"[12, 60, 26]"
16,"[12, 60, 50]"
13,"[12, 60, 20]"
14,"[12, 60, 33]"
13,"[12, 60, 34]"
14,"[12, 36]"
12,"[12, 36, 27]"
12,"[12, 36, 17]"
12,"[12, 36, 0]"
13,"[12, 36, 29]"
13,"[12, 36, 6]"
14,"[12, 36, 70]"
13,"[12, 36, 62]"
13,"[12, 36, 28]"
12,"[12, 36, 49]"
14,"[12, 64]"
12,"[12, 64, 18]"
12,"[12, 64, 8]"
14,"[12, 64, 64]"
12,"[12, 64, 17]"
13,"[12, 64, 0]"
13,"[12, 64, 29]"
12,"[12, 64, 6]"
13,"[12, 64, 10]"
14,"[12, 64, 70]"
12,"[12, 64, 56]"
12,"[12, 64, 62]"
12,"[12, 64, 25]"
13,"[12, 64, 28]"
13,"[12, 64, 35]"
12,"[12, 64, 58]"
33,"[12, 32]"
31,"[12, 32, 18]"
31,"[12, 32, 8]"
12,"[12, 32, 64]"
31,"[12, 32, 27]"
31,"[12, 32, 17]"
30,"[12, 32, 0]"
18,"[12, 32, 3]"
14,"[12, 32, 1]"
33,"[12, 32, 29]"
29,"[12, 32, 6]"
31,"[12, 32, 10]"
33,"[12, 32, 70]"
27,"[12, 32, 69]"
17,"[12, 32, 12]"
15,"[12, 32, 51]"
16,"[12, 32, 11]"
31,"[12, 32, 56]"
20,"[12, 32, 57]"
16,"[12, 32, 62]"
29,"[12, 32, 25]"
30,"[12, 32, 48]"
31,"[12, 32, 28]"
27,"[12, 32, 35]"
24,"[12, 32, 58]"
20,"[12, 32, 49]"
18,"[12, 32, 55]"
15,"[12, 32, 31]"
24,"[12, 32, 4]"
26,"[12, 32, 34]"
26,"[12, 32, 33]"
18,"[12, 32, 26]"
17,"[12, 32, 50]"
24,"[12, 32, 37]"
22,"[12, 32, 60]"
12,"[12, 32, 5]"
28,"[12, 32, 54]"
14,"[12, 32, 13]"
17,"[12, 32, 53]"
19,"[12, 32, 42]"
18,"[12, 32, 9]"
17,"[12, 32, 7]"
14,"[12, 32, 59]"
12,"[12, 32, 14]"
22,"[12, 32, 20]"
19,"[12, 32, 32]"
32,"[12, 18]"
30,"[12, 18, 8]"
13,"[12, 18, 64]"
15,"[12, 18, 18]"
29,"[12, 18, 27]"
30,"[12, 18, 17]"
29,"[12, 18, 0]"
18,"[12, 18, 3]"
14,"[12, 18, 1]"
32,"[12, 18, 29]"
29,"[12, 18, 6]"
29,"[12, 18, 10]"
32,"[12, 18, 70]"
24,"[12, 18, 69]"
16,"[12, 18, 12]"
13,"[12, 18, 51]"
15,"[12, 18, 11]"
29,"[12, 18, 56]"
19,"[12, 18, 57]"
17,"[12, 18, 62]"
27,"[12, 18, 25]"
29,"[12, 18, 48]"
30,"[12, 18, 28]"
26,"[12, 18, 35]"
24,"[12, 18, 58]"
21,"[12, 18, 49]"
18,"[12, 18, 55]"
15,"[12, 18, 31]"
22,"[12, 18, 4]"
25,"[12, 18, 34]"
25,"[12, 18, 33]"
17,"[12, 18, 26]"
17,"[12, 18, 50]"
22,"[12, 18, 37]"
19,"[12, 18, 60]"
12,"[12, 18, 5]"
26,"[12, 18, 54]"
14,"[12, 18, 13]"
17,"[12, 18, 53]"
15,"[12, 18, 42]"
18,"[12, 18, 9]"
17,"[12, 18, 7]"
15,"[12, 18, 59]"
20,"[12, 18, 20]"
17,"[12, 18, 32]"
33,"[12, 8]"
13,"[12, 8, 64]"
20,"[12, 8, 8]"
18,"[12, 8, 18]"
31,"[12, 8, 27]"
31,"[12, 8, 17]"
31,"[12, 8, 0]"
17,"[12, 8, 3]"
13,"[12, 8, 1]"
33,"[12, 8, 29]"
29,"[12, 8, 6]"
30,"[12, 8, 10]"
32,"[12, 8, 70]"
26,"[12, 8, 69]"
17,"[12, 8, 12]"
15,"[12, 8, 51]"
15,"[12, 8, 11]"
30,"[12, 8, 56]"
19,"[12, 8, 57]"
16,"[12, 8, 62]"
28,"[12, 8, 25]"
29,"[12, 8, 48]"
31,"[12, 8, 28]"
27,"[12, 8, 35]"
24,"[12, 8, 58]"
20,"[12, 8, 49]"
17,"[12, 8, 55]"
22,"[12, 8, 4]"
26,"[12, 8, 34]"
26,"[12, 8, 33]"
18,"[12, 8, 26]"
15,"[12, 8, 50]"
21,"[12, 8, 37]"
19,"[12, 8, 60]"
24,"[12, 8, 54]"
16,"[12, 8, 13]"
18,"[12, 8, 53]"
15,"[12, 8, 42]"
19,"[12, 8, 9]"
17,"[12, 8, 7]"
14,"[12, 8, 59]"
13,"[12, 8, 14]"
20,"[12, 8, 20]"
18,"[12, 8, 32]"
32,"[12, 27]"
31,"[12, 27, 17]"
29,"[12, 27, 0]"
18,"[12, 27, 3]"
14,"[12, 27, 1]"
32,"[12, 27, 29]"
28,"[12, 27, 6]"
15,"[12, 27, 8]"
29,"[12, 27, 10]"
32,"[12, 27, 70]"
26,"[12, 27, 69]"
17,"[12, 27, 12]"
14,"[12, 27, 51]"
13,"[12, 27, 11]"
28,"[12, 27, 56]"
17,"[12, 27, 57]"
14,"[12, 27, 62]"
27,"[12, 27, 25]"
29,"[12, 27, 48]"
30,"[12, 27, 28]"
26,"[12, 27, 35]"
24,"[12, 27, 58]"
20,"[12, 27, 49]"
17,"[12, 27, 55]"
22,"[12, 27, 4]"
23,"[12, 27, 27]"
25,"[12, 27, 34]"
25,"[12, 27, 33]"
15,"[12, 27, 26]"
14,"[12, 27, 50]"
20,"[12, 27, 37]"
18,"[12, 27, 60]"
24,"[12, 27, 54]"
16,"[12, 27, 13]"
17,"[12, 27, 53]"
16,"[12, 27, 42]"
18,"[12, 27, 7]"
14,"[12, 27, 59]"
12,"[12, 27, 14]"
19,"[12, 27, 20]"
16,"[12, 27, 32]"
33,"[12, 17]"
29,"[12, 17, 0]"
17,"[12, 17, 3]"
14,"[12, 17, 1]"
32,"[12, 17, 29]"
29,"[12, 17, 6]"
16,"[12, 17, 8]"
28,"[12, 17, 10]"
33,"[12, 17, 70]"
26,"[12, 17, 69]"
17,"[12, 17, 12]"
13,"[12, 17, 51]"
13,"[12, 17, 11]"
28,"[12, 17, 56]"
17,"[12, 17, 57]"
14,"[12, 17, 62]"
27,"[12, 17, 25]"
30,"[12, 17, 48]"
30,"[12, 17, 28]"
24,"[12, 17, 17]"
25,"[12, 17, 35]"
23,"[12, 17, 58]"
20,"[12, 17, 49]"
17,"[12, 17, 55]"
23,"[12, 17, 4]"
24,"[12, 17, 27]"
25,"[12, 17, 34]"
25,"[12, 17, 33]"
16,"[12, 17, 26]"
15,"[12, 17, 50]"
20,"[12, 17, 37]"
18,"[12, 17, 60]"
24,"[12, 17, 54]"
16,"[12, 17, 13]"
17,"[12, 17, 53]"
16,"[12, 17, 42]"
18,"[12, 17, 7]"
13,"[12, 17, 59]"
19,"[12, 17, 20]"
17,"[12, 17, 32]"
34,"[12, 0]"
19,"[12, 0, 3]"
12,"[12, 0, 64]"
14,"[12, 0, 1]"
28,"[12, 0, 29]"
30,"[12, 0, 6]"
17,"[12, 0, 8]"
30,"[12, 0, 10]"
34,"[12, 0, 70]"
27,"[12, 0, 69]"
17,"[12, 0, 12]"
14,"[12, 0, 51]"
15,"[12, 0, 11]"
30,"[12, 0, 56]"
19,"[12, 0, 57]"
16,"[12, 0, 62]"
29,"[12, 0, 25]"
30,"[12, 0, 48]"
32,"[12, 0, 28]"
26,"[12, 0, 17]"
26,"[12, 0, 35]"
24,"[12, 0, 58]"
21,"[12, 0, 49]"
18,"[12, 0, 55]"
24,"[12, 0, 4]"
24,"[12, 0, 27]"
27,"[12, 0, 34]"
27,"[12, 0, 33]"
18,"[12, 0, 26]"
16,"[12, 0, 50]"
22,"[12, 0, 37]"
20,"[12, 0, 60]"
22,"[12, 0, 0]"
12,"[12, 0, 5]"
24,"[12, 0, 54]"
16,"[12, 0, 13]"
18,"[12, 0, 53]"
16,"[12, 0, 42]"
19,"[12, 0, 7]"
13,"[12, 0, 59]"
13,"[12, 0, 18]"
22,"[12, 0, 20]"
12,"[12, 0, 14]"
16,"[12, 0, 32]"
19,"[12, 3]"
12,"[12, 3, 1]"
15,"[12, 3, 29]"
18,"[12, 3, 6]"
16,"[12, 3, 10]"
18,"[12, 3, 70]"
13,"[12, 3, 69]"
17,"[12, 3, 56]"
16,"[12, 3, 25]"
17,"[12, 3, 48]"
17,"[12, 3, 28]"
13,"[12, 3, 17]"
14,"[12, 3, 35]"
14,"[12, 3, 58]"
14,"[12, 3, 49]"
12,"[12, 3, 55]"
14,"[12, 3, 7]"
14,"[12, 3, 4]"
14,"[12, 3, 34]"
15,"[12, 3, 33]"
14,"[12, 3, 54]"
12,"[12, 3, 0]"
13,"[12, 3, 37]"
12,"[12, 3, 27]"
12,"[12, 3, 20]"
14,"[12, 1]"
12,"[12, 1, 6]"
13,"[12, 1, 70]"
34,"[12, 29]"
29,"[12, 29, 6]"
14,"[12, 29, 8]"
29,"[12, 29, 10]"
33,"[12, 29, 70]"
26,"[12, 29, 69]"
17,"[12, 29, 12]"
13,"[12, 29, 51]"
13,"[12, 29, 64]"
15,"[12, 29, 11]"
29,"[12, 29, 56]"
19,"[12, 29, 57]"
16,"[12, 29, 62]"
28,"[12, 29, 25]"
30,"[12, 29, 48]"
31,"[12, 29, 28]"
23,"[12, 29, 17]"
26,"[12, 29, 35]"
23,"[12, 29, 58]"
21,"[12, 29, 49]"
18,"[12, 29, 55]"
23,"[12, 29, 4]"
26,"[12, 29, 34]"
26,"[12, 29, 33]"
17,"[12, 29, 26]"
14,"[12, 29, 50]"
21,"[12, 29, 37]"
19,"[12, 29, 60]"
23,"[12, 29, 29]"
26,"[12, 29, 0]"
13,"[12, 29, 1]"
12,"[12, 29, 5]"
24,"[12, 29, 54]"
16,"[12, 29, 13]"
18,"[12, 29, 53]"
16,"[12, 29, 42]"
12,"[12, 29, 3]"
18,"[12, 29, 7]"
13,"[12, 29, 59]"
20,"[12, 29, 27]"
20,"[12, 29, 20]"
14,"[12, 29, 32]"
31,"[12, 6]"
15,"[12, 6, 8]"
26,"[12, 6, 10]"
31,"[12, 6, 70]"
23,"[12, 6, 69]"
15,"[12, 6, 12]"
12,"[12, 6, 64]"
15,"[12, 6, 11]"
25,"[12, 6, 56]"
17,"[12, 6, 57]"
14,"[12, 6, 62]"
25,"[12, 6, 25]"
27,"[12, 6, 48]"
27,"[12, 6, 28]"
24,"[12, 6, 17]"
23,"[12, 6, 35]"
23,"[12, 6, 58]"
21,"[12, 6, 49]"
18,"[12, 6, 55]"
25,"[12, 6, 6]"
22,"[12, 6, 4]"
19,"[12, 6, 27]"
23,"[12, 6, 29]"
22,"[12, 6, 34]"
22,"[12, 6, 33]"
15,"[12, 6, 26]"
14,"[12, 6, 50]"
20,"[12, 6, 37]"
19,"[12, 6, 60]"
20,"[12, 6, 0]"
12,"[12, 6, 5]"
23,"[12, 6, 54]"
13,"[12, 6, 13]"
16,"[12, 6, 53]"
14,"[12, 6, 42]"
19,"[12, 6, 7]"
13,"[12, 6, 59]"
18,"[12, 6, 20]"
13,"[12, 6, 32]"
34,"[12, 10]"
33,"[12, 10, 70]"
26,"[12, 10, 69]"
18,"[12, 10, 12]"
16,"[12, 10, 51]"
14,"[12, 10, 64]"
16,"[12, 10, 11]"
31,"[12, 10, 56]"
20,"[12, 10, 57]"
17,"[12, 10, 62]"
28,"[12, 10, 25]"
29,"[12, 10, 48]"
32,"[12, 10, 28]"
23,"[12, 10, 17]"
29,"[12, 10, 35]"
26,"[12, 10, 58]"
21,"[12, 10, 49]"
17,"[12, 10, 55]"
25,"[12, 10, 6]"
26,"[12, 10, 34]"
26,"[12, 10, 33]"
18,"[12, 10, 26]"
15,"[12, 10, 50]"
20,"[12, 10, 37]"
19,"[12, 10, 60]"
26,"[12, 10, 29]"
22,"[12, 10, 0]"
20,"[12, 10, 4]"
25,"[12, 10, 54]"
16,"[12, 10, 13]"
19,"[12, 10, 53]"
18,"[12, 10, 42]"
22,"[12, 10, 10]"
15,"[12, 10, 59]"
15,"[12, 10, 8]"
13,"[12, 10, 14]"
14,"[12, 10, 18]"
20,"[12, 10, 27]"
12,"[12, 10, 7]"
20,"[12, 10, 20]"
15,"[12, 10, 32]"
16,"[12, 11]"
16,"[12, 11, 56]"
12,"[12, 11, 57]"
13,"[12, 11, 25]"
15,"[12, 11, 48]"
14,"[12, 11, 28]"
16,"[12, 11, 70]"
15,"[12, 11, 35]"
14,"[12, 11, 58]"
14,"[12, 11, 49]"
13,"[12, 11, 55]"
13,"[12, 11, 6]"
12,"[12, 11, 34]"
12,"[12, 11, 33]"
13,"[12, 11, 54]"
33,"[12, 56]"
20,"[12, 56, 57]"
17,"[12, 56, 62]"
27,"[12, 56, 25]"
29,"[12, 56, 48]"
31,"[12, 56, 28]"
22,"[12, 56, 17]"
32,"[12, 56, 70]"
13,"[12, 56, 64]"
28,"[12, 56, 35]"
26,"[12, 56, 58]"
20,"[12, 56, 49]"
17,"[12, 56, 55]"
24,"[12, 56, 6]"
24,"[12, 56, 69]"
20,"[12, 56, 27]"
24,"[12, 56, 29]"
18,"[12, 56, 4]"
20,"[12, 56, 10]"
24,"[12, 56, 56]"
26,"[12, 56, 34]"
26,"[12, 56, 33]"
18,"[12, 56, 26]"
16,"[12, 56, 50]"
21,"[12, 56, 37]"
19,"[12, 56, 60]"
20,"[12, 56, 0]"
24,"[12, 56, 54]"
13,"[12, 56, 13]"
15,"[12, 56, 53]"
14,"[12, 56, 12]"
15,"[12, 56, 42]"
15,"[12, 56, 59]"
13,"[12, 56, 14]"
13,"[12, 56, 51]"
12,"[12, 56, 18]"
14,"[12, 56, 8]"
20,"[12, 56, 20]"
14,"[12, 56, 32]"
20,"[12, 57]"
16,"[12, 57, 25]"
18,"[12, 57, 48]"
19,"[12, 57, 28]"
15,"[12, 57, 17]"
20,"[12, 57, 70]"
17,"[12, 57, 35]"
16,"[12, 57, 58]"
16,"[12, 57, 49]"
13,"[12, 57, 55]"
15,"[12, 57, 6]"
15,"[12, 57, 69]"
16,"[12, 57, 54]"
13,"[12, 57, 0]"
15,"[12, 57, 29]"
15,"[12, 57, 33]"
15,"[12, 57, 34]"
12,"[12, 57, 20]"
30,"[12, 35]"
27,"[12, 35, 58]"
17,"[12, 35, 62]"
19,"[12, 35, 49]"
13,"[12, 35, 64]"
30,"[12, 35, 70]"
26,"[12, 35, 48]"
15,"[12, 35, 55]"
19,"[12, 35, 17]"
21,"[12, 35, 6]"
23,"[12, 35, 69]"
15,"[12, 35, 27]"
21,"[12, 35, 29]"
12,"[12, 35, 4]"
13,"[12, 35, 10]"
16,"[12, 35, 56]"
15,"[12, 35, 35]"
23,"[12, 35, 34]"
23,"[12, 35, 33]"
29,"[12, 35, 28]"
24,"[12, 35, 25]"
15,"[12, 35, 26]"
14,"[12, 35, 50]"
17,"[12, 35, 37]"
15,"[12, 35, 60]"
15,"[12, 35, 0]"
23,"[12, 35, 54]"
13,"[12, 35, 13]"
15,"[12, 35, 53]"
14,"[12, 35, 12]"
14,"[12, 35, 42]"
15,"[12, 35, 59]"
17,"[12, 35, 20]"
12,"[12, 35, 32]"
27,"[12, 58]"
14,"[12, 58, 62]"
19,"[12, 58, 49]"
13,"[12, 58, 64]"
27,"[12, 58, 70]"
23,"[12, 58, 48]"
15,"[12, 58, 55]"
18,"[12, 58, 17]"
19,"[12, 58, 6]"
21,"[12, 58, 69]"
15,"[12, 58, 35]"
17,"[12, 58, 58]"
19,"[12, 58, 34]"
19,"[12, 58, 33]"
25,"[12, 58, 28]"
20,"[12, 58, 25]"
12,"[12, 58, 26]"
12,"[12, 58, 50]"
15,"[12, 58, 37]"
14,"[12, 58, 60]"
19,"[12, 58, 29]"
15,"[12, 58, 0]"
21,"[12, 58, 54]"
14,"[12, 58, 53]"
13,"[12, 58, 12]"
13,"[12, 58, 42]"
15,"[12, 58, 59]"
14,"[12, 58, 56]"
13,"[12, 58, 27]"
13,"[12, 58, 20]"
23,"[12, 49]"
21,"[12, 49, 70]"
16,"[12, 49, 49]"
18,"[12, 49, 48]"
17,"[12, 49, 55]"
17,"[12, 49, 17]"
16,"[12, 49, 6]"
15,"[12, 49, 69]"
14,"[12, 49, 28]"
14,"[12, 49, 33]"
14,"[12, 49, 27]"
17,"[12, 49, 29]"
15,"[12, 49, 0]"
17,"[12, 49, 54]"
12,"[12, 49, 12]"
12,"[12, 49, 34]"
19,"[12, 55]"
13,"[12, 55, 17]"
12,"[12, 55, 6]"
13,"[12, 55, 70]"
12,"[12, 55, 0]"
12,"[12, 55, 29]"
12,"[12, 21]"
12,"[12, 21, 70]"
34,"[12, 13]"
33,"[12, 13, 53]"
25,"[12, 13, 12]"
32,"[12, 13, 69]"
24,"[12, 13, 51]"
27,"[12, 13, 42]"
15,"[12, 13, 43]"
16,"[12, 13, 15]"
19,"[12, 13, 14]"
24,"[12, 13, 13]"
34,"[12, 13, 70]"
32,"[12, 13, 34]"
30,"[12, 13, 33]"
34,"[12, 13, 28]"
31,"[12, 13, 25]"
31,"[12, 13, 48]"
31,"[12, 13, 32]"
29,"[12, 13, 18]"
14,"[12, 13, 31]"
31,"[12, 13, 8]"
31,"[12, 13, 27]"
32,"[12, 13, 17]"
33,"[12, 13, 0]"
30,"[12, 13, 6]"
25,"[12, 13, 4]"
30,"[12, 13, 56]"
29,"[12, 13, 35]"
33,"[12, 13, 29]"
31,"[12, 13, 10]"
26,"[12, 13, 58]"
19,"[12, 13, 62]"
21,"[12, 13, 26]"
21,"[12, 13, 50]"
26,"[12, 13, 37]"
24,"[12, 13, 60]"
13,"[12, 13, 64]"
13,"[12, 13, 1]"
12,"[12, 13, 5]"
18,"[12, 13, 55]"
31,"[12, 13, 54]"
14,"[12, 13, 66]"
18,"[12, 13, 9]"
16,"[12, 13, 3]"
18,"[12, 13, 7]"
14,"[12, 13, 11]"
14,"[12, 13, 59]"
22,"[12, 13, 16]"
18,"[12, 13, 68]"
17,"[12, 13, 57]"
22,"[12, 13, 49]"
26,"[12, 13, 20]"
13,"[12, 13, 36]"
34,"[12, 53]"
22,"[12, 53, 12]"
32,"[12, 53, 69]"
24,"[12, 53, 51]"
24,"[12, 53, 42]"
12,"[12, 53, 43]"
15,"[12, 53, 15]"
16,"[12, 53, 14]"
24,"[12, 53, 13]"
28,"[12, 53, 53]"
33,"[12, 53, 70]"
31,"[12, 53, 34]"
29,"[12, 53, 33]"
32,"[12, 53, 28]"
30,"[12, 53, 25]"
30,"[12, 53, 48]"
30,"[12, 53, 32]"
28,"[12, 53, 18]"
13,"[12, 53, 31]"
30,"[12, 53, 8]"
30,"[12, 53, 27]"
31,"[12, 53, 17]"
31,"[12, 53, 0]"
29,"[12, 53, 6]"
23,"[12, 53, 4]"
28,"[12, 53, 56]"
27,"[12, 53, 35]"
32,"[12, 53, 29]"
29,"[12, 53, 10]"
25,"[12, 53, 58]"
17,"[12, 53, 62]"
19,"[12, 53, 26]"
19,"[12, 53, 50]"
26,"[12, 53, 37]"
23,"[12, 53, 60]"
12,"[12, 53, 64]"
12,"[12, 53, 1]"
12,"[12, 53, 5]"
18,"[12, 53, 55]"
31,"[12, 53, 54]"
12,"[12, 53, 66]"
18,"[12, 53, 9]"
17,"[12, 53, 3]"
18,"[12, 53, 7]"
14,"[12, 53, 11]"
14,"[12, 53, 59]"
17,"[12, 53, 16]"
14,"[12, 53, 68]"
16,"[12, 53, 57]"
22,"[12, 53, 49]"
25,"[12, 53, 20]"
12,"[12, 53, 36]"
26,"[12, 43]"
15,"[12, 43, 15]"
21,"[12, 43, 14]"
23,"[12, 43, 51]"
22,"[12, 43, 13]"
24,"[12, 43, 53]"
26,"[12, 43, 70]"
24,"[12, 43, 34]"
23,"[12, 43, 33]"
25,"[12, 43, 28]"
23,"[12, 43, 25]"
22,"[12, 43, 48]"
23,"[12, 43, 69]"
23,"[12, 43, 32]"
23,"[12, 43, 18]"
14,"[12, 43, 31]"
24,"[12, 43, 8]"
23,"[12, 43, 27]"
24,"[12, 43, 17]"
25,"[12, 43, 0]"
23,"[12, 43, 6]"
20,"[12, 43, 4]"
23,"[12, 43, 56]"
21,"[12, 43, 35]"
25,"[12, 43, 29]"
25,"[12, 43, 10]"
19,"[12, 43, 58]"
15,"[12, 43, 62]"
17,"[12, 43, 26]"
16,"[12, 43, 50]"
20,"[12, 43, 37]"
18,"[12, 43, 60]"
14,"[12, 43, 55]"
23,"[12, 43, 54]"
19,"[12, 43, 12]"
21,"[12, 43, 42]"
15,"[12, 43, 9]"
12,"[12, 43, 3]"
13,"[12, 43, 7]"
13,"[12, 43, 57]"
19,"[12, 43, 20]"
16,"[12, 43, 49]"
15,"[12, 43, 16]"
14,"[12, 43, 43]"
13,"[12, 43, 68]"
15,"[12, 31]"
13,"[12, 31, 8]"
13,"[12, 31, 27]"
13,"[12, 31, 17]"
15,"[12, 31, 0]"
14,"[12, 31, 6]"
14,"[12, 31, 4]"
13,"[12, 31, 56]"
12,"[12, 31, 35]"
15,"[12, 31, 29]"
13,"[12, 31, 10]"
15,"[12, 31, 70]"
13,"[12, 31, 34]"
13,"[12, 31, 33]"
14,"[12, 31, 28]"
12,"[12, 31, 25]"
14,"[12, 31, 48]"
12,"[12, 31, 69]"
13,"[12, 31, 54]"
12,"[12, 31, 49]"
25,"[12, 4]"
17,"[12, 4, 56]"
15,"[12, 4, 35]"
14,"[12, 4, 17]"
14,"[12, 4, 27]"
19,"[12, 4, 29]"
14,"[12, 4, 4]"
19,"[12, 4, 10]"
13,"[12, 4, 58]"
24,"[12, 4, 70]"
14,"[12, 4, 34]"
15,"[12, 4, 33]"
19,"[12, 4, 28]"
17,"[12, 4, 25]"
19,"[12, 4, 48]"
13,"[12, 4, 26]"
14,"[12, 4, 37]"
12,"[12, 4, 60]"
16,"[12, 4, 69]"
16,"[12, 4, 0]"
12,"[12, 4, 5]"
18,"[12, 4, 6]"
14,"[12, 4, 55]"
17,"[12, 4, 54]"
13,"[12, 4, 12]"
12,"[12, 4, 42]"
14,"[12, 4, 20]"
13,"[12, 4, 49]"
12,"[12, 5]"
12,"[12, 5, 70]"
19,"[12, 9]"
17,"[12, 9, 27]"
18,"[12, 9, 17]"
19,"[12, 9, 29]"
19,"[12, 9, 0]"
12,"[12, 9, 3]"
19,"[12, 9, 6]"
15,"[12, 9, 7]"
13,"[12, 9, 4]"
18,"[12, 9, 10]"
13,"[12, 9, 11]"
19,"[12, 9, 56]"
17,"[12, 9, 35]"
16,"[12, 9, 58]"
19,"[12, 9, 70]"
16,"[12, 9, 34]"
16,"[12, 9, 33]"
19,"[12, 9, 28]"
16,"[12, 9, 25]"
17,"[12, 9, 48]"
15,"[12, 9, 54]"
13,"[12, 9, 37]"
14,"[12, 9, 69]"
13,"[12, 9, 57]"
15,"[12, 9, 49]"
12,"[12, 9, 20]"
19,"[12, 7]"
13,"[12, 7, 4]"
14,"[12, 7, 10]"
14,"[12, 7, 56]"
14,"[12, 7, 35]"
14,"[12, 7, 58]"
19,"[12, 7, 70]"
14,"[12, 7, 34]"
14,"[12, 7, 33]"
17,"[12, 7, 28]"
15,"[12, 7, 25]"
16,"[12, 7, 48]"
15,"[12, 7, 54]"
14,"[12, 7, 37]"
13,"[12, 7, 60]"
12,"[12, 7, 55]"
14,"[12, 7, 6]"
15,"[12, 7, 49]"
14,"[12, 7, 69]"
14,"[12, 7, 17]"
13,"[12, 7, 29]"
15,"[12, 59]"
15,"[12, 59, 70]"
13,"[12, 59, 28]"
12,"[12, 59, 48]"
13,"[12, 59, 49]"
37,[42]
22,"[42, 15]"
18,"[42, 15, 16]"
17,"[42, 15, 51]"
15,"[42, 15, 68]"
17,"[42, 15, 14]"
15,"[42, 15, 12]"
22,"[42, 15, 70]"
15,"[42, 15, 62]"
19,"[42, 15, 34]"
19,"[42, 15, 33]"
20,"[42, 15, 28]"
20,"[42, 15, 54]"
22,"[42, 15, 69]"
19,"[42, 15, 42]"
20,"[42, 15, 25]"
17,"[42, 15, 48]"
14,"[42, 15, 20]"
16,"[42, 15, 37]"
14,"[42, 15, 26]"
13,"[42, 15, 50]"
14,"[42, 15, 60]"
19,"[42, 15, 32]"
18,"[42, 15, 18]"
18,"[42, 15, 8]"
18,"[42, 15, 27]"
18,"[42, 15, 17]"
20,"[42, 15, 0]"
21,"[42, 15, 29]"
17,"[42, 15, 6]"
19,"[42, 15, 10]"
21,"[42, 15, 56]"
17,"[42, 15, 35]"
14,"[42, 15, 58]"
14,"[42, 15, 49]"
18,"[42, 15, 13]"
17,"[42, 15, 53]"
15,"[42, 15, 4]"
26,"[42, 16]"
19,"[42, 16, 51]"
14,"[42, 16, 16]"
20,"[42, 16, 68]"
17,"[42, 16, 14]"
18,"[42, 16, 12]"
26,"[42, 16, 70]"
15,"[42, 16, 62]"
25,"[42, 16, 34]"
25,"[42, 16, 33]"
25,"[42, 16, 28]"
24,"[42, 16, 54]"
24,"[42, 16, 69]"
22,"[42, 16, 42]"
23,"[42, 16, 25]"
22,"[42, 16, 48]"
20,"[42, 16, 20]"
19,"[42, 16, 37]"
17,"[42, 16, 26]"
15,"[42, 16, 50]"
16,"[42, 16, 60]"
12,"[42, 16, 36]"
12,"[42, 16, 64]"
23,"[42, 16, 32]"
23,"[42, 16, 18]"
24,"[42, 16, 8]"
22,"[42, 16, 27]"
23,"[42, 16, 17]"
23,"[42, 16, 0]"
24,"[42, 16, 29]"
20,"[42, 16, 6]"
23,"[42, 16, 10]"
21,"[42, 16, 56]"
20,"[42, 16, 35]"
17,"[42, 16, 58]"
15,"[42, 16, 49]"
12,"[42, 16, 55]"
24,"[42, 16, 53]"
18,"[42, 16, 13]"
12,"[42, 16, 15]"
13,"[42, 16, 43]"
14,"[42, 16, 9]"
17,"[42, 16, 4]"
37,"[42, 51]"
22,"[42, 51, 16]"
19,"[42, 51, 68]"
26,"[42, 51, 14]"
22,"[42, 51, 12]"
37,"[42, 51, 70]"
20,"[42, 51, 62]"
34,"[42, 51, 34]"
32,"[42, 51, 33]"
36,"[42, 51, 28]"
34,"[42, 51, 54]"
34,"[42, 51, 69]"
13,"[42, 51, 66]"
29,"[42, 51, 42]"
34,"[42, 51, 25]"
33,"[42, 51, 48]"
28,"[42, 51, 20]"
29,"[42, 51, 37]"
24,"[42, 51, 26]"
24,"[42, 51, 50]"
26,"[42, 51, 60]"
14,"[42, 51, 36]"
14,"[42, 51, 64]"
34,"[42, 51, 32]"
33,"[42, 51, 18]"
33,"[42, 51, 8]"
33,"[42, 51, 27]"
34,"[42, 51, 17]"
35,"[42, 51, 0]"
20,"[42, 51, 3]"
15,"[42, 51, 1]"
36,"[42, 51, 29]"
33,"[42, 51, 6]"
34,"[42, 51, 10]"
28,"[42, 51, 51]"
16,"[42, 51, 11]"
33,"[42, 51, 56]"
19,"[42, 51, 57]"
30,"[42, 51, 35]"
27,"[42, 51, 58]"
24,"[42, 51, 49]"
21,"[42, 51, 55]"
13,"[42, 51, 21]"
29,"[42, 51, 13]"
32,"[42, 51, 53]"
17,"[42, 51, 43]"
19,"[42, 51, 15]"
15,"[42, 51, 31]"
27,"[42, 51, 4]"
12,"[42, 51, 39]"
12,"[42, 51, 5]"
19,"[42, 51, 9]"
21,"[42, 51, 7]"
14,"[42, 51, 59]"
22,"[42, 68]"
21,"[42, 68, 70]"
18,"[42, 68, 34]"
18,"[42, 68, 33]"
18,"[42, 68, 28]"
18,"[42, 68, 54]"
17,"[42, 68, 69]"
13,"[42, 68, 42]"
18,"[42, 68, 25]"
17,"[42, 68, 48]"
14,"[42, 68, 20]"
14,"[42, 68, 37]"
13,"[42, 68, 26]"
13,"[42, 68, 50]"
14,"[42, 68, 60]"
17,"[42, 68, 32]"
16,"[42, 68, 18]"
16,"[42, 68, 8]"
16,"[42, 68, 27]"
16,"[42, 68, 17]"
17,"[42, 68, 0]"
18,"[42, 68, 29]"
17,"[42, 68, 6]"
16,"[42, 68, 10]"
12,"[42, 68, 51]"
16,"[42, 68, 56]"
15,"[42, 68, 35]"
13,"[42, 68, 58]"
13,"[42, 68, 49]"
16,"[42, 68, 53]"
13,"[42, 68, 4]"
30,"[42, 14]"
20,"[42, 14, 12]"
30,"[42, 14, 70]"
15,"[42, 14, 62]"
26,"[42, 14, 34]"
25,"[42, 14, 33]"
27,"[42, 14, 28]"
26,"[42, 14, 54]"
29,"[42, 14, 69]"
20,"[42, 14, 42]"
26,"[42, 14, 25]"
24,"[42, 14, 48]"
19,"[42, 14, 20]"
21,"[42, 14, 37]"
19,"[42, 14, 26]"
17,"[42, 14, 50]"
17,"[42, 14, 60]"
12,"[42, 14, 64]"
26,"[42, 14, 32]"
24,"[42, 14, 18]"
23,"[42, 14, 8]"
25,"[42, 14, 27]"
26,"[42, 14, 17]"
26,"[42, 14, 0]"
13,"[42, 14, 3]"
12,"[42, 14, 1]"
29,"[42, 14, 29]"
24,"[42, 14, 6]"
28,"[42, 14, 10]"
21,"[42, 14, 51]"
25,"[42, 14, 56]"
14,"[42, 14, 57]"
20,"[42, 14, 35]"
17,"[42, 14, 58]"
17,"[42, 14, 49]"
17,"[42, 14, 55]"
23,"[42, 14, 13]"
25,"[42, 14, 53]"
21,"[42, 14, 4]"
13,"[42, 14, 15]"
12,"[42, 14, 43]"
15,"[42, 14, 7]"
17,"[42, 14, 16]"
14,"[42, 14, 68]"
12,"[42, 14, 14]"
26,"[42, 12]"
24,"[42, 12, 70]"
21,"[42, 12, 34]"
20,"[42, 12, 33]"
20,"[42, 12, 28]"
21,"[42, 12, 54]"
21,"[42, 12, 69]"
24,"[42, 12, 42]"
20,"[42, 12, 25]"
19,"[42, 12, 48]"
15,"[42, 12, 20]"
17,"[42, 12, 37]"
15,"[42, 12, 26]"
13,"[42, 12, 50]"
15,"[42, 12, 60]"
22,"[42, 12, 32]"
19,"[42, 12, 18]"
18,"[42, 12, 8]"
20,"[42, 12, 27]"
21,"[42, 12, 17]"
21,"[42, 12, 0]"
12,"[42, 12, 3]"
22,"[42, 12, 29]"
18,"[42, 12, 6]"
21,"[42, 12, 10]"
13,"[42, 12, 12]"
22,"[42, 12, 51]"
21,"[42, 12, 56]"
16,"[42, 12, 35]"
13,"[42, 12, 58]"
14,"[42, 12, 43]"
13,"[42, 12, 15]"
14,"[42, 12, 14]"
19,"[42, 12, 13]"
21,"[42, 12, 53]"
17,"[42, 12, 4]"
12,"[42, 12, 16]"
37,"[42, 70]"
20,"[42, 70, 62]"
37,"[42, 70, 70]"
35,"[42, 70, 34]"
33,"[42, 70, 33]"
37,"[42, 70, 28]"
34,"[42, 70, 54]"
31,"[42, 70, 69]"
25,"[42, 70, 42]"
34,"[42, 70, 25]"
34,"[42, 70, 48]"
28,"[42, 70, 20]"
29,"[42, 70, 37]"
24,"[42, 70, 26]"
24,"[42, 70, 50]"
26,"[42, 70, 60]"
14,"[42, 70, 36]"
14,"[42, 70, 64]"
30,"[42, 70, 32]"
30,"[42, 70, 18]"
30,"[42, 70, 8]"
31,"[42, 70, 27]"
33,"[42, 70, 17]"
32,"[42, 70, 0]"
18,"[42, 70, 3]"
14,"[42, 70, 1]"
33,"[42, 70, 29]"
33,"[42, 70, 6]"
31,"[42, 70, 10]"
20,"[42, 70, 12]"
20,"[42, 70, 51]"
14,"[42, 70, 11]"
31,"[42, 70, 56]"
18,"[42, 70, 57]"
28,"[42, 70, 35]"
27,"[42, 70, 58]"
24,"[42, 70, 49]"
21,"[42, 70, 55]"
13,"[42, 70, 21]"
14,"[42, 70, 31]"
25,"[42, 70, 4]"
20,"[42, 70, 13]"
24,"[42, 70, 53]"
14,"[42, 70, 16]"
12,"[42, 70, 15]"
18,"[42, 70, 14]"
12,"[42, 70, 59]"
17,"[42, 70, 9]"
19,"[42, 70, 7]"
12,"[42, 70, 43]"
20,"[42, 62]"
19,"[42, 62, 70]"
14,"[42, 62, 62]"
14,"[42, 62, 34]"
15,"[42, 62, 33]"
17,"[42, 62, 28]"
17,"[42, 62, 54]"
15,"[42, 62, 69]"
15,"[42, 62, 25]"
16,"[42, 62, 48]"
13,"[42, 62, 20]"
13,"[42, 62, 37]"
13,"[42, 62, 50]"
13,"[42, 62, 64]"
13,"[42, 62, 32]"
12,"[42, 62, 18]"
13,"[42, 62, 8]"
13,"[42, 62, 27]"
14,"[42, 62, 17]"
16,"[42, 62, 0]"
18,"[42, 62, 29]"
16,"[42, 62, 6]"
14,"[42, 62, 10]"
13,"[42, 62, 56]"
12,"[42, 62, 35]"
13,"[42, 62, 49]"
13,"[42, 62, 53]"
35,"[42, 34]"
33,"[42, 34, 33]"
35,"[42, 34, 28]"
18,"[42, 34, 62]"
34,"[42, 34, 54]"
35,"[42, 34, 70]"
28,"[42, 34, 69]"
22,"[42, 34, 42]"
33,"[42, 34, 25]"
33,"[42, 34, 48]"
27,"[42, 34, 20]"
28,"[42, 34, 37]"
22,"[42, 34, 26]"
22,"[42, 34, 50]"
24,"[42, 34, 60]"
13,"[42, 34, 36]"
13,"[42, 34, 64]"
24,"[42, 34, 32]"
22,"[42, 34, 18]"
22,"[42, 34, 8]"
26,"[42, 34, 27]"
29,"[42, 34, 17]"
25,"[42, 34, 0]"
13,"[42, 34, 3]"
12,"[42, 34, 1]"
30,"[42, 34, 29]"
29,"[42, 34, 6]"
24,"[42, 34, 10]"
19,"[42, 34, 12]"
15,"[42, 34, 51]"
23,"[42, 34, 56]"
12,"[42, 34, 57]"
21,"[42, 34, 35]"
20,"[42, 34, 58]"
23,"[42, 34, 49]"
20,"[42, 34, 55]"
20,"[42, 34, 4]"
24,"[42, 34, 34]"
15,"[42, 34, 13]"
21,"[42, 34, 53]"
12,"[42, 34, 16]"
14,"[42, 34, 14]"
13,"[42, 34, 7]"
33,"[42, 33]"
32,"[42, 33, 28]"
24,"[42, 33, 33]"
18,"[42, 33, 62]"
31,"[42, 33, 54]"
33,"[42, 33, 70]"
26,"[42, 33, 69]"
21,"[42, 33, 42]"
32,"[42, 33, 25]"
30,"[42, 33, 48]"
26,"[42, 33, 20]"
26,"[42, 33, 37]"
20,"[42, 33, 26]"
20,"[42, 33, 50]"
20,"[42, 33, 60]"
12,"[42, 33, 36]"
13,"[42, 33, 64]"
23,"[42, 33, 32]"
21,"[42, 33, 18]"
20,"[42, 33, 8]"
25,"[42, 33, 27]"
27,"[42, 33, 17]"
24,"[42, 33, 0]"
13,"[42, 33, 3]"
30,"[42, 33, 29]"
27,"[42, 33, 6]"
22,"[42, 33, 10]"
19,"[42, 33, 12]"
14,"[42, 33, 51]"
21,"[42, 33, 56]"
19,"[42, 33, 35]"
18,"[42, 33, 58]"
20,"[42, 33, 49]"
18,"[42, 33, 55]"
20,"[42, 33, 4]"
21,"[42, 33, 34]"
15,"[42, 33, 13]"
20,"[42, 33, 53]"
12,"[42, 33, 14]"
37,"[42, 28]"
25,"[42, 28, 33]"
18,"[42, 28, 62]"
27,"[42, 28, 28]"
33,"[42, 28, 54]"
36,"[42, 28, 70]"
27,"[42, 28, 69]"
22,"[42, 28, 42]"
32,"[42, 28, 25]"
31,"[42, 28, 48]"
24,"[42, 28, 20]"
26,"[42, 28, 37]"
21,"[42, 28, 26]"
22,"[42, 28, 50]"
21,"[42, 28, 60]"
12,"[42, 28, 36]"
14,"[42, 28, 64]"
23,"[42, 28, 32]"
21,"[42, 28, 18]"
20,"[42, 28, 8]"
25,"[42, 28, 27]"
29,"[42, 28, 17]"
25,"[42, 28, 0]"
13,"[42, 28, 3]"
30,"[42, 28, 29]"
29,"[42, 28, 6]"
22,"[42, 28, 10]"
20,"[42, 28, 12]"
15,"[42, 28, 51]"
21,"[42, 28, 56]"
18,"[42, 28, 35]"
18,"[42, 28, 58]"
22,"[42, 28, 49]"
21,"[42, 28, 55]"
20,"[42, 28, 4]"
21,"[42, 28, 34]"
16,"[42, 28, 13]"
21,"[42, 28, 53]"
12,"[42, 28, 16]"
12,"[42, 28, 14]"
34,"[42, 54]"
16,"[42, 54, 62]"
25,"[42, 54, 28]"
29,"[42, 54, 54]"
34,"[42, 54, 70]"
24,"[42, 54, 69]"
19,"[42, 54, 42]"
23,"[42, 54, 25]"
26,"[42, 54, 48]"
22,"[42, 54, 20]"
21,"[42, 54, 37]"
17,"[42, 54, 26]"
17,"[42, 54, 50]"
19,"[42, 54, 60]"
12,"[42, 54, 36]"
12,"[42, 54, 64]"
21,"[42, 54, 32]"
19,"[42, 54, 18]"
20,"[42, 54, 8]"
23,"[42, 54, 27]"
28,"[42, 54, 17]"
24,"[42, 54, 0]"
12,"[42, 54, 3]"
28,"[42, 54, 29]"
27,"[42, 54, 6]"
19,"[42, 54, 10]"
18,"[42, 54, 12]"
12,"[42, 54, 51]"
19,"[42, 54, 56]"
14,"[42, 54, 35]"
13,"[42, 54, 58]"
21,"[42, 54, 49]"
19,"[42, 54, 55]"
13,"[42, 54, 13]"
15,"[42, 54, 53]"
23,"[42, 54, 33]"
19,"[42, 54, 4]"
20,"[42, 54, 34]"
36,"[42, 69]"
14,"[42, 69, 66]"
31,"[42, 69, 42]"
19,"[42, 69, 62]"
33,"[42, 69, 54]"
33,"[42, 69, 25]"
35,"[42, 69, 28]"
33,"[42, 69, 48]"
26,"[42, 69, 20]"
27,"[42, 69, 37]"
36,"[42, 69, 70]"
22,"[42, 69, 26]"
21,"[42, 69, 50]"
25,"[42, 69, 60]"
14,"[42, 69, 36]"
14,"[42, 69, 64]"
32,"[42, 69, 32]"
32,"[42, 69, 18]"
32,"[42, 69, 8]"
31,"[42, 69, 27]"
34,"[42, 69, 17]"
34,"[42, 69, 0]"
19,"[42, 69, 3]"
14,"[42, 69, 1]"
34,"[42, 69, 29]"
32,"[42, 69, 6]"
32,"[42, 69, 10]"
33,"[42, 69, 69]"
25,"[42, 69, 12]"
29,"[42, 69, 51]"
15,"[42, 69, 11]"
31,"[42, 69, 56]"
18,"[42, 69, 57]"
27,"[42, 69, 35]"
25,"[42, 69, 58]"
23,"[42, 69, 49]"
20,"[42, 69, 55]"
12,"[42, 69, 21]"
21,"[42, 69, 43]"
19,"[42, 69, 15]"
23,"[42, 69, 14]"
31,"[42, 69, 13]"
31,"[42, 69, 53]"
32,"[42, 69, 34]"
32,"[42, 69, 33]"
13,"[42, 69, 31]"
26,"[42, 69, 4]"
17,"[42, 69, 9]"
19,"[42, 69, 7]"
13,"[42, 69, 59]"
21,"[42, 69, 16]"
17,"[42, 69, 68]"
14,"[42, 66]"
13,"[42, 66, 42]"
13,"[42, 66, 54]"
13,"[42, 66, 28]"
14,"[42, 66, 70]"
13,"[42, 66, 69]"
12,"[42, 66, 13]"
13,"[42, 66, 53]"
31,"[42, 42]"
15,"[42, 42, 62]"
28,"[42, 42, 54]"
28,"[42, 42, 25]"
28,"[42, 42, 28]"
26,"[42, 42, 48]"
24,"[42, 42, 20]"
24,"[42, 42, 37]"
30,"[42, 42, 70]"
18,"[42, 42, 26]"
16,"[42, 42, 50]"
20,"[42, 42, 60]"
28,"[42, 42, 32]"
26,"[42, 42, 18]"
26,"[42, 42, 8]"
26,"[42, 42, 27]"
28,"[42, 42, 17]"
28,"[42, 42, 0]"
16,"[42, 42, 3]"
12,"[42, 42, 1]"
28,"[42, 42, 29]"
24,"[42, 42, 6]"
27,"[42, 42, 10]"
26,"[42, 42, 69]"
17,"[42, 42, 12]"
26,"[42, 42, 51]"
12,"[42, 42, 11]"
27,"[42, 42, 56]"
13,"[42, 42, 57]"
23,"[42, 42, 35]"
20,"[42, 42, 58]"
16,"[42, 42, 49]"
15,"[42, 42, 55]"
19,"[42, 42, 42]"
17,"[42, 42, 43]"
17,"[42, 42, 15]"
19,"[42, 42, 14]"
21,"[42, 42, 13]"
24,"[42, 42, 53]"
27,"[42, 42, 34]"
28,"[42, 42, 33]"
21,"[42, 42, 4]"
12,"[42, 42, 9]"
14,"[42, 42, 7]"
16,"[42, 42, 16]"
12,"[42, 42, 68]"
34,"[42, 25]"
28,"[42, 25, 28]"
30,"[42, 25, 48]"
19,"[42, 25, 62]"
25,"[42, 25, 20]"
27,"[42, 25, 37]"
34,"[42, 25, 70]"
18,"[42, 25, 26]"
18,"[42, 25, 50]"
20,"[42, 25, 60]"
12,"[42, 25, 36]"
13,"[42, 25, 64]"
23,"[42, 25, 32]"
20,"[42, 25, 18]"
20,"[42, 25, 8]"
25,"[42, 25, 27]"
27,"[42, 25, 17]"
24,"[42, 25, 0]"
13,"[42, 25, 3]"
12,"[42, 25, 1]"
30,"[42, 25, 29]"
27,"[42, 25, 6]"
20,"[42, 25, 10]"
25,"[42, 25, 69]"
18,"[42, 25, 12]"
12,"[42, 25, 51]"
21,"[42, 25, 56]"
26,"[42, 25, 25]"
18,"[42, 25, 35]"
19,"[42, 25, 58]"
22,"[42, 25, 49]"
19,"[42, 25, 55]"
24,"[42, 25, 33]"
20,"[42, 25, 4]"
20,"[42, 25, 34]"
28,"[42, 25, 54]"
14,"[42, 25, 13]"
18,"[42, 25, 53]"
17,"[42, 25, 42]"
34,"[42, 48]"
15,"[42, 48, 62]"
28,"[42, 48, 48]"
21,"[42, 48, 20]"
24,"[42, 48, 37]"
34,"[42, 48, 70]"
18,"[42, 48, 26]"
18,"[42, 48, 50]"
21,"[42, 48, 60]"
22,"[42, 48, 32]"
18,"[42, 48, 18]"
19,"[42, 48, 8]"
24,"[42, 48, 27]"
28,"[42, 48, 17]"
25,"[42, 48, 0]"
12,"[42, 48, 3]"
29,"[42, 48, 29]"
28,"[42, 48, 6]"
20,"[42, 48, 10]"
25,"[42, 48, 69]"
18,"[42, 48, 12]"
20,"[42, 48, 56]"
26,"[42, 48, 25]"
27,"[42, 48, 28]"
14,"[42, 48, 35]"
15,"[42, 48, 58]"
20,"[42, 48, 49]"
21,"[42, 48, 55]"
20,"[42, 48, 33]"
21,"[42, 48, 4]"
18,"[42, 48, 34]"
29,"[42, 48, 54]"
12,"[42, 48, 13]"
15,"[42, 48, 53]"
18,"[42, 48, 42]"
28,"[42, 20]"
25,"[42, 20, 37]"
19,"[42, 20, 20]"
28,"[42, 20, 70]"
16,"[42, 20, 62]"
19,"[42, 20, 26]"
19,"[42, 20, 50]"
20,"[42, 20, 60]"
13,"[42, 20, 36]"
21,"[42, 20, 32]"
20,"[42, 20, 18]"
19,"[42, 20, 8]"
23,"[42, 20, 27]"
25,"[42, 20, 17]"
22,"[42, 20, 0]"
12,"[42, 20, 3]"
27,"[42, 20, 29]"
24,"[42, 20, 6]"
21,"[42, 20, 10]"
22,"[42, 20, 69]"
16,"[42, 20, 12]"
18,"[42, 20, 56]"
23,"[42, 20, 25]"
25,"[42, 20, 48]"
25,"[42, 20, 28]"
17,"[42, 20, 35]"
15,"[42, 20, 58]"
19,"[42, 20, 49]"
15,"[42, 20, 55]"
19,"[42, 20, 4]"
23,"[42, 20, 54]"
15,"[42, 20, 42]"
14,"[42, 20, 53]"
22,"[42, 20, 33]"
20,"[42, 20, 34]"
29,"[42, 37]"
16,"[42, 37, 20]"
29,"[42, 37, 70]"
14,"[42, 37, 62]"
18,"[42, 37, 26]"
15,"[42, 37, 50]"
24,"[42, 37, 60]"
12,"[42, 37, 36]"
19,"[42, 37, 32]"
18,"[42, 37, 18]"
17,"[42, 37, 8]"
22,"[42, 37, 27]"
25,"[42, 37, 17]"
22,"[42, 37, 0]"
25,"[42, 37, 29]"
24,"[42, 37, 6]"
18,"[42, 37, 10]"
19,"[42, 37, 69]"
14,"[42, 37, 12]"
16,"[42, 37, 56]"
22,"[42, 37, 25]"
24,"[42, 37, 48]"
23,"[42, 37, 28]"
14,"[42, 37, 35]"
12,"[42, 37, 58]"
18,"[42, 37, 49]"
18,"[42, 37, 55]"
19,"[42, 37, 4]"
22,"[42, 37, 54]"
13,"[42, 37, 42]"
19,"[42, 37, 33]"
17,"[42, 37, 34]"
14,"[42, 37, 37]"
24,"[42, 26]"
20,"[42, 26, 50]"
13,"[42, 26, 60]"
16,"[42, 26, 32]"
14,"[42, 26, 18]"
14,"[42, 26, 8]"
17,"[42, 26, 27]"
19,"[42, 26, 17]"
20,"[42, 26, 0]"
20,"[42, 26, 29]"
21,"[42, 26, 6]"
16,"[42, 26, 10]"
24,"[42, 26, 70]"
17,"[42, 26, 69]"
13,"[42, 26, 56]"
13,"[42, 26, 62]"
16,"[42, 26, 25]"
20,"[42, 26, 48]"
17,"[42, 26, 28]"
12,"[42, 26, 49]"
14,"[42, 26, 55]"
15,"[42, 26, 37]"
17,"[42, 26, 4]"
16,"[42, 26, 54]"
14,"[42, 26, 33]"
12,"[42, 26, 34]"
24,"[42, 50]"
13,"[42, 50, 60]"
15,"[42, 50, 32]"
14,"[42, 50, 18]"
14,"[42, 50, 8]"
16,"[42, 50, 27]"
19,"[42, 50, 17]"
18,"[42, 50, 0]"
20,"[42, 50, 29]"
19,"[42, 50, 6]"
15,"[42, 50, 10]"
24,"[42, 50, 70]"
18,"[42, 50, 69]"
13,"[42, 50, 56]"
14,"[42, 50, 62]"
14,"[42, 50, 25]"
20,"[42, 50, 48]"
17,"[42, 50, 28]"
15,"[42, 50, 49]"
15,"[42, 50, 55]"
15,"[42, 50, 37]"
16,"[42, 50, 4]"
17,"[42, 50, 54]"
14,"[42, 50, 33]"
12,"[42, 50, 34]"
26,"[42, 60]"
17,"[42, 60, 32]"
15,"[42, 60, 18]"
16,"[42, 60, 8]"
18,"[42, 60, 27]"
22,"[42, 60, 17]"
20,"[42, 60, 0]"
21,"[42, 60, 29]"
23,"[42, 60, 6]"
15,"[42, 60, 10]"
26,"[42, 60, 70]"
16,"[42, 60, 69]"
12,"[42, 60, 12]"
14,"[42, 60, 56]"
13,"[42, 60, 62]"
17,"[42, 60, 25]"
22,"[42, 60, 48]"
20,"[42, 60, 28]"
13,"[42, 60, 35]"
12,"[42, 60, 58]"
14,"[42, 60, 49]"
17,"[42, 60, 55]"
18,"[42, 60, 4]"
18,"[42, 60, 54]"
16,"[42, 60, 26]"
16,"[42, 60, 50]"
13,"[42, 60, 20]"
14,"[42, 60, 33]"
13,"[42, 60, 34]"
14,"[42, 36]"
12,"[42, 36, 27]"
12,"[42, 36, 17]"
12,"[42, 36, 0]"
13,"[42, 36, 29]"
13,"[42, 36, 6]"
14,"[42, 36, 70]"
13,"[42, 36, 62]"
13,"[42, 36, 28]"
12,"[42, 36, 49]"
14,"[42, 64]"
12,"[42, 64, 18]"
12,"[42, 64, 8]"
14,"[42, 64, 64]"
12,"[42, 64, 17]"
13,"[42, 64, 0]"
13,"[42, 64, 29]"
12,"[42, 64, 6]"
13,"[42, 64, 10]"
14,"[42, 64, 70]"
12,"[42, 64, 56]"
12,"[42, 64, 62]"
12,"[42, 64, 25]"
13,"[42, 64, 28]"
13,"[42, 64, 35]"
12,"[42, 64, 58]"
35,"[42, 32]"
33,"[42, 32, 18]"
33,"[42, 32, 8]"
12,"[42, 32, 64]"
32,"[42, 32, 27]"
33,"[42, 32, 17]"
32,"[42, 32, 0]"
19,"[42, 32, 3]"
15,"[42, 32, 1]"
35,"[42, 32, 29]"
31,"[42, 32, 6]"
33,"[42, 32, 10]"
35,"[42, 32, 70]"
29,"[42, 32, 69]"
17,"[42, 32, 12]"
16,"[42, 32, 51]"
17,"[42, 32, 11]"
32,"[42, 32, 56]"
20,"[42, 32, 57]"
16,"[42, 32, 62]"
31,"[42, 32, 25]"
32,"[42, 32, 48]"
33,"[42, 32, 28]"
28,"[42, 32, 35]"
25,"[42, 32, 58]"
21,"[42, 32, 49]"
20,"[42, 32, 55]"
12,"[42, 32, 21]"
15,"[42, 32, 31]"
26,"[42, 32, 4]"
12,"[42, 32, 39]"
28,"[42, 32, 34]"
28,"[42, 32, 33]"
19,"[42, 32, 26]"
18,"[42, 32, 50]"
25,"[42, 32, 37]"
22,"[42, 32, 60]"
12,"[42, 32, 5]"
30,"[42, 32, 54]"
14,"[42, 32, 13]"
17,"[42, 32, 53]"
19,"[42, 32, 42]"
19,"[42, 32, 9]"
19,"[42, 32, 7]"
14,"[42, 32, 59]"
13,"[42, 32, 14]"
23,"[42, 32, 20]"
19,"[42, 32, 32]"
34,"[42, 18]"
32,"[42, 18, 8]"
13,"[42, 18, 64]"
16,"[42, 18, 18]"
30,"[42, 18, 27]"
32,"[42, 18, 17]"
31,"[42, 18, 0]"
19,"[42, 18, 3]"
15,"[42, 18, 1]"
34,"[42, 18, 29]"
31,"[42, 18, 6]"
31,"[42, 18, 10]"
34,"[42, 18, 70]"
26,"[42, 18, 69]"
16,"[42, 18, 12]"
14,"[42, 18, 51]"
16,"[42, 18, 11]"
30,"[42, 18, 56]"
19,"[42, 18, 57]"
17,"[42, 18, 62]"
29,"[42, 18, 25]"
31,"[42, 18, 48]"
32,"[42, 18, 28]"
27,"[42, 18, 35]"
25,"[42, 18, 58]"
22,"[42, 18, 49]"
20,"[42, 18, 55]"
12,"[42, 18, 21]"
15,"[42, 18, 31]"
24,"[42, 18, 4]"
12,"[42, 18, 39]"
27,"[42, 18, 34]"
27,"[42, 18, 33]"
18,"[42, 18, 26]"
18,"[42, 18, 50]"
23,"[42, 18, 37]"
19,"[42, 18, 60]"
12,"[42, 18, 5]"
28,"[42, 18, 54]"
14,"[42, 18, 13]"
17,"[42, 18, 53]"
15,"[42, 18, 42]"
19,"[42, 18, 9]"
19,"[42, 18, 7]"
15,"[42, 18, 59]"
12,"[42, 18, 14]"
21,"[42, 18, 20]"
17,"[42, 18, 32]"
35,"[42, 8]"
13,"[42, 8, 64]"
20,"[42, 8, 8]"
19,"[42, 8, 18]"
32,"[42, 8, 27]"
33,"[42, 8, 17]"
33,"[42, 8, 0]"
18,"[42, 8, 3]"
14,"[42, 8, 1]"
35,"[42, 8, 29]"
31,"[42, 8, 6]"
32,"[42, 8, 10]"
34,"[42, 8, 70]"
28,"[42, 8, 69]"
17,"[42, 8, 12]"
16,"[42, 8, 51]"
16,"[42, 8, 11]"
31,"[42, 8, 56]"
19,"[42, 8, 57]"
16,"[42, 8, 62]"
30,"[42, 8, 25]"
31,"[42, 8, 48]"
33,"[42, 8, 28]"
28,"[42, 8, 35]"
25,"[42, 8, 58]"
21,"[42, 8, 49]"
19,"[42, 8, 55]"
12,"[42, 8, 21]"
24,"[42, 8, 4]"
12,"[42, 8, 39]"
28,"[42, 8, 34]"
28,"[42, 8, 33]"
19,"[42, 8, 26]"
16,"[42, 8, 50]"
22,"[42, 8, 37]"
19,"[42, 8, 60]"
26,"[42, 8, 54]"
16,"[42, 8, 13]"
18,"[42, 8, 53]"
15,"[42, 8, 42]"
20,"[42, 8, 9]"
19,"[42, 8, 7]"
14,"[42, 8, 59]"
14,"[42, 8, 14]"
21,"[42, 8, 20]"
18,"[42, 8, 32]"
33,"[42, 27]"
32,"[42, 27, 17]"
30,"[42, 27, 0]"
19,"[42, 27, 3]"
15,"[42, 27, 1]"
33,"[42, 27, 29]"
29,"[42, 27, 6]"
15,"[42, 27, 8]"
30,"[42, 27, 10]"
33,"[42, 27, 70]"
27,"[42, 27, 69]"
17,"[42, 27, 12]"
15,"[42, 27, 51]"
14,"[42, 27, 11]"
28,"[42, 27, 56]"
17,"[42, 27, 57]"
14,"[42, 27, 62]"
28,"[42, 27, 25]"
30,"[42, 27, 48]"
31,"[42, 27, 28]"
27,"[42, 27, 35]"
25,"[42, 27, 58]"
21,"[42, 27, 49]"
18,"[42, 27, 55]"
23,"[42, 27, 4]"
24,"[42, 27, 27]"
26,"[42, 27, 34]"
26,"[42, 27, 33]"
16,"[42, 27, 26]"
15,"[42, 27, 50]"
21,"[42, 27, 37]"
18,"[42, 27, 60]"
25,"[42, 27, 54]"
16,"[42, 27, 13]"
17,"[42, 27, 53]"
16,"[42, 27, 42]"
19,"[42, 27, 7]"
14,"[42, 27, 59]"
12,"[42, 27, 18]"
13,"[42, 27, 14]"
20,"[42, 27, 20]"
16,"[42, 27, 32]"
35,"[42, 17]"
30,"[42, 17, 0]"
18,"[42, 17, 3]"
15,"[42, 17, 1]"
34,"[42, 17, 29]"
31,"[42, 17, 6]"
16,"[42, 17, 8]"
30,"[42, 17, 10]"
35,"[42, 17, 70]"
27,"[42, 17, 69]"
17,"[42, 17, 12]"
14,"[42, 17, 51]"
14,"[42, 17, 11]"
29,"[42, 17, 56]"
17,"[42, 17, 57]"
14,"[42, 17, 62]"
29,"[42, 17, 25]"
32,"[42, 17, 48]"
32,"[42, 17, 28]"
26,"[42, 17, 17]"
26,"[42, 17, 35]"
24,"[42, 17, 58]"
21,"[42, 17, 49]"
19,"[42, 17, 55]"
25,"[42, 17, 4]"
25,"[42, 17, 27]"
27,"[42, 17, 34]"
27,"[42, 17, 33]"
17,"[42, 17, 26]"
16,"[42, 17, 50]"
21,"[42, 17, 37]"
18,"[42, 17, 60]"
26,"[42, 17, 54]"
16,"[42, 17, 13]"
17,"[42, 17, 53]"
16,"[42, 17, 42]"
20,"[42, 17, 7]"
13,"[42, 17, 59]"
12,"[42, 17, 18]"
20,"[42, 17, 20]"
12,"[42, 17, 14]"
17,"[42, 17, 32]"
36,"[42, 0]"
20,"[42, 0, 3]"
12,"[42, 0, 64]"
15,"[42, 0, 1]"
30,"[42, 0, 29]"
32,"[42, 0, 6]"
17,"[42, 0, 8]"
32,"[42, 0, 10]"
36,"[42, 0, 70]"
28,"[42, 0, 69]"
17,"[42, 0, 12]"
15,"[42, 0, 51]"
16,"[42, 0, 11]"
31,"[42, 0, 56]"
19,"[42, 0, 57]"
16,"[42, 0, 62]"
31,"[42, 0, 25]"
32,"[42, 0, 48]"
34,"[42, 0, 28]"
28,"[42, 0, 17]"
27,"[42, 0, 35]"
25,"[42, 0, 58]"
22,"[42, 0, 49]"
20,"[42, 0, 55]"
26,"[42, 0, 4]"
25,"[42, 0, 27]"
29,"[42, 0, 34]"
29,"[42, 0, 33]"
19,"[42, 0, 26]"
17,"[42, 0, 50]"
23,"[42, 0, 37]"
20,"[42, 0, 60]"
23,"[42, 0, 0]"
12,"[42, 0, 5]"
26,"[42, 0, 54]"
16,"[42, 0, 13]"
18,"[42, 0, 53]"
16,"[42, 0, 42]"
21,"[42, 0, 7]"
13,"[42, 0, 59]"
14,"[42, 0, 18]"
23,"[42, 0, 20]"
13,"[42, 0, 14]"
16,"[42, 0, 32]"
20,"[42, 3]"
13,"[42, 3, 1]"
16,"[42, 3, 29]"
19,"[42, 3, 6]"
17,"[42, 3, 10]"
19,"[42, 3, 70]"
14,"[42, 3, 69]"
17,"[42, 3, 56]"
17,"[42, 3, 25]"
18,"[42, 3, 48]"
18,"[42, 3, 28]"
14,"[42, 3, 17]"
15,"[42, 3, 35]"
15,"[42, 3, 58]"
15,"[42, 3, 49]"
13,"[42, 3, 55]"
15,"[42, 3, 7]"
15,"[42, 3, 4]"
15,"[42, 3, 34]"
16,"[42, 3, 33]"
15,"[42, 3, 54]"
13,"[42, 3, 0]"
14,"[42, 3, 37]"
13,"[42, 3, 27]"
13,"[42, 3, 20]"
15,"[42, 1]"
13,"[42, 1, 6]"
14,"[42, 1, 70]"
36,"[42, 29]"
30,"[42, 29, 6]"
14,"[42, 29, 8]"
30,"[42, 29, 10]"
35,"[42, 29, 70]"
27,"[42, 29, 69]"
17,"[42, 29, 12]"
14,"[42, 29, 51]"
13,"[42, 29, 64]"
16,"[42, 29, 11]"
29,"[42, 29, 56]"
19,"[42, 29, 57]"
16,"[42, 29, 62]"
29,"[42, 29, 25]"
31,"[42, 29, 48]"
32,"[42, 29, 28]"
25,"[42, 29, 17]"
27,"[42, 29, 35]"
24,"[42, 29, 58]"
22,"[42, 29, 49]"
20,"[42, 29, 55]"
12,"[42, 29, 21]"
25,"[42, 29, 4]"
27,"[42, 29, 34]"
28,"[42, 29, 33]"
18,"[42, 29, 26]"
15,"[42, 29, 50]"
22,"[42, 29, 37]"
19,"[42, 29, 60]"
25,"[42, 29, 29]"
27,"[42, 29, 0]"
14,"[42, 29, 1]"
12,"[42, 29, 5]"
25,"[42, 29, 54]"
16,"[42, 29, 13]"
18,"[42, 29, 53]"
16,"[42, 29, 42]"
13,"[42, 29, 3]"
20,"[42, 29, 7]"
13,"[42, 29, 59]"
12,"[42, 29, 18]"
21,"[42, 29, 27]"
21,"[42, 29, 20]"
12,"[42, 29, 14]"
14,"[42, 29, 32]"
33,"[42, 6]"
15,"[42, 6, 8]"
27,"[42, 6, 10]"
33,"[42, 6, 70]"
24,"[42, 6, 69]"
15,"[42, 6, 12]"
12,"[42, 6, 51]"
12,"[42, 6, 64]"
16,"[42, 6, 11]"
25,"[42, 6, 56]"
17,"[42, 6, 57]"
14,"[42, 6, 62]"
26,"[42, 6, 25]"
28,"[42, 6, 48]"
28,"[42, 6, 28]"
26,"[42, 6, 17]"
24,"[42, 6, 35]"
24,"[42, 6, 58]"
22,"[42, 6, 49]"
20,"[42, 6, 55]"
26,"[42, 6, 6]"
24,"[42, 6, 4]"
20,"[42, 6, 27]"
25,"[42, 6, 29]"
23,"[42, 6, 34]"
24,"[42, 6, 33]"
16,"[42, 6, 26]"
15,"[42, 6, 50]"
21,"[42, 6, 37]"
19,"[42, 6, 60]"
21,"[42, 6, 0]"
12,"[42, 6, 5]"
24,"[42, 6, 54]"
13,"[42, 6, 13]"
16,"[42, 6, 53]"
14,"[42, 6, 42]"
21,"[42, 6, 7]"
13,"[42, 6, 59]"
12,"[42, 6, 18]"
19,"[42, 6, 20]"
13,"[42, 6, 32]"
36,"[42, 10]"
35,"[42, 10, 70]"
28,"[42, 10, 69]"
18,"[42, 10, 12]"
17,"[42, 10, 51]"
14,"[42, 10, 64]"
17,"[42, 10, 11]"
32,"[42, 10, 56]"
20,"[42, 10, 57]"
17,"[42, 10, 62]"
30,"[42, 10, 25]"
31,"[42, 10, 48]"
34,"[42, 10, 28]"
25,"[42, 10, 17]"
30,"[42, 10, 35]"
27,"[42, 10, 58]"
22,"[42, 10, 49]"
19,"[42, 10, 55]"
27,"[42, 10, 6]"
13,"[42, 10, 39]"
27,"[42, 10, 34]"
28,"[42, 10, 33]"
18,"[42, 10, 26]"
15,"[42, 10, 50]"
21,"[42, 10, 37]"
19,"[42, 10, 60]"
28,"[42, 10, 29]"
24,"[42, 10, 0]"
22,"[42, 10, 4]"
27,"[42, 10, 54]"
16,"[42, 10, 13]"
19,"[42, 10, 53]"
18,"[42, 10, 42]"
23,"[42, 10, 10]"
15,"[42, 10, 59]"
15,"[42, 10, 8]"
14,"[42, 10, 14]"
15,"[42, 10, 18]"
21,"[42, 10, 27]"
13,"[42, 10, 7]"
20,"[42, 10, 20]"
15,"[42, 10, 32]"
17,"[42, 11]"
16,"[42, 11, 56]"
12,"[42, 11, 57]"
14,"[42, 11, 25]"
16,"[42, 11, 48]"
15,"[42, 11, 28]"
17,"[42, 11, 70]"
16,"[42, 11, 35]"
15,"[42, 11, 58]"
15,"[42, 11, 49]"
14,"[42, 11, 55]"
14,"[42, 11, 6]"
12,"[42, 11, 69]"
12,"[42, 11, 34]"
13,"[42, 11, 33]"
14,"[42, 11, 54]"
12,"[42, 11, 0]"
12,"[42, 11, 29]"
34,"[42, 56]"
20,"[42, 56, 57]"
17,"[42, 56, 62]"
28,"[42, 56, 25]"
30,"[42, 56, 48]"
32,"[42, 56, 28]"
23,"[42, 56, 17]"
33,"[42, 56, 70]"
13,"[42, 56, 64]"
28,"[42, 56, 35]"
26,"[42, 56, 58]"
20,"[42, 56, 49]"
18,"[42, 56, 55]"
25,"[42, 56, 6]"
25,"[42, 56, 69]"
12,"[42, 56, 39]"
20,"[42, 56, 27]"
25,"[42, 56, 29]"
19,"[42, 56, 4]"
21,"[42, 56, 10]"
25,"[42, 56, 56]"
27,"[42, 56, 34]"
27,"[42, 56, 33]"
18,"[42, 56, 26]"
16,"[42, 56, 50]"
21,"[42, 56, 37]"
19,"[42, 56, 60]"
21,"[42, 56, 0]"
25,"[42, 56, 54]"
13,"[42, 56, 13]"
15,"[42, 56, 53]"
14,"[42, 56, 12]"
15,"[42, 56, 42]"
15,"[42, 56, 59]"
13,"[42, 56, 14]"
13,"[42, 56, 51]"
12,"[42, 56, 18]"
14,"[42, 56, 8]"
12,"[42, 56, 7]"
20,"[42, 56, 20]"
14,"[42, 56, 32]"
20,"[42, 57]"
16,"[42, 57, 25]"
18,"[42, 57, 48]"
19,"[42, 57, 28]"
15,"[42, 57, 17]"
20,"[42, 57, 70]"
17,"[42, 57, 35]"
16,"[42, 57, 58]"
16,"[42, 57, 49]"
13,"[42, 57, 55]"
15,"[42, 57, 6]"
15,"[42, 57, 69]"
16,"[42, 57, 54]"
13,"[42, 57, 0]"
15,"[42, 57, 29]"
15,"[42, 57, 33]"
15,"[42, 57, 34]"
12,"[42, 57, 20]"
31,"[42, 35]"
28,"[42, 35, 58]"
17,"[42, 35, 62]"
20,"[42, 35, 49]"
13,"[42, 35, 64]"
31,"[42, 35, 70]"
27,"[42, 35, 48]"
16,"[42, 35, 55]"
20,"[42, 35, 17]"
22,"[42, 35, 6]"
24,"[42, 35, 69]"
16,"[42, 35, 27]"
22,"[42, 35, 29]"
13,"[42, 35, 4]"
13,"[42, 35, 10]"
16,"[42, 35, 56]"
15,"[42, 35, 35]"
23,"[42, 35, 34]"
24,"[42, 35, 33]"
30,"[42, 35, 28]"
25,"[42, 35, 25]"
15,"[42, 35, 26]"
14,"[42, 35, 50]"
18,"[42, 35, 37]"
15,"[42, 35, 60]"
16,"[42, 35, 0]"
24,"[42, 35, 54]"
13,"[42, 35, 13]"
15,"[42, 35, 53]"
14,"[42, 35, 12]"
14,"[42, 35, 42]"
15,"[42, 35, 59]"
12,"[42, 35, 14]"
12,"[42, 35, 51]"
12,"[42, 35, 18]"
17,"[42, 35, 20]"
12,"[42, 35, 32]"
28,"[42, 58]"
14,"[42, 58, 62]"
20,"[42, 58, 49]"
13,"[42, 58, 64]"
28,"[42, 58, 70]"
24,"[42, 58, 48]"
16,"[42, 58, 55]"
19,"[42, 58, 17]"
20,"[42, 58, 6]"
22,"[42, 58, 69]"
16,"[42, 58, 35]"
18,"[42, 58, 58]"
20,"[42, 58, 34]"
20,"[42, 58, 33]"
26,"[42, 58, 28]"
21,"[42, 58, 25]"
13,"[42, 58, 26]"
13,"[42, 58, 50]"
16,"[42, 58, 37]"
14,"[42, 58, 60]"
20,"[42, 58, 29]"
16,"[42, 58, 0]"
12,"[42, 58, 4]"
22,"[42, 58, 54]"
14,"[42, 58, 53]"
13,"[42, 58, 12]"
13,"[42, 58, 42]"
15,"[42, 58, 59]"
14,"[42, 58, 56]"
14,"[42, 58, 27]"
14,"[42, 58, 20]"
12,"[42, 58, 10]"
24,"[42, 49]"
22,"[42, 49, 70]"
17,"[42, 49, 49]"
19,"[42, 49, 48]"
18,"[42, 49, 55]"
18,"[42, 49, 17]"
17,"[42, 49, 6]"
16,"[42, 49, 69]"
14,"[42, 49, 28]"
12,"[42, 49, 25]"
15,"[42, 49, 33]"
15,"[42, 49, 27]"
18,"[42, 49, 29]"
16,"[42, 49, 0]"
18,"[42, 49, 54]"
12,"[42, 49, 12]"
12,"[42, 49, 34]"
21,"[42, 55]"
14,"[42, 55, 17]"
13,"[42, 55, 6]"
15,"[42, 55, 70]"
13,"[42, 55, 0]"
14,"[42, 55, 29]"
13,"[42, 21]"
13,"[42, 21, 70]"
36,"[42, 13]"
35,"[42, 13, 53]"
25,"[42, 13, 12]"
33,"[42, 13, 69]"
25,"[42, 13, 51]"
27,"[42, 13, 42]"
14,"[42, 13, 43]"
16,"[42, 13, 15]"
20,"[42, 13, 14]"
24,"[42, 13, 13]"
36,"[42, 13, 70]"
34,"[42, 13, 34]"
32,"[42, 13, 33]"
36,"[42, 13, 28]"
33,"[42, 13, 25]"
33,"[42, 13, 48]"
33,"[42, 13, 32]"
31,"[42, 13, 18]"
14,"[42, 13, 31]"
33,"[42, 13, 8]"
32,"[42, 13, 27]"
34,"[42, 13, 17]"
35,"[42, 13, 0]"
32,"[42, 13, 6]"
27,"[42, 13, 4]"
31,"[42, 13, 56]"
30,"[42, 13, 35]"
12,"[42, 13, 39]"
35,"[42, 13, 29]"
33,"[42, 13, 10]"
27,"[42, 13, 58]"
19,"[42, 13, 62]"
22,"[42, 13, 26]"
22,"[42, 13, 50]"
27,"[42, 13, 37]"
24,"[42, 13, 60]"
13,"[42, 13, 64]"
12,"[42, 13, 21]"
14,"[42, 13, 1]"
12,"[42, 13, 5]"
20,"[42, 13, 55]"
33,"[42, 13, 54]"
13,"[42, 13, 66]"
19,"[42, 13, 9]"
17,"[42, 13, 3]"
20,"[42, 13, 7]"
15,"[42, 13, 11]"
14,"[42, 13, 59]"
23,"[42, 13, 16]"
19,"[42, 13, 68]"
17,"[42, 13, 57]"
23,"[42, 13, 49]"
27,"[42, 13, 20]"
13,"[42, 13, 36]"
36,"[42, 53]"
22,"[42, 53, 12]"
33,"[42, 53, 69]"
25,"[42, 53, 51]"
24,"[42, 53, 42]"
16,"[42, 53, 15]"
18,"[42, 53, 14]"
24,"[42, 53, 13]"
28,"[42, 53, 53]"
35,"[42, 53, 70]"
33,"[42, 53, 34]"
31,"[42, 53, 33]"
34,"[42, 53, 28]"
32,"[42, 53, 25]"
32,"[42, 53, 48]"
32,"[42, 53, 32]"
30,"[42, 53, 18]"
13,"[42, 53, 31]"
32,"[42, 53, 8]"
31,"[42, 53, 27]"
33,"[42, 53, 17]"
33,"[42, 53, 0]"
31,"[42, 53, 6]"
25,"[42, 53, 4]"
29,"[42, 53, 56]"
28,"[42, 53, 35]"
34,"[42, 53, 29]"
31,"[42, 53, 10]"
26,"[42, 53, 58]"
17,"[42, 53, 62]"
20,"[42, 53, 26]"
20,"[42, 53, 50]"
27,"[42, 53, 37]"
23,"[42, 53, 60]"
12,"[42, 53, 64]"
13,"[42, 53, 1]"
12,"[42, 53, 5]"
20,"[42, 53, 55]"
33,"[42, 53, 54]"
19,"[42, 53, 9]"
18,"[42, 53, 3]"
20,"[42, 53, 7]"
15,"[42, 53, 11]"
14,"[42, 53, 59]"
17,"[42, 53, 16]"
15,"[42, 53, 68]"
16,"[42, 53, 57]"
23,"[42, 53, 49]"
26,"[42, 53, 20]"
12,"[42, 53, 36]"
26,"[42, 43]"
15,"[42, 43, 15]"
21,"[42, 43, 14]"
23,"[42, 43, 51]"
22,"[42, 43, 13]"
24,"[42, 43, 53]"
26,"[42, 43, 70]"
24,"[42, 43, 34]"
23,"[42, 43, 33]"
25,"[42, 43, 28]"
23,"[42, 43, 25]"
22,"[42, 43, 48]"
23,"[42, 43, 69]"
23,"[42, 43, 32]"
23,"[42, 43, 18]"
14,"[42, 43, 31]"
24,"[42, 43, 8]"
23,"[42, 43, 27]"
24,"[42, 43, 17]"
25,"[42, 43, 0]"
23,"[42, 43, 6]"
20,"[42, 43, 4]"
23,"[42, 43, 56]"
21,"[42, 43, 35]"
25,"[42, 43, 29]"
25,"[42, 43, 10]"
19,"[42, 43, 58]"
15,"[42, 43, 62]"
17,"[42, 43, 26]"
16,"[42, 43, 50]"
20,"[42, 43, 37]"
18,"[42, 43, 60]"
14,"[42, 43, 55]"
23,"[42, 43, 54]"
19,"[42, 43, 12]"
21,"[42, 43, 42]"
15,"[42, 43, 9]"
12,"[42, 43, 3]"
13,"[42, 43, 7]"
13,"[42, 43, 57]"
19,"[42, 43, 20]"
16,"[42, 43, 49]"
15,"[42, 43, 16]"
14,"[42, 43, 43]"
13,"[42, 43, 68]"
15,"[42, 31]"
13,"[42, 31, 8]"
13,"[42, 31, 27]"
13,"[42, 31, 17]"
15,"[42, 31, 0]"
14,"[42, 31, 6]"
14,"[42, 31, 4]"
13,"[42, 31, 56]"
12,"[42, 31, 35]"
15,"[42, 31, 29]"
13,"[42, 31, 10]"
15,"[42, 31, 70]"
13,"[42, 31, 34]"
13,"[42, 31, 33]"
14,"[42, 31, 28]"
12,"[42, 31, 25]"
14,"[42, 31, 48]"
12,"[42, 31, 69]"
13,"[42, 31, 54]"
12,"[42, 31, 49]"
27,"[42, 4]"
17,"[42, 4, 56]"
16,"[42, 4, 35]"
16,"[42, 4, 17]"
15,"[42, 4, 27]"
21,"[42, 4, 29]"
15,"[42, 4, 4]"
20,"[42, 4, 10]"
14,"[42, 4, 58]"
26,"[42, 4, 70]"
15,"[42, 4, 34]"
17,"[42, 4, 33]"
20,"[42, 4, 28]"
18,"[42, 4, 25]"
20,"[42, 4, 48]"
14,"[42, 4, 26]"
15,"[42, 4, 37]"
12,"[42, 4, 60]"
17,"[42, 4, 69]"
17,"[42, 4, 0]"
12,"[42, 4, 5]"
19,"[42, 4, 6]"
16,"[42, 4, 55]"
18,"[42, 4, 54]"
13,"[42, 4, 12]"
12,"[42, 4, 42]"
15,"[42, 4, 20]"
14,"[42, 4, 49]"
13,"[42, 39]"
13,"[42, 39, 70]"
12,"[42, 39, 48]"
12,"[42, 5]"
12,"[42, 5, 70]"
20,"[42, 9]"
18,"[42, 9, 27]"
19,"[42, 9, 17]"
20,"[42, 9, 29]"
20,"[42, 9, 0]"
13,"[42, 9, 3]"
20,"[42, 9, 6]"
16,"[42, 9, 7]"
14,"[42, 9, 4]"
19,"[42, 9, 10]"
14,"[42, 9, 11]"
19,"[42, 9, 56]"
18,"[42, 9, 35]"
17,"[42, 9, 58]"
20,"[42, 9, 70]"
17,"[42, 9, 34]"
17,"[42, 9, 33]"
20,"[42, 9, 28]"
17,"[42, 9, 25]"
18,"[42, 9, 48]"
16,"[42, 9, 54]"
14,"[42, 9, 37]"
12,"[42, 9, 55]"
15,"[42, 9, 69]"
13,"[42, 9, 57]"
16,"[42, 9, 49]"
13,"[42, 9, 20]"
21,"[42, 7]"
14,"[42, 7, 4]"
15,"[42, 7, 10]"
14,"[42, 7, 56]"
15,"[42, 7, 35]"
15,"[42, 7, 58]"
21,"[42, 7, 70]"
15,"[42, 7, 34]"
16,"[42, 7, 33]"
18,"[42, 7, 28]"
16,"[42, 7, 25]"
17,"[42, 7, 48]"
16,"[42, 7, 54]"
12,"[42, 7, 0]"
15,"[42, 7, 37]"
13,"[42, 7, 60]"
12,"[42, 7, 26]"
14,"[42, 7, 55]"
15,"[42, 7, 6]"
16,"[42, 7, 49]"
15,"[42, 7, 69]"
16,"[42, 7, 17]"
15,"[42, 7, 29]"
12,"[42, 7, 20]"
15,"[42, 59]"
15,"[42, 59, 70]"
13,"[42, 59, 28]"
12,"[42, 59, 48]"
13,"[42, 59, 49]"
23,[15]
18,"[15, 16]"
15,"[15, 16, 68]"
17,"[15, 16, 70]"
15,"[15, 16, 34]"
15,"[15, 16, 33]"
15,"[15, 16, 28]"
15,"[15, 16, 54]"
16,"[15, 16, 69]"
12,"[15, 16, 42]"
13,"[15, 16, 25]"
12,"[15, 16, 48]"
12,"[15, 16, 32]"
12,"[15, 16, 18]"
13,"[15, 16, 8]"
12,"[15, 16, 27]"
13,"[15, 16, 17]"
13,"[15, 16, 0]"
15,"[15, 16, 29]"
12,"[15, 16, 10]"
13,"[15, 16, 56]"
12,"[15, 16, 35]"
14,"[15, 16, 53]"
18,"[15, 51]"
13,"[15, 51, 16]"
12,"[15, 51, 68]"
13,"[15, 51, 12]"
18,"[15, 51, 70]"
12,"[15, 51, 62]"
14,"[15, 51, 34]"
14,"[15, 51, 33]"
17,"[15, 51, 28]"
15,"[15, 51, 54]"
16,"[15, 51, 69]"
14,"[15, 51, 42]"
17,"[15, 51, 25]"
14,"[15, 51, 48]"
13,"[15, 51, 37]"
12,"[15, 51, 26]"
16,"[15, 51, 32]"
15,"[15, 51, 18]"
15,"[15, 51, 8]"
15,"[15, 51, 27]"
15,"[15, 51, 17]"
16,"[15, 51, 0]"
17,"[15, 51, 29]"
13,"[15, 51, 6]"
16,"[15, 51, 10]"
14,"[15, 51, 51]"
17,"[15, 51, 56]"
15,"[15, 51, 35]"
13,"[15, 51, 58]"
15,"[15, 51, 13]"
15,"[15, 51, 53]"
12,"[15, 51, 4]"
16,"[15, 68]"
15,"[15, 68, 70]"
12,"[15, 68, 28]"
12,"[15, 68, 54]"
12,"[15, 68, 69]"
12,"[15, 68, 25]"
12,"[15, 68, 29]"
18,"[15, 14]"
12,"[15, 14, 12]"
18,"[15, 14, 70]"
14,"[15, 14, 62]"
15,"[15, 14, 34]"
15,"[15, 14, 33]"
16,"[15, 14, 28]"
15,"[15, 14, 54]"
18,"[15, 14, 69]"
14,"[15, 14, 42]"
17,"[15, 14, 25]"
14,"[15, 14, 48]"
12,"[15, 14, 20]"
13,"[15, 14, 37]"
16,"[15, 14, 32]"
15,"[15, 14, 18]"
14,"[15, 14, 8]"
15,"[15, 14, 27]"
15,"[15, 14, 17]"
15,"[15, 14, 0]"
18,"[15, 14, 29]"
13,"[15, 14, 6]"
16,"[15, 14, 10]"
14,"[15, 14, 51]"
16,"[15, 14, 56]"
15,"[15, 14, 35]"
12,"[15, 14, 58]"
12,"[15, 14, 49]"
14,"[15, 14, 13]"
15,"[15, 14, 53]"
12,"[15, 14, 4]"
13,"[15, 14, 16]"
12,"[15, 14, 68]"
17,"[15, 12]"
14,"[15, 12, 70]"
12,"[15, 12, 28]"
14,"[15, 12, 42]"
12,"[15, 12, 29]"
12,"[15, 12, 51]"
23,"[15, 70]"
16,"[15, 70, 62]"
23,"[15, 70, 70]"
20,"[15, 70, 34]"
20,"[15, 70, 33]"
22,"[15, 70, 28]"
20,"[15, 70, 54]"
20,"[15, 70, 69]"
17,"[15, 70, 42]"
21,"[15, 70, 25]"
19,"[15, 70, 48]"
15,"[15, 70, 20]"
17,"[15, 70, 37]"
15,"[15, 70, 26]"
14,"[15, 70, 50]"
15,"[15, 70, 60]"
17,"[15, 70, 32]"
18,"[15, 70, 18]"
18,"[15, 70, 8]"
18,"[15, 70, 27]"
18,"[15, 70, 17]"
19,"[15, 70, 0]"
21,"[15, 70, 29]"
17,"[15, 70, 6]"
17,"[15, 70, 10]"
13,"[15, 70, 12]"
13,"[15, 70, 51]"
19,"[15, 70, 56]"
17,"[15, 70, 35]"
16,"[15, 70, 58]"
15,"[15, 70, 49]"
14,"[15, 70, 4]"
12,"[15, 70, 13]"
14,"[15, 70, 53]"
16,"[15, 62]"
15,"[15, 62, 70]"
12,"[15, 62, 28]"
13,"[15, 62, 54]"
12,"[15, 62, 69]"
12,"[15, 62, 0]"
14,"[15, 62, 29]"
12,"[15, 62, 6]"
20,"[15, 34]"
20,"[15, 34, 33]"
19,"[15, 34, 28]"
13,"[15, 34, 62]"
18,"[15, 34, 54]"
19,"[15, 34, 70]"
18,"[15, 34, 69]"
14,"[15, 34, 42]"
19,"[15, 34, 25]"
17,"[15, 34, 48]"
14,"[15, 34, 20]"
16,"[15, 34, 37]"
13,"[15, 34, 26]"
13,"[15, 34, 60]"
12,"[15, 34, 32]"
14,"[15, 34, 27]"
14,"[15, 34, 17]"
13,"[15, 34, 0]"
16,"[15, 34, 29]"
14,"[15, 34, 6]"
13,"[15, 34, 10]"
15,"[15, 34, 56]"
12,"[15, 34, 58]"
12,"[15, 34, 49]"
12,"[15, 34, 53]"
20,"[15, 33]"
19,"[15, 33, 28]"
13,"[15, 33, 33]"
13,"[15, 33, 62]"
18,"[15, 33, 54]"
19,"[15, 33, 70]"
17,"[15, 33, 69]"
13,"[15, 33, 42]"
19,"[15, 33, 25]"
17,"[15, 33, 48]"
13,"[15, 33, 20]"
16,"[15, 33, 37]"
12,"[15, 33, 26]"
12,"[15, 33, 60]"
13,"[15, 33, 32]"
12,"[15, 33, 18]"
15,"[15, 33, 27]"
15,"[15, 33, 17]"
13,"[15, 33, 0]"
17,"[15, 33, 29]"
14,"[15, 33, 6]"
13,"[15, 33, 10]"
15,"[15, 33, 56]"
12,"[15, 33, 35]"
12,"[15, 33, 58]"
12,"[15, 33, 49]"
22,"[15, 28]"
13,"[15, 28, 33]"
13,"[15, 28, 62]"
15,"[15, 28, 28]"
18,"[15, 28, 54]"
21,"[15, 28, 70]"
18,"[15, 28, 69]"
14,"[15, 28, 42]"
20,"[15, 28, 25]"
19,"[15, 28, 48]"
13,"[15, 28, 20]"
16,"[15, 28, 37]"
12,"[15, 28, 26]"
13,"[15, 28, 50]"
12,"[15, 28, 60]"
13,"[15, 28, 32]"
12,"[15, 28, 18]"
14,"[15, 28, 27]"
14,"[15, 28, 17]"
13,"[15, 28, 0]"
17,"[15, 28, 29]"
14,"[15, 28, 6]"
13,"[15, 28, 10]"
12,"[15, 28, 12]"
15,"[15, 28, 56]"
12,"[15, 28, 58]"
14,"[15, 28, 49]"
12,"[15, 28, 53]"
20,"[15, 54]"
14,"[15, 54, 28]"
18,"[15, 54, 54]"
19,"[15, 54, 70]"
16,"[15, 54, 69]"
12,"[15, 54, 42]"
12,"[15, 54, 25]"
14,"[15, 54, 48]"
12,"[15, 54, 20]"
14,"[15, 54, 37]"
13,"[15, 54, 27]"
14,"[15, 54, 17]"
13,"[15, 54, 0]"
16,"[15, 54, 29]"
13,"[15, 54, 6]"
12,"[15, 54, 10]"
14,"[15, 54, 56]"
13,"[15, 54, 49]"
12,"[15, 54, 33]"
23,"[15, 69]"
12,"[15, 69, 66]"
19,"[15, 69, 42]"
16,"[15, 69, 62]"
19,"[15, 69, 54]"
21,"[15, 69, 25]"
22,"[15, 69, 28]"
19,"[15, 69, 48]"
15,"[15, 69, 20]"
17,"[15, 69, 37]"
23,"[15, 69, 70]"
15,"[15, 69, 26]"
14,"[15, 69, 50]"
15,"[15, 69, 60]"
18,"[15, 69, 32]"
18,"[15, 69, 18]"
19,"[15, 69, 8]"
18,"[15, 69, 27]"
19,"[15, 69, 17]"
20,"[15, 69, 0]"
21,"[15, 69, 29]"
17,"[15, 69, 6]"
18,"[15, 69, 10]"
21,"[15, 69, 69]"
16,"[15, 69, 12]"
15,"[15, 69, 51]"
20,"[15, 69, 56]"
18,"[15, 69, 35]"
16,"[15, 69, 58]"
15,"[15, 69, 49]"
15,"[15, 69, 4]"
18,"[15, 69, 34]"
19,"[15, 69, 33]"
16,"[15, 69, 13]"
17,"[15, 69, 53]"
12,"[15, 69, 16]"
12,"[15, 66]"
12,"[15, 66, 70]"
12,"[15, 66, 69]"
20,"[15, 42]"
14,"[15, 42, 54]"
15,"[15, 42, 25]"
16,"[15, 42, 28]"
14,"[15, 42, 48]"
12,"[15, 42, 20]"
13,"[15, 42, 37]"
17,"[15, 42, 70]"
15,"[15, 42, 32]"
14,"[15, 42, 18]"
14,"[15, 42, 8]"
13,"[15, 42, 27]"
14,"[15, 42, 17]"
14,"[15, 42, 0]"
16,"[15, 42, 29]"
14,"[15, 42, 10]"
15,"[15, 42, 69]"
13,"[15, 42, 51]"
15,"[15, 42, 56]"
12,"[15, 42, 35]"
12,"[15, 42, 53]"
13,"[15, 42, 34]"
14,"[15, 42, 33]"
21,"[15, 25]"
15,"[15, 25, 28]"
19,"[15, 25, 48]"
14,"[15, 25, 62]"
14,"[15, 25, 20]"
17,"[15, 25, 37]"
21,"[15, 25, 70]"
12,"[15, 25, 26]"
12,"[15, 25, 50]"
13,"[15, 25, 60]"
13,"[15, 25, 32]"
12,"[15, 25, 18]"
14,"[15, 25, 27]"
14,"[15, 25, 17]"
12,"[15, 25, 0]"
17,"[15, 25, 29]"
14,"[15, 25, 6]"
12,"[15, 25, 10]"
17,"[15, 25, 69]"
15,"[15, 25, 56]"
13,"[15, 25, 25]"
12,"[15, 25, 58]"
14,"[15, 25, 49]"
12,"[15, 25, 33]"
16,"[15, 25, 54]"
19,"[15, 48]"
16,"[15, 48, 48]"
12,"[15, 48, 20]"
15,"[15, 48, 37]"
19,"[15, 48, 70]"
12,"[15, 48, 26]"
12,"[15, 48, 50]"
13,"[15, 48, 60]"
12,"[15, 48, 32]"
13,"[15, 48, 27]"
13,"[15, 48, 17]"
13,"[15, 48, 0]"
16,"[15, 48, 29]"
12,"[15, 48, 6]"
12,"[15, 48, 10]"
15,"[15, 48, 69]"
15,"[15, 48, 56]"
14,"[15, 48, 25]"
13,"[15, 48, 28]"
15,"[15, 48, 54]"
15,"[15, 20]"
14,"[15, 20, 37]"
15,"[15, 20, 70]"
12,"[15, 20, 17]"
13,"[15, 20, 29]"
12,"[15, 20, 69]"
12,"[15, 20, 48]"
17,"[15, 37]"
17,"[15, 37, 70]"
14,"[15, 37, 60]"
12,"[15, 37, 17]"
13,"[15, 37, 29]"
12,"[15, 37, 6]"
14,"[15, 37, 48]"
12,"[15, 37, 54]"
15,"[15, 26]"
13,"[15, 26, 50]"
12,"[15, 26, 6]"
15,"[15, 26, 70]"
12,"[15, 26, 48]"
14,"[15, 50]"
12,"[15, 50, 29]"
14,"[15, 50, 70]"
15,"[15, 60]"
12,"[15, 60, 0]"
12,"[15, 60, 29]"
13,"[15, 60, 6]"
15,"[15, 60, 70]"
13,"[15, 60, 48]"
20,"[15, 32]"
18,"[15, 32, 18]"
18,"[15, 32, 8]"
17,"[15, 32, 27]"
17,"[15, 32, 17]"
18,"[15, 32, 0]"
20,"[15, 32, 29]"
15,"[15, 32, 6]"
17,"[15, 32, 10]"
20,"[15, 32, 70]"
16,"[15, 32, 69]"
19,"[15, 32, 56]"
12,"[15, 32, 62]"
18,"[15, 32, 25]"
18,"[15, 32, 48]"
18,"[15, 32, 28]"
16,"[15, 32, 35]"
13,"[15, 32, 58]"
14,"[15, 32, 4]"
13,"[15, 32, 34]"
15,"[15, 32, 33]"
13,"[15, 32, 37]"
15,"[15, 32, 54]"
12,"[15, 32, 42]"
19,"[15, 18]"
18,"[15, 18, 8]"
17,"[15, 18, 27]"
18,"[15, 18, 17]"
17,"[15, 18, 0]"
19,"[15, 18, 29]"
16,"[15, 18, 6]"
17,"[15, 18, 10]"
19,"[15, 18, 70]"
14,"[15, 18, 69]"
18,"[15, 18, 56]"
13,"[15, 18, 62]"
16,"[15, 18, 25]"
17,"[15, 18, 48]"
17,"[15, 18, 28]"
17,"[15, 18, 35]"
14,"[15, 18, 58]"
14,"[15, 18, 4]"
13,"[15, 18, 34]"
15,"[15, 18, 33]"
13,"[15, 18, 37]"
14,"[15, 18, 54]"
20,"[15, 8]"
12,"[15, 8, 8]"
18,"[15, 8, 27]"
19,"[15, 8, 17]"
19,"[15, 8, 0]"
20,"[15, 8, 29]"
16,"[15, 8, 6]"
18,"[15, 8, 10]"
20,"[15, 8, 70]"
15,"[15, 8, 69]"
20,"[15, 8, 56]"
13,"[15, 8, 62]"
18,"[15, 8, 25]"
18,"[15, 8, 48]"
19,"[15, 8, 28]"
18,"[15, 8, 35]"
15,"[15, 8, 58]"
14,"[15, 8, 4]"
15,"[15, 8, 34]"
17,"[15, 8, 33]"
12,"[15, 8, 26]"
13,"[15, 8, 37]"
14,"[15, 8, 54]"
19,"[15, 27]"
18,"[15, 27, 17]"
17,"[15, 27, 0]"
19,"[15, 27, 29]"
15,"[15, 27, 6]"
16,"[15, 27, 10]"
18,"[15, 27, 70]"
15,"[15, 27, 69]"
17,"[15, 27, 56]"
15,"[15, 27, 25]"
16,"[15, 27, 48]"
16,"[15, 27, 28]"
16,"[15, 27, 35]"
14,"[15, 27, 58]"
12,"[15, 27, 4]"
12,"[15, 27, 27]"
12,"[15, 27, 34]"
14,"[15, 27, 33]"
12,"[15, 27, 54]"
20,"[15, 17]"
17,"[15, 17, 0]"
19,"[15, 17, 29]"
16,"[15, 17, 6]"
15,"[15, 17, 10]"
20,"[15, 17, 70]"
15,"[15, 17, 69]"
17,"[15, 17, 56]"
12,"[15, 17, 62]"
15,"[15, 17, 25]"
17,"[15, 17, 48]"
16,"[15, 17, 28]"
12,"[15, 17, 17]"
15,"[15, 17, 35]"
13,"[15, 17, 58]"
14,"[15, 17, 4]"
13,"[15, 17, 27]"
13,"[15, 17, 34]"
15,"[15, 17, 33]"
13,"[15, 17, 54]"
22,"[15, 0]"
16,"[15, 0, 29]"
17,"[15, 0, 6]"
17,"[15, 0, 10]"
22,"[15, 0, 70]"
17,"[15, 0, 69]"
19,"[15, 0, 56]"
13,"[15, 0, 62]"
18,"[15, 0, 25]"
18,"[15, 0, 48]"
19,"[15, 0, 28]"
13,"[15, 0, 17]"
15,"[15, 0, 35]"
13,"[15, 0, 58]"
13,"[15, 0, 49]"
15,"[15, 0, 4]"
13,"[15, 0, 27]"
15,"[15, 0, 34]"
17,"[15, 0, 33]"
12,"[15, 0, 26]"
13,"[15, 0, 37]"
14,"[15, 0, 54]"
12,"[15, 0, 53]"
22,"[15, 29]"
16,"[15, 29, 6]"
17,"[15, 29, 10]"
21,"[15, 29, 70]"
15,"[15, 29, 69]"
18,"[15, 29, 56]"
13,"[15, 29, 62]"
16,"[15, 29, 25]"
17,"[15, 29, 48]"
17,"[15, 29, 28]"
15,"[15, 29, 35]"
12,"[15, 29, 58]"
12,"[15, 29, 49]"
15,"[15, 29, 4]"
14,"[15, 29, 34]"
16,"[15, 29, 33]"
12,"[15, 29, 37]"
13,"[15, 29, 29]"
16,"[15, 29, 0]"
13,"[15, 29, 54]"
18,"[15, 6]"
13,"[15, 6, 10]"
18,"[15, 6, 70]"
12,"[15, 6, 69]"
14,"[15, 6, 56]"
13,"[15, 6, 25]"
14,"[15, 6, 48]"
13,"[15, 6, 28]"
12,"[15, 6, 17]"
12,"[15, 6, 35]"
12,"[15, 6, 58]"
12,"[15, 6, 49]"
12,"[15, 6, 6]"
13,"[15, 6, 4]"
12,"[15, 6, 29]"
12,"[15, 6, 33]"
12,"[15, 6, 54]"
21,"[15, 10]"
20,"[15, 10, 70]"
15,"[15, 10, 69]"
19,"[15, 10, 56]"
13,"[15, 10, 62]"
17,"[15, 10, 25]"
17,"[15, 10, 48]"
19,"[15, 10, 28]"
18,"[15, 10, 35]"
15,"[15, 10, 58]"
12,"[15, 10, 49]"
12,"[15, 10, 6]"
13,"[15, 10, 34]"
15,"[15, 10, 33]"
12,"[15, 10, 26]"
12,"[15, 10, 37]"
14,"[15, 10, 29]"
12,"[15, 10, 0]"
13,"[15, 10, 54]"
12,"[15, 10, 53]"
22,"[15, 56]"
13,"[15, 56, 62]"
18,"[15, 56, 25]"
18,"[15, 56, 48]"
20,"[15, 56, 28]"
21,"[15, 56, 70]"
18,"[15, 56, 35]"
15,"[15, 56, 58]"
12,"[15, 56, 49]"
13,"[15, 56, 6]"
16,"[15, 56, 69]"
15,"[15, 56, 29]"
12,"[15, 56, 10]"
14,"[15, 56, 56]"
14,"[15, 56, 34]"
16,"[15, 56, 33]"
13,"[15, 56, 26]"
13,"[15, 56, 37]"
12,"[15, 56, 0]"
14,"[15, 56, 54]"
12,"[15, 56, 53]"
19,"[15, 35]"
16,"[15, 35, 58]"
13,"[15, 35, 62]"
19,"[15, 35, 70]"
16,"[15, 35, 48]"
15,"[15, 35, 69]"
12,"[15, 35, 29]"
13,"[15, 35, 34]"
15,"[15, 35, 33]"
18,"[15, 35, 28]"
16,"[15, 35, 25]"
13,"[15, 35, 54]"
12,"[15, 35, 53]"
16,"[15, 58]"
16,"[15, 58, 70]"
13,"[15, 58, 48]"
13,"[15, 58, 69]"
14,"[15, 58, 28]"
12,"[15, 58, 25]"
15,"[15, 49]"
13,"[15, 49, 70]"
19,"[15, 13]"
17,"[15, 13, 53]"
18,"[15, 13, 70]"
15,"[15, 13, 34]"
15,"[15, 13, 33]"
18,"[15, 13, 28]"
17,"[15, 13, 25]"
16,"[15, 13, 48]"
18,"[15, 13, 69]"
15,"[15, 13, 32]"
15,"[15, 13, 18]"
16,"[15, 13, 8]"
14,"[15, 13, 27]"
15,"[15, 13, 17]"
16,"[15, 13, 0]"
14,"[15, 13, 6]"
12,"[15, 13, 4]"
17,"[15, 13, 56]"
16,"[15, 13, 35]"
17,"[15, 13, 29]"
16,"[15, 13, 10]"
14,"[15, 13, 58]"
13,"[15, 13, 37]"
13,"[15, 13, 60]"
15,"[15, 13, 54]"
14,"[15, 13, 13]"
14,"[15, 13, 42]"
12,"[15, 13, 51]"
15,"[15, 13, 16]"
14,"[15, 13, 68]"
18,"[15, 53]"
17,"[15, 53, 70]"
14,"[15, 53, 34]"
14,"[15, 53, 33]"
16,"[15, 53, 28]"
16,"[15, 53, 25]"
14,"[15, 53, 48]"
17,"[15, 53, 69]"
14,"[15, 53, 32]"
14,"[15, 53, 18]"
15,"[15, 53, 8]"
13,"[15, 53, 27]"
14,"[15, 53, 17]"
14,"[15, 53, 0]"
13,"[15, 53, 6]"
15,"[15, 53, 56]"
15,"[15, 53, 35]"
16,"[15, 53, 29]"
15,"[15, 53, 10]"
14,"[15, 53, 58]"
13,"[15, 53, 37]"
15,"[15, 53, 54]"
13,"[15, 53, 13]"
16,"[15, 53, 53]"
13,"[15, 53, 42]"
12,"[15, 53, 51]"
16,"[15, 4]"
13,"[15, 4, 56]"
13,"[15, 4, 10]"
15,"[15, 4, 70]"
12,"[15, 4, 28]"
12,"[15, 4, 48]"
13,"[15, 43]"
12,"[15, 43, 70]"
26,[16]
19,"[16, 51]"
12,"[16, 51, 14]"
12,"[16, 51, 12]"
18,"[16, 51, 70]"
14,"[16, 51, 34]"
15,"[16, 51, 33]"
16,"[16, 51, 28]"
14,"[16, 51, 54]"
17,"[16, 51, 69]"
14,"[16, 51, 42]"
17,"[16, 51, 25]"
15,"[16, 51, 48]"
13,"[16, 51, 32]"
14,"[16, 51, 18]"
13,"[16, 51, 8]"
14,"[16, 51, 27]"
13,"[16, 51, 17]"
16,"[16, 51, 0]"
18,"[16, 51, 29]"
12,"[16, 51, 6]"
14,"[16, 51, 10]"
13,"[16, 51, 51]"
15,"[16, 51, 56]"
12,"[16, 51, 35]"
12,"[16, 51, 13]"
12,"[16, 51, 53]"
12,"[16, 51, 4]"
14,"[16, 16]"
13,"[16, 16, 70]"
12,"[16, 16, 69]"
20,"[16, 68]"
19,"[16, 68, 70]"
17,"[16, 68, 34]"
17,"[16, 68, 33]"
16,"[16, 68, 28]"
17,"[16, 68, 54]"
17,"[16, 68, 69]"
12,"[16, 68, 42]"
16,"[16, 68, 25]"
15,"[16, 68, 48]"
12,"[16, 68, 20]"
13,"[16, 68, 37]"
12,"[16, 68, 26]"
12,"[16, 68, 50]"
13,"[16, 68, 60]"
15,"[16, 68, 32]"
14,"[16, 68, 18]"
14,"[16, 68, 8]"
14,"[16, 68, 27]"
14,"[16, 68, 17]"
15,"[16, 68, 0]"
16,"[16, 68, 29]"
15,"[16, 68, 6]"
14,"[16, 68, 10]"
14,"[16, 68, 56]"
13,"[16, 68, 35]"
12,"[16, 68, 49]"
15,"[16, 68, 53]"
17,"[16, 14]"
16,"[16, 14, 70]"
12,"[16, 14, 34]"
13,"[16, 14, 33]"
13,"[16, 14, 28]"
15,"[16, 14, 69]"
14,"[16, 14, 25]"
12,"[16, 14, 48]"
12,"[16, 14, 32]"
12,"[16, 14, 18]"
14,"[16, 14, 27]"
13,"[16, 14, 17]"
12,"[16, 14, 0]"
17,"[16, 14, 29]"
12,"[16, 14, 10]"
13,"[16, 14, 56]"
18,"[16, 12]"
16,"[16, 12, 70]"
13,"[16, 12, 34]"
13,"[16, 12, 33]"
14,"[16, 12, 28]"
13,"[16, 12, 54]"
13,"[16, 12, 69]"
16,"[16, 12, 42]"
14,"[16, 12, 25]"
13,"[16, 12, 48]"
15,"[16, 12, 32]"
13,"[16, 12, 18]"
13,"[16, 12, 27]"
14,"[16, 12, 17]"
13,"[16, 12, 0]"
14,"[16, 12, 29]"
13,"[16, 12, 10]"
13,"[16, 12, 51]"
13,"[16, 12, 56]"
12,"[16, 12, 13]"
13,"[16, 12, 53]"
26,"[16, 70]"
15,"[16, 70, 62]"
26,"[16, 70, 70]"
25,"[16, 70, 34]"
25,"[16, 70, 33]"
25,"[16, 70, 28]"
24,"[16, 70, 54]"
22,"[16, 70, 69]"
18,"[16, 70, 42]"
23,"[16, 70, 25]"
22,"[16, 70, 48]"
20,"[16, 70, 20]"
19,"[16, 70, 37]"
17,"[16, 70, 26]"
15,"[16, 70, 50]"
16,"[16, 70, 60]"
12,"[16, 70, 36]"
12,"[16, 70, 64]"
21,"[16, 70, 32]"
22,"[16, 70, 18]"
22,"[16, 70, 8]"
21,"[16, 70, 27]"
21,"[16, 70, 17]"
22,"[16, 70, 0]"
23,"[16, 70, 29]"
20,"[16, 70, 6]"
20,"[16, 70, 10]"
14,"[16, 70, 12]"
14,"[16, 70, 51]"
20,"[16, 70, 56]"
18,"[16, 70, 35]"
17,"[16, 70, 58]"
15,"[16, 70, 49]"
12,"[16, 70, 55]"
16,"[16, 70, 53]"
12,"[16, 70, 13]"
14,"[16, 70, 14]"
13,"[16, 70, 9]"
16,"[16, 70, 4]"
15,"[16, 62]"
14,"[16, 62, 70]"
12,"[16, 62, 33]"
13,"[16, 62, 28]"
13,"[16, 62, 54]"
12,"[16, 62, 69]"
12,"[16, 62, 25]"
12,"[16, 62, 48]"
12,"[16, 62, 0]"
13,"[16, 62, 29]"
12,"[16, 62, 6]"
12,"[16, 62, 10]"
12,"[16, 62, 56]"
25,"[16, 34]"
25,"[16, 34, 33]"
24,"[16, 34, 28]"
14,"[16, 34, 62]"
21,"[16, 34, 54]"
23,"[16, 34, 70]"
21,"[16, 34, 69]"
15,"[16, 34, 42]"
23,"[16, 34, 25]"
22,"[16, 34, 48]"
20,"[16, 34, 20]"
19,"[16, 34, 37]"
16,"[16, 34, 26]"
14,"[16, 34, 50]"
15,"[16, 34, 60]"
18,"[16, 34, 32]"
17,"[16, 34, 18]"
16,"[16, 34, 8]"
18,"[16, 34, 27]"
18,"[16, 34, 17]"
18,"[16, 34, 0]"
21,"[16, 34, 29]"
19,"[16, 34, 6]"
18,"[16, 34, 10]"
12,"[16, 34, 12]"
12,"[16, 34, 51]"
18,"[16, 34, 56]"
14,"[16, 34, 35]"
15,"[16, 34, 58]"
14,"[16, 34, 49]"
14,"[16, 34, 53]"
12,"[16, 34, 14]"
13,"[16, 34, 4]"
15,"[16, 34, 34]"
25,"[16, 33]"
24,"[16, 33, 28]"
19,"[16, 33, 33]"
14,"[16, 33, 62]"
22,"[16, 33, 54]"
24,"[16, 33, 70]"
20,"[16, 33, 69]"
15,"[16, 33, 42]"
23,"[16, 33, 25]"
22,"[16, 33, 48]"
19,"[16, 33, 20]"
19,"[16, 33, 37]"
15,"[16, 33, 26]"
14,"[16, 33, 50]"
14,"[16, 33, 60]"
18,"[16, 33, 32]"
17,"[16, 33, 18]"
15,"[16, 33, 8]"
18,"[16, 33, 27]"
19,"[16, 33, 17]"
18,"[16, 33, 0]"
22,"[16, 33, 29]"
19,"[16, 33, 6]"
17,"[16, 33, 10]"
13,"[16, 33, 12]"
17,"[16, 33, 56]"
13,"[16, 33, 35]"
13,"[16, 33, 58]"
14,"[16, 33, 49]"
12,"[16, 33, 55]"
14,"[16, 33, 53]"
15,"[16, 33, 34]"
14,"[16, 33, 4]"
25,"[16, 28]"
18,"[16, 28, 33]"
13,"[16, 28, 62]"
18,"[16, 28, 28]"
20,"[16, 28, 54]"
24,"[16, 28, 70]"
20,"[16, 28, 69]"
14,"[16, 28, 42]"
23,"[16, 28, 25]"
22,"[16, 28, 48]"
16,"[16, 28, 20]"
18,"[16, 28, 37]"
15,"[16, 28, 26]"
14,"[16, 28, 50]"
13,"[16, 28, 60]"
17,"[16, 28, 32]"
16,"[16, 28, 18]"
14,"[16, 28, 8]"
17,"[16, 28, 27]"
18,"[16, 28, 17]"
19,"[16, 28, 0]"
22,"[16, 28, 29]"
20,"[16, 28, 6]"
17,"[16, 28, 10]"
13,"[16, 28, 12]"
12,"[16, 28, 51]"
17,"[16, 28, 56]"
12,"[16, 28, 58]"
13,"[16, 28, 49]"
15,"[16, 28, 53]"
12,"[16, 28, 13]"
14,"[16, 28, 4]"
14,"[16, 28, 34]"
24,"[16, 54]"
14,"[16, 54, 62]"
19,"[16, 54, 28]"
21,"[16, 54, 54]"
24,"[16, 54, 70]"
18,"[16, 54, 69]"
14,"[16, 54, 42]"
20,"[16, 54, 25]"
20,"[16, 54, 48]"
16,"[16, 54, 20]"
17,"[16, 54, 37]"
14,"[16, 54, 26]"
13,"[16, 54, 50]"
13,"[16, 54, 60]"
17,"[16, 54, 32]"
17,"[16, 54, 18]"
17,"[16, 54, 8]"
17,"[16, 54, 27]"
19,"[16, 54, 17]"
19,"[16, 54, 0]"
21,"[16, 54, 29]"
19,"[16, 54, 6]"
17,"[16, 54, 10]"
12,"[16, 54, 12]"
17,"[16, 54, 56]"
14,"[16, 54, 49]"
12,"[16, 54, 53]"
19,"[16, 54, 33]"
16,"[16, 54, 34]"
14,"[16, 54, 4]"
24,"[16, 69]"
21,"[16, 69, 42]"
15,"[16, 69, 62]"
20,"[16, 69, 54]"
22,"[16, 69, 25]"
23,"[16, 69, 28]"
21,"[16, 69, 48]"
17,"[16, 69, 20]"
18,"[16, 69, 37]"
24,"[16, 69, 70]"
16,"[16, 69, 26]"
13,"[16, 69, 50]"
16,"[16, 69, 60]"
12,"[16, 69, 36]"
20,"[16, 69, 32]"
21,"[16, 69, 18]"
21,"[16, 69, 8]"
20,"[16, 69, 27]"
21,"[16, 69, 17]"
22,"[16, 69, 0]"
23,"[16, 69, 29]"
19,"[16, 69, 6]"
20,"[16, 69, 10]"
22,"[16, 69, 69]"
17,"[16, 69, 12]"
17,"[16, 69, 51]"
19,"[16, 69, 56]"
16,"[16, 69, 35]"
14,"[16, 69, 58]"
14,"[16, 69, 49]"
16,"[16, 69, 13]"
18,"[16, 69, 53]"
16,"[16, 69, 4]"
20,"[16, 69, 34]"
22,"[16, 69, 33]"
12,"[16, 69, 16]"
14,"[16, 69, 14]"
22,"[16, 42]"
18,"[16, 42, 54]"
19,"[16, 42, 25]"
19,"[16, 42, 28]"
17,"[16, 42, 48]"
15,"[16, 42, 20]"
16,"[16, 42, 37]"
20,"[16, 42, 70]"
13,"[16, 42, 26]"
13,"[16, 42, 60]"
19,"[16, 42, 32]"
17,"[16, 42, 18]"
16,"[16, 42, 8]"
16,"[16, 42, 27]"
17,"[16, 42, 17]"
17,"[16, 42, 0]"
19,"[16, 42, 29]"
14,"[16, 42, 6]"
16,"[16, 42, 10]"
19,"[16, 42, 69]"
15,"[16, 42, 51]"
17,"[16, 42, 56]"
13,"[16, 42, 35]"
12,"[16, 42, 13]"
15,"[16, 42, 53]"
12,"[16, 42, 4]"
16,"[16, 42, 34]"
17,"[16, 42, 33]"
12,"[16, 42, 14]"
23,"[16, 25]"
19,"[16, 25, 28]"
21,"[16, 25, 48]"
14,"[16, 25, 62]"
16,"[16, 25, 20]"
17,"[16, 25, 37]"
23,"[16, 25, 70]"
14,"[16, 25, 26]"
14,"[16, 25, 50]"
13,"[16, 25, 60]"
16,"[16, 25, 32]"
15,"[16, 25, 18]"
14,"[16, 25, 8]"
16,"[16, 25, 27]"
17,"[16, 25, 17]"
17,"[16, 25, 0]"
20,"[16, 25, 29]"
18,"[16, 25, 6]"
16,"[16, 25, 10]"
18,"[16, 25, 69]"
17,"[16, 25, 56]"
20,"[16, 25, 25]"
13,"[16, 25, 35]"
13,"[16, 25, 58]"
14,"[16, 25, 49]"
19,"[16, 25, 54]"
16,"[16, 25, 33]"
13,"[16, 25, 4]"
13,"[16, 25, 34]"
22,"[16, 48]"
12,"[16, 48, 62]"
19,"[16, 48, 48]"
15,"[16, 48, 20]"
17,"[16, 48, 37]"
22,"[16, 48, 70]"
14,"[16, 48, 26]"
13,"[16, 48, 50]"
14,"[16, 48, 60]"
16,"[16, 48, 32]"
14,"[16, 48, 18]"
14,"[16, 48, 8]"
16,"[16, 48, 27]"
17,"[16, 48, 17]"
18,"[16, 48, 0]"
20,"[16, 48, 29]"
17,"[16, 48, 6]"
16,"[16, 48, 10]"
18,"[16, 48, 69]"
12,"[16, 48, 12]"
16,"[16, 48, 56]"
20,"[16, 48, 25]"
17,"[16, 48, 28]"
12,"[16, 48, 49]"
19,"[16, 48, 54]"
13,"[16, 48, 42]"
14,"[16, 48, 4]"
15,"[16, 48, 33]"
13,"[16, 48, 34]"
20,"[16, 20]"
16,"[16, 20, 37]"
19,"[16, 20, 70]"
13,"[16, 20, 62]"
14,"[16, 20, 26]"
13,"[16, 20, 50]"
13,"[16, 20, 60]"
14,"[16, 20, 32]"
14,"[16, 20, 18]"
13,"[16, 20, 8]"
14,"[16, 20, 27]"
16,"[16, 20, 17]"
15,"[16, 20, 0]"
18,"[16, 20, 29]"
16,"[16, 20, 6]"
15,"[16, 20, 10]"
16,"[16, 20, 69]"
13,"[16, 20, 56]"
16,"[16, 20, 25]"
17,"[16, 20, 48]"
16,"[16, 20, 28]"
16,"[16, 20, 54]"
13,"[16, 20, 4]"
15,"[16, 20, 33]"
12,"[16, 20, 34]"
19,"[16, 37]"
18,"[16, 37, 70]"
13,"[16, 37, 26]"
15,"[16, 37, 60]"
13,"[16, 37, 32]"
13,"[16, 37, 18]"
12,"[16, 37, 8]"
14,"[16, 37, 27]"
15,"[16, 37, 17]"
15,"[16, 37, 0]"
16,"[16, 37, 29]"
15,"[16, 37, 6]"
13,"[16, 37, 10]"
12,"[16, 37, 69]"
12,"[16, 37, 56]"
16,"[16, 37, 25]"
16,"[16, 37, 48]"
13,"[16, 37, 28]"
14,"[16, 37, 54]"
13,"[16, 37, 4]"
13,"[16, 37, 33]"
17,"[16, 26]"
13,"[16, 26, 50]"
12,"[16, 26, 32]"
12,"[16, 26, 27]"
12,"[16, 26, 17]"
15,"[16, 26, 0]"
14,"[16, 26, 29]"
15,"[16, 26, 6]"
13,"[16, 26, 10]"
17,"[16, 26, 70]"
13,"[16, 26, 69]"
13,"[16, 26, 25]"
14,"[16, 26, 48]"
12,"[16, 26, 28]"
12,"[16, 26, 54]"
13,"[16, 26, 4]"
15,"[16, 50]"
12,"[16, 50, 0]"
13,"[16, 50, 29]"
13,"[16, 50, 6]"
15,"[16, 50, 70]"
13,"[16, 50, 69]"
12,"[16, 50, 48]"
16,"[16, 60]"
12,"[16, 60, 32]"
12,"[16, 60, 18]"
12,"[16, 60, 8]"
12,"[16, 60, 27]"
13,"[16, 60, 17]"
14,"[16, 60, 0]"
14,"[16, 60, 29]"
15,"[16, 60, 6]"
12,"[16, 60, 10]"
16,"[16, 60, 70]"
13,"[16, 60, 25]"
14,"[16, 60, 48]"
12,"[16, 60, 28]"
12,"[16, 60, 54]"
12,"[16, 60, 4]"
12,"[16, 36]"
12,"[16, 64]"
12,"[16, 64, 64]"
12,"[16, 64, 70]"
12,"[16, 64, 28]"
23,"[16, 32]"
22,"[16, 32, 18]"
22,"[16, 32, 8]"
21,"[16, 32, 27]"
21,"[16, 32, 17]"
20,"[16, 32, 0]"
23,"[16, 32, 29]"
18,"[16, 32, 6]"
20,"[16, 32, 10]"
23,"[16, 32, 70]"
19,"[16, 32, 69]"
19,"[16, 32, 56]"
12,"[16, 32, 62]"
21,"[16, 32, 25]"
20,"[16, 32, 48]"
21,"[16, 32, 28]"
17,"[16, 32, 35]"
14,"[16, 32, 58]"
13,"[16, 32, 9]"
16,"[16, 32, 4]"
17,"[16, 32, 34]"
19,"[16, 32, 33]"
18,"[16, 32, 54]"
16,"[16, 32, 37]"
13,"[16, 32, 60]"
13,"[16, 32, 26]"
13,"[16, 32, 42]"
16,"[16, 32, 20]"
15,"[16, 32, 32]"
23,"[16, 18]"
20,"[16, 18, 8]"
13,"[16, 18, 18]"
19,"[16, 18, 27]"
20,"[16, 18, 17]"
19,"[16, 18, 0]"
23,"[16, 18, 29]"
19,"[16, 18, 6]"
19,"[16, 18, 10]"
22,"[16, 18, 70]"
16,"[16, 18, 69]"
18,"[16, 18, 56]"
13,"[16, 18, 62]"
20,"[16, 18, 25]"
20,"[16, 18, 48]"
20,"[16, 18, 28]"
17,"[16, 18, 35]"
15,"[16, 18, 58]"
12,"[16, 18, 49]"
12,"[16, 18, 9]"
15,"[16, 18, 4]"
16,"[16, 18, 34]"
19,"[16, 18, 33]"
17,"[16, 18, 54]"
15,"[16, 18, 37]"
12,"[16, 18, 26]"
13,"[16, 18, 32]"
15,"[16, 18, 20]"
24,"[16, 8]"
15,"[16, 8, 8]"
17,"[16, 8, 18]"
22,"[16, 8, 27]"
22,"[16, 8, 17]"
21,"[16, 8, 0]"
24,"[16, 8, 29]"
19,"[16, 8, 6]"
21,"[16, 8, 10]"
24,"[16, 8, 70]"
19,"[16, 8, 69]"
12,"[16, 8, 51]"
20,"[16, 8, 56]"
13,"[16, 8, 62]"
22,"[16, 8, 25]"
21,"[16, 8, 48]"
23,"[16, 8, 28]"
19,"[16, 8, 35]"
16,"[16, 8, 58]"
12,"[16, 8, 49]"
14,"[16, 8, 9]"
16,"[16, 8, 4]"
19,"[16, 8, 34]"
21,"[16, 8, 33]"
16,"[16, 8, 54]"
15,"[16, 8, 37]"
12,"[16, 8, 60]"
14,"[16, 8, 26]"
12,"[16, 8, 14]"
15,"[16, 8, 32]"
16,"[16, 8, 20]"
22,"[16, 27]"
21,"[16, 27, 17]"
18,"[16, 27, 0]"
22,"[16, 27, 29]"
17,"[16, 27, 6]"
19,"[16, 27, 10]"
22,"[16, 27, 70]"
18,"[16, 27, 69]"
17,"[16, 27, 56]"
19,"[16, 27, 25]"
19,"[16, 27, 48]"
20,"[16, 27, 28]"
16,"[16, 27, 35]"
14,"[16, 27, 58]"
14,"[16, 27, 4]"
16,"[16, 27, 34]"
18,"[16, 27, 33]"
14,"[16, 27, 54]"
12,"[16, 27, 37]"
16,"[16, 27, 27]"
12,"[16, 27, 32]"
13,"[16, 27, 20]"
23,"[16, 17]"
18,"[16, 17, 0]"
22,"[16, 17, 29]"
18,"[16, 17, 6]"
12,"[16, 17, 8]"
18,"[16, 17, 10]"
23,"[16, 17, 70]"
18,"[16, 17, 69]"
17,"[16, 17, 56]"
19,"[16, 17, 25]"
20,"[16, 17, 48]"
20,"[16, 17, 28]"
16,"[16, 17, 17]"
15,"[16, 17, 35]"
13,"[16, 17, 58]"
15,"[16, 17, 4]"
16,"[16, 17, 34]"
18,"[16, 17, 33]"
14,"[16, 17, 54]"
12,"[16, 17, 37]"
17,"[16, 17, 27]"
13,"[16, 17, 32]"
13,"[16, 17, 20]"
23,"[16, 0]"
19,"[16, 0, 29]"
19,"[16, 0, 6]"
12,"[16, 0, 8]"
20,"[16, 0, 10]"
23,"[16, 0, 70]"
18,"[16, 0, 69]"
19,"[16, 0, 56]"
12,"[16, 0, 62]"
21,"[16, 0, 25]"
20,"[16, 0, 48]"
21,"[16, 0, 28]"
17,"[16, 0, 17]"
16,"[16, 0, 35]"
14,"[16, 0, 58]"
12,"[16, 0, 49]"
16,"[16, 0, 4]"
17,"[16, 0, 34]"
19,"[16, 0, 33]"
14,"[16, 0, 54]"
15,"[16, 0, 0]"
13,"[16, 0, 37]"
13,"[16, 0, 26]"
16,"[16, 0, 27]"
15,"[16, 0, 20]"
24,"[16, 29]"
18,"[16, 29, 6]"
19,"[16, 29, 10]"
23,"[16, 29, 70]"
18,"[16, 29, 69]"
18,"[16, 29, 56]"
12,"[16, 29, 62]"
20,"[16, 29, 25]"
20,"[16, 29, 48]"
21,"[16, 29, 28]"
15,"[16, 29, 17]"
16,"[16, 29, 35]"
13,"[16, 29, 58]"
12,"[16, 29, 49]"
18,"[16, 29, 0]"
15,"[16, 29, 4]"
17,"[16, 29, 34]"
19,"[16, 29, 33]"
14,"[16, 29, 54]"
13,"[16, 29, 37]"
12,"[16, 29, 26]"
17,"[16, 29, 29]"
14,"[16, 29, 27]"
14,"[16, 29, 20]"
20,"[16, 6]"
16,"[16, 6, 10]"
20,"[16, 6, 70]"
14,"[16, 6, 69]"
14,"[16, 6, 56]"
17,"[16, 6, 25]"
17,"[16, 6, 48]"
16,"[16, 6, 28]"
15,"[16, 6, 17]"
13,"[16, 6, 35]"
13,"[16, 6, 58]"
12,"[16, 6, 49]"
16,"[16, 6, 6]"
14,"[16, 6, 4]"
12,"[16, 6, 34]"
14,"[16, 6, 33]"
13,"[16, 6, 54]"
15,"[16, 6, 0]"
16,"[16, 6, 29]"
23,"[16, 10]"
22,"[16, 10, 70]"
17,"[16, 10, 69]"
19,"[16, 10, 56]"
13,"[16, 10, 62]"
20,"[16, 10, 25]"
19,"[16, 10, 48]"
21,"[16, 10, 28]"
14,"[16, 10, 17]"
19,"[16, 10, 35]"
16,"[16, 10, 58]"
12,"[16, 10, 49]"
17,"[16, 10, 6]"
14,"[16, 10, 10]"
15,"[16, 10, 34]"
18,"[16, 10, 33]"
15,"[16, 10, 54]"
16,"[16, 10, 0]"
12,"[16, 10, 26]"
19,"[16, 10, 29]"
12,"[16, 10, 18]"
13,"[16, 10, 27]"
15,"[16, 10, 4]"
12,"[16, 10, 20]"
21,"[16, 56]"
13,"[16, 56, 62]"
18,"[16, 56, 25]"
18,"[16, 56, 48]"
19,"[16, 56, 28]"
12,"[16, 56, 17]"
20,"[16, 56, 70]"
17,"[16, 56, 35]"
15,"[16, 56, 58]"
15,"[16, 56, 6]"
15,"[16, 56, 69]"
15,"[16, 56, 34]"
17,"[16, 56, 33]"
13,"[16, 56, 54]"
13,"[16, 56, 0]"
14,"[16, 56, 56]"
12,"[16, 56, 26]"
16,"[16, 56, 29]"
12,"[16, 56, 10]"
12,"[16, 56, 4]"
12,"[16, 56, 20]"
20,"[16, 35]"
17,"[16, 35, 58]"
13,"[16, 35, 62]"
20,"[16, 35, 70]"
17,"[16, 35, 48]"
14,"[16, 35, 6]"
16,"[16, 35, 69]"
13,"[16, 35, 34]"
16,"[16, 35, 33]"
19,"[16, 35, 28]"
17,"[16, 35, 25]"
14,"[16, 35, 54]"
12,"[16, 35, 56]"
15,"[16, 35, 29]"
17,"[16, 58]"
17,"[16, 58, 70]"
14,"[16, 58, 48]"
12,"[16, 58, 6]"
14,"[16, 58, 69]"
12,"[16, 58, 33]"
15,"[16, 58, 28]"
13,"[16, 58, 25]"
12,"[16, 58, 54]"
13,"[16, 58, 29]"
15,"[16, 49]"
15,"[16, 49, 70]"
12,"[16, 49, 49]"
12,"[16, 49, 48]"
12,"[16, 49, 69]"
12,"[16, 49, 33]"
13,"[16, 49, 29]"
12,"[16, 49, 54]"
12,"[16, 55]"
24,"[16, 53]"
16,"[16, 53, 51]"
15,"[16, 53, 13]"
13,"[16, 53, 14]"
20,"[16, 53, 69]"
14,"[16, 53, 12]"
15,"[16, 53, 42]"
16,"[16, 53, 53]"
18,"[16, 53, 32]"
18,"[16, 53, 18]"
19,"[16, 53, 8]"
17,"[16, 53, 27]"
18,"[16, 53, 17]"
21,"[16, 53, 29]"
19,"[16, 53, 0]"
17,"[16, 53, 6]"
15,"[16, 53, 4]"
20,"[16, 53, 10]"
17,"[16, 53, 56]"
15,"[16, 53, 35]"
13,"[16, 53, 58]"
22,"[16, 53, 70]"
21,"[16, 53, 34]"
22,"[16, 53, 33]"
20,"[16, 53, 28]"
20,"[16, 53, 25]"
19,"[16, 53, 48]"
21,"[16, 53, 54]"
17,"[16, 53, 37]"
13,"[16, 53, 60]"
12,"[16, 53, 26]"
12,"[16, 53, 62]"
12,"[16, 53, 49]"
15,"[16, 53, 20]"
18,"[16, 13]"
14,"[16, 13, 69]"
15,"[16, 13, 53]"
14,"[16, 13, 32]"
13,"[16, 13, 18]"
12,"[16, 13, 8]"
12,"[16, 13, 27]"
13,"[16, 13, 17]"
14,"[16, 13, 29]"
12,"[16, 13, 0]"
12,"[16, 13, 10]"
12,"[16, 13, 56]"
12,"[16, 13, 35]"
17,"[16, 13, 70]"
13,"[16, 13, 34]"
14,"[16, 13, 33]"
14,"[16, 13, 28]"
15,"[16, 13, 25]"
13,"[16, 13, 48]"
15,"[16, 13, 54]"
12,"[16, 15]"
13,"[16, 43]"
12,"[16, 43, 70]"
14,"[16, 9]"
12,"[16, 9, 27]"
13,"[16, 9, 17]"
14,"[16, 9, 29]"
13,"[16, 9, 0]"
13,"[16, 9, 6]"
12,"[16, 9, 10]"
12,"[16, 9, 56]"
14,"[16, 9, 70]"
12,"[16, 9, 34]"
14,"[16, 9, 33]"
14,"[16, 9, 28]"
13,"[16, 9, 25]"
12,"[16, 9, 48]"
17,"[16, 4]"
14,"[16, 4, 10]"
16,"[16, 4, 70]"
13,"[16, 4, 28]"
12,"[16, 4, 25]"
14,"[16, 4, 48]"
12,"[16, 4, 0]"
12,"[16, 4, 6]"
13,"[16, 4, 29]"
37,[51]
22,"[51, 16]"
18,"[51, 16, 68]"
13,"[51, 16, 14]"
14,"[51, 16, 12]"
22,"[51, 16, 70]"
13,"[51, 16, 62]"
20,"[51, 16, 34]"
20,"[51, 16, 33]"
19,"[51, 16, 28]"
20,"[51, 16, 54]"
21,"[51, 16, 69]"
17,"[51, 16, 42]"
18,"[51, 16, 25]"
17,"[51, 16, 48]"
16,"[51, 16, 20]"
15,"[51, 16, 37]"
14,"[51, 16, 26]"
12,"[51, 16, 50]"
13,"[51, 16, 60]"
19,"[51, 16, 32]"
17,"[51, 16, 18]"
17,"[51, 16, 8]"
18,"[51, 16, 27]"
18,"[51, 16, 17]"
18,"[51, 16, 0]"
20,"[51, 16, 29]"
16,"[51, 16, 6]"
17,"[51, 16, 10]"
13,"[51, 16, 51]"
16,"[51, 16, 56]"
14,"[51, 16, 35]"
13,"[51, 16, 49]"
18,"[51, 16, 53]"
13,"[51, 16, 13]"
14,"[51, 16, 4]"
19,"[51, 68]"
18,"[51, 68, 70]"
15,"[51, 68, 34]"
15,"[51, 68, 33]"
15,"[51, 68, 28]"
15,"[51, 68, 54]"
15,"[51, 68, 69]"
15,"[51, 68, 25]"
14,"[51, 68, 48]"
12,"[51, 68, 20]"
12,"[51, 68, 37]"
12,"[51, 68, 50]"
12,"[51, 68, 60]"
14,"[51, 68, 32]"
13,"[51, 68, 18]"
13,"[51, 68, 8]"
13,"[51, 68, 27]"
13,"[51, 68, 17]"
14,"[51, 68, 0]"
15,"[51, 68, 29]"
14,"[51, 68, 6]"
13,"[51, 68, 10]"
13,"[51, 68, 56]"
13,"[51, 68, 35]"
12,"[51, 68, 49]"
13,"[51, 68, 53]"
26,"[51, 14]"
16,"[51, 14, 12]"
25,"[51, 14, 70]"
13,"[51, 14, 62]"
23,"[51, 14, 34]"
22,"[51, 14, 33]"
23,"[51, 14, 28]"
23,"[51, 14, 54]"
24,"[51, 14, 69]"
17,"[51, 14, 42]"
22,"[51, 14, 25]"
21,"[51, 14, 48]"
17,"[51, 14, 20]"
19,"[51, 14, 37]"
17,"[51, 14, 26]"
15,"[51, 14, 50]"
15,"[51, 14, 60]"
22,"[51, 14, 32]"
21,"[51, 14, 18]"
20,"[51, 14, 8]"
23,"[51, 14, 27]"
23,"[51, 14, 17]"
21,"[51, 14, 0]"
12,"[51, 14, 3]"
12,"[51, 14, 1]"
25,"[51, 14, 29]"
20,"[51, 14, 6]"
23,"[51, 14, 10]"
15,"[51, 14, 51]"
19,"[51, 14, 56]"
12,"[51, 14, 57]"
17,"[51, 14, 35]"
15,"[51, 14, 58]"
16,"[51, 14, 49]"
15,"[51, 14, 55]"
17,"[51, 14, 13]"
20,"[51, 14, 53]"
18,"[51, 14, 4]"
13,"[51, 14, 7]"
14,"[51, 14, 16]"
22,"[51, 12]"
19,"[51, 12, 70]"
18,"[51, 12, 34]"
18,"[51, 12, 33]"
16,"[51, 12, 28]"
16,"[51, 12, 54]"
16,"[51, 12, 69]"
19,"[51, 12, 42]"
15,"[51, 12, 25]"
15,"[51, 12, 48]"
13,"[51, 12, 20]"
14,"[51, 12, 37]"
13,"[51, 12, 26]"
12,"[51, 12, 60]"
16,"[51, 12, 32]"
15,"[51, 12, 18]"
13,"[51, 12, 8]"
14,"[51, 12, 27]"
16,"[51, 12, 17]"
15,"[51, 12, 0]"
16,"[51, 12, 29]"
12,"[51, 12, 6]"
15,"[51, 12, 10]"
15,"[51, 12, 51]"
14,"[51, 12, 56]"
15,"[51, 12, 13]"
16,"[51, 12, 53]"
12,"[51, 12, 4]"
37,"[51, 70]"
20,"[51, 70, 62]"
36,"[51, 70, 70]"
34,"[51, 70, 34]"
32,"[51, 70, 33]"
36,"[51, 70, 28]"
34,"[51, 70, 54]"
31,"[51, 70, 69]"
25,"[51, 70, 42]"
34,"[51, 70, 25]"
33,"[51, 70, 48]"
28,"[51, 70, 20]"
29,"[51, 70, 37]"
24,"[51, 70, 26]"
24,"[51, 70, 50]"
26,"[51, 70, 60]"
14,"[51, 70, 36]"
14,"[51, 70, 64]"
28,"[51, 70, 32]"
29,"[51, 70, 18]"
29,"[51, 70, 8]"
31,"[51, 70, 27]"
33,"[51, 70, 17]"
32,"[51, 70, 0]"
18,"[51, 70, 3]"
14,"[51, 70, 1]"
33,"[51, 70, 29]"
33,"[51, 70, 6]"
30,"[51, 70, 10]"
19,"[51, 70, 12]"
18,"[51, 70, 51]"
13,"[51, 70, 11]"
29,"[51, 70, 56]"
17,"[51, 70, 57]"
26,"[51, 70, 35]"
25,"[51, 70, 58]"
24,"[51, 70, 49]"
21,"[51, 70, 55]"
13,"[51, 70, 21]"
14,"[51, 70, 31]"
25,"[51, 70, 4]"
15,"[51, 70, 13]"
21,"[51, 70, 53]"
12,"[51, 70, 16]"
12,"[51, 70, 15]"
17,"[51, 70, 14]"
16,"[51, 70, 9]"
19,"[51, 70, 7]"
20,"[51, 62]"
19,"[51, 62, 70]"
14,"[51, 62, 62]"
14,"[51, 62, 34]"
15,"[51, 62, 33]"
17,"[51, 62, 28]"
17,"[51, 62, 54]"
15,"[51, 62, 69]"
15,"[51, 62, 25]"
16,"[51, 62, 48]"
13,"[51, 62, 20]"
13,"[51, 62, 37]"
13,"[51, 62, 50]"
13,"[51, 62, 64]"
13,"[51, 62, 32]"
12,"[51, 62, 18]"
13,"[51, 62, 8]"
13,"[51, 62, 27]"
14,"[51, 62, 17]"
16,"[51, 62, 0]"
18,"[51, 62, 29]"
16,"[51, 62, 6]"
14,"[51, 62, 10]"
13,"[51, 62, 56]"
12,"[51, 62, 35]"
13,"[51, 62, 49]"
13,"[51, 62, 53]"
34,"[51, 34]"
32,"[51, 34, 33]"
34,"[51, 34, 28]"
18,"[51, 34, 62]"
33,"[51, 34, 54]"
34,"[51, 34, 70]"
27,"[51, 34, 69]"
20,"[51, 34, 42]"
32,"[51, 34, 25]"
32,"[51, 34, 48]"
27,"[51, 34, 20]"
28,"[51, 34, 37]"
22,"[51, 34, 26]"
22,"[51, 34, 50]"
24,"[51, 34, 60]"
13,"[51, 34, 36]"
13,"[51, 34, 64]"
23,"[51, 34, 32]"
22,"[51, 34, 18]"
21,"[51, 34, 8]"
25,"[51, 34, 27]"
29,"[51, 34, 17]"
24,"[51, 34, 0]"
13,"[51, 34, 3]"
12,"[51, 34, 1]"
29,"[51, 34, 29]"
29,"[51, 34, 6]"
23,"[51, 34, 10]"
18,"[51, 34, 12]"
12,"[51, 34, 51]"
21,"[51, 34, 56]"
12,"[51, 34, 57]"
20,"[51, 34, 35]"
19,"[51, 34, 58]"
23,"[51, 34, 49]"
20,"[51, 34, 55]"
20,"[51, 34, 4]"
23,"[51, 34, 34]"
13,"[51, 34, 13]"
19,"[51, 34, 53]"
12,"[51, 34, 14]"
13,"[51, 34, 7]"
32,"[51, 33]"
31,"[51, 33, 28]"
24,"[51, 33, 33]"
18,"[51, 33, 62]"
31,"[51, 33, 54]"
32,"[51, 33, 70]"
25,"[51, 33, 69]"
20,"[51, 33, 42]"
31,"[51, 33, 25]"
29,"[51, 33, 48]"
26,"[51, 33, 20]"
26,"[51, 33, 37]"
20,"[51, 33, 26]"
20,"[51, 33, 50]"
20,"[51, 33, 60]"
12,"[51, 33, 36]"
13,"[51, 33, 64]"
22,"[51, 33, 32]"
21,"[51, 33, 18]"
20,"[51, 33, 8]"
24,"[51, 33, 27]"
27,"[51, 33, 17]"
24,"[51, 33, 0]"
13,"[51, 33, 3]"
29,"[51, 33, 29]"
27,"[51, 33, 6]"
22,"[51, 33, 10]"
18,"[51, 33, 12]"
12,"[51, 33, 51]"
20,"[51, 33, 56]"
18,"[51, 33, 35]"
17,"[51, 33, 58]"
20,"[51, 33, 49]"
18,"[51, 33, 55]"
20,"[51, 33, 4]"
21,"[51, 33, 34]"
13,"[51, 33, 13]"
18,"[51, 33, 53]"
36,"[51, 28]"
25,"[51, 28, 33]"
17,"[51, 28, 62]"
27,"[51, 28, 28]"
32,"[51, 28, 54]"
35,"[51, 28, 70]"
25,"[51, 28, 69]"
20,"[51, 28, 42]"
31,"[51, 28, 25]"
30,"[51, 28, 48]"
23,"[51, 28, 20]"
25,"[51, 28, 37]"
21,"[51, 28, 26]"
21,"[51, 28, 50]"
20,"[51, 28, 60]"
13,"[51, 28, 64]"
22,"[51, 28, 32]"
20,"[51, 28, 18]"
19,"[51, 28, 8]"
24,"[51, 28, 27]"
29,"[51, 28, 17]"
25,"[51, 28, 0]"
13,"[51, 28, 3]"
29,"[51, 28, 29]"
29,"[51, 28, 6]"
22,"[51, 28, 10]"
18,"[51, 28, 12]"
13,"[51, 28, 51]"
20,"[51, 28, 56]"
17,"[51, 28, 35]"
17,"[51, 28, 58]"
21,"[51, 28, 49]"
20,"[51, 28, 55]"
20,"[51, 28, 4]"
21,"[51, 28, 34]"
14,"[51, 28, 13]"
19,"[51, 28, 53]"
34,"[51, 54]"
16,"[51, 54, 62]"
25,"[51, 54, 28]"
28,"[51, 54, 54]"
34,"[51, 54, 70]"
24,"[51, 54, 69]"
19,"[51, 54, 42]"
23,"[51, 54, 25]"
26,"[51, 54, 48]"
22,"[51, 54, 20]"
21,"[51, 54, 37]"
17,"[51, 54, 26]"
17,"[51, 54, 50]"
19,"[51, 54, 60]"
12,"[51, 54, 36]"
12,"[51, 54, 64]"
21,"[51, 54, 32]"
19,"[51, 54, 18]"
20,"[51, 54, 8]"
23,"[51, 54, 27]"
28,"[51, 54, 17]"
24,"[51, 54, 0]"
12,"[51, 54, 3]"
28,"[51, 54, 29]"
27,"[51, 54, 6]"
19,"[51, 54, 10]"
18,"[51, 54, 12]"
12,"[51, 54, 51]"
19,"[51, 54, 56]"
14,"[51, 54, 35]"
13,"[51, 54, 58]"
21,"[51, 54, 49]"
19,"[51, 54, 55]"
13,"[51, 54, 13]"
15,"[51, 54, 53]"
23,"[51, 54, 33]"
19,"[51, 54, 4]"
20,"[51, 54, 34]"
34,"[51, 69]"
12,"[51, 69, 66]"
28,"[51, 69, 42]"
18,"[51, 69, 62]"
30,"[51, 69, 54]"
31,"[51, 69, 25]"
32,"[51, 69, 28]"
30,"[51, 69, 48]"
23,"[51, 69, 20]"
26,"[51, 69, 37]"
34,"[51, 69, 70]"
21,"[51, 69, 26]"
20,"[51, 69, 50]"
24,"[51, 69, 60]"
13,"[51, 69, 36]"
13,"[51, 69, 64]"
26,"[51, 69, 32]"
26,"[51, 69, 18]"
26,"[51, 69, 8]"
27,"[51, 69, 27]"
29,"[51, 69, 17]"
30,"[51, 69, 0]"
16,"[51, 69, 3]"
12,"[51, 69, 1]"
31,"[51, 69, 29]"
29,"[51, 69, 6]"
27,"[51, 69, 10]"
31,"[51, 69, 69]"
22,"[51, 69, 12]"
23,"[51, 69, 51]"
28,"[51, 69, 56]"
14,"[51, 69, 57]"
22,"[51, 69, 35]"
20,"[51, 69, 58]"
22,"[51, 69, 49]"
19,"[51, 69, 55]"
12,"[51, 69, 43]"
15,"[51, 69, 15]"
19,"[51, 69, 14]"
22,"[51, 69, 13]"
25,"[51, 69, 53]"
29,"[51, 69, 34]"
29,"[51, 69, 33]"
23,"[51, 69, 4]"
13,"[51, 69, 9]"
16,"[51, 69, 7]"
15,"[51, 69, 16]"
12,"[51, 69, 68]"
13,"[51, 66]"
12,"[51, 66, 42]"
12,"[51, 66, 28]"
13,"[51, 66, 70]"
13,"[51, 66, 69]"
12,"[51, 66, 53]"
29,"[51, 42]"
13,"[51, 42, 62]"
23,"[51, 42, 54]"
23,"[51, 42, 25]"
23,"[51, 42, 28]"
21,"[51, 42, 48]"
19,"[51, 42, 20]"
21,"[51, 42, 37]"
26,"[51, 42, 70]"
17,"[51, 42, 26]"
14,"[51, 42, 50]"
18,"[51, 42, 60]"
22,"[51, 42, 32]"
20,"[51, 42, 18]"
20,"[51, 42, 8]"
21,"[51, 42, 27]"
21,"[51, 42, 17]"
22,"[51, 42, 0]"
13,"[51, 42, 3]"
24,"[51, 42, 29]"
19,"[51, 42, 6]"
21,"[51, 42, 10]"
25,"[51, 42, 69]"
13,"[51, 42, 12]"
19,"[51, 42, 51]"
21,"[51, 42, 56]"
17,"[51, 42, 35]"
14,"[51, 42, 58]"
14,"[51, 42, 49]"
13,"[51, 42, 55]"
12,"[51, 42, 42]"
13,"[51, 42, 15]"
15,"[51, 42, 14]"
15,"[51, 42, 13]"
18,"[51, 42, 53]"
23,"[51, 42, 34]"
24,"[51, 42, 33]"
17,"[51, 42, 4]"
12,"[51, 42, 16]"
34,"[51, 25]"
27,"[51, 25, 28]"
29,"[51, 25, 48]"
19,"[51, 25, 62]"
25,"[51, 25, 20]"
27,"[51, 25, 37]"
33,"[51, 25, 70]"
18,"[51, 25, 26]"
18,"[51, 25, 50]"
20,"[51, 25, 60]"
12,"[51, 25, 36]"
13,"[51, 25, 64]"
22,"[51, 25, 32]"
20,"[51, 25, 18]"
20,"[51, 25, 8]"
25,"[51, 25, 27]"
27,"[51, 25, 17]"
24,"[51, 25, 0]"
13,"[51, 25, 3]"
12,"[51, 25, 1]"
30,"[51, 25, 29]"
27,"[51, 25, 6]"
20,"[51, 25, 10]"
25,"[51, 25, 69]"
17,"[51, 25, 12]"
20,"[51, 25, 56]"
25,"[51, 25, 25]"
17,"[51, 25, 35]"
18,"[51, 25, 58]"
22,"[51, 25, 49]"
19,"[51, 25, 55]"
24,"[51, 25, 33]"
20,"[51, 25, 4]"
20,"[51, 25, 34]"
28,"[51, 25, 54]"
12,"[51, 25, 13]"
16,"[51, 25, 53]"
17,"[51, 25, 42]"
33,"[51, 48]"
15,"[51, 48, 62]"
28,"[51, 48, 48]"
21,"[51, 48, 20]"
24,"[51, 48, 37]"
33,"[51, 48, 70]"
18,"[51, 48, 26]"
18,"[51, 48, 50]"
21,"[51, 48, 60]"
21,"[51, 48, 32]"
18,"[51, 48, 18]"
19,"[51, 48, 8]"
23,"[51, 48, 27]"
28,"[51, 48, 17]"
25,"[51, 48, 0]"
12,"[51, 48, 3]"
28,"[51, 48, 29]"
28,"[51, 48, 6]"
20,"[51, 48, 10]"
24,"[51, 48, 69]"
17,"[51, 48, 12]"
19,"[51, 48, 56]"
25,"[51, 48, 25]"
27,"[51, 48, 28]"
14,"[51, 48, 35]"
15,"[51, 48, 58]"
20,"[51, 48, 49]"
21,"[51, 48, 55]"
20,"[51, 48, 33]"
21,"[51, 48, 4]"
18,"[51, 48, 34]"
29,"[51, 48, 54]"
13,"[51, 48, 53]"
17,"[51, 48, 42]"
28,"[51, 20]"
25,"[51, 20, 37]"
19,"[51, 20, 20]"
28,"[51, 20, 70]"
16,"[51, 20, 62]"
19,"[51, 20, 26]"
19,"[51, 20, 50]"
20,"[51, 20, 60]"
13,"[51, 20, 36]"
21,"[51, 20, 32]"
20,"[51, 20, 18]"
19,"[51, 20, 8]"
23,"[51, 20, 27]"
25,"[51, 20, 17]"
22,"[51, 20, 0]"
12,"[51, 20, 3]"
27,"[51, 20, 29]"
24,"[51, 20, 6]"
21,"[51, 20, 10]"
22,"[51, 20, 69]"
16,"[51, 20, 12]"
18,"[51, 20, 56]"
23,"[51, 20, 25]"
25,"[51, 20, 48]"
25,"[51, 20, 28]"
17,"[51, 20, 35]"
15,"[51, 20, 58]"
19,"[51, 20, 49]"
15,"[51, 20, 55]"
19,"[51, 20, 4]"
23,"[51, 20, 54]"
15,"[51, 20, 42]"
14,"[51, 20, 53]"
22,"[51, 20, 33]"
20,"[51, 20, 34]"
29,"[51, 37]"
16,"[51, 37, 20]"
29,"[51, 37, 70]"
14,"[51, 37, 62]"
18,"[51, 37, 26]"
15,"[51, 37, 50]"
24,"[51, 37, 60]"
12,"[51, 37, 36]"
19,"[51, 37, 32]"
18,"[51, 37, 18]"
17,"[51, 37, 8]"
22,"[51, 37, 27]"
25,"[51, 37, 17]"
22,"[51, 37, 0]"
25,"[51, 37, 29]"
24,"[51, 37, 6]"
18,"[51, 37, 10]"
19,"[51, 37, 69]"
14,"[51, 37, 12]"
16,"[51, 37, 56]"
22,"[51, 37, 25]"
24,"[51, 37, 48]"
23,"[51, 37, 28]"
14,"[51, 37, 35]"
12,"[51, 37, 58]"
18,"[51, 37, 49]"
18,"[51, 37, 55]"
19,"[51, 37, 4]"
22,"[51, 37, 54]"
13,"[51, 37, 42]"
19,"[51, 37, 33]"
17,"[51, 37, 34]"
14,"[51, 37, 37]"
24,"[51, 26]"
20,"[51, 26, 50]"
13,"[51, 26, 60]"
16,"[51, 26, 32]"
14,"[51, 26, 18]"
14,"[51, 26, 8]"
17,"[51, 26, 27]"
19,"[51, 26, 17]"
20,"[51, 26, 0]"
20,"[51, 26, 29]"
21,"[51, 26, 6]"
16,"[51, 26, 10]"
24,"[51, 26, 70]"
17,"[51, 26, 69]"
13,"[51, 26, 56]"
13,"[51, 26, 62]"
16,"[51, 26, 25]"
20,"[51, 26, 48]"
17,"[51, 26, 28]"
12,"[51, 26, 49]"
14,"[51, 26, 55]"
15,"[51, 26, 37]"
17,"[51, 26, 4]"
16,"[51, 26, 54]"
14,"[51, 26, 33]"
12,"[51, 26, 34]"
24,"[51, 50]"
13,"[51, 50, 60]"
15,"[51, 50, 32]"
14,"[51, 50, 18]"
14,"[51, 50, 8]"
16,"[51, 50, 27]"
19,"[51, 50, 17]"
18,"[51, 50, 0]"
20,"[51, 50, 29]"
19,"[51, 50, 6]"
15,"[51, 50, 10]"
24,"[51, 50, 70]"
18,"[51, 50, 69]"
13,"[51, 50, 56]"
14,"[51, 50, 62]"
14,"[51, 50, 25]"
20,"[51, 50, 48]"
17,"[51, 50, 28]"
15,"[51, 50, 49]"
15,"[51, 50, 55]"
15,"[51, 50, 37]"
16,"[51, 50, 4]"
17,"[51, 50, 54]"
14,"[51, 50, 33]"
12,"[51, 50, 34]"
26,"[51, 60]"
17,"[51, 60, 32]"
15,"[51, 60, 18]"
16,"[51, 60, 8]"
18,"[51, 60, 27]"
22,"[51, 60, 17]"
20,"[51, 60, 0]"
21,"[51, 60, 29]"
23,"[51, 60, 6]"
15,"[51, 60, 10]"
26,"[51, 60, 70]"
16,"[51, 60, 69]"
12,"[51, 60, 12]"
14,"[51, 60, 56]"
13,"[51, 60, 62]"
17,"[51, 60, 25]"
22,"[51, 60, 48]"
20,"[51, 60, 28]"
13,"[51, 60, 35]"
12,"[51, 60, 58]"
14,"[51, 60, 49]"
17,"[51, 60, 55]"
18,"[51, 60, 4]"
18,"[51, 60, 54]"
16,"[51, 60, 26]"
16,"[51, 60, 50]"
13,"[51, 60, 20]"
14,"[51, 60, 33]"
13,"[51, 60, 34]"
14,"[51, 36]"
12,"[51, 36, 27]"
12,"[51, 36, 17]"
12,"[51, 36, 0]"
13,"[51, 36, 29]"
13,"[51, 36, 6]"
14,"[51, 36, 70]"
13,"[51, 36, 62]"
13,"[51, 36, 28]"
12,"[51, 36, 49]"
14,"[51, 64]"
12,"[51, 64, 18]"
12,"[51, 64, 8]"
14,"[51, 64, 64]"
12,"[51, 64, 17]"
13,"[51, 64, 0]"
13,"[51, 64, 29]"
12,"[51, 64, 6]"
13,"[51, 64, 10]"
14,"[51, 64, 70]"
12,"[51, 64, 56]"
12,"[51, 64, 62]"
12,"[51, 64, 25]"
13,"[51, 64, 28]"
13,"[51, 64, 35]"
12,"[51, 64, 58]"
34,"[51, 32]"
32,"[51, 32, 18]"
32,"[51, 32, 8]"
12,"[51, 32, 64]"
31,"[51, 32, 27]"
32,"[51, 32, 17]"
31,"[51, 32, 0]"
18,"[51, 32, 3]"
15,"[51, 32, 1]"
34,"[51, 32, 29]"
30,"[51, 32, 6]"
32,"[51, 32, 10]"
34,"[51, 32, 70]"
28,"[51, 32, 69]"
16,"[51, 32, 12]"
15,"[51, 32, 51]"
16,"[51, 32, 11]"
31,"[51, 32, 56]"
19,"[51, 32, 57]"
16,"[51, 32, 62]"
30,"[51, 32, 25]"
31,"[51, 32, 48]"
32,"[51, 32, 28]"
27,"[51, 32, 35]"
24,"[51, 32, 58]"
20,"[51, 32, 49]"
19,"[51, 32, 55]"
12,"[51, 32, 21]"
15,"[51, 32, 31]"
26,"[51, 32, 4]"
27,"[51, 32, 34]"
27,"[51, 32, 33]"
19,"[51, 32, 26]"
18,"[51, 32, 50]"
24,"[51, 32, 37]"
22,"[51, 32, 60]"
12,"[51, 32, 5]"
29,"[51, 32, 54]"
13,"[51, 32, 13]"
16,"[51, 32, 53]"
18,"[51, 32, 42]"
18,"[51, 32, 9]"
18,"[51, 32, 7]"
13,"[51, 32, 59]"
12,"[51, 32, 14]"
22,"[51, 32, 20]"
19,"[51, 32, 32]"
33,"[51, 18]"
31,"[51, 18, 8]"
13,"[51, 18, 64]"
16,"[51, 18, 18]"
29,"[51, 18, 27]"
31,"[51, 18, 17]"
30,"[51, 18, 0]"
18,"[51, 18, 3]"
15,"[51, 18, 1]"
33,"[51, 18, 29]"
30,"[51, 18, 6]"
30,"[51, 18, 10]"
33,"[51, 18, 70]"
25,"[51, 18, 69]"
15,"[51, 18, 12]"
13,"[51, 18, 51]"
15,"[51, 18, 11]"
29,"[51, 18, 56]"
18,"[51, 18, 57]"
17,"[51, 18, 62]"
28,"[51, 18, 25]"
30,"[51, 18, 48]"
31,"[51, 18, 28]"
26,"[51, 18, 35]"
24,"[51, 18, 58]"
21,"[51, 18, 49]"
19,"[51, 18, 55]"
12,"[51, 18, 21]"
15,"[51, 18, 31]"
24,"[51, 18, 4]"
26,"[51, 18, 34]"
26,"[51, 18, 33]"
18,"[51, 18, 26]"
18,"[51, 18, 50]"
22,"[51, 18, 37]"
19,"[51, 18, 60]"
12,"[51, 18, 5]"
27,"[51, 18, 54]"
13,"[51, 18, 13]"
16,"[51, 18, 53]"
14,"[51, 18, 42]"
18,"[51, 18, 9]"
18,"[51, 18, 7]"
14,"[51, 18, 59]"
20,"[51, 18, 20]"
17,"[51, 18, 32]"
33,"[51, 8]"
13,"[51, 8, 64]"
20,"[51, 8, 8]"
19,"[51, 8, 18]"
30,"[51, 8, 27]"
31,"[51, 8, 17]"
31,"[51, 8, 0]"
17,"[51, 8, 3]"
14,"[51, 8, 1]"
33,"[51, 8, 29]"
30,"[51, 8, 6]"
30,"[51, 8, 10]"
32,"[51, 8, 70]"
26,"[51, 8, 69]"
15,"[51, 8, 12]"
14,"[51, 8, 51]"
15,"[51, 8, 11]"
29,"[51, 8, 56]"
18,"[51, 8, 57]"
16,"[51, 8, 62]"
28,"[51, 8, 25]"
29,"[51, 8, 48]"
31,"[51, 8, 28]"
26,"[51, 8, 35]"
23,"[51, 8, 58]"
20,"[51, 8, 49]"
18,"[51, 8, 55]"
12,"[51, 8, 21]"
24,"[51, 8, 4]"
26,"[51, 8, 34]"
26,"[51, 8, 33]"
19,"[51, 8, 26]"
16,"[51, 8, 50]"
21,"[51, 8, 37]"
19,"[51, 8, 60]"
25,"[51, 8, 54]"
14,"[51, 8, 13]"
16,"[51, 8, 53]"
13,"[51, 8, 42]"
19,"[51, 8, 9]"
18,"[51, 8, 7]"
13,"[51, 8, 59]"
12,"[51, 8, 14]"
20,"[51, 8, 20]"
17,"[51, 8, 32]"
33,"[51, 27]"
31,"[51, 27, 17]"
29,"[51, 27, 0]"
19,"[51, 27, 3]"
15,"[51, 27, 1]"
33,"[51, 27, 29]"
28,"[51, 27, 6]"
15,"[51, 27, 8]"
28,"[51, 27, 10]"
32,"[51, 27, 70]"
26,"[51, 27, 69]"
16,"[51, 27, 12]"
13,"[51, 27, 51]"
13,"[51, 27, 11]"
26,"[51, 27, 56]"
16,"[51, 27, 57]"
14,"[51, 27, 62]"
26,"[51, 27, 25]"
28,"[51, 27, 48]"
29,"[51, 27, 28]"
25,"[51, 27, 35]"
23,"[51, 27, 58]"
20,"[51, 27, 49]"
17,"[51, 27, 55]"
23,"[51, 27, 4]"
22,"[51, 27, 27]"
25,"[51, 27, 34]"
25,"[51, 27, 33]"
16,"[51, 27, 26]"
15,"[51, 27, 50]"
20,"[51, 27, 37]"
18,"[51, 27, 60]"
24,"[51, 27, 54]"
14,"[51, 27, 13]"
15,"[51, 27, 53]"
15,"[51, 27, 42]"
18,"[51, 27, 7]"
13,"[51, 27, 59]"
12,"[51, 27, 18]"
19,"[51, 27, 20]"
15,"[51, 27, 32]"
34,"[51, 17]"
29,"[51, 17, 0]"
18,"[51, 17, 3]"
15,"[51, 17, 1]"
33,"[51, 17, 29]"
31,"[51, 17, 6]"
16,"[51, 17, 8]"
28,"[51, 17, 10]"
34,"[51, 17, 70]"
26,"[51, 17, 69]"
16,"[51, 17, 12]"
12,"[51, 17, 51]"
13,"[51, 17, 11]"
27,"[51, 17, 56]"
16,"[51, 17, 57]"
14,"[51, 17, 62]"
28,"[51, 17, 25]"
31,"[51, 17, 48]"
31,"[51, 17, 28]"
26,"[51, 17, 17]"
24,"[51, 17, 35]"
22,"[51, 17, 58]"
21,"[51, 17, 49]"
19,"[51, 17, 55]"
25,"[51, 17, 4]"
24,"[51, 17, 27]"
26,"[51, 17, 34]"
26,"[51, 17, 33]"
17,"[51, 17, 26]"
16,"[51, 17, 50]"
21,"[51, 17, 37]"
18,"[51, 17, 60]"
26,"[51, 17, 54]"
14,"[51, 17, 13]"
16,"[51, 17, 53]"
15,"[51, 17, 42]"
20,"[51, 17, 7]"
12,"[51, 17, 59]"
12,"[51, 17, 18]"
20,"[51, 17, 20]"
16,"[51, 17, 32]"
35,"[51, 0]"
20,"[51, 0, 3]"
12,"[51, 0, 64]"
15,"[51, 0, 1]"
29,"[51, 0, 29]"
32,"[51, 0, 6]"
17,"[51, 0, 8]"
30,"[51, 0, 10]"
35,"[51, 0, 70]"
27,"[51, 0, 69]"
16,"[51, 0, 12]"
13,"[51, 0, 51]"
15,"[51, 0, 11]"
29,"[51, 0, 56]"
18,"[51, 0, 57]"
16,"[51, 0, 62]"
30,"[51, 0, 25]"
31,"[51, 0, 48]"
33,"[51, 0, 28]"
28,"[51, 0, 17]"
25,"[51, 0, 35]"
23,"[51, 0, 58]"
22,"[51, 0, 49]"
20,"[51, 0, 55]"
26,"[51, 0, 4]"
24,"[51, 0, 27]"
28,"[51, 0, 34]"
28,"[51, 0, 33]"
19,"[51, 0, 26]"
17,"[51, 0, 50]"
23,"[51, 0, 37]"
20,"[51, 0, 60]"
23,"[51, 0, 0]"
12,"[51, 0, 5]"
26,"[51, 0, 54]"
14,"[51, 0, 13]"
17,"[51, 0, 53]"
15,"[51, 0, 42]"
21,"[51, 0, 7]"
12,"[51, 0, 59]"
14,"[51, 0, 18]"
23,"[51, 0, 20]"
15,"[51, 0, 32]"
20,"[51, 3]"
13,"[51, 3, 1]"
16,"[51, 3, 29]"
18,"[51, 3, 6]"
16,"[51, 3, 10]"
19,"[51, 3, 70]"
14,"[51, 3, 69]"
16,"[51, 3, 56]"
17,"[51, 3, 25]"
18,"[51, 3, 48]"
17,"[51, 3, 28]"
14,"[51, 3, 17]"
14,"[51, 3, 35]"
14,"[51, 3, 58]"
15,"[51, 3, 49]"
13,"[51, 3, 55]"
15,"[51, 3, 7]"
15,"[51, 3, 4]"
15,"[51, 3, 34]"
16,"[51, 3, 33]"
15,"[51, 3, 54]"
13,"[51, 3, 0]"
13,"[51, 3, 37]"
13,"[51, 3, 27]"
13,"[51, 3, 20]"
15,"[51, 1]"
13,"[51, 1, 6]"
14,"[51, 1, 70]"
36,"[51, 29]"
30,"[51, 29, 6]"
14,"[51, 29, 8]"
28,"[51, 29, 10]"
34,"[51, 29, 70]"
26,"[51, 29, 69]"
16,"[51, 29, 12]"
12,"[51, 29, 51]"
13,"[51, 29, 64]"
15,"[51, 29, 11]"
27,"[51, 29, 56]"
18,"[51, 29, 57]"
16,"[51, 29, 62]"
28,"[51, 29, 25]"
30,"[51, 29, 48]"
31,"[51, 29, 28]"
25,"[51, 29, 17]"
25,"[51, 29, 35]"
22,"[51, 29, 58]"
22,"[51, 29, 49]"
20,"[51, 29, 55]"
12,"[51, 29, 21]"
25,"[51, 29, 4]"
26,"[51, 29, 34]"
27,"[51, 29, 33]"
18,"[51, 29, 26]"
15,"[51, 29, 50]"
22,"[51, 29, 37]"
19,"[51, 29, 60]"
24,"[51, 29, 29]"
26,"[51, 29, 0]"
14,"[51, 29, 1]"
12,"[51, 29, 5]"
25,"[51, 29, 54]"
14,"[51, 29, 13]"
17,"[51, 29, 53]"
15,"[51, 29, 42]"
13,"[51, 29, 3]"
20,"[51, 29, 7]"
12,"[51, 29, 59]"
12,"[51, 29, 18]"
20,"[51, 29, 27]"
21,"[51, 29, 20]"
13,"[51, 29, 32]"
33,"[51, 6]"
15,"[51, 6, 8]"
26,"[51, 6, 10]"
33,"[51, 6, 70]"
24,"[51, 6, 69]"
15,"[51, 6, 12]"
12,"[51, 6, 64]"
15,"[51, 6, 11]"
24,"[51, 6, 56]"
16,"[51, 6, 57]"
14,"[51, 6, 62]"
26,"[51, 6, 25]"
28,"[51, 6, 48]"
27,"[51, 6, 28]"
26,"[51, 6, 17]"
23,"[51, 6, 35]"
23,"[51, 6, 58]"
22,"[51, 6, 49]"
20,"[51, 6, 55]"
25,"[51, 6, 6]"
24,"[51, 6, 4]"
20,"[51, 6, 27]"
25,"[51, 6, 29]"
23,"[51, 6, 34]"
24,"[51, 6, 33]"
16,"[51, 6, 26]"
15,"[51, 6, 50]"
20,"[51, 6, 37]"
19,"[51, 6, 60]"
21,"[51, 6, 0]"
12,"[51, 6, 5]"
24,"[51, 6, 54]"
12,"[51, 6, 13]"
15,"[51, 6, 53]"
14,"[51, 6, 42]"
21,"[51, 6, 7]"
12,"[51, 6, 59]"
12,"[51, 6, 18]"
19,"[51, 6, 20]"
13,"[51, 6, 32]"
34,"[51, 10]"
33,"[51, 10, 70]"
26,"[51, 10, 69]"
16,"[51, 10, 12]"
15,"[51, 10, 51]"
14,"[51, 10, 64]"
16,"[51, 10, 11]"
30,"[51, 10, 56]"
19,"[51, 10, 57]"
17,"[51, 10, 62]"
28,"[51, 10, 25]"
29,"[51, 10, 48]"
32,"[51, 10, 28]"
24,"[51, 10, 17]"
28,"[51, 10, 35]"
25,"[51, 10, 58]"
21,"[51, 10, 49]"
18,"[51, 10, 55]"
26,"[51, 10, 6]"
12,"[51, 10, 39]"
25,"[51, 10, 34]"
26,"[51, 10, 33]"
18,"[51, 10, 26]"
15,"[51, 10, 50]"
20,"[51, 10, 37]"
19,"[51, 10, 60]"
26,"[51, 10, 29]"
23,"[51, 10, 0]"
22,"[51, 10, 4]"
26,"[51, 10, 54]"
14,"[51, 10, 13]"
17,"[51, 10, 53]"
16,"[51, 10, 42]"
21,"[51, 10, 10]"
14,"[51, 10, 59]"
15,"[51, 10, 8]"
12,"[51, 10, 14]"
15,"[51, 10, 18]"
19,"[51, 10, 27]"
12,"[51, 10, 7]"
19,"[51, 10, 20]"
14,"[51, 10, 32]"
28,"[51, 51]"
12,"[51, 51, 64]"
22,"[51, 51, 56]"
12,"[51, 51, 57]"
15,"[51, 51, 62]"
25,"[51, 51, 25]"
23,"[51, 51, 48]"
26,"[51, 51, 28]"
23,"[51, 51, 17]"
27,"[51, 51, 70]"
20,"[51, 51, 35]"
19,"[51, 51, 58]"
17,"[51, 51, 49]"
14,"[51, 51, 55]"
21,"[51, 51, 6]"
24,"[51, 51, 69]"
19,"[51, 51, 42]"
13,"[51, 51, 51]"
12,"[51, 51, 15]"
14,"[51, 51, 14]"
18,"[51, 51, 13]"
18,"[51, 51, 53]"
22,"[51, 51, 34]"
23,"[51, 51, 33]"
21,"[51, 51, 32]"
21,"[51, 51, 18]"
20,"[51, 51, 8]"
23,"[51, 51, 27]"
22,"[51, 51, 0]"
19,"[51, 51, 4]"
24,"[51, 51, 29]"
21,"[51, 51, 10]"
17,"[51, 51, 26]"
15,"[51, 51, 50]"
21,"[51, 51, 37]"
18,"[51, 51, 60]"
22,"[51, 51, 54]"
15,"[51, 51, 12]"
12,"[51, 51, 3]"
12,"[51, 51, 7]"
15,"[51, 51, 16]"
12,"[51, 51, 68]"
19,"[51, 51, 20]"
16,"[51, 11]"
15,"[51, 11, 56]"
13,"[51, 11, 25]"
15,"[51, 11, 48]"
14,"[51, 11, 28]"
16,"[51, 11, 70]"
15,"[51, 11, 35]"
14,"[51, 11, 58]"
14,"[51, 11, 49]"
13,"[51, 11, 55]"
13,"[51, 11, 6]"
12,"[51, 11, 33]"
13,"[51, 11, 54]"
33,"[51, 56]"
19,"[51, 56, 57]"
17,"[51, 56, 62]"
27,"[51, 56, 25]"
28,"[51, 56, 48]"
30,"[51, 56, 28]"
22,"[51, 56, 17]"
32,"[51, 56, 70]"
13,"[51, 56, 64]"
26,"[51, 56, 35]"
24,"[51, 56, 58]"
19,"[51, 56, 49]"
17,"[51, 56, 55]"
24,"[51, 56, 6]"
24,"[51, 56, 69]"
19,"[51, 56, 27]"
24,"[51, 56, 29]"
19,"[51, 56, 4]"
19,"[51, 56, 10]"
23,"[51, 56, 56]"
25,"[51, 56, 34]"
25,"[51, 56, 33]"
18,"[51, 56, 26]"
16,"[51, 56, 50]"
20,"[51, 56, 37]"
19,"[51, 56, 60]"
20,"[51, 56, 0]"
24,"[51, 56, 54]"
13,"[51, 56, 53]"
12,"[51, 56, 12]"
14,"[51, 56, 42]"
14,"[51, 56, 59]"
12,"[51, 56, 14]"
12,"[51, 56, 51]"
12,"[51, 56, 18]"
14,"[51, 56, 8]"
19,"[51, 56, 20]"
13,"[51, 56, 32]"
19,"[51, 57]"
15,"[51, 57, 25]"
17,"[51, 57, 48]"
18,"[51, 57, 28]"
14,"[51, 57, 17]"
19,"[51, 57, 70]"
16,"[51, 57, 35]"
15,"[51, 57, 58]"
15,"[51, 57, 49]"
12,"[51, 57, 55]"
14,"[51, 57, 6]"
14,"[51, 57, 69]"
15,"[51, 57, 54]"
12,"[51, 57, 0]"
14,"[51, 57, 29]"
14,"[51, 57, 33]"
14,"[51, 57, 34]"
30,"[51, 35]"
27,"[51, 35, 58]"
17,"[51, 35, 62]"
20,"[51, 35, 49]"
13,"[51, 35, 64]"
30,"[51, 35, 70]"
26,"[51, 35, 48]"
16,"[51, 35, 55]"
20,"[51, 35, 17]"
22,"[51, 35, 6]"
23,"[51, 35, 69]"
15,"[51, 35, 27]"
21,"[51, 35, 29]"
13,"[51, 35, 4]"
13,"[51, 35, 10]"
15,"[51, 35, 56]"
14,"[51, 35, 35]"
23,"[51, 35, 34]"
24,"[51, 35, 33]"
29,"[51, 35, 28]"
24,"[51, 35, 25]"
15,"[51, 35, 26]"
14,"[51, 35, 50]"
18,"[51, 35, 37]"
15,"[51, 35, 60]"
16,"[51, 35, 0]"
24,"[51, 35, 54]"
14,"[51, 35, 53]"
13,"[51, 35, 12]"
13,"[51, 35, 42]"
14,"[51, 35, 59]"
12,"[51, 35, 18]"
17,"[51, 35, 20]"
27,"[51, 58]"
14,"[51, 58, 62]"
20,"[51, 58, 49]"
13,"[51, 58, 64]"
27,"[51, 58, 70]"
23,"[51, 58, 48]"
16,"[51, 58, 55]"
19,"[51, 58, 17]"
20,"[51, 58, 6]"
21,"[51, 58, 69]"
15,"[51, 58, 35]"
17,"[51, 58, 58]"
20,"[51, 58, 34]"
20,"[51, 58, 33]"
25,"[51, 58, 28]"
20,"[51, 58, 25]"
13,"[51, 58, 26]"
13,"[51, 58, 50]"
16,"[51, 58, 37]"
14,"[51, 58, 60]"
19,"[51, 58, 29]"
16,"[51, 58, 0]"
12,"[51, 58, 4]"
22,"[51, 58, 54]"
13,"[51, 58, 53]"
12,"[51, 58, 12]"
12,"[51, 58, 42]"
14,"[51, 58, 59]"
13,"[51, 58, 56]"
13,"[51, 58, 27]"
14,"[51, 58, 20]"
12,"[51, 58, 10]"
24,"[51, 49]"
22,"[51, 49, 70]"
17,"[51, 49, 49]"
19,"[51, 49, 48]"
18,"[51, 49, 55]"
18,"[51, 49, 17]"
17,"[51, 49, 6]"
16,"[51, 49, 69]"
14,"[51, 49, 28]"
12,"[51, 49, 25]"
15,"[51, 49, 33]"
15,"[51, 49, 27]"
18,"[51, 49, 29]"
16,"[51, 49, 0]"
18,"[51, 49, 54]"
12,"[51, 49, 12]"
12,"[51, 49, 34]"
21,"[51, 55]"
14,"[51, 55, 17]"
13,"[51, 55, 6]"
15,"[51, 55, 70]"
13,"[51, 55, 0]"
14,"[51, 55, 29]"
13,"[51, 21]"
13,"[51, 21, 70]"
29,"[51, 13]"
28,"[51, 13, 53]"
19,"[51, 13, 12]"
26,"[51, 13, 69]"
17,"[51, 13, 51]"
20,"[51, 13, 42]"
13,"[51, 13, 15]"
13,"[51, 13, 14]"
18,"[51, 13, 13]"
29,"[51, 13, 70]"
25,"[51, 13, 34]"
24,"[51, 13, 33]"
26,"[51, 13, 28]"
25,"[51, 13, 25]"
25,"[51, 13, 48]"
25,"[51, 13, 32]"
23,"[51, 13, 18]"
24,"[51, 13, 8]"
24,"[51, 13, 27]"
26,"[51, 13, 17]"
26,"[51, 13, 0]"
24,"[51, 13, 6]"
21,"[51, 13, 4]"
23,"[51, 13, 56]"
22,"[51, 13, 35]"
27,"[51, 13, 29]"
24,"[51, 13, 10]"
20,"[51, 13, 58]"
15,"[51, 13, 62]"
16,"[51, 13, 26]"
15,"[51, 13, 50]"
20,"[51, 13, 37]"
17,"[51, 13, 60]"
15,"[51, 13, 55]"
25,"[51, 13, 54]"
13,"[51, 13, 9]"
12,"[51, 13, 7]"
19,"[51, 13, 16]"
17,"[51, 13, 68]"
13,"[51, 13, 57]"
18,"[51, 13, 49]"
19,"[51, 13, 20]"
32,"[51, 53]"
15,"[51, 53, 12]"
27,"[51, 53, 69]"
19,"[51, 53, 51]"
18,"[51, 53, 42]"
13,"[51, 53, 15]"
13,"[51, 53, 14]"
19,"[51, 53, 13]"
23,"[51, 53, 53]"
31,"[51, 53, 70]"
28,"[51, 53, 34]"
26,"[51, 53, 33]"
28,"[51, 53, 28]"
27,"[51, 53, 25]"
26,"[51, 53, 48]"
26,"[51, 53, 32]"
25,"[51, 53, 18]"
26,"[51, 53, 8]"
25,"[51, 53, 27]"
27,"[51, 53, 17]"
26,"[51, 53, 0]"
26,"[51, 53, 6]"
20,"[51, 53, 4]"
23,"[51, 53, 56]"
22,"[51, 53, 35]"
28,"[51, 53, 29]"
24,"[51, 53, 10]"
20,"[51, 53, 58]"
13,"[51, 53, 62]"
16,"[51, 53, 26]"
16,"[51, 53, 50]"
22,"[51, 53, 37]"
18,"[51, 53, 60]"
17,"[51, 53, 55]"
29,"[51, 53, 54]"
16,"[51, 53, 9]"
13,"[51, 53, 3]"
16,"[51, 53, 7]"
12,"[51, 53, 11]"
13,"[51, 53, 16]"
14,"[51, 53, 68]"
12,"[51, 53, 57]"
19,"[51, 53, 49]"
21,"[51, 53, 20]"
17,"[51, 43]"
13,"[51, 43, 53]"
16,"[51, 43, 70]"
15,"[51, 43, 34]"
15,"[51, 43, 33]"
14,"[51, 43, 28]"
14,"[51, 43, 25]"
13,"[51, 43, 48]"
14,"[51, 43, 69]"
13,"[51, 43, 32]"
13,"[51, 43, 18]"
13,"[51, 43, 8]"
13,"[51, 43, 27]"
13,"[51, 43, 17]"
13,"[51, 43, 0]"
12,"[51, 43, 6]"
13,"[51, 43, 4]"
15,"[51, 43, 29]"
13,"[51, 43, 10]"
12,"[51, 43, 37]"
16,"[51, 43, 54]"
12,"[51, 43, 42]"
19,"[51, 15]"
13,"[51, 15, 14]"
13,"[51, 15, 51]"
15,"[51, 15, 13]"
13,"[51, 15, 53]"
18,"[51, 15, 70]"
15,"[51, 15, 34]"
16,"[51, 15, 33]"
16,"[51, 15, 28]"
15,"[51, 15, 25]"
13,"[51, 15, 48]"
17,"[51, 15, 69]"
13,"[51, 15, 32]"
14,"[51, 15, 18]"
13,"[51, 15, 8]"
15,"[51, 15, 27]"
14,"[51, 15, 17]"
15,"[51, 15, 0]"
13,"[51, 15, 6]"
12,"[51, 15, 4]"
15,"[51, 15, 56]"
13,"[51, 15, 35]"
17,"[51, 15, 29]"
14,"[51, 15, 10]"
12,"[51, 15, 62]"
12,"[51, 15, 37]"
15,"[51, 15, 54]"
14,"[51, 15, 42]"
13,"[51, 15, 16]"
15,"[51, 31]"
13,"[51, 31, 8]"
13,"[51, 31, 27]"
13,"[51, 31, 17]"
15,"[51, 31, 0]"
14,"[51, 31, 6]"
14,"[51, 31, 4]"
13,"[51, 31, 56]"
12,"[51, 31, 35]"
15,"[51, 31, 29]"
13,"[51, 31, 10]"
15,"[51, 31, 70]"
13,"[51, 31, 34]"
13,"[51, 31, 33]"
14,"[51, 31, 28]"
12,"[51, 31, 25]"
14,"[51, 31, 48]"
12,"[51, 31, 69]"
13,"[51, 31, 54]"
12,"[51, 31, 49]"
27,"[51, 4]"
17,"[51, 4, 56]"
16,"[51, 4, 35]"
16,"[51, 4, 17]"
15,"[51, 4, 27]"
21,"[51, 4, 29]"
15,"[51, 4, 4]"
20,"[51, 4, 10]"
14,"[51, 4, 58]"
26,"[51, 4, 70]"
15,"[51, 4, 34]"
17,"[51, 4, 33]"
20,"[51, 4, 28]"
18,"[51, 4, 25]"
20,"[51, 4, 48]"
14,"[51, 4, 26]"
15,"[51, 4, 37]"
12,"[51, 4, 60]"
17,"[51, 4, 69]"
17,"[51, 4, 0]"
12,"[51, 4, 5]"
19,"[51, 4, 6]"
16,"[51, 4, 55]"
18,"[51, 4, 54]"
13,"[51, 4, 12]"
12,"[51, 4, 42]"
15,"[51, 4, 20]"
14,"[51, 4, 49]"
12,"[51, 39]"
12,"[51, 39, 70]"
12,"[51, 5]"
12,"[51, 5, 70]"
19,"[51, 9]"
17,"[51, 9, 27]"
18,"[51, 9, 17]"
19,"[51, 9, 29]"
19,"[51, 9, 0]"
12,"[51, 9, 3]"
19,"[51, 9, 6]"
15,"[51, 9, 7]"
14,"[51, 9, 4]"
18,"[51, 9, 10]"
13,"[51, 9, 11]"
18,"[51, 9, 56]"
17,"[51, 9, 35]"
16,"[51, 9, 58]"
19,"[51, 9, 70]"
16,"[51, 9, 34]"
16,"[51, 9, 33]"
19,"[51, 9, 28]"
16,"[51, 9, 25]"
17,"[51, 9, 48]"
15,"[51, 9, 54]"
13,"[51, 9, 37]"
14,"[51, 9, 69]"
12,"[51, 9, 57]"
15,"[51, 9, 49]"
12,"[51, 9, 20]"
21,"[51, 7]"
14,"[51, 7, 4]"
14,"[51, 7, 10]"
13,"[51, 7, 56]"
14,"[51, 7, 35]"
14,"[51, 7, 58]"
21,"[51, 7, 70]"
15,"[51, 7, 34]"
16,"[51, 7, 33]"
17,"[51, 7, 28]"
16,"[51, 7, 25]"
17,"[51, 7, 48]"
16,"[51, 7, 54]"
12,"[51, 7, 0]"
14,"[51, 7, 37]"
13,"[51, 7, 60]"
12,"[51, 7, 26]"
14,"[51, 7, 55]"
14,"[51, 7, 6]"
16,"[51, 7, 49]"
15,"[51, 7, 69]"
16,"[51, 7, 17]"
15,"[51, 7, 29]"
12,"[51, 7, 20]"
14,"[51, 59]"
14,"[51, 59, 70]"
12,"[51, 59, 28]"
12,"[51, 59, 49]"
22,[68]
21,"[68, 70]"
20,"[68, 70, 70]"
18,"[68, 70, 34]"
18,"[68, 70, 33]"
18,"[68, 70, 28]"
18,"[68, 70, 54]"
15,"[68, 70, 69]"
18,"[68, 70, 25]"
17,"[68, 70, 48]"
14,"[68, 70, 20]"
14,"[68, 70, 37]"
13,"[68, 70, 26]"
13,"[68, 70, 50]"
14,"[68, 70, 60]"
14,"[68, 70, 32]"
15,"[68, 70, 18]"
15,"[68, 70, 8]"
15,"[68, 70, 27]"
15,"[68, 70, 17]"
17,"[68, 70, 0]"
17,"[68, 70, 29]"
17,"[68, 70, 6]"
14,"[68, 70, 10]"
14,"[68, 70, 56]"
13,"[68, 70, 35]"
13,"[68, 70, 58]"
13,"[68, 70, 49]"
18,"[68, 34]"
18,"[68, 34, 33]"
16,"[68, 34, 28]"
17,"[68, 34, 54]"
16,"[68, 34, 70]"
13,"[68, 34, 69]"
16,"[68, 34, 25]"
16,"[68, 34, 48]"
13,"[68, 34, 20]"
13,"[68, 34, 37]"
12,"[68, 34, 27]"
13,"[68, 34, 17]"
14,"[68, 34, 0]"
15,"[68, 34, 29]"
15,"[68, 34, 6]"
12,"[68, 34, 10]"
12,"[68, 34, 56]"
18,"[68, 33]"
16,"[68, 33, 28]"
14,"[68, 33, 33]"
18,"[68, 33, 54]"
17,"[68, 33, 70]"
12,"[68, 33, 69]"
16,"[68, 33, 25]"
16,"[68, 33, 48]"
12,"[68, 33, 20]"
13,"[68, 33, 37]"
13,"[68, 33, 17]"
14,"[68, 33, 0]"
15,"[68, 33, 29]"
15,"[68, 33, 6]"
18,"[68, 28]"
12,"[68, 28, 33]"
13,"[68, 28, 28]"
15,"[68, 28, 54]"
16,"[68, 28, 70]"
12,"[68, 28, 69]"
16,"[68, 28, 25]"
16,"[68, 28, 48]"
13,"[68, 28, 37]"
12,"[68, 28, 17]"
14,"[68, 28, 0]"
14,"[68, 28, 29]"
15,"[68, 28, 6]"
12,"[68, 28, 49]"
18,"[68, 54]"
12,"[68, 54, 28]"
16,"[68, 54, 54]"
17,"[68, 54, 70]"
14,"[68, 54, 25]"
16,"[68, 54, 48]"
12,"[68, 54, 37]"
13,"[68, 54, 17]"
14,"[68, 54, 0]"
15,"[68, 54, 29]"
15,"[68, 54, 6]"
13,"[68, 54, 33]"
17,"[68, 69]"
12,"[68, 69, 42]"
14,"[68, 69, 54]"
15,"[68, 69, 25]"
14,"[68, 69, 28]"
14,"[68, 69, 48]"
17,"[68, 69, 70]"
12,"[68, 69, 60]"
12,"[68, 69, 32]"
13,"[68, 69, 18]"
13,"[68, 69, 8]"
13,"[68, 69, 27]"
13,"[68, 69, 17]"
15,"[68, 69, 0]"
16,"[68, 69, 29]"
15,"[68, 69, 6]"
12,"[68, 69, 10]"
15,"[68, 69, 69]"
13,"[68, 69, 56]"
12,"[68, 69, 34]"
14,"[68, 69, 33]"
13,"[68, 42]"
18,"[68, 25]"
13,"[68, 25, 28]"
16,"[68, 25, 48]"
12,"[68, 25, 20]"
14,"[68, 25, 37]"
16,"[68, 25, 70]"
12,"[68, 25, 27]"
13,"[68, 25, 17]"
14,"[68, 25, 0]"
16,"[68, 25, 29]"
15,"[68, 25, 6]"
12,"[68, 25, 10]"
12,"[68, 25, 69]"
12,"[68, 25, 56]"
13,"[68, 25, 25]"
12,"[68, 25, 49]"
14,"[68, 25, 54]"
17,"[68, 48]"
15,"[68, 48, 48]"
12,"[68, 48, 20]"
14,"[68, 48, 37]"
16,"[68, 48, 70]"
13,"[68, 48, 17]"
14,"[68, 48, 0]"
15,"[68, 48, 29]"
14,"[68, 48, 6]"
14,"[68, 48, 25]"
13,"[68, 48, 28]"
13,"[68, 48, 54]"
14,"[68, 20]"
12,"[68, 20, 37]"
13,"[68, 20, 70]"
13,"[68, 20, 29]"
12,"[68, 20, 6]"
13,"[68, 20, 48]"
12,"[68, 20, 28]"
14,"[68, 37]"
14,"[68, 37, 70]"
13,"[68, 37, 60]"
12,"[68, 37, 29]"
12,"[68, 37, 6]"
12,"[68, 37, 25]"
14,"[68, 37, 48]"
13,"[68, 26]"
12,"[68, 26, 50]"
12,"[68, 26, 6]"
13,"[68, 26, 70]"
12,"[68, 26, 48]"
13,"[68, 50]"
13,"[68, 50, 70]"
14,"[68, 60]"
12,"[68, 60, 6]"
14,"[68, 60, 70]"
13,"[68, 60, 48]"
17,"[68, 32]"
16,"[68, 32, 18]"
16,"[68, 32, 8]"
15,"[68, 32, 27]"
15,"[68, 32, 17]"
15,"[68, 32, 0]"
17,"[68, 32, 29]"
15,"[68, 32, 6]"
15,"[68, 32, 10]"
17,"[68, 32, 70]"
12,"[68, 32, 69]"
15,"[68, 32, 56]"
15,"[68, 32, 25]"
16,"[68, 32, 48]"
15,"[68, 32, 28]"
13,"[68, 32, 35]"
12,"[68, 32, 58]"
13,"[68, 32, 33]"
12,"[68, 32, 54]"
16,"[68, 18]"
16,"[68, 18, 8]"
14,"[68, 18, 27]"
15,"[68, 18, 17]"
15,"[68, 18, 0]"
16,"[68, 18, 29]"
15,"[68, 18, 6]"
15,"[68, 18, 10]"
16,"[68, 18, 70]"
14,"[68, 18, 56]"
14,"[68, 18, 25]"
16,"[68, 18, 48]"
15,"[68, 18, 28]"
13,"[68, 18, 35]"
12,"[68, 18, 58]"
13,"[68, 18, 33]"
12,"[68, 18, 54]"
16,"[68, 8]"
13,"[68, 8, 8]"
14,"[68, 8, 27]"
15,"[68, 8, 17]"
15,"[68, 8, 0]"
16,"[68, 8, 29]"
15,"[68, 8, 6]"
14,"[68, 8, 10]"
16,"[68, 8, 70]"
14,"[68, 8, 56]"
14,"[68, 8, 25]"
16,"[68, 8, 48]"
15,"[68, 8, 28]"
13,"[68, 8, 35]"
12,"[68, 8, 58]"
13,"[68, 8, 33]"
12,"[68, 8, 54]"
16,"[68, 27]"
14,"[68, 27, 17]"
14,"[68, 27, 0]"
16,"[68, 27, 29]"
14,"[68, 27, 6]"
13,"[68, 27, 10]"
14,"[68, 27, 70]"
12,"[68, 27, 56]"
12,"[68, 27, 25]"
14,"[68, 27, 48]"
13,"[68, 27, 28]"
16,"[68, 17]"
14,"[68, 17, 0]"
16,"[68, 17, 29]"
15,"[68, 17, 6]"
12,"[68, 17, 10]"
16,"[68, 17, 70]"
12,"[68, 17, 56]"
12,"[68, 17, 25]"
15,"[68, 17, 48]"
13,"[68, 17, 28]"
12,"[68, 17, 33]"
17,"[68, 0]"
14,"[68, 0, 29]"
16,"[68, 0, 6]"
13,"[68, 0, 10]"
17,"[68, 0, 70]"
13,"[68, 0, 56]"
13,"[68, 0, 25]"
15,"[68, 0, 48]"
14,"[68, 0, 28]"
13,"[68, 0, 17]"
12,"[68, 0, 4]"
13,"[68, 0, 33]"
13,"[68, 0, 0]"
18,"[68, 29]"
15,"[68, 29, 6]"
14,"[68, 29, 10]"
16,"[68, 29, 70]"
13,"[68, 29, 56]"
13,"[68, 29, 25]"
15,"[68, 29, 48]"
14,"[68, 29, 28]"
14,"[68, 29, 0]"
12,"[68, 29, 4]"
13,"[68, 29, 33]"
12,"[68, 29, 29]"
17,"[68, 6]"
13,"[68, 6, 10]"
17,"[68, 6, 70]"
12,"[68, 6, 56]"
13,"[68, 6, 25]"
15,"[68, 6, 48]"
13,"[68, 6, 28]"
14,"[68, 6, 6]"
12,"[68, 6, 4]"
12,"[68, 6, 33]"
13,"[68, 6, 0]"
13,"[68, 6, 29]"
16,"[68, 10]"
15,"[68, 10, 70]"
13,"[68, 10, 56]"
12,"[68, 10, 25]"
14,"[68, 10, 48]"
14,"[68, 10, 28]"
13,"[68, 10, 35]"
12,"[68, 10, 58]"
13,"[68, 10, 6]"
12,"[68, 51]"
16,"[68, 56]"
12,"[68, 56, 25]"
13,"[68, 56, 48]"
13,"[68, 56, 28]"
15,"[68, 56, 70]"
12,"[68, 56, 35]"
12,"[68, 56, 6]"
15,"[68, 35]"
13,"[68, 35, 58]"
15,"[68, 35, 70]"
13,"[68, 35, 48]"
14,"[68, 35, 28]"
13,"[68, 58]"
13,"[68, 58, 70]"
12,"[68, 58, 28]"
13,"[68, 49]"
16,"[68, 53]"
12,"[68, 53, 69]"
12,"[68, 53, 32]"
13,"[68, 53, 29]"
12,"[68, 53, 10]"
12,"[68, 53, 56]"
15,"[68, 53, 70]"
13,"[68, 53, 34]"
14,"[68, 53, 33]"
13,"[68, 53, 28]"
14,"[68, 53, 25]"
13,"[68, 53, 48]"
14,"[68, 53, 54]"
13,"[68, 4]"
12,"[68, 4, 70]"
31,[14]
21,"[14, 12]"
20,"[14, 12, 70]"
15,"[14, 12, 34]"
14,"[14, 12, 33]"
16,"[14, 12, 28]"
14,"[14, 12, 54]"
15,"[14, 12, 69]"
17,"[14, 12, 42]"
13,"[14, 12, 25]"
14,"[14, 12, 48]"
13,"[14, 12, 37]"
14,"[14, 12, 26]"
12,"[14, 12, 60]"
15,"[14, 12, 32]"
14,"[14, 12, 18]"
12,"[14, 12, 8]"
13,"[14, 12, 27]"
15,"[14, 12, 17]"
15,"[14, 12, 0]"
16,"[14, 12, 29]"
12,"[14, 12, 6]"
15,"[14, 12, 10]"
14,"[14, 12, 51]"
14,"[14, 12, 56]"
13,"[14, 12, 13]"
15,"[14, 12, 53]"
12,"[14, 12, 4]"
31,"[14, 70]"
16,"[14, 70, 62]"
29,"[14, 70, 70]"
26,"[14, 70, 34]"
25,"[14, 70, 33]"
28,"[14, 70, 28]"
26,"[14, 70, 54]"
24,"[14, 70, 69]"
19,"[14, 70, 42]"
27,"[14, 70, 25]"
25,"[14, 70, 48]"
20,"[14, 70, 20]"
22,"[14, 70, 37]"
20,"[14, 70, 26]"
18,"[14, 70, 50]"
18,"[14, 70, 60]"
21,"[14, 70, 32]"
22,"[14, 70, 18]"
21,"[14, 70, 8]"
24,"[14, 70, 27]"
26,"[14, 70, 17]"
24,"[14, 70, 0]"
13,"[14, 70, 3]"
28,"[14, 70, 29]"
24,"[14, 70, 6]"
22,"[14, 70, 10]"
16,"[14, 70, 12]"
14,"[14, 70, 51]"
19,"[14, 70, 56]"
12,"[14, 70, 57]"
17,"[14, 70, 35]"
16,"[14, 70, 58]"
18,"[14, 70, 49]"
18,"[14, 70, 55]"
19,"[14, 70, 4]"
14,"[14, 70, 13]"
17,"[14, 70, 53]"
14,"[14, 70, 7]"
16,"[14, 62]"
15,"[14, 62, 70]"
12,"[14, 62, 28]"
12,"[14, 62, 54]"
12,"[14, 62, 69]"
14,"[14, 62, 29]"
12,"[14, 62, 6]"
26,"[14, 34]"
25,"[14, 34, 33]"
25,"[14, 34, 28]"
13,"[14, 34, 62]"
24,"[14, 34, 54]"
25,"[14, 34, 70]"
20,"[14, 34, 69]"
15,"[14, 34, 42]"
24,"[14, 34, 25]"
23,"[14, 34, 48]"
18,"[14, 34, 20]"
20,"[14, 34, 37]"
18,"[14, 34, 26]"
15,"[14, 34, 50]"
15,"[14, 34, 60]"
16,"[14, 34, 32]"
16,"[14, 34, 18]"
14,"[14, 34, 8]"
20,"[14, 34, 27]"
23,"[14, 34, 17]"
19,"[14, 34, 0]"
23,"[14, 34, 29]"
22,"[14, 34, 6]"
19,"[14, 34, 10]"
14,"[14, 34, 12]"
16,"[14, 34, 56]"
13,"[14, 34, 35]"
13,"[14, 34, 58]"
15,"[14, 34, 49]"
15,"[14, 34, 55]"
16,"[14, 34, 4]"
16,"[14, 34, 34]"
12,"[14, 34, 13]"
15,"[14, 34, 53]"
25,"[14, 33]"
23,"[14, 33, 28]"
18,"[14, 33, 33]"
13,"[14, 33, 62]"
23,"[14, 33, 54]"
23,"[14, 33, 70]"
19,"[14, 33, 69]"
15,"[14, 33, 42]"
24,"[14, 33, 25]"
22,"[14, 33, 48]"
17,"[14, 33, 20]"
19,"[14, 33, 37]"
15,"[14, 33, 26]"
14,"[14, 33, 50]"
13,"[14, 33, 60]"
14,"[14, 33, 32]"
15,"[14, 33, 18]"
13,"[14, 33, 8]"
19,"[14, 33, 27]"
21,"[14, 33, 17]"
19,"[14, 33, 0]"
22,"[14, 33, 29]"
21,"[14, 33, 6]"
17,"[14, 33, 10]"
14,"[14, 33, 12]"
14,"[14, 33, 56]"
12,"[14, 33, 35]"
12,"[14, 33, 58]"
14,"[14, 33, 49]"
14,"[14, 33, 55]"
16,"[14, 33, 4]"
14,"[14, 33, 34]"
12,"[14, 33, 13]"
14,"[14, 33, 53]"
28,"[14, 28]"
19,"[14, 28, 33]"
13,"[14, 28, 62]"
20,"[14, 28, 28]"
24,"[14, 28, 54]"
27,"[14, 28, 70]"
20,"[14, 28, 69]"
16,"[14, 28, 42]"
25,"[14, 28, 25]"
24,"[14, 28, 48]"
15,"[14, 28, 20]"
19,"[14, 28, 37]"
17,"[14, 28, 26]"
17,"[14, 28, 50]"
14,"[14, 28, 60]"
15,"[14, 28, 32]"
15,"[14, 28, 18]"
13,"[14, 28, 8]"
18,"[14, 28, 27]"
22,"[14, 28, 17]"
19,"[14, 28, 0]"
23,"[14, 28, 29]"
22,"[14, 28, 6]"
18,"[14, 28, 10]"
15,"[14, 28, 12]"
12,"[14, 28, 51]"
15,"[14, 28, 56]"
12,"[14, 28, 35]"
13,"[14, 28, 58]"
17,"[14, 28, 49]"
16,"[14, 28, 55]"
16,"[14, 28, 4]"
14,"[14, 28, 34]"
13,"[14, 28, 13]"
15,"[14, 28, 53]"
26,"[14, 54]"
16,"[14, 54, 28]"
20,"[14, 54, 54]"
25,"[14, 54, 70]"
18,"[14, 54, 69]"
13,"[14, 54, 42]"
17,"[14, 54, 25]"
20,"[14, 54, 48]"
14,"[14, 54, 20]"
15,"[14, 54, 37]"
13,"[14, 54, 26]"
13,"[14, 54, 60]"
14,"[14, 54, 32]"
12,"[14, 54, 18]"
12,"[14, 54, 8]"
17,"[14, 54, 27]"
21,"[14, 54, 17]"
18,"[14, 54, 0]"
22,"[14, 54, 29]"
20,"[14, 54, 6]"
14,"[14, 54, 10]"
14,"[14, 54, 12]"
13,"[14, 54, 56]"
15,"[14, 54, 49]"
14,"[14, 54, 55]"
12,"[14, 54, 53]"
17,"[14, 54, 33]"
15,"[14, 54, 4]"
13,"[14, 54, 34]"
30,"[14, 69]"
21,"[14, 69, 42]"
16,"[14, 69, 62]"
24,"[14, 69, 54]"
26,"[14, 69, 25]"
26,"[14, 69, 28]"
24,"[14, 69, 48]"
18,"[14, 69, 20]"
21,"[14, 69, 37]"
30,"[14, 69, 70]"
19,"[14, 69, 26]"
16,"[14, 69, 50]"
18,"[14, 69, 60]"
21,"[14, 69, 32]"
22,"[14, 69, 18]"
20,"[14, 69, 8]"
24,"[14, 69, 27]"
26,"[14, 69, 17]"
24,"[14, 69, 0]"
13,"[14, 69, 3]"
12,"[14, 69, 1]"
28,"[14, 69, 29]"
24,"[14, 69, 6]"
23,"[14, 69, 10]"
26,"[14, 69, 69]"
20,"[14, 69, 12]"
18,"[14, 69, 51]"
22,"[14, 69, 56]"
13,"[14, 69, 57]"
17,"[14, 69, 35]"
15,"[14, 69, 58]"
18,"[14, 69, 49]"
18,"[14, 69, 55]"
21,"[14, 69, 4]"
22,"[14, 69, 34]"
23,"[14, 69, 33]"
20,"[14, 69, 13]"
22,"[14, 69, 53]"
14,"[14, 69, 7]"
13,"[14, 69, 16]"
21,"[14, 42]"
15,"[14, 42, 54]"
15,"[14, 42, 25]"
17,"[14, 42, 28]"
15,"[14, 42, 48]"
13,"[14, 42, 20]"
14,"[14, 42, 37]"
19,"[14, 42, 70]"
12,"[14, 42, 26]"
12,"[14, 42, 60]"
16,"[14, 42, 32]"
15,"[14, 42, 18]"
13,"[14, 42, 8]"
14,"[14, 42, 27]"
15,"[14, 42, 17]"
16,"[14, 42, 0]"
17,"[14, 42, 29]"
12,"[14, 42, 6]"
15,"[14, 42, 10]"
17,"[14, 42, 69]"
12,"[14, 42, 12]"
15,"[14, 42, 51]"
15,"[14, 42, 56]"
12,"[14, 42, 35]"
14,"[14, 42, 13]"
16,"[14, 42, 53]"
12,"[14, 42, 4]"
13,"[14, 42, 34]"
14,"[14, 42, 33]"
27,"[14, 25]"
19,"[14, 25, 28]"
22,"[14, 25, 48]"
14,"[14, 25, 62]"
16,"[14, 25, 20]"
19,"[14, 25, 37]"
25,"[14, 25, 70]"
13,"[14, 25, 26]"
13,"[14, 25, 50]"
13,"[14, 25, 60]"
14,"[14, 25, 32]"
14,"[14, 25, 18]"
13,"[14, 25, 8]"
19,"[14, 25, 27]"
20,"[14, 25, 17]"
18,"[14, 25, 0]"
23,"[14, 25, 29]"
20,"[14, 25, 6]"
15,"[14, 25, 10]"
19,"[14, 25, 69]"
13,"[14, 25, 12]"
14,"[14, 25, 56]"
18,"[14, 25, 25]"
12,"[14, 25, 35]"
12,"[14, 25, 58]"
16,"[14, 25, 49]"
15,"[14, 25, 55]"
17,"[14, 25, 33]"
16,"[14, 25, 4]"
13,"[14, 25, 34]"
21,"[14, 25, 54]"
13,"[14, 25, 53]"
13,"[14, 25, 42]"
25,"[14, 48]"
20,"[14, 48, 48]"
14,"[14, 48, 20]"
18,"[14, 48, 37]"
24,"[14, 48, 70]"
14,"[14, 48, 26]"
13,"[14, 48, 50]"
14,"[14, 48, 60]"
13,"[14, 48, 32]"
12,"[14, 48, 18]"
12,"[14, 48, 8]"
17,"[14, 48, 27]"
20,"[14, 48, 17]"
19,"[14, 48, 0]"
21,"[14, 48, 29]"
20,"[14, 48, 6]"
15,"[14, 48, 10]"
17,"[14, 48, 69]"
13,"[14, 48, 12]"
13,"[14, 48, 56]"
19,"[14, 48, 25]"
19,"[14, 48, 28]"
14,"[14, 48, 49]"
16,"[14, 48, 55]"
14,"[14, 48, 33]"
17,"[14, 48, 4]"
21,"[14, 48, 54]"
12,"[14, 48, 42]"
20,"[14, 20]"
18,"[14, 20, 37]"
20,"[14, 20, 70]"
15,"[14, 20, 26]"
13,"[14, 20, 50]"
13,"[14, 20, 60]"
13,"[14, 20, 32]"
13,"[14, 20, 18]"
16,"[14, 20, 27]"
18,"[14, 20, 17]"
15,"[14, 20, 0]"
19,"[14, 20, 29]"
16,"[14, 20, 6]"
16,"[14, 20, 10]"
15,"[14, 20, 69]"
12,"[14, 20, 12]"
12,"[14, 20, 56]"
15,"[14, 20, 25]"
17,"[14, 20, 48]"
17,"[14, 20, 28]"
13,"[14, 20, 49]"
14,"[14, 20, 4]"
16,"[14, 20, 54]"
12,"[14, 20, 53]"
15,"[14, 20, 33]"
12,"[14, 20, 34]"
22,"[14, 37]"
22,"[14, 37, 70]"
14,"[14, 37, 26]"
17,"[14, 37, 60]"
13,"[14, 37, 32]"
13,"[14, 37, 18]"
12,"[14, 37, 8]"
16,"[14, 37, 27]"
19,"[14, 37, 17]"
17,"[14, 37, 0]"
19,"[14, 37, 29]"
18,"[14, 37, 6]"
15,"[14, 37, 10]"
14,"[14, 37, 69]"
12,"[14, 37, 12]"
12,"[14, 37, 56]"
17,"[14, 37, 25]"
19,"[14, 37, 48]"
17,"[14, 37, 28]"
15,"[14, 37, 49]"
15,"[14, 37, 55]"
15,"[14, 37, 4]"
18,"[14, 37, 54]"
14,"[14, 37, 33]"
20,"[14, 26]"
16,"[14, 26, 50]"
12,"[14, 26, 32]"
13,"[14, 26, 27]"
15,"[14, 26, 17]"
16,"[14, 26, 0]"
16,"[14, 26, 29]"
17,"[14, 26, 6]"
14,"[14, 26, 10]"
20,"[14, 26, 70]"
14,"[14, 26, 69]"
13,"[14, 26, 25]"
16,"[14, 26, 48]"
14,"[14, 26, 28]"
12,"[14, 26, 55]"
15,"[14, 26, 4]"
14,"[14, 26, 54]"
18,"[14, 50]"
13,"[14, 50, 17]"
13,"[14, 50, 0]"
15,"[14, 50, 29]"
14,"[14, 50, 6]"
12,"[14, 50, 10]"
18,"[14, 50, 70]"
14,"[14, 50, 69]"
14,"[14, 50, 48]"
12,"[14, 50, 28]"
12,"[14, 50, 49]"
13,"[14, 50, 4]"
13,"[14, 50, 54]"
18,"[14, 60]"
12,"[14, 60, 27]"
15,"[14, 60, 17]"
15,"[14, 60, 0]"
15,"[14, 60, 29]"
17,"[14, 60, 6]"
12,"[14, 60, 10]"
18,"[14, 60, 70]"
12,"[14, 60, 25]"
16,"[14, 60, 48]"
13,"[14, 60, 28]"
12,"[14, 60, 55]"
14,"[14, 60, 4]"
12,"[14, 60, 54]"
12,"[14, 60, 26]"
12,"[14, 64]"
12,"[14, 64, 70]"
27,"[14, 32]"
24,"[14, 32, 18]"
24,"[14, 32, 8]"
23,"[14, 32, 27]"
24,"[14, 32, 17]"
24,"[14, 32, 0]"
13,"[14, 32, 3]"
12,"[14, 32, 1]"
27,"[14, 32, 29]"
21,"[14, 32, 6]"
24,"[14, 32, 10]"
26,"[14, 32, 70]"
20,"[14, 32, 69]"
13,"[14, 32, 12]"
22,"[14, 32, 56]"
13,"[14, 32, 57]"
12,"[14, 32, 62]"
23,"[14, 32, 25]"
23,"[14, 32, 48]"
24,"[14, 32, 28]"
18,"[14, 32, 35]"
15,"[14, 32, 58]"
14,"[14, 32, 49]"
14,"[14, 32, 55]"
20,"[14, 32, 4]"
18,"[14, 32, 34]"
19,"[14, 32, 33]"
17,"[14, 32, 26]"
14,"[14, 32, 50]"
16,"[14, 32, 37]"
13,"[14, 32, 60]"
21,"[14, 32, 54]"
12,"[14, 32, 13]"
14,"[14, 32, 53]"
15,"[14, 32, 42]"
12,"[14, 32, 9]"
14,"[14, 32, 7]"
13,"[14, 32, 20]"
25,"[14, 18]"
23,"[14, 18, 8]"
12,"[14, 18, 18]"
21,"[14, 18, 27]"
23,"[14, 18, 17]"
21,"[14, 18, 0]"
12,"[14, 18, 3]"
25,"[14, 18, 29]"
21,"[14, 18, 6]"
22,"[14, 18, 10]"
24,"[14, 18, 70]"
17,"[14, 18, 69]"
20,"[14, 18, 56]"
13,"[14, 18, 57]"
13,"[14, 18, 62]"
20,"[14, 18, 25]"
21,"[14, 18, 48]"
22,"[14, 18, 28]"
19,"[14, 18, 35]"
16,"[14, 18, 58]"
14,"[14, 18, 49]"
14,"[14, 18, 55]"
18,"[14, 18, 4]"
17,"[14, 18, 34]"
18,"[14, 18, 33]"
15,"[14, 18, 26]"
13,"[14, 18, 50]"
15,"[14, 18, 37]"
19,"[14, 18, 54]"
13,"[14, 18, 53]"
12,"[14, 18, 9]"
13,"[14, 18, 7]"
12,"[14, 18, 20]"
24,"[14, 8]"
14,"[14, 8, 8]"
12,"[14, 8, 18]"
21,"[14, 8, 27]"
22,"[14, 8, 17]"
21,"[14, 8, 0]"
12,"[14, 8, 3]"
24,"[14, 8, 29]"
20,"[14, 8, 6]"
22,"[14, 8, 10]"
23,"[14, 8, 70]"
17,"[14, 8, 69]"
20,"[14, 8, 56]"
13,"[14, 8, 57]"
12,"[14, 8, 62]"
20,"[14, 8, 25]"
21,"[14, 8, 48]"
22,"[14, 8, 28]"
18,"[14, 8, 35]"
15,"[14, 8, 58]"
13,"[14, 8, 49]"
14,"[14, 8, 55]"
19,"[14, 8, 4]"
17,"[14, 8, 34]"
18,"[14, 8, 33]"
16,"[14, 8, 26]"
12,"[14, 8, 50]"
14,"[14, 8, 37]"
12,"[14, 8, 60]"
18,"[14, 8, 54]"
12,"[14, 8, 53]"
12,"[14, 8, 9]"
13,"[14, 8, 7]"
12,"[14, 8, 20]"
26,"[14, 27]"
23,"[14, 27, 17]"
21,"[14, 27, 0]"
13,"[14, 27, 3]"
12,"[14, 27, 1]"
26,"[14, 27, 29]"
20,"[14, 27, 6]"
21,"[14, 27, 10]"
23,"[14, 27, 70]"
18,"[14, 27, 69]"
12,"[14, 27, 12]"
18,"[14, 27, 56]"
12,"[14, 27, 57]"
18,"[14, 27, 25]"
19,"[14, 27, 48]"
20,"[14, 27, 28]"
17,"[14, 27, 35]"
15,"[14, 27, 58]"
13,"[14, 27, 49]"
12,"[14, 27, 55]"
17,"[14, 27, 4]"
15,"[14, 27, 27]"
16,"[14, 27, 34]"
17,"[14, 27, 33]"
14,"[14, 27, 26]"
12,"[14, 27, 37]"
15,"[14, 27, 54]"
12,"[14, 27, 13]"
12,"[14, 27, 53]"
13,"[14, 27, 7]"
27,"[14, 17]"
21,"[14, 17, 0]"
12,"[14, 17, 3]"
13,"[14, 17, 1]"
26,"[14, 17, 29]"
23,"[14, 17, 6]"
21,"[14, 17, 10]"
27,"[14, 17, 70]"
19,"[14, 17, 69]"
12,"[14, 17, 12]"
19,"[14, 17, 56]"
12,"[14, 17, 57]"
12,"[14, 17, 62]"
20,"[14, 17, 25]"
22,"[14, 17, 48]"
22,"[14, 17, 28]"
21,"[14, 17, 17]"
16,"[14, 17, 35]"
14,"[14, 17, 58]"
15,"[14, 17, 49]"
15,"[14, 17, 55]"
20,"[14, 17, 4]"
18,"[14, 17, 27]"
18,"[14, 17, 34]"
19,"[14, 17, 33]"
15,"[14, 17, 26]"
13,"[14, 17, 37]"
18,"[14, 17, 54]"
12,"[14, 17, 13]"
13,"[14, 17, 53]"
15,"[14, 17, 7]"
27,"[14, 0]"
14,"[14, 0, 3]"
13,"[14, 0, 1]"
22,"[14, 0, 29]"
23,"[14, 0, 6]"
22,"[14, 0, 10]"
27,"[14, 0, 70]"
19,"[14, 0, 69]"
13,"[14, 0, 12]"
20,"[14, 0, 56]"
13,"[14, 0, 57]"
12,"[14, 0, 62]"
22,"[14, 0, 25]"
23,"[14, 0, 48]"
24,"[14, 0, 28]"
20,"[14, 0, 17]"
15,"[14, 0, 35]"
13,"[14, 0, 58]"
16,"[14, 0, 49]"
16,"[14, 0, 55]"
21,"[14, 0, 4]"
16,"[14, 0, 27]"
19,"[14, 0, 34]"
20,"[14, 0, 33]"
16,"[14, 0, 26]"
13,"[14, 0, 50]"
14,"[14, 0, 37]"
17,"[14, 0, 0]"
19,"[14, 0, 54]"
12,"[14, 0, 13]"
14,"[14, 0, 53]"
12,"[14, 0, 42]"
15,"[14, 0, 7]"
13,"[14, 0, 20]"
14,"[14, 3]"
12,"[14, 3, 6]"
12,"[14, 3, 70]"
13,"[14, 1]"
12,"[14, 1, 70]"
30,"[14, 29]"
23,"[14, 29, 6]"
21,"[14, 29, 10]"
28,"[14, 29, 70]"
19,"[14, 29, 69]"
12,"[14, 29, 12]"
20,"[14, 29, 56]"
13,"[14, 29, 57]"
13,"[14, 29, 62]"
21,"[14, 29, 25]"
22,"[14, 29, 48]"
23,"[14, 29, 28]"
20,"[14, 29, 17]"
16,"[14, 29, 35]"
13,"[14, 29, 58]"
16,"[14, 29, 49]"
16,"[14, 29, 55]"
20,"[14, 29, 4]"
19,"[14, 29, 34]"
21,"[14, 29, 33]"
16,"[14, 29, 26]"
15,"[14, 29, 37]"
21,"[14, 29, 29]"
21,"[14, 29, 0]"
12,"[14, 29, 1]"
18,"[14, 29, 54]"
12,"[14, 29, 13]"
14,"[14, 29, 53]"
15,"[14, 29, 7]"
15,"[14, 29, 27]"
13,"[14, 29, 20]"
25,"[14, 6]"
19,"[14, 6, 10]"
25,"[14, 6, 70]"
17,"[14, 6, 69]"
17,"[14, 6, 56]"
18,"[14, 6, 25]"
19,"[14, 6, 48]"
19,"[14, 6, 28]"
20,"[14, 6, 17]"
14,"[14, 6, 35]"
14,"[14, 6, 58]"
16,"[14, 6, 49]"
16,"[14, 6, 55]"
19,"[14, 6, 6]"
19,"[14, 6, 4]"
15,"[14, 6, 27]"
18,"[14, 6, 29]"
16,"[14, 6, 34]"
18,"[14, 6, 33]"
13,"[14, 6, 26]"
13,"[14, 6, 37]"
17,"[14, 6, 0]"
16,"[14, 6, 54]"
12,"[14, 6, 53]"
16,"[14, 6, 7]"
29,"[14, 10]"
28,"[14, 10, 70]"
21,"[14, 10, 69]"
14,"[14, 10, 12]"
23,"[14, 10, 56]"
15,"[14, 10, 57]"
13,"[14, 10, 62]"
23,"[14, 10, 25]"
23,"[14, 10, 48]"
26,"[14, 10, 28]"
19,"[14, 10, 17]"
20,"[14, 10, 35]"
17,"[14, 10, 58]"
16,"[14, 10, 49]"
14,"[14, 10, 55]"
21,"[14, 10, 6]"
18,"[14, 10, 34]"
20,"[14, 10, 33]"
15,"[14, 10, 26]"
12,"[14, 10, 50]"
15,"[14, 10, 37]"
12,"[14, 10, 60]"
22,"[14, 10, 29]"
19,"[14, 10, 0]"
17,"[14, 10, 4]"
20,"[14, 10, 54]"
14,"[14, 10, 13]"
16,"[14, 10, 53]"
14,"[14, 10, 42]"
13,"[14, 10, 10]"
15,"[14, 10, 27]"
13,"[14, 10, 20]"
22,"[14, 51]"
17,"[14, 51, 56]"
19,"[14, 51, 25]"
17,"[14, 51, 48]"
20,"[14, 51, 28]"
19,"[14, 51, 17]"
22,"[14, 51, 70]"
17,"[14, 51, 35]"
14,"[14, 51, 58]"
12,"[14, 51, 55]"
17,"[14, 51, 6]"
19,"[14, 51, 69]"
18,"[14, 51, 13]"
18,"[14, 51, 53]"
17,"[14, 51, 34]"
17,"[14, 51, 33]"
16,"[14, 51, 32]"
17,"[14, 51, 18]"
16,"[14, 51, 8]"
17,"[14, 51, 27]"
17,"[14, 51, 0]"
14,"[14, 51, 4]"
19,"[14, 51, 29]"
17,"[14, 51, 10]"
14,"[14, 51, 26]"
15,"[14, 51, 37]"
16,"[14, 51, 54]"
12,"[14, 51, 12]"
12,"[14, 51, 42]"
12,"[14, 51, 7]"
12,"[14, 51, 16]"
12,"[14, 51, 51]"
12,"[14, 51, 20]"
26,"[14, 56]"
15,"[14, 56, 57]"
12,"[14, 56, 62]"
20,"[14, 56, 25]"
21,"[14, 56, 48]"
22,"[14, 56, 28]"
15,"[14, 56, 17]"
25,"[14, 56, 70]"
18,"[14, 56, 35]"
15,"[14, 56, 58]"
13,"[14, 56, 49]"
13,"[14, 56, 55]"
17,"[14, 56, 6]"
18,"[14, 56, 69]"
13,"[14, 56, 27]"
18,"[14, 56, 29]"
14,"[14, 56, 4]"
12,"[14, 56, 10]"
14,"[14, 56, 56]"
16,"[14, 56, 34]"
17,"[14, 56, 33]"
14,"[14, 56, 26]"
12,"[14, 56, 50]"
13,"[14, 56, 37]"
16,"[14, 56, 0]"
17,"[14, 56, 54]"
12,"[14, 56, 53]"
12,"[14, 56, 42]"
15,"[14, 57]"
12,"[14, 57, 25]"
13,"[14, 57, 48]"
14,"[14, 57, 28]"
15,"[14, 57, 70]"
13,"[14, 57, 35]"
12,"[14, 57, 69]"
21,"[14, 35]"
18,"[14, 35, 58]"
13,"[14, 35, 62]"
13,"[14, 35, 49]"
21,"[14, 35, 70]"
18,"[14, 35, 48]"
13,"[14, 35, 17]"
15,"[14, 35, 6]"
16,"[14, 35, 69]"
14,"[14, 35, 29]"
15,"[14, 35, 34]"
17,"[14, 35, 33]"
20,"[14, 35, 28]"
17,"[14, 35, 25]"
12,"[14, 35, 26]"
13,"[14, 35, 37]"
16,"[14, 35, 54]"
12,"[14, 35, 53]"
18,"[14, 58]"
13,"[14, 58, 49]"
18,"[14, 58, 70]"
15,"[14, 58, 48]"
12,"[14, 58, 17]"
13,"[14, 58, 6]"
14,"[14, 58, 69]"
12,"[14, 58, 35]"
13,"[14, 58, 58]"
12,"[14, 58, 34]"
13,"[14, 58, 33]"
16,"[14, 58, 28]"
13,"[14, 58, 25]"
12,"[14, 58, 29]"
14,"[14, 58, 54]"
18,"[14, 49]"
17,"[14, 49, 70]"
14,"[14, 49, 49]"
14,"[14, 49, 48]"
14,"[14, 49, 55]"
13,"[14, 49, 17]"
12,"[14, 49, 6]"
13,"[14, 49, 69]"
14,"[14, 49, 29]"
14,"[14, 49, 54]"
18,"[14, 55]"
14,"[14, 55, 70]"
12,"[14, 55, 29]"
24,"[14, 13]"
24,"[14, 13, 53]"
24,"[14, 13, 70]"
19,"[14, 13, 34]"
18,"[14, 13, 33]"
21,"[14, 13, 28]"
20,"[14, 13, 25]"
21,"[14, 13, 48]"
23,"[14, 13, 69]"
19,"[14, 13, 32]"
17,"[14, 13, 18]"
18,"[14, 13, 8]"
18,"[14, 13, 27]"
20,"[14, 13, 17]"
20,"[14, 13, 0]"
18,"[14, 13, 6]"
17,"[14, 13, 4]"
17,"[14, 13, 56]"
17,"[14, 13, 35]"
22,"[14, 13, 29]"
19,"[14, 13, 10]"
15,"[14, 13, 58]"
12,"[14, 13, 62]"
14,"[14, 13, 26]"
12,"[14, 13, 50]"
16,"[14, 13, 37]"
13,"[14, 13, 60]"
14,"[14, 13, 55]"
20,"[14, 13, 54]"
16,"[14, 13, 13]"
15,"[14, 13, 12]"
15,"[14, 13, 42]"
14,"[14, 13, 51]"
16,"[14, 13, 16]"
15,"[14, 13, 68]"
14,"[14, 13, 49]"
13,"[14, 13, 20]"
26,"[14, 53]"
25,"[14, 53, 70]"
20,"[14, 53, 34]"
19,"[14, 53, 33]"
21,"[14, 53, 28]"
21,"[14, 53, 25]"
20,"[14, 53, 48]"
22,"[14, 53, 69]"
20,"[14, 53, 32]"
18,"[14, 53, 18]"
19,"[14, 53, 8]"
18,"[14, 53, 27]"
20,"[14, 53, 17]"
19,"[14, 53, 0]"
18,"[14, 53, 6]"
16,"[14, 53, 4]"
16,"[14, 53, 56]"
16,"[14, 53, 35]"
22,"[14, 53, 29]"
18,"[14, 53, 10]"
15,"[14, 53, 58]"
13,"[14, 53, 26]"
12,"[14, 53, 50]"
17,"[14, 53, 37]"
12,"[14, 53, 60]"
14,"[14, 53, 55]"
22,"[14, 53, 54]"
14,"[14, 53, 13]"
19,"[14, 53, 53]"
14,"[14, 53, 12]"
14,"[14, 53, 42]"
13,"[14, 53, 51]"
12,"[14, 53, 7]"
14,"[14, 53, 49]"
14,"[14, 53, 20]"
12,"[14, 31]"
12,"[14, 31, 0]"
12,"[14, 31, 29]"
12,"[14, 31, 70]"
22,"[14, 4]"
12,"[14, 4, 56]"
16,"[14, 4, 29]"
12,"[14, 4, 4]"
15,"[14, 4, 10]"
20,"[14, 4, 70]"
13,"[14, 4, 33]"
15,"[14, 4, 28]"
13,"[14, 4, 25]"
15,"[14, 4, 48]"
13,"[14, 4, 69]"
14,"[14, 4, 0]"
15,"[14, 4, 6]"
13,"[14, 4, 55]"
14,"[14, 4, 54]"
13,"[14, 15]"
12,"[14, 15, 70]"
13,"[14, 43]"
13,"[14, 43, 70]"
12,"[14, 9]"
12,"[14, 9, 29]"
12,"[14, 9, 0]"
12,"[14, 9, 6]"
12,"[14, 9, 70]"
12,"[14, 9, 28]"
16,"[14, 7]"
15,"[14, 7, 70]"
17,"[14, 16]"
14,"[14, 16, 68]"
17,"[14, 16, 53]"
16,"[14, 16, 69]"
17,"[14, 16, 70]"
14,"[14, 16, 34]"
14,"[14, 16, 33]"
15,"[14, 16, 28]"
14,"[14, 16, 25]"
15,"[14, 16, 54]"
14,"[14, 16, 32]"
12,"[14, 16, 27]"
13,"[14, 16, 18]"
13,"[14, 16, 10]"
13,"[14, 16, 8]"
12,"[14, 16, 0]"
12,"[14, 16, 17]"
15,"[14, 16, 29]"
13,"[14, 16, 48]"
12,"[14, 16, 42]"
15,"[14, 68]"
12,"[14, 68, 53]"
14,"[14, 68, 70]"
12,"[14, 68, 28]"
12,"[14, 68, 25]"
13,"[14, 14]"
12,"[14, 14, 69]"
12,"[14, 14, 70]"
12,"[14, 14, 28]"
37,[70]
20,"[70, 62]"
19,"[70, 62, 70]"
14,"[70, 62, 62]"
14,"[70, 62, 34]"
15,"[70, 62, 33]"
17,"[70, 62, 28]"
17,"[70, 62, 54]"
15,"[70, 62, 69]"
15,"[70, 62, 25]"
16,"[70, 62, 48]"
13,"[70, 62, 20]"
13,"[70, 62, 37]"
13,"[70, 62, 50]"
13,"[70, 62, 64]"
13,"[70, 62, 32]"
12,"[70, 62, 18]"
13,"[70, 62, 8]"
13,"[70, 62, 27]"
14,"[70, 62, 17]"
16,"[70, 62, 0]"
18,"[70, 62, 29]"
16,"[70, 62, 6]"
14,"[70, 62, 10]"
13,"[70, 62, 56]"
12,"[70, 62, 35]"
13,"[70, 62, 49]"
13,"[70, 62, 53]"
37,"[70, 70]"
19,"[70, 70, 62]"
30,"[70, 70, 34]"
30,"[70, 70, 33]"
36,"[70, 70, 28]"
33,"[70, 70, 54]"
36,"[70, 70, 70]"
29,"[70, 70, 69]"
23,"[70, 70, 42]"
33,"[70, 70, 25]"
34,"[70, 70, 48]"
27,"[70, 70, 20]"
28,"[70, 70, 37]"
22,"[70, 70, 26]"
23,"[70, 70, 50]"
24,"[70, 70, 60]"
13,"[70, 70, 36]"
14,"[70, 70, 64]"
26,"[70, 70, 32]"
22,"[70, 70, 18]"
24,"[70, 70, 8]"
26,"[70, 70, 27]"
29,"[70, 70, 17]"
28,"[70, 70, 0]"
14,"[70, 70, 3]"
30,"[70, 70, 29]"
31,"[70, 70, 6]"
24,"[70, 70, 10]"
20,"[70, 70, 12]"
15,"[70, 70, 51]"
26,"[70, 70, 56]"
14,"[70, 70, 57]"
22,"[70, 70, 35]"
22,"[70, 70, 58]"
24,"[70, 70, 49]"
21,"[70, 70, 55]"
21,"[70, 70, 4]"
17,"[70, 70, 13]"
21,"[70, 70, 53]"
13,"[70, 70, 16]"
13,"[70, 70, 14]"
15,"[70, 70, 7]"
35,"[70, 34]"
33,"[70, 34, 33]"
35,"[70, 34, 28]"
18,"[70, 34, 62]"
34,"[70, 34, 54]"
35,"[70, 34, 70]"
28,"[70, 34, 69]"
22,"[70, 34, 42]"
33,"[70, 34, 25]"
33,"[70, 34, 48]"
27,"[70, 34, 20]"
28,"[70, 34, 37]"
22,"[70, 34, 26]"
22,"[70, 34, 50]"
24,"[70, 34, 60]"
13,"[70, 34, 36]"
13,"[70, 34, 64]"
24,"[70, 34, 32]"
22,"[70, 34, 18]"
22,"[70, 34, 8]"
26,"[70, 34, 27]"
29,"[70, 34, 17]"
25,"[70, 34, 0]"
13,"[70, 34, 3]"
12,"[70, 34, 1]"
30,"[70, 34, 29]"
29,"[70, 34, 6]"
24,"[70, 34, 10]"
19,"[70, 34, 12]"
15,"[70, 34, 51]"
23,"[70, 34, 56]"
12,"[70, 34, 57]"
21,"[70, 34, 35]"
20,"[70, 34, 58]"
23,"[70, 34, 49]"
20,"[70, 34, 55]"
20,"[70, 34, 4]"
24,"[70, 34, 34]"
15,"[70, 34, 13]"
21,"[70, 34, 53]"
12,"[70, 34, 16]"
14,"[70, 34, 14]"
13,"[70, 34, 7]"
33,"[70, 33]"
32,"[70, 33, 28]"
24,"[70, 33, 33]"
18,"[70, 33, 62]"
31,"[70, 33, 54]"
33,"[70, 33, 70]"
26,"[70, 33, 69]"
21,"[70, 33, 42]"
32,"[70, 33, 25]"
30,"[70, 33, 48]"
26,"[70, 33, 20]"
26,"[70, 33, 37]"
20,"[70, 33, 26]"
20,"[70, 33, 50]"
20,"[70, 33, 60]"
12,"[70, 33, 36]"
13,"[70, 33, 64]"
23,"[70, 33, 32]"
21,"[70, 33, 18]"
20,"[70, 33, 8]"
25,"[70, 33, 27]"
27,"[70, 33, 17]"
24,"[70, 33, 0]"
13,"[70, 33, 3]"
30,"[70, 33, 29]"
27,"[70, 33, 6]"
22,"[70, 33, 10]"
19,"[70, 33, 12]"
14,"[70, 33, 51]"
21,"[70, 33, 56]"
19,"[70, 33, 35]"
18,"[70, 33, 58]"
20,"[70, 33, 49]"
18,"[70, 33, 55]"
20,"[70, 33, 4]"
21,"[70, 33, 34]"
15,"[70, 33, 13]"
20,"[70, 33, 53]"
12,"[70, 33, 14]"
37,"[70, 28]"
25,"[70, 28, 33]"
18,"[70, 28, 62]"
27,"[70, 28, 28]"
33,"[70, 28, 54]"
36,"[70, 28, 70]"
27,"[70, 28, 69]"
22,"[70, 28, 42]"
32,"[70, 28, 25]"
31,"[70, 28, 48]"
24,"[70, 28, 20]"
26,"[70, 28, 37]"
21,"[70, 28, 26]"
22,"[70, 28, 50]"
21,"[70, 28, 60]"
12,"[70, 28, 36]"
14,"[70, 28, 64]"
23,"[70, 28, 32]"
21,"[70, 28, 18]"
20,"[70, 28, 8]"
25,"[70, 28, 27]"
29,"[70, 28, 17]"
25,"[70, 28, 0]"
13,"[70, 28, 3]"
30,"[70, 28, 29]"
29,"[70, 28, 6]"
22,"[70, 28, 10]"
20,"[70, 28, 12]"
15,"[70, 28, 51]"
21,"[70, 28, 56]"
18,"[70, 28, 35]"
18,"[70, 28, 58]"
22,"[70, 28, 49]"
21,"[70, 28, 55]"
20,"[70, 28, 4]"
21,"[70, 28, 34]"
16,"[70, 28, 13]"
21,"[70, 28, 53]"
12,"[70, 28, 16]"
12,"[70, 28, 14]"
34,"[70, 54]"
16,"[70, 54, 62]"
25,"[70, 54, 28]"
29,"[70, 54, 54]"
34,"[70, 54, 70]"
24,"[70, 54, 69]"
19,"[70, 54, 42]"
23,"[70, 54, 25]"
26,"[70, 54, 48]"
22,"[70, 54, 20]"
21,"[70, 54, 37]"
17,"[70, 54, 26]"
17,"[70, 54, 50]"
19,"[70, 54, 60]"
12,"[70, 54, 36]"
12,"[70, 54, 64]"
21,"[70, 54, 32]"
19,"[70, 54, 18]"
20,"[70, 54, 8]"
23,"[70, 54, 27]"
28,"[70, 54, 17]"
24,"[70, 54, 0]"
12,"[70, 54, 3]"
28,"[70, 54, 29]"
27,"[70, 54, 6]"
19,"[70, 54, 10]"
18,"[70, 54, 12]"
12,"[70, 54, 51]"
19,"[70, 54, 56]"
14,"[70, 54, 35]"
13,"[70, 54, 58]"
21,"[70, 54, 49]"
19,"[70, 54, 55]"
13,"[70, 54, 13]"
15,"[70, 54, 53]"
23,"[70, 54, 33]"
19,"[70, 54, 4]"
20,"[70, 54, 34]"
32,"[70, 69]"
25,"[70, 69, 42]"
17,"[70, 69, 62]"
29,"[70, 69, 54]"
30,"[70, 69, 25]"
29,"[70, 69, 28]"
28,"[70, 69, 48]"
23,"[70, 69, 20]"
24,"[70, 69, 37]"
31,"[70, 69, 70]"
18,"[70, 69, 26]"
18,"[70, 69, 50]"
21,"[70, 69, 60]"
12,"[70, 69, 36]"
24,"[70, 69, 32]"
24,"[70, 69, 18]"
24,"[70, 69, 8]"
25,"[70, 69, 27]"
27,"[70, 69, 17]"
26,"[70, 69, 0]"
13,"[70, 69, 3]"
29,"[70, 69, 29]"
26,"[70, 69, 6]"
25,"[70, 69, 10]"
29,"[70, 69, 69]"
21,"[70, 69, 12]"
21,"[70, 69, 51]"
26,"[70, 69, 56]"
13,"[70, 69, 57]"
21,"[70, 69, 35]"
18,"[70, 69, 58]"
21,"[70, 69, 49]"
17,"[70, 69, 55]"
21,"[70, 69, 4]"
25,"[70, 69, 34]"
28,"[70, 69, 33]"
20,"[70, 69, 13]"
23,"[70, 69, 53]"
15,"[70, 69, 16]"
13,"[70, 69, 15]"
17,"[70, 69, 14]"
12,"[70, 69, 9]"
13,"[70, 69, 7]"
14,"[70, 69, 43]"
26,"[70, 42]"
20,"[70, 42, 54]"
20,"[70, 42, 25]"
19,"[70, 42, 28]"
17,"[70, 42, 48]"
17,"[70, 42, 20]"
17,"[70, 42, 37]"
24,"[70, 42, 70]"
13,"[70, 42, 26]"
13,"[70, 42, 60]"
19,"[70, 42, 32]"
18,"[70, 42, 18]"
18,"[70, 42, 8]"
18,"[70, 42, 27]"
19,"[70, 42, 17]"
19,"[70, 42, 0]"
21,"[70, 42, 29]"
16,"[70, 42, 6]"
18,"[70, 42, 10]"
21,"[70, 42, 69]"
15,"[70, 42, 12]"
17,"[70, 42, 51]"
19,"[70, 42, 56]"
13,"[70, 42, 35]"
12,"[70, 42, 49]"
16,"[70, 42, 13]"
12,"[70, 42, 16]"
17,"[70, 42, 53]"
13,"[70, 42, 43]"
19,"[70, 42, 33]"
18,"[70, 42, 34]"
13,"[70, 42, 4]"
13,"[70, 42, 14]"
12,"[70, 42, 42]"
34,"[70, 25]"
28,"[70, 25, 28]"
30,"[70, 25, 48]"
19,"[70, 25, 62]"
25,"[70, 25, 20]"
27,"[70, 25, 37]"
34,"[70, 25, 70]"
18,"[70, 25, 26]"
18,"[70, 25, 50]"
20,"[70, 25, 60]"
12,"[70, 25, 36]"
13,"[70, 25, 64]"
23,"[70, 25, 32]"
20,"[70, 25, 18]"
20,"[70, 25, 8]"
25,"[70, 25, 27]"
27,"[70, 25, 17]"
24,"[70, 25, 0]"
13,"[70, 25, 3]"
12,"[70, 25, 1]"
30,"[70, 25, 29]"
27,"[70, 25, 6]"
20,"[70, 25, 10]"
25,"[70, 25, 69]"
18,"[70, 25, 12]"
12,"[70, 25, 51]"
21,"[70, 25, 56]"
26,"[70, 25, 25]"
18,"[70, 25, 35]"
19,"[70, 25, 58]"
22,"[70, 25, 49]"
19,"[70, 25, 55]"
24,"[70, 25, 33]"
20,"[70, 25, 4]"
20,"[70, 25, 34]"
28,"[70, 25, 54]"
14,"[70, 25, 13]"
18,"[70, 25, 53]"
17,"[70, 25, 42]"
34,"[70, 48]"
15,"[70, 48, 62]"
28,"[70, 48, 48]"
21,"[70, 48, 20]"
24,"[70, 48, 37]"
34,"[70, 48, 70]"
18,"[70, 48, 26]"
18,"[70, 48, 50]"
21,"[70, 48, 60]"
22,"[70, 48, 32]"
18,"[70, 48, 18]"
19,"[70, 48, 8]"
24,"[70, 48, 27]"
28,"[70, 48, 17]"
25,"[70, 48, 0]"
12,"[70, 48, 3]"
29,"[70, 48, 29]"
28,"[70, 48, 6]"
20,"[70, 48, 10]"
25,"[70, 48, 69]"
18,"[70, 48, 12]"
20,"[70, 48, 56]"
26,"[70, 48, 25]"
27,"[70, 48, 28]"
14,"[70, 48, 35]"
15,"[70, 48, 58]"
20,"[70, 48, 49]"
21,"[70, 48, 55]"
20,"[70, 48, 33]"
21,"[70, 48, 4]"
18,"[70, 48, 34]"
29,"[70, 48, 54]"
12,"[70, 48, 13]"
15,"[70, 48, 53]"
18,"[70, 48, 42]"
28,"[70, 20]"
25,"[70, 20, 37]"
19,"[70, 20, 20]"
28,"[70, 20, 70]"
16,"[70, 20, 62]"
19,"[70, 20, 26]"
19,"[70, 20, 50]"
20,"[70, 20, 60]"
13,"[70, 20, 36]"
21,"[70, 20, 32]"
20,"[70, 20, 18]"
19,"[70, 20, 8]"
23,"[70, 20, 27]"
25,"[70, 20, 17]"
22,"[70, 20, 0]"
12,"[70, 20, 3]"
27,"[70, 20, 29]"
24,"[70, 20, 6]"
21,"[70, 20, 10]"
22,"[70, 20, 69]"
16,"[70, 20, 12]"
18,"[70, 20, 56]"
23,"[70, 20, 25]"
25,"[70, 20, 48]"
25,"[70, 20, 28]"
17,"[70, 20, 35]"
15,"[70, 20, 58]"
19,"[70, 20, 49]"
15,"[70, 20, 55]"
19,"[70, 20, 4]"
23,"[70, 20, 54]"
15,"[70, 20, 42]"
14,"[70, 20, 53]"
22,"[70, 20, 33]"
20,"[70, 20, 34]"
29,"[70, 37]"
16,"[70, 37, 20]"
29,"[70, 37, 70]"
14,"[70, 37, 62]"
18,"[70, 37, 26]"
15,"[70, 37, 50]"
24,"[70, 37, 60]"
12,"[70, 37, 36]"
19,"[70, 37, 32]"
18,"[70, 37, 18]"
17,"[70, 37, 8]"
22,"[70, 37, 27]"
25,"[70, 37, 17]"
22,"[70, 37, 0]"
25,"[70, 37, 29]"
24,"[70, 37, 6]"
18,"[70, 37, 10]"
19,"[70, 37, 69]"
14,"[70, 37, 12]"
16,"[70, 37, 56]"
22,"[70, 37, 25]"
24,"[70, 37, 48]"
23,"[70, 37, 28]"
14,"[70, 37, 35]"
12,"[70, 37, 58]"
18,"[70, 37, 49]"
18,"[70, 37, 55]"
19,"[70, 37, 4]"
22,"[70, 37, 54]"
13,"[70, 37, 42]"
19,"[70, 37, 33]"
17,"[70, 37, 34]"
14,"[70, 37, 37]"
24,"[70, 26]"
20,"[70, 26, 50]"
13,"[70, 26, 60]"
16,"[70, 26, 32]"
14,"[70, 26, 18]"
14,"[70, 26, 8]"
17,"[70, 26, 27]"
19,"[70, 26, 17]"
20,"[70, 26, 0]"
20,"[70, 26, 29]"
21,"[70, 26, 6]"
16,"[70, 26, 10]"
24,"[70, 26, 70]"
17,"[70, 26, 69]"
13,"[70, 26, 56]"
13,"[70, 26, 62]"
16,"[70, 26, 25]"
20,"[70, 26, 48]"
17,"[70, 26, 28]"
12,"[70, 26, 49]"
14,"[70, 26, 55]"
15,"[70, 26, 37]"
17,"[70, 26, 4]"
16,"[70, 26, 54]"
14,"[70, 26, 33]"
12,"[70, 26, 34]"
24,"[70, 50]"
13,"[70, 50, 60]"
15,"[70, 50, 32]"
14,"[70, 50, 18]"
14,"[70, 50, 8]"
16,"[70, 50, 27]"
19,"[70, 50, 17]"
18,"[70, 50, 0]"
20,"[70, 50, 29]"
19,"[70, 50, 6]"
15,"[70, 50, 10]"
24,"[70, 50, 70]"
18,"[70, 50, 69]"
13,"[70, 50, 56]"
14,"[70, 50, 62]"
14,"[70, 50, 25]"
20,"[70, 50, 48]"
17,"[70, 50, 28]"
15,"[70, 50, 49]"
15,"[70, 50, 55]"
15,"[70, 50, 37]"
16,"[70, 50, 4]"
17,"[70, 50, 54]"
14,"[70, 50, 33]"
12,"[70, 50, 34]"
26,"[70, 60]"
17,"[70, 60, 32]"
15,"[70, 60, 18]"
16,"[70, 60, 8]"
18,"[70, 60, 27]"
22,"[70, 60, 17]"
20,"[70, 60, 0]"
21,"[70, 60, 29]"
23,"[70, 60, 6]"
15,"[70, 60, 10]"
26,"[70, 60, 70]"
16,"[70, 60, 69]"
12,"[70, 60, 12]"
14,"[70, 60, 56]"
13,"[70, 60, 62]"
17,"[70, 60, 25]"
22,"[70, 60, 48]"
20,"[70, 60, 28]"
13,"[70, 60, 35]"
12,"[70, 60, 58]"
14,"[70, 60, 49]"
17,"[70, 60, 55]"
18,"[70, 60, 4]"
18,"[70, 60, 54]"
16,"[70, 60, 26]"
16,"[70, 60, 50]"
13,"[70, 60, 20]"
14,"[70, 60, 33]"
13,"[70, 60, 34]"
14,"[70, 36]"
12,"[70, 36, 27]"
12,"[70, 36, 17]"
12,"[70, 36, 0]"
13,"[70, 36, 29]"
13,"[70, 36, 6]"
14,"[70, 36, 70]"
13,"[70, 36, 62]"
13,"[70, 36, 28]"
12,"[70, 36, 49]"
14,"[70, 64]"
13,"[70, 64, 64]"
13,"[70, 64, 0]"
12,"[70, 64, 29]"
12,"[70, 64, 6]"
14,"[70, 64, 70]"
12,"[70, 64, 25]"
12,"[70, 64, 58]"
30,"[70, 32]"
28,"[70, 32, 18]"
28,"[70, 32, 8]"
29,"[70, 32, 27]"
29,"[70, 32, 17]"
27,"[70, 32, 0]"
16,"[70, 32, 3]"
14,"[70, 32, 1]"
30,"[70, 32, 29]"
26,"[70, 32, 6]"
27,"[70, 32, 10]"
30,"[70, 32, 70]"
25,"[70, 32, 69]"
17,"[70, 32, 12]"
15,"[70, 32, 51]"
13,"[70, 32, 11]"
26,"[70, 32, 56]"
16,"[70, 32, 57]"
15,"[70, 32, 62]"
28,"[70, 32, 25]"
27,"[70, 32, 48]"
28,"[70, 32, 28]"
24,"[70, 32, 35]"
21,"[70, 32, 58]"
18,"[70, 32, 49]"
15,"[70, 32, 55]"
12,"[70, 32, 21]"
13,"[70, 32, 31]"
22,"[70, 32, 4]"
23,"[70, 32, 34]"
24,"[70, 32, 33]"
16,"[70, 32, 26]"
15,"[70, 32, 50]"
22,"[70, 32, 37]"
17,"[70, 32, 60]"
24,"[70, 32, 54]"
14,"[70, 32, 13]"
15,"[70, 32, 53]"
18,"[70, 32, 42]"
12,"[70, 32, 14]"
15,"[70, 32, 9]"
13,"[70, 32, 7]"
22,"[70, 32, 20]"
19,"[70, 32, 32]"
30,"[70, 18]"
28,"[70, 18, 8]"
12,"[70, 18, 64]"
15,"[70, 18, 18]"
27,"[70, 18, 27]"
28,"[70, 18, 17]"
27,"[70, 18, 0]"
17,"[70, 18, 3]"
14,"[70, 18, 1]"
30,"[70, 18, 29]"
27,"[70, 18, 6]"
26,"[70, 18, 10]"
30,"[70, 18, 70]"
23,"[70, 18, 69]"
16,"[70, 18, 12]"
13,"[70, 18, 51]"
13,"[70, 18, 11]"
25,"[70, 18, 56]"
16,"[70, 18, 57]"
17,"[70, 18, 62]"
27,"[70, 18, 25]"
27,"[70, 18, 48]"
28,"[70, 18, 28]"
23,"[70, 18, 35]"
22,"[70, 18, 58]"
20,"[70, 18, 49]"
16,"[70, 18, 55]"
12,"[70, 18, 21]"
13,"[70, 18, 31]"
21,"[70, 18, 4]"
23,"[70, 18, 34]"
24,"[70, 18, 33]"
16,"[70, 18, 26]"
16,"[70, 18, 50]"
21,"[70, 18, 37]"
15,"[70, 18, 60]"
23,"[70, 18, 54]"
14,"[70, 18, 13]"
16,"[70, 18, 53]"
14,"[70, 18, 42]"
12,"[70, 18, 59]"
16,"[70, 18, 9]"
14,"[70, 18, 7]"
21,"[70, 18, 20]"
17,"[70, 18, 32]"
30,"[70, 8]"
12,"[70, 8, 64]"
18,"[70, 8, 8]"
19,"[70, 8, 18]"
28,"[70, 8, 27]"
28,"[70, 8, 17]"
28,"[70, 8, 0]"
17,"[70, 8, 3]"
13,"[70, 8, 1]"
30,"[70, 8, 29]"
27,"[70, 8, 6]"
27,"[70, 8, 10]"
29,"[70, 8, 70]"
24,"[70, 8, 69]"
16,"[70, 8, 12]"
15,"[70, 8, 51]"
14,"[70, 8, 11]"
26,"[70, 8, 56]"
17,"[70, 8, 57]"
16,"[70, 8, 62]"
27,"[70, 8, 25]"
26,"[70, 8, 48]"
28,"[70, 8, 28]"
24,"[70, 8, 35]"
21,"[70, 8, 58]"
19,"[70, 8, 49]"
15,"[70, 8, 55]"
12,"[70, 8, 21]"
22,"[70, 8, 4]"
23,"[70, 8, 34]"
25,"[70, 8, 33]"
17,"[70, 8, 26]"
14,"[70, 8, 50]"
20,"[70, 8, 37]"
16,"[70, 8, 60]"
22,"[70, 8, 54]"
15,"[70, 8, 13]"
16,"[70, 8, 53]"
14,"[70, 8, 42]"
12,"[70, 8, 14]"
12,"[70, 8, 59]"
17,"[70, 8, 9]"
15,"[70, 8, 7]"
21,"[70, 8, 20]"
17,"[70, 8, 32]"
31,"[70, 27]"
29,"[70, 27, 17]"
25,"[70, 27, 0]"
16,"[70, 27, 3]"
14,"[70, 27, 1]"
30,"[70, 27, 29]"
27,"[70, 27, 6]"
14,"[70, 27, 8]"
25,"[70, 27, 10]"
30,"[70, 27, 70]"
25,"[70, 27, 69]"
16,"[70, 27, 12]"
14,"[70, 27, 51]"
12,"[70, 27, 11]"
24,"[70, 27, 56]"
16,"[70, 27, 57]"
14,"[70, 27, 62]"
25,"[70, 27, 25]"
26,"[70, 27, 48]"
27,"[70, 27, 28]"
23,"[70, 27, 35]"
21,"[70, 27, 58]"
20,"[70, 27, 49]"
16,"[70, 27, 55]"
21,"[70, 27, 4]"
22,"[70, 27, 27]"
22,"[70, 27, 34]"
22,"[70, 27, 33]"
14,"[70, 27, 26]"
14,"[70, 27, 50]"
18,"[70, 27, 37]"
14,"[70, 27, 60]"
21,"[70, 27, 54]"
15,"[70, 27, 13]"
15,"[70, 27, 53]"
15,"[70, 27, 42]"
12,"[70, 27, 18]"
15,"[70, 27, 7]"
19,"[70, 27, 20]"
15,"[70, 27, 32]"
33,"[70, 17]"
25,"[70, 17, 0]"
15,"[70, 17, 3]"
14,"[70, 17, 1]"
30,"[70, 17, 29]"
30,"[70, 17, 6]"
15,"[70, 17, 8]"
25,"[70, 17, 10]"
33,"[70, 17, 70]"
25,"[70, 17, 69]"
16,"[70, 17, 12]"
13,"[70, 17, 51]"
12,"[70, 17, 11]"
25,"[70, 17, 56]"
16,"[70, 17, 57]"
14,"[70, 17, 62]"
26,"[70, 17, 25]"
28,"[70, 17, 48]"
28,"[70, 17, 28]"
26,"[70, 17, 17]"
22,"[70, 17, 35]"
20,"[70, 17, 58]"
20,"[70, 17, 49]"
18,"[70, 17, 55]"
23,"[70, 17, 4]"
23,"[70, 17, 27]"
23,"[70, 17, 34]"
23,"[70, 17, 33]"
15,"[70, 17, 26]"
15,"[70, 17, 50]"
18,"[70, 17, 37]"
14,"[70, 17, 60]"
22,"[70, 17, 54]"
15,"[70, 17, 13]"
15,"[70, 17, 53]"
15,"[70, 17, 42]"
12,"[70, 17, 18]"
17,"[70, 17, 7]"
19,"[70, 17, 20]"
16,"[70, 17, 32]"
32,"[70, 0]"
18,"[70, 0, 3]"
12,"[70, 0, 64]"
14,"[70, 0, 1]"
26,"[70, 0, 29]"
29,"[70, 0, 6]"
16,"[70, 0, 8]"
27,"[70, 0, 10]"
32,"[70, 0, 70]"
24,"[70, 0, 69]"
16,"[70, 0, 12]"
14,"[70, 0, 51]"
14,"[70, 0, 11]"
27,"[70, 0, 56]"
17,"[70, 0, 57]"
16,"[70, 0, 62]"
28,"[70, 0, 25]"
28,"[70, 0, 48]"
28,"[70, 0, 28]"
25,"[70, 0, 17]"
21,"[70, 0, 35]"
21,"[70, 0, 58]"
20,"[70, 0, 49]"
18,"[70, 0, 55]"
23,"[70, 0, 4]"
22,"[70, 0, 27]"
23,"[70, 0, 34]"
25,"[70, 0, 33]"
17,"[70, 0, 26]"
14,"[70, 0, 50]"
20,"[70, 0, 37]"
16,"[70, 0, 60]"
21,"[70, 0, 0]"
22,"[70, 0, 54]"
15,"[70, 0, 13]"
16,"[70, 0, 53]"
14,"[70, 0, 42]"
14,"[70, 0, 18]"
16,"[70, 0, 7]"
21,"[70, 0, 20]"
14,"[70, 0, 32]"
18,"[70, 3]"
14,"[70, 3, 29]"
16,"[70, 3, 6]"
15,"[70, 3, 10]"
16,"[70, 3, 70]"
13,"[70, 3, 69]"
15,"[70, 3, 56]"
14,"[70, 3, 25]"
15,"[70, 3, 48]"
15,"[70, 3, 28]"
12,"[70, 3, 17]"
12,"[70, 3, 35]"
12,"[70, 3, 58]"
14,"[70, 3, 49]"
12,"[70, 3, 7]"
13,"[70, 3, 33]"
12,"[70, 3, 4]"
12,"[70, 3, 34]"
12,"[70, 3, 54]"
14,"[70, 1]"
12,"[70, 1, 6]"
13,"[70, 1, 70]"
33,"[70, 29]"
27,"[70, 29, 6]"
14,"[70, 29, 8]"
26,"[70, 29, 10]"
31,"[70, 29, 70]"
24,"[70, 29, 69]"
16,"[70, 29, 12]"
13,"[70, 29, 51]"
12,"[70, 29, 64]"
14,"[70, 29, 11]"
25,"[70, 29, 56]"
17,"[70, 29, 57]"
16,"[70, 29, 62]"
27,"[70, 29, 25]"
27,"[70, 29, 48]"
28,"[70, 29, 28]"
23,"[70, 29, 17]"
23,"[70, 29, 35]"
20,"[70, 29, 58]"
20,"[70, 29, 49]"
17,"[70, 29, 55]"
12,"[70, 29, 21]"
23,"[70, 29, 4]"
23,"[70, 29, 34]"
25,"[70, 29, 33]"
16,"[70, 29, 26]"
13,"[70, 29, 50]"
20,"[70, 29, 37]"
15,"[70, 29, 60]"
24,"[70, 29, 29]"
24,"[70, 29, 0]"
13,"[70, 29, 1]"
21,"[70, 29, 54]"
15,"[70, 29, 13]"
16,"[70, 29, 53]"
15,"[70, 29, 42]"
12,"[70, 29, 18]"
19,"[70, 29, 27]"
16,"[70, 29, 7]"
21,"[70, 29, 20]"
13,"[70, 29, 32]"
33,"[70, 6]"
15,"[70, 6, 8]"
24,"[70, 6, 10]"
33,"[70, 6, 70]"
22,"[70, 6, 69]"
15,"[70, 6, 12]"
12,"[70, 6, 51]"
14,"[70, 6, 11]"
22,"[70, 6, 56]"
15,"[70, 6, 57]"
14,"[70, 6, 62]"
24,"[70, 6, 25]"
27,"[70, 6, 48]"
25,"[70, 6, 28]"
26,"[70, 6, 17]"
20,"[70, 6, 35]"
21,"[70, 6, 58]"
21,"[70, 6, 49]"
20,"[70, 6, 55]"
23,"[70, 6, 6]"
22,"[70, 6, 4]"
19,"[70, 6, 27]"
25,"[70, 6, 29]"
19,"[70, 6, 34]"
22,"[70, 6, 33]"
13,"[70, 6, 26]"
13,"[70, 6, 50]"
18,"[70, 6, 37]"
16,"[70, 6, 60]"
21,"[70, 6, 0]"
22,"[70, 6, 54]"
13,"[70, 6, 13]"
15,"[70, 6, 53]"
14,"[70, 6, 42]"
12,"[70, 6, 18]"
19,"[70, 6, 7]"
18,"[70, 6, 20]"
13,"[70, 6, 32]"
31,"[70, 10]"
30,"[70, 10, 70]"
24,"[70, 10, 69]"
16,"[70, 10, 12]"
14,"[70, 10, 51]"
14,"[70, 10, 11]"
27,"[70, 10, 56]"
18,"[70, 10, 57]"
15,"[70, 10, 62]"
27,"[70, 10, 25]"
27,"[70, 10, 48]"
29,"[70, 10, 28]"
23,"[70, 10, 17]"
25,"[70, 10, 35]"
22,"[70, 10, 58]"
20,"[70, 10, 49]"
16,"[70, 10, 55]"
23,"[70, 10, 6]"
23,"[70, 10, 34]"
25,"[70, 10, 33]"
14,"[70, 10, 26]"
12,"[70, 10, 50]"
18,"[70, 10, 37]"
15,"[70, 10, 60]"
26,"[70, 10, 29]"
19,"[70, 10, 0]"
20,"[70, 10, 4]"
24,"[70, 10, 54]"
14,"[70, 10, 13]"
16,"[70, 10, 53]"
16,"[70, 10, 42]"
14,"[70, 10, 8]"
12,"[70, 10, 14]"
12,"[70, 10, 59]"
14,"[70, 10, 18]"
19,"[70, 10, 27]"
18,"[70, 10, 10]"
19,"[70, 10, 20]"
13,"[70, 10, 32]"
21,"[70, 12]"
14,"[70, 12, 51]"
14,"[70, 12, 56]"
14,"[70, 12, 25]"
12,"[70, 12, 48]"
13,"[70, 12, 28]"
14,"[70, 12, 17]"
18,"[70, 12, 70]"
15,"[70, 12, 69]"
16,"[70, 12, 42]"
15,"[70, 12, 13]"
12,"[70, 12, 16]"
15,"[70, 12, 53]"
14,"[70, 12, 33]"
13,"[70, 12, 54]"
14,"[70, 12, 34]"
14,"[70, 12, 32]"
12,"[70, 12, 27]"
14,"[70, 12, 29]"
13,"[70, 12, 0]"
12,"[70, 12, 10]"
21,"[70, 51]"
16,"[70, 51, 56]"
19,"[70, 51, 25]"
16,"[70, 51, 48]"
18,"[70, 51, 28]"
15,"[70, 51, 17]"
20,"[70, 51, 70]"
15,"[70, 51, 35]"
12,"[70, 51, 58]"
13,"[70, 51, 49]"
13,"[70, 51, 6]"
19,"[70, 51, 69]"
15,"[70, 51, 0]"
17,"[70, 51, 29]"
13,"[70, 51, 18]"
13,"[70, 51, 8]"
14,"[70, 51, 27]"
17,"[70, 51, 13]"
17,"[70, 51, 33]"
13,"[70, 51, 16]"
16,"[70, 51, 53]"
17,"[70, 51, 54]"
16,"[70, 51, 34]"
13,"[70, 51, 32]"
14,"[70, 51, 42]"
14,"[70, 51, 10]"
13,"[70, 51, 20]"
13,"[70, 51, 37]"
13,"[70, 51, 12]"
14,"[70, 11]"
13,"[70, 11, 56]"
12,"[70, 11, 25]"
13,"[70, 11, 48]"
12,"[70, 11, 28]"
14,"[70, 11, 70]"
13,"[70, 11, 35]"
12,"[70, 11, 58]"
13,"[70, 11, 49]"
31,"[70, 56]"
18,"[70, 56, 57]"
15,"[70, 56, 62]"
27,"[70, 56, 25]"
27,"[70, 56, 48]"
27,"[70, 56, 28]"
21,"[70, 56, 17]"
30,"[70, 56, 70]"
23,"[70, 56, 35]"
22,"[70, 56, 58]"
18,"[70, 56, 49]"
16,"[70, 56, 55]"
22,"[70, 56, 6]"
22,"[70, 56, 69]"
19,"[70, 56, 27]"
24,"[70, 56, 29]"
17,"[70, 56, 4]"
17,"[70, 56, 10]"
20,"[70, 56, 56]"
23,"[70, 56, 34]"
24,"[70, 56, 33]"
15,"[70, 56, 26]"
13,"[70, 56, 50]"
19,"[70, 56, 37]"
16,"[70, 56, 60]"
17,"[70, 56, 0]"
23,"[70, 56, 54]"
12,"[70, 56, 53]"
12,"[70, 56, 12]"
14,"[70, 56, 42]"
12,"[70, 56, 14]"
12,"[70, 56, 59]"
13,"[70, 56, 8]"
19,"[70, 56, 20]"
12,"[70, 56, 32]"
18,"[70, 57]"
15,"[70, 57, 25]"
16,"[70, 57, 48]"
17,"[70, 57, 28]"
13,"[70, 57, 17]"
18,"[70, 57, 70]"
15,"[70, 57, 35]"
14,"[70, 57, 58]"
14,"[70, 57, 49]"
13,"[70, 57, 6]"
14,"[70, 57, 69]"
14,"[70, 57, 54]"
12,"[70, 57, 0]"
14,"[70, 57, 29]"
14,"[70, 57, 33]"
13,"[70, 57, 34]"
28,"[70, 35]"
25,"[70, 35, 58]"
16,"[70, 35, 62]"
19,"[70, 35, 49]"
28,"[70, 35, 70]"
25,"[70, 35, 48]"
14,"[70, 35, 55]"
19,"[70, 35, 17]"
19,"[70, 35, 6]"
22,"[70, 35, 69]"
16,"[70, 35, 27]"
22,"[70, 35, 29]"
12,"[70, 35, 4]"
13,"[70, 35, 10]"
15,"[70, 35, 56]"
12,"[70, 35, 35]"
21,"[70, 35, 34]"
22,"[70, 35, 33]"
27,"[70, 35, 28]"
24,"[70, 35, 25]"
12,"[70, 35, 26]"
12,"[70, 35, 50]"
16,"[70, 35, 37]"
14,"[70, 35, 0]"
21,"[70, 35, 54]"
12,"[70, 35, 13]"
13,"[70, 35, 53]"
13,"[70, 35, 12]"
13,"[70, 35, 42]"
12,"[70, 35, 59]"
12,"[70, 35, 18]"
17,"[70, 35, 20]"
12,"[70, 35, 32]"
27,"[70, 58]"
14,"[70, 58, 62]"
19,"[70, 58, 49]"
13,"[70, 58, 64]"
27,"[70, 58, 70]"
23,"[70, 58, 48]"
15,"[70, 58, 55]"
18,"[70, 58, 17]"
19,"[70, 58, 6]"
21,"[70, 58, 69]"
12,"[70, 58, 35]"
16,"[70, 58, 58]"
17,"[70, 58, 34]"
18,"[70, 58, 33]"
23,"[70, 58, 28]"
20,"[70, 58, 25]"
14,"[70, 58, 37]"
20,"[70, 58, 29]"
16,"[70, 58, 0]"
20,"[70, 58, 54]"
13,"[70, 58, 53]"
13,"[70, 58, 12]"
13,"[70, 58, 42]"
12,"[70, 58, 59]"
13,"[70, 58, 56]"
14,"[70, 58, 27]"
13,"[70, 58, 20]"
12,"[70, 58, 10]"
24,"[70, 49]"
22,"[70, 49, 70]"
17,"[70, 49, 49]"
19,"[70, 49, 48]"
18,"[70, 49, 55]"
18,"[70, 49, 17]"
17,"[70, 49, 6]"
16,"[70, 49, 69]"
14,"[70, 49, 28]"
12,"[70, 49, 25]"
15,"[70, 49, 33]"
15,"[70, 49, 27]"
18,"[70, 49, 29]"
16,"[70, 49, 0]"
18,"[70, 49, 54]"
12,"[70, 49, 12]"
12,"[70, 49, 34]"
21,"[70, 55]"
14,"[70, 55, 17]"
13,"[70, 55, 6]"
15,"[70, 55, 70]"
13,"[70, 55, 0]"
14,"[70, 55, 29]"
13,"[70, 21]"
13,"[70, 21, 70]"
14,"[70, 31]"
12,"[70, 31, 8]"
12,"[70, 31, 27]"
12,"[70, 31, 17]"
14,"[70, 31, 0]"
13,"[70, 31, 6]"
13,"[70, 31, 4]"
14,"[70, 31, 29]"
14,"[70, 31, 70]"
12,"[70, 31, 33]"
12,"[70, 31, 28]"
13,"[70, 31, 48]"
25,"[70, 4]"
16,"[70, 4, 56]"
14,"[70, 4, 35]"
15,"[70, 4, 17]"
14,"[70, 4, 27]"
20,"[70, 4, 29]"
15,"[70, 4, 4]"
19,"[70, 4, 10]"
12,"[70, 4, 58]"
24,"[70, 4, 70]"
13,"[70, 4, 34]"
15,"[70, 4, 33]"
18,"[70, 4, 28]"
16,"[70, 4, 25]"
18,"[70, 4, 48]"
12,"[70, 4, 26]"
13,"[70, 4, 37]"
17,"[70, 4, 69]"
15,"[70, 4, 0]"
17,"[70, 4, 6]"
14,"[70, 4, 55]"
16,"[70, 4, 54]"
13,"[70, 4, 12]"
12,"[70, 4, 42]"
14,"[70, 4, 20]"
13,"[70, 4, 49]"
21,"[70, 13]"
19,"[70, 13, 53]"
20,"[70, 13, 70]"
19,"[70, 13, 69]"
13,"[70, 13, 12]"
13,"[70, 13, 42]"
15,"[70, 13, 16]"
17,"[70, 13, 54]"
15,"[70, 13, 32]"
15,"[70, 13, 27]"
13,"[70, 13, 18]"
13,"[70, 13, 10]"
13,"[70, 13, 8]"
12,"[70, 13, 56]"
13,"[70, 13, 35]"
12,"[70, 13, 51]"
15,"[70, 13, 0]"
16,"[70, 13, 17]"
17,"[70, 13, 29]"
13,"[70, 13, 6]"
12,"[70, 13, 49]"
15,"[70, 13, 28]"
16,"[70, 13, 25]"
16,"[70, 13, 33]"
14,"[70, 13, 48]"
15,"[70, 13, 34]"
12,"[70, 13, 20]"
12,"[70, 13, 37]"
25,"[70, 53]"
24,"[70, 53, 70]"
22,"[70, 53, 69]"
14,"[70, 53, 12]"
13,"[70, 53, 42]"
21,"[70, 53, 54]"
16,"[70, 53, 32]"
15,"[70, 53, 27]"
14,"[70, 53, 18]"
16,"[70, 53, 10]"
15,"[70, 53, 8]"
16,"[70, 53, 56]"
15,"[70, 53, 35]"
13,"[70, 53, 58]"
14,"[70, 53, 51]"
18,"[70, 53, 0]"
16,"[70, 53, 17]"
19,"[70, 53, 29]"
16,"[70, 53, 6]"
14,"[70, 53, 49]"
19,"[70, 53, 28]"
20,"[70, 53, 25]"
20,"[70, 53, 33]"
17,"[70, 53, 48]"
15,"[70, 53, 53]"
18,"[70, 53, 34]"
14,"[70, 53, 20]"
15,"[70, 53, 37]"
13,"[70, 53, 4]"
16,"[70, 16]"
15,"[70, 16, 70]"
13,"[70, 16, 54]"
13,"[70, 16, 69]"
12,"[70, 16, 29]"
13,"[70, 16, 53]"
14,"[70, 15]"
12,"[70, 15, 29]"
12,"[70, 15, 69]"
13,"[70, 15, 70]"
19,"[70, 14]"
14,"[70, 14, 51]"
16,"[70, 14, 0]"
17,"[70, 14, 17]"
19,"[70, 14, 29]"
14,"[70, 14, 6]"
14,"[70, 14, 18]"
13,"[70, 14, 8]"
19,"[70, 14, 69]"
15,"[70, 14, 56]"
17,"[70, 14, 27]"
19,"[70, 14, 70]"
12,"[70, 14, 49]"
14,"[70, 14, 13]"
16,"[70, 14, 28]"
17,"[70, 14, 25]"
16,"[70, 14, 33]"
14,"[70, 14, 48]"
15,"[70, 14, 32]"
13,"[70, 14, 4]"
16,"[70, 14, 10]"
15,"[70, 14, 34]"
15,"[70, 14, 54]"
13,"[70, 14, 20]"
13,"[70, 14, 37]"
12,"[70, 14, 26]"
12,"[70, 14, 12]"
13,"[70, 14, 53]"
12,"[70, 59]"
12,"[70, 59, 70]"
17,"[70, 9]"
13,"[70, 9, 69]"
16,"[70, 9, 17]"
16,"[70, 9, 56]"
17,"[70, 9, 29]"
17,"[70, 9, 6]"
15,"[70, 9, 27]"
13,"[70, 9, 7]"
17,"[70, 9, 70]"
14,"[70, 9, 49]"
17,"[70, 9, 28]"
16,"[70, 9, 25]"
16,"[70, 9, 33]"
15,"[70, 9, 48]"
17,"[70, 9, 0]"
12,"[70, 9, 3]"
13,"[70, 9, 4]"
16,"[70, 9, 10]"
12,"[70, 9, 11]"
15,"[70, 9, 35]"
14,"[70, 9, 58]"
14,"[70, 9, 34]"
13,"[70, 9, 54]"
13,"[70, 9, 20]"
12,"[70, 9, 37]"
19,"[70, 7]"
19,"[70, 7, 70]"
14,"[70, 7, 49]"
14,"[70, 7, 69]"
15,"[70, 7, 28]"
14,"[70, 7, 25]"
14,"[70, 7, 33]"
14,"[70, 7, 48]"
15,"[70, 7, 17]"
14,"[70, 7, 29]"
12,"[70, 7, 4]"
13,"[70, 7, 10]"
12,"[70, 7, 56]"
12,"[70, 7, 35]"
12,"[70, 7, 58]"
12,"[70, 7, 34]"
13,"[70, 7, 54]"
12,"[70, 7, 55]"
12,"[70, 7, 37]"
12,"[70, 7, 6]"
14,"[70, 43]"
12,"[70, 43, 53]"
13,"[70, 43, 70]"
12,"[70, 43, 54]"
12,"[70, 43, 69]"
12,"[70, 43, 29]"
20,[62]
19,"[62, 70]"
13,"[62, 70, 62]"
13,"[62, 70, 34]"
14,"[62, 70, 33]"
15,"[62, 70, 28]"
16,"[62, 70, 54]"
17,"[62, 70, 70]"
15,"[62, 70, 69]"
13,"[62, 70, 25]"
13,"[62, 70, 48]"
12,"[62, 70, 20]"
12,"[62, 70, 32]"
12,"[62, 70, 8]"
12,"[62, 70, 27]"
12,"[62, 70, 17]"
13,"[62, 70, 0]"
15,"[62, 70, 29]"
13,"[62, 70, 6]"
13,"[62, 70, 10]"
12,"[62, 70, 56]"
13,"[62, 70, 49]"
12,"[62, 70, 53]"
14,"[62, 62]"
12,"[62, 62, 28]"
13,"[62, 62, 54]"
14,"[62, 62, 70]"
12,"[62, 62, 29]"
14,"[62, 34]"
14,"[62, 34, 33]"
13,"[62, 34, 28]"
12,"[62, 34, 70]"
12,"[62, 34, 25]"
15,"[62, 33]"
14,"[62, 33, 28]"
13,"[62, 33, 54]"
14,"[62, 33, 70]"
13,"[62, 33, 25]"
12,"[62, 33, 48]"
13,"[62, 33, 29]"
17,"[62, 28]"
12,"[62, 28, 54]"
15,"[62, 28, 70]"
12,"[62, 28, 69]"
13,"[62, 28, 25]"
13,"[62, 28, 48]"
14,"[62, 28, 29]"
17,"[62, 54]"
12,"[62, 54, 28]"
16,"[62, 54, 54]"
17,"[62, 54, 70]"
12,"[62, 54, 69]"
12,"[62, 54, 48]"
14,"[62, 54, 29]"
12,"[62, 54, 49]"
15,"[62, 69]"
14,"[62, 69, 54]"
14,"[62, 69, 70]"
12,"[62, 69, 0]"
13,"[62, 69, 29]"
14,"[62, 69, 69]"
12,"[62, 69, 53]"
15,"[62, 25]"
13,"[62, 25, 48]"
13,"[62, 25, 62]"
14,"[62, 25, 70]"
13,"[62, 25, 29]"
16,"[62, 48]"
15,"[62, 48, 70]"
13,"[62, 48, 0]"
14,"[62, 48, 29]"
12,"[62, 48, 6]"
13,"[62, 20]"
13,"[62, 37]"
12,"[62, 37, 70]"
13,"[62, 50]"
12,"[62, 50, 70]"
13,"[62, 64]"
12,"[62, 64, 64]"
12,"[62, 64, 0]"
12,"[62, 64, 29]"
13,"[62, 64, 70]"
13,"[62, 32]"
12,"[62, 32, 8]"
12,"[62, 32, 29]"
13,"[62, 32, 70]"
12,"[62, 32, 28]"
12,"[62, 18]"
12,"[62, 18, 29]"
13,"[62, 8]"
12,"[62, 8, 27]"
12,"[62, 8, 17]"
12,"[62, 8, 0]"
13,"[62, 8, 29]"
12,"[62, 8, 70]"
12,"[62, 8, 28]"
13,"[62, 27]"
13,"[62, 27, 17]"
13,"[62, 27, 29]"
13,"[62, 27, 70]"
14,"[62, 17]"
12,"[62, 17, 0]"
12,"[62, 17, 29]"
12,"[62, 17, 6]"
14,"[62, 17, 70]"
16,"[62, 0]"
14,"[62, 0, 6]"
16,"[62, 0, 70]"
13,"[62, 0, 69]"
12,"[62, 0, 56]"
12,"[62, 0, 48]"
12,"[62, 0, 28]"
18,"[62, 29]"
13,"[62, 29, 6]"
16,"[62, 29, 70]"
12,"[62, 29, 69]"
12,"[62, 29, 28]"
12,"[62, 29, 0]"
16,"[62, 6]"
15,"[62, 6, 70]"
12,"[62, 6, 69]"
14,"[62, 10]"
14,"[62, 10, 70]"
13,"[62, 56]"
13,"[62, 56, 70]"
12,"[62, 35]"
12,"[62, 35, 70]"
13,"[62, 49]"
13,"[62, 53]"
35,[34]
33,"[34, 33]"
32,"[34, 33, 28]"
24,"[34, 33, 33]"
18,"[34, 33, 62]"
31,"[34, 33, 54]"
33,"[34, 33, 70]"
26,"[34, 33, 69]"
21,"[34, 33, 42]"
32,"[34, 33, 25]"
30,"[34, 33, 48]"
26,"[34, 33, 20]"
26,"[34, 33, 37]"
20,"[34, 33, 26]"
20,"[34, 33, 50]"
20,"[34, 33, 60]"
12,"[34, 33, 36]"
13,"[34, 33, 64]"
23,"[34, 33, 32]"
21,"[34, 33, 18]"
20,"[34, 33, 8]"
25,"[34, 33, 27]"
27,"[34, 33, 17]"
24,"[34, 33, 0]"
13,"[34, 33, 3]"
30,"[34, 33, 29]"
27,"[34, 33, 6]"
22,"[34, 33, 10]"
19,"[34, 33, 12]"
14,"[34, 33, 51]"
21,"[34, 33, 56]"
19,"[34, 33, 35]"
18,"[34, 33, 58]"
20,"[34, 33, 49]"
18,"[34, 33, 55]"
20,"[34, 33, 4]"
21,"[34, 33, 34]"
15,"[34, 33, 13]"
20,"[34, 33, 53]"
12,"[34, 33, 14]"
35,"[34, 28]"
25,"[34, 28, 33]"
18,"[34, 28, 62]"
26,"[34, 28, 28]"
33,"[34, 28, 54]"
35,"[34, 28, 70]"
26,"[34, 28, 69]"
21,"[34, 28, 42]"
32,"[34, 28, 25]"
30,"[34, 28, 48]"
24,"[34, 28, 20]"
26,"[34, 28, 37]"
21,"[34, 28, 26]"
21,"[34, 28, 50]"
21,"[34, 28, 60]"
12,"[34, 28, 36]"
13,"[34, 28, 64]"
23,"[34, 28, 32]"
21,"[34, 28, 18]"
20,"[34, 28, 8]"
25,"[34, 28, 27]"
29,"[34, 28, 17]"
24,"[34, 28, 0]"
13,"[34, 28, 3]"
30,"[34, 28, 29]"
28,"[34, 28, 6]"
22,"[34, 28, 10]"
19,"[34, 28, 12]"
14,"[34, 28, 51]"
21,"[34, 28, 56]"
18,"[34, 28, 35]"
17,"[34, 28, 58]"
21,"[34, 28, 49]"
20,"[34, 28, 55]"
20,"[34, 28, 4]"
21,"[34, 28, 34]"
15,"[34, 28, 13]"
20,"[34, 28, 53]"
12,"[34, 28, 14]"
18,"[34, 62]"
14,"[34, 62, 28]"
17,"[34, 62, 54]"
12,"[34, 62, 62]"
17,"[34, 62, 70]"
14,"[34, 62, 69]"
13,"[34, 62, 25]"
14,"[34, 62, 48]"
12,"[34, 62, 37]"
12,"[34, 62, 64]"
12,"[34, 62, 32]"
12,"[34, 62, 8]"
12,"[34, 62, 27]"
13,"[34, 62, 17]"
14,"[34, 62, 0]"
17,"[34, 62, 29]"
14,"[34, 62, 6]"
12,"[34, 62, 10]"
12,"[34, 62, 49]"
13,"[34, 62, 33]"
34,"[34, 54]"
16,"[34, 54, 62]"
25,"[34, 54, 28]"
28,"[34, 54, 54]"
34,"[34, 54, 70]"
24,"[34, 54, 69]"
19,"[34, 54, 42]"
23,"[34, 54, 25]"
26,"[34, 54, 48]"
22,"[34, 54, 20]"
21,"[34, 54, 37]"
17,"[34, 54, 26]"
17,"[34, 54, 50]"
19,"[34, 54, 60]"
12,"[34, 54, 36]"
12,"[34, 54, 64]"
21,"[34, 54, 32]"
19,"[34, 54, 18]"
20,"[34, 54, 8]"
23,"[34, 54, 27]"
28,"[34, 54, 17]"
24,"[34, 54, 0]"
12,"[34, 54, 3]"
28,"[34, 54, 29]"
27,"[34, 54, 6]"
19,"[34, 54, 10]"
18,"[34, 54, 12]"
12,"[34, 54, 51]"
19,"[34, 54, 56]"
14,"[34, 54, 35]"
13,"[34, 54, 58]"
21,"[34, 54, 49]"
19,"[34, 54, 55]"
13,"[34, 54, 13]"
15,"[34, 54, 53]"
23,"[34, 54, 33]"
19,"[34, 54, 4]"
20,"[34, 54, 34]"
35,"[34, 70]"
27,"[34, 70, 69]"
22,"[34, 70, 42]"
18,"[34, 70, 62]"
33,"[34, 70, 54]"
31,"[34, 70, 25]"
33,"[34, 70, 28]"
33,"[34, 70, 48]"
25,"[34, 70, 20]"
28,"[34, 70, 37]"
35,"[34, 70, 70]"
20,"[34, 70, 26]"
21,"[34, 70, 50]"
24,"[34, 70, 60]"
13,"[34, 70, 36]"
13,"[34, 70, 64]"
23,"[34, 70, 32]"
20,"[34, 70, 18]"
21,"[34, 70, 8]"
25,"[34, 70, 27]"
29,"[34, 70, 17]"
25,"[34, 70, 0]"
12,"[34, 70, 3]"
30,"[34, 70, 29]"
29,"[34, 70, 6]"
22,"[34, 70, 10]"
19,"[34, 70, 12]"
14,"[34, 70, 51]"
22,"[34, 70, 56]"
19,"[34, 70, 35]"
18,"[34, 70, 58]"
23,"[34, 70, 49]"
20,"[34, 70, 55]"
27,"[34, 70, 33]"
20,"[34, 70, 4]"
24,"[34, 70, 34]"
15,"[34, 70, 13]"
20,"[34, 70, 53]"
12,"[34, 70, 16]"
12,"[34, 70, 14]"
12,"[34, 70, 7]"
28,"[34, 69]"
22,"[34, 69, 42]"
16,"[34, 69, 62]"
25,"[34, 69, 54]"
22,"[34, 69, 25]"
24,"[34, 69, 28]"
23,"[34, 69, 48]"
18,"[34, 69, 20]"
21,"[34, 69, 37]"
28,"[34, 69, 70]"
14,"[34, 69, 26]"
15,"[34, 69, 50]"
18,"[34, 69, 60]"
12,"[34, 69, 36]"
20,"[34, 69, 32]"
19,"[34, 69, 18]"
19,"[34, 69, 8]"
23,"[34, 69, 27]"
23,"[34, 69, 17]"
21,"[34, 69, 0]"
25,"[34, 69, 29]"
21,"[34, 69, 6]"
19,"[34, 69, 10]"
24,"[34, 69, 69]"
18,"[34, 69, 12]"
15,"[34, 69, 51]"
19,"[34, 69, 56]"
13,"[34, 69, 35]"
12,"[34, 69, 58]"
20,"[34, 69, 49]"
15,"[34, 69, 55]"
15,"[34, 69, 4]"
19,"[34, 69, 34]"
23,"[34, 69, 33]"
15,"[34, 69, 13]"
20,"[34, 69, 53]"
12,"[34, 69, 16]"
14,"[34, 69, 14]"
22,"[34, 42]"
15,"[34, 42, 54]"
14,"[34, 42, 25]"
14,"[34, 42, 28]"
12,"[34, 42, 48]"
13,"[34, 42, 37]"
20,"[34, 42, 70]"
14,"[34, 42, 32]"
12,"[34, 42, 18]"
13,"[34, 42, 27]"
14,"[34, 42, 17]"
12,"[34, 42, 0]"
16,"[34, 42, 29]"
17,"[34, 42, 69]"
12,"[34, 42, 56]"
12,"[34, 42, 13]"
13,"[34, 42, 53]"
14,"[34, 42, 33]"
13,"[34, 42, 34]"
33,"[34, 25]"
27,"[34, 25, 28]"
29,"[34, 25, 48]"
18,"[34, 25, 62]"
24,"[34, 25, 20]"
26,"[34, 25, 37]"
33,"[34, 25, 70]"
17,"[34, 25, 26]"
17,"[34, 25, 50]"
19,"[34, 25, 60]"
12,"[34, 25, 36]"
13,"[34, 25, 64]"
22,"[34, 25, 32]"
19,"[34, 25, 18]"
19,"[34, 25, 8]"
24,"[34, 25, 27]"
26,"[34, 25, 17]"
23,"[34, 25, 0]"
12,"[34, 25, 3]"
29,"[34, 25, 29]"
26,"[34, 25, 6]"
19,"[34, 25, 10]"
25,"[34, 25, 69]"
18,"[34, 25, 12]"
20,"[34, 25, 56]"
26,"[34, 25, 25]"
17,"[34, 25, 35]"
17,"[34, 25, 58]"
21,"[34, 25, 49]"
18,"[34, 25, 55]"
24,"[34, 25, 33]"
19,"[34, 25, 4]"
20,"[34, 25, 34]"
28,"[34, 25, 54]"
13,"[34, 25, 13]"
17,"[34, 25, 53]"
17,"[34, 25, 42]"
33,"[34, 48]"
14,"[34, 48, 62]"
27,"[34, 48, 48]"
20,"[34, 48, 20]"
23,"[34, 48, 37]"
33,"[34, 48, 70]"
17,"[34, 48, 26]"
17,"[34, 48, 50]"
20,"[34, 48, 60]"
21,"[34, 48, 32]"
17,"[34, 48, 18]"
18,"[34, 48, 8]"
23,"[34, 48, 27]"
27,"[34, 48, 17]"
24,"[34, 48, 0]"
28,"[34, 48, 29]"
26,"[34, 48, 6]"
19,"[34, 48, 10]"
24,"[34, 48, 69]"
18,"[34, 48, 12]"
19,"[34, 48, 56]"
26,"[34, 48, 25]"
26,"[34, 48, 28]"
13,"[34, 48, 35]"
12,"[34, 48, 58]"
19,"[34, 48, 49]"
20,"[34, 48, 55]"
20,"[34, 48, 33]"
20,"[34, 48, 4]"
17,"[34, 48, 34]"
29,"[34, 48, 54]"
14,"[34, 48, 53]"
18,"[34, 48, 42]"
27,"[34, 20]"
24,"[34, 20, 37]"
17,"[34, 20, 20]"
27,"[34, 20, 70]"
16,"[34, 20, 62]"
18,"[34, 20, 26]"
18,"[34, 20, 50]"
19,"[34, 20, 60]"
13,"[34, 20, 36]"
19,"[34, 20, 32]"
18,"[34, 20, 18]"
17,"[34, 20, 8]"
21,"[34, 20, 27]"
23,"[34, 20, 17]"
20,"[34, 20, 0]"
25,"[34, 20, 29]"
22,"[34, 20, 6]"
19,"[34, 20, 10]"
22,"[34, 20, 69]"
16,"[34, 20, 12]"
16,"[34, 20, 56]"
22,"[34, 20, 25]"
23,"[34, 20, 48]"
23,"[34, 20, 28]"
15,"[34, 20, 35]"
13,"[34, 20, 58]"
18,"[34, 20, 49]"
14,"[34, 20, 55]"
17,"[34, 20, 4]"
22,"[34, 20, 54]"
15,"[34, 20, 42]"
13,"[34, 20, 53]"
21,"[34, 20, 33]"
19,"[34, 20, 34]"
28,"[34, 37]"
15,"[34, 37, 20]"
28,"[34, 37, 70]"
14,"[34, 37, 62]"
17,"[34, 37, 26]"
14,"[34, 37, 50]"
23,"[34, 37, 60]"
12,"[34, 37, 36]"
18,"[34, 37, 32]"
17,"[34, 37, 18]"
16,"[34, 37, 8]"
21,"[34, 37, 27]"
24,"[34, 37, 17]"
21,"[34, 37, 0]"
24,"[34, 37, 29]"
23,"[34, 37, 6]"
17,"[34, 37, 10]"
19,"[34, 37, 69]"
14,"[34, 37, 12]"
15,"[34, 37, 56]"
22,"[34, 37, 25]"
23,"[34, 37, 48]"
22,"[34, 37, 28]"
13,"[34, 37, 35]"
17,"[34, 37, 49]"
17,"[34, 37, 55]"
18,"[34, 37, 4]"
22,"[34, 37, 54]"
13,"[34, 37, 42]"
19,"[34, 37, 33]"
17,"[34, 37, 34]"
13,"[34, 37, 37]"
22,"[34, 26]"
18,"[34, 26, 50]"
12,"[34, 26, 60]"
15,"[34, 26, 32]"
13,"[34, 26, 18]"
13,"[34, 26, 8]"
16,"[34, 26, 27]"
18,"[34, 26, 17]"
18,"[34, 26, 0]"
19,"[34, 26, 29]"
19,"[34, 26, 6]"
15,"[34, 26, 10]"
22,"[34, 26, 70]"
16,"[34, 26, 69]"
12,"[34, 26, 56]"
12,"[34, 26, 62]"
16,"[34, 26, 25]"
19,"[34, 26, 48]"
15,"[34, 26, 28]"
13,"[34, 26, 55]"
14,"[34, 26, 37]"
15,"[34, 26, 4]"
16,"[34, 26, 54]"
14,"[34, 26, 33]"
12,"[34, 26, 34]"
22,"[34, 50]"
13,"[34, 50, 60]"
14,"[34, 50, 32]"
13,"[34, 50, 18]"
13,"[34, 50, 8]"
15,"[34, 50, 27]"
18,"[34, 50, 17]"
16,"[34, 50, 0]"
19,"[34, 50, 29]"
17,"[34, 50, 6]"
14,"[34, 50, 10]"
22,"[34, 50, 70]"
17,"[34, 50, 69]"
12,"[34, 50, 56]"
13,"[34, 50, 62]"
14,"[34, 50, 25]"
19,"[34, 50, 48]"
15,"[34, 50, 28]"
14,"[34, 50, 49]"
14,"[34, 50, 55]"
15,"[34, 50, 37]"
14,"[34, 50, 4]"
17,"[34, 50, 54]"
14,"[34, 50, 33]"
12,"[34, 50, 34]"
24,"[34, 60]"
16,"[34, 60, 32]"
14,"[34, 60, 18]"
15,"[34, 60, 8]"
17,"[34, 60, 27]"
21,"[34, 60, 17]"
18,"[34, 60, 0]"
20,"[34, 60, 29]"
21,"[34, 60, 6]"
14,"[34, 60, 10]"
24,"[34, 60, 70]"
15,"[34, 60, 69]"
13,"[34, 60, 56]"
12,"[34, 60, 62]"
17,"[34, 60, 25]"
21,"[34, 60, 48]"
18,"[34, 60, 28]"
12,"[34, 60, 35]"
13,"[34, 60, 49]"
16,"[34, 60, 55]"
16,"[34, 60, 4]"
18,"[34, 60, 54]"
14,"[34, 60, 26]"
14,"[34, 60, 50]"
12,"[34, 60, 20]"
14,"[34, 60, 33]"
13,"[34, 60, 34]"
13,"[34, 36]"
12,"[34, 36, 27]"
12,"[34, 36, 17]"
13,"[34, 36, 29]"
12,"[34, 36, 6]"
13,"[34, 36, 70]"
12,"[34, 36, 62]"
12,"[34, 36, 28]"
12,"[34, 36, 49]"
13,"[34, 64]"
13,"[34, 64, 64]"
12,"[34, 64, 0]"
12,"[34, 64, 29]"
13,"[34, 64, 70]"
24,"[34, 32]"
20,"[34, 32, 18]"
21,"[34, 32, 8]"
22,"[34, 32, 27]"
21,"[34, 32, 17]"
19,"[34, 32, 0]"
23,"[34, 32, 29]"
18,"[34, 32, 6]"
18,"[34, 32, 10]"
24,"[34, 32, 70]"
20,"[34, 32, 69]"
14,"[34, 32, 12]"
18,"[34, 32, 56]"
19,"[34, 32, 25]"
18,"[34, 32, 48]"
19,"[34, 32, 28]"
14,"[34, 32, 35]"
12,"[34, 32, 58]"
14,"[34, 32, 4]"
15,"[34, 32, 34]"
16,"[34, 32, 33]"
15,"[34, 32, 37]"
12,"[34, 32, 60]"
17,"[34, 32, 54]"
15,"[34, 32, 42]"
14,"[34, 32, 20]"
17,"[34, 32, 32]"
22,"[34, 18]"
18,"[34, 18, 8]"
13,"[34, 18, 18]"
20,"[34, 18, 27]"
19,"[34, 18, 17]"
18,"[34, 18, 0]"
22,"[34, 18, 29]"
19,"[34, 18, 6]"
16,"[34, 18, 10]"
21,"[34, 18, 70]"
15,"[34, 18, 69]"
16,"[34, 18, 56]"
18,"[34, 18, 25]"
18,"[34, 18, 48]"
17,"[34, 18, 28]"
14,"[34, 18, 35]"
13,"[34, 18, 58]"
12,"[34, 18, 49]"
12,"[34, 18, 55]"
14,"[34, 18, 4]"
13,"[34, 18, 34]"
15,"[34, 18, 33]"
14,"[34, 18, 37]"
14,"[34, 18, 54]"
14,"[34, 18, 32]"
13,"[34, 18, 20]"
22,"[34, 8]"
15,"[34, 8, 8]"
17,"[34, 8, 18]"
21,"[34, 8, 27]"
20,"[34, 8, 17]"
19,"[34, 8, 0]"
22,"[34, 8, 29]"
19,"[34, 8, 6]"
18,"[34, 8, 10]"
21,"[34, 8, 70]"
17,"[34, 8, 69]"
12,"[34, 8, 12]"
18,"[34, 8, 56]"
19,"[34, 8, 25]"
17,"[34, 8, 48]"
19,"[34, 8, 28]"
14,"[34, 8, 35]"
12,"[34, 8, 58]"
12,"[34, 8, 49]"
14,"[34, 8, 4]"
15,"[34, 8, 34]"
17,"[34, 8, 33]"
13,"[34, 8, 37]"
15,"[34, 8, 54]"
16,"[34, 8, 32]"
13,"[34, 8, 20]"
26,"[34, 27]"
24,"[34, 27, 17]"
20,"[34, 27, 0]"
26,"[34, 27, 29]"
21,"[34, 27, 6]"
12,"[34, 27, 8]"
17,"[34, 27, 10]"
25,"[34, 27, 70]"
20,"[34, 27, 69]"
13,"[34, 27, 12]"
16,"[34, 27, 56]"
18,"[34, 27, 25]"
18,"[34, 27, 48]"
19,"[34, 27, 28]"
16,"[34, 27, 35]"
13,"[34, 27, 58]"
12,"[34, 27, 49]"
13,"[34, 27, 55]"
17,"[34, 27, 4]"
18,"[34, 27, 27]"
16,"[34, 27, 34]"
18,"[34, 27, 33]"
14,"[34, 27, 37]"
15,"[34, 27, 54]"
12,"[34, 27, 42]"
12,"[34, 27, 18]"
13,"[34, 27, 32]"
13,"[34, 27, 20]"
29,"[34, 17]"
20,"[34, 17, 0]"
26,"[34, 17, 29]"
25,"[34, 17, 6]"
14,"[34, 17, 8]"
16,"[34, 17, 10]"
28,"[34, 17, 70]"
20,"[34, 17, 69]"
13,"[34, 17, 12]"
16,"[34, 17, 56]"
19,"[34, 17, 25]"
21,"[34, 17, 48]"
21,"[34, 17, 28]"
22,"[34, 17, 17]"
14,"[34, 17, 35]"
12,"[34, 17, 58]"
14,"[34, 17, 49]"
16,"[34, 17, 55]"
18,"[34, 17, 4]"
19,"[34, 17, 27]"
16,"[34, 17, 34]"
18,"[34, 17, 33]"
15,"[34, 17, 37]"
17,"[34, 17, 54]"
12,"[34, 17, 42]"
12,"[34, 17, 18]"
14,"[34, 17, 32]"
14,"[34, 17, 20]"
25,"[34, 0]"
13,"[34, 0, 3]"
22,"[34, 0, 29]"
23,"[34, 0, 6]"
14,"[34, 0, 8]"
17,"[34, 0, 10]"
25,"[34, 0, 70]"
18,"[34, 0, 69]"
12,"[34, 0, 12]"
18,"[34, 0, 56]"
20,"[34, 0, 25]"
21,"[34, 0, 48]"
19,"[34, 0, 28]"
20,"[34, 0, 17]"
12,"[34, 0, 35]"
13,"[34, 0, 58]"
15,"[34, 0, 49]"
16,"[34, 0, 55]"
16,"[34, 0, 4]"
18,"[34, 0, 27]"
15,"[34, 0, 34]"
18,"[34, 0, 33]"
15,"[34, 0, 37]"
19,"[34, 0, 0]"
17,"[34, 0, 54]"
13,"[34, 0, 18]"
13,"[34, 0, 20]"
12,"[34, 0, 32]"
13,"[34, 3]"
12,"[34, 1]"
30,"[34, 29]"
22,"[34, 29, 6]"
13,"[34, 29, 8]"
15,"[34, 29, 10]"
27,"[34, 29, 70]"
19,"[34, 29, 69]"
13,"[34, 29, 12]"
15,"[34, 29, 56]"
12,"[34, 29, 62]"
19,"[34, 29, 25]"
19,"[34, 29, 48]"
19,"[34, 29, 28]"
21,"[34, 29, 17]"
14,"[34, 29, 35]"
12,"[34, 29, 58]"
14,"[34, 29, 49]"
15,"[34, 29, 55]"
18,"[34, 29, 4]"
15,"[34, 29, 34]"
18,"[34, 29, 33]"
14,"[34, 29, 37]"
22,"[34, 29, 29]"
19,"[34, 29, 0]"
16,"[34, 29, 54]"
12,"[34, 29, 42]"
12,"[34, 29, 18]"
16,"[34, 29, 27]"
13,"[34, 29, 20]"
29,"[34, 6]"
13,"[34, 6, 8]"
15,"[34, 6, 10]"
28,"[34, 6, 70]"
17,"[34, 6, 69]"
12,"[34, 6, 12]"
14,"[34, 6, 56]"
17,"[34, 6, 25]"
21,"[34, 6, 48]"
16,"[34, 6, 28]"
23,"[34, 6, 17]"
12,"[34, 6, 35]"
12,"[34, 6, 58]"
16,"[34, 6, 49]"
19,"[34, 6, 55]"
16,"[34, 6, 6]"
17,"[34, 6, 4]"
16,"[34, 6, 27]"
23,"[34, 6, 29]"
12,"[34, 6, 34]"
16,"[34, 6, 33]"
19,"[34, 6, 0]"
18,"[34, 6, 54]"
13,"[34, 6, 7]"
12,"[34, 6, 32]"
24,"[34, 10]"
23,"[34, 10, 70]"
18,"[34, 10, 69]"
14,"[34, 10, 12]"
15,"[34, 10, 56]"
12,"[34, 10, 62]"
18,"[34, 10, 25]"
17,"[34, 10, 48]"
18,"[34, 10, 28]"
17,"[34, 10, 17]"
16,"[34, 10, 35]"
13,"[34, 10, 58]"
14,"[34, 10, 49]"
12,"[34, 10, 55]"
16,"[34, 10, 6]"
14,"[34, 10, 34]"
17,"[34, 10, 33]"
12,"[34, 10, 37]"
21,"[34, 10, 29]"
17,"[34, 10, 0]"
15,"[34, 10, 4]"
18,"[34, 10, 54]"
12,"[34, 10, 13]"
12,"[34, 10, 53]"
12,"[34, 10, 42]"
12,"[34, 10, 8]"
13,"[34, 10, 18]"
14,"[34, 10, 27]"
12,"[34, 10, 32]"
19,"[34, 12]"
17,"[34, 12, 70]"
13,"[34, 12, 69]"
14,"[34, 12, 42]"
12,"[34, 12, 53]"
12,"[34, 12, 32]"
15,"[34, 51]"
13,"[34, 51, 25]"
14,"[34, 51, 70]"
13,"[34, 51, 69]"
13,"[34, 51, 29]"
23,"[34, 56]"
12,"[34, 56, 57]"
12,"[34, 56, 62]"
17,"[34, 56, 25]"
18,"[34, 56, 48]"
15,"[34, 56, 28]"
14,"[34, 56, 17]"
22,"[34, 56, 70]"
13,"[34, 56, 35]"
12,"[34, 56, 58]"
12,"[34, 56, 49]"
12,"[34, 56, 55]"
15,"[34, 56, 6]"
16,"[34, 56, 69]"
13,"[34, 56, 27]"
18,"[34, 56, 29]"
12,"[34, 56, 4]"
13,"[34, 56, 10]"
12,"[34, 56, 56]"
14,"[34, 56, 34]"
16,"[34, 56, 33]"
12,"[34, 56, 37]"
15,"[34, 56, 0]"
16,"[34, 56, 54]"
12,"[34, 57]"
12,"[34, 57, 70]"
21,"[34, 35]"
18,"[34, 35, 58]"
13,"[34, 35, 62]"
13,"[34, 35, 49]"
21,"[34, 35, 70]"
17,"[34, 35, 48]"
16,"[34, 35, 17]"
14,"[34, 35, 6]"
17,"[34, 35, 69]"
14,"[34, 35, 27]"
19,"[34, 35, 29]"
14,"[34, 35, 34]"
16,"[34, 35, 33]"
18,"[34, 35, 28]"
17,"[34, 35, 25]"
12,"[34, 35, 0]"
15,"[34, 35, 54]"
20,"[34, 58]"
12,"[34, 58, 62]"
13,"[34, 58, 49]"
20,"[34, 58, 70]"
17,"[34, 58, 48]"
15,"[34, 58, 17]"
14,"[34, 58, 6]"
16,"[34, 58, 69]"
14,"[34, 58, 33]"
15,"[34, 58, 28]"
15,"[34, 58, 25]"
17,"[34, 58, 29]"
12,"[34, 58, 0]"
15,"[34, 58, 54]"
12,"[34, 58, 27]"
23,"[34, 49]"
22,"[34, 49, 70]"
17,"[34, 49, 49]"
18,"[34, 49, 48]"
17,"[34, 49, 55]"
18,"[34, 49, 17]"
17,"[34, 49, 6]"
16,"[34, 49, 69]"
13,"[34, 49, 28]"
12,"[34, 49, 25]"
15,"[34, 49, 33]"
15,"[34, 49, 27]"
18,"[34, 49, 29]"
16,"[34, 49, 0]"
18,"[34, 49, 54]"
12,"[34, 49, 12]"
12,"[34, 49, 34]"
20,"[34, 55]"
14,"[34, 55, 17]"
13,"[34, 55, 6]"
15,"[34, 55, 70]"
13,"[34, 55, 0]"
14,"[34, 55, 29]"
20,"[34, 4]"
13,"[34, 4, 17]"
12,"[34, 4, 27]"
19,"[34, 4, 29]"
14,"[34, 4, 4]"
14,"[34, 4, 10]"
19,"[34, 4, 70]"
12,"[34, 4, 25]"
15,"[34, 4, 48]"
12,"[34, 4, 69]"
14,"[34, 4, 0]"
15,"[34, 4, 6]"
12,"[34, 4, 55]"
12,"[34, 4, 54]"
24,"[34, 34]"
22,"[34, 34, 33]"
20,"[34, 34, 28]"
20,"[34, 34, 25]"
18,"[34, 34, 48]"
22,"[34, 34, 70]"
14,"[34, 34, 26]"
13,"[34, 34, 50]"
16,"[34, 34, 37]"
12,"[34, 34, 60]"
20,"[34, 34, 29]"
17,"[34, 34, 69]"
19,"[34, 34, 17]"
15,"[34, 34, 0]"
14,"[34, 34, 4]"
17,"[34, 34, 6]"
19,"[34, 34, 54]"
12,"[34, 34, 53]"
12,"[34, 34, 12]"
12,"[34, 34, 42]"
17,"[34, 34, 32]"
14,"[34, 34, 18]"
14,"[34, 34, 8]"
16,"[34, 34, 27]"
12,"[34, 34, 10]"
17,"[34, 34, 20]"
12,"[34, 34, 34]"
15,"[34, 13]"
14,"[34, 13, 53]"
15,"[34, 13, 70]"
13,"[34, 13, 69]"
21,"[34, 53]"
20,"[34, 53, 70]"
17,"[34, 53, 69]"
17,"[34, 53, 54]"
13,"[34, 53, 0]"
15,"[34, 53, 29]"
15,"[34, 53, 28]"
15,"[34, 53, 25]"
16,"[34, 53, 33]"
14,"[34, 53, 48]"
14,"[34, 53, 34]"
12,"[34, 53, 37]"
12,"[34, 16]"
12,"[34, 16, 70]"
14,"[34, 14]"
14,"[34, 14, 29]"
13,"[34, 14, 69]"
12,"[34, 14, 27]"
14,"[34, 14, 70]"
13,"[34, 7]"
13,"[34, 7, 70]"
33,[33]
32,"[33, 28]"
24,"[33, 28, 33]"
18,"[33, 28, 62]"
26,"[33, 28, 28]"
30,"[33, 28, 54]"
32,"[33, 28, 70]"
26,"[33, 28, 69]"
21,"[33, 28, 42]"
32,"[33, 28, 25]"
29,"[33, 28, 48]"
23,"[33, 28, 20]"
26,"[33, 28, 37]"
20,"[33, 28, 26]"
20,"[33, 28, 50]"
20,"[33, 28, 60]"
12,"[33, 28, 36]"
13,"[33, 28, 64]"
22,"[33, 28, 32]"
20,"[33, 28, 18]"
19,"[33, 28, 8]"
24,"[33, 28, 27]"
26,"[33, 28, 17]"
23,"[33, 28, 0]"
13,"[33, 28, 3]"
29,"[33, 28, 29]"
26,"[33, 28, 6]"
21,"[33, 28, 10]"
18,"[33, 28, 12]"
14,"[33, 28, 51]"
20,"[33, 28, 56]"
17,"[33, 28, 35]"
17,"[33, 28, 58]"
20,"[33, 28, 49]"
17,"[33, 28, 55]"
19,"[33, 28, 4]"
20,"[33, 28, 34]"
15,"[33, 28, 13]"
20,"[33, 28, 53]"
12,"[33, 28, 14]"
24,"[33, 33]"
19,"[33, 33, 28]"
21,"[33, 33, 54]"
23,"[33, 33, 70]"
18,"[33, 33, 69]"
13,"[33, 33, 42]"
20,"[33, 33, 25]"
19,"[33, 33, 48]"
14,"[33, 33, 20]"
14,"[33, 33, 37]"
12,"[33, 33, 26]"
13,"[33, 33, 50]"
12,"[33, 33, 60]"
17,"[33, 33, 32]"
14,"[33, 33, 18]"
15,"[33, 33, 8]"
16,"[33, 33, 27]"
17,"[33, 33, 17]"
17,"[33, 33, 0]"
21,"[33, 33, 29]"
16,"[33, 33, 6]"
15,"[33, 33, 10]"
12,"[33, 33, 12]"
13,"[33, 33, 56]"
12,"[33, 33, 49]"
14,"[33, 33, 4]"
13,"[33, 33, 34]"
14,"[33, 33, 33]"
12,"[33, 33, 53]"
18,"[33, 62]"
12,"[33, 62, 28]"
16,"[33, 62, 54]"
12,"[33, 62, 62]"
17,"[33, 62, 70]"
12,"[33, 62, 69]"
12,"[33, 62, 25]"
14,"[33, 62, 48]"
12,"[33, 62, 37]"
12,"[33, 62, 32]"
12,"[33, 62, 17]"
13,"[33, 62, 0]"
16,"[33, 62, 29]"
13,"[33, 62, 6]"
12,"[33, 62, 49]"
31,"[33, 54]"
15,"[33, 54, 62]"
21,"[33, 54, 28]"
26,"[33, 54, 54]"
30,"[33, 54, 70]"
23,"[33, 54, 69]"
17,"[33, 54, 42]"
22,"[33, 54, 25]"
24,"[33, 54, 48]"
20,"[33, 54, 20]"
20,"[33, 54, 37]"
16,"[33, 54, 26]"
15,"[33, 54, 50]"
17,"[33, 54, 60]"
21,"[33, 54, 32]"
18,"[33, 54, 18]"
19,"[33, 54, 8]"
21,"[33, 54, 27]"
25,"[33, 54, 17]"
22,"[33, 54, 0]"
12,"[33, 54, 3]"
27,"[33, 54, 29]"
24,"[33, 54, 6]"
17,"[33, 54, 10]"
18,"[33, 54, 12]"
17,"[33, 54, 56]"
12,"[33, 54, 35]"
12,"[33, 54, 58]"
19,"[33, 54, 49]"
17,"[33, 54, 55]"
12,"[33, 54, 13]"
14,"[33, 54, 53]"
20,"[33, 54, 33]"
18,"[33, 54, 4]"
17,"[33, 54, 34]"
33,"[33, 70]"
25,"[33, 70, 69]"
20,"[33, 70, 42]"
18,"[33, 70, 62]"
30,"[33, 70, 54]"
29,"[33, 70, 25]"
28,"[33, 70, 28]"
30,"[33, 70, 48]"
23,"[33, 70, 20]"
26,"[33, 70, 37]"
32,"[33, 70, 70]"
19,"[33, 70, 26]"
19,"[33, 70, 50]"
20,"[33, 70, 60]"
13,"[33, 70, 64]"
23,"[33, 70, 32]"
19,"[33, 70, 18]"
20,"[33, 70, 8]"
23,"[33, 70, 27]"
27,"[33, 70, 17]"
23,"[33, 70, 0]"
12,"[33, 70, 3]"
29,"[33, 70, 29]"
25,"[33, 70, 6]"
19,"[33, 70, 10]"
19,"[33, 70, 12]"
13,"[33, 70, 51]"
19,"[33, 70, 56]"
16,"[33, 70, 35]"
17,"[33, 70, 58]"
20,"[33, 70, 49]"
18,"[33, 70, 55]"
23,"[33, 70, 33]"
19,"[33, 70, 4]"
21,"[33, 70, 34]"
14,"[33, 70, 13]"
18,"[33, 70, 53]"
26,"[33, 69]"
21,"[33, 69, 42]"
15,"[33, 69, 62]"
22,"[33, 69, 54]"
20,"[33, 69, 25]"
21,"[33, 69, 28]"
21,"[33, 69, 48]"
16,"[33, 69, 20]"
20,"[33, 69, 37]"
26,"[33, 69, 70]"
14,"[33, 69, 26]"
13,"[33, 69, 50]"
16,"[33, 69, 60]"
20,"[33, 69, 32]"
18,"[33, 69, 18]"
18,"[33, 69, 8]"
22,"[33, 69, 27]"
22,"[33, 69, 17]"
19,"[33, 69, 0]"
23,"[33, 69, 29]"
18,"[33, 69, 6]"
17,"[33, 69, 10]"
23,"[33, 69, 69]"
18,"[33, 69, 12]"
14,"[33, 69, 51]"
17,"[33, 69, 56]"
12,"[33, 69, 35]"
12,"[33, 69, 58]"
18,"[33, 69, 49]"
13,"[33, 69, 55]"
14,"[33, 69, 4]"
17,"[33, 69, 34]"
20,"[33, 69, 33]"
15,"[33, 69, 13]"
19,"[33, 69, 53]"
12,"[33, 69, 14]"
21,"[33, 42]"
14,"[33, 42, 54]"
13,"[33, 42, 25]"
13,"[33, 42, 28]"
12,"[33, 42, 48]"
12,"[33, 42, 37]"
19,"[33, 42, 70]"
14,"[33, 42, 32]"
12,"[33, 42, 27]"
13,"[33, 42, 17]"
15,"[33, 42, 29]"
16,"[33, 42, 69]"
12,"[33, 42, 53]"
13,"[33, 42, 33]"
12,"[33, 42, 34]"
32,"[33, 25]"
26,"[33, 25, 28]"
28,"[33, 25, 48]"
18,"[33, 25, 62]"
23,"[33, 25, 20]"
25,"[33, 25, 37]"
32,"[33, 25, 70]"
17,"[33, 25, 26]"
17,"[33, 25, 50]"
18,"[33, 25, 60]"
12,"[33, 25, 36]"
13,"[33, 25, 64]"
21,"[33, 25, 32]"
18,"[33, 25, 18]"
18,"[33, 25, 8]"
23,"[33, 25, 27]"
25,"[33, 25, 17]"
22,"[33, 25, 0]"
12,"[33, 25, 3]"
28,"[33, 25, 29]"
25,"[33, 25, 6]"
18,"[33, 25, 10]"
25,"[33, 25, 69]"
17,"[33, 25, 12]"
19,"[33, 25, 56]"
25,"[33, 25, 25]"
16,"[33, 25, 35]"
17,"[33, 25, 58]"
20,"[33, 25, 49]"
17,"[33, 25, 55]"
23,"[33, 25, 33]"
18,"[33, 25, 4]"
19,"[33, 25, 34]"
27,"[33, 25, 54]"
13,"[33, 25, 13]"
17,"[33, 25, 53]"
17,"[33, 25, 42]"
30,"[33, 48]"
14,"[33, 48, 62]"
24,"[33, 48, 48]"
19,"[33, 48, 20]"
21,"[33, 48, 37]"
30,"[33, 48, 70]"
16,"[33, 48, 26]"
15,"[33, 48, 50]"
17,"[33, 48, 60]"
20,"[33, 48, 32]"
16,"[33, 48, 18]"
17,"[33, 48, 8]"
22,"[33, 48, 27]"
24,"[33, 48, 17]"
23,"[33, 48, 0]"
27,"[33, 48, 29]"
24,"[33, 48, 6]"
18,"[33, 48, 10]"
24,"[33, 48, 69]"
17,"[33, 48, 12]"
18,"[33, 48, 56]"
25,"[33, 48, 25]"
23,"[33, 48, 28]"
12,"[33, 48, 35]"
12,"[33, 48, 58]"
16,"[33, 48, 49]"
17,"[33, 48, 55]"
19,"[33, 48, 33]"
19,"[33, 48, 4]"
16,"[33, 48, 34]"
26,"[33, 48, 54]"
14,"[33, 48, 53]"
18,"[33, 48, 42]"
26,"[33, 20]"
22,"[33, 20, 37]"
17,"[33, 20, 20]"
26,"[33, 20, 70]"
15,"[33, 20, 62]"
17,"[33, 20, 26]"
17,"[33, 20, 50]"
17,"[33, 20, 60]"
12,"[33, 20, 36]"
19,"[33, 20, 32]"
18,"[33, 20, 18]"
17,"[33, 20, 8]"
21,"[33, 20, 27]"
23,"[33, 20, 17]"
19,"[33, 20, 0]"
24,"[33, 20, 29]"
21,"[33, 20, 6]"
18,"[33, 20, 10]"
21,"[33, 20, 69]"
16,"[33, 20, 12]"
15,"[33, 20, 56]"
20,"[33, 20, 25]"
21,"[33, 20, 48]"
21,"[33, 20, 28]"
15,"[33, 20, 35]"
13,"[33, 20, 58]"
16,"[33, 20, 49]"
13,"[33, 20, 55]"
16,"[33, 20, 4]"
21,"[33, 20, 54]"
15,"[33, 20, 42]"
12,"[33, 20, 53]"
19,"[33, 20, 33]"
18,"[33, 20, 34]"
26,"[33, 37]"
14,"[33, 37, 20]"
26,"[33, 37, 70]"
14,"[33, 37, 62]"
16,"[33, 37, 26]"
12,"[33, 37, 50]"
20,"[33, 37, 60]"
17,"[33, 37, 32]"
16,"[33, 37, 18]"
15,"[33, 37, 8]"
20,"[33, 37, 27]"
22,"[33, 37, 17]"
20,"[33, 37, 0]"
23,"[33, 37, 29]"
21,"[33, 37, 6]"
15,"[33, 37, 10]"
19,"[33, 37, 69]"
13,"[33, 37, 12]"
13,"[33, 37, 56]"
21,"[33, 37, 25]"
22,"[33, 37, 48]"
19,"[33, 37, 28]"
12,"[33, 37, 35]"
16,"[33, 37, 49]"
15,"[33, 37, 55]"
17,"[33, 37, 4]"
20,"[33, 37, 54]"
13,"[33, 37, 42]"
17,"[33, 37, 33]"
16,"[33, 37, 34]"
12,"[33, 37, 37]"
20,"[33, 26]"
16,"[33, 26, 50]"
15,"[33, 26, 32]"
13,"[33, 26, 18]"
13,"[33, 26, 8]"
16,"[33, 26, 27]"
17,"[33, 26, 17]"
17,"[33, 26, 0]"
18,"[33, 26, 29]"
17,"[33, 26, 6]"
14,"[33, 26, 10]"
20,"[33, 26, 70]"
15,"[33, 26, 69]"
15,"[33, 26, 25]"
17,"[33, 26, 48]"
14,"[33, 26, 28]"
13,"[33, 26, 37]"
14,"[33, 26, 4]"
15,"[33, 26, 54]"
13,"[33, 26, 33]"
12,"[33, 26, 34]"
20,"[33, 50]"
14,"[33, 50, 32]"
13,"[33, 50, 18]"
13,"[33, 50, 8]"
15,"[33, 50, 27]"
16,"[33, 50, 17]"
16,"[33, 50, 0]"
19,"[33, 50, 29]"
16,"[33, 50, 6]"
13,"[33, 50, 10]"
20,"[33, 50, 70]"
16,"[33, 50, 69]"
13,"[33, 50, 62]"
13,"[33, 50, 25]"
17,"[33, 50, 48]"
13,"[33, 50, 28]"
13,"[33, 50, 49]"
12,"[33, 50, 55]"
15,"[33, 50, 37]"
14,"[33, 50, 4]"
16,"[33, 50, 54]"
13,"[33, 50, 33]"
12,"[33, 50, 34]"
20,"[33, 60]"
15,"[33, 60, 32]"
13,"[33, 60, 18]"
14,"[33, 60, 8]"
16,"[33, 60, 27]"
18,"[33, 60, 17]"
16,"[33, 60, 0]"
18,"[33, 60, 29]"
18,"[33, 60, 6]"
12,"[33, 60, 10]"
20,"[33, 60, 70]"
15,"[33, 60, 69]"
16,"[33, 60, 25]"
18,"[33, 60, 48]"
15,"[33, 60, 28]"
12,"[33, 60, 55]"
14,"[33, 60, 4]"
15,"[33, 60, 54]"
13,"[33, 60, 26]"
12,"[33, 60, 33]"
12,"[33, 60, 34]"
12,"[33, 36]"
12,"[33, 36, 27]"
12,"[33, 36, 17]"
12,"[33, 36, 29]"
12,"[33, 36, 70]"
13,"[33, 64]"
13,"[33, 64, 64]"
12,"[33, 64, 29]"
13,"[33, 64, 70]"
23,"[33, 32]"
19,"[33, 32, 18]"
20,"[33, 32, 8]"
21,"[33, 32, 27]"
20,"[33, 32, 17]"
18,"[33, 32, 0]"
22,"[33, 32, 29]"
17,"[33, 32, 6]"
17,"[33, 32, 10]"
23,"[33, 32, 70]"
20,"[33, 32, 69]"
14,"[33, 32, 12]"
17,"[33, 32, 56]"
18,"[33, 32, 25]"
17,"[33, 32, 48]"
18,"[33, 32, 28]"
13,"[33, 32, 35]"
13,"[33, 32, 4]"
14,"[33, 32, 34]"
15,"[33, 32, 33]"
15,"[33, 32, 37]"
12,"[33, 32, 60]"
16,"[33, 32, 54]"
15,"[33, 32, 42]"
13,"[33, 32, 20]"
17,"[33, 32, 32]"
21,"[33, 18]"
17,"[33, 18, 8]"
13,"[33, 18, 18]"
19,"[33, 18, 27]"
18,"[33, 18, 17]"
17,"[33, 18, 0]"
21,"[33, 18, 29]"
18,"[33, 18, 6]"
15,"[33, 18, 10]"
20,"[33, 18, 70]"
15,"[33, 18, 69]"
15,"[33, 18, 56]"
17,"[33, 18, 25]"
17,"[33, 18, 48]"
16,"[33, 18, 28]"
13,"[33, 18, 35]"
12,"[33, 18, 58]"
12,"[33, 18, 49]"
12,"[33, 18, 55]"
13,"[33, 18, 4]"
12,"[33, 18, 34]"
14,"[33, 18, 33]"
14,"[33, 18, 37]"
13,"[33, 18, 54]"
14,"[33, 18, 32]"
12,"[33, 18, 20]"
20,"[33, 8]"
15,"[33, 8, 8]"
16,"[33, 8, 18]"
19,"[33, 8, 27]"
18,"[33, 8, 17]"
17,"[33, 8, 0]"
20,"[33, 8, 29]"
17,"[33, 8, 6]"
16,"[33, 8, 10]"
19,"[33, 8, 70]"
16,"[33, 8, 69]"
12,"[33, 8, 12]"
16,"[33, 8, 56]"
17,"[33, 8, 25]"
16,"[33, 8, 48]"
17,"[33, 8, 28]"
12,"[33, 8, 35]"
13,"[33, 8, 4]"
13,"[33, 8, 34]"
15,"[33, 8, 33]"
12,"[33, 8, 37]"
14,"[33, 8, 54]"
16,"[33, 8, 32]"
25,"[33, 27]"
23,"[33, 27, 17]"
19,"[33, 27, 0]"
25,"[33, 27, 29]"
20,"[33, 27, 6]"
12,"[33, 27, 8]"
16,"[33, 27, 10]"
24,"[33, 27, 70]"
20,"[33, 27, 69]"
13,"[33, 27, 12]"
15,"[33, 27, 56]"
17,"[33, 27, 25]"
17,"[33, 27, 48]"
18,"[33, 27, 28]"
15,"[33, 27, 35]"
12,"[33, 27, 58]"
12,"[33, 27, 49]"
13,"[33, 27, 55]"
16,"[33, 27, 4]"
18,"[33, 27, 27]"
15,"[33, 27, 34]"
17,"[33, 27, 33]"
14,"[33, 27, 37]"
14,"[33, 27, 54]"
12,"[33, 27, 42]"
12,"[33, 27, 18]"
13,"[33, 27, 32]"
12,"[33, 27, 20]"
27,"[33, 17]"
20,"[33, 17, 0]"
26,"[33, 17, 29]"
23,"[33, 17, 6]"
14,"[33, 17, 8]"
15,"[33, 17, 10]"
26,"[33, 17, 70]"
20,"[33, 17, 69]"
13,"[33, 17, 12]"
15,"[33, 17, 56]"
18,"[33, 17, 25]"
20,"[33, 17, 48]"
19,"[33, 17, 28]"
19,"[33, 17, 17]"
13,"[33, 17, 35]"
13,"[33, 17, 49]"
14,"[33, 17, 55]"
18,"[33, 17, 4]"
19,"[33, 17, 27]"
15,"[33, 17, 34]"
17,"[33, 17, 33]"
15,"[33, 17, 37]"
16,"[33, 17, 54]"
12,"[33, 17, 42]"
12,"[33, 17, 18]"
14,"[33, 17, 32]"
13,"[33, 17, 20]"
24,"[33, 0]"
13,"[33, 0, 3]"
21,"[33, 0, 29]"
22,"[33, 0, 6]"
14,"[33, 0, 8]"
15,"[33, 0, 10]"
24,"[33, 0, 70]"
17,"[33, 0, 69]"
12,"[33, 0, 12]"
16,"[33, 0, 56]"
18,"[33, 0, 25]"
21,"[33, 0, 48]"
17,"[33, 0, 28]"
18,"[33, 0, 17]"
14,"[33, 0, 49]"
16,"[33, 0, 55]"
16,"[33, 0, 4]"
17,"[33, 0, 27]"
13,"[33, 0, 34]"
16,"[33, 0, 33]"
14,"[33, 0, 37]"
19,"[33, 0, 0]"
16,"[33, 0, 54]"
12,"[33, 0, 18]"
12,"[33, 0, 32]"
13,"[33, 3]"
30,"[33, 29]"
22,"[33, 29, 6]"
13,"[33, 29, 8]"
14,"[33, 29, 10]"
27,"[33, 29, 70]"
19,"[33, 29, 69]"
13,"[33, 29, 12]"
14,"[33, 29, 56]"
12,"[33, 29, 62]"
18,"[33, 29, 25]"
19,"[33, 29, 48]"
18,"[33, 29, 28]"
20,"[33, 29, 17]"
13,"[33, 29, 35]"
14,"[33, 29, 49]"
15,"[33, 29, 55]"
18,"[33, 29, 4]"
14,"[33, 29, 34]"
17,"[33, 29, 33]"
14,"[33, 29, 37]"
21,"[33, 29, 29]"
19,"[33, 29, 0]"
15,"[33, 29, 54]"
12,"[33, 29, 42]"
12,"[33, 29, 18]"
16,"[33, 29, 27]"
12,"[33, 29, 20]"
27,"[33, 6]"
13,"[33, 6, 8]"
14,"[33, 6, 10]"
26,"[33, 6, 70]"
17,"[33, 6, 69]"
12,"[33, 6, 12]"
13,"[33, 6, 56]"
16,"[33, 6, 25]"
20,"[33, 6, 48]"
14,"[33, 6, 28]"
20,"[33, 6, 17]"
15,"[33, 6, 49]"
17,"[33, 6, 55]"
16,"[33, 6, 6]"
17,"[33, 6, 4]"
16,"[33, 6, 27]"
23,"[33, 6, 29]"
15,"[33, 6, 33]"
19,"[33, 6, 0]"
17,"[33, 6, 54]"
12,"[33, 6, 32]"
22,"[33, 10]"
21,"[33, 10, 70]"
17,"[33, 10, 69]"
14,"[33, 10, 12]"
13,"[33, 10, 56]"
16,"[33, 10, 25]"
16,"[33, 10, 48]"
16,"[33, 10, 28]"
15,"[33, 10, 17]"
14,"[33, 10, 35]"
13,"[33, 10, 49]"
12,"[33, 10, 55]"
14,"[33, 10, 6]"
12,"[33, 10, 34]"
15,"[33, 10, 33]"
19,"[33, 10, 29]"
15,"[33, 10, 0]"
14,"[33, 10, 4]"
17,"[33, 10, 54]"
12,"[33, 10, 42]"
12,"[33, 10, 8]"
12,"[33, 10, 18]"
13,"[33, 10, 27]"
12,"[33, 10, 32]"
19,"[33, 12]"
17,"[33, 12, 70]"
13,"[33, 12, 69]"
14,"[33, 12, 42]"
12,"[33, 12, 53]"
12,"[33, 12, 32]"
14,"[33, 51]"
12,"[33, 51, 25]"
13,"[33, 51, 70]"
12,"[33, 51, 29]"
21,"[33, 56]"
15,"[33, 56, 25]"
17,"[33, 56, 48]"
13,"[33, 56, 28]"
12,"[33, 56, 17]"
20,"[33, 56, 70]"
12,"[33, 56, 55]"
13,"[33, 56, 6]"
15,"[33, 56, 69]"
12,"[33, 56, 27]"
16,"[33, 56, 29]"
12,"[33, 56, 10]"
12,"[33, 56, 56]"
12,"[33, 56, 34]"
14,"[33, 56, 33]"
14,"[33, 56, 0]"
15,"[33, 56, 54]"
19,"[33, 35]"
16,"[33, 35, 58]"
12,"[33, 35, 62]"
12,"[33, 35, 49]"
19,"[33, 35, 70]"
15,"[33, 35, 48]"
15,"[33, 35, 17]"
16,"[33, 35, 69]"
13,"[33, 35, 27]"
16,"[33, 35, 29]"
13,"[33, 35, 33]"
15,"[33, 35, 28]"
14,"[33, 35, 25]"
13,"[33, 35, 54]"
18,"[33, 58]"
12,"[33, 58, 49]"
18,"[33, 58, 70]"
15,"[33, 58, 48]"
14,"[33, 58, 17]"
12,"[33, 58, 6]"
15,"[33, 58, 69]"
12,"[33, 58, 33]"
13,"[33, 58, 28]"
13,"[33, 58, 25]"
15,"[33, 58, 29]"
13,"[33, 58, 54]"
12,"[33, 58, 27]"
20,"[33, 49]"
19,"[33, 49, 70]"
16,"[33, 49, 49]"
16,"[33, 49, 48]"
14,"[33, 49, 55]"
15,"[33, 49, 17]"
15,"[33, 49, 6]"
16,"[33, 49, 69]"
12,"[33, 49, 25]"
14,"[33, 49, 33]"
14,"[33, 49, 27]"
17,"[33, 49, 29]"
15,"[33, 49, 0]"
15,"[33, 49, 54]"
18,"[33, 55]"
12,"[33, 55, 17]"
12,"[33, 55, 6]"
13,"[33, 55, 70]"
12,"[33, 55, 0]"
14,"[33, 55, 29]"
20,"[33, 4]"
13,"[33, 4, 17]"
12,"[33, 4, 27]"
19,"[33, 4, 29]"
14,"[33, 4, 4]"
14,"[33, 4, 10]"
19,"[33, 4, 70]"
12,"[33, 4, 25]"
15,"[33, 4, 48]"
12,"[33, 4, 69]"
14,"[33, 4, 0]"
15,"[33, 4, 6]"
12,"[33, 4, 55]"
12,"[33, 4, 54]"
21,"[33, 34]"
19,"[33, 34, 33]"
18,"[33, 34, 28]"
18,"[33, 34, 25]"
17,"[33, 34, 48]"
19,"[33, 34, 70]"
13,"[33, 34, 26]"
13,"[33, 34, 50]"
14,"[33, 34, 37]"
17,"[33, 34, 29]"
15,"[33, 34, 69]"
16,"[33, 34, 17]"
13,"[33, 34, 0]"
12,"[33, 34, 4]"
14,"[33, 34, 6]"
17,"[33, 34, 54]"
15,"[33, 34, 32]"
12,"[33, 34, 8]"
13,"[33, 34, 27]"
14,"[33, 34, 20]"
15,"[33, 13]"
14,"[33, 13, 53]"
15,"[33, 13, 70]"
12,"[33, 13, 69]"
20,"[33, 53]"
19,"[33, 53, 70]"
16,"[33, 53, 69]"
15,"[33, 53, 54]"
13,"[33, 53, 29]"
13,"[33, 53, 28]"
13,"[33, 53, 25]"
13,"[33, 53, 33]"
13,"[33, 53, 48]"
12,"[33, 53, 34]"
12,"[33, 14]"
12,"[33, 14, 29]"
12,"[33, 14, 70]"
37,[28]
25,"[28, 33]"
19,"[28, 33, 28]"
21,"[28, 33, 54]"
24,"[28, 33, 70]"
17,"[28, 33, 69]"
12,"[28, 33, 42]"
19,"[28, 33, 25]"
19,"[28, 33, 48]"
14,"[28, 33, 20]"
12,"[28, 33, 37]"
12,"[28, 33, 50]"
17,"[28, 33, 32]"
14,"[28, 33, 18]"
14,"[28, 33, 8]"
15,"[28, 33, 27]"
17,"[28, 33, 17]"
17,"[28, 33, 0]"
21,"[28, 33, 29]"
15,"[28, 33, 6]"
14,"[28, 33, 10]"
13,"[28, 33, 12]"
13,"[28, 33, 56]"
12,"[28, 33, 35]"
12,"[28, 33, 49]"
13,"[28, 33, 4]"
13,"[28, 33, 34]"
12,"[28, 33, 33]"
13,"[28, 33, 53]"
18,"[28, 62]"
12,"[28, 62, 28]"
16,"[28, 62, 54]"
12,"[28, 62, 62]"
17,"[28, 62, 70]"
12,"[28, 62, 69]"
12,"[28, 62, 25]"
14,"[28, 62, 48]"
12,"[28, 62, 37]"
12,"[28, 62, 32]"
12,"[28, 62, 17]"
13,"[28, 62, 0]"
16,"[28, 62, 29]"
13,"[28, 62, 6]"
12,"[28, 62, 49]"
27,"[28, 28]"
26,"[28, 28, 54]"
14,"[28, 28, 62]"
19,"[28, 28, 28]"
26,"[28, 28, 70]"
21,"[28, 28, 69]"
15,"[28, 28, 42]"
23,"[28, 28, 25]"
23,"[28, 28, 48]"
15,"[28, 28, 20]"
17,"[28, 28, 37]"
15,"[28, 28, 26]"
14,"[28, 28, 50]"
14,"[28, 28, 60]"
17,"[28, 28, 32]"
15,"[28, 28, 18]"
16,"[28, 28, 8]"
19,"[28, 28, 27]"
21,"[28, 28, 17]"
19,"[28, 28, 0]"
24,"[28, 28, 29]"
19,"[28, 28, 6]"
16,"[28, 28, 10]"
15,"[28, 28, 12]"
12,"[28, 28, 56]"
14,"[28, 28, 35]"
13,"[28, 28, 58]"
16,"[28, 28, 49]"
14,"[28, 28, 55]"
15,"[28, 28, 4]"
12,"[28, 28, 13]"
14,"[28, 28, 53]"
15,"[28, 28, 33]"
14,"[28, 28, 34]"
33,"[28, 54]"
15,"[28, 54, 62]"
21,"[28, 54, 28]"
26,"[28, 54, 54]"
32,"[28, 54, 70]"
23,"[28, 54, 69]"
17,"[28, 54, 42]"
22,"[28, 54, 25]"
25,"[28, 54, 48]"
20,"[28, 54, 20]"
20,"[28, 54, 37]"
17,"[28, 54, 26]"
16,"[28, 54, 50]"
18,"[28, 54, 60]"
21,"[28, 54, 32]"
18,"[28, 54, 18]"
19,"[28, 54, 8]"
21,"[28, 54, 27]"
27,"[28, 54, 17]"
22,"[28, 54, 0]"
12,"[28, 54, 3]"
27,"[28, 54, 29]"
25,"[28, 54, 6]"
17,"[28, 54, 10]"
18,"[28, 54, 12]"
17,"[28, 54, 56]"
12,"[28, 54, 35]"
12,"[28, 54, 58]"
20,"[28, 54, 49]"
19,"[28, 54, 55]"
12,"[28, 54, 13]"
14,"[28, 54, 53]"
20,"[28, 54, 33]"
18,"[28, 54, 4]"
17,"[28, 54, 34]"
36,"[28, 70]"
26,"[28, 70, 69]"
21,"[28, 70, 42]"
18,"[28, 70, 62]"
30,"[28, 70, 54]"
28,"[28, 70, 25]"
26,"[28, 70, 28]"
29,"[28, 70, 48]"
23,"[28, 70, 20]"
26,"[28, 70, 37]"
32,"[28, 70, 70]"
20,"[28, 70, 26]"
20,"[28, 70, 50]"
21,"[28, 70, 60]"
13,"[28, 70, 64]"
22,"[28, 70, 32]"
19,"[28, 70, 18]"
20,"[28, 70, 8]"
23,"[28, 70, 27]"
29,"[28, 70, 17]"
23,"[28, 70, 0]"
12,"[28, 70, 3]"
29,"[28, 70, 29]"
26,"[28, 70, 6]"
19,"[28, 70, 10]"
19,"[28, 70, 12]"
14,"[28, 70, 51]"
18,"[28, 70, 56]"
16,"[28, 70, 35]"
17,"[28, 70, 58]"
21,"[28, 70, 49]"
20,"[28, 70, 55]"
23,"[28, 70, 33]"
19,"[28, 70, 4]"
20,"[28, 70, 34]"
14,"[28, 70, 13]"
18,"[28, 70, 53]"
27,"[28, 69]"
22,"[28, 69, 42]"
15,"[28, 69, 62]"
22,"[28, 69, 54]"
20,"[28, 69, 25]"
21,"[28, 69, 28]"
21,"[28, 69, 48]"
16,"[28, 69, 20]"
20,"[28, 69, 37]"
26,"[28, 69, 70]"
14,"[28, 69, 26]"
13,"[28, 69, 50]"
16,"[28, 69, 60]"
20,"[28, 69, 32]"
18,"[28, 69, 18]"
18,"[28, 69, 8]"
22,"[28, 69, 27]"
22,"[28, 69, 17]"
19,"[28, 69, 0]"
23,"[28, 69, 29]"
18,"[28, 69, 6]"
17,"[28, 69, 10]"
24,"[28, 69, 69]"
19,"[28, 69, 12]"
15,"[28, 69, 51]"
17,"[28, 69, 56]"
12,"[28, 69, 35]"
12,"[28, 69, 58]"
18,"[28, 69, 49]"
13,"[28, 69, 55]"
14,"[28, 69, 4]"
17,"[28, 69, 34]"
20,"[28, 69, 33]"
16,"[28, 69, 13]"
20,"[28, 69, 53]"
12,"[28, 69, 16]"
12,"[28, 69, 14]"
22,"[28, 42]"
14,"[28, 42, 54]"
13,"[28, 42, 25]"
13,"[28, 42, 28]"
12,"[28, 42, 48]"
12,"[28, 42, 37]"
19,"[28, 42, 70]"
14,"[28, 42, 32]"
12,"[28, 42, 27]"
13,"[28, 42, 17]"
15,"[28, 42, 29]"
16,"[28, 42, 69]"
12,"[28, 42, 53]"
13,"[28, 42, 33]"
12,"[28, 42, 34]"
32,"[28, 25]"
25,"[28, 25, 28]"
28,"[28, 25, 48]"
18,"[28, 25, 62]"
22,"[28, 25, 20]"
25,"[28, 25, 37]"
32,"[28, 25, 70]"
17,"[28, 25, 26]"
17,"[28, 25, 50]"
18,"[28, 25, 60]"
12,"[28, 25, 36]"
13,"[28, 25, 64]"
21,"[28, 25, 32]"
18,"[28, 25, 18]"
18,"[28, 25, 8]"
23,"[28, 25, 27]"
25,"[28, 25, 17]"
22,"[28, 25, 0]"
12,"[28, 25, 3]"
28,"[28, 25, 29]"
25,"[28, 25, 6]"
18,"[28, 25, 10]"
25,"[28, 25, 69]"
17,"[28, 25, 12]"
12,"[28, 25, 51]"
19,"[28, 25, 56]"
25,"[28, 25, 25]"
15,"[28, 25, 35]"
16,"[28, 25, 58]"
20,"[28, 25, 49]"
17,"[28, 25, 55]"
22,"[28, 25, 33]"
18,"[28, 25, 4]"
18,"[28, 25, 34]"
27,"[28, 25, 54]"
14,"[28, 25, 13]"
18,"[28, 25, 53]"
17,"[28, 25, 42]"
31,"[28, 48]"
14,"[28, 48, 62]"
26,"[28, 48, 48]"
18,"[28, 48, 20]"
21,"[28, 48, 37]"
30,"[28, 48, 70]"
17,"[28, 48, 26]"
16,"[28, 48, 50]"
18,"[28, 48, 60]"
20,"[28, 48, 32]"
16,"[28, 48, 18]"
17,"[28, 48, 8]"
22,"[28, 48, 27]"
24,"[28, 48, 17]"
23,"[28, 48, 0]"
26,"[28, 48, 29]"
24,"[28, 48, 6]"
18,"[28, 48, 10]"
24,"[28, 48, 69]"
17,"[28, 48, 12]"
18,"[28, 48, 56]"
24,"[28, 48, 25]"
23,"[28, 48, 28]"
12,"[28, 48, 35]"
12,"[28, 48, 58]"
17,"[28, 48, 49]"
17,"[28, 48, 55]"
17,"[28, 48, 33]"
18,"[28, 48, 4]"
15,"[28, 48, 34]"
26,"[28, 48, 54]"
12,"[28, 48, 13]"
15,"[28, 48, 53]"
18,"[28, 48, 42]"
24,"[28, 20]"
17,"[28, 20, 37]"
14,"[28, 20, 20]"
24,"[28, 20, 70]"
15,"[28, 20, 62]"
14,"[28, 20, 26]"
15,"[28, 20, 50]"
14,"[28, 20, 60]"
18,"[28, 20, 32]"
15,"[28, 20, 18]"
15,"[28, 20, 8]"
18,"[28, 20, 27]"
21,"[28, 20, 17]"
17,"[28, 20, 0]"
21,"[28, 20, 29]"
17,"[28, 20, 6]"
14,"[28, 20, 10]"
19,"[28, 20, 69]"
15,"[28, 20, 12]"
14,"[28, 20, 56]"
17,"[28, 20, 25]"
19,"[28, 20, 48]"
18,"[28, 20, 28]"
13,"[28, 20, 35]"
14,"[28, 20, 49]"
13,"[28, 20, 4]"
17,"[28, 20, 54]"
13,"[28, 20, 42]"
16,"[28, 20, 33]"
17,"[28, 20, 34]"
26,"[28, 37]"
14,"[28, 37, 20]"
26,"[28, 37, 70]"
14,"[28, 37, 62]"
16,"[28, 37, 26]"
12,"[28, 37, 50]"
20,"[28, 37, 60]"
17,"[28, 37, 32]"
15,"[28, 37, 18]"
15,"[28, 37, 8]"
20,"[28, 37, 27]"
22,"[28, 37, 17]"
20,"[28, 37, 0]"
23,"[28, 37, 29]"
21,"[28, 37, 6]"
14,"[28, 37, 10]"
19,"[28, 37, 69]"
13,"[28, 37, 12]"
12,"[28, 37, 56]"
21,"[28, 37, 25]"
22,"[28, 37, 48]"
19,"[28, 37, 28]"
12,"[28, 37, 35]"
16,"[28, 37, 49]"
15,"[28, 37, 55]"
17,"[28, 37, 4]"
20,"[28, 37, 54]"
12,"[28, 37, 42]"
17,"[28, 37, 33]"
16,"[28, 37, 34]"
12,"[28, 37, 37]"
21,"[28, 26]"
17,"[28, 26, 50]"
15,"[28, 26, 32]"
13,"[28, 26, 18]"
13,"[28, 26, 8]"
16,"[28, 26, 27]"
18,"[28, 26, 17]"
17,"[28, 26, 0]"
18,"[28, 26, 29]"
18,"[28, 26, 6]"
14,"[28, 26, 10]"
21,"[28, 26, 70]"
15,"[28, 26, 69]"
15,"[28, 26, 25]"
18,"[28, 26, 48]"
14,"[28, 26, 28]"
12,"[28, 26, 55]"
13,"[28, 26, 37]"
14,"[28, 26, 4]"
15,"[28, 26, 54]"
13,"[28, 26, 33]"
12,"[28, 26, 34]"
22,"[28, 50]"
12,"[28, 50, 60]"
14,"[28, 50, 32]"
13,"[28, 50, 18]"
13,"[28, 50, 8]"
15,"[28, 50, 27]"
17,"[28, 50, 17]"
16,"[28, 50, 0]"
19,"[28, 50, 29]"
17,"[28, 50, 6]"
13,"[28, 50, 10]"
21,"[28, 50, 70]"
17,"[28, 50, 69]"
13,"[28, 50, 62]"
13,"[28, 50, 25]"
18,"[28, 50, 48]"
13,"[28, 50, 28]"
14,"[28, 50, 49]"
13,"[28, 50, 55]"
15,"[28, 50, 37]"
14,"[28, 50, 4]"
16,"[28, 50, 54]"
13,"[28, 50, 33]"
12,"[28, 50, 34]"
21,"[28, 60]"
15,"[28, 60, 32]"
13,"[28, 60, 18]"
14,"[28, 60, 8]"
16,"[28, 60, 27]"
19,"[28, 60, 17]"
16,"[28, 60, 0]"
18,"[28, 60, 29]"
19,"[28, 60, 6]"
12,"[28, 60, 10]"
21,"[28, 60, 70]"
15,"[28, 60, 69]"
16,"[28, 60, 25]"
19,"[28, 60, 48]"
15,"[28, 60, 28]"
12,"[28, 60, 49]"
13,"[28, 60, 55]"
14,"[28, 60, 4]"
15,"[28, 60, 54]"
14,"[28, 60, 26]"
12,"[28, 60, 50]"
12,"[28, 60, 33]"
12,"[28, 60, 34]"
12,"[28, 36]"
12,"[28, 36, 27]"
12,"[28, 36, 17]"
12,"[28, 36, 29]"
12,"[28, 36, 70]"
14,"[28, 64]"
13,"[28, 64, 64]"
12,"[28, 64, 0]"
12,"[28, 64, 29]"
12,"[28, 64, 6]"
14,"[28, 64, 70]"
23,"[28, 32]"
19,"[28, 32, 18]"
20,"[28, 32, 8]"
21,"[28, 32, 27]"
20,"[28, 32, 17]"
18,"[28, 32, 0]"
22,"[28, 32, 29]"
17,"[28, 32, 6]"
17,"[28, 32, 10]"
23,"[28, 32, 70]"
19,"[28, 32, 69]"
14,"[28, 32, 12]"
17,"[28, 32, 56]"
18,"[28, 32, 25]"
17,"[28, 32, 48]"
18,"[28, 32, 28]"
13,"[28, 32, 35]"
13,"[28, 32, 4]"
14,"[28, 32, 34]"
15,"[28, 32, 33]"
14,"[28, 32, 37]"
16,"[28, 32, 54]"
14,"[28, 32, 42]"
17,"[28, 32, 32]"
12,"[28, 32, 20]"
21,"[28, 18]"
17,"[28, 18, 8]"
13,"[28, 18, 18]"
19,"[28, 18, 27]"
18,"[28, 18, 17]"
17,"[28, 18, 0]"
21,"[28, 18, 29]"
18,"[28, 18, 6]"
15,"[28, 18, 10]"
20,"[28, 18, 70]"
15,"[28, 18, 69]"
15,"[28, 18, 56]"
17,"[28, 18, 25]"
17,"[28, 18, 48]"
16,"[28, 18, 28]"
13,"[28, 18, 35]"
12,"[28, 18, 58]"
12,"[28, 18, 49]"
12,"[28, 18, 55]"
13,"[28, 18, 4]"
12,"[28, 18, 34]"
14,"[28, 18, 33]"
14,"[28, 18, 37]"
13,"[28, 18, 54]"
14,"[28, 18, 32]"
12,"[28, 18, 20]"
20,"[28, 8]"
15,"[28, 8, 8]"
16,"[28, 8, 18]"
19,"[28, 8, 27]"
18,"[28, 8, 17]"
17,"[28, 8, 0]"
20,"[28, 8, 29]"
17,"[28, 8, 6]"
16,"[28, 8, 10]"
19,"[28, 8, 70]"
16,"[28, 8, 69]"
12,"[28, 8, 12]"
16,"[28, 8, 56]"
17,"[28, 8, 25]"
16,"[28, 8, 48]"
17,"[28, 8, 28]"
12,"[28, 8, 35]"
13,"[28, 8, 4]"
13,"[28, 8, 34]"
15,"[28, 8, 33]"
12,"[28, 8, 37]"
14,"[28, 8, 54]"
16,"[28, 8, 32]"
25,"[28, 27]"
23,"[28, 27, 17]"
19,"[28, 27, 0]"
25,"[28, 27, 29]"
20,"[28, 27, 6]"
12,"[28, 27, 8]"
16,"[28, 27, 10]"
24,"[28, 27, 70]"
20,"[28, 27, 69]"
13,"[28, 27, 12]"
15,"[28, 27, 56]"
17,"[28, 27, 25]"
17,"[28, 27, 48]"
18,"[28, 27, 28]"
15,"[28, 27, 35]"
12,"[28, 27, 58]"
12,"[28, 27, 49]"
13,"[28, 27, 55]"
16,"[28, 27, 4]"
18,"[28, 27, 27]"
15,"[28, 27, 34]"
17,"[28, 27, 33]"
14,"[28, 27, 37]"
14,"[28, 27, 54]"
12,"[28, 27, 42]"
12,"[28, 27, 18]"
13,"[28, 27, 32]"
12,"[28, 27, 20]"
29,"[28, 17]"
20,"[28, 17, 0]"
26,"[28, 17, 29]"
24,"[28, 17, 6]"
14,"[28, 17, 8]"
15,"[28, 17, 10]"
27,"[28, 17, 70]"
20,"[28, 17, 69]"
13,"[28, 17, 12]"
15,"[28, 17, 56]"
18,"[28, 17, 25]"
20,"[28, 17, 48]"
19,"[28, 17, 28]"
20,"[28, 17, 17]"
13,"[28, 17, 35]"
13,"[28, 17, 49]"
15,"[28, 17, 55]"
18,"[28, 17, 4]"
19,"[28, 17, 27]"
15,"[28, 17, 34]"
17,"[28, 17, 33]"
15,"[28, 17, 37]"
16,"[28, 17, 54]"
12,"[28, 17, 42]"
12,"[28, 17, 18]"
14,"[28, 17, 32]"
13,"[28, 17, 20]"
25,"[28, 0]"
13,"[28, 0, 3]"
21,"[28, 0, 29]"
22,"[28, 0, 6]"
14,"[28, 0, 8]"
15,"[28, 0, 10]"
25,"[28, 0, 70]"
18,"[28, 0, 69]"
13,"[28, 0, 12]"
16,"[28, 0, 56]"
18,"[28, 0, 25]"
21,"[28, 0, 48]"
17,"[28, 0, 28]"
18,"[28, 0, 17]"
12,"[28, 0, 58]"
14,"[28, 0, 49]"
16,"[28, 0, 55]"
16,"[28, 0, 4]"
17,"[28, 0, 27]"
13,"[28, 0, 34]"
16,"[28, 0, 33]"
14,"[28, 0, 37]"
19,"[28, 0, 0]"
16,"[28, 0, 54]"
12,"[28, 0, 18]"
12,"[28, 0, 32]"
13,"[28, 3]"
30,"[28, 29]"
22,"[28, 29, 6]"
13,"[28, 29, 8]"
14,"[28, 29, 10]"
27,"[28, 29, 70]"
19,"[28, 29, 69]"
13,"[28, 29, 12]"
14,"[28, 29, 56]"
12,"[28, 29, 62]"
18,"[28, 29, 25]"
19,"[28, 29, 48]"
18,"[28, 29, 28]"
20,"[28, 29, 17]"
13,"[28, 29, 35]"
14,"[28, 29, 49]"
15,"[28, 29, 55]"
18,"[28, 29, 4]"
14,"[28, 29, 34]"
17,"[28, 29, 33]"
14,"[28, 29, 37]"
21,"[28, 29, 29]"
19,"[28, 29, 0]"
15,"[28, 29, 54]"
12,"[28, 29, 42]"
12,"[28, 29, 18]"
16,"[28, 29, 27]"
12,"[28, 29, 20]"
29,"[28, 6]"
13,"[28, 6, 8]"
14,"[28, 6, 10]"
28,"[28, 6, 70]"
18,"[28, 6, 69]"
13,"[28, 6, 12]"
13,"[28, 6, 56]"
16,"[28, 6, 25]"
20,"[28, 6, 48]"
14,"[28, 6, 28]"
21,"[28, 6, 17]"
12,"[28, 6, 58]"
15,"[28, 6, 49]"
18,"[28, 6, 55]"
16,"[28, 6, 6]"
17,"[28, 6, 4]"
16,"[28, 6, 27]"
23,"[28, 6, 29]"
15,"[28, 6, 33]"
20,"[28, 6, 0]"
17,"[28, 6, 54]"
12,"[28, 6, 42]"
12,"[28, 6, 32]"
22,"[28, 10]"
21,"[28, 10, 70]"
17,"[28, 10, 69]"
14,"[28, 10, 12]"
13,"[28, 10, 56]"
16,"[28, 10, 25]"
16,"[28, 10, 48]"
16,"[28, 10, 28]"
15,"[28, 10, 17]"
14,"[28, 10, 35]"
13,"[28, 10, 49]"
12,"[28, 10, 55]"
14,"[28, 10, 6]"
12,"[28, 10, 34]"
15,"[28, 10, 33]"
19,"[28, 10, 29]"
15,"[28, 10, 0]"
14,"[28, 10, 4]"
17,"[28, 10, 54]"
12,"[28, 10, 42]"
12,"[28, 10, 8]"
12,"[28, 10, 18]"
13,"[28, 10, 27]"
12,"[28, 10, 32]"
20,"[28, 12]"
17,"[28, 12, 70]"
13,"[28, 12, 69]"
15,"[28, 12, 42]"
12,"[28, 12, 13]"
13,"[28, 12, 53]"
12,"[28, 12, 32]"
15,"[28, 51]"
12,"[28, 51, 25]"
13,"[28, 51, 70]"
12,"[28, 51, 29]"
21,"[28, 56]"
15,"[28, 56, 25]"
17,"[28, 56, 48]"
13,"[28, 56, 28]"
12,"[28, 56, 17]"
20,"[28, 56, 70]"
12,"[28, 56, 55]"
13,"[28, 56, 6]"
15,"[28, 56, 69]"
12,"[28, 56, 27]"
16,"[28, 56, 29]"
12,"[28, 56, 10]"
12,"[28, 56, 56]"
12,"[28, 56, 34]"
14,"[28, 56, 33]"
14,"[28, 56, 0]"
15,"[28, 56, 54]"
18,"[28, 35]"
15,"[28, 35, 58]"
12,"[28, 35, 62]"
12,"[28, 35, 49]"
18,"[28, 35, 70]"
14,"[28, 35, 48]"
15,"[28, 35, 17]"
15,"[28, 35, 69]"
12,"[28, 35, 27]"
15,"[28, 35, 29]"
13,"[28, 35, 33]"
14,"[28, 35, 28]"
13,"[28, 35, 25]"
13,"[28, 35, 54]"
18,"[28, 58]"
12,"[28, 58, 49]"
18,"[28, 58, 70]"
14,"[28, 58, 48]"
14,"[28, 58, 17]"
12,"[28, 58, 6]"
15,"[28, 58, 69]"
12,"[28, 58, 33]"
12,"[28, 58, 28]"
12,"[28, 58, 25]"
14,"[28, 58, 29]"
13,"[28, 58, 54]"
22,"[28, 49]"
20,"[28, 49, 70]"
17,"[28, 49, 49]"
18,"[28, 49, 48]"
16,"[28, 49, 55]"
16,"[28, 49, 17]"
16,"[28, 49, 6]"
16,"[28, 49, 69]"
12,"[28, 49, 28]"
12,"[28, 49, 25]"
14,"[28, 49, 33]"
14,"[28, 49, 27]"
17,"[28, 49, 29]"
15,"[28, 49, 0]"
16,"[28, 49, 54]"
21,"[28, 55]"
14,"[28, 55, 17]"
12,"[28, 55, 6]"
14,"[28, 55, 70]"
12,"[28, 55, 0]"
14,"[28, 55, 29]"
20,"[28, 4]"
13,"[28, 4, 17]"
12,"[28, 4, 27]"
19,"[28, 4, 29]"
14,"[28, 4, 4]"
14,"[28, 4, 10]"
19,"[28, 4, 70]"
12,"[28, 4, 25]"
15,"[28, 4, 48]"
12,"[28, 4, 69]"
14,"[28, 4, 0]"
15,"[28, 4, 6]"
12,"[28, 4, 55]"
12,"[28, 4, 54]"
21,"[28, 34]"
18,"[28, 34, 33]"
17,"[28, 34, 28]"
16,"[28, 34, 25]"
16,"[28, 34, 48]"
19,"[28, 34, 70]"
12,"[28, 34, 26]"
12,"[28, 34, 50]"
13,"[28, 34, 37]"
16,"[28, 34, 29]"
15,"[28, 34, 69]"
16,"[28, 34, 17]"
14,"[28, 34, 0]"
13,"[28, 34, 6]"
16,"[28, 34, 54]"
16,"[28, 34, 32]"
12,"[28, 34, 18]"
12,"[28, 34, 8]"
13,"[28, 34, 27]"
14,"[28, 34, 20]"
16,"[28, 13]"
14,"[28, 13, 53]"
15,"[28, 13, 70]"
12,"[28, 13, 69]"
21,"[28, 53]"
19,"[28, 53, 70]"
17,"[28, 53, 69]"
15,"[28, 53, 54]"
13,"[28, 53, 29]"
13,"[28, 53, 28]"
13,"[28, 53, 25]"
13,"[28, 53, 33]"
13,"[28, 53, 48]"
12,"[28, 53, 34]"
12,"[28, 16]"
12,"[28, 14]"
12,"[28, 14, 29]"
12,"[28, 14, 70]"
34,[54]
16,"[54, 62]"
15,"[54, 62, 54]"
15,"[54, 62, 70]"
13,"[54, 62, 48]"
13,"[54, 62, 0]"
15,"[54, 62, 29]"
13,"[54, 62, 6]"
25,"[54, 28]"
20,"[54, 28, 54]"
24,"[54, 28, 70]"
17,"[54, 28, 69]"
19,"[54, 28, 25]"
15,"[54, 28, 28]"
18,"[54, 28, 48]"
16,"[54, 28, 20]"
13,"[54, 28, 37]"
13,"[54, 28, 26]"
15,"[54, 28, 32]"
15,"[54, 28, 18]"
13,"[54, 28, 8]"
17,"[54, 28, 27]"
19,"[54, 28, 17]"
16,"[54, 28, 0]"
22,"[54, 28, 29]"
16,"[54, 28, 6]"
13,"[54, 28, 10]"
12,"[54, 28, 12]"
13,"[54, 28, 56]"
12,"[54, 28, 35]"
13,"[54, 28, 49]"
12,"[54, 28, 55]"
15,"[54, 28, 33]"
12,"[54, 28, 4]"
16,"[54, 28, 34]"
29,"[54, 54]"
27,"[54, 54, 70]"
20,"[54, 54, 69]"
14,"[54, 54, 42]"
15,"[54, 54, 62]"
20,"[54, 54, 54]"
21,"[54, 54, 25]"
19,"[54, 54, 28]"
23,"[54, 54, 48]"
19,"[54, 54, 20]"
19,"[54, 54, 37]"
13,"[54, 54, 26]"
12,"[54, 54, 50]"
14,"[54, 54, 60]"
18,"[54, 54, 32]"
18,"[54, 54, 18]"
19,"[54, 54, 8]"
20,"[54, 54, 27]"
23,"[54, 54, 17]"
22,"[54, 54, 0]"
12,"[54, 54, 3]"
25,"[54, 54, 29]"
21,"[54, 54, 6]"
15,"[54, 54, 10]"
15,"[54, 54, 12]"
15,"[54, 54, 56]"
13,"[54, 54, 35]"
12,"[54, 54, 58]"
19,"[54, 54, 49]"
16,"[54, 54, 55]"
18,"[54, 54, 33]"
15,"[54, 54, 4]"
17,"[54, 54, 34]"
34,"[54, 70]"
23,"[54, 70, 69]"
18,"[54, 70, 42]"
16,"[54, 70, 62]"
26,"[54, 70, 54]"
23,"[54, 70, 25]"
22,"[54, 70, 28]"
25,"[54, 70, 48]"
21,"[54, 70, 20]"
19,"[54, 70, 37]"
32,"[54, 70, 70]"
17,"[54, 70, 26]"
15,"[54, 70, 50]"
17,"[54, 70, 60]"
12,"[54, 70, 64]"
20,"[54, 70, 32]"
19,"[54, 70, 18]"
19,"[54, 70, 8]"
21,"[54, 70, 27]"
25,"[54, 70, 17]"
22,"[54, 70, 0]"
28,"[54, 70, 29]"
25,"[54, 70, 6]"
17,"[54, 70, 10]"
17,"[54, 70, 12]"
18,"[54, 70, 56]"
13,"[54, 70, 35]"
13,"[54, 70, 58]"
21,"[54, 70, 49]"
19,"[54, 70, 55]"
21,"[54, 70, 33]"
16,"[54, 70, 4]"
13,"[54, 70, 53]"
19,"[54, 70, 34]"
24,"[54, 69]"
19,"[54, 69, 42]"
12,"[54, 69, 62]"
18,"[54, 69, 54]"
18,"[54, 69, 25]"
18,"[54, 69, 28]"
17,"[54, 69, 48]"
13,"[54, 69, 20]"
13,"[54, 69, 37]"
23,"[54, 69, 70]"
12,"[54, 69, 26]"
15,"[54, 69, 32]"
14,"[54, 69, 18]"
14,"[54, 69, 8]"
18,"[54, 69, 27]"
18,"[54, 69, 17]"
17,"[54, 69, 0]"
21,"[54, 69, 29]"
16,"[54, 69, 6]"
14,"[54, 69, 10]"
22,"[54, 69, 69]"
17,"[54, 69, 12]"
12,"[54, 69, 51]"
14,"[54, 69, 56]"
14,"[54, 69, 49]"
13,"[54, 69, 13]"
15,"[54, 69, 53]"
19,"[54, 69, 33]"
17,"[54, 69, 34]"
19,"[54, 42]"
12,"[54, 42, 54]"
12,"[54, 42, 28]"
17,"[54, 42, 70]"
13,"[54, 42, 29]"
14,"[54, 42, 69]"
12,"[54, 42, 33]"
12,"[54, 42, 34]"
23,"[54, 25]"
15,"[54, 25, 28]"
19,"[54, 25, 48]"
15,"[54, 25, 20]"
14,"[54, 25, 37]"
22,"[54, 25, 70]"
13,"[54, 25, 26]"
14,"[54, 25, 32]"
12,"[54, 25, 18]"
12,"[54, 25, 8]"
15,"[54, 25, 27]"
16,"[54, 25, 17]"
17,"[54, 25, 0]"
19,"[54, 25, 29]"
15,"[54, 25, 6]"
16,"[54, 25, 69]"
12,"[54, 25, 56]"
16,"[54, 25, 25]"
14,"[54, 25, 49]"
12,"[54, 25, 55]"
16,"[54, 25, 54]"
13,"[54, 25, 33]"
12,"[54, 25, 34]"
26,"[54, 48]"
12,"[54, 48, 62]"
21,"[54, 48, 48]"
15,"[54, 48, 20]"
26,"[54, 48, 70]"
16,"[54, 48, 32]"
14,"[54, 48, 18]"
14,"[54, 48, 8]"
17,"[54, 48, 27]"
21,"[54, 48, 17]"
21,"[54, 48, 0]"
21,"[54, 48, 29]"
20,"[54, 48, 6]"
13,"[54, 48, 10]"
18,"[54, 48, 69]"
13,"[54, 48, 12]"
13,"[54, 48, 56]"
17,"[54, 48, 25]"
17,"[54, 48, 28]"
15,"[54, 48, 49]"
16,"[54, 48, 55]"
22,"[54, 48, 54]"
14,"[54, 48, 4]"
12,"[54, 48, 42]"
17,"[54, 48, 33]"
15,"[54, 48, 34]"
22,"[54, 20]"
14,"[54, 20, 37]"
13,"[54, 20, 20]"
21,"[54, 20, 70]"
14,"[54, 20, 62]"
12,"[54, 20, 26]"
12,"[54, 20, 50]"
12,"[54, 20, 60]"
15,"[54, 20, 32]"
13,"[54, 20, 18]"
13,"[54, 20, 8]"
15,"[54, 20, 27]"
18,"[54, 20, 17]"
17,"[54, 20, 0]"
18,"[54, 20, 29]"
16,"[54, 20, 6]"
12,"[54, 20, 10]"
16,"[54, 20, 69]"
13,"[54, 20, 12]"
13,"[54, 20, 56]"
14,"[54, 20, 25]"
17,"[54, 20, 48]"
15,"[54, 20, 28]"
13,"[54, 20, 49]"
12,"[54, 20, 4]"
14,"[54, 20, 54]"
14,"[54, 20, 33]"
15,"[54, 20, 34]"
21,"[54, 37]"
12,"[54, 37, 20]"
20,"[54, 37, 70]"
12,"[54, 37, 62]"
14,"[54, 37, 26]"
15,"[54, 37, 60]"
13,"[54, 37, 32]"
12,"[54, 37, 18]"
12,"[54, 37, 8]"
15,"[54, 37, 27]"
16,"[54, 37, 17]"
17,"[54, 37, 0]"
17,"[54, 37, 29]"
17,"[54, 37, 6]"
13,"[54, 37, 69]"
15,"[54, 37, 25]"
18,"[54, 37, 48]"
13,"[54, 37, 28]"
14,"[54, 37, 49]"
13,"[54, 37, 55]"
13,"[54, 37, 54]"
14,"[54, 37, 4]"
13,"[54, 37, 33]"
12,"[54, 37, 34]"
17,"[54, 26]"
13,"[54, 26, 50]"
12,"[54, 26, 32]"
12,"[54, 26, 27]"
13,"[54, 26, 17]"
13,"[54, 26, 0]"
14,"[54, 26, 29]"
15,"[54, 26, 6]"
17,"[54, 26, 70]"
15,"[54, 26, 48]"
17,"[54, 50]"
13,"[54, 50, 17]"
12,"[54, 50, 0]"
14,"[54, 50, 29]"
14,"[54, 50, 6]"
17,"[54, 50, 70]"
15,"[54, 50, 48]"
12,"[54, 50, 54]"
19,"[54, 60]"
12,"[54, 60, 32]"
12,"[54, 60, 18]"
12,"[54, 60, 8]"
13,"[54, 60, 27]"
16,"[54, 60, 17]"
14,"[54, 60, 0]"
15,"[54, 60, 29]"
17,"[54, 60, 6]"
19,"[54, 60, 70]"
13,"[54, 60, 25]"
17,"[54, 60, 48]"
13,"[54, 60, 28]"
12,"[54, 60, 49]"
13,"[54, 60, 55]"
13,"[54, 60, 26]"
12,"[54, 60, 54]"
12,"[54, 60, 50]"
12,"[54, 36]"
12,"[54, 64]"
12,"[54, 64, 64]"
12,"[54, 64, 70]"
21,"[54, 32]"
17,"[54, 32, 18]"
18,"[54, 32, 8]"
19,"[54, 32, 27]"
18,"[54, 32, 17]"
16,"[54, 32, 0]"
20,"[54, 32, 29]"
16,"[54, 32, 6]"
15,"[54, 32, 10]"
21,"[54, 32, 70]"
17,"[54, 32, 69]"
13,"[54, 32, 12]"
14,"[54, 32, 56]"
16,"[54, 32, 25]"
16,"[54, 32, 48]"
17,"[54, 32, 28]"
12,"[54, 32, 35]"
14,"[54, 32, 54]"
13,"[54, 32, 33]"
15,"[54, 32, 32]"
12,"[54, 32, 4]"
12,"[54, 32, 20]"
12,"[54, 32, 34]"
19,"[54, 18]"
15,"[54, 18, 8]"
13,"[54, 18, 18]"
17,"[54, 18, 27]"
16,"[54, 18, 17]"
15,"[54, 18, 0]"
19,"[54, 18, 29]"
16,"[54, 18, 6]"
13,"[54, 18, 10]"
18,"[54, 18, 70]"
13,"[54, 18, 69]"
13,"[54, 18, 56]"
15,"[54, 18, 25]"
15,"[54, 18, 48]"
14,"[54, 18, 28]"
12,"[54, 18, 35]"
12,"[54, 18, 33]"
13,"[54, 18, 32]"
12,"[54, 18, 37]"
20,"[54, 8]"
13,"[54, 8, 8]"
17,"[54, 8, 18]"
19,"[54, 8, 27]"
18,"[54, 8, 17]"
17,"[54, 8, 0]"
20,"[54, 8, 29]"
17,"[54, 8, 6]"
15,"[54, 8, 10]"
19,"[54, 8, 70]"
16,"[54, 8, 69]"
15,"[54, 8, 56]"
16,"[54, 8, 25]"
15,"[54, 8, 48]"
17,"[54, 8, 28]"
12,"[54, 8, 35]"
12,"[54, 8, 54]"
14,"[54, 8, 33]"
15,"[54, 8, 32]"
12,"[54, 8, 4]"
12,"[54, 8, 20]"
12,"[54, 8, 34]"
23,"[54, 27]"
21,"[54, 27, 17]"
18,"[54, 27, 0]"
23,"[54, 27, 29]"
19,"[54, 27, 6]"
12,"[54, 27, 8]"
14,"[54, 27, 10]"
23,"[54, 27, 70]"
19,"[54, 27, 69]"
12,"[54, 27, 12]"
13,"[54, 27, 56]"
16,"[54, 27, 25]"
16,"[54, 27, 48]"
16,"[54, 27, 28]"
13,"[54, 27, 35]"
12,"[54, 27, 49]"
12,"[54, 27, 55]"
12,"[54, 27, 18]"
12,"[54, 27, 54]"
17,"[54, 27, 27]"
16,"[54, 27, 33]"
15,"[54, 27, 4]"
14,"[54, 27, 34]"
13,"[54, 27, 32]"
12,"[54, 27, 20]"
28,"[54, 17]"
19,"[54, 17, 0]"
25,"[54, 17, 29]"
22,"[54, 17, 6]"
14,"[54, 17, 8]"
13,"[54, 17, 10]"
26,"[54, 17, 70]"
19,"[54, 17, 69]"
12,"[54, 17, 12]"
13,"[54, 17, 56]"
17,"[54, 17, 25]"
19,"[54, 17, 48]"
16,"[54, 17, 28]"
19,"[54, 17, 17]"
13,"[54, 17, 49]"
14,"[54, 17, 55]"
12,"[54, 17, 18]"
18,"[54, 17, 27]"
16,"[54, 17, 33]"
17,"[54, 17, 4]"
14,"[54, 17, 54]"
14,"[54, 17, 34]"
14,"[54, 17, 32]"
13,"[54, 17, 20]"
24,"[54, 0]"
12,"[54, 0, 3]"
21,"[54, 0, 29]"
21,"[54, 0, 6]"
14,"[54, 0, 8]"
14,"[54, 0, 10]"
24,"[54, 0, 70]"
17,"[54, 0, 69]"
15,"[54, 0, 56]"
18,"[54, 0, 25]"
20,"[54, 0, 48]"
15,"[54, 0, 28]"
18,"[54, 0, 17]"
15,"[54, 0, 49]"
15,"[54, 0, 55]"
14,"[54, 0, 54]"
18,"[54, 0, 0]"
13,"[54, 0, 18]"
17,"[54, 0, 27]"
16,"[54, 0, 33]"
15,"[54, 0, 4]"
13,"[54, 0, 34]"
12,"[54, 0, 20]"
12,"[54, 0, 32]"
12,"[54, 3]"
28,"[54, 29]"
20,"[54, 29, 6]"
13,"[54, 29, 8]"
12,"[54, 29, 10]"
26,"[54, 29, 70]"
17,"[54, 29, 69]"
12,"[54, 29, 12]"
12,"[54, 29, 56]"
16,"[54, 29, 25]"
18,"[54, 29, 48]"
15,"[54, 29, 28]"
18,"[54, 29, 17]"
12,"[54, 29, 49]"
13,"[54, 29, 55]"
20,"[54, 29, 29]"
15,"[54, 29, 27]"
15,"[54, 29, 33]"
17,"[54, 29, 0]"
17,"[54, 29, 4]"
12,"[54, 29, 54]"
13,"[54, 29, 34]"
12,"[54, 29, 20]"
27,"[54, 6]"
12,"[54, 6, 8]"
12,"[54, 6, 10]"
26,"[54, 6, 70]"
16,"[54, 6, 69]"
15,"[54, 6, 25]"
19,"[54, 6, 48]"
12,"[54, 6, 28]"
19,"[54, 6, 17]"
15,"[54, 6, 49]"
17,"[54, 6, 55]"
15,"[54, 6, 6]"
15,"[54, 6, 54]"
18,"[54, 6, 0]"
22,"[54, 6, 29]"
15,"[54, 6, 27]"
12,"[54, 6, 33]"
16,"[54, 6, 4]"
19,"[54, 10]"
18,"[54, 10, 70]"
14,"[54, 10, 69]"
12,"[54, 10, 56]"
13,"[54, 10, 25]"
13,"[54, 10, 48]"
13,"[54, 10, 28]"
12,"[54, 10, 17]"
12,"[54, 10, 35]"
12,"[54, 10, 6]"
13,"[54, 10, 54]"
13,"[54, 10, 0]"
16,"[54, 10, 29]"
12,"[54, 10, 33]"
18,"[54, 12]"
16,"[54, 12, 70]"
12,"[54, 12, 42]"
12,"[54, 51]"
19,"[54, 56]"
13,"[54, 56, 25]"
15,"[54, 56, 48]"
12,"[54, 56, 28]"
18,"[54, 56, 70]"
12,"[54, 56, 6]"
13,"[54, 56, 69]"
13,"[54, 56, 54]"
12,"[54, 56, 0]"
14,"[54, 56, 29]"
13,"[54, 56, 33]"
14,"[54, 35]"
12,"[54, 35, 58]"
14,"[54, 35, 70]"
12,"[54, 35, 29]"
13,"[54, 58]"
13,"[54, 58, 70]"
21,"[54, 49]"
20,"[54, 49, 70]"
14,"[54, 49, 49]"
17,"[54, 49, 48]"
14,"[54, 49, 55]"
16,"[54, 49, 17]"
15,"[54, 49, 6]"
16,"[54, 49, 69]"
12,"[54, 49, 25]"
14,"[54, 49, 33]"
14,"[54, 49, 27]"
17,"[54, 49, 29]"
15,"[54, 49, 0]"
14,"[54, 49, 54]"
19,"[54, 55]"
14,"[54, 55, 17]"
13,"[54, 55, 6]"
14,"[54, 55, 70]"
13,"[54, 55, 0]"
14,"[54, 55, 29]"
13,"[54, 13]"
12,"[54, 13, 53]"
13,"[54, 13, 70]"
15,"[54, 53]"
14,"[54, 53, 70]"
23,"[54, 33]"
16,"[54, 33, 48]"
15,"[54, 33, 17]"
14,"[54, 33, 27]"
18,"[54, 33, 29]"
15,"[54, 33, 0]"
15,"[54, 33, 69]"
20,"[54, 33, 70]"
15,"[54, 33, 54]"
13,"[54, 33, 34]"
15,"[54, 33, 28]"
15,"[54, 33, 25]"
13,"[54, 33, 32]"
12,"[54, 33, 18]"
12,"[54, 33, 6]"
12,"[54, 33, 20]"
19,"[54, 4]"
18,"[54, 4, 70]"
14,"[54, 4, 48]"
12,"[54, 4, 10]"
12,"[54, 4, 17]"
18,"[54, 4, 29]"
13,"[54, 4, 0]"
14,"[54, 4, 6]"
13,"[54, 4, 4]"
20,"[54, 34]"
17,"[54, 34, 33]"
16,"[54, 34, 28]"
14,"[54, 34, 25]"
14,"[54, 34, 48]"
13,"[54, 34, 54]"
14,"[54, 34, 32]"
12,"[54, 34, 27]"
14,"[54, 34, 17]"
17,"[54, 34, 70]"
14,"[54, 34, 0]"
12,"[54, 34, 6]"
15,"[54, 34, 29]"
12,"[54, 34, 20]"
13,"[54, 34, 69]"
12,"[54, 34, 34]"
34,[25]
28,"[25, 28]"
23,"[25, 28, 48]"
12,"[25, 28, 62]"
16,"[25, 28, 20]"
14,"[25, 28, 37]"
25,"[25, 28, 70]"
12,"[25, 28, 26]"
12,"[25, 28, 50]"
16,"[25, 28, 32]"
14,"[25, 28, 18]"
14,"[25, 28, 8]"
18,"[25, 28, 27]"
19,"[25, 28, 17]"
18,"[25, 28, 0]"
24,"[25, 28, 29]"
18,"[25, 28, 6]"
15,"[25, 28, 10]"
21,"[25, 28, 69]"
16,"[25, 28, 12]"
14,"[25, 28, 56]"
22,"[25, 28, 25]"
16,"[25, 28, 28]"
13,"[25, 28, 35]"
15,"[25, 28, 49]"
15,"[25, 28, 55]"
15,"[25, 28, 4]"
23,"[25, 28, 54]"
13,"[25, 28, 53]"
13,"[25, 28, 42]"
16,"[25, 28, 33]"
15,"[25, 28, 34]"
30,"[25, 48]"
15,"[25, 48, 62]"
26,"[25, 48, 48]"
21,"[25, 48, 20]"
22,"[25, 48, 37]"
30,"[25, 48, 70]"
16,"[25, 48, 26]"
16,"[25, 48, 50]"
18,"[25, 48, 60]"
21,"[25, 48, 32]"
17,"[25, 48, 18]"
18,"[25, 48, 8]"
23,"[25, 48, 27]"
24,"[25, 48, 17]"
24,"[25, 48, 0]"
12,"[25, 48, 3]"
27,"[25, 48, 29]"
24,"[25, 48, 6]"
19,"[25, 48, 10]"
23,"[25, 48, 69]"
17,"[25, 48, 12]"
20,"[25, 48, 56]"
23,"[25, 48, 25]"
23,"[25, 48, 28]"
14,"[25, 48, 35]"
14,"[25, 48, 58]"
18,"[25, 48, 49]"
18,"[25, 48, 55]"
19,"[25, 48, 33]"
19,"[25, 48, 4]"
17,"[25, 48, 34]"
25,"[25, 48, 54]"
14,"[25, 48, 53]"
16,"[25, 48, 42]"
19,"[25, 62]"
15,"[25, 62, 48]"
12,"[25, 62, 37]"
18,"[25, 62, 70]"
13,"[25, 62, 32]"
12,"[25, 62, 8]"
12,"[25, 62, 27]"
13,"[25, 62, 17]"
14,"[25, 62, 0]"
17,"[25, 62, 29]"
14,"[25, 62, 6]"
12,"[25, 62, 10]"
12,"[25, 62, 69]"
12,"[25, 62, 28]"
13,"[25, 62, 49]"
14,"[25, 62, 54]"
25,"[25, 20]"
17,"[25, 20, 37]"
13,"[25, 20, 20]"
24,"[25, 20, 70]"
14,"[25, 20, 62]"
13,"[25, 20, 26]"
13,"[25, 20, 50]"
14,"[25, 20, 60]"
18,"[25, 20, 32]"
15,"[25, 20, 18]"
15,"[25, 20, 8]"
18,"[25, 20, 27]"
21,"[25, 20, 17]"
18,"[25, 20, 0]"
21,"[25, 20, 29]"
18,"[25, 20, 6]"
14,"[25, 20, 10]"
18,"[25, 20, 69]"
14,"[25, 20, 12]"
15,"[25, 20, 56]"
16,"[25, 20, 25]"
21,"[25, 20, 48]"
18,"[25, 20, 28]"
12,"[25, 20, 35]"
15,"[25, 20, 49]"
14,"[25, 20, 4]"
16,"[25, 20, 54]"
12,"[25, 20, 42]"
16,"[25, 20, 33]"
16,"[25, 20, 34]"
27,"[25, 37]"
15,"[25, 37, 20]"
26,"[25, 37, 70]"
13,"[25, 37, 62]"
14,"[25, 37, 26]"
19,"[25, 37, 60]"
17,"[25, 37, 32]"
15,"[25, 37, 18]"
15,"[25, 37, 8]"
20,"[25, 37, 27]"
22,"[25, 37, 17]"
21,"[25, 37, 0]"
23,"[25, 37, 29]"
22,"[25, 37, 6]"
14,"[25, 37, 10]"
17,"[25, 37, 69]"
12,"[25, 37, 12]"
14,"[25, 37, 56]"
18,"[25, 37, 25]"
23,"[25, 37, 48]"
18,"[25, 37, 28]"
12,"[25, 37, 35]"
16,"[25, 37, 49]"
17,"[25, 37, 55]"
18,"[25, 37, 4]"
19,"[25, 37, 54]"
17,"[25, 37, 33]"
15,"[25, 37, 34]"
34,"[25, 70]"
18,"[25, 70, 62]"
15,"[25, 70, 26]"
14,"[25, 70, 50]"
19,"[25, 70, 60]"
13,"[25, 70, 64]"
22,"[25, 70, 32]"
18,"[25, 70, 18]"
19,"[25, 70, 8]"
23,"[25, 70, 27]"
26,"[25, 70, 17]"
23,"[25, 70, 0]"
12,"[25, 70, 3]"
28,"[25, 70, 29]"
25,"[25, 70, 6]"
18,"[25, 70, 10]"
32,"[25, 70, 70]"
24,"[25, 70, 69]"
18,"[25, 70, 12]"
12,"[25, 70, 51]"
20,"[25, 70, 56]"
25,"[25, 70, 25]"
30,"[25, 70, 48]"
28,"[25, 70, 28]"
15,"[25, 70, 35]"
15,"[25, 70, 58]"
22,"[25, 70, 49]"
19,"[25, 70, 55]"
24,"[25, 70, 33]"
19,"[25, 70, 4]"
20,"[25, 70, 34]"
24,"[25, 70, 37]"
28,"[25, 70, 54]"
13,"[25, 70, 13]"
17,"[25, 70, 53]"
17,"[25, 70, 42]"
21,"[25, 70, 20]"
18,"[25, 26]"
15,"[25, 26, 50]"
13,"[25, 26, 32]"
12,"[25, 26, 18]"
14,"[25, 26, 27]"
15,"[25, 26, 17]"
16,"[25, 26, 0]"
16,"[25, 26, 29]"
16,"[25, 26, 6]"
13,"[25, 26, 10]"
18,"[25, 26, 70]"
12,"[25, 26, 69]"
12,"[25, 26, 56]"
12,"[25, 26, 25]"
17,"[25, 26, 48]"
12,"[25, 26, 28]"
12,"[25, 26, 37]"
13,"[25, 26, 4]"
12,"[25, 26, 54]"
18,"[25, 50]"
12,"[25, 50, 32]"
12,"[25, 50, 18]"
13,"[25, 50, 27]"
14,"[25, 50, 17]"
15,"[25, 50, 0]"
17,"[25, 50, 29]"
16,"[25, 50, 6]"
12,"[25, 50, 10]"
18,"[25, 50, 70]"
13,"[25, 50, 69]"
16,"[25, 50, 48]"
12,"[25, 50, 49]"
12,"[25, 50, 55]"
12,"[25, 50, 37]"
13,"[25, 50, 4]"
13,"[25, 50, 54]"
20,"[25, 60]"
15,"[25, 60, 32]"
13,"[25, 60, 18]"
14,"[25, 60, 8]"
16,"[25, 60, 27]"
18,"[25, 60, 17]"
16,"[25, 60, 0]"
18,"[25, 60, 29]"
18,"[25, 60, 6]"
13,"[25, 60, 10]"
20,"[25, 60, 70]"
14,"[25, 60, 69]"
13,"[25, 60, 56]"
14,"[25, 60, 25]"
18,"[25, 60, 48]"
15,"[25, 60, 28]"
12,"[25, 60, 35]"
13,"[25, 60, 55]"
15,"[25, 60, 4]"
15,"[25, 60, 54]"
12,"[25, 60, 20]"
13,"[25, 60, 33]"
12,"[25, 60, 34]"
12,"[25, 36]"
12,"[25, 36, 27]"
12,"[25, 36, 17]"
12,"[25, 36, 29]"
12,"[25, 36, 70]"
13,"[25, 64]"
13,"[25, 64, 64]"
12,"[25, 64, 29]"
13,"[25, 64, 70]"
23,"[25, 32]"
18,"[25, 32, 18]"
20,"[25, 32, 8]"
21,"[25, 32, 27]"
20,"[25, 32, 17]"
18,"[25, 32, 0]"
22,"[25, 32, 29]"
17,"[25, 32, 6]"
16,"[25, 32, 10]"
23,"[25, 32, 70]"
18,"[25, 32, 69]"
13,"[25, 32, 12]"
17,"[25, 32, 56]"
16,"[25, 32, 25]"
18,"[25, 32, 48]"
17,"[25, 32, 28]"
13,"[25, 32, 35]"
12,"[25, 32, 58]"
12,"[25, 32, 49]"
12,"[25, 32, 55]"
13,"[25, 32, 4]"
12,"[25, 32, 34]"
14,"[25, 32, 33]"
15,"[25, 32, 54]"
12,"[25, 32, 42]"
15,"[25, 32, 32]"
20,"[25, 18]"
16,"[25, 18, 8]"
12,"[25, 18, 18]"
19,"[25, 18, 27]"
18,"[25, 18, 17]"
17,"[25, 18, 0]"
20,"[25, 18, 29]"
17,"[25, 18, 6]"
15,"[25, 18, 10]"
18,"[25, 18, 70]"
14,"[25, 18, 69]"
15,"[25, 18, 56]"
14,"[25, 18, 25]"
16,"[25, 18, 48]"
14,"[25, 18, 28]"
13,"[25, 18, 35]"
12,"[25, 18, 58]"
13,"[25, 18, 4]"
13,"[25, 18, 33]"
12,"[25, 18, 37]"
12,"[25, 18, 54]"
12,"[25, 18, 32]"
20,"[25, 8]"
14,"[25, 8, 8]"
15,"[25, 8, 18]"
19,"[25, 8, 27]"
19,"[25, 8, 17]"
18,"[25, 8, 0]"
20,"[25, 8, 29]"
17,"[25, 8, 6]"
15,"[25, 8, 10]"
19,"[25, 8, 70]"
15,"[25, 8, 69]"
16,"[25, 8, 56]"
15,"[25, 8, 25]"
17,"[25, 8, 48]"
17,"[25, 8, 28]"
13,"[25, 8, 35]"
13,"[25, 8, 4]"
12,"[25, 8, 34]"
14,"[25, 8, 33]"
13,"[25, 8, 54]"
14,"[25, 8, 32]"
25,"[25, 27]"
24,"[25, 27, 17]"
20,"[25, 27, 0]"
25,"[25, 27, 29]"
20,"[25, 27, 6]"
15,"[25, 27, 10]"
23,"[25, 27, 70]"
19,"[25, 27, 69]"
12,"[25, 27, 12]"
15,"[25, 27, 56]"
15,"[25, 27, 25]"
17,"[25, 27, 48]"
17,"[25, 27, 28]"
15,"[25, 27, 35]"
12,"[25, 27, 58]"
12,"[25, 27, 49]"
13,"[25, 27, 55]"
16,"[25, 27, 4]"
17,"[25, 27, 27]"
14,"[25, 27, 34]"
17,"[25, 27, 33]"
12,"[25, 27, 37]"
14,"[25, 27, 54]"
12,"[25, 27, 32]"
27,"[25, 17]"
21,"[25, 17, 0]"
26,"[25, 17, 29]"
23,"[25, 17, 6]"
13,"[25, 17, 8]"
14,"[25, 17, 10]"
26,"[25, 17, 70]"
19,"[25, 17, 69]"
12,"[25, 17, 12]"
15,"[25, 17, 56]"
16,"[25, 17, 25]"
21,"[25, 17, 48]"
18,"[25, 17, 28]"
19,"[25, 17, 17]"
13,"[25, 17, 35]"
12,"[25, 17, 58]"
14,"[25, 17, 49]"
15,"[25, 17, 55]"
18,"[25, 17, 4]"
18,"[25, 17, 27]"
14,"[25, 17, 34]"
17,"[25, 17, 33]"
13,"[25, 17, 37]"
16,"[25, 17, 54]"
13,"[25, 17, 32]"
12,"[25, 17, 20]"
24,"[25, 0]"
13,"[25, 0, 3]"
20,"[25, 0, 29]"
22,"[25, 0, 6]"
13,"[25, 0, 8]"
14,"[25, 0, 10]"
24,"[25, 0, 70]"
16,"[25, 0, 69]"
16,"[25, 0, 56]"
17,"[25, 0, 25]"
22,"[25, 0, 48]"
17,"[25, 0, 28]"
17,"[25, 0, 17]"
12,"[25, 0, 58]"
15,"[25, 0, 49]"
17,"[25, 0, 55]"
16,"[25, 0, 4]"
16,"[25, 0, 27]"
13,"[25, 0, 34]"
16,"[25, 0, 33]"
13,"[25, 0, 37]"
19,"[25, 0, 0]"
16,"[25, 0, 54]"
13,"[25, 3]"
12,"[25, 1]"
30,"[25, 29]"
22,"[25, 29, 6]"
12,"[25, 29, 8]"
14,"[25, 29, 10]"
26,"[25, 29, 70]"
18,"[25, 29, 69]"
12,"[25, 29, 12]"
14,"[25, 29, 56]"
15,"[25, 29, 25]"
19,"[25, 29, 48]"
17,"[25, 29, 28]"
19,"[25, 29, 17]"
13,"[25, 29, 35]"
13,"[25, 29, 49]"
15,"[25, 29, 55]"
19,"[25, 29, 4]"
13,"[25, 29, 34]"
17,"[25, 29, 33]"
12,"[25, 29, 37]"
20,"[25, 29, 29]"
20,"[25, 29, 0]"
14,"[25, 29, 54]"
15,"[25, 29, 27]"
27,"[25, 6]"
13,"[25, 6, 10]"
26,"[25, 6, 70]"
16,"[25, 6, 69]"
13,"[25, 6, 56]"
15,"[25, 6, 25]"
21,"[25, 6, 48]"
14,"[25, 6, 28]"
19,"[25, 6, 17]"
12,"[25, 6, 35]"
12,"[25, 6, 58]"
16,"[25, 6, 49]"
18,"[25, 6, 55]"
15,"[25, 6, 6]"
17,"[25, 6, 4]"
15,"[25, 6, 27]"
22,"[25, 6, 29]"
14,"[25, 6, 33]"
19,"[25, 6, 0]"
17,"[25, 6, 54]"
20,"[25, 10]"
19,"[25, 10, 70]"
14,"[25, 10, 69]"
13,"[25, 10, 56]"
13,"[25, 10, 25]"
16,"[25, 10, 48]"
14,"[25, 10, 28]"
13,"[25, 10, 17]"
14,"[25, 10, 35]"
12,"[25, 10, 49]"
12,"[25, 10, 55]"
12,"[25, 10, 6]"
13,"[25, 10, 33]"
16,"[25, 10, 29]"
14,"[25, 10, 0]"
13,"[25, 10, 4]"
15,"[25, 10, 54]"
25,"[25, 69]"
17,"[25, 69, 12]"
12,"[25, 69, 51]"
16,"[25, 69, 56]"
15,"[25, 69, 62]"
19,"[25, 69, 25]"
20,"[25, 69, 48]"
20,"[25, 69, 28]"
20,"[25, 69, 17]"
25,"[25, 69, 70]"
12,"[25, 69, 35]"
12,"[25, 69, 58]"
17,"[25, 69, 49]"
13,"[25, 69, 55]"
17,"[25, 69, 6]"
22,"[25, 69, 69]"
18,"[25, 69, 32]"
14,"[25, 69, 18]"
16,"[25, 69, 8]"
20,"[25, 69, 27]"
17,"[25, 69, 0]"
13,"[25, 69, 4]"
21,"[25, 69, 29]"
14,"[25, 69, 10]"
17,"[25, 69, 34]"
20,"[25, 69, 33]"
17,"[25, 69, 37]"
13,"[25, 69, 60]"
20,"[25, 69, 54]"
14,"[25, 69, 13]"
18,"[25, 69, 53]"
17,"[25, 69, 42]"
15,"[25, 69, 20]"
18,"[25, 12]"
16,"[25, 12, 70]"
12,"[25, 12, 42]"
12,"[25, 51]"
21,"[25, 56]"
14,"[25, 56, 25]"
17,"[25, 56, 48]"
13,"[25, 56, 28]"
20,"[25, 56, 70]"
12,"[25, 56, 35]"
12,"[25, 56, 55]"
12,"[25, 56, 6]"
14,"[25, 56, 69]"
15,"[25, 56, 29]"
12,"[25, 56, 56]"
13,"[25, 56, 33]"
13,"[25, 56, 0]"
14,"[25, 56, 54]"
26,"[25, 25]"
22,"[25, 25, 48]"
19,"[25, 25, 28]"
19,"[25, 25, 17]"
23,"[25, 25, 70]"
13,"[25, 25, 35]"
12,"[25, 25, 58]"
14,"[25, 25, 49]"
14,"[25, 25, 55]"
18,"[25, 25, 6]"
19,"[25, 25, 69]"
17,"[25, 25, 32]"
13,"[25, 25, 18]"
13,"[25, 25, 8]"
18,"[25, 25, 27]"
18,"[25, 25, 0]"
15,"[25, 25, 4]"
16,"[25, 25, 56]"
21,"[25, 25, 29]"
15,"[25, 25, 10]"
13,"[25, 25, 34]"
16,"[25, 25, 33]"
18,"[25, 25, 25]"
12,"[25, 25, 26]"
17,"[25, 25, 37]"
13,"[25, 25, 60]"
22,"[25, 25, 54]"
13,"[25, 25, 53]"
13,"[25, 25, 12]"
13,"[25, 25, 42]"
14,"[25, 25, 20]"
18,"[25, 35]"
16,"[25, 35, 58]"
18,"[25, 35, 70]"
15,"[25, 35, 48]"
13,"[25, 35, 17]"
15,"[25, 35, 69]"
14,"[25, 35, 29]"
12,"[25, 35, 33]"
14,"[25, 35, 28]"
12,"[25, 35, 25]"
12,"[25, 35, 54]"
19,"[25, 58]"
13,"[25, 58, 49]"
19,"[25, 58, 70]"
17,"[25, 58, 48]"
12,"[25, 58, 55]"
14,"[25, 58, 17]"
13,"[25, 58, 6]"
14,"[25, 58, 69]"
12,"[25, 58, 33]"
14,"[25, 58, 28]"
13,"[25, 58, 25]"
15,"[25, 58, 29]"
13,"[25, 58, 54]"
12,"[25, 58, 27]"
22,"[25, 49]"
20,"[25, 49, 70]"
16,"[25, 49, 49]"
17,"[25, 49, 48]"
16,"[25, 49, 55]"
16,"[25, 49, 17]"
16,"[25, 49, 6]"
16,"[25, 49, 69]"
13,"[25, 49, 28]"
12,"[25, 49, 25]"
15,"[25, 49, 33]"
15,"[25, 49, 27]"
18,"[25, 49, 29]"
16,"[25, 49, 0]"
16,"[25, 49, 54]"
12,"[25, 49, 12]"
12,"[25, 49, 34]"
19,"[25, 55]"
12,"[25, 55, 17]"
13,"[25, 55, 6]"
14,"[25, 55, 70]"
13,"[25, 55, 0]"
14,"[25, 55, 29]"
24,"[25, 33]"
17,"[25, 33, 25]"
18,"[25, 33, 48]"
16,"[25, 33, 69]"
22,"[25, 33, 70]"
16,"[25, 33, 32]"
13,"[25, 33, 18]"
12,"[25, 33, 8]"
14,"[25, 33, 27]"
16,"[25, 33, 17]"
16,"[25, 33, 0]"
14,"[25, 33, 6]"
13,"[25, 33, 4]"
12,"[25, 33, 56]"
20,"[25, 33, 29]"
12,"[25, 33, 10]"
13,"[25, 33, 34]"
12,"[25, 33, 33]"
18,"[25, 33, 28]"
19,"[25, 33, 54]"
12,"[25, 33, 53]"
13,"[25, 33, 20]"
20,"[25, 4]"
12,"[25, 4, 56]"
13,"[25, 4, 17]"
12,"[25, 4, 27]"
18,"[25, 4, 29]"
14,"[25, 4, 4]"
14,"[25, 4, 10]"
19,"[25, 4, 70]"
16,"[25, 4, 48]"
14,"[25, 4, 0]"
14,"[25, 4, 6]"
13,"[25, 4, 55]"
12,"[25, 4, 54]"
20,"[25, 34]"
18,"[25, 34, 33]"
17,"[25, 34, 28]"
15,"[25, 34, 25]"
16,"[25, 34, 48]"
17,"[25, 34, 70]"
12,"[25, 34, 37]"
15,"[25, 34, 29]"
15,"[25, 34, 69]"
15,"[25, 34, 17]"
13,"[25, 34, 0]"
12,"[25, 34, 6]"
15,"[25, 34, 54]"
15,"[25, 34, 32]"
12,"[25, 34, 27]"
13,"[25, 34, 20]"
28,"[25, 54]"
21,"[25, 54, 69]"
13,"[25, 54, 53]"
28,"[25, 54, 70]"
16,"[25, 54, 12]"
15,"[25, 54, 42]"
19,"[25, 54, 25]"
20,"[25, 54, 0]"
17,"[25, 54, 56]"
25,"[25, 54, 54]"
18,"[25, 54, 37]"
14,"[25, 54, 60]"
13,"[25, 54, 26]"
15,"[25, 54, 55]"
22,"[25, 54, 48]"
22,"[25, 54, 6]"
13,"[25, 54, 62]"
18,"[25, 54, 32]"
19,"[25, 54, 27]"
15,"[25, 54, 18]"
16,"[25, 54, 10]"
16,"[25, 54, 8]"
22,"[25, 54, 17]"
24,"[25, 54, 29]"
17,"[25, 54, 49]"
19,"[25, 54, 28]"
21,"[25, 54, 33]"
18,"[25, 54, 20]"
13,"[25, 54, 50]"
18,"[25, 54, 4]"
17,"[25, 54, 34]"
14,"[25, 13]"
13,"[25, 13, 53]"
14,"[25, 13, 70]"
12,"[25, 13, 69]"
18,"[25, 53]"
17,"[25, 53, 70]"
14,"[25, 53, 69]"
13,"[25, 53, 54]"
12,"[25, 53, 33]"
17,"[25, 42]"
15,"[25, 42, 70]"
12,"[25, 42, 69]"
34,[48]
15,"[48, 62]"
13,"[48, 62, 48]"
14,"[48, 62, 70]"
12,"[48, 62, 0]"
14,"[48, 62, 29]"
12,"[48, 62, 6]"
12,"[48, 62, 54]"
28,"[48, 48]"
13,"[48, 48, 62]"
18,"[48, 48, 20]"
17,"[48, 48, 37]"
27,"[48, 48, 70]"
13,"[48, 48, 26]"
14,"[48, 48, 50]"
16,"[48, 48, 60]"
17,"[48, 48, 32]"
15,"[48, 48, 18]"
15,"[48, 48, 8]"
17,"[48, 48, 27]"
22,"[48, 48, 17]"
21,"[48, 48, 0]"
21,"[48, 48, 29]"
21,"[48, 48, 6]"
15,"[48, 48, 10]"
20,"[48, 48, 69]"
16,"[48, 48, 12]"
15,"[48, 48, 56]"
20,"[48, 48, 25]"
26,"[48, 48, 48]"
23,"[48, 48, 28]"
13,"[48, 48, 35]"
19,"[48, 48, 49]"
17,"[48, 48, 55]"
16,"[48, 48, 4]"
16,"[48, 48, 34]"
18,"[48, 48, 33]"
26,"[48, 48, 54]"
12,"[48, 48, 53]"
14,"[48, 48, 42]"
21,"[48, 20]"
15,"[48, 20, 37]"
12,"[48, 20, 20]"
21,"[48, 20, 70]"
12,"[48, 20, 62]"
12,"[48, 20, 26]"
12,"[48, 20, 50]"
14,"[48, 20, 60]"
15,"[48, 20, 32]"
13,"[48, 20, 18]"
13,"[48, 20, 8]"
15,"[48, 20, 27]"
18,"[48, 20, 17]"
17,"[48, 20, 0]"
18,"[48, 20, 29]"
15,"[48, 20, 6]"
14,"[48, 20, 10]"
16,"[48, 20, 69]"
14,"[48, 20, 12]"
15,"[48, 20, 56]"
15,"[48, 20, 25]"
19,"[48, 20, 48]"
17,"[48, 20, 28]"
13,"[48, 20, 49]"
13,"[48, 20, 4]"
15,"[48, 20, 54]"
15,"[48, 20, 33]"
15,"[48, 20, 34]"
24,"[48, 37]"
12,"[48, 37, 20]"
24,"[48, 37, 70]"
16,"[48, 37, 26]"
12,"[48, 37, 50]"
20,"[48, 37, 60]"
15,"[48, 37, 32]"
15,"[48, 37, 18]"
14,"[48, 37, 8]"
18,"[48, 37, 27]"
21,"[48, 37, 17]"
20,"[48, 37, 0]"
21,"[48, 37, 29]"
21,"[48, 37, 6]"
15,"[48, 37, 10]"
16,"[48, 37, 69]"
12,"[48, 37, 12]"
14,"[48, 37, 56]"
17,"[48, 37, 25]"
21,"[48, 37, 48]"
18,"[48, 37, 28]"
14,"[48, 37, 49]"
16,"[48, 37, 55]"
17,"[48, 37, 4]"
19,"[48, 37, 54]"
15,"[48, 37, 33]"
13,"[48, 37, 34]"
34,"[48, 70]"
14,"[48, 70, 62]"
17,"[48, 70, 26]"
16,"[48, 70, 50]"
20,"[48, 70, 60]"
20,"[48, 70, 32]"
17,"[48, 70, 18]"
18,"[48, 70, 8]"
22,"[48, 70, 27]"
26,"[48, 70, 17]"
23,"[48, 70, 0]"
28,"[48, 70, 29]"
27,"[48, 70, 6]"
18,"[48, 70, 10]"
30,"[48, 70, 70]"
25,"[48, 70, 69]"
17,"[48, 70, 12]"
18,"[48, 70, 56]"
24,"[48, 70, 25]"
28,"[48, 70, 48]"
26,"[48, 70, 28]"
13,"[48, 70, 35]"
12,"[48, 70, 58]"
20,"[48, 70, 49]"
21,"[48, 70, 55]"
20,"[48, 70, 33]"
20,"[48, 70, 4]"
18,"[48, 70, 34]"
22,"[48, 70, 37]"
29,"[48, 70, 54]"
14,"[48, 70, 53]"
17,"[48, 70, 42]"
19,"[48, 70, 20]"
18,"[48, 26]"
14,"[48, 26, 50]"
13,"[48, 26, 32]"
13,"[48, 26, 27]"
15,"[48, 26, 17]"
15,"[48, 26, 0]"
15,"[48, 26, 29]"
16,"[48, 26, 6]"
13,"[48, 26, 10]"
18,"[48, 26, 70]"
12,"[48, 26, 69]"
12,"[48, 26, 56]"
12,"[48, 26, 25]"
16,"[48, 26, 48]"
12,"[48, 26, 28]"
13,"[48, 26, 4]"
12,"[48, 26, 54]"
18,"[48, 50]"
14,"[48, 50, 17]"
13,"[48, 50, 0]"
15,"[48, 50, 29]"
15,"[48, 50, 6]"
18,"[48, 50, 70]"
12,"[48, 50, 69]"
16,"[48, 50, 48]"
12,"[48, 50, 55]"
12,"[48, 50, 4]"
13,"[48, 50, 54]"
21,"[48, 60]"
14,"[48, 60, 32]"
14,"[48, 60, 18]"
14,"[48, 60, 8]"
15,"[48, 60, 27]"
19,"[48, 60, 17]"
16,"[48, 60, 0]"
17,"[48, 60, 29]"
18,"[48, 60, 6]"
14,"[48, 60, 10]"
21,"[48, 60, 70]"
13,"[48, 60, 69]"
13,"[48, 60, 56]"
13,"[48, 60, 25]"
18,"[48, 60, 48]"
15,"[48, 60, 28]"
14,"[48, 60, 55]"
14,"[48, 60, 4]"
15,"[48, 60, 54]"
13,"[48, 60, 26]"
12,"[48, 60, 50]"
22,"[48, 32]"
17,"[48, 32, 18]"
18,"[48, 32, 8]"
20,"[48, 32, 27]"
19,"[48, 32, 17]"
18,"[48, 32, 0]"
21,"[48, 32, 29]"
17,"[48, 32, 6]"
16,"[48, 32, 10]"
21,"[48, 32, 70]"
17,"[48, 32, 69]"
13,"[48, 32, 12]"
16,"[48, 32, 56]"
16,"[48, 32, 25]"
16,"[48, 32, 48]"
16,"[48, 32, 28]"
12,"[48, 32, 35]"
14,"[48, 32, 4]"
12,"[48, 32, 33]"
15,"[48, 32, 54]"
12,"[48, 32, 42]"
14,"[48, 32, 32]"
18,"[48, 18]"
15,"[48, 18, 8]"
17,"[48, 18, 27]"
16,"[48, 18, 17]"
16,"[48, 18, 0]"
18,"[48, 18, 29]"
16,"[48, 18, 6]"
14,"[48, 18, 10]"
17,"[48, 18, 70]"
12,"[48, 18, 69]"
14,"[48, 18, 56]"
14,"[48, 18, 25]"
15,"[48, 18, 48]"
14,"[48, 18, 28]"
13,"[48, 18, 4]"
12,"[48, 18, 32]"
19,"[48, 8]"
13,"[48, 8, 8]"
14,"[48, 8, 18]"
18,"[48, 8, 27]"
17,"[48, 8, 17]"
17,"[48, 8, 0]"
19,"[48, 8, 29]"
17,"[48, 8, 6]"
16,"[48, 8, 10]"
18,"[48, 8, 70]"
14,"[48, 8, 69]"
15,"[48, 8, 56]"
15,"[48, 8, 25]"
16,"[48, 8, 48]"
16,"[48, 8, 28]"
12,"[48, 8, 35]"
14,"[48, 8, 4]"
12,"[48, 8, 33]"
12,"[48, 8, 54]"
14,"[48, 8, 32]"
24,"[48, 27]"
21,"[48, 27, 17]"
20,"[48, 27, 0]"
24,"[48, 27, 29]"
19,"[48, 27, 6]"
15,"[48, 27, 10]"
22,"[48, 27, 70]"
18,"[48, 27, 69]"
12,"[48, 27, 12]"
14,"[48, 27, 56]"
15,"[48, 27, 25]"
16,"[48, 27, 48]"
16,"[48, 27, 28]"
13,"[48, 27, 35]"
13,"[48, 27, 55]"
17,"[48, 27, 4]"
15,"[48, 27, 27]"
12,"[48, 27, 34]"
14,"[48, 27, 33]"
13,"[48, 27, 54]"
28,"[48, 17]"
21,"[48, 17, 0]"
26,"[48, 17, 29]"
24,"[48, 17, 6]"
15,"[48, 17, 10]"
26,"[48, 17, 70]"
18,"[48, 17, 69]"
12,"[48, 17, 12]"
14,"[48, 17, 56]"
16,"[48, 17, 25]"
20,"[48, 17, 48]"
18,"[48, 17, 28]"
17,"[48, 17, 17]"
12,"[48, 17, 35]"
12,"[48, 17, 49]"
16,"[48, 17, 55]"
19,"[48, 17, 4]"
17,"[48, 17, 27]"
12,"[48, 17, 34]"
14,"[48, 17, 33]"
17,"[48, 17, 54]"
25,"[48, 0]"
12,"[48, 0, 3]"
21,"[48, 0, 29]"
22,"[48, 0, 6]"
15,"[48, 0, 10]"
24,"[48, 0, 70]"
17,"[48, 0, 69]"
12,"[48, 0, 12]"
15,"[48, 0, 56]"
17,"[48, 0, 25]"
20,"[48, 0, 48]"
17,"[48, 0, 28]"
16,"[48, 0, 17]"
13,"[48, 0, 49]"
16,"[48, 0, 55]"
17,"[48, 0, 4]"
15,"[48, 0, 27]"
12,"[48, 0, 34]"
14,"[48, 0, 33]"
13,"[48, 0, 37]"
17,"[48, 0, 0]"
16,"[48, 0, 54]"
12,"[48, 3]"
29,"[48, 29]"
21,"[48, 29, 6]"
14,"[48, 29, 10]"
25,"[48, 29, 70]"
17,"[48, 29, 69]"
12,"[48, 29, 12]"
13,"[48, 29, 56]"
15,"[48, 29, 25]"
18,"[48, 29, 48]"
16,"[48, 29, 28]"
16,"[48, 29, 17]"
12,"[48, 29, 35]"
15,"[48, 29, 55]"
19,"[48, 29, 4]"
14,"[48, 29, 33]"
20,"[48, 29, 29]"
20,"[48, 29, 0]"
14,"[48, 29, 54]"
13,"[48, 29, 27]"
28,"[48, 6]"
14,"[48, 6, 10]"
26,"[48, 6, 70]"
15,"[48, 6, 69]"
12,"[48, 6, 12]"
12,"[48, 6, 56]"
15,"[48, 6, 25]"
20,"[48, 6, 48]"
15,"[48, 6, 28]"
19,"[48, 6, 17]"
14,"[48, 6, 49]"
19,"[48, 6, 55]"
15,"[48, 6, 6]"
18,"[48, 6, 4]"
14,"[48, 6, 27]"
22,"[48, 6, 29]"
13,"[48, 6, 33]"
17,"[48, 6, 0]"
18,"[48, 6, 54]"
20,"[48, 10]"
19,"[48, 10, 70]"
14,"[48, 10, 69]"
12,"[48, 10, 12]"
12,"[48, 10, 56]"
13,"[48, 10, 25]"
15,"[48, 10, 48]"
14,"[48, 10, 28]"
12,"[48, 10, 17]"
13,"[48, 10, 35]"
12,"[48, 10, 55]"
12,"[48, 10, 6]"
12,"[48, 10, 33]"
16,"[48, 10, 29]"
13,"[48, 10, 0]"
13,"[48, 10, 4]"
14,"[48, 10, 54]"
25,"[48, 69]"
17,"[48, 69, 12]"
15,"[48, 69, 56]"
12,"[48, 69, 62]"
19,"[48, 69, 25]"
20,"[48, 69, 48]"
20,"[48, 69, 28]"
20,"[48, 69, 17]"
25,"[48, 69, 70]"
16,"[48, 69, 49]"
14,"[48, 69, 55]"
17,"[48, 69, 6]"
21,"[48, 69, 69]"
16,"[48, 69, 32]"
14,"[48, 69, 18]"
14,"[48, 69, 8]"
19,"[48, 69, 27]"
17,"[48, 69, 0]"
13,"[48, 69, 4]"
20,"[48, 69, 29]"
14,"[48, 69, 10]"
15,"[48, 69, 34]"
17,"[48, 69, 33]"
12,"[48, 69, 26]"
16,"[48, 69, 37]"
15,"[48, 69, 60]"
20,"[48, 69, 54]"
12,"[48, 69, 13]"
15,"[48, 69, 53]"
18,"[48, 69, 42]"
13,"[48, 69, 20]"
18,"[48, 12]"
16,"[48, 12, 70]"
12,"[48, 12, 42]"
20,"[48, 56]"
13,"[48, 56, 25]"
16,"[48, 56, 48]"
12,"[48, 56, 28]"
19,"[48, 56, 70]"
12,"[48, 56, 55]"
13,"[48, 56, 69]"
14,"[48, 56, 29]"
12,"[48, 56, 33]"
12,"[48, 56, 0]"
13,"[48, 56, 54]"
26,"[48, 25]"
21,"[48, 25, 48]"
20,"[48, 25, 28]"
20,"[48, 25, 17]"
24,"[48, 25, 70]"
12,"[48, 25, 35]"
14,"[48, 25, 49]"
15,"[48, 25, 55]"
19,"[48, 25, 6]"
18,"[48, 25, 69]"
15,"[48, 25, 32]"
13,"[48, 25, 18]"
13,"[48, 25, 8]"
17,"[48, 25, 27]"
18,"[48, 25, 0]"
16,"[48, 25, 4]"
15,"[48, 25, 56]"
21,"[48, 25, 29]"
14,"[48, 25, 10]"
13,"[48, 25, 34]"
16,"[48, 25, 33]"
17,"[48, 25, 25]"
14,"[48, 25, 26]"
18,"[48, 25, 37]"
14,"[48, 25, 60]"
22,"[48, 25, 54]"
12,"[48, 25, 12]"
12,"[48, 25, 42]"
16,"[48, 25, 20]"
27,"[48, 28]"
21,"[48, 28, 17]"
26,"[48, 28, 70]"
15,"[48, 28, 49]"
21,"[48, 28, 48]"
18,"[48, 28, 55]"
18,"[48, 28, 6]"
17,"[48, 28, 69]"
19,"[48, 28, 25]"
12,"[48, 28, 26]"
13,"[48, 28, 37]"
12,"[48, 28, 60]"
13,"[48, 28, 28]"
20,"[48, 28, 29]"
17,"[48, 28, 0]"
15,"[48, 28, 4]"
25,"[48, 28, 54]"
13,"[48, 28, 12]"
12,"[48, 28, 42]"
13,"[48, 28, 10]"
15,"[48, 28, 27]"
15,"[48, 28, 33]"
13,"[48, 28, 34]"
12,"[48, 28, 32]"
12,"[48, 28, 18]"
12,"[48, 28, 8]"
13,"[48, 28, 20]"
14,"[48, 35]"
12,"[48, 35, 58]"
14,"[48, 35, 70]"
12,"[48, 35, 48]"
15,"[48, 58]"
15,"[48, 58, 70]"
14,"[48, 58, 48]"
12,"[48, 58, 55]"
12,"[48, 58, 28]"
12,"[48, 58, 54]"
20,"[48, 49]"
17,"[48, 49, 70]"
15,"[48, 49, 49]"
16,"[48, 49, 48]"
17,"[48, 49, 55]"
15,"[48, 49, 17]"
15,"[48, 49, 6]"
13,"[48, 49, 69]"
17,"[48, 49, 54]"
12,"[48, 49, 27]"
14,"[48, 49, 29]"
14,"[48, 49, 0]"
13,"[48, 49, 33]"
21,"[48, 55]"
14,"[48, 55, 17]"
13,"[48, 55, 6]"
15,"[48, 55, 70]"
13,"[48, 55, 0]"
14,"[48, 55, 29]"
20,"[48, 33]"
14,"[48, 33, 25]"
15,"[48, 33, 48]"
12,"[48, 33, 69]"
19,"[48, 33, 70]"
12,"[48, 33, 32]"
12,"[48, 33, 17]"
14,"[48, 33, 0]"
16,"[48, 33, 29]"
14,"[48, 33, 28]"
16,"[48, 33, 54]"
21,"[48, 4]"
13,"[48, 4, 17]"
12,"[48, 4, 27]"
19,"[48, 4, 29]"
14,"[48, 4, 4]"
14,"[48, 4, 10]"
20,"[48, 4, 70]"
12,"[48, 4, 28]"
12,"[48, 4, 25]"
16,"[48, 4, 48]"
12,"[48, 4, 69]"
14,"[48, 4, 0]"
15,"[48, 4, 6]"
13,"[48, 4, 55]"
12,"[48, 4, 54]"
18,"[48, 34]"
15,"[48, 34, 33]"
15,"[48, 34, 28]"
13,"[48, 34, 25]"
15,"[48, 34, 48]"
16,"[48, 34, 70]"
12,"[48, 34, 29]"
13,"[48, 34, 69]"
13,"[48, 34, 17]"
12,"[48, 34, 0]"
14,"[48, 34, 54]"
12,"[48, 34, 32]"
29,"[48, 54]"
19,"[48, 54, 69]"
28,"[48, 54, 70]"
15,"[48, 54, 12]"
14,"[48, 54, 42]"
18,"[48, 54, 25]"
20,"[48, 54, 0]"
15,"[48, 54, 56]"
23,"[48, 54, 54]"
16,"[48, 54, 37]"
16,"[48, 54, 60]"
14,"[48, 54, 26]"
17,"[48, 54, 55]"
22,"[48, 54, 48]"
23,"[48, 54, 6]"
16,"[48, 54, 20]"
14,"[48, 54, 50]"
18,"[48, 54, 28]"
19,"[48, 54, 4]"
16,"[48, 54, 49]"
15,"[48, 54, 10]"
18,"[48, 54, 27]"
23,"[48, 54, 17]"
23,"[48, 54, 29]"
17,"[48, 54, 33]"
14,"[48, 54, 34]"
16,"[48, 54, 32]"
14,"[48, 54, 18]"
15,"[48, 54, 8]"
12,"[48, 13]"
12,"[48, 13, 53]"
12,"[48, 13, 70]"
15,"[48, 53]"
15,"[48, 53, 70]"
12,"[48, 53, 69]"
12,"[48, 53, 54]"
18,"[48, 42]"
17,"[48, 42, 70]"
12,"[48, 42, 29]"
12,"[48, 42, 69]"
28,[20]
25,"[20, 37]"
16,"[20, 37, 20]"
25,"[20, 37, 70]"
13,"[20, 37, 62]"
15,"[20, 37, 26]"
13,"[20, 37, 50]"
20,"[20, 37, 60]"
12,"[20, 37, 36]"
18,"[20, 37, 32]"
17,"[20, 37, 18]"
16,"[20, 37, 8]"
21,"[20, 37, 27]"
22,"[20, 37, 17]"
19,"[20, 37, 0]"
23,"[20, 37, 29]"
20,"[20, 37, 6]"
17,"[20, 37, 10]"
17,"[20, 37, 69]"
13,"[20, 37, 12]"
15,"[20, 37, 56]"
19,"[20, 37, 25]"
20,"[20, 37, 48]"
21,"[20, 37, 28]"
13,"[20, 37, 35]"
12,"[20, 37, 58]"
16,"[20, 37, 49]"
14,"[20, 37, 55]"
17,"[20, 37, 4]"
18,"[20, 37, 54]"
12,"[20, 37, 42]"
18,"[20, 37, 33]"
16,"[20, 37, 34]"
13,"[20, 37, 37]"
19,"[20, 20]"
18,"[20, 20, 70]"
13,"[20, 20, 32]"
14,"[20, 20, 27]"
16,"[20, 20, 17]"
14,"[20, 20, 0]"
16,"[20, 20, 29]"
12,"[20, 20, 6]"
12,"[20, 20, 69]"
16,"[20, 20, 48]"
13,"[20, 20, 28]"
28,"[20, 70]"
15,"[20, 70, 62]"
12,"[20, 70, 26]"
14,"[20, 70, 60]"
18,"[20, 70, 32]"
15,"[20, 70, 18]"
16,"[20, 70, 8]"
18,"[20, 70, 27]"
21,"[20, 70, 17]"
18,"[20, 70, 0]"
24,"[20, 70, 29]"
19,"[20, 70, 6]"
14,"[20, 70, 10]"
26,"[20, 70, 70]"
21,"[20, 70, 69]"
16,"[20, 70, 12]"
13,"[20, 70, 56]"
22,"[20, 70, 25]"
24,"[20, 70, 48]"
23,"[20, 70, 28]"
12,"[20, 70, 35]"
12,"[20, 70, 58]"
18,"[20, 70, 49]"
15,"[20, 70, 55]"
15,"[20, 70, 4]"
23,"[20, 70, 54]"
15,"[20, 70, 42]"
13,"[20, 70, 53]"
21,"[20, 70, 33]"
19,"[20, 70, 34]"
18,"[20, 70, 37]"
16,"[20, 70, 20]"
16,"[20, 62]"
14,"[20, 62, 29]"
15,"[20, 62, 70]"
12,"[20, 62, 48]"
19,"[20, 26]"
16,"[20, 26, 50]"
15,"[20, 26, 32]"
13,"[20, 26, 18]"
13,"[20, 26, 8]"
16,"[20, 26, 27]"
16,"[20, 26, 17]"
16,"[20, 26, 0]"
18,"[20, 26, 29]"
16,"[20, 26, 6]"
15,"[20, 26, 10]"
19,"[20, 26, 70]"
14,"[20, 26, 69]"
12,"[20, 26, 56]"
13,"[20, 26, 25]"
16,"[20, 26, 48]"
15,"[20, 26, 28]"
14,"[20, 26, 4]"
13,"[20, 26, 54]"
13,"[20, 26, 33]"
13,"[20, 26, 37]"
19,"[20, 50]"
14,"[20, 50, 32]"
13,"[20, 50, 18]"
13,"[20, 50, 8]"
15,"[20, 50, 27]"
15,"[20, 50, 17]"
15,"[20, 50, 0]"
18,"[20, 50, 29]"
15,"[20, 50, 6]"
14,"[20, 50, 10]"
19,"[20, 50, 70]"
15,"[20, 50, 69]"
12,"[20, 50, 56]"
12,"[20, 50, 62]"
12,"[20, 50, 25]"
16,"[20, 50, 48]"
14,"[20, 50, 28]"
13,"[20, 50, 49]"
13,"[20, 50, 4]"
14,"[20, 50, 54]"
13,"[20, 50, 33]"
13,"[20, 50, 37]"
20,"[20, 60]"
16,"[20, 60, 32]"
14,"[20, 60, 18]"
15,"[20, 60, 8]"
17,"[20, 60, 27]"
18,"[20, 60, 17]"
16,"[20, 60, 0]"
19,"[20, 60, 29]"
18,"[20, 60, 6]"
14,"[20, 60, 10]"
20,"[20, 60, 70]"
13,"[20, 60, 69]"
13,"[20, 60, 56]"
14,"[20, 60, 25]"
17,"[20, 60, 48]"
17,"[20, 60, 28]"
12,"[20, 60, 35]"
12,"[20, 60, 49]"
12,"[20, 60, 55]"
13,"[20, 60, 26]"
13,"[20, 60, 50]"
13,"[20, 60, 20]"
15,"[20, 60, 4]"
14,"[20, 60, 54]"
13,"[20, 60, 33]"
12,"[20, 60, 34]"
13,"[20, 36]"
12,"[20, 36, 27]"
12,"[20, 36, 17]"
13,"[20, 36, 29]"
12,"[20, 36, 6]"
13,"[20, 36, 70]"
12,"[20, 36, 62]"
12,"[20, 36, 28]"
12,"[20, 36, 49]"
21,"[20, 32]"
18,"[20, 32, 18]"
19,"[20, 32, 8]"
19,"[20, 32, 27]"
19,"[20, 32, 17]"
17,"[20, 32, 0]"
20,"[20, 32, 29]"
16,"[20, 32, 6]"
16,"[20, 32, 10]"
21,"[20, 32, 70]"
16,"[20, 32, 69]"
13,"[20, 32, 12]"
15,"[20, 32, 56]"
15,"[20, 32, 25]"
16,"[20, 32, 48]"
17,"[20, 32, 28]"
12,"[20, 32, 35]"
14,"[20, 32, 54]"
16,"[20, 32, 32]"
13,"[20, 32, 4]"
13,"[20, 32, 33]"
13,"[20, 32, 37]"
13,"[20, 32, 20]"
12,"[20, 32, 42]"
13,"[20, 32, 34]"
20,"[20, 18]"
16,"[20, 18, 8]"
18,"[20, 18, 27]"
17,"[20, 18, 17]"
16,"[20, 18, 0]"
20,"[20, 18, 29]"
17,"[20, 18, 6]"
14,"[20, 18, 10]"
19,"[20, 18, 70]"
13,"[20, 18, 69]"
14,"[20, 18, 56]"
15,"[20, 18, 25]"
16,"[20, 18, 48]"
15,"[20, 18, 28]"
12,"[20, 18, 35]"
12,"[20, 18, 49]"
13,"[20, 18, 32]"
13,"[20, 18, 4]"
12,"[20, 18, 33]"
13,"[20, 18, 37]"
13,"[20, 18, 20]"
19,"[20, 8]"
14,"[20, 8, 8]"
14,"[20, 8, 18]"
18,"[20, 8, 27]"
17,"[20, 8, 17]"
16,"[20, 8, 0]"
19,"[20, 8, 29]"
16,"[20, 8, 6]"
16,"[20, 8, 10]"
18,"[20, 8, 70]"
14,"[20, 8, 69]"
15,"[20, 8, 56]"
15,"[20, 8, 25]"
15,"[20, 8, 48]"
16,"[20, 8, 28]"
12,"[20, 8, 54]"
15,"[20, 8, 32]"
13,"[20, 8, 4]"
13,"[20, 8, 33]"
12,"[20, 8, 20]"
12,"[20, 8, 34]"
23,"[20, 27]"
22,"[20, 27, 17]"
18,"[20, 27, 0]"
23,"[20, 27, 29]"
19,"[20, 27, 6]"
15,"[20, 27, 10]"
23,"[20, 27, 70]"
18,"[20, 27, 69]"
12,"[20, 27, 12]"
14,"[20, 27, 56]"
15,"[20, 27, 25]"
16,"[20, 27, 48]"
17,"[20, 27, 28]"
14,"[20, 27, 35]"
12,"[20, 27, 49]"
12,"[20, 27, 55]"
15,"[20, 27, 27]"
16,"[20, 27, 4]"
15,"[20, 27, 33]"
12,"[20, 27, 54]"
14,"[20, 27, 34]"
13,"[20, 27, 37]"
12,"[20, 27, 32]"
13,"[20, 27, 20]"
25,"[20, 17]"
19,"[20, 17, 0]"
24,"[20, 17, 29]"
22,"[20, 17, 6]"
12,"[20, 17, 8]"
15,"[20, 17, 10]"
25,"[20, 17, 70]"
18,"[20, 17, 69]"
12,"[20, 17, 12]"
14,"[20, 17, 56]"
16,"[20, 17, 25]"
19,"[20, 17, 48]"
18,"[20, 17, 28]"
16,"[20, 17, 17]"
13,"[20, 17, 35]"
13,"[20, 17, 49]"
13,"[20, 17, 55]"
18,"[20, 17, 4]"
15,"[20, 17, 33]"
15,"[20, 17, 54]"
14,"[20, 17, 34]"
16,"[20, 17, 27]"
14,"[20, 17, 37]"
13,"[20, 17, 32]"
14,"[20, 17, 20]"
22,"[20, 0]"
12,"[20, 0, 3]"
18,"[20, 0, 29]"
20,"[20, 0, 6]"
12,"[20, 0, 8]"
15,"[20, 0, 10]"
22,"[20, 0, 70]"
15,"[20, 0, 69]"
14,"[20, 0, 56]"
15,"[20, 0, 25]"
19,"[20, 0, 48]"
16,"[20, 0, 28]"
15,"[20, 0, 17]"
14,"[20, 0, 49]"
14,"[20, 0, 55]"
16,"[20, 0, 4]"
14,"[20, 0, 33]"
14,"[20, 0, 54]"
12,"[20, 0, 34]"
15,"[20, 0, 0]"
14,"[20, 0, 27]"
12,"[20, 0, 20]"
12,"[20, 0, 37]"
12,"[20, 3]"
27,"[20, 29]"
21,"[20, 29, 6]"
14,"[20, 29, 10]"
25,"[20, 29, 70]"
17,"[20, 29, 69]"
12,"[20, 29, 12]"
13,"[20, 29, 56]"
16,"[20, 29, 25]"
18,"[20, 29, 48]"
17,"[20, 29, 28]"
16,"[20, 29, 17]"
13,"[20, 29, 35]"
14,"[20, 29, 49]"
13,"[20, 29, 55]"
18,"[20, 29, 0]"
17,"[20, 29, 4]"
14,"[20, 29, 33]"
14,"[20, 29, 54]"
13,"[20, 29, 34]"
17,"[20, 29, 29]"
14,"[20, 29, 27]"
13,"[20, 29, 20]"
13,"[20, 29, 37]"
24,"[20, 6]"
14,"[20, 6, 10]"
23,"[20, 6, 70]"
15,"[20, 6, 69]"
12,"[20, 6, 56]"
14,"[20, 6, 25]"
18,"[20, 6, 48]"
13,"[20, 6, 28]"
16,"[20, 6, 17]"
15,"[20, 6, 49]"
14,"[20, 6, 55]"
13,"[20, 6, 6]"
16,"[20, 6, 4]"
12,"[20, 6, 33]"
15,"[20, 6, 54]"
19,"[20, 6, 29]"
13,"[20, 6, 27]"
15,"[20, 6, 0]"
21,"[20, 10]"
20,"[20, 10, 70]"
15,"[20, 10, 69]"
13,"[20, 10, 12]"
12,"[20, 10, 56]"
14,"[20, 10, 25]"
15,"[20, 10, 48]"
15,"[20, 10, 28]"
12,"[20, 10, 17]"
13,"[20, 10, 35]"
13,"[20, 10, 49]"
16,"[20, 10, 29]"
12,"[20, 10, 0]"
12,"[20, 10, 4]"
13,"[20, 10, 33]"
15,"[20, 10, 54]"
22,"[20, 69]"
15,"[20, 69, 12]"
13,"[20, 69, 56]"
12,"[20, 69, 62]"
16,"[20, 69, 25]"
17,"[20, 69, 48]"
16,"[20, 69, 28]"
16,"[20, 69, 17]"
22,"[20, 69, 70]"
14,"[20, 69, 49]"
14,"[20, 69, 6]"
19,"[20, 69, 69]"
17,"[20, 69, 54]"
13,"[20, 69, 10]"
15,"[20, 69, 27]"
18,"[20, 69, 29]"
14,"[20, 69, 0]"
15,"[20, 69, 42]"
14,"[20, 69, 53]"
17,"[20, 69, 33]"
15,"[20, 69, 34]"
14,"[20, 69, 37]"
13,"[20, 69, 32]"
16,"[20, 12]"
14,"[20, 12, 70]"
18,"[20, 56]"
15,"[20, 56, 48]"
12,"[20, 56, 28]"
17,"[20, 56, 70]"
12,"[20, 56, 69]"
12,"[20, 56, 54]"
12,"[20, 56, 29]"
12,"[20, 56, 33]"
23,"[20, 25]"
19,"[20, 25, 48]"
17,"[20, 25, 28]"
15,"[20, 25, 17]"
20,"[20, 25, 70]"
14,"[20, 25, 49]"
13,"[20, 25, 6]"
13,"[20, 25, 69]"
17,"[20, 25, 54]"
12,"[20, 25, 25]"
18,"[20, 25, 29]"
12,"[20, 25, 32]"
14,"[20, 25, 27]"
14,"[20, 25, 37]"
13,"[20, 25, 0]"
12,"[20, 25, 4]"
12,"[20, 25, 20]"
25,"[20, 48]"
20,"[20, 48, 28]"
19,"[20, 48, 17]"
24,"[20, 48, 70]"
15,"[20, 48, 49]"
18,"[20, 48, 48]"
14,"[20, 48, 55]"
19,"[20, 48, 6]"
18,"[20, 48, 69]"
21,"[20, 48, 54]"
14,"[20, 48, 10]"
17,"[20, 48, 27]"
22,"[20, 48, 29]"
17,"[20, 48, 0]"
16,"[20, 48, 4]"
13,"[20, 48, 12]"
12,"[20, 48, 42]"
14,"[20, 48, 33]"
13,"[20, 48, 34]"
14,"[20, 48, 25]"
13,"[20, 48, 37]"
15,"[20, 48, 32]"
12,"[20, 48, 18]"
13,"[20, 48, 8]"
25,"[20, 28]"
19,"[20, 28, 17]"
24,"[20, 28, 70]"
15,"[20, 28, 49]"
23,"[20, 28, 48]"
14,"[20, 28, 55]"
17,"[20, 28, 6]"
16,"[20, 28, 69]"
15,"[20, 28, 4]"
20,"[20, 28, 54]"
14,"[20, 28, 10]"
17,"[20, 28, 27]"
22,"[20, 28, 29]"
16,"[20, 28, 0]"
14,"[20, 28, 33]"
13,"[20, 28, 34]"
21,"[20, 28, 25]"
17,"[20, 28, 28]"
14,"[20, 28, 32]"
13,"[20, 28, 18]"
13,"[20, 28, 8]"
16,"[20, 28, 37]"
14,"[20, 28, 20]"
17,"[20, 35]"
14,"[20, 35, 58]"
12,"[20, 35, 49]"
17,"[20, 35, 70]"
13,"[20, 35, 48]"
12,"[20, 35, 17]"
13,"[20, 35, 69]"
12,"[20, 35, 29]"
13,"[20, 35, 28]"
15,"[20, 58]"
12,"[20, 58, 49]"
15,"[20, 58, 70]"
12,"[20, 58, 48]"
12,"[20, 58, 69]"
19,"[20, 49]"
17,"[20, 49, 70]"
14,"[20, 49, 49]"
14,"[20, 49, 48]"
15,"[20, 49, 55]"
13,"[20, 49, 17]"
14,"[20, 49, 6]"
13,"[20, 49, 69]"
14,"[20, 49, 54]"
12,"[20, 49, 27]"
15,"[20, 49, 29]"
13,"[20, 49, 0]"
12,"[20, 49, 33]"
15,"[20, 55]"
12,"[20, 55, 29]"
19,"[20, 4]"
18,"[20, 4, 70]"
15,"[20, 4, 48]"
14,"[20, 4, 10]"
16,"[20, 4, 29]"
12,"[20, 4, 0]"
13,"[20, 4, 6]"
12,"[20, 4, 4]"
23,"[20, 54]"
22,"[20, 54, 70]"
17,"[20, 54, 69]"
14,"[20, 54, 49]"
12,"[20, 54, 55]"
13,"[20, 54, 10]"
17,"[20, 54, 27]"
18,"[20, 54, 17]"
21,"[20, 54, 29]"
17,"[20, 54, 0]"
18,"[20, 54, 6]"
16,"[20, 54, 4]"
14,"[20, 54, 12]"
13,"[20, 54, 42]"
16,"[20, 54, 33]"
20,"[20, 54, 54]"
14,"[20, 54, 34]"
15,"[20, 54, 32]"
12,"[20, 54, 18]"
13,"[20, 54, 8]"
15,"[20, 54, 28]"
14,"[20, 54, 25]"
15,"[20, 54, 48]"
12,"[20, 54, 37]"
12,"[20, 54, 20]"
15,"[20, 42]"
13,"[20, 42, 70]"
12,"[20, 42, 69]"
14,"[20, 53]"
13,"[20, 53, 70]"
22,"[20, 33]"
17,"[20, 33, 54]"
20,"[20, 33, 70]"
16,"[20, 33, 28]"
17,"[20, 33, 25]"
17,"[20, 33, 48]"
16,"[20, 33, 29]"
12,"[20, 33, 32]"
13,"[20, 33, 0]"
12,"[20, 33, 4]"
13,"[20, 33, 20]"
13,"[20, 33, 69]"
20,"[20, 34]"
17,"[20, 34, 33]"
16,"[20, 34, 28]"
15,"[20, 34, 25]"
15,"[20, 34, 48]"
13,"[20, 34, 54]"
14,"[20, 34, 32]"
13,"[20, 34, 17]"
18,"[20, 34, 70]"
14,"[20, 34, 29]"
13,"[20, 34, 20]"
13,"[20, 34, 69]"
29,[37]
16,"[37, 20]"
15,"[37, 20, 70]"
12,"[37, 20, 32]"
13,"[37, 20, 27]"
14,"[37, 20, 17]"
12,"[37, 20, 0]"
14,"[37, 20, 29]"
14,"[37, 20, 48]"
29,"[37, 70]"
13,"[37, 70, 62]"
13,"[37, 70, 26]"
16,"[37, 70, 32]"
15,"[37, 70, 18]"
15,"[37, 70, 8]"
19,"[37, 70, 27]"
20,"[37, 70, 17]"
18,"[37, 70, 0]"
23,"[37, 70, 29]"
21,"[37, 70, 6]"
13,"[37, 70, 10]"
26,"[37, 70, 70]"
19,"[37, 70, 69]"
14,"[37, 70, 12]"
12,"[37, 70, 56]"
20,"[37, 70, 25]"
22,"[37, 70, 48]"
16,"[37, 70, 28]"
18,"[37, 70, 49]"
18,"[37, 70, 55]"
16,"[37, 70, 4]"
20,"[37, 70, 54]"
13,"[37, 70, 42]"
15,"[37, 70, 33]"
14,"[37, 70, 34]"
12,"[37, 70, 37]"
12,"[37, 70, 20]"
14,"[37, 62]"
12,"[37, 62, 29]"
13,"[37, 62, 70]"
18,"[37, 26]"
14,"[37, 26, 50]"
14,"[37, 26, 32]"
12,"[37, 26, 18]"
13,"[37, 26, 8]"
15,"[37, 26, 27]"
16,"[37, 26, 17]"
16,"[37, 26, 0]"
16,"[37, 26, 29]"
17,"[37, 26, 6]"
12,"[37, 26, 10]"
18,"[37, 26, 70]"
12,"[37, 26, 25]"
17,"[37, 26, 48]"
12,"[37, 26, 28]"
13,"[37, 26, 4]"
15,"[37, 50]"
12,"[37, 50, 27]"
13,"[37, 50, 17]"
13,"[37, 50, 0]"
14,"[37, 50, 29]"
15,"[37, 50, 6]"
15,"[37, 50, 70]"
15,"[37, 50, 48]"
24,"[37, 60]"
17,"[37, 60, 32]"
14,"[37, 60, 18]"
15,"[37, 60, 8]"
18,"[37, 60, 27]"
21,"[37, 60, 17]"
19,"[37, 60, 0]"
21,"[37, 60, 29]"
22,"[37, 60, 6]"
15,"[37, 60, 10]"
24,"[37, 60, 70]"
14,"[37, 60, 69]"
14,"[37, 60, 56]"
17,"[37, 60, 25]"
21,"[37, 60, 48]"
18,"[37, 60, 28]"
12,"[37, 60, 35]"
13,"[37, 60, 49]"
15,"[37, 60, 55]"
17,"[37, 60, 4]"
16,"[37, 60, 54]"
15,"[37, 60, 26]"
13,"[37, 60, 50]"
12,"[37, 60, 20]"
14,"[37, 60, 33]"
13,"[37, 60, 34]"
12,"[37, 36]"
12,"[37, 36, 29]"
12,"[37, 36, 70]"
12,"[37, 36, 28]"
19,"[37, 32]"
17,"[37, 32, 18]"
16,"[37, 32, 8]"
19,"[37, 32, 27]"
18,"[37, 32, 17]"
15,"[37, 32, 0]"
19,"[37, 32, 29]"
15,"[37, 32, 6]"
15,"[37, 32, 10]"
19,"[37, 32, 70]"
13,"[37, 32, 69]"
14,"[37, 32, 56]"
13,"[37, 32, 25]"
15,"[37, 32, 48]"
15,"[37, 32, 28]"
14,"[37, 32, 32]"
13,"[37, 32, 4]"
18,"[37, 18]"
15,"[37, 18, 8]"
12,"[37, 18, 18]"
16,"[37, 18, 27]"
15,"[37, 18, 17]"
15,"[37, 18, 0]"
18,"[37, 18, 29]"
15,"[37, 18, 6]"
13,"[37, 18, 10]"
17,"[37, 18, 70]"
13,"[37, 18, 56]"
14,"[37, 18, 25]"
15,"[37, 18, 48]"
13,"[37, 18, 28]"
13,"[37, 18, 32]"
12,"[37, 18, 4]"
17,"[37, 8]"
14,"[37, 8, 8]"
14,"[37, 8, 18]"
17,"[37, 8, 27]"
16,"[37, 8, 17]"
14,"[37, 8, 0]"
17,"[37, 8, 29]"
14,"[37, 8, 6]"
14,"[37, 8, 10]"
16,"[37, 8, 70]"
12,"[37, 8, 69]"
13,"[37, 8, 56]"
13,"[37, 8, 25]"
13,"[37, 8, 48]"
13,"[37, 8, 28]"
14,"[37, 8, 32]"
12,"[37, 8, 4]"
22,"[37, 27]"
20,"[37, 27, 17]"
18,"[37, 27, 0]"
22,"[37, 27, 29]"
18,"[37, 27, 6]"
15,"[37, 27, 10]"
22,"[37, 27, 70]"
16,"[37, 27, 69]"
14,"[37, 27, 56]"
14,"[37, 27, 25]"
16,"[37, 27, 48]"
15,"[37, 27, 28]"
12,"[37, 27, 55]"
16,"[37, 27, 27]"
16,"[37, 27, 4]"
14,"[37, 27, 33]"
13,"[37, 27, 34]"
12,"[37, 27, 32]"
25,"[37, 17]"
19,"[37, 17, 0]"
23,"[37, 17, 29]"
21,"[37, 17, 6]"
13,"[37, 17, 8]"
15,"[37, 17, 10]"
25,"[37, 17, 70]"
17,"[37, 17, 69]"
14,"[37, 17, 56]"
16,"[37, 17, 25]"
18,"[37, 17, 48]"
15,"[37, 17, 28]"
17,"[37, 17, 17]"
15,"[37, 17, 55]"
18,"[37, 17, 4]"
13,"[37, 17, 54]"
15,"[37, 17, 33]"
13,"[37, 17, 34]"
17,"[37, 17, 27]"
13,"[37, 17, 32]"
12,"[37, 17, 20]"
22,"[37, 0]"
17,"[37, 0, 29]"
18,"[37, 0, 6]"
12,"[37, 0, 8]"
14,"[37, 0, 10]"
21,"[37, 0, 70]"
14,"[37, 0, 69]"
13,"[37, 0, 56]"
13,"[37, 0, 25]"
17,"[37, 0, 48]"
12,"[37, 0, 28]"
16,"[37, 0, 17]"
12,"[37, 0, 49]"
15,"[37, 0, 55]"
16,"[37, 0, 4]"
12,"[37, 0, 54]"
12,"[37, 0, 33]"
14,"[37, 0, 0]"
15,"[37, 0, 27]"
25,"[37, 29]"
19,"[37, 29, 6]"
14,"[37, 29, 10]"
23,"[37, 29, 70]"
15,"[37, 29, 69]"
13,"[37, 29, 56]"
16,"[37, 29, 25]"
17,"[37, 29, 48]"
14,"[37, 29, 28]"
16,"[37, 29, 17]"
13,"[37, 29, 55]"
18,"[37, 29, 29]"
17,"[37, 29, 0]"
17,"[37, 29, 4]"
13,"[37, 29, 54]"
13,"[37, 29, 33]"
12,"[37, 29, 34]"
14,"[37, 29, 27]"
24,"[37, 6]"
13,"[37, 6, 10]"
23,"[37, 6, 70]"
13,"[37, 6, 69]"
12,"[37, 6, 25]"
17,"[37, 6, 48]"
15,"[37, 6, 17]"
12,"[37, 6, 49]"
17,"[37, 6, 55]"
13,"[37, 6, 6]"
16,"[37, 6, 4]"
13,"[37, 6, 54]"
15,"[37, 6, 0]"
17,"[37, 6, 29]"
14,"[37, 6, 27]"
18,"[37, 10]"
17,"[37, 10, 70]"
12,"[37, 10, 56]"
13,"[37, 10, 48]"
12,"[37, 10, 28]"
14,"[37, 10, 29]"
12,"[37, 10, 4]"
19,"[37, 69]"
13,"[37, 69, 12]"
12,"[37, 69, 25]"
12,"[37, 69, 48]"
15,"[37, 69, 17]"
17,"[37, 69, 70]"
12,"[37, 69, 6]"
16,"[37, 69, 69]"
17,"[37, 69, 29]"
12,"[37, 69, 0]"
13,"[37, 69, 42]"
14,"[37, 69, 27]"
12,"[37, 69, 33]"
14,"[37, 12]"
12,"[37, 12, 70]"
16,"[37, 56]"
14,"[37, 56, 48]"
15,"[37, 56, 70]"
22,"[37, 25]"
18,"[37, 25, 48]"
14,"[37, 25, 17]"
19,"[37, 25, 70]"
12,"[37, 25, 49]"
13,"[37, 25, 55]"
14,"[37, 25, 6]"
13,"[37, 25, 69]"
17,"[37, 25, 29]"
13,"[37, 25, 0]"
12,"[37, 25, 4]"
15,"[37, 25, 54]"
13,"[37, 25, 27]"
24,"[37, 48]"
13,"[37, 48, 28]"
18,"[37, 48, 17]"
22,"[37, 48, 70]"
13,"[37, 48, 49]"
18,"[37, 48, 48]"
16,"[37, 48, 55]"
19,"[37, 48, 6]"
16,"[37, 48, 69]"
13,"[37, 48, 25]"
19,"[37, 48, 29]"
16,"[37, 48, 0]"
15,"[37, 48, 4]"
19,"[37, 48, 54]"
16,"[37, 48, 27]"
12,"[37, 48, 33]"
12,"[37, 48, 32]"
23,"[37, 28]"
18,"[37, 28, 17]"
22,"[37, 28, 70]"
13,"[37, 28, 49]"
19,"[37, 28, 48]"
14,"[37, 28, 55]"
16,"[37, 28, 6]"
13,"[37, 28, 69]"
20,"[37, 28, 29]"
14,"[37, 28, 0]"
13,"[37, 28, 4]"
17,"[37, 28, 54]"
12,"[37, 28, 10]"
15,"[37, 28, 27]"
12,"[37, 28, 33]"
12,"[37, 28, 34]"
17,"[37, 28, 25]"
12,"[37, 28, 28]"
13,"[37, 28, 32]"
12,"[37, 28, 18]"
12,"[37, 28, 8]"
12,"[37, 28, 20]"
14,"[37, 35]"
14,"[37, 35, 70]"
12,"[37, 58]"
12,"[37, 58, 70]"
18,"[37, 49]"
16,"[37, 49, 70]"
14,"[37, 49, 49]"
14,"[37, 49, 48]"
15,"[37, 49, 55]"
13,"[37, 49, 17]"
13,"[37, 49, 6]"
12,"[37, 49, 69]"
13,"[37, 49, 54]"
13,"[37, 49, 29]"
18,"[37, 55]"
12,"[37, 55, 6]"
13,"[37, 55, 70]"
12,"[37, 55, 0]"
12,"[37, 55, 29]"
19,"[37, 4]"
12,"[37, 4, 4]"
17,"[37, 4, 70]"
13,"[37, 4, 6]"
13,"[37, 4, 48]"
13,"[37, 4, 10]"
15,"[37, 4, 29]"
22,"[37, 54]"
16,"[37, 54, 69]"
21,"[37, 54, 70]"
12,"[37, 54, 12]"
14,"[37, 54, 55]"
16,"[37, 54, 0]"
13,"[37, 54, 49]"
12,"[37, 54, 10]"
17,"[37, 54, 27]"
18,"[37, 54, 17]"
19,"[37, 54, 29]"
17,"[37, 54, 6]"
15,"[37, 54, 4]"
14,"[37, 54, 33]"
17,"[37, 54, 54]"
12,"[37, 54, 34]"
14,"[37, 54, 32]"
13,"[37, 54, 18]"
13,"[37, 54, 8]"
12,"[37, 54, 28]"
12,"[37, 54, 25]"
14,"[37, 54, 48]"
13,"[37, 42]"
19,"[37, 33]"
14,"[37, 33, 54]"
17,"[37, 33, 70]"
13,"[37, 33, 28]"
15,"[37, 33, 25]"
15,"[37, 33, 48]"
15,"[37, 33, 29]"
12,"[37, 33, 27]"
12,"[37, 33, 0]"
12,"[37, 33, 4]"
17,"[37, 34]"
14,"[37, 34, 33]"
13,"[37, 34, 28]"
13,"[37, 34, 25]"
13,"[37, 34, 48]"
13,"[37, 34, 32]"
12,"[37, 34, 27]"
13,"[37, 34, 17]"
15,"[37, 34, 70]"
13,"[37, 34, 29]"
14,"[37, 37]"
13,"[37, 37, 48]"
12,"[37, 37, 32]"
12,"[37, 37, 18]"
12,"[37, 37, 8]"
13,"[37, 37, 27]"
13,"[37, 37, 17]"
13,"[37, 37, 70]"
12,"[37, 37, 0]"
14,"[37, 37, 29]"
24,[26]
20,"[26, 50]"
13,"[26, 50, 32]"
12,"[26, 50, 18]"
12,"[26, 50, 8]"
14,"[26, 50, 27]"
16,"[26, 50, 17]"
16,"[26, 50, 0]"
17,"[26, 50, 29]"
18,"[26, 50, 6]"
13,"[26, 50, 10]"
20,"[26, 50, 70]"
15,"[26, 50, 69]"
12,"[26, 50, 62]"
12,"[26, 50, 25]"
17,"[26, 50, 48]"
14,"[26, 50, 28]"
12,"[26, 50, 49]"
13,"[26, 50, 55]"
13,"[26, 50, 37]"
14,"[26, 50, 4]"
13,"[26, 50, 54]"
12,"[26, 50, 33]"
13,"[26, 60]"
12,"[26, 60, 29]"
13,"[26, 60, 70]"
12,"[26, 60, 48]"
16,"[26, 32]"
13,"[26, 32, 18]"
13,"[26, 32, 8]"
15,"[26, 32, 27]"
14,"[26, 32, 17]"
13,"[26, 32, 0]"
15,"[26, 32, 29]"
13,"[26, 32, 6]"
16,"[26, 32, 70]"
12,"[26, 32, 69]"
13,"[26, 32, 48]"
12,"[26, 32, 28]"
14,"[26, 18]"
12,"[26, 18, 27]"
12,"[26, 18, 0]"
14,"[26, 18, 29]"
12,"[26, 18, 6]"
12,"[26, 18, 70]"
14,"[26, 8]"
13,"[26, 8, 27]"
12,"[26, 8, 17]"
14,"[26, 8, 29]"
13,"[26, 8, 70]"
17,"[26, 27]"
15,"[26, 27, 17]"
14,"[26, 27, 0]"
17,"[26, 27, 29]"
15,"[26, 27, 6]"
16,"[26, 27, 70]"
13,"[26, 27, 69]"
13,"[26, 27, 48]"
13,"[26, 27, 28]"
12,"[26, 27, 27]"
13,"[26, 27, 4]"
19,"[26, 17]"
16,"[26, 17, 0]"
17,"[26, 17, 29]"
17,"[26, 17, 6]"
12,"[26, 17, 8]"
19,"[26, 17, 70]"
14,"[26, 17, 69]"
12,"[26, 17, 25]"
14,"[26, 17, 48]"
13,"[26, 17, 28]"
12,"[26, 17, 17]"
12,"[26, 17, 55]"
14,"[26, 17, 4]"
12,"[26, 17, 33]"
14,"[26, 17, 27]"
20,"[26, 0]"
14,"[26, 0, 29]"
17,"[26, 0, 6]"
12,"[26, 0, 10]"
19,"[26, 0, 70]"
14,"[26, 0, 69]"
15,"[26, 0, 48]"
12,"[26, 0, 28]"
13,"[26, 0, 17]"
12,"[26, 0, 55]"
15,"[26, 0, 4]"
12,"[26, 0, 0]"
13,"[26, 0, 27]"
20,"[26, 29]"
16,"[26, 29, 6]"
16,"[26, 29, 70]"
13,"[26, 29, 69]"
12,"[26, 29, 25]"
12,"[26, 29, 48]"
12,"[26, 29, 28]"
13,"[26, 29, 29]"
15,"[26, 29, 0]"
14,"[26, 29, 4]"
21,"[26, 6]"
20,"[26, 6, 70]"
12,"[26, 6, 69]"
15,"[26, 6, 48]"
12,"[26, 6, 17]"
14,"[26, 6, 55]"
12,"[26, 6, 6]"
15,"[26, 6, 4]"
13,"[26, 6, 0]"
13,"[26, 6, 29]"
16,"[26, 10]"
16,"[26, 10, 70]"
12,"[26, 10, 69]"
12,"[26, 10, 48]"
12,"[26, 10, 29]"
24,"[26, 70]"
17,"[26, 70, 69]"
13,"[26, 70, 62]"
15,"[26, 70, 25]"
18,"[26, 70, 48]"
15,"[26, 70, 28]"
16,"[26, 70, 17]"
23,"[26, 70, 70]"
12,"[26, 70, 49]"
14,"[26, 70, 55]"
18,"[26, 70, 6]"
14,"[26, 70, 4]"
16,"[26, 70, 54]"
16,"[26, 70, 0]"
14,"[26, 70, 27]"
17,"[26, 70, 29]"
14,"[26, 70, 33]"
12,"[26, 70, 37]"
12,"[26, 70, 32]"
17,"[26, 69]"
12,"[26, 69, 17]"
15,"[26, 69, 70]"
12,"[26, 69, 6]"
14,"[26, 69, 69]"
14,"[26, 69, 29]"
13,"[26, 56]"
12,"[26, 56, 48]"
13,"[26, 56, 70]"
13,"[26, 62]"
12,"[26, 62, 70]"
16,"[26, 25]"
12,"[26, 25, 48]"
13,"[26, 25, 70]"
20,"[26, 48]"
13,"[26, 48, 17]"
17,"[26, 48, 70]"
12,"[26, 48, 48]"
12,"[26, 48, 55]"
14,"[26, 48, 6]"
13,"[26, 48, 29]"
13,"[26, 48, 0]"
12,"[26, 48, 54]"
17,"[26, 28]"
12,"[26, 28, 17]"
16,"[26, 28, 70]"
13,"[26, 28, 48]"
12,"[26, 28, 6]"
12,"[26, 28, 69]"
14,"[26, 28, 29]"
12,"[26, 28, 0]"
12,"[26, 28, 25]"
12,"[26, 49]"
14,"[26, 55]"
15,"[26, 37]"
14,"[26, 37, 48]"
13,"[26, 37, 29]"
14,"[26, 37, 70]"
17,"[26, 4]"
15,"[26, 4, 70]"
12,"[26, 4, 48]"
12,"[26, 4, 29]"
16,"[26, 54]"
14,"[26, 54, 70]"
12,"[26, 54, 29]"
12,"[26, 54, 54]"
14,"[26, 33]"
13,"[26, 33, 70]"
12,"[26, 34]"
24,[50]
13,"[50, 60]"
13,"[50, 60, 70]"
13,"[50, 60, 48]"
15,"[50, 32]"
13,"[50, 32, 18]"
14,"[50, 32, 8]"
14,"[50, 32, 27]"
14,"[50, 32, 17]"
13,"[50, 32, 0]"
14,"[50, 32, 29]"
12,"[50, 32, 6]"
15,"[50, 32, 70]"
12,"[50, 32, 69]"
13,"[50, 32, 48]"
14,"[50, 18]"
13,"[50, 18, 27]"
12,"[50, 18, 17]"
13,"[50, 18, 0]"
14,"[50, 18, 29]"
12,"[50, 18, 6]"
12,"[50, 18, 70]"
12,"[50, 18, 48]"
14,"[50, 8]"
13,"[50, 8, 27]"
13,"[50, 8, 17]"
12,"[50, 8, 0]"
14,"[50, 8, 29]"
13,"[50, 8, 70]"
12,"[50, 8, 48]"
16,"[50, 27]"
15,"[50, 27, 17]"
14,"[50, 27, 0]"
16,"[50, 27, 29]"
14,"[50, 27, 6]"
15,"[50, 27, 70]"
13,"[50, 27, 69]"
13,"[50, 27, 48]"
12,"[50, 27, 28]"
12,"[50, 27, 27]"
12,"[50, 27, 4]"
19,"[50, 17]"
16,"[50, 17, 0]"
16,"[50, 17, 29]"
16,"[50, 17, 6]"
18,"[50, 17, 70]"
14,"[50, 17, 69]"
14,"[50, 17, 48]"
12,"[50, 17, 28]"
12,"[50, 17, 17]"
13,"[50, 17, 55]"
13,"[50, 17, 4]"
12,"[50, 17, 33]"
13,"[50, 17, 27]"
18,"[50, 0]"
13,"[50, 0, 29]"
16,"[50, 0, 6]"
18,"[50, 0, 70]"
13,"[50, 0, 69]"
15,"[50, 0, 48]"
13,"[50, 0, 55]"
14,"[50, 0, 4]"
20,"[50, 29]"
15,"[50, 29, 6]"
16,"[50, 29, 70]"
13,"[50, 29, 69]"
12,"[50, 29, 48]"
13,"[50, 29, 29]"
15,"[50, 29, 0]"
14,"[50, 29, 4]"
19,"[50, 6]"
18,"[50, 6, 70]"
12,"[50, 6, 69]"
14,"[50, 6, 48]"
12,"[50, 6, 17]"
14,"[50, 6, 55]"
14,"[50, 6, 4]"
12,"[50, 6, 0]"
13,"[50, 6, 29]"
15,"[50, 10]"
15,"[50, 10, 70]"
12,"[50, 10, 69]"
12,"[50, 10, 48]"
12,"[50, 10, 29]"
24,"[50, 70]"
17,"[50, 70, 69]"
14,"[50, 70, 62]"
13,"[50, 70, 25]"
18,"[50, 70, 48]"
14,"[50, 70, 28]"
16,"[50, 70, 17]"
21,"[50, 70, 70]"
13,"[50, 70, 49]"
15,"[50, 70, 55]"
17,"[50, 70, 6]"
13,"[50, 70, 4]"
15,"[50, 70, 54]"
13,"[50, 70, 27]"
17,"[50, 70, 29]"
14,"[50, 70, 0]"
14,"[50, 70, 33]"
13,"[50, 70, 37]"
12,"[50, 70, 32]"
18,"[50, 69]"
13,"[50, 69, 17]"
16,"[50, 69, 70]"
12,"[50, 69, 6]"
15,"[50, 69, 69]"
15,"[50, 69, 29]"
12,"[50, 69, 0]"
12,"[50, 69, 54]"
12,"[50, 69, 27]"
12,"[50, 69, 33]"
13,"[50, 56]"
12,"[50, 56, 48]"
13,"[50, 56, 70]"
14,"[50, 62]"
13,"[50, 62, 70]"
14,"[50, 25]"
20,"[50, 48]"
13,"[50, 48, 28]"
15,"[50, 48, 17]"
18,"[50, 48, 70]"
13,"[50, 48, 48]"
13,"[50, 48, 55]"
13,"[50, 48, 6]"
12,"[50, 48, 69]"
14,"[50, 48, 29]"
12,"[50, 48, 0]"
13,"[50, 48, 54]"
17,"[50, 28]"
13,"[50, 28, 17]"
16,"[50, 28, 70]"
13,"[50, 28, 48]"
12,"[50, 28, 69]"
13,"[50, 28, 29]"
12,"[50, 28, 0]"
12,"[50, 28, 54]"
15,"[50, 49]"
13,"[50, 49, 70]"
12,"[50, 49, 55]"
15,"[50, 55]"
15,"[50, 37]"
14,"[50, 37, 48]"
12,"[50, 37, 25]"
14,"[50, 37, 29]"
14,"[50, 37, 70]"
16,"[50, 4]"
12,"[50, 4, 4]"
15,"[50, 4, 70]"
13,"[50, 4, 48]"
12,"[50, 4, 29]"
17,"[50, 54]"
16,"[50, 54, 70]"
13,"[50, 54, 29]"
13,"[50, 54, 54]"
14,"[50, 33]"
13,"[50, 33, 70]"
12,"[50, 34]"
26,[60]
17,"[60, 32]"
15,"[60, 32, 18]"
15,"[60, 32, 8]"
17,"[60, 32, 27]"
16,"[60, 32, 17]"
14,"[60, 32, 0]"
17,"[60, 32, 29]"
15,"[60, 32, 6]"
13,"[60, 32, 10]"
17,"[60, 32, 70]"
12,"[60, 32, 69]"
12,"[60, 32, 56]"
12,"[60, 32, 25]"
14,"[60, 32, 48]"
13,"[60, 32, 28]"
12,"[60, 32, 4]"
15,"[60, 18]"
14,"[60, 18, 8]"
14,"[60, 18, 27]"
14,"[60, 18, 17]"
13,"[60, 18, 0]"
15,"[60, 18, 29]"
14,"[60, 18, 6]"
12,"[60, 18, 10]"
15,"[60, 18, 70]"
12,"[60, 18, 56]"
12,"[60, 18, 25]"
13,"[60, 18, 48]"
12,"[60, 18, 28]"
16,"[60, 8]"
12,"[60, 8, 8]"
13,"[60, 8, 18]"
15,"[60, 8, 27]"
14,"[60, 8, 17]"
13,"[60, 8, 0]"
16,"[60, 8, 29]"
14,"[60, 8, 6]"
12,"[60, 8, 10]"
15,"[60, 8, 70]"
12,"[60, 8, 56]"
12,"[60, 8, 25]"
13,"[60, 8, 48]"
12,"[60, 8, 28]"
12,"[60, 8, 32]"
18,"[60, 27]"
16,"[60, 27, 17]"
14,"[60, 27, 0]"
18,"[60, 27, 29]"
17,"[60, 27, 6]"
12,"[60, 27, 10]"
18,"[60, 27, 70]"
13,"[60, 27, 69]"
12,"[60, 27, 56]"
12,"[60, 27, 25]"
14,"[60, 27, 48]"
13,"[60, 27, 28]"
12,"[60, 27, 55]"
12,"[60, 27, 27]"
14,"[60, 27, 4]"
22,"[60, 17]"
16,"[60, 17, 0]"
19,"[60, 17, 29]"
20,"[60, 17, 6]"
12,"[60, 17, 8]"
13,"[60, 17, 10]"
21,"[60, 17, 70]"
14,"[60, 17, 69]"
12,"[60, 17, 56]"
13,"[60, 17, 25]"
15,"[60, 17, 48]"
13,"[60, 17, 28]"
13,"[60, 17, 17]"
14,"[60, 17, 55]"
16,"[60, 17, 4]"
13,"[60, 17, 54]"
13,"[60, 17, 27]"
12,"[60, 17, 32]"
20,"[60, 0]"
15,"[60, 0, 29]"
17,"[60, 0, 6]"
13,"[60, 0, 8]"
12,"[60, 0, 10]"
19,"[60, 0, 70]"
13,"[60, 0, 69]"
14,"[60, 0, 48]"
14,"[60, 0, 17]"
14,"[60, 0, 55]"
14,"[60, 0, 4]"
12,"[60, 0, 54]"
12,"[60, 0, 0]"
12,"[60, 0, 27]"
21,"[60, 29]"
18,"[60, 29, 6]"
12,"[60, 29, 10]"
19,"[60, 29, 70]"
13,"[60, 29, 69]"
12,"[60, 29, 25]"
14,"[60, 29, 48]"
12,"[60, 29, 28]"
14,"[60, 29, 17]"
13,"[60, 29, 55]"
15,"[60, 29, 29]"
15,"[60, 29, 0]"
15,"[60, 29, 4]"
12,"[60, 29, 54]"
23,"[60, 6]"
12,"[60, 6, 10]"
22,"[60, 6, 70]"
13,"[60, 6, 69]"
15,"[60, 6, 48]"
15,"[60, 6, 17]"
16,"[60, 6, 55]"
12,"[60, 6, 6]"
15,"[60, 6, 4]"
13,"[60, 6, 54]"
14,"[60, 6, 0]"
16,"[60, 6, 29]"
12,"[60, 6, 27]"
15,"[60, 10]"
14,"[60, 10, 70]"
12,"[60, 10, 29]"
26,"[60, 70]"
16,"[60, 70, 69]"
12,"[60, 70, 12]"
12,"[60, 70, 62]"
15,"[60, 70, 25]"
19,"[60, 70, 48]"
14,"[60, 70, 28]"
17,"[60, 70, 17]"
22,"[60, 70, 70]"
13,"[60, 70, 49]"
17,"[60, 70, 55]"
19,"[60, 70, 6]"
13,"[60, 70, 4]"
17,"[60, 70, 54]"
14,"[60, 70, 0]"
13,"[60, 70, 27]"
18,"[60, 70, 29]"
13,"[60, 70, 32]"
12,"[60, 70, 8]"
16,"[60, 69]"
13,"[60, 69, 70]"
13,"[60, 69, 69]"
13,"[60, 69, 29]"
12,"[60, 12]"
14,"[60, 56]"
12,"[60, 56, 48]"
13,"[60, 56, 70]"
13,"[60, 62]"
12,"[60, 62, 70]"
17,"[60, 25]"
14,"[60, 25, 48]"
14,"[60, 25, 70]"
12,"[60, 25, 29]"
22,"[60, 48]"
13,"[60, 48, 28]"
15,"[60, 48, 17]"
20,"[60, 48, 70]"
14,"[60, 48, 48]"
14,"[60, 48, 55]"
14,"[60, 48, 6]"
12,"[60, 48, 69]"
15,"[60, 48, 29]"
15,"[60, 48, 54]"
20,"[60, 28]"
14,"[60, 28, 17]"
19,"[60, 28, 70]"
15,"[60, 28, 48]"
12,"[60, 28, 55]"
14,"[60, 28, 6]"
16,"[60, 28, 29]"
12,"[60, 28, 0]"
13,"[60, 28, 54]"
13,"[60, 28, 25]"
13,"[60, 35]"
13,"[60, 35, 70]"
12,"[60, 58]"
12,"[60, 58, 70]"
14,"[60, 49]"
12,"[60, 49, 55]"
17,"[60, 55]"
18,"[60, 4]"
12,"[60, 4, 4]"
17,"[60, 4, 70]"
14,"[60, 4, 6]"
12,"[60, 4, 55]"
12,"[60, 4, 69]"
12,"[60, 4, 48]"
13,"[60, 4, 10]"
15,"[60, 4, 29]"
12,"[60, 4, 0]"
18,"[60, 54]"
17,"[60, 54, 70]"
12,"[60, 54, 0]"
12,"[60, 54, 27]"
13,"[60, 54, 17]"
14,"[60, 54, 29]"
13,"[60, 54, 6]"
12,"[60, 54, 4]"
13,"[60, 54, 54]"
16,"[60, 26]"
16,"[60, 26, 70]"
14,"[60, 26, 48]"
16,"[60, 26, 6]"
14,"[60, 26, 0]"
13,"[60, 26, 50]"
12,"[60, 26, 4]"
12,"[60, 26, 27]"
13,"[60, 26, 17]"
13,"[60, 26, 29]"
16,"[60, 50]"
16,"[60, 50, 70]"
12,"[60, 50, 4]"
15,"[60, 50, 48]"
13,"[60, 50, 17]"
13,"[60, 50, 29]"
13,"[60, 50, 0]"
15,"[60, 50, 6]"
13,"[60, 20]"
12,"[60, 20, 70]"
14,"[60, 33]"
13,"[60, 33, 70]"
12,"[60, 33, 48]"
13,"[60, 34]"
12,"[60, 34, 70]"
14,[36]
12,"[36, 27]"
12,"[36, 27, 17]"
12,"[36, 27, 29]"
12,"[36, 27, 70]"
12,"[36, 17]"
12,"[36, 17, 70]"
12,"[36, 0]"
12,"[36, 0, 70]"
13,"[36, 29]"
12,"[36, 29, 6]"
12,"[36, 29, 70]"
13,"[36, 6]"
13,"[36, 6, 70]"
14,"[36, 70]"
12,"[36, 70, 62]"
14,"[36, 70, 70]"
12,"[36, 70, 49]"
13,"[36, 62]"
12,"[36, 62, 70]"
13,"[36, 28]"
12,"[36, 28, 70]"
12,"[36, 49]"
12,"[36, 49, 70]"
14,[64]
12,"[64, 18]"
12,"[64, 18, 29]"
12,"[64, 8]"
12,"[64, 8, 64]"
12,"[64, 8, 29]"
14,"[64, 64]"
13,"[64, 64, 0]"
13,"[64, 64, 64]"
12,"[64, 64, 29]"
12,"[64, 64, 6]"
14,"[64, 64, 70]"
12,"[64, 64, 25]"
12,"[64, 17]"
12,"[64, 17, 70]"
13,"[64, 0]"
13,"[64, 0, 70]"
13,"[64, 29]"
13,"[64, 29, 70]"
13,"[64, 29, 64]"
12,"[64, 6]"
12,"[64, 6, 70]"
13,"[64, 10]"
13,"[64, 10, 70]"
13,"[64, 10, 64]"
12,"[64, 10, 56]"
12,"[64, 10, 25]"
13,"[64, 10, 28]"
13,"[64, 10, 35]"
12,"[64, 10, 58]"
14,"[64, 70]"
13,"[64, 70, 64]"
13,"[64, 70, 62]"
12,"[64, 70, 25]"
13,"[64, 70, 28]"
14,"[64, 70, 70]"
12,"[64, 56]"
12,"[64, 56, 28]"
12,"[64, 56, 70]"
13,"[64, 62]"
12,"[64, 62, 28]"
13,"[64, 62, 70]"
12,"[64, 62, 64]"
12,"[64, 25]"
12,"[64, 25, 70]"
12,"[64, 25, 64]"
13,"[64, 28]"
13,"[64, 28, 70]"
12,"[64, 28, 64]"
13,"[64, 35]"
12,"[64, 35, 64]"
13,"[64, 35, 70]"
12,"[64, 35, 28]"
12,"[64, 58]"
12,"[64, 58, 64]"
12,"[64, 58, 70]"
35,[32]
33,"[32, 18]"
32,"[32, 18, 8]"
12,"[32, 18, 64]"
16,"[32, 18, 18]"
29,"[32, 18, 27]"
31,"[32, 18, 17]"
31,"[32, 18, 0]"
19,"[32, 18, 3]"
15,"[32, 18, 1]"
33,"[32, 18, 29]"
30,"[32, 18, 6]"
31,"[32, 18, 10]"
33,"[32, 18, 70]"
25,"[32, 18, 69]"
16,"[32, 18, 12]"
14,"[32, 18, 51]"
16,"[32, 18, 11]"
30,"[32, 18, 56]"
19,"[32, 18, 57]"
16,"[32, 18, 62]"
29,"[32, 18, 25]"
31,"[32, 18, 48]"
32,"[32, 18, 28]"
26,"[32, 18, 35]"
24,"[32, 18, 58]"
21,"[32, 18, 49]"
20,"[32, 18, 55]"
12,"[32, 18, 21]"
15,"[32, 18, 31]"
24,"[32, 18, 4]"
12,"[32, 18, 39]"
27,"[32, 18, 34]"
27,"[32, 18, 33]"
18,"[32, 18, 26]"
18,"[32, 18, 50]"
22,"[32, 18, 37]"
19,"[32, 18, 60]"
12,"[32, 18, 5]"
28,"[32, 18, 54]"
13,"[32, 18, 13]"
16,"[32, 18, 53]"
15,"[32, 18, 42]"
19,"[32, 18, 9]"
18,"[32, 18, 7]"
14,"[32, 18, 59]"
12,"[32, 18, 14]"
21,"[32, 18, 20]"
17,"[32, 18, 32]"
33,"[32, 8]"
12,"[32, 8, 64]"
20,"[32, 8, 8]"
17,"[32, 8, 18]"
30,"[32, 8, 27]"
31,"[32, 8, 17]"
31,"[32, 8, 0]"
18,"[32, 8, 3]"
14,"[32, 8, 1]"
33,"[32, 8, 29]"
30,"[32, 8, 6]"
30,"[32, 8, 10]"
32,"[32, 8, 70]"
26,"[32, 8, 69]"
16,"[32, 8, 12]"
14,"[32, 8, 51]"
16,"[32, 8, 11]"
29,"[32, 8, 56]"
19,"[32, 8, 57]"
15,"[32, 8, 62]"
28,"[32, 8, 25]"
30,"[32, 8, 48]"
31,"[32, 8, 28]"
26,"[32, 8, 35]"
23,"[32, 8, 58]"
20,"[32, 8, 49]"
19,"[32, 8, 55]"
24,"[32, 8, 4]"
12,"[32, 8, 39]"
26,"[32, 8, 34]"
26,"[32, 8, 33]"
18,"[32, 8, 26]"
16,"[32, 8, 50]"
21,"[32, 8, 37]"
19,"[32, 8, 60]"
26,"[32, 8, 54]"
14,"[32, 8, 13]"
16,"[32, 8, 53]"
14,"[32, 8, 42]"
19,"[32, 8, 9]"
18,"[32, 8, 7]"
13,"[32, 8, 59]"
12,"[32, 8, 14]"
20,"[32, 8, 20]"
17,"[32, 8, 32]"
12,"[32, 64]"
12,"[32, 64, 64]"
12,"[32, 64, 70]"
32,"[32, 27]"
30,"[32, 27, 17]"
28,"[32, 27, 0]"
18,"[32, 27, 3]"
15,"[32, 27, 1]"
32,"[32, 27, 29]"
28,"[32, 27, 6]"
15,"[32, 27, 8]"
28,"[32, 27, 10]"
31,"[32, 27, 70]"
25,"[32, 27, 69]"
16,"[32, 27, 12]"
14,"[32, 27, 51]"
14,"[32, 27, 11]"
26,"[32, 27, 56]"
17,"[32, 27, 57]"
13,"[32, 27, 62]"
26,"[32, 27, 25]"
28,"[32, 27, 48]"
29,"[32, 27, 28]"
24,"[32, 27, 35]"
22,"[32, 27, 58]"
20,"[32, 27, 49]"
18,"[32, 27, 55]"
23,"[32, 27, 4]"
23,"[32, 27, 27]"
24,"[32, 27, 34]"
24,"[32, 27, 33]"
16,"[32, 27, 26]"
15,"[32, 27, 50]"
19,"[32, 27, 37]"
17,"[32, 27, 60]"
24,"[32, 27, 54]"
14,"[32, 27, 13]"
15,"[32, 27, 53]"
15,"[32, 27, 42]"
17,"[32, 27, 7]"
13,"[32, 27, 59]"
12,"[32, 27, 18]"
12,"[32, 27, 14]"
19,"[32, 27, 20]"
15,"[32, 27, 32]"
33,"[32, 17]"
28,"[32, 17, 0]"
17,"[32, 17, 3]"
15,"[32, 17, 1]"
33,"[32, 17, 29]"
30,"[32, 17, 6]"
16,"[32, 17, 8]"
28,"[32, 17, 10]"
33,"[32, 17, 70]"
25,"[32, 17, 69]"
16,"[32, 17, 12]"
13,"[32, 17, 51]"
14,"[32, 17, 11]"
27,"[32, 17, 56]"
17,"[32, 17, 57]"
13,"[32, 17, 62]"
27,"[32, 17, 25]"
30,"[32, 17, 48]"
30,"[32, 17, 28]"
25,"[32, 17, 17]"
23,"[32, 17, 35]"
21,"[32, 17, 58]"
20,"[32, 17, 49]"
19,"[32, 17, 55]"
25,"[32, 17, 4]"
24,"[32, 17, 27]"
25,"[32, 17, 34]"
25,"[32, 17, 33]"
17,"[32, 17, 26]"
16,"[32, 17, 50]"
19,"[32, 17, 37]"
17,"[32, 17, 60]"
25,"[32, 17, 54]"
14,"[32, 17, 13]"
15,"[32, 17, 53]"
15,"[32, 17, 42]"
18,"[32, 17, 7]"
12,"[32, 17, 59]"
12,"[32, 17, 18]"
19,"[32, 17, 20]"
16,"[32, 17, 32]"
32,"[32, 0]"
19,"[32, 0, 3]"
15,"[32, 0, 1]"
27,"[32, 0, 29]"
30,"[32, 0, 6]"
16,"[32, 0, 8]"
29,"[32, 0, 10]"
32,"[32, 0, 70]"
23,"[32, 0, 69]"
15,"[32, 0, 12]"
12,"[32, 0, 51]"
16,"[32, 0, 11]"
27,"[32, 0, 56]"
19,"[32, 0, 57]"
15,"[32, 0, 62]"
28,"[32, 0, 25]"
30,"[32, 0, 48]"
30,"[32, 0, 28]"
25,"[32, 0, 17]"
24,"[32, 0, 35]"
21,"[32, 0, 58]"
21,"[32, 0, 49]"
20,"[32, 0, 55]"
25,"[32, 0, 4]"
21,"[32, 0, 27]"
25,"[32, 0, 34]"
25,"[32, 0, 33]"
18,"[32, 0, 26]"
15,"[32, 0, 50]"
20,"[32, 0, 37]"
18,"[32, 0, 60]"
21,"[32, 0, 0]"
12,"[32, 0, 5]"
25,"[32, 0, 54]"
13,"[32, 0, 13]"
15,"[32, 0, 53]"
13,"[32, 0, 42]"
19,"[32, 0, 7]"
12,"[32, 0, 59]"
12,"[32, 0, 18]"
20,"[32, 0, 20]"
13,"[32, 0, 32]"
19,"[32, 3]"
13,"[32, 3, 1]"
15,"[32, 3, 29]"
18,"[32, 3, 6]"
16,"[32, 3, 10]"
18,"[32, 3, 70]"
13,"[32, 3, 69]"
16,"[32, 3, 56]"
16,"[32, 3, 25]"
17,"[32, 3, 48]"
17,"[32, 3, 28]"
13,"[32, 3, 17]"
14,"[32, 3, 35]"
14,"[32, 3, 58]"
15,"[32, 3, 49]"
13,"[32, 3, 55]"
14,"[32, 3, 7]"
14,"[32, 3, 4]"
14,"[32, 3, 34]"
15,"[32, 3, 33]"
14,"[32, 3, 54]"
13,"[32, 3, 0]"
13,"[32, 3, 37]"
12,"[32, 3, 27]"
12,"[32, 3, 20]"
15,"[32, 1]"
13,"[32, 1, 6]"
14,"[32, 1, 70]"
35,"[32, 29]"
28,"[32, 29, 6]"
14,"[32, 29, 8]"
28,"[32, 29, 10]"
33,"[32, 29, 70]"
25,"[32, 29, 69]"
16,"[32, 29, 12]"
13,"[32, 29, 51]"
12,"[32, 29, 64]"
16,"[32, 29, 11]"
27,"[32, 29, 56]"
19,"[32, 29, 57]"
15,"[32, 29, 62]"
27,"[32, 29, 25]"
29,"[32, 29, 48]"
30,"[32, 29, 28]"
24,"[32, 29, 17]"
24,"[32, 29, 35]"
21,"[32, 29, 58]"
21,"[32, 29, 49]"
20,"[32, 29, 55]"
12,"[32, 29, 21]"
24,"[32, 29, 4]"
25,"[32, 29, 34]"
26,"[32, 29, 33]"
18,"[32, 29, 26]"
15,"[32, 29, 50]"
20,"[32, 29, 37]"
18,"[32, 29, 60]"
24,"[32, 29, 29]"
26,"[32, 29, 0]"
14,"[32, 29, 1]"
12,"[32, 29, 5]"
24,"[32, 29, 54]"
14,"[32, 29, 13]"
16,"[32, 29, 53]"
15,"[32, 29, 42]"
13,"[32, 29, 3]"
18,"[32, 29, 7]"
12,"[32, 29, 59]"
12,"[32, 29, 18]"
20,"[32, 29, 27]"
20,"[32, 29, 20]"
13,"[32, 29, 32]"
31,"[32, 6]"
15,"[32, 6, 8]"
26,"[32, 6, 10]"
31,"[32, 6, 70]"
22,"[32, 6, 69]"
14,"[32, 6, 12]"
16,"[32, 6, 11]"
24,"[32, 6, 56]"
17,"[32, 6, 57]"
13,"[32, 6, 62]"
25,"[32, 6, 25]"
27,"[32, 6, 48]"
27,"[32, 6, 28]"
25,"[32, 6, 17]"
22,"[32, 6, 35]"
21,"[32, 6, 58]"
21,"[32, 6, 49]"
20,"[32, 6, 55]"
25,"[32, 6, 6]"
23,"[32, 6, 4]"
20,"[32, 6, 27]"
25,"[32, 6, 29]"
22,"[32, 6, 34]"
23,"[32, 6, 33]"
16,"[32, 6, 26]"
14,"[32, 6, 50]"
19,"[32, 6, 37]"
18,"[32, 6, 60]"
20,"[32, 6, 0]"
12,"[32, 6, 5]"
23,"[32, 6, 54]"
14,"[32, 6, 53]"
13,"[32, 6, 42]"
19,"[32, 6, 7]"
12,"[32, 6, 59]"
12,"[32, 6, 18]"
18,"[32, 6, 20]"
13,"[32, 6, 32]"
33,"[32, 10]"
32,"[32, 10, 70]"
25,"[32, 10, 69]"
16,"[32, 10, 12]"
14,"[32, 10, 51]"
12,"[32, 10, 64]"
17,"[32, 10, 11]"
28,"[32, 10, 56]"
19,"[32, 10, 57]"
15,"[32, 10, 62]"
28,"[32, 10, 25]"
30,"[32, 10, 48]"
31,"[32, 10, 28]"
24,"[32, 10, 17]"
27,"[32, 10, 35]"
24,"[32, 10, 58]"
21,"[32, 10, 49]"
19,"[32, 10, 55]"
25,"[32, 10, 6]"
12,"[32, 10, 39]"
25,"[32, 10, 34]"
26,"[32, 10, 33]"
17,"[32, 10, 26]"
14,"[32, 10, 50]"
20,"[32, 10, 37]"
18,"[32, 10, 60]"
26,"[32, 10, 29]"
21,"[32, 10, 0]"
21,"[32, 10, 4]"
27,"[32, 10, 54]"
13,"[32, 10, 13]"
16,"[32, 10, 53]"
16,"[32, 10, 42]"
20,"[32, 10, 10]"
14,"[32, 10, 59]"
15,"[32, 10, 8]"
12,"[32, 10, 14]"
14,"[32, 10, 18]"
19,"[32, 10, 27]"
19,"[32, 10, 20]"
14,"[32, 10, 32]"
35,"[32, 70]"
26,"[32, 70, 69]"
17,"[32, 70, 12]"
12,"[32, 70, 51]"
12,"[32, 70, 64]"
20,"[32, 70, 56]"
13,"[32, 70, 57]"
16,"[32, 70, 62]"
31,"[32, 70, 25]"
32,"[32, 70, 48]"
33,"[32, 70, 28]"
26,"[32, 70, 17]"
33,"[32, 70, 70]"
20,"[32, 70, 35]"
20,"[32, 70, 58]"
21,"[32, 70, 49]"
20,"[32, 70, 55]"
28,"[32, 70, 6]"
28,"[32, 70, 34]"
28,"[32, 70, 33]"
19,"[32, 70, 26]"
17,"[32, 70, 50]"
25,"[32, 70, 37]"
22,"[32, 70, 60]"
28,"[32, 70, 29]"
24,"[32, 70, 0]"
20,"[32, 70, 4]"
30,"[32, 70, 54]"
12,"[32, 70, 13]"
15,"[32, 70, 53]"
19,"[32, 70, 42]"
16,"[32, 70, 18]"
18,"[32, 70, 8]"
21,"[32, 70, 27]"
23,"[32, 70, 20]"
21,"[32, 70, 10]"
17,"[32, 70, 32]"
29,"[32, 69]"
17,"[32, 69, 12]"
15,"[32, 69, 51]"
22,"[32, 69, 56]"
12,"[32, 69, 57]"
13,"[32, 69, 62]"
24,"[32, 69, 25]"
24,"[32, 69, 48]"
25,"[32, 69, 28]"
23,"[32, 69, 17]"
29,"[32, 69, 70]"
16,"[32, 69, 35]"
14,"[32, 69, 58]"
19,"[32, 69, 49]"
16,"[32, 69, 55]"
22,"[32, 69, 6]"
27,"[32, 69, 69]"
25,"[32, 69, 29]"
20,"[32, 69, 0]"
17,"[32, 69, 4]"
24,"[32, 69, 54]"
14,"[32, 69, 13]"
17,"[32, 69, 53]"
19,"[32, 69, 42]"
13,"[32, 69, 18]"
15,"[32, 69, 8]"
21,"[32, 69, 27]"
22,"[32, 69, 33]"
17,"[32, 69, 10]"
21,"[32, 69, 34]"
16,"[32, 69, 20]"
18,"[32, 69, 37]"
16,"[32, 69, 60]"
12,"[32, 69, 26]"
16,"[32, 69, 32]"
17,"[32, 12]"
15,"[32, 12, 70]"
13,"[32, 12, 42]"
16,"[32, 51]"
13,"[32, 51, 25]"
12,"[32, 51, 48]"
12,"[32, 51, 28]"
14,"[32, 51, 70]"
12,"[32, 51, 69]"
13,"[32, 51, 29]"
17,"[32, 11]"
16,"[32, 11, 56]"
12,"[32, 11, 57]"
14,"[32, 11, 25]"
16,"[32, 11, 48]"
15,"[32, 11, 28]"
17,"[32, 11, 70]"
16,"[32, 11, 35]"
15,"[32, 11, 58]"
15,"[32, 11, 49]"
14,"[32, 11, 55]"
14,"[32, 11, 6]"
12,"[32, 11, 69]"
12,"[32, 11, 34]"
13,"[32, 11, 33]"
14,"[32, 11, 54]"
12,"[32, 11, 0]"
12,"[32, 11, 29]"
32,"[32, 56]"
20,"[32, 56, 57]"
15,"[32, 56, 62]"
27,"[32, 56, 25]"
29,"[32, 56, 48]"
29,"[32, 56, 28]"
21,"[32, 56, 17]"
31,"[32, 56, 70]"
25,"[32, 56, 35]"
23,"[32, 56, 58]"
19,"[32, 56, 49]"
18,"[32, 56, 55]"
23,"[32, 56, 6]"
23,"[32, 56, 69]"
19,"[32, 56, 27]"
24,"[32, 56, 29]"
18,"[32, 56, 4]"
18,"[32, 56, 10]"
21,"[32, 56, 56]"
25,"[32, 56, 34]"
25,"[32, 56, 33]"
16,"[32, 56, 26]"
15,"[32, 56, 50]"
20,"[32, 56, 37]"
18,"[32, 56, 60]"
19,"[32, 56, 0]"
25,"[32, 56, 54]"
12,"[32, 56, 53]"
12,"[32, 56, 12]"
14,"[32, 56, 42]"
14,"[32, 56, 59]"
12,"[32, 56, 14]"
14,"[32, 56, 8]"
19,"[32, 56, 20]"
13,"[32, 56, 32]"
20,"[32, 57]"
16,"[32, 57, 25]"
18,"[32, 57, 48]"
19,"[32, 57, 28]"
15,"[32, 57, 17]"
20,"[32, 57, 70]"
17,"[32, 57, 35]"
16,"[32, 57, 58]"
16,"[32, 57, 49]"
13,"[32, 57, 55]"
15,"[32, 57, 6]"
15,"[32, 57, 69]"
16,"[32, 57, 54]"
13,"[32, 57, 0]"
15,"[32, 57, 29]"
15,"[32, 57, 33]"
15,"[32, 57, 34]"
12,"[32, 57, 20]"
16,"[32, 62]"
12,"[32, 62, 25]"
14,"[32, 62, 48]"
13,"[32, 62, 28]"
15,"[32, 62, 70]"
12,"[32, 62, 6]"
12,"[32, 62, 69]"
14,"[32, 62, 29]"
14,"[32, 62, 54]"
12,"[32, 62, 33]"
31,"[32, 25]"
25,"[32, 25, 48]"
21,"[32, 25, 28]"
20,"[32, 25, 17]"
27,"[32, 25, 70]"
12,"[32, 25, 62]"
16,"[32, 25, 49]"
15,"[32, 25, 55]"
20,"[32, 25, 6]"
20,"[32, 25, 69]"
12,"[32, 25, 26]"
19,"[32, 25, 37]"
12,"[32, 25, 60]"
18,"[32, 25, 25]"
24,"[32, 25, 29]"
18,"[32, 25, 0]"
17,"[32, 25, 4]"
23,"[32, 25, 54]"
12,"[32, 25, 53]"
13,"[32, 25, 12]"
14,"[32, 25, 42]"
12,"[32, 25, 56]"
19,"[32, 25, 33]"
17,"[32, 25, 27]"
17,"[32, 25, 20]"
13,"[32, 25, 10]"
15,"[32, 25, 34]"
13,"[32, 25, 32]"
32,"[32, 48]"
24,"[32, 48, 28]"
22,"[32, 48, 17]"
30,"[32, 48, 70]"
12,"[32, 48, 62]"
17,"[32, 48, 49]"
24,"[32, 48, 48]"
19,"[32, 48, 55]"
23,"[32, 48, 6]"
20,"[32, 48, 69]"
12,"[32, 48, 26]"
12,"[32, 48, 50]"
18,"[32, 48, 37]"
14,"[32, 48, 60]"
20,"[32, 48, 25]"
24,"[32, 48, 29]"
19,"[32, 48, 0]"
17,"[32, 48, 4]"
25,"[32, 48, 54]"
13,"[32, 48, 12]"
13,"[32, 48, 42]"
13,"[32, 48, 56]"
15,"[32, 48, 27]"
16,"[32, 48, 20]"
14,"[32, 48, 10]"
16,"[32, 48, 33]"
14,"[32, 48, 34]"
13,"[32, 48, 32]"
33,"[32, 28]"
25,"[32, 28, 17]"
32,"[32, 28, 70]"
13,"[32, 28, 35]"
12,"[32, 28, 58]"
12,"[32, 28, 62]"
17,"[32, 28, 49]"
28,"[32, 28, 48]"
18,"[32, 28, 55]"
23,"[32, 28, 6]"
21,"[32, 28, 69]"
28,"[32, 28, 25]"
16,"[32, 28, 26]"
14,"[32, 28, 50]"
21,"[32, 28, 37]"
17,"[32, 28, 60]"
23,"[32, 28, 28]"
26,"[32, 28, 29]"
21,"[32, 28, 0]"
19,"[32, 28, 4]"
28,"[32, 28, 54]"
14,"[32, 28, 53]"
15,"[32, 28, 12]"
15,"[32, 28, 42]"
14,"[32, 28, 56]"
21,"[32, 28, 33]"
18,"[32, 28, 27]"
19,"[32, 28, 20]"
17,"[32, 28, 10]"
18,"[32, 28, 34]"
16,"[32, 28, 32]"
12,"[32, 28, 18]"
14,"[32, 28, 8]"
28,"[32, 35]"
25,"[32, 35, 58]"
15,"[32, 35, 62]"
19,"[32, 35, 49]"
28,"[32, 35, 70]"
26,"[32, 35, 48]"
16,"[32, 35, 55]"
19,"[32, 35, 17]"
20,"[32, 35, 6]"
21,"[32, 35, 69]"
14,"[32, 35, 27]"
20,"[32, 35, 29]"
12,"[32, 35, 4]"
13,"[32, 35, 10]"
15,"[32, 35, 56]"
14,"[32, 35, 35]"
22,"[32, 35, 34]"
23,"[32, 35, 33]"
27,"[32, 35, 28]"
23,"[32, 35, 25]"
14,"[32, 35, 26]"
13,"[32, 35, 50]"
17,"[32, 35, 37]"
14,"[32, 35, 60]"
15,"[32, 35, 0]"
24,"[32, 35, 54]"
12,"[32, 35, 53]"
12,"[32, 35, 12]"
12,"[32, 35, 42]"
14,"[32, 35, 59]"
16,"[32, 35, 20]"
25,"[32, 58]"
12,"[32, 58, 62]"
19,"[32, 58, 49]"
25,"[32, 58, 70]"
23,"[32, 58, 48]"
16,"[32, 58, 55]"
18,"[32, 58, 17]"
19,"[32, 58, 6]"
19,"[32, 58, 69]"
15,"[32, 58, 35]"
16,"[32, 58, 58]"
20,"[32, 58, 34]"
20,"[32, 58, 33]"
24,"[32, 58, 28]"
20,"[32, 58, 25]"
12,"[32, 58, 26]"
12,"[32, 58, 50]"
15,"[32, 58, 37]"
13,"[32, 58, 60]"
19,"[32, 58, 29]"
15,"[32, 58, 0]"
22,"[32, 58, 54]"
14,"[32, 58, 59]"
13,"[32, 58, 56]"
13,"[32, 58, 27]"
14,"[32, 58, 20]"
12,"[32, 58, 10]"
21,"[32, 49]"
18,"[32, 49, 70]"
14,"[32, 49, 49]"
16,"[32, 49, 48]"
16,"[32, 49, 55]"
15,"[32, 49, 17]"
14,"[32, 49, 6]"
13,"[32, 49, 69]"
12,"[32, 49, 27]"
15,"[32, 49, 29]"
13,"[32, 49, 0]"
15,"[32, 49, 54]"
20,"[32, 55]"
13,"[32, 55, 17]"
12,"[32, 55, 6]"
14,"[32, 55, 70]"
12,"[32, 55, 0]"
13,"[32, 55, 29]"
12,"[32, 21]"
12,"[32, 21, 70]"
15,"[32, 31]"
13,"[32, 31, 8]"
13,"[32, 31, 27]"
13,"[32, 31, 17]"
15,"[32, 31, 0]"
14,"[32, 31, 6]"
14,"[32, 31, 4]"
13,"[32, 31, 56]"
12,"[32, 31, 35]"
15,"[32, 31, 29]"
13,"[32, 31, 10]"
15,"[32, 31, 70]"
13,"[32, 31, 34]"
13,"[32, 31, 33]"
14,"[32, 31, 28]"
12,"[32, 31, 25]"
14,"[32, 31, 48]"
12,"[32, 31, 69]"
13,"[32, 31, 54]"
12,"[32, 31, 49]"
26,"[32, 4]"
17,"[32, 4, 56]"
16,"[32, 4, 35]"
16,"[32, 4, 17]"
15,"[32, 4, 27]"
21,"[32, 4, 29]"
15,"[32, 4, 4]"
20,"[32, 4, 10]"
13,"[32, 4, 58]"
25,"[32, 4, 70]"
15,"[32, 4, 34]"
17,"[32, 4, 33]"
19,"[32, 4, 28]"
18,"[32, 4, 25]"
20,"[32, 4, 48]"
14,"[32, 4, 26]"
15,"[32, 4, 37]"
12,"[32, 4, 60]"
16,"[32, 4, 69]"
16,"[32, 4, 0]"
12,"[32, 4, 5]"
18,"[32, 4, 6]"
16,"[32, 4, 55]"
18,"[32, 4, 54]"
12,"[32, 4, 12]"
15,"[32, 4, 20]"
14,"[32, 4, 49]"
12,"[32, 39]"
12,"[32, 39, 70]"
12,"[32, 39, 48]"
28,"[32, 34]"
25,"[32, 34, 33]"
28,"[32, 34, 28]"
25,"[32, 34, 25]"
27,"[32, 34, 48]"
28,"[32, 34, 70]"
16,"[32, 34, 26]"
16,"[32, 34, 50]"
20,"[32, 34, 37]"
17,"[32, 34, 60]"
21,"[32, 34, 29]"
19,"[32, 34, 69]"
20,"[32, 34, 17]"
17,"[32, 34, 0]"
15,"[32, 34, 4]"
21,"[32, 34, 6]"
14,"[32, 34, 55]"
24,"[32, 34, 54]"
13,"[32, 34, 53]"
13,"[32, 34, 12]"
12,"[32, 34, 42]"
12,"[32, 34, 56]"
19,"[32, 34, 20]"
16,"[32, 34, 49]"
13,"[32, 34, 10]"
13,"[32, 34, 27]"
18,"[32, 34, 34]"
13,"[32, 34, 32]"
28,"[32, 33]"
25,"[32, 33, 28]"
25,"[32, 33, 25]"
26,"[32, 33, 48]"
27,"[32, 33, 70]"
12,"[32, 33, 62]"
13,"[32, 33, 26]"
14,"[32, 33, 50]"
19,"[32, 33, 37]"
14,"[32, 33, 60]"
23,"[32, 33, 29]"
19,"[32, 33, 69]"
20,"[32, 33, 17]"
20,"[32, 33, 0]"
17,"[32, 33, 4]"
20,"[32, 33, 6]"
13,"[32, 33, 55]"
24,"[32, 33, 54]"
13,"[32, 33, 53]"
14,"[32, 33, 12]"
14,"[32, 33, 42]"
13,"[32, 33, 56]"
16,"[32, 33, 27]"
20,"[32, 33, 20]"
12,"[32, 33, 35]"
14,"[32, 33, 49]"
14,"[32, 33, 10]"
17,"[32, 33, 33]"
17,"[32, 33, 34]"
14,"[32, 33, 32]"
12,"[32, 33, 8]"
19,"[32, 26]"
15,"[32, 26, 50]"
12,"[32, 26, 37]"
16,"[32, 26, 48]"
13,"[32, 26, 25]"
12,"[32, 26, 28]"
15,"[32, 26, 29]"
12,"[32, 26, 69]"
14,"[32, 26, 17]"
14,"[32, 26, 0]"
13,"[32, 26, 4]"
19,"[32, 26, 70]"
15,"[32, 26, 6]"
12,"[32, 26, 55]"
15,"[32, 26, 54]"
12,"[32, 26, 10]"
12,"[32, 26, 27]"
12,"[32, 26, 33]"
18,"[32, 50]"
15,"[32, 50, 48]"
15,"[32, 50, 29]"
12,"[32, 50, 69]"
13,"[32, 50, 17]"
12,"[32, 50, 0]"
18,"[32, 50, 70]"
13,"[32, 50, 6]"
12,"[32, 50, 55]"
15,"[32, 50, 54]"
12,"[32, 50, 49]"
25,"[32, 37]"
21,"[32, 37, 60]"
21,"[32, 37, 48]"
19,"[32, 37, 25]"
18,"[32, 37, 28]"
21,"[32, 37, 29]"
14,"[32, 37, 69]"
20,"[32, 37, 17]"
18,"[32, 37, 0]"
17,"[32, 37, 4]"
25,"[32, 37, 70]"
20,"[32, 37, 6]"
15,"[32, 37, 55]"
20,"[32, 37, 54]"
14,"[32, 37, 26]"
14,"[32, 37, 20]"
14,"[32, 37, 49]"
13,"[32, 37, 10]"
17,"[32, 37, 27]"
16,"[32, 37, 33]"
14,"[32, 37, 34]"
14,"[32, 37, 32]"
12,"[32, 37, 18]"
13,"[32, 37, 8]"
22,"[32, 60]"
18,"[32, 60, 48]"
14,"[32, 60, 25]"
15,"[32, 60, 28]"
17,"[32, 60, 29]"
17,"[32, 60, 17]"
15,"[32, 60, 0]"
15,"[32, 60, 4]"
22,"[32, 60, 70]"
18,"[32, 60, 6]"
14,"[32, 60, 55]"
16,"[32, 60, 54]"
12,"[32, 60, 26]"
13,"[32, 60, 27]"
12,"[32, 60, 33]"
12,"[32, 60, 32]"
12,"[32, 5]"
12,"[32, 5, 70]"
30,"[32, 54]"
18,"[32, 54, 69]"
30,"[32, 54, 70]"
14,"[32, 54, 12]"
13,"[32, 54, 42]"
18,"[32, 54, 25]"
18,"[32, 54, 0]"
13,"[32, 54, 56]"
24,"[32, 54, 54]"
16,"[32, 54, 37]"
14,"[32, 54, 60]"
13,"[32, 54, 26]"
16,"[32, 54, 55]"
22,"[32, 54, 48]"
21,"[32, 54, 6]"
21,"[32, 54, 17]"
23,"[32, 54, 29]"
12,"[32, 54, 8]"
16,"[32, 54, 27]"
17,"[32, 54, 49]"
19,"[32, 54, 28]"
19,"[32, 54, 33]"
17,"[32, 54, 20]"
16,"[32, 54, 4]"
13,"[32, 54, 10]"
16,"[32, 54, 34]"
14,"[32, 54, 32]"
14,"[32, 13]"
13,"[32, 13, 53]"
14,"[32, 13, 70]"
17,"[32, 53]"
16,"[32, 53, 70]"
12,"[32, 53, 33]"
14,"[32, 53, 54]"
12,"[32, 53, 34]"
12,"[32, 53, 28]"
19,"[32, 42]"
16,"[32, 42, 70]"
12,"[32, 42, 53]"
12,"[32, 42, 33]"
12,"[32, 42, 54]"
13,"[32, 42, 29]"
12,"[32, 42, 28]"
13,"[32, 42, 69]"
19,"[32, 9]"
17,"[32, 9, 27]"
18,"[32, 9, 17]"
19,"[32, 9, 29]"
19,"[32, 9, 0]"
13,"[32, 9, 3]"
19,"[32, 9, 6]"
15,"[32, 9, 7]"
14,"[32, 9, 4]"
18,"[32, 9, 10]"
14,"[32, 9, 11]"
18,"[32, 9, 56]"
17,"[32, 9, 35]"
16,"[32, 9, 58]"
19,"[32, 9, 70]"
16,"[32, 9, 34]"
16,"[32, 9, 33]"
19,"[32, 9, 28]"
16,"[32, 9, 25]"
18,"[32, 9, 48]"
16,"[32, 9, 54]"
13,"[32, 9, 37]"
12,"[32, 9, 55]"
14,"[32, 9, 69]"
13,"[32, 9, 57]"
15,"[32, 9, 49]"
12,"[32, 9, 20]"
19,"[32, 7]"
13,"[32, 7, 4]"
14,"[32, 7, 10]"
13,"[32, 7, 56]"
13,"[32, 7, 35]"
13,"[32, 7, 58]"
19,"[32, 7, 70]"
14,"[32, 7, 34]"
15,"[32, 7, 33]"
17,"[32, 7, 28]"
15,"[32, 7, 25]"
16,"[32, 7, 48]"
15,"[32, 7, 54]"
12,"[32, 7, 0]"
13,"[32, 7, 37]"
12,"[32, 7, 60]"
12,"[32, 7, 26]"
14,"[32, 7, 55]"
14,"[32, 7, 6]"
15,"[32, 7, 49]"
13,"[32, 7, 69]"
14,"[32, 7, 17]"
14,"[32, 7, 29]"
14,"[32, 59]"
14,"[32, 59, 70]"
13,"[32, 59, 28]"
12,"[32, 59, 48]"
12,"[32, 59, 49]"
13,"[32, 14]"
12,"[32, 14, 29]"
12,"[32, 14, 70]"
23,"[32, 20]"
17,"[32, 20, 37]"
14,"[32, 20, 60]"
13,"[32, 20, 26]"
12,"[32, 20, 20]"
17,"[32, 20, 28]"
22,"[32, 20, 70]"
13,"[32, 20, 4]"
14,"[32, 20, 69]"
13,"[32, 20, 49]"
19,"[32, 20, 48]"
16,"[32, 20, 54]"
12,"[32, 20, 10]"
13,"[32, 20, 27]"
16,"[32, 20, 17]"
19,"[32, 20, 29]"
15,"[32, 20, 0]"
15,"[32, 20, 6]"
16,"[32, 20, 33]"
15,"[32, 20, 34]"
13,"[32, 20, 32]"
16,"[32, 20, 25]"
19,"[32, 32]"
13,"[32, 32, 18]"
15,"[32, 32, 8]"
14,"[32, 32, 54]"
16,"[32, 32, 27]"
15,"[32, 32, 17]"
18,"[32, 32, 29]"
14,"[32, 32, 0]"
14,"[32, 32, 6]"
13,"[32, 32, 4]"
13,"[32, 32, 10]"
19,"[32, 32, 70]"
14,"[32, 32, 33]"
16,"[32, 32, 28]"
14,"[32, 32, 25]"
14,"[32, 32, 48]"
15,"[32, 32, 69]"
12,"[32, 32, 12]"
13,"[32, 32, 34]"
34,[18]
32,"[18, 8]"
12,"[18, 8, 64]"
19,"[18, 8, 8]"
15,"[18, 8, 18]"
29,"[18, 8, 27]"
31,"[18, 8, 17]"
31,"[18, 8, 0]"
18,"[18, 8, 3]"
14,"[18, 8, 1]"
32,"[18, 8, 29]"
29,"[18, 8, 6]"
29,"[18, 8, 10]"
31,"[18, 8, 70]"
25,"[18, 8, 69]"
15,"[18, 8, 12]"
13,"[18, 8, 51]"
15,"[18, 8, 11]"
29,"[18, 8, 56]"
18,"[18, 8, 57]"
15,"[18, 8, 62]"
27,"[18, 8, 25]"
30,"[18, 8, 48]"
30,"[18, 8, 28]"
25,"[18, 8, 35]"
23,"[18, 8, 58]"
20,"[18, 8, 49]"
19,"[18, 8, 55]"
23,"[18, 8, 4]"
12,"[18, 8, 39]"
26,"[18, 8, 34]"
26,"[18, 8, 33]"
17,"[18, 8, 26]"
16,"[18, 8, 50]"
21,"[18, 8, 37]"
18,"[18, 8, 60]"
26,"[18, 8, 54]"
13,"[18, 8, 13]"
15,"[18, 8, 53]"
13,"[18, 8, 42]"
19,"[18, 8, 9]"
17,"[18, 8, 7]"
13,"[18, 8, 59]"
12,"[18, 8, 14]"
20,"[18, 8, 20]"
16,"[18, 8, 32]"
13,"[18, 64]"
13,"[18, 64, 70]"
16,"[18, 18]"
14,"[18, 18, 27]"
13,"[18, 18, 17]"
14,"[18, 18, 0]"
16,"[18, 18, 29]"
12,"[18, 18, 6]"
14,"[18, 18, 8]"
12,"[18, 18, 10]"
15,"[18, 18, 70]"
12,"[18, 18, 69]"
12,"[18, 18, 56]"
14,"[18, 18, 25]"
15,"[18, 18, 48]"
13,"[18, 18, 28]"
13,"[18, 18, 33]"
12,"[18, 18, 4]"
30,"[18, 27]"
30,"[18, 27, 17]"
28,"[18, 27, 0]"
17,"[18, 27, 3]"
15,"[18, 27, 1]"
30,"[18, 27, 29]"
26,"[18, 27, 6]"
14,"[18, 27, 8]"
26,"[18, 27, 10]"
30,"[18, 27, 70]"
24,"[18, 27, 69]"
15,"[18, 27, 12]"
12,"[18, 27, 51]"
14,"[18, 27, 11]"
25,"[18, 27, 56]"
16,"[18, 27, 57]"
14,"[18, 27, 62]"
25,"[18, 27, 25]"
28,"[18, 27, 48]"
28,"[18, 27, 28]"
24,"[18, 27, 35]"
22,"[18, 27, 58]"
21,"[18, 27, 49]"
18,"[18, 27, 55]"
21,"[18, 27, 4]"
22,"[18, 27, 27]"
24,"[18, 27, 34]"
24,"[18, 27, 33]"
15,"[18, 27, 26]"
15,"[18, 27, 50]"
20,"[18, 27, 37]"
16,"[18, 27, 60]"
23,"[18, 27, 54]"
14,"[18, 27, 13]"
15,"[18, 27, 53]"
13,"[18, 27, 42]"
17,"[18, 27, 7]"
13,"[18, 27, 59]"
19,"[18, 27, 20]"
14,"[18, 27, 32]"
32,"[18, 17]"
28,"[18, 17, 0]"
17,"[18, 17, 3]"
15,"[18, 17, 1]"
31,"[18, 17, 29]"
29,"[18, 17, 6]"
15,"[18, 17, 8]"
27,"[18, 17, 10]"
32,"[18, 17, 70]"
24,"[18, 17, 69]"
15,"[18, 17, 12]"
12,"[18, 17, 51]"
14,"[18, 17, 11]"
27,"[18, 17, 56]"
17,"[18, 17, 57]"
14,"[18, 17, 62]"
26,"[18, 17, 25]"
30,"[18, 17, 48]"
29,"[18, 17, 28]"
25,"[18, 17, 17]"
24,"[18, 17, 35]"
22,"[18, 17, 58]"
21,"[18, 17, 49]"
19,"[18, 17, 55]"
23,"[18, 17, 4]"
22,"[18, 17, 27]"
25,"[18, 17, 34]"
25,"[18, 17, 33]"
16,"[18, 17, 26]"
16,"[18, 17, 50]"
20,"[18, 17, 37]"
16,"[18, 17, 60]"
25,"[18, 17, 54]"
14,"[18, 17, 13]"
15,"[18, 17, 53]"
13,"[18, 17, 42]"
18,"[18, 17, 7]"
13,"[18, 17, 59]"
19,"[18, 17, 20]"
14,"[18, 17, 32]"
31,"[18, 0]"
19,"[18, 0, 3]"
15,"[18, 0, 1]"
26,"[18, 0, 29]"
29,"[18, 0, 6]"
14,"[18, 0, 8]"
28,"[18, 0, 10]"
31,"[18, 0, 70]"
22,"[18, 0, 69]"
14,"[18, 0, 12]"
15,"[18, 0, 11]"
27,"[18, 0, 56]"
18,"[18, 0, 57]"
14,"[18, 0, 62]"
27,"[18, 0, 25]"
30,"[18, 0, 48]"
29,"[18, 0, 28]"
24,"[18, 0, 17]"
23,"[18, 0, 35]"
20,"[18, 0, 58]"
21,"[18, 0, 49]"
20,"[18, 0, 55]"
24,"[18, 0, 4]"
20,"[18, 0, 27]"
25,"[18, 0, 34]"
25,"[18, 0, 33]"
17,"[18, 0, 26]"
15,"[18, 0, 50]"
20,"[18, 0, 37]"
17,"[18, 0, 60]"
21,"[18, 0, 0]"
12,"[18, 0, 5]"
25,"[18, 0, 54]"
12,"[18, 0, 13]"
14,"[18, 0, 53]"
12,"[18, 0, 42]"
18,"[18, 0, 7]"
12,"[18, 0, 59]"
20,"[18, 0, 20]"
12,"[18, 0, 32]"
19,"[18, 3]"
13,"[18, 3, 1]"
14,"[18, 3, 29]"
18,"[18, 3, 6]"
15,"[18, 3, 10]"
17,"[18, 3, 70]"
12,"[18, 3, 69]"
15,"[18, 3, 56]"
15,"[18, 3, 25]"
16,"[18, 3, 48]"
16,"[18, 3, 28]"
12,"[18, 3, 17]"
13,"[18, 3, 35]"
13,"[18, 3, 58]"
14,"[18, 3, 49]"
12,"[18, 3, 55]"
14,"[18, 3, 7]"
14,"[18, 3, 4]"
13,"[18, 3, 34]"
14,"[18, 3, 33]"
13,"[18, 3, 54]"
12,"[18, 3, 0]"
12,"[18, 3, 37]"
15,"[18, 1]"
13,"[18, 1, 6]"
14,"[18, 1, 70]"
34,"[18, 29]"
28,"[18, 29, 6]"
13,"[18, 29, 8]"
28,"[18, 29, 10]"
33,"[18, 29, 70]"
23,"[18, 29, 69]"
14,"[18, 29, 12]"
12,"[18, 29, 51]"
12,"[18, 29, 64]"
15,"[18, 29, 11]"
27,"[18, 29, 56]"
18,"[18, 29, 57]"
15,"[18, 29, 62]"
27,"[18, 29, 25]"
29,"[18, 29, 48]"
30,"[18, 29, 28]"
24,"[18, 29, 17]"
24,"[18, 29, 35]"
21,"[18, 29, 58]"
21,"[18, 29, 49]"
19,"[18, 29, 55]"
24,"[18, 29, 4]"
25,"[18, 29, 34]"
26,"[18, 29, 33]"
17,"[18, 29, 26]"
15,"[18, 29, 50]"
20,"[18, 29, 37]"
16,"[18, 29, 60]"
22,"[18, 29, 29]"
26,"[18, 29, 0]"
14,"[18, 29, 1]"
23,"[18, 29, 54]"
14,"[18, 29, 13]"
16,"[18, 29, 53]"
12,"[18, 29, 42]"
13,"[18, 29, 3]"
19,"[18, 29, 7]"
13,"[18, 29, 59]"
19,"[18, 29, 27]"
19,"[18, 29, 20]"
31,"[18, 6]"
13,"[18, 6, 8]"
25,"[18, 6, 10]"
31,"[18, 6, 70]"
21,"[18, 6, 69]"
13,"[18, 6, 12]"
15,"[18, 6, 11]"
24,"[18, 6, 56]"
16,"[18, 6, 57]"
13,"[18, 6, 62]"
25,"[18, 6, 25]"
27,"[18, 6, 48]"
27,"[18, 6, 28]"
24,"[18, 6, 17]"
22,"[18, 6, 35]"
21,"[18, 6, 58]"
22,"[18, 6, 49]"
20,"[18, 6, 55]"
24,"[18, 6, 6]"
22,"[18, 6, 4]"
18,"[18, 6, 27]"
24,"[18, 6, 29]"
22,"[18, 6, 34]"
23,"[18, 6, 33]"
15,"[18, 6, 26]"
14,"[18, 6, 50]"
20,"[18, 6, 37]"
17,"[18, 6, 60]"
20,"[18, 6, 0]"
12,"[18, 6, 5]"
23,"[18, 6, 54]"
14,"[18, 6, 53]"
19,"[18, 6, 7]"
13,"[18, 6, 59]"
18,"[18, 6, 20]"
31,"[18, 10]"
30,"[18, 10, 70]"
22,"[18, 10, 69]"
13,"[18, 10, 12]"
13,"[18, 10, 51]"
16,"[18, 10, 11]"
28,"[18, 10, 56]"
18,"[18, 10, 57]"
14,"[18, 10, 62]"
26,"[18, 10, 25]"
29,"[18, 10, 48]"
29,"[18, 10, 28]"
21,"[18, 10, 17]"
25,"[18, 10, 35]"
22,"[18, 10, 58]"
20,"[18, 10, 49]"
18,"[18, 10, 55]"
23,"[18, 10, 6]"
12,"[18, 10, 39]"
24,"[18, 10, 34]"
25,"[18, 10, 33]"
15,"[18, 10, 26]"
14,"[18, 10, 50]"
18,"[18, 10, 37]"
15,"[18, 10, 60]"
22,"[18, 10, 29]"
20,"[18, 10, 0]"
19,"[18, 10, 4]"
24,"[18, 10, 54]"
12,"[18, 10, 13]"
14,"[18, 10, 53]"
12,"[18, 10, 42]"
18,"[18, 10, 10]"
14,"[18, 10, 59]"
13,"[18, 10, 8]"
17,"[18, 10, 27]"
17,"[18, 10, 20]"
34,"[18, 70]"
22,"[18, 70, 69]"
16,"[18, 70, 12]"
13,"[18, 70, 64]"
19,"[18, 70, 56]"
17,"[18, 70, 62]"
29,"[18, 70, 25]"
31,"[18, 70, 48]"
32,"[18, 70, 28]"
24,"[18, 70, 17]"
33,"[18, 70, 70]"
18,"[18, 70, 35]"
19,"[18, 70, 58]"
22,"[18, 70, 49]"
20,"[18, 70, 55]"
26,"[18, 70, 6]"
27,"[18, 70, 34]"
27,"[18, 70, 33]"
18,"[18, 70, 26]"
17,"[18, 70, 50]"
23,"[18, 70, 37]"
19,"[18, 70, 60]"
26,"[18, 70, 29]"
22,"[18, 70, 0]"
17,"[18, 70, 4]"
28,"[18, 70, 54]"
14,"[18, 70, 53]"
15,"[18, 70, 42]"
13,"[18, 70, 18]"
15,"[18, 70, 8]"
17,"[18, 70, 27]"
21,"[18, 70, 20]"
19,"[18, 70, 10]"
14,"[18, 70, 32]"
26,"[18, 69]"
16,"[18, 69, 12]"
13,"[18, 69, 51]"
20,"[18, 69, 56]"
12,"[18, 69, 62]"
20,"[18, 69, 25]"
22,"[18, 69, 48]"
22,"[18, 69, 28]"
21,"[18, 69, 17]"
26,"[18, 69, 70]"
14,"[18, 69, 35]"
13,"[18, 69, 58]"
19,"[18, 69, 49]"
15,"[18, 69, 55]"
19,"[18, 69, 6]"
24,"[18, 69, 69]"
21,"[18, 69, 29]"
18,"[18, 69, 0]"
14,"[18, 69, 4]"
21,"[18, 69, 54]"
14,"[18, 69, 13]"
17,"[18, 69, 53]"
15,"[18, 69, 42]"
13,"[18, 69, 8]"
17,"[18, 69, 27]"
20,"[18, 69, 33]"
15,"[18, 69, 10]"
20,"[18, 69, 34]"
14,"[18, 69, 20]"
16,"[18, 69, 37]"
13,"[18, 69, 60]"
13,"[18, 69, 32]"
16,"[18, 12]"
14,"[18, 12, 70]"
12,"[18, 12, 42]"
14,"[18, 51]"
12,"[18, 51, 25]"
12,"[18, 51, 48]"
13,"[18, 51, 70]"
16,"[18, 11]"
15,"[18, 11, 56]"
13,"[18, 11, 25]"
15,"[18, 11, 48]"
14,"[18, 11, 28]"
16,"[18, 11, 70]"
15,"[18, 11, 35]"
14,"[18, 11, 58]"
14,"[18, 11, 49]"
13,"[18, 11, 55]"
13,"[18, 11, 6]"
12,"[18, 11, 33]"
13,"[18, 11, 54]"
30,"[18, 56]"
19,"[18, 56, 57]"
14,"[18, 56, 62]"
25,"[18, 56, 25]"
28,"[18, 56, 48]"
28,"[18, 56, 28]"
19,"[18, 56, 17]"
29,"[18, 56, 70]"
24,"[18, 56, 35]"
21,"[18, 56, 58]"
18,"[18, 56, 49]"
17,"[18, 56, 55]"
22,"[18, 56, 6]"
20,"[18, 56, 69]"
17,"[18, 56, 27]"
21,"[18, 56, 29]"
17,"[18, 56, 4]"
16,"[18, 56, 10]"
20,"[18, 56, 56]"
24,"[18, 56, 34]"
24,"[18, 56, 33]"
15,"[18, 56, 26]"
15,"[18, 56, 50]"
18,"[18, 56, 37]"
16,"[18, 56, 60]"
19,"[18, 56, 0]"
23,"[18, 56, 54]"
12,"[18, 56, 53]"
14,"[18, 56, 59]"
13,"[18, 56, 8]"
17,"[18, 56, 20]"
19,"[18, 57]"
15,"[18, 57, 25]"
17,"[18, 57, 48]"
18,"[18, 57, 28]"
14,"[18, 57, 17]"
19,"[18, 57, 70]"
17,"[18, 57, 35]"
15,"[18, 57, 58]"
15,"[18, 57, 49]"
12,"[18, 57, 55]"
14,"[18, 57, 6]"
14,"[18, 57, 69]"
15,"[18, 57, 54]"
12,"[18, 57, 0]"
14,"[18, 57, 29]"
14,"[18, 57, 33]"
14,"[18, 57, 34]"
17,"[18, 62]"
12,"[18, 62, 25]"
14,"[18, 62, 48]"
13,"[18, 62, 28]"
16,"[18, 62, 70]"
12,"[18, 62, 49]"
12,"[18, 62, 69]"
14,"[18, 62, 29]"
14,"[18, 62, 54]"
12,"[18, 62, 33]"
29,"[18, 25]"
24,"[18, 25, 48]"
20,"[18, 25, 28]"
18,"[18, 25, 17]"
26,"[18, 25, 70]"
12,"[18, 25, 62]"
16,"[18, 25, 49]"
15,"[18, 25, 55]"
18,"[18, 25, 6]"
17,"[18, 25, 69]"
12,"[18, 25, 26]"
17,"[18, 25, 37]"
17,"[18, 25, 25]"
22,"[18, 25, 29]"
17,"[18, 25, 0]"
15,"[18, 25, 4]"
22,"[18, 25, 54]"
12,"[18, 25, 53]"
13,"[18, 25, 12]"
17,"[18, 25, 33]"
14,"[18, 25, 27]"
15,"[18, 25, 20]"
12,"[18, 25, 10]"
14,"[18, 25, 34]"
31,"[18, 48]"
24,"[18, 48, 28]"
20,"[18, 48, 17]"
29,"[18, 48, 70]"
12,"[18, 48, 62]"
17,"[18, 48, 49]"
24,"[18, 48, 48]"
19,"[18, 48, 55]"
21,"[18, 48, 6]"
18,"[18, 48, 69]"
12,"[18, 48, 26]"
12,"[18, 48, 50]"
17,"[18, 48, 37]"
13,"[18, 48, 60]"
20,"[18, 48, 25]"
23,"[18, 48, 29]"
18,"[18, 48, 0]"
15,"[18, 48, 4]"
24,"[18, 48, 54]"
13,"[18, 48, 12]"
12,"[18, 48, 56]"
13,"[18, 48, 27]"
15,"[18, 48, 20]"
13,"[18, 48, 10]"
15,"[18, 48, 33]"
14,"[18, 48, 34]"
32,"[18, 28]"
22,"[18, 28, 17]"
30,"[18, 28, 70]"
12,"[18, 28, 35]"
12,"[18, 28, 62]"
17,"[18, 28, 49]"
27,"[18, 28, 48]"
18,"[18, 28, 55]"
20,"[18, 28, 6]"
18,"[18, 28, 69]"
27,"[18, 28, 25]"
15,"[18, 28, 26]"
14,"[18, 28, 50]"
18,"[18, 28, 37]"
14,"[18, 28, 60]"
21,"[18, 28, 28]"
24,"[18, 28, 29]"
19,"[18, 28, 0]"
16,"[18, 28, 4]"
26,"[18, 28, 54]"
13,"[18, 28, 53]"
14,"[18, 28, 12]"
12,"[18, 28, 42]"
13,"[18, 28, 56]"
19,"[18, 28, 33]"
15,"[18, 28, 27]"
17,"[18, 28, 20]"
15,"[18, 28, 10]"
17,"[18, 28, 34]"
13,"[18, 28, 32]"
12,"[18, 28, 8]"
27,"[18, 35]"
24,"[18, 35, 58]"
14,"[18, 35, 62]"
19,"[18, 35, 49]"
27,"[18, 35, 70]"
24,"[18, 35, 48]"
15,"[18, 35, 55]"
18,"[18, 35, 17]"
17,"[18, 35, 6]"
20,"[18, 35, 69]"
12,"[18, 35, 27]"
18,"[18, 35, 29]"
12,"[18, 35, 10]"
14,"[18, 35, 56]"
14,"[18, 35, 35]"
20,"[18, 35, 34]"
21,"[18, 35, 33]"
25,"[18, 35, 28]"
21,"[18, 35, 25]"
13,"[18, 35, 26]"
13,"[18, 35, 50]"
17,"[18, 35, 37]"
13,"[18, 35, 60]"
14,"[18, 35, 0]"
22,"[18, 35, 54]"
13,"[18, 35, 53]"
15,"[18, 35, 59]"
14,"[18, 35, 20]"
25,"[18, 58]"
12,"[18, 58, 62]"
20,"[18, 58, 49]"
12,"[18, 58, 64]"
25,"[18, 58, 70]"
22,"[18, 58, 48]"
16,"[18, 58, 55]"
18,"[18, 58, 17]"
17,"[18, 58, 6]"
19,"[18, 58, 69]"
15,"[18, 58, 35]"
17,"[18, 58, 58]"
19,"[18, 58, 34]"
19,"[18, 58, 33]"
23,"[18, 58, 28]"
19,"[18, 58, 25]"
12,"[18, 58, 26]"
12,"[18, 58, 50]"
16,"[18, 58, 37]"
13,"[18, 58, 60]"
18,"[18, 58, 29]"
15,"[18, 58, 0]"
21,"[18, 58, 54]"
12,"[18, 58, 53]"
15,"[18, 58, 59]"
13,"[18, 58, 56]"
12,"[18, 58, 27]"
13,"[18, 58, 20]"
12,"[18, 58, 10]"
22,"[18, 49]"
19,"[18, 49, 70]"
14,"[18, 49, 49]"
16,"[18, 49, 48]"
16,"[18, 49, 55]"
15,"[18, 49, 17]"
14,"[18, 49, 6]"
13,"[18, 49, 69]"
12,"[18, 49, 27]"
15,"[18, 49, 29]"
13,"[18, 49, 0]"
15,"[18, 49, 54]"
20,"[18, 55]"
13,"[18, 55, 17]"
12,"[18, 55, 6]"
14,"[18, 55, 70]"
12,"[18, 55, 0]"
13,"[18, 55, 29]"
12,"[18, 21]"
12,"[18, 21, 70]"
15,"[18, 31]"
13,"[18, 31, 8]"
13,"[18, 31, 27]"
13,"[18, 31, 17]"
15,"[18, 31, 0]"
14,"[18, 31, 6]"
14,"[18, 31, 4]"
13,"[18, 31, 56]"
12,"[18, 31, 35]"
15,"[18, 31, 29]"
13,"[18, 31, 10]"
15,"[18, 31, 70]"
13,"[18, 31, 34]"
13,"[18, 31, 33]"
14,"[18, 31, 28]"
12,"[18, 31, 25]"
14,"[18, 31, 48]"
12,"[18, 31, 69]"
13,"[18, 31, 54]"
12,"[18, 31, 49]"
24,"[18, 4]"
17,"[18, 4, 56]"
16,"[18, 4, 35]"
15,"[18, 4, 17]"
14,"[18, 4, 27]"
19,"[18, 4, 29]"
15,"[18, 4, 4]"
19,"[18, 4, 10]"
13,"[18, 4, 58]"
23,"[18, 4, 70]"
15,"[18, 4, 34]"
17,"[18, 4, 33]"
18,"[18, 4, 28]"
17,"[18, 4, 25]"
20,"[18, 4, 48]"
13,"[18, 4, 26]"
15,"[18, 4, 37]"
14,"[18, 4, 69]"
16,"[18, 4, 0]"
12,"[18, 4, 5]"
16,"[18, 4, 6]"
16,"[18, 4, 55]"
18,"[18, 4, 54]"
15,"[18, 4, 20]"
14,"[18, 4, 49]"
12,"[18, 39]"
12,"[18, 39, 70]"
12,"[18, 39, 48]"
27,"[18, 34]"
24,"[18, 34, 33]"
27,"[18, 34, 28]"
24,"[18, 34, 25]"
26,"[18, 34, 48]"
27,"[18, 34, 70]"
16,"[18, 34, 26]"
15,"[18, 34, 50]"
19,"[18, 34, 37]"
15,"[18, 34, 60]"
19,"[18, 34, 29]"
17,"[18, 34, 69]"
18,"[18, 34, 17]"
16,"[18, 34, 0]"
13,"[18, 34, 4]"
19,"[18, 34, 6]"
14,"[18, 34, 55]"
23,"[18, 34, 54]"
12,"[18, 34, 53]"
12,"[18, 34, 12]"
18,"[18, 34, 20]"
16,"[18, 34, 49]"
12,"[18, 34, 10]"
17,"[18, 34, 34]"
27,"[18, 33]"
24,"[18, 33, 28]"
24,"[18, 33, 25]"
25,"[18, 33, 48]"
26,"[18, 33, 70]"
13,"[18, 33, 26]"
14,"[18, 33, 50]"
17,"[18, 33, 37]"
12,"[18, 33, 60]"
22,"[18, 33, 29]"
17,"[18, 33, 69]"
18,"[18, 33, 17]"
19,"[18, 33, 0]"
15,"[18, 33, 4]"
17,"[18, 33, 6]"
13,"[18, 33, 55]"
23,"[18, 33, 54]"
12,"[18, 33, 53]"
13,"[18, 33, 12]"
12,"[18, 33, 56]"
14,"[18, 33, 27]"
18,"[18, 33, 20]"
14,"[18, 33, 49]"
13,"[18, 33, 10]"
15,"[18, 33, 33]"
16,"[18, 33, 34]"
12,"[18, 33, 32]"
18,"[18, 26]"
15,"[18, 26, 50]"
16,"[18, 26, 48]"
13,"[18, 26, 29]"
12,"[18, 26, 17]"
12,"[18, 26, 0]"
18,"[18, 26, 70]"
14,"[18, 26, 6]"
12,"[18, 26, 55]"
13,"[18, 26, 54]"
12,"[18, 26, 33]"
18,"[18, 50]"
15,"[18, 50, 48]"
15,"[18, 50, 29]"
12,"[18, 50, 69]"
13,"[18, 50, 17]"
12,"[18, 50, 0]"
18,"[18, 50, 70]"
13,"[18, 50, 6]"
12,"[18, 50, 55]"
15,"[18, 50, 54]"
12,"[18, 50, 49]"
23,"[18, 37]"
18,"[18, 37, 60]"
19,"[18, 37, 48]"
15,"[18, 37, 25]"
14,"[18, 37, 28]"
17,"[18, 37, 29]"
12,"[18, 37, 69]"
16,"[18, 37, 17]"
15,"[18, 37, 0]"
13,"[18, 37, 4]"
23,"[18, 37, 70]"
17,"[18, 37, 6]"
14,"[18, 37, 55]"
16,"[18, 37, 54]"
13,"[18, 37, 26]"
12,"[18, 37, 20]"
14,"[18, 37, 49]"
13,"[18, 37, 27]"
14,"[18, 37, 33]"
13,"[18, 37, 34]"
19,"[18, 60]"
16,"[18, 60, 48]"
12,"[18, 60, 28]"
14,"[18, 60, 29]"
14,"[18, 60, 17]"
13,"[18, 60, 0]"
12,"[18, 60, 4]"
19,"[18, 60, 70]"
15,"[18, 60, 6]"
13,"[18, 60, 55]"
13,"[18, 60, 54]"
12,"[18, 5]"
12,"[18, 5, 70]"
28,"[18, 54]"
16,"[18, 54, 69]"
28,"[18, 54, 70]"
13,"[18, 54, 12]"
17,"[18, 54, 25]"
17,"[18, 54, 0]"
13,"[18, 54, 56]"
24,"[18, 54, 54]"
15,"[18, 54, 37]"
12,"[18, 54, 60]"
12,"[18, 54, 26]"
16,"[18, 54, 55]"
22,"[18, 54, 48]"
19,"[18, 54, 6]"
19,"[18, 54, 17]"
21,"[18, 54, 29]"
14,"[18, 54, 27]"
17,"[18, 54, 49]"
18,"[18, 54, 28]"
19,"[18, 54, 33]"
16,"[18, 54, 20]"
14,"[18, 54, 4]"
12,"[18, 54, 10]"
16,"[18, 54, 34]"
12,"[18, 54, 32]"
14,"[18, 13]"
13,"[18, 13, 53]"
14,"[18, 13, 70]"
17,"[18, 53]"
16,"[18, 53, 70]"
12,"[18, 53, 33]"
13,"[18, 53, 54]"
12,"[18, 53, 34]"
15,"[18, 42]"
13,"[18, 42, 70]"
12,"[18, 42, 69]"
19,"[18, 9]"
17,"[18, 9, 27]"
18,"[18, 9, 17]"
19,"[18, 9, 29]"
19,"[18, 9, 0]"
13,"[18, 9, 3]"
19,"[18, 9, 6]"
15,"[18, 9, 7]"
14,"[18, 9, 4]"
18,"[18, 9, 10]"
13,"[18, 9, 11]"
18,"[18, 9, 56]"
16,"[18, 9, 35]"
16,"[18, 9, 58]"
19,"[18, 9, 70]"
16,"[18, 9, 34]"
16,"[18, 9, 33]"
19,"[18, 9, 28]"
16,"[18, 9, 25]"
18,"[18, 9, 48]"
16,"[18, 9, 54]"
13,"[18, 9, 37]"
12,"[18, 9, 55]"
14,"[18, 9, 69]"
12,"[18, 9, 57]"
15,"[18, 9, 49]"
12,"[18, 9, 20]"
19,"[18, 7]"
13,"[18, 7, 4]"
12,"[18, 7, 10]"
12,"[18, 7, 56]"
13,"[18, 7, 35]"
13,"[18, 7, 58]"
18,"[18, 7, 70]"
13,"[18, 7, 34]"
14,"[18, 7, 33]"
15,"[18, 7, 28]"
13,"[18, 7, 25]"
15,"[18, 7, 48]"
14,"[18, 7, 54]"
13,"[18, 7, 37]"
13,"[18, 7, 55]"
12,"[18, 7, 6]"
15,"[18, 7, 49]"
12,"[18, 7, 69]"
14,"[18, 7, 17]"
12,"[18, 7, 29]"
15,"[18, 59]"
15,"[18, 59, 70]"
13,"[18, 59, 28]"
12,"[18, 59, 48]"
13,"[18, 59, 49]"
12,"[18, 14]"
12,"[18, 14, 70]"
21,"[18, 20]"
15,"[18, 20, 37]"
12,"[18, 20, 60]"
13,"[18, 20, 26]"
14,"[18, 20, 28]"
20,"[18, 20, 70]"
13,"[18, 20, 69]"
12,"[18, 20, 49]"
17,"[18, 20, 48]"
13,"[18, 20, 54]"
13,"[18, 20, 17]"
16,"[18, 20, 29]"
13,"[18, 20, 0]"
13,"[18, 20, 6]"
14,"[18, 20, 33]"
14,"[18, 20, 34]"
13,"[18, 20, 25]"
17,"[18, 32]"
14,"[18, 32, 8]"
14,"[18, 32, 27]"
14,"[18, 32, 17]"
16,"[18, 32, 29]"
14,"[18, 32, 0]"
13,"[18, 32, 54]"
13,"[18, 32, 6]"
12,"[18, 32, 4]"
12,"[18, 32, 10]"
17,"[18, 32, 70]"
14,"[18, 32, 33]"
15,"[18, 32, 28]"
13,"[18, 32, 25]"
14,"[18, 32, 48]"
13,"[18, 32, 34]"
12,"[18, 32, 69]"
35,[8]
13,"[8, 64]"
12,"[8, 64, 29]"
12,"[8, 64, 70]"
20,"[8, 8]"
17,"[8, 8, 27]"
18,"[8, 8, 17]"
17,"[8, 8, 0]"
20,"[8, 8, 29]"
16,"[8, 8, 6]"
16,"[8, 8, 10]"
20,"[8, 8, 70]"
15,"[8, 8, 69]"
18,"[8, 8, 56]"
17,"[8, 8, 25]"
19,"[8, 8, 48]"
19,"[8, 8, 28]"
12,"[8, 8, 35]"
13,"[8, 8, 58]"
15,"[8, 8, 49]"
13,"[8, 8, 55]"
12,"[8, 8, 4]"
15,"[8, 8, 34]"
16,"[8, 8, 33]"
15,"[8, 8, 54]"
13,"[8, 8, 37]"
12,"[8, 8, 60]"
12,"[8, 8, 20]"
12,"[8, 8, 32]"
19,"[8, 18]"
16,"[8, 18, 27]"
15,"[8, 18, 17]"
15,"[8, 18, 0]"
19,"[8, 18, 29]"
16,"[8, 18, 6]"
14,"[8, 18, 8]"
12,"[8, 18, 10]"
17,"[8, 18, 70]"
14,"[8, 18, 69]"
13,"[8, 18, 56]"
15,"[8, 18, 25]"
15,"[8, 18, 48]"
14,"[8, 18, 28]"
12,"[8, 18, 49]"
13,"[8, 18, 33]"
32,"[8, 27]"
31,"[8, 27, 17]"
29,"[8, 27, 0]"
16,"[8, 27, 3]"
14,"[8, 27, 1]"
32,"[8, 27, 29]"
27,"[8, 27, 6]"
13,"[8, 27, 8]"
28,"[8, 27, 10]"
31,"[8, 27, 70]"
26,"[8, 27, 69]"
17,"[8, 27, 12]"
14,"[8, 27, 51]"
14,"[8, 27, 11]"
26,"[8, 27, 56]"
16,"[8, 27, 57]"
13,"[8, 27, 62]"
26,"[8, 27, 25]"
28,"[8, 27, 48]"
29,"[8, 27, 28]"
24,"[8, 27, 35]"
22,"[8, 27, 58]"
20,"[8, 27, 49]"
17,"[8, 27, 55]"
21,"[8, 27, 4]"
22,"[8, 27, 27]"
24,"[8, 27, 34]"
24,"[8, 27, 33]"
15,"[8, 27, 26]"
14,"[8, 27, 50]"
19,"[8, 27, 37]"
16,"[8, 27, 60]"
22,"[8, 27, 54]"
16,"[8, 27, 13]"
17,"[8, 27, 53]"
15,"[8, 27, 42]"
17,"[8, 27, 7]"
12,"[8, 27, 59]"
18,"[8, 27, 20]"
12,"[8, 27, 14]"
14,"[8, 27, 32]"
33,"[8, 17]"
29,"[8, 17, 0]"
16,"[8, 17, 3]"
14,"[8, 17, 1]"
32,"[8, 17, 29]"
29,"[8, 17, 6]"
14,"[8, 17, 8]"
28,"[8, 17, 10]"
32,"[8, 17, 70]"
25,"[8, 17, 69]"
16,"[8, 17, 12]"
13,"[8, 17, 51]"
14,"[8, 17, 11]"
28,"[8, 17, 56]"
17,"[8, 17, 57]"
13,"[8, 17, 62]"
26,"[8, 17, 25]"
30,"[8, 17, 48]"
29,"[8, 17, 28]"
24,"[8, 17, 17]"
24,"[8, 17, 35]"
22,"[8, 17, 58]"
20,"[8, 17, 49]"
18,"[8, 17, 55]"
22,"[8, 17, 4]"
22,"[8, 17, 27]"
25,"[8, 17, 34]"
25,"[8, 17, 33]"
15,"[8, 17, 26]"
15,"[8, 17, 50]"
19,"[8, 17, 37]"
15,"[8, 17, 60]"
24,"[8, 17, 54]"
15,"[8, 17, 13]"
16,"[8, 17, 53]"
14,"[8, 17, 42]"
17,"[8, 17, 7]"
12,"[8, 17, 59]"
18,"[8, 17, 20]"
12,"[8, 17, 14]"
14,"[8, 17, 32]"
33,"[8, 0]"
18,"[8, 0, 3]"
12,"[8, 0, 64]"
14,"[8, 0, 1]"
28,"[8, 0, 29]"
30,"[8, 0, 6]"
15,"[8, 0, 8]"
30,"[8, 0, 10]"
32,"[8, 0, 70]"
25,"[8, 0, 69]"
15,"[8, 0, 12]"
13,"[8, 0, 51]"
16,"[8, 0, 11]"
30,"[8, 0, 56]"
19,"[8, 0, 57]"
15,"[8, 0, 62]"
28,"[8, 0, 25]"
30,"[8, 0, 48]"
31,"[8, 0, 28]"
25,"[8, 0, 17]"
25,"[8, 0, 35]"
22,"[8, 0, 58]"
21,"[8, 0, 49]"
19,"[8, 0, 55]"
23,"[8, 0, 4]"
22,"[8, 0, 27]"
27,"[8, 0, 34]"
27,"[8, 0, 33]"
17,"[8, 0, 26]"
15,"[8, 0, 50]"
21,"[8, 0, 37]"
17,"[8, 0, 60]"
21,"[8, 0, 0]"
24,"[8, 0, 54]"
14,"[8, 0, 13]"
16,"[8, 0, 53]"
13,"[8, 0, 42]"
18,"[8, 0, 7]"
12,"[8, 0, 59]"
12,"[8, 0, 18]"
21,"[8, 0, 20]"
13,"[8, 0, 14]"
13,"[8, 0, 32]"
18,"[8, 3]"
12,"[8, 3, 1]"
14,"[8, 3, 29]"
17,"[8, 3, 6]"
16,"[8, 3, 10]"
17,"[8, 3, 70]"
13,"[8, 3, 69]"
16,"[8, 3, 56]"
15,"[8, 3, 25]"
16,"[8, 3, 48]"
16,"[8, 3, 28]"
12,"[8, 3, 17]"
13,"[8, 3, 35]"
13,"[8, 3, 58]"
14,"[8, 3, 49]"
12,"[8, 3, 55]"
13,"[8, 3, 7]"
13,"[8, 3, 4]"
13,"[8, 3, 34]"
14,"[8, 3, 33]"
13,"[8, 3, 54]"
12,"[8, 3, 0]"
12,"[8, 3, 37]"
14,"[8, 1]"
12,"[8, 1, 6]"
13,"[8, 1, 70]"
35,"[8, 29]"
29,"[8, 29, 6]"
13,"[8, 29, 8]"
29,"[8, 29, 10]"
33,"[8, 29, 70]"
26,"[8, 29, 69]"
17,"[8, 29, 12]"
14,"[8, 29, 51]"
13,"[8, 29, 64]"
16,"[8, 29, 11]"
28,"[8, 29, 56]"
19,"[8, 29, 57]"
15,"[8, 29, 62]"
27,"[8, 29, 25]"
29,"[8, 29, 48]"
30,"[8, 29, 28]"
23,"[8, 29, 17]"
25,"[8, 29, 35]"
22,"[8, 29, 58]"
21,"[8, 29, 49]"
19,"[8, 29, 55]"
23,"[8, 29, 4]"
25,"[8, 29, 34]"
26,"[8, 29, 33]"
17,"[8, 29, 26]"
14,"[8, 29, 50]"
20,"[8, 29, 37]"
17,"[8, 29, 60]"
24,"[8, 29, 29]"
27,"[8, 29, 0]"
13,"[8, 29, 1]"
23,"[8, 29, 54]"
16,"[8, 29, 13]"
18,"[8, 29, 53]"
15,"[8, 29, 42]"
12,"[8, 29, 3]"
18,"[8, 29, 7]"
12,"[8, 29, 59]"
19,"[8, 29, 27]"
19,"[8, 29, 20]"
12,"[8, 29, 14]"
12,"[8, 29, 32]"
31,"[8, 6]"
13,"[8, 6, 8]"
25,"[8, 6, 10]"
30,"[8, 6, 70]"
21,"[8, 6, 69]"
13,"[8, 6, 12]"
12,"[8, 6, 64]"
16,"[8, 6, 11]"
24,"[8, 6, 56]"
17,"[8, 6, 57]"
13,"[8, 6, 62]"
24,"[8, 6, 25]"
26,"[8, 6, 48]"
26,"[8, 6, 28]"
23,"[8, 6, 17]"
22,"[8, 6, 35]"
21,"[8, 6, 58]"
21,"[8, 6, 49]"
19,"[8, 6, 55]"
24,"[8, 6, 6]"
21,"[8, 6, 4]"
17,"[8, 6, 27]"
24,"[8, 6, 29]"
21,"[8, 6, 34]"
22,"[8, 6, 33]"
14,"[8, 6, 26]"
13,"[8, 6, 50]"
19,"[8, 6, 37]"
16,"[8, 6, 60]"
19,"[8, 6, 0]"
22,"[8, 6, 54]"
14,"[8, 6, 53]"
18,"[8, 6, 7]"
12,"[8, 6, 59]"
17,"[8, 6, 20]"
32,"[8, 10]"
31,"[8, 10, 70]"
24,"[8, 10, 69]"
16,"[8, 10, 12]"
14,"[8, 10, 51]"
16,"[8, 10, 11]"
27,"[8, 10, 56]"
16,"[8, 10, 57]"
14,"[8, 10, 62]"
26,"[8, 10, 25]"
28,"[8, 10, 48]"
29,"[8, 10, 28]"
21,"[8, 10, 17]"
25,"[8, 10, 35]"
22,"[8, 10, 58]"
20,"[8, 10, 49]"
18,"[8, 10, 55]"
23,"[8, 10, 6]"
12,"[8, 10, 39]"
24,"[8, 10, 34]"
24,"[8, 10, 33]"
15,"[8, 10, 26]"
13,"[8, 10, 50]"
19,"[8, 10, 37]"
15,"[8, 10, 60]"
24,"[8, 10, 29]"
19,"[8, 10, 0]"
18,"[8, 10, 4]"
23,"[8, 10, 54]"
14,"[8, 10, 13]"
16,"[8, 10, 53]"
14,"[8, 10, 42]"
19,"[8, 10, 10]"
12,"[8, 10, 59]"
17,"[8, 10, 20]"
17,"[8, 10, 27]"
13,"[8, 10, 14]"
12,"[8, 10, 32]"
34,"[8, 70]"
25,"[8, 70, 69]"
16,"[8, 70, 12]"
12,"[8, 70, 64]"
21,"[8, 70, 56]"
16,"[8, 70, 62]"
30,"[8, 70, 25]"
31,"[8, 70, 48]"
33,"[8, 70, 28]"
24,"[8, 70, 17]"
33,"[8, 70, 70]"
18,"[8, 70, 35]"
18,"[8, 70, 58]"
21,"[8, 70, 49]"
19,"[8, 70, 55]"
26,"[8, 70, 6]"
28,"[8, 70, 34]"
28,"[8, 70, 33]"
19,"[8, 70, 26]"
16,"[8, 70, 50]"
22,"[8, 70, 37]"
19,"[8, 70, 60]"
27,"[8, 70, 29]"
21,"[8, 70, 0]"
17,"[8, 70, 4]"
26,"[8, 70, 54]"
13,"[8, 70, 13]"
16,"[8, 70, 53]"
14,"[8, 70, 42]"
13,"[8, 70, 18]"
12,"[8, 70, 8]"
19,"[8, 70, 27]"
21,"[8, 70, 20]"
19,"[8, 70, 10]"
14,"[8, 70, 32]"
28,"[8, 69]"
17,"[8, 69, 12]"
16,"[8, 69, 51]"
20,"[8, 69, 56]"
12,"[8, 69, 62]"
22,"[8, 69, 25]"
21,"[8, 69, 48]"
23,"[8, 69, 28]"
20,"[8, 69, 17]"
28,"[8, 69, 70]"
13,"[8, 69, 35]"
12,"[8, 69, 58]"
18,"[8, 69, 49]"
14,"[8, 69, 55]"
20,"[8, 69, 6]"
25,"[8, 69, 69]"
22,"[8, 69, 29]"
17,"[8, 69, 0]"
12,"[8, 69, 4]"
19,"[8, 69, 54]"
16,"[8, 69, 13]"
18,"[8, 69, 53]"
15,"[8, 69, 42]"
17,"[8, 69, 27]"
20,"[8, 69, 33]"
14,"[8, 69, 10]"
19,"[8, 69, 34]"
13,"[8, 69, 20]"
15,"[8, 69, 37]"
13,"[8, 69, 60]"
13,"[8, 69, 32]"
17,"[8, 12]"
15,"[8, 12, 70]"
13,"[8, 12, 42]"
12,"[8, 12, 53]"
16,"[8, 51]"
13,"[8, 51, 25]"
14,"[8, 51, 70]"
12,"[8, 51, 69]"
12,"[8, 51, 29]"
16,"[8, 11]"
14,"[8, 11, 56]"
12,"[8, 11, 25]"
15,"[8, 11, 48]"
13,"[8, 11, 28]"
16,"[8, 11, 70]"
14,"[8, 11, 35]"
13,"[8, 11, 58]"
14,"[8, 11, 49]"
13,"[8, 11, 55]"
13,"[8, 11, 6]"
13,"[8, 11, 54]"
31,"[8, 56]"
19,"[8, 56, 57]"
15,"[8, 56, 62]"
25,"[8, 56, 25]"
28,"[8, 56, 48]"
28,"[8, 56, 28]"
21,"[8, 56, 17]"
30,"[8, 56, 70]"
24,"[8, 56, 35]"
22,"[8, 56, 58]"
19,"[8, 56, 49]"
17,"[8, 56, 55]"
22,"[8, 56, 6]"
22,"[8, 56, 69]"
18,"[8, 56, 27]"
23,"[8, 56, 29]"
16,"[8, 56, 4]"
18,"[8, 56, 10]"
21,"[8, 56, 56]"
24,"[8, 56, 34]"
24,"[8, 56, 33]"
15,"[8, 56, 26]"
14,"[8, 56, 50]"
19,"[8, 56, 37]"
15,"[8, 56, 60]"
18,"[8, 56, 0]"
23,"[8, 56, 54]"
12,"[8, 56, 13]"
13,"[8, 56, 53]"
13,"[8, 56, 12]"
12,"[8, 56, 42]"
13,"[8, 56, 59]"
13,"[8, 56, 14]"
12,"[8, 56, 8]"
17,"[8, 56, 20]"
12,"[8, 56, 32]"
19,"[8, 57]"
14,"[8, 57, 25]"
17,"[8, 57, 48]"
17,"[8, 57, 28]"
14,"[8, 57, 17]"
19,"[8, 57, 70]"
15,"[8, 57, 35]"
14,"[8, 57, 58]"
15,"[8, 57, 49]"
12,"[8, 57, 55]"
14,"[8, 57, 6]"
14,"[8, 57, 69]"
15,"[8, 57, 54]"
12,"[8, 57, 0]"
14,"[8, 57, 29]"
13,"[8, 57, 33]"
13,"[8, 57, 34]"
16,"[8, 62]"
13,"[8, 62, 48]"
12,"[8, 62, 28]"
15,"[8, 62, 70]"
13,"[8, 62, 69]"
13,"[8, 62, 29]"
12,"[8, 62, 54]"
12,"[8, 62, 33]"
30,"[8, 25]"
24,"[8, 25, 48]"
20,"[8, 25, 28]"
17,"[8, 25, 17]"
27,"[8, 25, 70]"
12,"[8, 25, 62]"
16,"[8, 25, 49]"
13,"[8, 25, 55]"
17,"[8, 25, 6]"
19,"[8, 25, 69]"
16,"[8, 25, 37]"
16,"[8, 25, 25]"
21,"[8, 25, 29]"
15,"[8, 25, 0]"
13,"[8, 25, 4]"
21,"[8, 25, 54]"
13,"[8, 25, 53]"
13,"[8, 25, 12]"
17,"[8, 25, 33]"
13,"[8, 25, 27]"
15,"[8, 25, 20]"
14,"[8, 25, 34]"
31,"[8, 48]"
25,"[8, 48, 28]"
19,"[8, 48, 17]"
29,"[8, 48, 70]"
12,"[8, 48, 62]"
17,"[8, 48, 49]"
24,"[8, 48, 48]"
17,"[8, 48, 55]"
19,"[8, 48, 6]"
20,"[8, 48, 69]"
12,"[8, 48, 26]"
16,"[8, 48, 37]"
12,"[8, 48, 60]"
20,"[8, 48, 25]"
21,"[8, 48, 29]"
16,"[8, 48, 0]"
13,"[8, 48, 4]"
23,"[8, 48, 54]"
13,"[8, 48, 12]"
13,"[8, 48, 56]"
12,"[8, 48, 27]"
15,"[8, 48, 20]"
16,"[8, 48, 33]"
15,"[8, 48, 34]"
33,"[8, 28]"
21,"[8, 28, 17]"
32,"[8, 28, 70]"
12,"[8, 28, 62]"
17,"[8, 28, 49]"
27,"[8, 28, 48]"
16,"[8, 28, 55]"
20,"[8, 28, 6]"
20,"[8, 28, 69]"
28,"[8, 28, 25]"
14,"[8, 28, 26]"
13,"[8, 28, 50]"
17,"[8, 28, 37]"
13,"[8, 28, 60]"
20,"[8, 28, 28]"
24,"[8, 28, 29]"
17,"[8, 28, 0]"
14,"[8, 28, 4]"
24,"[8, 28, 54]"
12,"[8, 28, 13]"
15,"[8, 28, 53]"
14,"[8, 28, 12]"
12,"[8, 28, 42]"
13,"[8, 28, 56]"
19,"[8, 28, 33]"
14,"[8, 28, 27]"
17,"[8, 28, 20]"
13,"[8, 28, 10]"
16,"[8, 28, 34]"
12,"[8, 28, 32]"
28,"[8, 35]"
25,"[8, 35, 58]"
14,"[8, 35, 62]"
19,"[8, 35, 49]"
28,"[8, 35, 70]"
25,"[8, 35, 48]"
15,"[8, 35, 55]"
18,"[8, 35, 17]"
18,"[8, 35, 6]"
22,"[8, 35, 69]"
14,"[8, 35, 27]"
20,"[8, 35, 29]"
13,"[8, 35, 10]"
16,"[8, 35, 56]"
14,"[8, 35, 35]"
21,"[8, 35, 34]"
22,"[8, 35, 33]"
27,"[8, 35, 28]"
23,"[8, 35, 25]"
13,"[8, 35, 26]"
12,"[8, 35, 50]"
17,"[8, 35, 37]"
13,"[8, 35, 60]"
14,"[8, 35, 0]"
22,"[8, 35, 54]"
12,"[8, 35, 13]"
14,"[8, 35, 53]"
13,"[8, 35, 12]"
12,"[8, 35, 42]"
14,"[8, 35, 59]"
12,"[8, 35, 14]"
15,"[8, 35, 20]"
25,"[8, 58]"
19,"[8, 58, 49]"
25,"[8, 58, 70]"
22,"[8, 58, 48]"
15,"[8, 58, 55]"
17,"[8, 58, 17]"
16,"[8, 58, 6]"
20,"[8, 58, 69]"
14,"[8, 58, 35]"
16,"[8, 58, 58]"
18,"[8, 58, 34]"
18,"[8, 58, 33]"
23,"[8, 58, 28]"
19,"[8, 58, 25]"
15,"[8, 58, 37]"
12,"[8, 58, 60]"
18,"[8, 58, 29]"
14,"[8, 58, 0]"
20,"[8, 58, 54]"
13,"[8, 58, 53]"
12,"[8, 58, 12]"
14,"[8, 58, 59]"
14,"[8, 58, 56]"
12,"[8, 58, 27]"
12,"[8, 58, 20]"
12,"[8, 58, 10]"
21,"[8, 49]"
18,"[8, 49, 70]"
13,"[8, 49, 49]"
15,"[8, 49, 48]"
14,"[8, 49, 55]"
14,"[8, 49, 17]"
12,"[8, 49, 6]"
13,"[8, 49, 69]"
13,"[8, 49, 29]"
12,"[8, 49, 0]"
14,"[8, 49, 54]"
19,"[8, 55]"
12,"[8, 55, 17]"
14,"[8, 55, 70]"
12,"[8, 55, 29]"
12,"[8, 21]"
12,"[8, 21, 70]"
24,"[8, 4]"
17,"[8, 4, 56]"
15,"[8, 4, 35]"
14,"[8, 4, 17]"
13,"[8, 4, 27]"
19,"[8, 4, 29]"
15,"[8, 4, 4]"
20,"[8, 4, 10]"
12,"[8, 4, 58]"
23,"[8, 4, 70]"
14,"[8, 4, 34]"
16,"[8, 4, 33]"
18,"[8, 4, 28]"
17,"[8, 4, 25]"
19,"[8, 4, 48]"
13,"[8, 4, 26]"
14,"[8, 4, 37]"
15,"[8, 4, 69]"
15,"[8, 4, 0]"
16,"[8, 4, 6]"
15,"[8, 4, 55]"
17,"[8, 4, 54]"
12,"[8, 4, 12]"
14,"[8, 4, 20]"
13,"[8, 4, 49]"
12,"[8, 39]"
12,"[8, 39, 70]"
12,"[8, 39, 48]"
28,"[8, 34]"
25,"[8, 34, 33]"
28,"[8, 34, 28]"
25,"[8, 34, 25]"
26,"[8, 34, 48]"
28,"[8, 34, 70]"
16,"[8, 34, 26]"
14,"[8, 34, 50]"
19,"[8, 34, 37]"
14,"[8, 34, 60]"
20,"[8, 34, 29]"
20,"[8, 34, 69]"
19,"[8, 34, 17]"
15,"[8, 34, 0]"
13,"[8, 34, 4]"
19,"[8, 34, 6]"
13,"[8, 34, 55]"
22,"[8, 34, 54]"
14,"[8, 34, 53]"
13,"[8, 34, 12]"
13,"[8, 34, 56]"
18,"[8, 34, 20]"
16,"[8, 34, 49]"
12,"[8, 34, 10]"
13,"[8, 34, 27]"
17,"[8, 34, 34]"
12,"[8, 34, 32]"
28,"[8, 33]"
25,"[8, 33, 28]"
25,"[8, 33, 25]"
25,"[8, 33, 48]"
27,"[8, 33, 70]"
12,"[8, 33, 26]"
13,"[8, 33, 50]"
17,"[8, 33, 37]"
22,"[8, 33, 29]"
19,"[8, 33, 69]"
17,"[8, 33, 17]"
17,"[8, 33, 0]"
14,"[8, 33, 4]"
17,"[8, 33, 6]"
12,"[8, 33, 55]"
21,"[8, 33, 54]"
12,"[8, 33, 13]"
14,"[8, 33, 53]"
14,"[8, 33, 12]"
12,"[8, 33, 42]"
12,"[8, 33, 56]"
14,"[8, 33, 27]"
18,"[8, 33, 20]"
14,"[8, 33, 49]"
12,"[8, 33, 10]"
15,"[8, 33, 33]"
15,"[8, 33, 34]"
19,"[8, 26]"
14,"[8, 26, 50]"
16,"[8, 26, 48]"
13,"[8, 26, 25]"
12,"[8, 26, 28]"
14,"[8, 26, 29]"
12,"[8, 26, 69]"
12,"[8, 26, 17]"
12,"[8, 26, 0]"
19,"[8, 26, 70]"
15,"[8, 26, 6]"
14,"[8, 26, 54]"
13,"[8, 26, 33]"
16,"[8, 50]"
13,"[8, 50, 48]"
13,"[8, 50, 29]"
12,"[8, 50, 69]"
12,"[8, 50, 17]"
16,"[8, 50, 70]"
14,"[8, 50, 54]"
22,"[8, 37]"
16,"[8, 37, 60]"
18,"[8, 37, 48]"
14,"[8, 37, 25]"
13,"[8, 37, 28]"
16,"[8, 37, 29]"
12,"[8, 37, 69]"
15,"[8, 37, 17]"
14,"[8, 37, 0]"
13,"[8, 37, 4]"
22,"[8, 37, 70]"
16,"[8, 37, 6]"
13,"[8, 37, 55]"
16,"[8, 37, 54]"
12,"[8, 37, 26]"
13,"[8, 37, 49]"
12,"[8, 37, 27]"
14,"[8, 37, 33]"
12,"[8, 37, 34]"
19,"[8, 60]"
15,"[8, 60, 48]"
13,"[8, 60, 28]"
14,"[8, 60, 29]"
14,"[8, 60, 17]"
12,"[8, 60, 0]"
12,"[8, 60, 4]"
19,"[8, 60, 70]"
15,"[8, 60, 6]"
12,"[8, 60, 55]"
13,"[8, 60, 54]"
12,"[8, 60, 26]"
26,"[8, 54]"
15,"[8, 54, 69]"
26,"[8, 54, 70]"
12,"[8, 54, 12]"
14,"[8, 54, 25]"
15,"[8, 54, 0]"
12,"[8, 54, 56]"
21,"[8, 54, 54]"
12,"[8, 54, 37]"
14,"[8, 54, 55]"
20,"[8, 54, 48]"
17,"[8, 54, 6]"
17,"[8, 54, 17]"
18,"[8, 54, 29]"
16,"[8, 54, 49]"
16,"[8, 54, 28]"
18,"[8, 54, 33]"
14,"[8, 54, 20]"
12,"[8, 54, 4]"
14,"[8, 54, 34]"
16,"[8, 13]"
14,"[8, 13, 53]"
15,"[8, 13, 70]"
18,"[8, 53]"
17,"[8, 53, 70]"
12,"[8, 53, 54]"
15,"[8, 42]"
13,"[8, 42, 70]"
12,"[8, 42, 53]"
20,"[8, 9]"
18,"[8, 9, 27]"
19,"[8, 9, 17]"
20,"[8, 9, 29]"
20,"[8, 9, 0]"
13,"[8, 9, 3]"
20,"[8, 9, 6]"
16,"[8, 9, 7]"
14,"[8, 9, 4]"
19,"[8, 9, 10]"
14,"[8, 9, 11]"
19,"[8, 9, 56]"
18,"[8, 9, 35]"
17,"[8, 9, 58]"
20,"[8, 9, 70]"
17,"[8, 9, 34]"
17,"[8, 9, 33]"
20,"[8, 9, 28]"
17,"[8, 9, 25]"
18,"[8, 9, 48]"
16,"[8, 9, 54]"
14,"[8, 9, 37]"
12,"[8, 9, 55]"
15,"[8, 9, 69]"
13,"[8, 9, 57]"
16,"[8, 9, 49]"
13,"[8, 9, 20]"
19,"[8, 7]"
12,"[8, 7, 4]"
14,"[8, 7, 10]"
13,"[8, 7, 56]"
13,"[8, 7, 35]"
13,"[8, 7, 58]"
19,"[8, 7, 70]"
13,"[8, 7, 34]"
14,"[8, 7, 33]"
16,"[8, 7, 28]"
14,"[8, 7, 25]"
15,"[8, 7, 48]"
14,"[8, 7, 54]"
13,"[8, 7, 37]"
13,"[8, 7, 55]"
13,"[8, 7, 6]"
15,"[8, 7, 49]"
14,"[8, 7, 69]"
14,"[8, 7, 17]"
13,"[8, 7, 29]"
14,"[8, 59]"
14,"[8, 59, 70]"
12,"[8, 59, 28]"
12,"[8, 59, 49]"
14,"[8, 14]"
12,"[8, 14, 29]"
12,"[8, 14, 69]"
13,"[8, 14, 70]"
21,"[8, 20]"
15,"[8, 20, 37]"
12,"[8, 20, 26]"
13,"[8, 20, 28]"
20,"[8, 20, 70]"
14,"[8, 20, 69]"
12,"[8, 20, 49]"
16,"[8, 20, 48]"
13,"[8, 20, 54]"
13,"[8, 20, 17]"
16,"[8, 20, 29]"
12,"[8, 20, 0]"
13,"[8, 20, 6]"
14,"[8, 20, 33]"
13,"[8, 20, 34]"
12,"[8, 20, 25]"
18,"[8, 32]"
13,"[8, 32, 18]"
13,"[8, 32, 8]"
16,"[8, 32, 27]"
14,"[8, 32, 17]"
17,"[8, 32, 29]"
13,"[8, 32, 0]"
12,"[8, 32, 54]"
14,"[8, 32, 6]"
12,"[8, 32, 10]"
12,"[8, 32, 56]"
17,"[8, 32, 70]"
12,"[8, 32, 33]"
14,"[8, 32, 28]"
13,"[8, 32, 25]"
12,"[8, 32, 48]"
14,"[8, 32, 69]"
33,[27]
32,"[27, 17]"
30,"[27, 17, 0]"
18,"[27, 17, 3]"
15,"[27, 17, 1]"
31,"[27, 17, 29]"
28,"[27, 17, 6]"
15,"[27, 17, 8]"
28,"[27, 17, 10]"
32,"[27, 17, 70]"
26,"[27, 17, 69]"
16,"[27, 17, 12]"
13,"[27, 17, 51]"
14,"[27, 17, 11]"
28,"[27, 17, 56]"
17,"[27, 17, 57]"
13,"[27, 17, 62]"
27,"[27, 17, 25]"
30,"[27, 17, 48]"
30,"[27, 17, 28]"
25,"[27, 17, 17]"
26,"[27, 17, 35]"
24,"[27, 17, 58]"
21,"[27, 17, 49]"
18,"[27, 17, 55]"
22,"[27, 17, 4]"
24,"[27, 17, 27]"
26,"[27, 17, 34]"
26,"[27, 17, 33]"
15,"[27, 17, 26]"
15,"[27, 17, 50]"
21,"[27, 17, 37]"
17,"[27, 17, 60]"
24,"[27, 17, 54]"
15,"[27, 17, 13]"
16,"[27, 17, 53]"
15,"[27, 17, 42]"
18,"[27, 17, 7]"
13,"[27, 17, 59]"
20,"[27, 17, 20]"
12,"[27, 17, 14]"
16,"[27, 17, 32]"
30,"[27, 0]"
19,"[27, 0, 3]"
15,"[27, 0, 1]"
25,"[27, 0, 29]"
27,"[27, 0, 6]"
14,"[27, 0, 8]"
27,"[27, 0, 10]"
30,"[27, 0, 70]"
23,"[27, 0, 69]"
15,"[27, 0, 12]"
12,"[27, 0, 51]"
14,"[27, 0, 11]"
26,"[27, 0, 56]"
17,"[27, 0, 57]"
12,"[27, 0, 62]"
26,"[27, 0, 25]"
29,"[27, 0, 48]"
28,"[27, 0, 28]"
22,"[27, 0, 17]"
24,"[27, 0, 35]"
22,"[27, 0, 58]"
20,"[27, 0, 49]"
18,"[27, 0, 55]"
22,"[27, 0, 4]"
21,"[27, 0, 27]"
24,"[27, 0, 34]"
24,"[27, 0, 33]"
15,"[27, 0, 26]"
13,"[27, 0, 50]"
19,"[27, 0, 37]"
16,"[27, 0, 60]"
21,"[27, 0, 0]"
23,"[27, 0, 54]"
13,"[27, 0, 13]"
14,"[27, 0, 53]"
14,"[27, 0, 42]"
17,"[27, 0, 7]"
12,"[27, 0, 59]"
19,"[27, 0, 20]"
12,"[27, 0, 14]"
14,"[27, 0, 32]"
19,"[27, 3]"
13,"[27, 3, 1]"
15,"[27, 3, 29]"
19,"[27, 3, 6]"
16,"[27, 3, 10]"
18,"[27, 3, 70]"
13,"[27, 3, 69]"
16,"[27, 3, 56]"
16,"[27, 3, 25]"
17,"[27, 3, 48]"
17,"[27, 3, 28]"
13,"[27, 3, 17]"
14,"[27, 3, 35]"
14,"[27, 3, 58]"
14,"[27, 3, 49]"
12,"[27, 3, 55]"
15,"[27, 3, 7]"
15,"[27, 3, 4]"
14,"[27, 3, 34]"
15,"[27, 3, 33]"
14,"[27, 3, 54]"
12,"[27, 3, 0]"
13,"[27, 3, 37]"
12,"[27, 3, 27]"
12,"[27, 3, 20]"
15,"[27, 1]"
13,"[27, 1, 6]"
14,"[27, 1, 70]"
33,"[27, 29]"
28,"[27, 29, 6]"
13,"[27, 29, 8]"
28,"[27, 29, 10]"
32,"[27, 29, 70]"
25,"[27, 29, 69]"
16,"[27, 29, 12]"
14,"[27, 29, 51]"
14,"[27, 29, 11]"
27,"[27, 29, 56]"
17,"[27, 29, 57]"
13,"[27, 29, 62]"
27,"[27, 29, 25]"
29,"[27, 29, 48]"
30,"[27, 29, 28]"
23,"[27, 29, 17]"
25,"[27, 29, 35]"
23,"[27, 29, 58]"
20,"[27, 29, 49]"
17,"[27, 29, 55]"
22,"[27, 29, 4]"
25,"[27, 29, 34]"
25,"[27, 29, 33]"
16,"[27, 29, 26]"
13,"[27, 29, 50]"
19,"[27, 29, 37]"
16,"[27, 29, 60]"
22,"[27, 29, 29]"
25,"[27, 29, 0]"
14,"[27, 29, 1]"
22,"[27, 29, 54]"
16,"[27, 29, 13]"
17,"[27, 29, 53]"
15,"[27, 29, 42]"
12,"[27, 29, 3]"
18,"[27, 29, 7]"
13,"[27, 29, 59]"
21,"[27, 29, 27]"
18,"[27, 29, 20]"
13,"[27, 29, 32]"
29,"[27, 6]"
13,"[27, 6, 8]"
24,"[27, 6, 10]"
29,"[27, 6, 70]"
21,"[27, 6, 69]"
13,"[27, 6, 12]"
14,"[27, 6, 11]"
23,"[27, 6, 56]"
15,"[27, 6, 57]"
24,"[27, 6, 25]"
26,"[27, 6, 48]"
26,"[27, 6, 28]"
23,"[27, 6, 17]"
22,"[27, 6, 35]"
22,"[27, 6, 58]"
21,"[27, 6, 49]"
18,"[27, 6, 55]"
23,"[27, 6, 6]"
20,"[27, 6, 4]"
19,"[27, 6, 27]"
22,"[27, 6, 29]"
21,"[27, 6, 34]"
21,"[27, 6, 33]"
13,"[27, 6, 26]"
12,"[27, 6, 50]"
19,"[27, 6, 37]"
16,"[27, 6, 60]"
19,"[27, 6, 0]"
22,"[27, 6, 54]"
13,"[27, 6, 53]"
12,"[27, 6, 42]"
18,"[27, 6, 7]"
13,"[27, 6, 59]"
17,"[27, 6, 20]"
12,"[27, 6, 32]"
15,"[27, 8]"
14,"[27, 8, 70]"
12,"[27, 8, 25]"
13,"[27, 8, 48]"
12,"[27, 8, 28]"
12,"[27, 8, 17]"
12,"[27, 8, 6]"
12,"[27, 8, 0]"
14,"[27, 8, 29]"
30,"[27, 10]"
29,"[27, 10, 70]"
23,"[27, 10, 69]"
15,"[27, 10, 12]"
14,"[27, 10, 51]"
14,"[27, 10, 11]"
26,"[27, 10, 56]"
16,"[27, 10, 57]"
25,"[27, 10, 25]"
27,"[27, 10, 48]"
28,"[27, 10, 28]"
18,"[27, 10, 17]"
24,"[27, 10, 35]"
22,"[27, 10, 58]"
18,"[27, 10, 49]"
15,"[27, 10, 55]"
21,"[27, 10, 6]"
22,"[27, 10, 34]"
23,"[27, 10, 33]"
13,"[27, 10, 26]"
16,"[27, 10, 37]"
14,"[27, 10, 60]"
20,"[27, 10, 29]"
17,"[27, 10, 0]"
15,"[27, 10, 4]"
21,"[27, 10, 54]"
14,"[27, 10, 13]"
15,"[27, 10, 53]"
14,"[27, 10, 42]"
17,"[27, 10, 10]"
12,"[27, 10, 59]"
12,"[27, 10, 14]"
17,"[27, 10, 27]"
15,"[27, 10, 20]"
12,"[27, 10, 32]"
33,"[27, 70]"
22,"[27, 70, 69]"
16,"[27, 70, 12]"
19,"[27, 70, 56]"
13,"[27, 70, 62]"
28,"[27, 70, 25]"
30,"[27, 70, 48]"
31,"[27, 70, 28]"
23,"[27, 70, 17]"
32,"[27, 70, 70]"
19,"[27, 70, 35]"
20,"[27, 70, 58]"
21,"[27, 70, 49]"
18,"[27, 70, 55]"
22,"[27, 70, 6]"
26,"[27, 70, 34]"
26,"[27, 70, 33]"
16,"[27, 70, 26]"
15,"[27, 70, 50]"
21,"[27, 70, 37]"
18,"[27, 70, 60]"
25,"[27, 70, 29]"
19,"[27, 70, 0]"
15,"[27, 70, 4]"
25,"[27, 70, 54]"
12,"[27, 70, 13]"
14,"[27, 70, 53]"
15,"[27, 70, 42]"
12,"[27, 70, 18]"
13,"[27, 70, 8]"
19,"[27, 70, 27]"
20,"[27, 70, 20]"
18,"[27, 70, 10]"
15,"[27, 70, 32]"
27,"[27, 69]"
17,"[27, 69, 12]"
15,"[27, 69, 51]"
18,"[27, 69, 56]"
19,"[27, 69, 25]"
20,"[27, 69, 48]"
21,"[27, 69, 28]"
20,"[27, 69, 17]"
27,"[27, 69, 70]"
13,"[27, 69, 35]"
13,"[27, 69, 58]"
17,"[27, 69, 49]"
12,"[27, 69, 55]"
18,"[27, 69, 6]"
24,"[27, 69, 69]"
20,"[27, 69, 29]"
15,"[27, 69, 0]"
18,"[27, 69, 54]"
16,"[27, 69, 13]"
17,"[27, 69, 53]"
16,"[27, 69, 42]"
17,"[27, 69, 27]"
18,"[27, 69, 33]"
13,"[27, 69, 20]"
15,"[27, 69, 37]"
13,"[27, 69, 60]"
18,"[27, 69, 34]"
14,"[27, 69, 32]"
17,"[27, 12]"
15,"[27, 12, 70]"
13,"[27, 12, 42]"
12,"[27, 12, 53]"
15,"[27, 51]"
12,"[27, 51, 25]"
13,"[27, 51, 70]"
14,"[27, 11]"
13,"[27, 11, 56]"
13,"[27, 11, 48]"
12,"[27, 11, 28]"
14,"[27, 11, 70]"
13,"[27, 11, 35]"
12,"[27, 11, 58]"
12,"[27, 11, 49]"
28,"[27, 56]"
17,"[27, 56, 57]"
23,"[27, 56, 25]"
26,"[27, 56, 48]"
26,"[27, 56, 28]"
17,"[27, 56, 17]"
27,"[27, 56, 70]"
23,"[27, 56, 35]"
21,"[27, 56, 58]"
16,"[27, 56, 49]"
14,"[27, 56, 55]"
19,"[27, 56, 6]"
20,"[27, 56, 69]"
18,"[27, 56, 27]"
19,"[27, 56, 29]"
14,"[27, 56, 4]"
15,"[27, 56, 10]"
19,"[27, 56, 56]"
22,"[27, 56, 34]"
22,"[27, 56, 33]"
12,"[27, 56, 26]"
12,"[27, 56, 50]"
16,"[27, 56, 37]"
14,"[27, 56, 60]"
17,"[27, 56, 0]"
20,"[27, 56, 54]"
12,"[27, 56, 53]"
12,"[27, 56, 12]"
12,"[27, 56, 42]"
12,"[27, 56, 59]"
15,"[27, 56, 20]"
12,"[27, 56, 32]"
17,"[27, 57]"
13,"[27, 57, 25]"
15,"[27, 57, 48]"
16,"[27, 57, 28]"
13,"[27, 57, 17]"
17,"[27, 57, 70]"
15,"[27, 57, 35]"
13,"[27, 57, 58]"
13,"[27, 57, 49]"
12,"[27, 57, 6]"
13,"[27, 57, 69]"
13,"[27, 57, 54]"
12,"[27, 57, 29]"
12,"[27, 57, 33]"
12,"[27, 57, 34]"
14,"[27, 62]"
13,"[27, 62, 70]"
28,"[27, 25]"
24,"[27, 25, 48]"
21,"[27, 25, 28]"
16,"[27, 25, 17]"
25,"[27, 25, 70]"
12,"[27, 25, 58]"
15,"[27, 25, 49]"
12,"[27, 25, 55]"
15,"[27, 25, 6]"
19,"[27, 25, 69]"
15,"[27, 25, 37]"
17,"[27, 25, 25]"
19,"[27, 25, 29]"
15,"[27, 25, 0]"
19,"[27, 25, 54]"
12,"[27, 25, 53]"
13,"[27, 25, 12]"
12,"[27, 25, 42]"
17,"[27, 25, 33]"
14,"[27, 25, 27]"
15,"[27, 25, 20]"
15,"[27, 25, 34]"
12,"[27, 25, 32]"
30,"[27, 48]"
22,"[27, 48, 28]"
17,"[27, 48, 17]"
27,"[27, 48, 70]"
15,"[27, 48, 49]"
21,"[27, 48, 48]"
15,"[27, 48, 55]"
18,"[27, 48, 6]"
19,"[27, 48, 69]"
13,"[27, 48, 37]"
17,"[27, 48, 25]"
19,"[27, 48, 29]"
16,"[27, 48, 0]"
20,"[27, 48, 54]"
12,"[27, 48, 12]"
13,"[27, 48, 27]"
13,"[27, 48, 20]"
13,"[27, 48, 33]"
13,"[27, 48, 34]"
31,"[27, 28]"
20,"[27, 28, 17]"
30,"[27, 28, 70]"
12,"[27, 28, 35]"
12,"[27, 28, 58]"
16,"[27, 28, 49]"
27,"[27, 28, 48]"
15,"[27, 28, 55]"
18,"[27, 28, 6]"
20,"[27, 28, 69]"
26,"[27, 28, 25]"
14,"[27, 28, 26]"
12,"[27, 28, 50]"
16,"[27, 28, 37]"
14,"[27, 28, 60]"
22,"[27, 28, 28]"
22,"[27, 28, 29]"
17,"[27, 28, 0]"
12,"[27, 28, 4]"
23,"[27, 28, 54]"
14,"[27, 28, 53]"
14,"[27, 28, 12]"
13,"[27, 28, 42]"
12,"[27, 28, 56]"
19,"[27, 28, 33]"
15,"[27, 28, 27]"
17,"[27, 28, 20]"
12,"[27, 28, 10]"
18,"[27, 28, 34]"
14,"[27, 28, 32]"
27,"[27, 35]"
25,"[27, 35, 58]"
12,"[27, 35, 62]"
18,"[27, 35, 49]"
27,"[27, 35, 70]"
24,"[27, 35, 48]"
14,"[27, 35, 55]"
18,"[27, 35, 17]"
16,"[27, 35, 6]"
21,"[27, 35, 69]"
14,"[27, 35, 27]"
18,"[27, 35, 29]"
14,"[27, 35, 56]"
14,"[27, 35, 35]"
19,"[27, 35, 34]"
20,"[27, 35, 33]"
25,"[27, 35, 28]"
21,"[27, 35, 25]"
15,"[27, 35, 37]"
13,"[27, 35, 0]"
21,"[27, 35, 54]"
12,"[27, 35, 13]"
13,"[27, 35, 53]"
12,"[27, 35, 12]"
12,"[27, 35, 42]"
14,"[27, 35, 59]"
13,"[27, 35, 20]"
25,"[27, 58]"
18,"[27, 58, 49]"
25,"[27, 58, 70]"
22,"[27, 58, 48]"
14,"[27, 58, 55]"
18,"[27, 58, 17]"
16,"[27, 58, 6]"
19,"[27, 58, 69]"
15,"[27, 58, 35]"
17,"[27, 58, 58]"
18,"[27, 58, 34]"
18,"[27, 58, 33]"
23,"[27, 58, 28]"
19,"[27, 58, 25]"
14,"[27, 58, 37]"
18,"[27, 58, 29]"
13,"[27, 58, 0]"
20,"[27, 58, 54]"
12,"[27, 58, 53]"
14,"[27, 58, 59]"
12,"[27, 58, 56]"
13,"[27, 58, 27]"
12,"[27, 58, 20]"
21,"[27, 49]"
18,"[27, 49, 70]"
15,"[27, 49, 48]"
14,"[27, 49, 55]"
15,"[27, 49, 17]"
12,"[27, 49, 6]"
13,"[27, 49, 69]"
13,"[27, 49, 29]"
12,"[27, 49, 0]"
13,"[27, 49, 54]"
18,"[27, 55]"
12,"[27, 55, 17]"
12,"[27, 55, 70]"
23,"[27, 4]"
16,"[27, 4, 56]"
16,"[27, 4, 35]"
15,"[27, 4, 17]"
15,"[27, 4, 27]"
18,"[27, 4, 29]"
14,"[27, 4, 4]"
19,"[27, 4, 10]"
13,"[27, 4, 58]"
23,"[27, 4, 70]"
15,"[27, 4, 34]"
16,"[27, 4, 33]"
19,"[27, 4, 28]"
18,"[27, 4, 25]"
19,"[27, 4, 48]"
14,"[27, 4, 26]"
14,"[27, 4, 37]"
12,"[27, 4, 60]"
16,"[27, 4, 69]"
15,"[27, 4, 0]"
17,"[27, 4, 6]"
14,"[27, 4, 55]"
17,"[27, 4, 54]"
12,"[27, 4, 12]"
15,"[27, 4, 20]"
13,"[27, 4, 49]"
24,"[27, 27]"
22,"[27, 27, 29]"
16,"[27, 27, 4]"
13,"[27, 27, 10]"
13,"[27, 27, 56]"
14,"[27, 27, 35]"
23,"[27, 27, 70]"
19,"[27, 27, 34]"
20,"[27, 27, 33]"
19,"[27, 27, 28]"
16,"[27, 27, 25]"
18,"[27, 27, 48]"
18,"[27, 27, 69]"
19,"[27, 27, 17]"
18,"[27, 27, 0]"
18,"[27, 27, 6]"
12,"[27, 27, 55]"
15,"[27, 27, 54]"
12,"[27, 27, 49]"
15,"[27, 27, 27]"
13,"[27, 27, 20]"
12,"[27, 27, 32]"
26,"[27, 34]"
23,"[27, 34, 33]"
26,"[27, 34, 28]"
23,"[27, 34, 25]"
25,"[27, 34, 48]"
26,"[27, 34, 70]"
14,"[27, 34, 26]"
13,"[27, 34, 50]"
18,"[27, 34, 37]"
14,"[27, 34, 60]"
18,"[27, 34, 29]"
18,"[27, 34, 69]"
17,"[27, 34, 17]"
15,"[27, 34, 0]"
17,"[27, 34, 6]"
12,"[27, 34, 55]"
21,"[27, 34, 54]"
12,"[27, 34, 53]"
13,"[27, 34, 12]"
12,"[27, 34, 42]"
17,"[27, 34, 20]"
15,"[27, 34, 49]"
13,"[27, 34, 27]"
17,"[27, 34, 34]"
13,"[27, 34, 32]"
26,"[27, 33]"
23,"[27, 33, 28]"
23,"[27, 33, 25]"
24,"[27, 33, 48]"
25,"[27, 33, 70]"
12,"[27, 33, 26]"
12,"[27, 33, 50]"
16,"[27, 33, 37]"
12,"[27, 33, 60]"
20,"[27, 33, 29]"
19,"[27, 33, 69]"
16,"[27, 33, 17]"
17,"[27, 33, 0]"
12,"[27, 33, 4]"
15,"[27, 33, 6]"
20,"[27, 33, 54]"
13,"[27, 33, 53]"
14,"[27, 33, 12]"
13,"[27, 33, 42]"
12,"[27, 33, 58]"
15,"[27, 33, 27]"
18,"[27, 33, 20]"
12,"[27, 33, 35]"
13,"[27, 33, 49]"
15,"[27, 33, 33]"
16,"[27, 33, 34]"
13,"[27, 33, 32]"
16,"[27, 26]"
12,"[27, 26, 50]"
13,"[27, 26, 48]"
16,"[27, 26, 70]"
12,"[27, 26, 6]"
15,"[27, 50]"
12,"[27, 50, 48]"
12,"[27, 50, 29]"
12,"[27, 50, 17]"
15,"[27, 50, 70]"
12,"[27, 50, 54]"
21,"[27, 37]"
16,"[27, 37, 60]"
17,"[27, 37, 48]"
14,"[27, 37, 25]"
13,"[27, 37, 28]"
15,"[27, 37, 29]"
12,"[27, 37, 69]"
15,"[27, 37, 17]"
13,"[27, 37, 0]"
21,"[27, 37, 70]"
15,"[27, 37, 6]"
12,"[27, 37, 55]"
14,"[27, 37, 54]"
12,"[27, 37, 20]"
12,"[27, 37, 49]"
13,"[27, 37, 27]"
13,"[27, 37, 33]"
13,"[27, 37, 34]"
18,"[27, 60]"
14,"[27, 60, 48]"
12,"[27, 60, 28]"
13,"[27, 60, 29]"
13,"[27, 60, 17]"
18,"[27, 60, 70]"
14,"[27, 60, 6]"
25,"[27, 54]"
16,"[27, 54, 69]"
25,"[27, 54, 70]"
12,"[27, 54, 12]"
15,"[27, 54, 25]"
15,"[27, 54, 0]"
20,"[27, 54, 54]"
13,"[27, 54, 55]"
19,"[27, 54, 48]"
16,"[27, 54, 6]"
17,"[27, 54, 17]"
17,"[27, 54, 29]"
13,"[27, 54, 27]"
15,"[27, 54, 49]"
17,"[27, 54, 28]"
17,"[27, 54, 33]"
14,"[27, 54, 20]"
15,"[27, 54, 34]"
16,"[27, 13]"
14,"[27, 13, 53]"
15,"[27, 13, 70]"
17,"[27, 53]"
16,"[27, 53, 70]"
16,"[27, 42]"
14,"[27, 42, 70]"
12,"[27, 42, 53]"
19,"[27, 7]"
13,"[27, 7, 4]"
13,"[27, 7, 10]"
12,"[27, 7, 56]"
14,"[27, 7, 35]"
14,"[27, 7, 58]"
18,"[27, 7, 70]"
13,"[27, 7, 34]"
13,"[27, 7, 33]"
16,"[27, 7, 28]"
14,"[27, 7, 25]"
15,"[27, 7, 48]"
14,"[27, 7, 54]"
13,"[27, 7, 37]"
13,"[27, 7, 6]"
14,"[27, 7, 49]"
13,"[27, 7, 69]"
14,"[27, 7, 17]"
12,"[27, 7, 29]"
14,"[27, 59]"
14,"[27, 59, 70]"
12,"[27, 59, 28]"
12,"[27, 59, 49]"
12,"[27, 18]"
12,"[27, 18, 29]"
13,"[27, 14]"
12,"[27, 14, 70]"
20,"[27, 20]"
14,"[27, 20, 37]"
14,"[27, 20, 28]"
19,"[27, 20, 70]"
13,"[27, 20, 69]"
16,"[27, 20, 48]"
12,"[27, 20, 54]"
13,"[27, 20, 17]"
15,"[27, 20, 29]"
12,"[27, 20, 0]"
12,"[27, 20, 6]"
14,"[27, 20, 33]"
15,"[27, 20, 34]"
13,"[27, 20, 25]"
16,"[27, 32]"
12,"[27, 32, 69]"
16,"[27, 32, 70]"
12,"[27, 32, 25]"
13,"[27, 32, 27]"
15,"[27, 32, 29]"
12,"[27, 32, 0]"
13,"[27, 32, 6]"
12,"[27, 32, 17]"
12,"[27, 32, 8]"
12,"[27, 32, 48]"
13,"[27, 32, 28]"
12,"[27, 32, 34]"
12,"[27, 32, 33]"
35,[17]
30,"[17, 0]"
17,"[17, 0, 3]"
15,"[17, 0, 1]"
25,"[17, 0, 29]"
26,"[17, 0, 6]"
13,"[17, 0, 8]"
27,"[17, 0, 10]"
30,"[17, 0, 70]"
22,"[17, 0, 69]"
15,"[17, 0, 12]"
13,"[17, 0, 11]"
25,"[17, 0, 56]"
15,"[17, 0, 57]"
25,"[17, 0, 25]"
28,"[17, 0, 48]"
27,"[17, 0, 28]"
21,"[17, 0, 17]"
24,"[17, 0, 35]"
22,"[17, 0, 58]"
19,"[17, 0, 49]"
18,"[17, 0, 55]"
22,"[17, 0, 4]"
20,"[17, 0, 27]"
24,"[17, 0, 34]"
23,"[17, 0, 33]"
15,"[17, 0, 26]"
13,"[17, 0, 50]"
19,"[17, 0, 37]"
16,"[17, 0, 60]"
20,"[17, 0, 0]"
23,"[17, 0, 54]"
13,"[17, 0, 53]"
14,"[17, 0, 42]"
16,"[17, 0, 7]"
12,"[17, 0, 59]"
19,"[17, 0, 20]"
12,"[17, 0, 14]"
14,"[17, 0, 32]"
18,"[17, 3]"
13,"[17, 3, 1]"
14,"[17, 3, 29]"
18,"[17, 3, 6]"
16,"[17, 3, 10]"
17,"[17, 3, 70]"
12,"[17, 3, 69]"
15,"[17, 3, 56]"
15,"[17, 3, 25]"
16,"[17, 3, 48]"
16,"[17, 3, 28]"
12,"[17, 3, 17]"
14,"[17, 3, 35]"
14,"[17, 3, 58]"
13,"[17, 3, 49]"
12,"[17, 3, 55]"
14,"[17, 3, 7]"
15,"[17, 3, 4]"
14,"[17, 3, 34]"
14,"[17, 3, 33]"
14,"[17, 3, 54]"
13,"[17, 3, 37]"
12,"[17, 3, 20]"
15,"[17, 1]"
13,"[17, 1, 6]"
14,"[17, 1, 70]"
34,"[17, 29]"
28,"[17, 29, 6]"
13,"[17, 29, 8]"
28,"[17, 29, 10]"
33,"[17, 29, 70]"
24,"[17, 29, 69]"
16,"[17, 29, 12]"
14,"[17, 29, 51]"
14,"[17, 29, 11]"
27,"[17, 29, 56]"
17,"[17, 29, 57]"
13,"[17, 29, 62]"
27,"[17, 29, 25]"
30,"[17, 29, 48]"
30,"[17, 29, 28]"
22,"[17, 29, 17]"
24,"[17, 29, 35]"
22,"[17, 29, 58]"
19,"[17, 29, 49]"
18,"[17, 29, 55]"
24,"[17, 29, 4]"
25,"[17, 29, 34]"
26,"[17, 29, 33]"
17,"[17, 29, 26]"
14,"[17, 29, 50]"
18,"[17, 29, 37]"
16,"[17, 29, 60]"
24,"[17, 29, 29]"
25,"[17, 29, 0]"
14,"[17, 29, 1]"
23,"[17, 29, 54]"
15,"[17, 29, 13]"
16,"[17, 29, 53]"
15,"[17, 29, 42]"
12,"[17, 29, 3]"
18,"[17, 29, 7]"
12,"[17, 29, 59]"
20,"[17, 29, 27]"
18,"[17, 29, 20]"
13,"[17, 29, 32]"
31,"[17, 6]"
13,"[17, 6, 8]"
24,"[17, 6, 10]"
30,"[17, 6, 70]"
21,"[17, 6, 69]"
13,"[17, 6, 12]"
14,"[17, 6, 11]"
23,"[17, 6, 56]"
15,"[17, 6, 57]"
24,"[17, 6, 25]"
26,"[17, 6, 48]"
26,"[17, 6, 28]"
24,"[17, 6, 17]"
22,"[17, 6, 35]"
22,"[17, 6, 58]"
21,"[17, 6, 49]"
19,"[17, 6, 55]"
23,"[17, 6, 6]"
22,"[17, 6, 4]"
19,"[17, 6, 27]"
24,"[17, 6, 29]"
21,"[17, 6, 34]"
22,"[17, 6, 33]"
13,"[17, 6, 26]"
12,"[17, 6, 50]"
19,"[17, 6, 37]"
16,"[17, 6, 60]"
19,"[17, 6, 0]"
22,"[17, 6, 54]"
13,"[17, 6, 53]"
12,"[17, 6, 42]"
19,"[17, 6, 7]"
13,"[17, 6, 59]"
17,"[17, 6, 20]"
12,"[17, 6, 32]"
16,"[17, 8]"
15,"[17, 8, 70]"
12,"[17, 8, 69]"
13,"[17, 8, 25]"
13,"[17, 8, 48]"
13,"[17, 8, 28]"
12,"[17, 8, 17]"
13,"[17, 8, 6]"
15,"[17, 8, 29]"
12,"[17, 8, 0]"
30,"[17, 10]"
29,"[17, 10, 70]"
22,"[17, 10, 69]"
15,"[17, 10, 12]"
13,"[17, 10, 51]"
14,"[17, 10, 11]"
26,"[17, 10, 56]"
15,"[17, 10, 57]"
25,"[17, 10, 25]"
27,"[17, 10, 48]"
28,"[17, 10, 28]"
18,"[17, 10, 17]"
23,"[17, 10, 35]"
21,"[17, 10, 58]"
17,"[17, 10, 49]"
16,"[17, 10, 55]"
21,"[17, 10, 6]"
23,"[17, 10, 34]"
23,"[17, 10, 33]"
13,"[17, 10, 26]"
16,"[17, 10, 37]"
14,"[17, 10, 60]"
20,"[17, 10, 29]"
16,"[17, 10, 0]"
16,"[17, 10, 4]"
21,"[17, 10, 54]"
13,"[17, 10, 13]"
15,"[17, 10, 53]"
14,"[17, 10, 42]"
17,"[17, 10, 10]"
15,"[17, 10, 20]"
16,"[17, 10, 27]"
12,"[17, 10, 32]"
35,"[17, 70]"
22,"[17, 70, 69]"
16,"[17, 70, 12]"
18,"[17, 70, 56]"
14,"[17, 70, 62]"
29,"[17, 70, 25]"
32,"[17, 70, 48]"
32,"[17, 70, 28]"
23,"[17, 70, 17]"
34,"[17, 70, 70]"
17,"[17, 70, 35]"
19,"[17, 70, 58]"
21,"[17, 70, 49]"
19,"[17, 70, 55]"
23,"[17, 70, 6]"
27,"[17, 70, 34]"
27,"[17, 70, 33]"
17,"[17, 70, 26]"
16,"[17, 70, 50]"
21,"[17, 70, 37]"
18,"[17, 70, 60]"
26,"[17, 70, 29]"
18,"[17, 70, 0]"
16,"[17, 70, 4]"
26,"[17, 70, 54]"
12,"[17, 70, 13]"
14,"[17, 70, 53]"
15,"[17, 70, 42]"
18,"[17, 70, 27]"
20,"[17, 70, 20]"
17,"[17, 70, 10]"
15,"[17, 70, 32]"
12,"[17, 70, 8]"
27,"[17, 69]"
17,"[17, 69, 12]"
14,"[17, 69, 51]"
17,"[17, 69, 56]"
18,"[17, 69, 25]"
19,"[17, 69, 48]"
20,"[17, 69, 28]"
19,"[17, 69, 17]"
27,"[17, 69, 70]"
12,"[17, 69, 58]"
17,"[17, 69, 49]"
12,"[17, 69, 55]"
17,"[17, 69, 6]"
24,"[17, 69, 69]"
19,"[17, 69, 29]"
14,"[17, 69, 0]"
18,"[17, 69, 54]"
16,"[17, 69, 13]"
17,"[17, 69, 53]"
16,"[17, 69, 42]"
16,"[17, 69, 27]"
18,"[17, 69, 33]"
12,"[17, 69, 20]"
15,"[17, 69, 37]"
13,"[17, 69, 60]"
18,"[17, 69, 34]"
14,"[17, 69, 32]"
17,"[17, 12]"
15,"[17, 12, 70]"
13,"[17, 12, 42]"
12,"[17, 12, 53]"
14,"[17, 51]"
12,"[17, 51, 70]"
14,"[17, 11]"
13,"[17, 11, 56]"
13,"[17, 11, 48]"
12,"[17, 11, 28]"
14,"[17, 11, 70]"
13,"[17, 11, 35]"
12,"[17, 11, 58]"
12,"[17, 11, 49]"
29,"[17, 56]"
17,"[17, 56, 57]"
24,"[17, 56, 25]"
27,"[17, 56, 48]"
27,"[17, 56, 28]"
17,"[17, 56, 17]"
28,"[17, 56, 70]"
22,"[17, 56, 35]"
20,"[17, 56, 58]"
16,"[17, 56, 49]"
15,"[17, 56, 55]"
20,"[17, 56, 6]"
20,"[17, 56, 69]"
17,"[17, 56, 27]"
19,"[17, 56, 29]"
14,"[17, 56, 4]"
15,"[17, 56, 10]"
19,"[17, 56, 56]"
23,"[17, 56, 34]"
23,"[17, 56, 33]"
12,"[17, 56, 26]"
12,"[17, 56, 50]"
16,"[17, 56, 37]"
14,"[17, 56, 60]"
16,"[17, 56, 0]"
20,"[17, 56, 54]"
12,"[17, 56, 53]"
12,"[17, 56, 12]"
12,"[17, 56, 42]"
15,"[17, 56, 20]"
12,"[17, 56, 32]"
17,"[17, 57]"
12,"[17, 57, 25]"
14,"[17, 57, 48]"
15,"[17, 57, 28]"
12,"[17, 57, 17]"
17,"[17, 57, 70]"
13,"[17, 57, 35]"
12,"[17, 57, 58]"
13,"[17, 57, 49]"
12,"[17, 57, 6]"
13,"[17, 57, 69]"
12,"[17, 57, 33]"
12,"[17, 57, 34]"
12,"[17, 57, 54]"
14,"[17, 62]"
13,"[17, 62, 70]"
29,"[17, 25]"
24,"[17, 25, 48]"
21,"[17, 25, 28]"
17,"[17, 25, 17]"
26,"[17, 25, 70]"
12,"[17, 25, 58]"
15,"[17, 25, 49]"
13,"[17, 25, 55]"
16,"[17, 25, 6]"
19,"[17, 25, 69]"
15,"[17, 25, 37]"
17,"[17, 25, 25]"
20,"[17, 25, 29]"
15,"[17, 25, 0]"
12,"[17, 25, 4]"
20,"[17, 25, 54]"
12,"[17, 25, 53]"
13,"[17, 25, 12]"
12,"[17, 25, 42]"
18,"[17, 25, 33]"
14,"[17, 25, 27]"
15,"[17, 25, 20]"
15,"[17, 25, 34]"
12,"[17, 25, 32]"
32,"[17, 48]"
23,"[17, 48, 28]"
18,"[17, 48, 17]"
29,"[17, 48, 70]"
15,"[17, 48, 49]"
22,"[17, 48, 48]"
16,"[17, 48, 55]"
20,"[17, 48, 6]"
19,"[17, 48, 69]"
13,"[17, 48, 37]"
18,"[17, 48, 25]"
21,"[17, 48, 29]"
16,"[17, 48, 0]"
13,"[17, 48, 4]"
22,"[17, 48, 54]"
12,"[17, 48, 12]"
13,"[17, 48, 27]"
13,"[17, 48, 20]"
14,"[17, 48, 33]"
13,"[17, 48, 34]"
32,"[17, 28]"
21,"[17, 28, 17]"
31,"[17, 28, 70]"
12,"[17, 28, 35]"
12,"[17, 28, 58]"
16,"[17, 28, 49]"
27,"[17, 28, 48]"
16,"[17, 28, 55]"
19,"[17, 28, 6]"
20,"[17, 28, 69]"
27,"[17, 28, 25]"
14,"[17, 28, 26]"
12,"[17, 28, 50]"
16,"[17, 28, 37]"
14,"[17, 28, 60]"
22,"[17, 28, 28]"
23,"[17, 28, 29]"
17,"[17, 28, 0]"
13,"[17, 28, 4]"
24,"[17, 28, 54]"
14,"[17, 28, 53]"
14,"[17, 28, 12]"
13,"[17, 28, 42]"
12,"[17, 28, 56]"
20,"[17, 28, 33]"
15,"[17, 28, 27]"
17,"[17, 28, 20]"
12,"[17, 28, 10]"
18,"[17, 28, 34]"
14,"[17, 28, 32]"
26,"[17, 17]"
25,"[17, 17, 70]"
14,"[17, 17, 35]"
14,"[17, 17, 58]"
15,"[17, 17, 49]"
21,"[17, 17, 48]"
15,"[17, 17, 55]"
19,"[17, 17, 17]"
22,"[17, 17, 6]"
17,"[17, 17, 69]"
17,"[17, 17, 27]"
22,"[17, 17, 29]"
17,"[17, 17, 4]"
15,"[17, 17, 10]"
15,"[17, 17, 56]"
18,"[17, 17, 34]"
19,"[17, 17, 33]"
19,"[17, 17, 28]"
17,"[17, 17, 25]"
14,"[17, 17, 37]"
20,"[17, 17, 0]"
17,"[17, 17, 54]"
14,"[17, 17, 20]"
12,"[17, 17, 32]"
26,"[17, 35]"
24,"[17, 35, 58]"
17,"[17, 35, 49]"
26,"[17, 35, 70]"
23,"[17, 35, 48]"
14,"[17, 35, 55]"
17,"[17, 35, 17]"
15,"[17, 35, 6]"
20,"[17, 35, 69]"
13,"[17, 35, 27]"
17,"[17, 35, 29]"
13,"[17, 35, 56]"
13,"[17, 35, 35]"
19,"[17, 35, 34]"
19,"[17, 35, 33]"
24,"[17, 35, 28]"
20,"[17, 35, 25]"
15,"[17, 35, 37]"
12,"[17, 35, 0]"
20,"[17, 35, 54]"
13,"[17, 35, 53]"
12,"[17, 35, 12]"
12,"[17, 35, 42]"
13,"[17, 35, 59]"
13,"[17, 35, 20]"
24,"[17, 58]"
17,"[17, 58, 49]"
24,"[17, 58, 70]"
21,"[17, 58, 48]"
14,"[17, 58, 55]"
17,"[17, 58, 17]"
15,"[17, 58, 6]"
18,"[17, 58, 69]"
14,"[17, 58, 35]"
16,"[17, 58, 58]"
18,"[17, 58, 34]"
17,"[17, 58, 33]"
22,"[17, 58, 28]"
18,"[17, 58, 25]"
14,"[17, 58, 37]"
17,"[17, 58, 29]"
12,"[17, 58, 0]"
19,"[17, 58, 54]"
12,"[17, 58, 53]"
13,"[17, 58, 59]"
12,"[17, 58, 20]"
12,"[17, 58, 27]"
21,"[17, 49]"
18,"[17, 49, 70]"
15,"[17, 49, 48]"
14,"[17, 49, 55]"
15,"[17, 49, 17]"
12,"[17, 49, 6]"
13,"[17, 49, 69]"
13,"[17, 49, 29]"
12,"[17, 49, 0]"
13,"[17, 49, 54]"
19,"[17, 55]"
13,"[17, 55, 17]"
13,"[17, 55, 70]"
12,"[17, 55, 29]"
25,"[17, 4]"
16,"[17, 4, 56]"
16,"[17, 4, 35]"
16,"[17, 4, 17]"
15,"[17, 4, 27]"
20,"[17, 4, 29]"
14,"[17, 4, 4]"
19,"[17, 4, 10]"
13,"[17, 4, 58]"
24,"[17, 4, 70]"
15,"[17, 4, 34]"
17,"[17, 4, 33]"
19,"[17, 4, 28]"
18,"[17, 4, 25]"
19,"[17, 4, 48]"
14,"[17, 4, 26]"
14,"[17, 4, 37]"
12,"[17, 4, 60]"
16,"[17, 4, 69]"
15,"[17, 4, 0]"
17,"[17, 4, 6]"
15,"[17, 4, 55]"
17,"[17, 4, 54]"
12,"[17, 4, 12]"
15,"[17, 4, 20]"
13,"[17, 4, 49]"
25,"[17, 27]"
23,"[17, 27, 29]"
17,"[17, 27, 4]"
15,"[17, 27, 10]"
14,"[17, 27, 56]"
14,"[17, 27, 35]"
24,"[17, 27, 70]"
19,"[17, 27, 34]"
20,"[17, 27, 33]"
20,"[17, 27, 28]"
17,"[17, 27, 25]"
18,"[17, 27, 48]"
12,"[17, 27, 37]"
12,"[17, 27, 60]"
19,"[17, 27, 69]"
19,"[17, 27, 17]"
18,"[17, 27, 0]"
19,"[17, 27, 6]"
12,"[17, 27, 55]"
15,"[17, 27, 54]"
12,"[17, 27, 12]"
12,"[17, 27, 42]"
12,"[17, 27, 49]"
14,"[17, 27, 27]"
13,"[17, 27, 20]"
12,"[17, 27, 32]"
27,"[17, 34]"
24,"[17, 34, 33]"
27,"[17, 34, 28]"
24,"[17, 34, 25]"
26,"[17, 34, 48]"
27,"[17, 34, 70]"
14,"[17, 34, 26]"
13,"[17, 34, 50]"
18,"[17, 34, 37]"
14,"[17, 34, 60]"
19,"[17, 34, 29]"
18,"[17, 34, 69]"
18,"[17, 34, 17]"
15,"[17, 34, 0]"
12,"[17, 34, 4]"
18,"[17, 34, 6]"
13,"[17, 34, 55]"
22,"[17, 34, 54]"
12,"[17, 34, 53]"
13,"[17, 34, 12]"
12,"[17, 34, 42]"
17,"[17, 34, 20]"
15,"[17, 34, 49]"
13,"[17, 34, 27]"
18,"[17, 34, 34]"
13,"[17, 34, 32]"
27,"[17, 33]"
24,"[17, 33, 28]"
24,"[17, 33, 25]"
25,"[17, 33, 48]"
26,"[17, 33, 70]"
12,"[17, 33, 26]"
12,"[17, 33, 50]"
16,"[17, 33, 37]"
12,"[17, 33, 60]"
21,"[17, 33, 29]"
19,"[17, 33, 69]"
17,"[17, 33, 17]"
17,"[17, 33, 0]"
13,"[17, 33, 4]"
16,"[17, 33, 6]"
12,"[17, 33, 55]"
21,"[17, 33, 54]"
13,"[17, 33, 53]"
14,"[17, 33, 12]"
13,"[17, 33, 42]"
12,"[17, 33, 58]"
15,"[17, 33, 27]"
18,"[17, 33, 20]"
12,"[17, 33, 35]"
13,"[17, 33, 49]"
16,"[17, 33, 33]"
17,"[17, 33, 34]"
13,"[17, 33, 32]"
17,"[17, 26]"
13,"[17, 26, 50]"
14,"[17, 26, 48]"
12,"[17, 26, 29]"
17,"[17, 26, 70]"
13,"[17, 26, 6]"
16,"[17, 50]"
13,"[17, 50, 48]"
13,"[17, 50, 29]"
12,"[17, 50, 17]"
16,"[17, 50, 70]"
13,"[17, 50, 54]"
21,"[17, 37]"
16,"[17, 37, 60]"
17,"[17, 37, 48]"
14,"[17, 37, 25]"
13,"[17, 37, 28]"
15,"[17, 37, 29]"
12,"[17, 37, 69]"
15,"[17, 37, 17]"
13,"[17, 37, 0]"
21,"[17, 37, 70]"
15,"[17, 37, 6]"
12,"[17, 37, 55]"
14,"[17, 37, 54]"
12,"[17, 37, 20]"
12,"[17, 37, 49]"
13,"[17, 37, 27]"
13,"[17, 37, 33]"
13,"[17, 37, 34]"
18,"[17, 60]"
14,"[17, 60, 48]"
12,"[17, 60, 28]"
13,"[17, 60, 29]"
13,"[17, 60, 17]"
18,"[17, 60, 70]"
14,"[17, 60, 6]"
26,"[17, 54]"
15,"[17, 54, 69]"
26,"[17, 54, 70]"
12,"[17, 54, 12]"
14,"[17, 54, 25]"
14,"[17, 54, 0]"
21,"[17, 54, 54]"
14,"[17, 54, 55]"
19,"[17, 54, 48]"
17,"[17, 54, 6]"
14,"[17, 54, 20]"
16,"[17, 54, 28]"
12,"[17, 54, 4]"
14,"[17, 54, 49]"
12,"[17, 54, 27]"
17,"[17, 54, 17]"
18,"[17, 54, 29]"
17,"[17, 54, 33]"
15,"[17, 54, 34]"
16,"[17, 13]"
14,"[17, 13, 53]"
15,"[17, 13, 70]"
17,"[17, 53]"
16,"[17, 53, 70]"
16,"[17, 42]"
14,"[17, 42, 70]"
12,"[17, 42, 53]"
20,"[17, 7]"
13,"[17, 7, 4]"
13,"[17, 7, 10]"
12,"[17, 7, 56]"
14,"[17, 7, 35]"
14,"[17, 7, 58]"
19,"[17, 7, 70]"
13,"[17, 7, 34]"
14,"[17, 7, 33]"
16,"[17, 7, 28]"
14,"[17, 7, 25]"
15,"[17, 7, 48]"
14,"[17, 7, 54]"
13,"[17, 7, 37]"
12,"[17, 7, 55]"
13,"[17, 7, 6]"
14,"[17, 7, 49]"
13,"[17, 7, 69]"
15,"[17, 7, 17]"
13,"[17, 7, 29]"
13,"[17, 59]"
13,"[17, 59, 70]"
12,"[17, 18]"
12,"[17, 18, 29]"
20,"[17, 20]"
14,"[17, 20, 37]"
14,"[17, 20, 28]"
19,"[17, 20, 70]"
13,"[17, 20, 69]"
16,"[17, 20, 48]"
12,"[17, 20, 54]"
13,"[17, 20, 17]"
15,"[17, 20, 29]"
12,"[17, 20, 0]"
12,"[17, 20, 6]"
14,"[17, 20, 33]"
15,"[17, 20, 34]"
13,"[17, 20, 25]"
12,"[17, 14]"
17,"[17, 32]"
13,"[17, 32, 69]"
17,"[17, 32, 70]"
13,"[17, 32, 25]"
14,"[17, 32, 27]"
16,"[17, 32, 29]"
12,"[17, 32, 0]"
14,"[17, 32, 6]"
12,"[17, 32, 4]"
12,"[17, 32, 17]"
12,"[17, 32, 8]"
12,"[17, 32, 48]"
14,"[17, 32, 28]"
12,"[17, 32, 34]"
12,"[17, 32, 33]"
36,[0]
20,"[0, 3]"
13,"[0, 3, 1]"
16,"[0, 3, 29]"
19,"[0, 3, 6]"
17,"[0, 3, 10]"
19,"[0, 3, 70]"
14,"[0, 3, 69]"
17,"[0, 3, 56]"
17,"[0, 3, 25]"
18,"[0, 3, 48]"
18,"[0, 3, 28]"
14,"[0, 3, 17]"
15,"[0, 3, 35]"
15,"[0, 3, 58]"
15,"[0, 3, 49]"
13,"[0, 3, 55]"
15,"[0, 3, 7]"
15,"[0, 3, 4]"
15,"[0, 3, 34]"
16,"[0, 3, 33]"
15,"[0, 3, 54]"
13,"[0, 3, 0]"
14,"[0, 3, 37]"
13,"[0, 3, 27]"
13,"[0, 3, 20]"
12,"[0, 64]"
12,"[0, 64, 70]"
15,"[0, 1]"
13,"[0, 1, 6]"
14,"[0, 1, 70]"
30,"[0, 29]"
26,"[0, 29, 6]"
13,"[0, 29, 8]"
21,"[0, 29, 10]"
28,"[0, 29, 70]"
22,"[0, 29, 69]"
13,"[0, 29, 12]"
12,"[0, 29, 11]"
20,"[0, 29, 56]"
14,"[0, 29, 57]"
13,"[0, 29, 62]"
21,"[0, 29, 25]"
23,"[0, 29, 48]"
23,"[0, 29, 28]"
24,"[0, 29, 17]"
19,"[0, 29, 35]"
19,"[0, 29, 58]"
19,"[0, 29, 49]"
18,"[0, 29, 55]"
19,"[0, 29, 4]"
20,"[0, 29, 34]"
21,"[0, 29, 33]"
14,"[0, 29, 26]"
13,"[0, 29, 50]"
17,"[0, 29, 37]"
15,"[0, 29, 60]"
22,"[0, 29, 29]"
20,"[0, 29, 0]"
21,"[0, 29, 54]"
12,"[0, 29, 13]"
14,"[0, 29, 53]"
12,"[0, 29, 42]"
17,"[0, 29, 27]"
16,"[0, 29, 7]"
16,"[0, 29, 20]"
32,"[0, 6]"
15,"[0, 6, 8]"
27,"[0, 6, 10]"
32,"[0, 6, 70]"
23,"[0, 6, 69]"
14,"[0, 6, 12]"
12,"[0, 6, 64]"
16,"[0, 6, 11]"
25,"[0, 6, 56]"
17,"[0, 6, 57]"
14,"[0, 6, 62]"
26,"[0, 6, 25]"
28,"[0, 6, 48]"
28,"[0, 6, 28]"
26,"[0, 6, 17]"
24,"[0, 6, 35]"
23,"[0, 6, 58]"
22,"[0, 6, 49]"
20,"[0, 6, 55]"
26,"[0, 6, 6]"
24,"[0, 6, 4]"
20,"[0, 6, 27]"
25,"[0, 6, 29]"
23,"[0, 6, 34]"
24,"[0, 6, 33]"
16,"[0, 6, 26]"
14,"[0, 6, 50]"
21,"[0, 6, 37]"
19,"[0, 6, 60]"
20,"[0, 6, 0]"
12,"[0, 6, 5]"
24,"[0, 6, 54]"
12,"[0, 6, 13]"
15,"[0, 6, 53]"
13,"[0, 6, 42]"
21,"[0, 6, 7]"
13,"[0, 6, 59]"
12,"[0, 6, 18]"
19,"[0, 6, 20]"
13,"[0, 6, 32]"
17,"[0, 8]"
16,"[0, 8, 70]"
14,"[0, 8, 69]"
12,"[0, 8, 56]"
14,"[0, 8, 25]"
14,"[0, 8, 48]"
15,"[0, 8, 28]"
15,"[0, 8, 17]"
12,"[0, 8, 49]"
14,"[0, 8, 6]"
16,"[0, 8, 29]"
14,"[0, 8, 27]"
13,"[0, 8, 0]"
12,"[0, 8, 32]"
32,"[0, 10]"
32,"[0, 10, 70]"
24,"[0, 10, 69]"
16,"[0, 10, 12]"
13,"[0, 10, 51]"
16,"[0, 10, 11]"
27,"[0, 10, 56]"
16,"[0, 10, 57]"
14,"[0, 10, 62]"
27,"[0, 10, 25]"
29,"[0, 10, 48]"
30,"[0, 10, 28]"
21,"[0, 10, 17]"
26,"[0, 10, 35]"
23,"[0, 10, 58]"
20,"[0, 10, 49]"
18,"[0, 10, 55]"
24,"[0, 10, 6]"
25,"[0, 10, 34]"
25,"[0, 10, 33]"
15,"[0, 10, 26]"
13,"[0, 10, 50]"
20,"[0, 10, 37]"
16,"[0, 10, 60]"
24,"[0, 10, 29]"
17,"[0, 10, 0]"
18,"[0, 10, 4]"
24,"[0, 10, 54]"
14,"[0, 10, 13]"
16,"[0, 10, 53]"
15,"[0, 10, 42]"
18,"[0, 10, 10]"
12,"[0, 10, 59]"
18,"[0, 10, 20]"
17,"[0, 10, 27]"
12,"[0, 10, 14]"
13,"[0, 10, 32]"
36,"[0, 70]"
25,"[0, 70, 69]"
16,"[0, 70, 12]"
12,"[0, 70, 64]"
18,"[0, 70, 56]"
16,"[0, 70, 62]"
31,"[0, 70, 25]"
32,"[0, 70, 48]"
34,"[0, 70, 28]"
24,"[0, 70, 17]"
34,"[0, 70, 70]"
17,"[0, 70, 35]"
18,"[0, 70, 58]"
22,"[0, 70, 49]"
20,"[0, 70, 55]"
24,"[0, 70, 6]"
29,"[0, 70, 34]"
29,"[0, 70, 33]"
19,"[0, 70, 26]"
17,"[0, 70, 50]"
23,"[0, 70, 37]"
20,"[0, 70, 60]"
27,"[0, 70, 29]"
18,"[0, 70, 0]"
16,"[0, 70, 4]"
26,"[0, 70, 54]"
13,"[0, 70, 13]"
16,"[0, 70, 53]"
15,"[0, 70, 42]"
19,"[0, 70, 27]"
23,"[0, 70, 20]"
16,"[0, 70, 10]"
15,"[0, 70, 32]"
12,"[0, 70, 18]"
28,"[0, 69]"
17,"[0, 69, 12]"
15,"[0, 69, 51]"
17,"[0, 69, 56]"
12,"[0, 69, 62]"
19,"[0, 69, 25]"
19,"[0, 69, 48]"
21,"[0, 69, 28]"
19,"[0, 69, 17]"
27,"[0, 69, 70]"
18,"[0, 69, 49]"
13,"[0, 69, 55]"
19,"[0, 69, 6]"
25,"[0, 69, 69]"
20,"[0, 69, 29]"
15,"[0, 69, 0]"
18,"[0, 69, 54]"
16,"[0, 69, 13]"
18,"[0, 69, 53]"
16,"[0, 69, 42]"
17,"[0, 69, 27]"
19,"[0, 69, 33]"
13,"[0, 69, 20]"
16,"[0, 69, 37]"
14,"[0, 69, 60]"
18,"[0, 69, 34]"
14,"[0, 69, 32]"
17,"[0, 12]"
15,"[0, 12, 70]"
13,"[0, 12, 42]"
12,"[0, 12, 53]"
15,"[0, 51]"
12,"[0, 51, 70]"
16,"[0, 11]"
14,"[0, 11, 56]"
12,"[0, 11, 25]"
15,"[0, 11, 48]"
13,"[0, 11, 28]"
16,"[0, 11, 70]"
14,"[0, 11, 35]"
13,"[0, 11, 58]"
14,"[0, 11, 49]"
13,"[0, 11, 55]"
13,"[0, 11, 6]"
13,"[0, 11, 54]"
31,"[0, 56]"
19,"[0, 56, 57]"
15,"[0, 56, 62]"
26,"[0, 56, 25]"
29,"[0, 56, 48]"
29,"[0, 56, 28]"
21,"[0, 56, 17]"
31,"[0, 56, 70]"
24,"[0, 56, 35]"
22,"[0, 56, 58]"
19,"[0, 56, 49]"
17,"[0, 56, 55]"
23,"[0, 56, 6]"
22,"[0, 56, 69]"
18,"[0, 56, 27]"
23,"[0, 56, 29]"
16,"[0, 56, 4]"
17,"[0, 56, 10]"
21,"[0, 56, 56]"
25,"[0, 56, 34]"
25,"[0, 56, 33]"
15,"[0, 56, 26]"
14,"[0, 56, 50]"
20,"[0, 56, 37]"
16,"[0, 56, 60]"
17,"[0, 56, 0]"
23,"[0, 56, 54]"
12,"[0, 56, 13]"
13,"[0, 56, 53]"
13,"[0, 56, 12]"
13,"[0, 56, 42]"
12,"[0, 56, 59]"
18,"[0, 56, 20]"
12,"[0, 56, 14]"
13,"[0, 56, 32]"
19,"[0, 57]"
13,"[0, 57, 25]"
16,"[0, 57, 48]"
16,"[0, 57, 28]"
13,"[0, 57, 17]"
19,"[0, 57, 70]"
13,"[0, 57, 35]"
13,"[0, 57, 58]"
15,"[0, 57, 49]"
12,"[0, 57, 55]"
14,"[0, 57, 6]"
14,"[0, 57, 69]"
13,"[0, 57, 29]"
13,"[0, 57, 33]"
13,"[0, 57, 34]"
14,"[0, 57, 54]"
16,"[0, 62]"
13,"[0, 62, 48]"
12,"[0, 62, 28]"
15,"[0, 62, 70]"
12,"[0, 62, 69]"
13,"[0, 62, 29]"
12,"[0, 62, 33]"
31,"[0, 25]"
25,"[0, 25, 48]"
20,"[0, 25, 28]"
19,"[0, 25, 17]"
28,"[0, 25, 70]"
13,"[0, 25, 58]"
13,"[0, 25, 62]"
17,"[0, 25, 49]"
14,"[0, 25, 55]"
19,"[0, 25, 6]"
19,"[0, 25, 69]"
18,"[0, 25, 37]"
16,"[0, 25, 25]"
22,"[0, 25, 29]"
16,"[0, 25, 0]"
14,"[0, 25, 4]"
21,"[0, 25, 54]"
12,"[0, 25, 53]"
12,"[0, 25, 12]"
17,"[0, 25, 33]"
15,"[0, 25, 27]"
17,"[0, 25, 20]"
14,"[0, 25, 34]"
12,"[0, 25, 32]"
32,"[0, 48]"
24,"[0, 48, 28]"
21,"[0, 48, 17]"
30,"[0, 48, 70]"
12,"[0, 48, 62]"
17,"[0, 48, 49]"
23,"[0, 48, 48]"
18,"[0, 48, 55]"
21,"[0, 48, 6]"
20,"[0, 48, 69]"
12,"[0, 48, 26]"
16,"[0, 48, 37]"
12,"[0, 48, 60]"
19,"[0, 48, 25]"
22,"[0, 48, 29]"
17,"[0, 48, 0]"
14,"[0, 48, 4]"
23,"[0, 48, 54]"
12,"[0, 48, 12]"
12,"[0, 48, 56]"
14,"[0, 48, 27]"
15,"[0, 48, 20]"
15,"[0, 48, 33]"
14,"[0, 48, 34]"
13,"[0, 48, 32]"
34,"[0, 28]"
23,"[0, 28, 17]"
33,"[0, 28, 70]"
13,"[0, 28, 35]"
13,"[0, 28, 58]"
13,"[0, 28, 62]"
18,"[0, 28, 49]"
28,"[0, 28, 48]"
17,"[0, 28, 55]"
22,"[0, 28, 6]"
20,"[0, 28, 69]"
29,"[0, 28, 25]"
15,"[0, 28, 26]"
14,"[0, 28, 50]"
19,"[0, 28, 37]"
15,"[0, 28, 60]"
21,"[0, 28, 28]"
25,"[0, 28, 29]"
18,"[0, 28, 0]"
15,"[0, 28, 4]"
25,"[0, 28, 54]"
14,"[0, 28, 53]"
13,"[0, 28, 12]"
12,"[0, 28, 42]"
12,"[0, 28, 56]"
19,"[0, 28, 33]"
16,"[0, 28, 27]"
19,"[0, 28, 20]"
12,"[0, 28, 10]"
17,"[0, 28, 34]"
14,"[0, 28, 32]"
28,"[0, 17]"
28,"[0, 17, 70]"
14,"[0, 17, 35]"
14,"[0, 17, 58]"
16,"[0, 17, 49]"
23,"[0, 17, 48]"
17,"[0, 17, 55]"
22,"[0, 17, 17]"
26,"[0, 17, 6]"
21,"[0, 17, 69]"
20,"[0, 17, 27]"
24,"[0, 17, 29]"
19,"[0, 17, 4]"
15,"[0, 17, 10]"
15,"[0, 17, 56]"
19,"[0, 17, 34]"
20,"[0, 17, 33]"
21,"[0, 17, 28]"
19,"[0, 17, 25]"
15,"[0, 17, 37]"
13,"[0, 17, 60]"
20,"[0, 17, 0]"
20,"[0, 17, 54]"
12,"[0, 17, 53]"
12,"[0, 17, 12]"
14,"[0, 17, 8]"
13,"[0, 17, 7]"
15,"[0, 17, 20]"
14,"[0, 17, 32]"
27,"[0, 35]"
24,"[0, 35, 58]"
13,"[0, 35, 62]"
18,"[0, 35, 49]"
27,"[0, 35, 70]"
24,"[0, 35, 48]"
15,"[0, 35, 55]"
19,"[0, 35, 17]"
18,"[0, 35, 6]"
20,"[0, 35, 69]"
15,"[0, 35, 27]"
19,"[0, 35, 29]"
13,"[0, 35, 56]"
14,"[0, 35, 35]"
21,"[0, 35, 34]"
21,"[0, 35, 33]"
26,"[0, 35, 28]"
22,"[0, 35, 25]"
13,"[0, 35, 26]"
12,"[0, 35, 50]"
17,"[0, 35, 37]"
13,"[0, 35, 60]"
13,"[0, 35, 0]"
21,"[0, 35, 54]"
12,"[0, 35, 53]"
12,"[0, 35, 12]"
12,"[0, 35, 42]"
13,"[0, 35, 59]"
16,"[0, 35, 20]"
12,"[0, 35, 32]"
25,"[0, 58]"
18,"[0, 58, 49]"
25,"[0, 58, 70]"
21,"[0, 58, 48]"
15,"[0, 58, 55]"
18,"[0, 58, 17]"
16,"[0, 58, 6]"
19,"[0, 58, 69]"
14,"[0, 58, 35]"
16,"[0, 58, 58]"
18,"[0, 58, 34]"
17,"[0, 58, 33]"
22,"[0, 58, 28]"
18,"[0, 58, 25]"
12,"[0, 58, 50]"
15,"[0, 58, 37]"
12,"[0, 58, 60]"
17,"[0, 58, 29]"
13,"[0, 58, 0]"
19,"[0, 58, 54]"
12,"[0, 58, 53]"
12,"[0, 58, 12]"
12,"[0, 58, 42]"
13,"[0, 58, 59]"
13,"[0, 58, 20]"
13,"[0, 58, 27]"
22,"[0, 49]"
19,"[0, 49, 70]"
13,"[0, 49, 49]"
16,"[0, 49, 48]"
15,"[0, 49, 55]"
15,"[0, 49, 17]"
13,"[0, 49, 6]"
13,"[0, 49, 69]"
14,"[0, 49, 29]"
13,"[0, 49, 0]"
14,"[0, 49, 54]"
20,"[0, 55]"
13,"[0, 55, 17]"
12,"[0, 55, 6]"
14,"[0, 55, 70]"
12,"[0, 55, 0]"
13,"[0, 55, 29]"
26,"[0, 4]"
17,"[0, 4, 56]"
16,"[0, 4, 35]"
16,"[0, 4, 17]"
15,"[0, 4, 27]"
21,"[0, 4, 29]"
15,"[0, 4, 4]"
20,"[0, 4, 10]"
13,"[0, 4, 58]"
25,"[0, 4, 70]"
15,"[0, 4, 34]"
17,"[0, 4, 33]"
19,"[0, 4, 28]"
18,"[0, 4, 25]"
20,"[0, 4, 48]"
14,"[0, 4, 26]"
15,"[0, 4, 37]"
12,"[0, 4, 60]"
16,"[0, 4, 69]"
16,"[0, 4, 0]"
12,"[0, 4, 5]"
18,"[0, 4, 6]"
16,"[0, 4, 55]"
18,"[0, 4, 54]"
12,"[0, 4, 12]"
15,"[0, 4, 20]"
14,"[0, 4, 49]"
25,"[0, 27]"
23,"[0, 27, 29]"
16,"[0, 27, 4]"
13,"[0, 27, 10]"
13,"[0, 27, 56]"
14,"[0, 27, 35]"
12,"[0, 27, 58]"
24,"[0, 27, 70]"
18,"[0, 27, 34]"
19,"[0, 27, 33]"
19,"[0, 27, 28]"
16,"[0, 27, 25]"
17,"[0, 27, 48]"
13,"[0, 27, 37]"
12,"[0, 27, 60]"
20,"[0, 27, 69]"
20,"[0, 27, 17]"
17,"[0, 27, 0]"
19,"[0, 27, 6]"
13,"[0, 27, 55]"
15,"[0, 27, 54]"
12,"[0, 27, 12]"
14,"[0, 27, 49]"
16,"[0, 27, 27]"
13,"[0, 27, 20]"
12,"[0, 27, 32]"
29,"[0, 34]"
26,"[0, 34, 33]"
29,"[0, 34, 28]"
26,"[0, 34, 25]"
27,"[0, 34, 48]"
29,"[0, 34, 70]"
17,"[0, 34, 26]"
15,"[0, 34, 50]"
21,"[0, 34, 37]"
16,"[0, 34, 60]"
21,"[0, 34, 29]"
20,"[0, 34, 69]"
21,"[0, 34, 17]"
16,"[0, 34, 0]"
14,"[0, 34, 4]"
21,"[0, 34, 6]"
14,"[0, 34, 55]"
23,"[0, 34, 54]"
13,"[0, 34, 53]"
12,"[0, 34, 12]"
12,"[0, 34, 56]"
12,"[0, 34, 58]"
20,"[0, 34, 20]"
12,"[0, 34, 35]"
17,"[0, 34, 49]"
15,"[0, 34, 27]"
18,"[0, 34, 34]"
14,"[0, 34, 32]"
29,"[0, 33]"
26,"[0, 33, 28]"
26,"[0, 33, 25]"
26,"[0, 33, 48]"
28,"[0, 33, 70]"
12,"[0, 33, 62]"
13,"[0, 33, 26]"
14,"[0, 33, 50]"
19,"[0, 33, 37]"
13,"[0, 33, 60]"
23,"[0, 33, 29]"
19,"[0, 33, 69]"
19,"[0, 33, 17]"
18,"[0, 33, 0]"
15,"[0, 33, 4]"
19,"[0, 33, 6]"
13,"[0, 33, 55]"
22,"[0, 33, 54]"
13,"[0, 33, 53]"
13,"[0, 33, 12]"
12,"[0, 33, 42]"
13,"[0, 33, 58]"
16,"[0, 33, 27]"
20,"[0, 33, 20]"
13,"[0, 33, 35]"
15,"[0, 33, 49]"
15,"[0, 33, 33]"
16,"[0, 33, 34]"
13,"[0, 33, 32]"
19,"[0, 26]"
14,"[0, 26, 50]"
16,"[0, 26, 48]"
12,"[0, 26, 25]"
14,"[0, 26, 29]"
19,"[0, 26, 70]"
14,"[0, 26, 6]"
13,"[0, 26, 54]"
12,"[0, 26, 33]"
17,"[0, 50]"
13,"[0, 50, 48]"
13,"[0, 50, 29]"
13,"[0, 50, 69]"
12,"[0, 50, 17]"
16,"[0, 50, 70]"
14,"[0, 50, 54]"
23,"[0, 37]"
18,"[0, 37, 60]"
19,"[0, 37, 48]"
15,"[0, 37, 25]"
14,"[0, 37, 28]"
17,"[0, 37, 29]"
12,"[0, 37, 69]"
15,"[0, 37, 17]"
13,"[0, 37, 0]"
12,"[0, 37, 4]"
23,"[0, 37, 70]"
16,"[0, 37, 6]"
13,"[0, 37, 55]"
16,"[0, 37, 54]"
12,"[0, 37, 26]"
12,"[0, 37, 20]"
13,"[0, 37, 49]"
12,"[0, 37, 27]"
14,"[0, 37, 33]"
13,"[0, 37, 34]"
20,"[0, 60]"
16,"[0, 60, 48]"
12,"[0, 60, 25]"
14,"[0, 60, 28]"
15,"[0, 60, 29]"
14,"[0, 60, 17]"
20,"[0, 60, 70]"
15,"[0, 60, 6]"
12,"[0, 60, 55]"
13,"[0, 60, 54]"
12,"[0, 60, 26]"
23,"[0, 0]"
16,"[0, 0, 4]"
23,"[0, 0, 70]"
21,"[0, 0, 6]"
16,"[0, 0, 55]"
20,"[0, 0, 54]"
15,"[0, 0, 69]"
14,"[0, 0, 56]"
13,"[0, 0, 58]"
14,"[0, 0, 37]"
20,"[0, 0, 48]"
17,"[0, 0, 25]"
15,"[0, 0, 0]"
18,"[0, 0, 29]"
16,"[0, 0, 33]"
16,"[0, 0, 34]"
14,"[0, 0, 17]"
13,"[0, 0, 27]"
15,"[0, 0, 10]"
12,"[0, 0, 35]"
14,"[0, 0, 49]"
16,"[0, 0, 28]"
14,"[0, 0, 20]"
12,"[0, 5]"
12,"[0, 5, 70]"
26,"[0, 54]"
14,"[0, 54, 69]"
26,"[0, 54, 70]"
13,"[0, 54, 25]"
15,"[0, 54, 0]"
21,"[0, 54, 54]"
13,"[0, 54, 37]"
15,"[0, 54, 55]"
19,"[0, 54, 48]"
18,"[0, 54, 6]"
15,"[0, 54, 20]"
15,"[0, 54, 28]"
13,"[0, 54, 4]"
16,"[0, 54, 49]"
12,"[0, 54, 27]"
18,"[0, 54, 17]"
18,"[0, 54, 29]"
16,"[0, 54, 33]"
14,"[0, 54, 34]"
16,"[0, 13]"
13,"[0, 13, 53]"
14,"[0, 13, 70]"
18,"[0, 53]"
16,"[0, 53, 70]"
16,"[0, 42]"
13,"[0, 42, 70]"
21,"[0, 7]"
14,"[0, 7, 4]"
15,"[0, 7, 10]"
14,"[0, 7, 56]"
15,"[0, 7, 35]"
15,"[0, 7, 58]"
21,"[0, 7, 70]"
15,"[0, 7, 34]"
16,"[0, 7, 33]"
18,"[0, 7, 28]"
16,"[0, 7, 25]"
17,"[0, 7, 48]"
16,"[0, 7, 54]"
12,"[0, 7, 0]"
15,"[0, 7, 37]"
13,"[0, 7, 60]"
12,"[0, 7, 26]"
14,"[0, 7, 55]"
15,"[0, 7, 6]"
16,"[0, 7, 49]"
15,"[0, 7, 69]"
16,"[0, 7, 17]"
15,"[0, 7, 29]"
12,"[0, 7, 20]"
13,"[0, 59]"
13,"[0, 59, 70]"
14,"[0, 18]"
14,"[0, 18, 29]"
12,"[0, 18, 6]"
12,"[0, 18, 27]"
13,"[0, 18, 70]"
12,"[0, 18, 25]"
23,"[0, 20]"
17,"[0, 20, 37]"
13,"[0, 20, 60]"
13,"[0, 20, 26]"
15,"[0, 20, 28]"
22,"[0, 20, 70]"
15,"[0, 20, 69]"
13,"[0, 20, 49]"
18,"[0, 20, 48]"
14,"[0, 20, 54]"
12,"[0, 20, 27]"
15,"[0, 20, 17]"
18,"[0, 20, 29]"
13,"[0, 20, 0]"
15,"[0, 20, 6]"
15,"[0, 20, 33]"
15,"[0, 20, 34]"
14,"[0, 20, 25]"
13,"[0, 14]"
12,"[0, 14, 70]"
16,"[0, 32]"
14,"[0, 32, 69]"
16,"[0, 32, 70]"
13,"[0, 32, 25]"
14,"[0, 32, 27]"
15,"[0, 32, 29]"
12,"[0, 32, 8]"
12,"[0, 32, 54]"
12,"[0, 32, 17]"
12,"[0, 32, 6]"
14,"[0, 32, 28]"
12,"[0, 32, 34]"
12,"[0, 32, 33]"
20,[3]
13,"[3, 1]"
12,"[3, 1, 6]"
12,"[3, 1, 70]"
16,"[3, 29]"
14,"[3, 29, 6]"
15,"[3, 29, 70]"
12,"[3, 29, 69]"
13,"[3, 29, 25]"
12,"[3, 29, 48]"
12,"[3, 29, 28]"
13,"[3, 29, 17]"
13,"[3, 29, 29]"
13,"[3, 29, 33]"
12,"[3, 29, 54]"
12,"[3, 29, 34]"
19,"[3, 6]"
16,"[3, 6, 10]"
19,"[3, 6, 70]"
14,"[3, 6, 69]"
17,"[3, 6, 56]"
17,"[3, 6, 25]"
18,"[3, 6, 48]"
17,"[3, 6, 28]"
14,"[3, 6, 17]"
15,"[3, 6, 35]"
15,"[3, 6, 58]"
15,"[3, 6, 49]"
13,"[3, 6, 55]"
15,"[3, 6, 6]"
15,"[3, 6, 7]"
15,"[3, 6, 4]"
15,"[3, 6, 34]"
16,"[3, 6, 33]"
15,"[3, 6, 54]"
13,"[3, 6, 0]"
14,"[3, 6, 37]"
15,"[3, 6, 29]"
12,"[3, 6, 27]"
13,"[3, 6, 20]"
17,"[3, 10]"
17,"[3, 10, 70]"
13,"[3, 10, 69]"
15,"[3, 10, 56]"
15,"[3, 10, 25]"
16,"[3, 10, 48]"
15,"[3, 10, 28]"
12,"[3, 10, 17]"
14,"[3, 10, 35]"
14,"[3, 10, 58]"
13,"[3, 10, 49]"
12,"[3, 10, 55]"
13,"[3, 10, 6]"
12,"[3, 10, 34]"
13,"[3, 10, 33]"
14,"[3, 10, 54]"
13,"[3, 10, 37]"
13,"[3, 10, 29]"
19,"[3, 70]"
13,"[3, 70, 69]"
17,"[3, 70, 25]"
18,"[3, 70, 48]"
18,"[3, 70, 28]"
14,"[3, 70, 17]"
18,"[3, 70, 70]"
15,"[3, 70, 49]"
13,"[3, 70, 55]"
13,"[3, 70, 6]"
15,"[3, 70, 34]"
16,"[3, 70, 33]"
15,"[3, 70, 54]"
13,"[3, 70, 0]"
14,"[3, 70, 37]"
12,"[3, 70, 27]"
15,"[3, 70, 29]"
13,"[3, 70, 20]"
14,"[3, 69]"
12,"[3, 69, 25]"
13,"[3, 69, 48]"
13,"[3, 69, 28]"
12,"[3, 69, 17]"
14,"[3, 69, 70]"
13,"[3, 69, 49]"
14,"[3, 69, 69]"
12,"[3, 69, 29]"
12,"[3, 69, 33]"
17,"[3, 56]"
15,"[3, 56, 25]"
16,"[3, 56, 48]"
16,"[3, 56, 28]"
12,"[3, 56, 17]"
17,"[3, 56, 70]"
12,"[3, 56, 35]"
13,"[3, 56, 58]"
13,"[3, 56, 49]"
13,"[3, 56, 6]"
12,"[3, 56, 69]"
13,"[3, 56, 34]"
14,"[3, 56, 33]"
13,"[3, 56, 54]"
12,"[3, 56, 56]"
12,"[3, 56, 37]"
13,"[3, 56, 29]"
17,"[3, 25]"
16,"[3, 25, 48]"
13,"[3, 25, 28]"
13,"[3, 25, 17]"
16,"[3, 25, 70]"
12,"[3, 25, 49]"
13,"[3, 25, 6]"
12,"[3, 25, 69]"
13,"[3, 25, 54]"
13,"[3, 25, 0]"
12,"[3, 25, 37]"
12,"[3, 25, 27]"
13,"[3, 25, 29]"
18,"[3, 48]"
13,"[3, 48, 28]"
13,"[3, 48, 17]"
17,"[3, 48, 70]"
13,"[3, 48, 48]"
12,"[3, 48, 55]"
13,"[3, 48, 6]"
12,"[3, 48, 69]"
13,"[3, 48, 54]"
13,"[3, 48, 0]"
14,"[3, 48, 29]"
18,"[3, 28]"
14,"[3, 28, 17]"
17,"[3, 28, 70]"
12,"[3, 28, 49]"
16,"[3, 28, 48]"
13,"[3, 28, 6]"
12,"[3, 28, 69]"
15,"[3, 28, 25]"
14,"[3, 28, 54]"
12,"[3, 28, 0]"
12,"[3, 28, 33]"
12,"[3, 28, 27]"
14,"[3, 28, 29]"
13,"[3, 28, 28]"
14,"[3, 17]"
14,"[3, 17, 70]"
12,"[3, 17, 17]"
13,"[3, 17, 6]"
13,"[3, 17, 29]"
15,"[3, 35]"
15,"[3, 35, 58]"
12,"[3, 35, 49]"
15,"[3, 35, 70]"
14,"[3, 35, 48]"
12,"[3, 35, 17]"
12,"[3, 35, 6]"
12,"[3, 35, 34]"
13,"[3, 35, 33]"
14,"[3, 35, 28]"
13,"[3, 35, 25]"
13,"[3, 35, 54]"
15,"[3, 58]"
12,"[3, 58, 49]"
15,"[3, 58, 70]"
14,"[3, 58, 48]"
12,"[3, 58, 17]"
12,"[3, 58, 6]"
13,"[3, 58, 34]"
13,"[3, 58, 33]"
14,"[3, 58, 28]"
13,"[3, 58, 25]"
13,"[3, 58, 54]"
15,"[3, 49]"
13,"[3, 49, 70]"
12,"[3, 49, 17]"
12,"[3, 49, 69]"
12,"[3, 49, 29]"
13,"[3, 55]"
15,"[3, 7]"
13,"[3, 7, 4]"
12,"[3, 7, 10]"
12,"[3, 7, 56]"
13,"[3, 7, 35]"
13,"[3, 7, 58]"
15,"[3, 7, 70]"
13,"[3, 7, 34]"
14,"[3, 7, 33]"
14,"[3, 7, 28]"
14,"[3, 7, 25]"
14,"[3, 7, 48]"
13,"[3, 7, 54]"
12,"[3, 7, 37]"
12,"[3, 7, 6]"
12,"[3, 7, 49]"
12,"[3, 7, 17]"
12,"[3, 7, 29]"
15,"[3, 4]"
15,"[3, 4, 70]"
12,"[3, 4, 48]"
12,"[3, 4, 6]"
12,"[3, 4, 29]"
15,"[3, 34]"
15,"[3, 34, 33]"
15,"[3, 34, 28]"
15,"[3, 34, 25]"
14,"[3, 34, 48]"
15,"[3, 34, 70]"
14,"[3, 34, 54]"
12,"[3, 34, 0]"
12,"[3, 34, 37]"
12,"[3, 34, 6]"
12,"[3, 34, 17]"
13,"[3, 34, 29]"
16,"[3, 33]"
13,"[3, 33, 28]"
14,"[3, 33, 25]"
14,"[3, 33, 48]"
15,"[3, 33, 70]"
14,"[3, 33, 54]"
13,"[3, 33, 0]"
12,"[3, 33, 6]"
12,"[3, 33, 17]"
12,"[3, 33, 27]"
13,"[3, 33, 29]"
15,"[3, 54]"
15,"[3, 54, 70]"
14,"[3, 54, 54]"
12,"[3, 54, 6]"
12,"[3, 54, 17]"
13,"[3, 54, 29]"
13,"[3, 0]"
12,"[3, 0, 54]"
13,"[3, 0, 70]"
14,"[3, 37]"
14,"[3, 37, 70]"
12,"[3, 37, 29]"
13,"[3, 27]"
13,"[3, 27, 70]"
12,"[3, 27, 17]"
13,"[3, 27, 29]"
13,"[3, 20]"
12,"[3, 20, 37]"
13,"[3, 20, 70]"
12,"[3, 20, 29]"
15,[1]
13,"[1, 6]"
12,"[1, 6, 70]"
14,"[1, 70]"
13,"[1, 70, 70]"
36,[29]
30,"[29, 6]"
14,"[29, 6, 8]"
24,"[29, 6, 10]"
30,"[29, 6, 70]"
22,"[29, 6, 69]"
13,"[29, 6, 12]"
16,"[29, 6, 11]"
24,"[29, 6, 56]"
17,"[29, 6, 57]"
14,"[29, 6, 62]"
24,"[29, 6, 25]"
26,"[29, 6, 48]"
27,"[29, 6, 28]"
22,"[29, 6, 17]"
23,"[29, 6, 35]"
22,"[29, 6, 58]"
22,"[29, 6, 49]"
19,"[29, 6, 55]"
22,"[29, 6, 6]"
22,"[29, 6, 4]"
12,"[29, 6, 5]"
23,"[29, 6, 54]"
14,"[29, 6, 53]"
12,"[29, 6, 42]"
19,"[29, 6, 7]"
13,"[29, 6, 59]"
22,"[29, 6, 34]"
22,"[29, 6, 33]"
17,"[29, 6, 0]"
20,"[29, 6, 37]"
17,"[29, 6, 60]"
14,"[29, 6, 26]"
22,"[29, 6, 29]"
17,"[29, 6, 27]"
19,"[29, 6, 20]"
13,"[29, 6, 50]"
12,"[29, 6, 32]"
14,"[29, 8]"
13,"[29, 8, 70]"
12,"[29, 8, 25]"
12,"[29, 8, 48]"
12,"[29, 8, 28]"
12,"[29, 8, 17]"
13,"[29, 8, 29]"
30,"[29, 10]"
29,"[29, 10, 70]"
22,"[29, 10, 69]"
15,"[29, 10, 12]"
12,"[29, 10, 51]"
16,"[29, 10, 11]"
26,"[29, 10, 56]"
16,"[29, 10, 57]"
13,"[29, 10, 62]"
24,"[29, 10, 25]"
28,"[29, 10, 48]"
27,"[29, 10, 28]"
19,"[29, 10, 17]"
25,"[29, 10, 35]"
22,"[29, 10, 58]"
19,"[29, 10, 49]"
17,"[29, 10, 55]"
21,"[29, 10, 6]"
23,"[29, 10, 34]"
23,"[29, 10, 33]"
14,"[29, 10, 26]"
13,"[29, 10, 50]"
19,"[29, 10, 37]"
15,"[29, 10, 60]"
21,"[29, 10, 29]"
16,"[29, 10, 0]"
17,"[29, 10, 4]"
23,"[29, 10, 54]"
12,"[29, 10, 13]"
14,"[29, 10, 53]"
14,"[29, 10, 42]"
18,"[29, 10, 10]"
17,"[29, 10, 20]"
16,"[29, 10, 27]"
12,"[29, 10, 14]"
13,"[29, 10, 32]"
35,"[29, 70]"
23,"[29, 70, 69]"
16,"[29, 70, 12]"
12,"[29, 70, 64]"
17,"[29, 70, 56]"
16,"[29, 70, 62]"
29,"[29, 70, 25]"
31,"[29, 70, 48]"
32,"[29, 70, 28]"
23,"[29, 70, 17]"
34,"[29, 70, 70]"
16,"[29, 70, 35]"
18,"[29, 70, 58]"
22,"[29, 70, 49]"
20,"[29, 70, 55]"
21,"[29, 70, 6]"
27,"[29, 70, 34]"
28,"[29, 70, 33]"
18,"[29, 70, 26]"
15,"[29, 70, 50]"
22,"[29, 70, 37]"
19,"[29, 70, 60]"
25,"[29, 70, 29]"
17,"[29, 70, 0]"
15,"[29, 70, 4]"
25,"[29, 70, 54]"
12,"[29, 70, 13]"
15,"[29, 70, 53]"
15,"[29, 70, 42]"
17,"[29, 70, 27]"
21,"[29, 70, 20]"
17,"[29, 70, 10]"
14,"[29, 70, 32]"
27,"[29, 69]"
17,"[29, 69, 12]"
14,"[29, 69, 51]"
17,"[29, 69, 56]"
12,"[29, 69, 62]"
18,"[29, 69, 25]"
19,"[29, 69, 48]"
20,"[29, 69, 28]"
19,"[29, 69, 17]"
27,"[29, 69, 70]"
18,"[29, 69, 49]"
13,"[29, 69, 55]"
17,"[29, 69, 6]"
23,"[29, 69, 69]"
18,"[29, 69, 29]"
14,"[29, 69, 0]"
18,"[29, 69, 54]"
16,"[29, 69, 13]"
18,"[29, 69, 53]"
16,"[29, 69, 42]"
15,"[29, 69, 27]"
18,"[29, 69, 33]"
15,"[29, 69, 37]"
13,"[29, 69, 60]"
17,"[29, 69, 34]"
13,"[29, 69, 32]"
17,"[29, 12]"
15,"[29, 12, 70]"
13,"[29, 12, 42]"
12,"[29, 12, 53]"
14,"[29, 51]"
13,"[29, 64]"
13,"[29, 64, 70]"
16,"[29, 11]"
14,"[29, 11, 56]"
12,"[29, 11, 25]"
15,"[29, 11, 48]"
13,"[29, 11, 28]"
16,"[29, 11, 70]"
14,"[29, 11, 35]"
13,"[29, 11, 58]"
14,"[29, 11, 49]"
13,"[29, 11, 55]"
13,"[29, 11, 6]"
13,"[29, 11, 54]"
29,"[29, 56]"
19,"[29, 56, 57]"
14,"[29, 56, 62]"
23,"[29, 56, 25]"
27,"[29, 56, 48]"
26,"[29, 56, 28]"
18,"[29, 56, 17]"
28,"[29, 56, 70]"
23,"[29, 56, 35]"
21,"[29, 56, 58]"
18,"[29, 56, 49]"
16,"[29, 56, 55]"
20,"[29, 56, 6]"
20,"[29, 56, 69]"
22,"[29, 56, 34]"
22,"[29, 56, 33]"
14,"[29, 56, 26]"
13,"[29, 56, 50]"
18,"[29, 56, 37]"
15,"[29, 56, 60]"
20,"[29, 56, 29]"
15,"[29, 56, 0]"
15,"[29, 56, 4]"
21,"[29, 56, 54]"
12,"[29, 56, 53]"
13,"[29, 56, 12]"
13,"[29, 56, 42]"
17,"[29, 56, 56]"
15,"[29, 56, 27]"
16,"[29, 56, 10]"
16,"[29, 56, 20]"
12,"[29, 56, 32]"
19,"[29, 57]"
13,"[29, 57, 25]"
16,"[29, 57, 48]"
16,"[29, 57, 28]"
13,"[29, 57, 17]"
19,"[29, 57, 70]"
13,"[29, 57, 35]"
13,"[29, 57, 58]"
15,"[29, 57, 49]"
12,"[29, 57, 55]"
14,"[29, 57, 6]"
14,"[29, 57, 69]"
13,"[29, 57, 29]"
13,"[29, 57, 33]"
13,"[29, 57, 34]"
14,"[29, 57, 54]"
16,"[29, 62]"
13,"[29, 62, 48]"
15,"[29, 62, 70]"
12,"[29, 62, 29]"
29,"[29, 25]"
26,"[29, 25, 48]"
21,"[29, 25, 28]"
17,"[29, 25, 17]"
27,"[29, 25, 70]"
12,"[29, 25, 58]"
12,"[29, 25, 62]"
16,"[29, 25, 49]"
13,"[29, 25, 55]"
17,"[29, 25, 6]"
19,"[29, 25, 69]"
17,"[29, 25, 37]"
17,"[29, 25, 25]"
19,"[29, 25, 29]"
16,"[29, 25, 0]"
13,"[29, 25, 4]"
20,"[29, 25, 54]"
12,"[29, 25, 53]"
13,"[29, 25, 12]"
12,"[29, 25, 42]"
17,"[29, 25, 33]"
14,"[29, 25, 27]"
16,"[29, 25, 20]"
15,"[29, 25, 34]"
12,"[29, 25, 32]"
31,"[29, 48]"
23,"[29, 48, 28]"
19,"[29, 48, 17]"
29,"[29, 48, 70]"
12,"[29, 48, 62]"
17,"[29, 48, 49]"
23,"[29, 48, 48]"
17,"[29, 48, 55]"
19,"[29, 48, 6]"
20,"[29, 48, 69]"
15,"[29, 48, 37]"
18,"[29, 48, 25]"
20,"[29, 48, 29]"
16,"[29, 48, 0]"
13,"[29, 48, 4]"
22,"[29, 48, 54]"
13,"[29, 48, 12]"
12,"[29, 48, 42]"
12,"[29, 48, 56]"
13,"[29, 48, 27]"
14,"[29, 48, 20]"
14,"[29, 48, 33]"
14,"[29, 48, 34]"
12,"[29, 48, 32]"
32,"[29, 28]"
21,"[29, 28, 17]"
30,"[29, 28, 70]"
12,"[29, 28, 35]"
12,"[29, 28, 58]"
12,"[29, 28, 62]"
17,"[29, 28, 49]"
28,"[29, 28, 48]"
16,"[29, 28, 55]"
19,"[29, 28, 6]"
20,"[29, 28, 69]"
27,"[29, 28, 25]"
15,"[29, 28, 26]"
13,"[29, 28, 50]"
17,"[29, 28, 37]"
14,"[29, 28, 60]"
21,"[29, 28, 28]"
22,"[29, 28, 29]"
17,"[29, 28, 0]"
14,"[29, 28, 4]"
24,"[29, 28, 54]"
14,"[29, 28, 53]"
14,"[29, 28, 12]"
13,"[29, 28, 42]"
13,"[29, 28, 56]"
19,"[29, 28, 33]"
15,"[29, 28, 27]"
17,"[29, 28, 20]"
13,"[29, 28, 10]"
18,"[29, 28, 34]"
14,"[29, 28, 32]"
25,"[29, 17]"
24,"[29, 17, 70]"
12,"[29, 17, 35]"
12,"[29, 17, 58]"
16,"[29, 17, 49]"
18,"[29, 17, 48]"
15,"[29, 17, 55]"
20,"[29, 17, 17]"
22,"[29, 17, 6]"
18,"[29, 17, 69]"
17,"[29, 17, 0]"
16,"[29, 17, 4]"
17,"[29, 17, 54]"
20,"[29, 17, 29]"
16,"[29, 17, 27]"
16,"[29, 17, 28]"
14,"[29, 17, 25]"
16,"[29, 17, 33]"
14,"[29, 17, 34]"
12,"[29, 17, 32]"
27,"[29, 35]"
24,"[29, 35, 58]"
13,"[29, 35, 62]"
18,"[29, 35, 49]"
27,"[29, 35, 70]"
24,"[29, 35, 48]"
15,"[29, 35, 55]"
19,"[29, 35, 17]"
17,"[29, 35, 6]"
20,"[29, 35, 69]"
13,"[29, 35, 35]"
20,"[29, 35, 34]"
20,"[29, 35, 33]"
25,"[29, 35, 28]"
21,"[29, 35, 25]"
13,"[29, 35, 26]"
12,"[29, 35, 50]"
17,"[29, 35, 37]"
13,"[29, 35, 60]"
18,"[29, 35, 29]"
13,"[29, 35, 0]"
21,"[29, 35, 54]"
12,"[29, 35, 53]"
12,"[29, 35, 12]"
12,"[29, 35, 42]"
13,"[29, 35, 59]"
12,"[29, 35, 56]"
15,"[29, 35, 20]"
13,"[29, 35, 27]"
12,"[29, 35, 32]"
24,"[29, 58]"
18,"[29, 58, 49]"
24,"[29, 58, 70]"
21,"[29, 58, 48]"
15,"[29, 58, 55]"
18,"[29, 58, 17]"
16,"[29, 58, 6]"
18,"[29, 58, 69]"
14,"[29, 58, 35]"
16,"[29, 58, 58]"
18,"[29, 58, 34]"
17,"[29, 58, 33]"
22,"[29, 58, 28]"
18,"[29, 58, 25]"
15,"[29, 58, 37]"
12,"[29, 58, 60]"
17,"[29, 58, 29]"
13,"[29, 58, 0]"
19,"[29, 58, 54]"
13,"[29, 58, 59]"
13,"[29, 58, 20]"
13,"[29, 58, 27]"
22,"[29, 49]"
19,"[29, 49, 70]"
13,"[29, 49, 49]"
16,"[29, 49, 48]"
15,"[29, 49, 55]"
15,"[29, 49, 17]"
13,"[29, 49, 6]"
13,"[29, 49, 69]"
14,"[29, 49, 29]"
13,"[29, 49, 0]"
14,"[29, 49, 54]"
20,"[29, 55]"
13,"[29, 55, 17]"
12,"[29, 55, 6]"
14,"[29, 55, 70]"
12,"[29, 55, 0]"
13,"[29, 55, 29]"
12,"[29, 21]"
12,"[29, 21, 70]"
25,"[29, 4]"
17,"[29, 4, 10]"
17,"[29, 4, 56]"
15,"[29, 4, 35]"
12,"[29, 4, 58]"
24,"[29, 4, 70]"
14,"[29, 4, 34]"
16,"[29, 4, 33]"
17,"[29, 4, 28]"
17,"[29, 4, 25]"
20,"[29, 4, 48]"
12,"[29, 4, 26]"
14,"[29, 4, 37]"
20,"[29, 4, 29]"
14,"[29, 4, 69]"
14,"[29, 4, 17]"
15,"[29, 4, 0]"
14,"[29, 4, 4]"
12,"[29, 4, 5]"
16,"[29, 4, 6]"
14,"[29, 4, 55]"
17,"[29, 4, 54]"
14,"[29, 4, 20]"
13,"[29, 4, 49]"
12,"[29, 4, 27]"
27,"[29, 34]"
24,"[29, 34, 33]"
27,"[29, 34, 28]"
24,"[29, 34, 25]"
26,"[29, 34, 48]"
27,"[29, 34, 70]"
16,"[29, 34, 26]"
14,"[29, 34, 50]"
19,"[29, 34, 37]"
15,"[29, 34, 60]"
18,"[29, 34, 29]"
19,"[29, 34, 69]"
18,"[29, 34, 17]"
15,"[29, 34, 0]"
13,"[29, 34, 4]"
18,"[29, 34, 6]"
13,"[29, 34, 55]"
22,"[29, 34, 54]"
13,"[29, 34, 53]"
13,"[29, 34, 12]"
12,"[29, 34, 42]"
12,"[29, 34, 56]"
18,"[29, 34, 20]"
16,"[29, 34, 49]"
12,"[29, 34, 10]"
13,"[29, 34, 27]"
17,"[29, 34, 34]"
13,"[29, 34, 32]"
28,"[29, 33]"
24,"[29, 33, 28]"
24,"[29, 33, 25]"
25,"[29, 33, 48]"
27,"[29, 33, 70]"
13,"[29, 33, 26]"
13,"[29, 33, 50]"
17,"[29, 33, 37]"
12,"[29, 33, 60]"
21,"[29, 33, 29]"
19,"[29, 33, 69]"
18,"[29, 33, 17]"
17,"[29, 33, 0]"
14,"[29, 33, 4]"
16,"[29, 33, 6]"
12,"[29, 33, 55]"
21,"[29, 33, 54]"
13,"[29, 33, 53]"
14,"[29, 33, 12]"
13,"[29, 33, 42]"
12,"[29, 33, 56]"
12,"[29, 33, 58]"
15,"[29, 33, 27]"
18,"[29, 33, 20]"
12,"[29, 33, 35]"
14,"[29, 33, 49]"
12,"[29, 33, 10]"
15,"[29, 33, 33]"
16,"[29, 33, 34]"
13,"[29, 33, 32]"
18,"[29, 26]"
13,"[29, 26, 50]"
15,"[29, 26, 48]"
13,"[29, 26, 29]"
18,"[29, 26, 70]"
13,"[29, 26, 6]"
12,"[29, 26, 54]"
15,"[29, 50]"
12,"[29, 50, 48]"
12,"[29, 50, 29]"
15,"[29, 50, 70]"
13,"[29, 50, 54]"
22,"[29, 37]"
17,"[29, 37, 60]"
18,"[29, 37, 48]"
14,"[29, 37, 25]"
14,"[29, 37, 28]"
16,"[29, 37, 29]"
12,"[29, 37, 69]"
15,"[29, 37, 17]"
12,"[29, 37, 0]"
12,"[29, 37, 4]"
22,"[29, 37, 70]"
15,"[29, 37, 6]"
13,"[29, 37, 55]"
15,"[29, 37, 54]"
12,"[29, 37, 26]"
13,"[29, 37, 49]"
12,"[29, 37, 27]"
14,"[29, 37, 33]"
13,"[29, 37, 34]"
19,"[29, 60]"
15,"[29, 60, 48]"
13,"[29, 60, 28]"
14,"[29, 60, 29]"
13,"[29, 60, 17]"
19,"[29, 60, 70]"
14,"[29, 60, 6]"
12,"[29, 60, 55]"
12,"[29, 60, 54]"
25,"[29, 29]"
14,"[29, 29, 69]"
19,"[29, 29, 29]"
19,"[29, 29, 17]"
18,"[29, 29, 0]"
17,"[29, 29, 4]"
22,"[29, 29, 70]"
20,"[29, 29, 6]"
17,"[29, 29, 54]"
14,"[29, 29, 27]"
13,"[29, 29, 49]"
18,"[29, 29, 28]"
18,"[29, 29, 25]"
18,"[29, 29, 33]"
17,"[29, 29, 48]"
16,"[29, 29, 34]"
14,"[29, 29, 10]"
12,"[29, 29, 56]"
12,"[29, 29, 35]"
12,"[29, 29, 58]"
13,"[29, 29, 20]"
27,"[29, 0]"
12,"[29, 0, 1]"
22,"[29, 0, 4]"
27,"[29, 0, 70]"
23,"[29, 0, 6]"
16,"[29, 0, 55]"
21,"[29, 0, 54]"
18,"[29, 0, 69]"
12,"[29, 0, 53]"
13,"[29, 0, 12]"
13,"[29, 0, 3]"
13,"[29, 0, 7]"
22,"[29, 0, 10]"
20,"[29, 0, 56]"
19,"[29, 0, 35]"
16,"[29, 0, 58]"
21,"[29, 0, 34]"
21,"[29, 0, 33]"
23,"[29, 0, 28]"
21,"[29, 0, 25]"
25,"[29, 0, 48]"
16,"[29, 0, 0]"
17,"[29, 0, 37]"
13,"[29, 0, 60]"
13,"[29, 0, 26]"
20,"[29, 0, 29]"
18,"[29, 0, 20]"
17,"[29, 0, 49]"
16,"[29, 0, 27]"
16,"[29, 0, 17]"
12,"[29, 0, 32]"
14,"[29, 1]"
13,"[29, 1, 70]"
12,"[29, 1, 6]"
12,"[29, 5]"
12,"[29, 5, 70]"
25,"[29, 54]"
15,"[29, 54, 69]"
25,"[29, 54, 70]"
12,"[29, 54, 12]"
13,"[29, 54, 25]"
15,"[29, 54, 0]"
21,"[29, 54, 54]"
13,"[29, 54, 37]"
14,"[29, 54, 55]"
19,"[29, 54, 48]"
17,"[29, 54, 6]"
15,"[29, 54, 20]"
16,"[29, 54, 28]"
12,"[29, 54, 4]"
16,"[29, 54, 49]"
12,"[29, 54, 27]"
17,"[29, 54, 17]"
16,"[29, 54, 29]"
16,"[29, 54, 33]"
15,"[29, 54, 34]"
16,"[29, 13]"
14,"[29, 13, 53]"
15,"[29, 13, 70]"
18,"[29, 53]"
17,"[29, 53, 70]"
12,"[29, 53, 54]"
16,"[29, 42]"
13,"[29, 42, 70]"
12,"[29, 42, 53]"
13,"[29, 3]"
20,"[29, 7]"
14,"[29, 7, 4]"
14,"[29, 7, 10]"
14,"[29, 7, 56]"
15,"[29, 7, 35]"
15,"[29, 7, 58]"
20,"[29, 7, 70]"
15,"[29, 7, 34]"
16,"[29, 7, 33]"
17,"[29, 7, 28]"
15,"[29, 7, 25]"
17,"[29, 7, 48]"
16,"[29, 7, 54]"
12,"[29, 7, 0]"
15,"[29, 7, 37]"
12,"[29, 7, 60]"
14,"[29, 7, 55]"
14,"[29, 7, 6]"
16,"[29, 7, 49]"
14,"[29, 7, 69]"
16,"[29, 7, 17]"
14,"[29, 7, 29]"
12,"[29, 7, 20]"
13,"[29, 59]"
13,"[29, 59, 70]"
12,"[29, 18]"
12,"[29, 18, 29]"
21,"[29, 27]"
20,"[29, 27, 70]"
13,"[29, 27, 49]"
16,"[29, 27, 69]"
16,"[29, 27, 28]"
13,"[29, 27, 25]"
17,"[29, 27, 33]"
15,"[29, 27, 48]"
17,"[29, 27, 17]"
14,"[29, 27, 27]"
19,"[29, 27, 29]"
15,"[29, 27, 0]"
12,"[29, 27, 35]"
15,"[29, 27, 6]"
14,"[29, 27, 4]"
12,"[29, 27, 55]"
13,"[29, 27, 54]"
16,"[29, 27, 34]"
12,"[29, 27, 20]"
21,"[29, 20]"
16,"[29, 20, 37]"
12,"[29, 20, 60]"
13,"[29, 20, 26]"
15,"[29, 20, 28]"
20,"[29, 20, 70]"
14,"[29, 20, 69]"
12,"[29, 20, 49]"
17,"[29, 20, 48]"
13,"[29, 20, 54]"
14,"[29, 20, 17]"
16,"[29, 20, 29]"
12,"[29, 20, 0]"
13,"[29, 20, 6]"
15,"[29, 20, 33]"
15,"[29, 20, 34]"
13,"[29, 20, 25]"
12,"[29, 14]"
14,"[29, 32]"
12,"[29, 32, 69]"
14,"[29, 32, 70]"
12,"[29, 32, 27]"
13,"[29, 32, 29]"
12,"[29, 32, 28]"
33,[6]
15,"[6, 8]"
14,"[6, 8, 70]"
12,"[6, 8, 69]"
13,"[6, 8, 25]"
12,"[6, 8, 48]"
13,"[6, 8, 28]"
12,"[6, 8, 17]"
12,"[6, 8, 6]"
14,"[6, 8, 29]"
12,"[6, 8, 27]"
27,"[6, 10]"
27,"[6, 10, 70]"
20,"[6, 10, 69]"
14,"[6, 10, 12]"
16,"[6, 10, 11]"
23,"[6, 10, 56]"
14,"[6, 10, 57]"
22,"[6, 10, 25]"
25,"[6, 10, 48]"
25,"[6, 10, 28]"
19,"[6, 10, 17]"
22,"[6, 10, 35]"
21,"[6, 10, 58]"
19,"[6, 10, 49]"
17,"[6, 10, 55]"
22,"[6, 10, 6]"
20,"[6, 10, 34]"
20,"[6, 10, 33]"
13,"[6, 10, 26]"
12,"[6, 10, 50]"
18,"[6, 10, 37]"
16,"[6, 10, 60]"
21,"[6, 10, 29]"
16,"[6, 10, 0]"
17,"[6, 10, 4]"
22,"[6, 10, 54]"
13,"[6, 10, 53]"
13,"[6, 10, 42]"
16,"[6, 10, 10]"
15,"[6, 10, 20]"
15,"[6, 10, 27]"
33,"[6, 70]"
20,"[6, 70, 69]"
14,"[6, 70, 12]"
12,"[6, 70, 64]"
14,"[6, 70, 56]"
14,"[6, 70, 62]"
26,"[6, 70, 25]"
28,"[6, 70, 48]"
28,"[6, 70, 28]"
23,"[6, 70, 17]"
31,"[6, 70, 70]"
15,"[6, 70, 35]"
17,"[6, 70, 58]"
22,"[6, 70, 49]"
20,"[6, 70, 55]"
21,"[6, 70, 6]"
23,"[6, 70, 34]"
24,"[6, 70, 33]"
16,"[6, 70, 26]"
15,"[6, 70, 50]"
21,"[6, 70, 37]"
19,"[6, 70, 60]"
25,"[6, 70, 29]"
17,"[6, 70, 0]"
15,"[6, 70, 4]"
24,"[6, 70, 54]"
13,"[6, 70, 53]"
13,"[6, 70, 42]"
16,"[6, 70, 27]"
19,"[6, 70, 20]"
15,"[6, 70, 10]"
12,"[6, 70, 32]"
24,"[6, 69]"
15,"[6, 69, 12]"
12,"[6, 69, 51]"
15,"[6, 69, 56]"
15,"[6, 69, 25]"
17,"[6, 69, 48]"
18,"[6, 69, 28]"
19,"[6, 69, 17]"
23,"[6, 69, 70]"
18,"[6, 69, 49]"
13,"[6, 69, 55]"
17,"[6, 69, 6]"
20,"[6, 69, 69]"
17,"[6, 69, 29]"
14,"[6, 69, 0]"
16,"[6, 69, 54]"
13,"[6, 69, 13]"
16,"[6, 69, 53]"
14,"[6, 69, 42]"
14,"[6, 69, 27]"
15,"[6, 69, 33]"
14,"[6, 69, 37]"
13,"[6, 69, 60]"
14,"[6, 69, 34]"
15,"[6, 12]"
13,"[6, 12, 70]"
12,"[6, 51]"
12,"[6, 64]"
12,"[6, 64, 70]"
16,"[6, 11]"
14,"[6, 11, 56]"
12,"[6, 11, 25]"
15,"[6, 11, 48]"
13,"[6, 11, 28]"
16,"[6, 11, 70]"
14,"[6, 11, 35]"
13,"[6, 11, 58]"
14,"[6, 11, 49]"
13,"[6, 11, 55]"
13,"[6, 11, 6]"
13,"[6, 11, 54]"
25,"[6, 56]"
17,"[6, 56, 57]"
12,"[6, 56, 62]"
20,"[6, 56, 25]"
24,"[6, 56, 48]"
23,"[6, 56, 28]"
18,"[6, 56, 17]"
25,"[6, 56, 70]"
20,"[6, 56, 35]"
20,"[6, 56, 58]"
18,"[6, 56, 49]"
16,"[6, 56, 55]"
20,"[6, 56, 6]"
17,"[6, 56, 69]"
15,"[6, 56, 27]"
19,"[6, 56, 29]"
15,"[6, 56, 4]"
14,"[6, 56, 10]"
16,"[6, 56, 56]"
19,"[6, 56, 34]"
19,"[6, 56, 33]"
12,"[6, 56, 26]"
12,"[6, 56, 50]"
17,"[6, 56, 37]"
15,"[6, 56, 60]"
15,"[6, 56, 0]"
20,"[6, 56, 54]"
14,"[6, 56, 20]"
17,"[6, 57]"
12,"[6, 57, 25]"
15,"[6, 57, 48]"
15,"[6, 57, 28]"
13,"[6, 57, 17]"
17,"[6, 57, 70]"
12,"[6, 57, 35]"
13,"[6, 57, 58]"
15,"[6, 57, 49]"
12,"[6, 57, 55]"
14,"[6, 57, 6]"
12,"[6, 57, 69]"
13,"[6, 57, 29]"
13,"[6, 57, 54]"
14,"[6, 62]"
13,"[6, 62, 70]"
12,"[6, 62, 29]"
26,"[6, 25]"
22,"[6, 25, 48]"
18,"[6, 25, 28]"
17,"[6, 25, 17]"
23,"[6, 25, 70]"
16,"[6, 25, 49]"
13,"[6, 25, 55]"
17,"[6, 25, 6]"
15,"[6, 25, 69]"
16,"[6, 25, 37]"
14,"[6, 25, 25]"
19,"[6, 25, 29]"
16,"[6, 25, 0]"
13,"[6, 25, 4]"
19,"[6, 25, 54]"
14,"[6, 25, 33]"
13,"[6, 25, 27]"
14,"[6, 25, 20]"
12,"[6, 25, 34]"
28,"[6, 48]"
20,"[6, 48, 28]"
19,"[6, 48, 17]"
26,"[6, 48, 70]"
17,"[6, 48, 49]"
20,"[6, 48, 48]"
17,"[6, 48, 55]"
19,"[6, 48, 6]"
16,"[6, 48, 69]"
14,"[6, 48, 37]"
15,"[6, 48, 25]"
20,"[6, 48, 29]"
16,"[6, 48, 0]"
13,"[6, 48, 4]"
21,"[6, 48, 54]"
12,"[6, 48, 27]"
12,"[6, 48, 20]"
28,"[6, 28]"
21,"[6, 28, 17]"
27,"[6, 28, 70]"
12,"[6, 28, 35]"
12,"[6, 28, 58]"
17,"[6, 28, 49]"
24,"[6, 28, 48]"
16,"[6, 28, 55]"
19,"[6, 28, 6]"
16,"[6, 28, 69]"
23,"[6, 28, 25]"
13,"[6, 28, 26]"
12,"[6, 28, 50]"
16,"[6, 28, 37]"
14,"[6, 28, 60]"
20,"[6, 28, 28]"
21,"[6, 28, 29]"
17,"[6, 28, 0]"
14,"[6, 28, 4]"
22,"[6, 28, 54]"
16,"[6, 28, 33]"
14,"[6, 28, 27]"
15,"[6, 28, 20]"
15,"[6, 28, 34]"
12,"[6, 28, 32]"
26,"[6, 17]"
25,"[6, 17, 70]"
12,"[6, 17, 58]"
15,"[6, 17, 49]"
19,"[6, 17, 48]"
16,"[6, 17, 55]"
19,"[6, 17, 17]"
22,"[6, 17, 6]"
17,"[6, 17, 69]"
18,"[6, 17, 27]"
22,"[6, 17, 29]"
17,"[6, 17, 4]"
14,"[6, 17, 34]"
15,"[6, 17, 33]"
17,"[6, 17, 28]"
15,"[6, 17, 25]"
13,"[6, 17, 37]"
17,"[6, 17, 0]"
15,"[6, 17, 54]"
12,"[6, 17, 32]"
24,"[6, 35]"
23,"[6, 35, 58]"
18,"[6, 35, 49]"
24,"[6, 35, 70]"
21,"[6, 35, 48]"
15,"[6, 35, 55]"
19,"[6, 35, 17]"
17,"[6, 35, 6]"
17,"[6, 35, 69]"
13,"[6, 35, 27]"
17,"[6, 35, 29]"
13,"[6, 35, 35]"
18,"[6, 35, 34]"
18,"[6, 35, 33]"
22,"[6, 35, 28]"
18,"[6, 35, 25]"
16,"[6, 35, 37]"
13,"[6, 35, 60]"
13,"[6, 35, 0]"
20,"[6, 35, 54]"
13,"[6, 35, 59]"
13,"[6, 35, 20]"
24,"[6, 58]"
18,"[6, 58, 49]"
24,"[6, 58, 70]"
20,"[6, 58, 48]"
15,"[6, 58, 55]"
18,"[6, 58, 17]"
16,"[6, 58, 6]"
18,"[6, 58, 69]"
14,"[6, 58, 35]"
16,"[6, 58, 58]"
18,"[6, 58, 34]"
17,"[6, 58, 33]"
21,"[6, 58, 28]"
17,"[6, 58, 25]"
12,"[6, 58, 50]"
15,"[6, 58, 37]"
12,"[6, 58, 60]"
16,"[6, 58, 29]"
13,"[6, 58, 0]"
19,"[6, 58, 54]"
13,"[6, 58, 59]"
13,"[6, 58, 20]"
12,"[6, 58, 27]"
22,"[6, 49]"
19,"[6, 49, 70]"
13,"[6, 49, 49]"
16,"[6, 49, 48]"
15,"[6, 49, 55]"
15,"[6, 49, 17]"
13,"[6, 49, 6]"
13,"[6, 49, 69]"
14,"[6, 49, 29]"
13,"[6, 49, 0]"
14,"[6, 49, 54]"
20,"[6, 55]"
13,"[6, 55, 17]"
12,"[6, 55, 6]"
14,"[6, 55, 70]"
12,"[6, 55, 0]"
13,"[6, 55, 29]"
26,"[6, 6]"
15,"[6, 6, 69]"
25,"[6, 6, 70]"
18,"[6, 6, 4]"
17,"[6, 6, 55]"
19,"[6, 6, 54]"
19,"[6, 6, 48]"
16,"[6, 6, 0]"
13,"[6, 6, 27]"
13,"[6, 6, 7]"
15,"[6, 6, 49]"
17,"[6, 6, 28]"
17,"[6, 6, 25]"
17,"[6, 6, 33]"
16,"[6, 6, 17]"
20,"[6, 6, 29]"
15,"[6, 6, 34]"
12,"[6, 6, 10]"
13,"[6, 6, 6]"
12,"[6, 6, 56]"
13,"[6, 6, 20]"
12,"[6, 6, 37]"
24,"[6, 4]"
15,"[6, 4, 56]"
13,"[6, 4, 35]"
15,"[6, 4, 17]"
13,"[6, 4, 27]"
21,"[6, 4, 29]"
15,"[6, 4, 4]"
17,"[6, 4, 10]"
12,"[6, 4, 58]"
23,"[6, 4, 70]"
12,"[6, 4, 34]"
14,"[6, 4, 33]"
16,"[6, 4, 28]"
16,"[6, 4, 25]"
18,"[6, 4, 48]"
13,"[6, 4, 37]"
12,"[6, 4, 60]"
13,"[6, 4, 69]"
16,"[6, 4, 0]"
12,"[6, 4, 5]"
18,"[6, 4, 6]"
15,"[6, 4, 55]"
16,"[6, 4, 54]"
12,"[6, 4, 20]"
13,"[6, 4, 49]"
20,"[6, 27]"
19,"[6, 27, 29]"
15,"[6, 27, 4]"
20,"[6, 27, 70]"
15,"[6, 27, 34]"
15,"[6, 27, 33]"
16,"[6, 27, 28]"
13,"[6, 27, 25]"
14,"[6, 27, 48]"
16,"[6, 27, 69]"
17,"[6, 27, 17]"
15,"[6, 27, 0]"
16,"[6, 27, 6]"
13,"[6, 27, 55]"
12,"[6, 27, 54]"
12,"[6, 27, 49]"
14,"[6, 27, 27]"
25,"[6, 29]"
19,"[6, 29, 4]"
15,"[6, 29, 10]"
13,"[6, 29, 56]"
12,"[6, 29, 35]"
12,"[6, 29, 58]"
23,"[6, 29, 70]"
16,"[6, 29, 34]"
19,"[6, 29, 33]"
18,"[6, 29, 28]"
18,"[6, 29, 25]"
18,"[6, 29, 48]"
12,"[6, 29, 26]"
13,"[6, 29, 37]"
21,"[6, 29, 29]"
14,"[6, 29, 69]"
19,"[6, 29, 17]"
18,"[6, 29, 0]"
21,"[6, 29, 6]"
13,"[6, 29, 55]"
16,"[6, 29, 54]"
15,"[6, 29, 27]"
12,"[6, 29, 49]"
13,"[6, 29, 20]"
23,"[6, 34]"
20,"[6, 34, 33]"
23,"[6, 34, 28]"
20,"[6, 34, 25]"
22,"[6, 34, 48]"
23,"[6, 34, 70]"
14,"[6, 34, 26]"
13,"[6, 34, 50]"
18,"[6, 34, 37]"
15,"[6, 34, 60]"
17,"[6, 34, 29]"
15,"[6, 34, 69]"
18,"[6, 34, 17]"
15,"[6, 34, 0]"
13,"[6, 34, 4]"
18,"[6, 34, 6]"
13,"[6, 34, 55]"
20,"[6, 34, 54]"
16,"[6, 34, 20]"
16,"[6, 34, 49]"
12,"[6, 34, 27]"
14,"[6, 34, 34]"
24,"[6, 33]"
20,"[6, 33, 28]"
20,"[6, 33, 25]"
21,"[6, 33, 48]"
23,"[6, 33, 70]"
12,"[6, 33, 50]"
16,"[6, 33, 37]"
12,"[6, 33, 60]"
20,"[6, 33, 29]"
15,"[6, 33, 69]"
18,"[6, 33, 17]"
17,"[6, 33, 0]"
14,"[6, 33, 4]"
16,"[6, 33, 6]"
12,"[6, 33, 55]"
19,"[6, 33, 54]"
14,"[6, 33, 27]"
16,"[6, 33, 20]"
14,"[6, 33, 49]"
12,"[6, 33, 33]"
13,"[6, 33, 34]"
16,"[6, 26]"
12,"[6, 26, 50]"
14,"[6, 26, 48]"
13,"[6, 26, 29]"
16,"[6, 26, 70]"
13,"[6, 26, 6]"
15,"[6, 50]"
12,"[6, 50, 48]"
12,"[6, 50, 29]"
14,"[6, 50, 70]"
12,"[6, 50, 54]"
21,"[6, 37]"
17,"[6, 37, 60]"
17,"[6, 37, 48]"
14,"[6, 37, 25]"
14,"[6, 37, 28]"
16,"[6, 37, 29]"
15,"[6, 37, 17]"
12,"[6, 37, 0]"
12,"[6, 37, 4]"
21,"[6, 37, 70]"
15,"[6, 37, 6]"
13,"[6, 37, 55]"
15,"[6, 37, 54]"
13,"[6, 37, 49]"
12,"[6, 37, 27]"
13,"[6, 37, 33]"
12,"[6, 37, 34]"
19,"[6, 60]"
15,"[6, 60, 48]"
13,"[6, 60, 28]"
14,"[6, 60, 29]"
13,"[6, 60, 17]"
19,"[6, 60, 70]"
14,"[6, 60, 6]"
12,"[6, 60, 55]"
12,"[6, 60, 54]"
21,"[6, 0]"
15,"[6, 0, 4]"
21,"[6, 0, 70]"
18,"[6, 0, 6]"
15,"[6, 0, 55]"
17,"[6, 0, 54]"
14,"[6, 0, 69]"
12,"[6, 0, 56]"
12,"[6, 0, 37]"
17,"[6, 0, 48]"
15,"[6, 0, 25]"
14,"[6, 0, 0]"
16,"[6, 0, 29]"
15,"[6, 0, 33]"
14,"[6, 0, 34]"
13,"[6, 0, 49]"
14,"[6, 0, 28]"
12,"[6, 0, 10]"
12,"[6, 0, 20]"
12,"[6, 5]"
12,"[6, 5, 70]"
24,"[6, 54]"
13,"[6, 54, 69]"
24,"[6, 54, 70]"
12,"[6, 54, 25]"
15,"[6, 54, 0]"
20,"[6, 54, 54]"
13,"[6, 54, 37]"
14,"[6, 54, 55]"
18,"[6, 54, 48]"
17,"[6, 54, 6]"
14,"[6, 54, 20]"
14,"[6, 54, 28]"
12,"[6, 54, 4]"
16,"[6, 54, 49]"
12,"[6, 54, 27]"
17,"[6, 54, 17]"
17,"[6, 54, 29]"
14,"[6, 54, 33]"
13,"[6, 54, 34]"
13,"[6, 13]"
12,"[6, 13, 70]"
16,"[6, 53]"
14,"[6, 53, 70]"
14,"[6, 42]"
21,"[6, 7]"
14,"[6, 7, 4]"
15,"[6, 7, 10]"
14,"[6, 7, 56]"
15,"[6, 7, 35]"
15,"[6, 7, 58]"
21,"[6, 7, 70]"
15,"[6, 7, 34]"
16,"[6, 7, 33]"
18,"[6, 7, 28]"
16,"[6, 7, 25]"
17,"[6, 7, 48]"
16,"[6, 7, 54]"
12,"[6, 7, 0]"
15,"[6, 7, 37]"
13,"[6, 7, 60]"
12,"[6, 7, 26]"
14,"[6, 7, 55]"
15,"[6, 7, 6]"
16,"[6, 7, 49]"
15,"[6, 7, 69]"
16,"[6, 7, 17]"
15,"[6, 7, 29]"
12,"[6, 7, 20]"
13,"[6, 59]"
13,"[6, 59, 70]"
12,"[6, 18]"
12,"[6, 18, 29]"
19,"[6, 20]"
15,"[6, 20, 37]"
12,"[6, 20, 60]"
15,"[6, 20, 28]"
18,"[6, 20, 70]"
12,"[6, 20, 69]"
12,"[6, 20, 49]"
16,"[6, 20, 48]"
12,"[6, 20, 54]"
14,"[6, 20, 17]"
16,"[6, 20, 29]"
12,"[6, 20, 0]"
13,"[6, 20, 6]"
13,"[6, 20, 33]"
13,"[6, 20, 34]"
13,"[6, 20, 25]"
13,"[6, 32]"
13,"[6, 32, 70]"
12,"[6, 32, 27]"
13,"[6, 32, 28]"
13,"[6, 32, 29]"
36,[10]
35,"[10, 70]"
25,"[10, 70, 69]"
17,"[10, 70, 12]"
14,"[10, 70, 64]"
18,"[10, 70, 56]"
17,"[10, 70, 62]"
30,"[10, 70, 25]"
31,"[10, 70, 48]"
34,"[10, 70, 28]"
24,"[10, 70, 17]"
34,"[10, 70, 70]"
18,"[10, 70, 35]"
19,"[10, 70, 58]"
22,"[10, 70, 49]"
19,"[10, 70, 55]"
24,"[10, 70, 6]"
27,"[10, 70, 34]"
28,"[10, 70, 33]"
18,"[10, 70, 26]"
15,"[10, 70, 50]"
21,"[10, 70, 37]"
19,"[10, 70, 60]"
26,"[10, 70, 29]"
20,"[10, 70, 0]"
17,"[10, 70, 4]"
27,"[10, 70, 54]"
13,"[10, 70, 13]"
17,"[10, 70, 53]"
16,"[10, 70, 42]"
13,"[10, 70, 18]"
18,"[10, 70, 27]"
20,"[10, 70, 20]"
15,"[10, 70, 10]"
15,"[10, 70, 32]"
28,"[10, 69]"
18,"[10, 69, 12]"
16,"[10, 69, 51]"
19,"[10, 69, 56]"
13,"[10, 69, 62]"
20,"[10, 69, 25]"
20,"[10, 69, 48]"
23,"[10, 69, 28]"
22,"[10, 69, 17]"
28,"[10, 69, 70]"
15,"[10, 69, 35]"
14,"[10, 69, 58]"
18,"[10, 69, 49]"
14,"[10, 69, 55]"
20,"[10, 69, 6]"
26,"[10, 69, 69]"
22,"[10, 69, 29]"
18,"[10, 69, 0]"
15,"[10, 69, 4]"
19,"[10, 69, 54]"
16,"[10, 69, 13]"
19,"[10, 69, 53]"
18,"[10, 69, 42]"
13,"[10, 69, 18]"
18,"[10, 69, 27]"
19,"[10, 69, 33]"
14,"[10, 69, 20]"
15,"[10, 69, 37]"
14,"[10, 69, 60]"
12,"[10, 69, 26]"
14,"[10, 69, 10]"
19,"[10, 69, 34]"
14,"[10, 69, 32]"
18,"[10, 12]"
16,"[10, 12, 70]"
12,"[10, 12, 69]"
14,"[10, 12, 42]"
12,"[10, 12, 13]"
12,"[10, 12, 53]"
17,"[10, 51]"
14,"[10, 51, 25]"
13,"[10, 51, 28]"
16,"[10, 51, 70]"
13,"[10, 51, 69]"
13,"[10, 51, 29]"
14,"[10, 64]"
13,"[10, 64, 70]"
17,"[10, 11]"
16,"[10, 11, 56]"
12,"[10, 11, 57]"
14,"[10, 11, 25]"
16,"[10, 11, 48]"
15,"[10, 11, 28]"
17,"[10, 11, 70]"
16,"[10, 11, 35]"
15,"[10, 11, 58]"
15,"[10, 11, 49]"
14,"[10, 11, 55]"
14,"[10, 11, 6]"
12,"[10, 11, 69]"
12,"[10, 11, 34]"
13,"[10, 11, 33]"
14,"[10, 11, 54]"
12,"[10, 11, 0]"
12,"[10, 11, 29]"
32,"[10, 56]"
19,"[10, 56, 57]"
16,"[10, 56, 62]"
27,"[10, 56, 25]"
29,"[10, 56, 48]"
31,"[10, 56, 28]"
22,"[10, 56, 17]"
32,"[10, 56, 70]"
13,"[10, 56, 64]"
27,"[10, 56, 35]"
25,"[10, 56, 58]"
20,"[10, 56, 49]"
18,"[10, 56, 55]"
23,"[10, 56, 6]"
24,"[10, 56, 69]"
26,"[10, 56, 34]"
26,"[10, 56, 33]"
17,"[10, 56, 26]"
15,"[10, 56, 50]"
20,"[10, 56, 37]"
18,"[10, 56, 60]"
24,"[10, 56, 29]"
20,"[10, 56, 0]"
19,"[10, 56, 4]"
24,"[10, 56, 54]"
13,"[10, 56, 13]"
15,"[10, 56, 53]"
14,"[10, 56, 12]"
15,"[10, 56, 42]"
14,"[10, 56, 59]"
22,"[10, 56, 56]"
13,"[10, 56, 14]"
13,"[10, 56, 51]"
12,"[10, 56, 8]"
18,"[10, 56, 27]"
12,"[10, 56, 7]"
18,"[10, 56, 10]"
18,"[10, 56, 20]"
13,"[10, 56, 32]"
20,"[10, 57]"
16,"[10, 57, 25]"
18,"[10, 57, 48]"
19,"[10, 57, 28]"
15,"[10, 57, 17]"
20,"[10, 57, 70]"
17,"[10, 57, 35]"
16,"[10, 57, 58]"
16,"[10, 57, 49]"
13,"[10, 57, 55]"
15,"[10, 57, 6]"
15,"[10, 57, 69]"
16,"[10, 57, 54]"
13,"[10, 57, 0]"
15,"[10, 57, 29]"
15,"[10, 57, 33]"
15,"[10, 57, 34]"
12,"[10, 57, 20]"
17,"[10, 62]"
12,"[10, 62, 25]"
13,"[10, 62, 48]"
14,"[10, 62, 28]"
16,"[10, 62, 70]"
12,"[10, 62, 6]"
13,"[10, 62, 69]"
14,"[10, 62, 29]"
13,"[10, 62, 54]"
12,"[10, 62, 33]"
30,"[10, 25]"
25,"[10, 25, 48]"
21,"[10, 25, 28]"
20,"[10, 25, 17]"
28,"[10, 25, 70]"
12,"[10, 25, 64]"
12,"[10, 25, 35]"
13,"[10, 25, 58]"
13,"[10, 25, 62]"
17,"[10, 25, 49]"
14,"[10, 25, 55]"
19,"[10, 25, 6]"
19,"[10, 25, 69]"
18,"[10, 25, 37]"
16,"[10, 25, 25]"
22,"[10, 25, 29]"
17,"[10, 25, 0]"
15,"[10, 25, 4]"
21,"[10, 25, 54]"
13,"[10, 25, 53]"
13,"[10, 25, 12]"
12,"[10, 25, 42]"
17,"[10, 25, 33]"
16,"[10, 25, 27]"
17,"[10, 25, 20]"
14,"[10, 25, 34]"
13,"[10, 25, 32]"
31,"[10, 48]"
23,"[10, 48, 28]"
21,"[10, 48, 17]"
29,"[10, 48, 70]"
12,"[10, 48, 62]"
17,"[10, 48, 49]"
22,"[10, 48, 48]"
18,"[10, 48, 55]"
20,"[10, 48, 6]"
19,"[10, 48, 69]"
15,"[10, 48, 37]"
18,"[10, 48, 25]"
22,"[10, 48, 29]"
17,"[10, 48, 0]"
15,"[10, 48, 4]"
23,"[10, 48, 54]"
13,"[10, 48, 12]"
12,"[10, 48, 42]"
12,"[10, 48, 56]"
14,"[10, 48, 27]"
14,"[10, 48, 20]"
14,"[10, 48, 33]"
13,"[10, 48, 34]"
13,"[10, 48, 32]"
34,"[10, 28]"
24,"[10, 28, 17]"
33,"[10, 28, 70]"
13,"[10, 28, 64]"
13,"[10, 28, 35]"
13,"[10, 28, 58]"
13,"[10, 28, 62]"
18,"[10, 28, 49]"
26,"[10, 28, 48]"
17,"[10, 28, 55]"
22,"[10, 28, 6]"
21,"[10, 28, 69]"
27,"[10, 28, 25]"
14,"[10, 28, 26]"
13,"[10, 28, 50]"
17,"[10, 28, 37]"
13,"[10, 28, 60]"
21,"[10, 28, 28]"
25,"[10, 28, 29]"
19,"[10, 28, 0]"
16,"[10, 28, 4]"
25,"[10, 28, 54]"
12,"[10, 28, 13]"
16,"[10, 28, 53]"
15,"[10, 28, 12]"
14,"[10, 28, 42]"
13,"[10, 28, 56]"
19,"[10, 28, 33]"
17,"[10, 28, 27]"
17,"[10, 28, 20]"
12,"[10, 28, 10]"
17,"[10, 28, 34]"
15,"[10, 28, 32]"
12,"[10, 28, 18]"
25,"[10, 17]"
25,"[10, 17, 70]"
13,"[10, 17, 35]"
14,"[10, 17, 49]"
19,"[10, 17, 48]"
14,"[10, 17, 55]"
20,"[10, 17, 17]"
20,"[10, 17, 6]"
19,"[10, 17, 69]"
17,"[10, 17, 0]"
18,"[10, 17, 4]"
18,"[10, 17, 54]"
20,"[10, 17, 29]"
12,"[10, 17, 56]"
16,"[10, 17, 27]"
18,"[10, 17, 28]"
15,"[10, 17, 25]"
18,"[10, 17, 33]"
17,"[10, 17, 34]"
12,"[10, 17, 37]"
12,"[10, 17, 20]"
12,"[10, 17, 32]"
30,"[10, 35]"
27,"[10, 35, 58]"
16,"[10, 35, 62]"
20,"[10, 35, 49]"
13,"[10, 35, 64]"
30,"[10, 35, 70]"
26,"[10, 35, 48]"
16,"[10, 35, 55]"
20,"[10, 35, 17]"
21,"[10, 35, 6]"
23,"[10, 35, 69]"
15,"[10, 35, 35]"
22,"[10, 35, 34]"
23,"[10, 35, 33]"
29,"[10, 35, 28]"
24,"[10, 35, 25]"
15,"[10, 35, 26]"
14,"[10, 35, 50]"
18,"[10, 35, 37]"
15,"[10, 35, 60]"
21,"[10, 35, 29]"
16,"[10, 35, 0]"
13,"[10, 35, 4]"
23,"[10, 35, 54]"
12,"[10, 35, 13]"
14,"[10, 35, 53]"
13,"[10, 35, 12]"
13,"[10, 35, 42]"
15,"[10, 35, 59]"
14,"[10, 35, 56]"
12,"[10, 35, 14]"
12,"[10, 35, 18]"
15,"[10, 35, 27]"
17,"[10, 35, 20]"
12,"[10, 35, 32]"
27,"[10, 58]"
13,"[10, 58, 62]"
20,"[10, 58, 49]"
13,"[10, 58, 64]"
27,"[10, 58, 70]"
23,"[10, 58, 48]"
16,"[10, 58, 55]"
19,"[10, 58, 17]"
19,"[10, 58, 6]"
21,"[10, 58, 69]"
15,"[10, 58, 35]"
17,"[10, 58, 58]"
18,"[10, 58, 34]"
19,"[10, 58, 33]"
25,"[10, 58, 28]"
20,"[10, 58, 25]"
12,"[10, 58, 26]"
12,"[10, 58, 50]"
16,"[10, 58, 37]"
14,"[10, 58, 60]"
19,"[10, 58, 29]"
16,"[10, 58, 0]"
12,"[10, 58, 4]"
21,"[10, 58, 54]"
13,"[10, 58, 53]"
12,"[10, 58, 12]"
12,"[10, 58, 42]"
15,"[10, 58, 59]"
13,"[10, 58, 56]"
14,"[10, 58, 27]"
13,"[10, 58, 20]"
22,"[10, 49]"
19,"[10, 49, 70]"
13,"[10, 49, 49]"
16,"[10, 49, 48]"
15,"[10, 49, 55]"
15,"[10, 49, 17]"
13,"[10, 49, 6]"
13,"[10, 49, 69]"
14,"[10, 49, 29]"
13,"[10, 49, 0]"
14,"[10, 49, 54]"
19,"[10, 55]"
12,"[10, 55, 17]"
13,"[10, 55, 70]"
12,"[10, 55, 29]"
27,"[10, 6]"
16,"[10, 6, 69]"
26,"[10, 6, 70]"
17,"[10, 6, 4]"
17,"[10, 6, 55]"
18,"[10, 6, 54]"
18,"[10, 6, 48]"
16,"[10, 6, 0]"
16,"[10, 6, 17]"
12,"[10, 6, 56]"
19,"[10, 6, 29]"
12,"[10, 6, 6]"
13,"[10, 6, 7]"
15,"[10, 6, 49]"
16,"[10, 6, 28]"
16,"[10, 6, 25]"
17,"[10, 6, 33]"
13,"[10, 6, 34]"
13,"[10, 39]"
13,"[10, 39, 70]"
12,"[10, 39, 48]"
27,"[10, 34]"
23,"[10, 34, 33]"
27,"[10, 34, 28]"
23,"[10, 34, 25]"
24,"[10, 34, 48]"
27,"[10, 34, 70]"
15,"[10, 34, 26]"
13,"[10, 34, 50]"
18,"[10, 34, 37]"
14,"[10, 34, 60]"
19,"[10, 34, 29]"
18,"[10, 34, 69]"
19,"[10, 34, 17]"
14,"[10, 34, 0]"
13,"[10, 34, 4]"
19,"[10, 34, 6]"
13,"[10, 34, 55]"
21,"[10, 34, 54]"
13,"[10, 34, 53]"
12,"[10, 34, 12]"
17,"[10, 34, 20]"
16,"[10, 34, 49]"
13,"[10, 34, 27]"
16,"[10, 34, 34]"
13,"[10, 34, 32]"
28,"[10, 33]"
24,"[10, 33, 28]"
24,"[10, 33, 25]"
24,"[10, 33, 48]"
27,"[10, 33, 70]"
12,"[10, 33, 62]"
12,"[10, 33, 26]"
12,"[10, 33, 50]"
16,"[10, 33, 37]"
23,"[10, 33, 29]"
19,"[10, 33, 69]"
19,"[10, 33, 17]"
18,"[10, 33, 0]"
16,"[10, 33, 4]"
18,"[10, 33, 6]"
13,"[10, 33, 55]"
21,"[10, 33, 54]"
13,"[10, 33, 53]"
13,"[10, 33, 12]"
12,"[10, 33, 42]"
12,"[10, 33, 56]"
12,"[10, 33, 58]"
17,"[10, 33, 27]"
17,"[10, 33, 20]"
13,"[10, 33, 35]"
15,"[10, 33, 49]"
13,"[10, 33, 33]"
16,"[10, 33, 34]"
14,"[10, 33, 32]"
18,"[10, 26]"
13,"[10, 26, 50]"
14,"[10, 26, 48]"
12,"[10, 26, 29]"
18,"[10, 26, 70]"
13,"[10, 26, 6]"
15,"[10, 50]"
15,"[10, 50, 70]"
12,"[10, 50, 54]"
21,"[10, 37]"
16,"[10, 37, 60]"
17,"[10, 37, 48]"
13,"[10, 37, 25]"
13,"[10, 37, 28]"
15,"[10, 37, 29]"
14,"[10, 37, 17]"
12,"[10, 37, 0]"
21,"[10, 37, 70]"
15,"[10, 37, 6]"
13,"[10, 37, 55]"
15,"[10, 37, 54]"
12,"[10, 37, 26]"
13,"[10, 37, 49]"
13,"[10, 37, 33]"
12,"[10, 37, 34]"
19,"[10, 60]"
14,"[10, 60, 48]"
13,"[10, 60, 28]"
13,"[10, 60, 29]"
12,"[10, 60, 17]"
19,"[10, 60, 70]"
15,"[10, 60, 6]"
12,"[10, 60, 55]"
12,"[10, 60, 54]"
12,"[10, 60, 26]"
28,"[10, 29]"
18,"[10, 29, 69]"
21,"[10, 29, 29]"
19,"[10, 29, 17]"
18,"[10, 29, 0]"
19,"[10, 29, 4]"
26,"[10, 29, 70]"
19,"[10, 29, 6]"
12,"[10, 29, 55]"
18,"[10, 29, 54]"
12,"[10, 29, 53]"
14,"[10, 29, 56]"
13,"[10, 29, 27]"
14,"[10, 29, 49]"
20,"[10, 29, 28]"
20,"[10, 29, 25]"
21,"[10, 29, 33]"
19,"[10, 29, 48]"
17,"[10, 29, 34]"
13,"[10, 29, 35]"
13,"[10, 29, 37]"
13,"[10, 29, 10]"
13,"[10, 29, 20]"
24,"[10, 0]"
17,"[10, 0, 4]"
24,"[10, 0, 70]"
20,"[10, 0, 6]"
14,"[10, 0, 55]"
20,"[10, 0, 54]"
18,"[10, 0, 69]"
12,"[10, 0, 13]"
12,"[10, 0, 53]"
12,"[10, 0, 12]"
16,"[10, 0, 56]"
12,"[10, 0, 58]"
13,"[10, 0, 37]"
20,"[10, 0, 48]"
21,"[10, 0, 25]"
15,"[10, 0, 0]"
14,"[10, 0, 17]"
17,"[10, 0, 29]"
12,"[10, 0, 27]"
15,"[10, 0, 49]"
20,"[10, 0, 28]"
21,"[10, 0, 33]"
18,"[10, 0, 34]"
12,"[10, 0, 35]"
14,"[10, 0, 10]"
14,"[10, 0, 20]"
22,"[10, 4]"
21,"[10, 4, 70]"
14,"[10, 4, 6]"
12,"[10, 4, 55]"
14,"[10, 4, 54]"
13,"[10, 4, 69]"
14,"[10, 4, 48]"
12,"[10, 4, 17]"
18,"[10, 4, 29]"
14,"[10, 4, 0]"
12,"[10, 4, 28]"
27,"[10, 54]"
16,"[10, 54, 69]"
27,"[10, 54, 70]"
12,"[10, 54, 12]"
14,"[10, 54, 25]"
16,"[10, 54, 0]"
21,"[10, 54, 54]"
14,"[10, 54, 37]"
15,"[10, 54, 55]"
20,"[10, 54, 48]"
18,"[10, 54, 6]"
19,"[10, 54, 17]"
19,"[10, 54, 29]"
13,"[10, 54, 27]"
17,"[10, 54, 49]"
17,"[10, 54, 28]"
18,"[10, 54, 33]"
16,"[10, 54, 20]"
13,"[10, 54, 4]"
15,"[10, 54, 34]"
12,"[10, 54, 32]"
16,"[10, 13]"
14,"[10, 13, 53]"
15,"[10, 13, 70]"
19,"[10, 53]"
17,"[10, 53, 70]"
12,"[10, 53, 54]"
18,"[10, 42]"
15,"[10, 42, 70]"
12,"[10, 42, 53]"
12,"[10, 42, 69]"
23,"[10, 10]"
19,"[10, 10, 56]"
18,"[10, 10, 35]"
16,"[10, 10, 58]"
23,"[10, 10, 70]"
22,"[10, 10, 34]"
21,"[10, 10, 33]"
23,"[10, 10, 28]"
21,"[10, 10, 25]"
20,"[10, 10, 48]"
18,"[10, 10, 54]"
15,"[10, 10, 0]"
13,"[10, 10, 37]"
15,"[10, 10, 6]"
17,"[10, 10, 69]"
14,"[10, 10, 20]"
13,"[10, 10, 4]"
14,"[10, 10, 49]"
15,"[10, 10, 27]"
16,"[10, 10, 17]"
18,"[10, 10, 29]"
12,"[10, 10, 42]"
12,"[10, 10, 53]"
12,"[10, 10, 32]"
15,"[10, 59]"
15,"[10, 59, 70]"
13,"[10, 59, 28]"
12,"[10, 59, 48]"
13,"[10, 59, 49]"
15,"[10, 8]"
13,"[10, 8, 70]"
12,"[10, 8, 0]"
12,"[10, 8, 17]"
15,"[10, 8, 29]"
12,"[10, 8, 27]"
12,"[10, 8, 28]"
12,"[10, 8, 25]"
12,"[10, 8, 48]"
14,"[10, 14]"
13,"[10, 14, 29]"
13,"[10, 14, 69]"
14,"[10, 14, 70]"
15,"[10, 18]"
15,"[10, 18, 29]"
12,"[10, 18, 27]"
13,"[10, 18, 70]"
12,"[10, 18, 25]"
21,"[10, 27]"
19,"[10, 27, 70]"
12,"[10, 27, 49]"
16,"[10, 27, 69]"
14,"[10, 27, 28]"
15,"[10, 27, 33]"
13,"[10, 27, 48]"
19,"[10, 27, 17]"
16,"[10, 27, 27]"
20,"[10, 27, 29]"
14,"[10, 27, 0]"
13,"[10, 27, 6]"
14,"[10, 27, 4]"
12,"[10, 27, 54]"
14,"[10, 27, 34]"
13,"[10, 7]"
12,"[10, 7, 70]"
20,"[10, 20]"
16,"[10, 20, 37]"
12,"[10, 20, 26]"
13,"[10, 20, 28]"
19,"[10, 20, 70]"
13,"[10, 20, 69]"
12,"[10, 20, 49]"
15,"[10, 20, 48]"
12,"[10, 20, 54]"
13,"[10, 20, 17]"
15,"[10, 20, 29]"
13,"[10, 20, 6]"
13,"[10, 20, 33]"
14,"[10, 20, 34]"
15,"[10, 32]"
13,"[10, 32, 69]"
15,"[10, 32, 70]"
13,"[10, 32, 27]"
14,"[10, 32, 29]"
12,"[10, 32, 8]"
12,"[10, 32, 54]"
12,"[10, 32, 17]"
13,"[10, 32, 28]"
12,"[10, 32, 34]"
12,"[10, 32, 33]"
17,[11]
16,"[11, 56]"
13,"[11, 56, 25]"
15,"[11, 56, 48]"
14,"[11, 56, 28]"
16,"[11, 56, 70]"
13,"[11, 56, 35]"
13,"[11, 56, 58]"
14,"[11, 56, 49]"
13,"[11, 56, 55]"
12,"[11, 56, 6]"
12,"[11, 56, 33]"
13,"[11, 56, 54]"
13,"[11, 56, 56]"
12,"[11, 57]"
12,"[11, 57, 70]"
14,"[11, 25]"
14,"[11, 25, 48]"
13,"[11, 25, 70]"
12,"[11, 25, 49]"
12,"[11, 25, 6]"
16,"[11, 48]"
12,"[11, 48, 28]"
15,"[11, 48, 70]"
13,"[11, 48, 49]"
14,"[11, 48, 48]"
13,"[11, 48, 55]"
13,"[11, 48, 6]"
13,"[11, 48, 54]"
15,"[11, 28]"
14,"[11, 28, 70]"
13,"[11, 28, 48]"
12,"[11, 28, 55]"
12,"[11, 28, 54]"
17,"[11, 70]"
15,"[11, 70, 49]"
15,"[11, 70, 70]"
16,"[11, 70, 48]"
14,"[11, 70, 55]"
13,"[11, 70, 6]"
13,"[11, 70, 33]"
14,"[11, 70, 28]"
13,"[11, 70, 25]"
14,"[11, 70, 54]"
12,"[11, 70, 29]"
16,"[11, 35]"
15,"[11, 35, 58]"
15,"[11, 35, 49]"
16,"[11, 35, 70]"
16,"[11, 35, 48]"
14,"[11, 35, 55]"
13,"[11, 35, 6]"
12,"[11, 35, 33]"
14,"[11, 35, 28]"
13,"[11, 35, 25]"
14,"[11, 35, 54]"
15,"[11, 58]"
14,"[11, 58, 49]"
15,"[11, 58, 70]"
15,"[11, 58, 48]"
13,"[11, 58, 55]"
12,"[11, 58, 6]"
12,"[11, 58, 33]"
14,"[11, 58, 28]"
12,"[11, 58, 25]"
13,"[11, 58, 54]"
15,"[11, 49]"
13,"[11, 49, 70]"
12,"[11, 49, 48]"
13,"[11, 49, 55]"
14,"[11, 55]"
14,"[11, 6]"
14,"[11, 6, 70]"
12,"[11, 6, 55]"
12,"[11, 6, 48]"
13,"[11, 6, 54]"
12,"[11, 69]"
12,"[11, 34]"
12,"[11, 34, 48]"
12,"[11, 34, 70]"
13,"[11, 33]"
12,"[11, 33, 25]"
12,"[11, 33, 48]"
12,"[11, 33, 70]"
14,"[11, 54]"
14,"[11, 54, 70]"
14,"[11, 54, 54]"
12,"[11, 54, 55]"
12,"[11, 0]"
12,"[11, 0, 54]"
12,"[11, 0, 70]"
12,"[11, 29]"
34,[56]
20,"[56, 57]"
16,"[56, 57, 25]"
18,"[56, 57, 48]"
19,"[56, 57, 28]"
15,"[56, 57, 17]"
20,"[56, 57, 70]"
17,"[56, 57, 35]"
16,"[56, 57, 58]"
16,"[56, 57, 49]"
13,"[56, 57, 55]"
15,"[56, 57, 6]"
15,"[56, 57, 69]"
16,"[56, 57, 54]"
13,"[56, 57, 0]"
15,"[56, 57, 29]"
15,"[56, 57, 33]"
15,"[56, 57, 34]"
12,"[56, 57, 20]"
17,"[56, 62]"
13,"[56, 62, 48]"
13,"[56, 62, 28]"
16,"[56, 62, 70]"
12,"[56, 62, 6]"
13,"[56, 62, 69]"
13,"[56, 62, 29]"
12,"[56, 62, 54]"
12,"[56, 62, 33]"
28,"[56, 25]"
23,"[56, 25, 48]"
17,"[56, 25, 28]"
17,"[56, 25, 17]"
25,"[56, 25, 70]"
12,"[56, 25, 58]"
13,"[56, 25, 62]"
15,"[56, 25, 49]"
13,"[56, 25, 55]"
18,"[56, 25, 6]"
17,"[56, 25, 69]"
17,"[56, 25, 37]"
13,"[56, 25, 25]"
21,"[56, 25, 29]"
14,"[56, 25, 0]"
13,"[56, 25, 4]"
19,"[56, 25, 54]"
15,"[56, 25, 33]"
14,"[56, 25, 27]"
16,"[56, 25, 20]"
13,"[56, 25, 34]"
30,"[56, 48]"
22,"[56, 48, 28]"
19,"[56, 48, 17]"
28,"[56, 48, 70]"
12,"[56, 48, 62]"
15,"[56, 48, 49]"
21,"[56, 48, 48]"
17,"[56, 48, 55]"
20,"[56, 48, 6]"
18,"[56, 48, 69]"
12,"[56, 48, 26]"
15,"[56, 48, 37]"
12,"[56, 48, 60]"
18,"[56, 48, 25]"
21,"[56, 48, 29]"
15,"[56, 48, 0]"
13,"[56, 48, 4]"
21,"[56, 48, 54]"
12,"[56, 48, 56]"
13,"[56, 48, 27]"
14,"[56, 48, 20]"
13,"[56, 48, 33]"
13,"[56, 48, 34]"
12,"[56, 48, 32]"
32,"[56, 28]"
21,"[56, 28, 17]"
31,"[56, 28, 70]"
12,"[56, 28, 64]"
12,"[56, 28, 35]"
13,"[56, 28, 58]"
13,"[56, 28, 62]"
16,"[56, 28, 49]"
25,"[56, 28, 48]"
16,"[56, 28, 55]"
21,"[56, 28, 6]"
19,"[56, 28, 69]"
25,"[56, 28, 25]"
13,"[56, 28, 26]"
14,"[56, 28, 50]"
17,"[56, 28, 37]"
13,"[56, 28, 60]"
18,"[56, 28, 28]"
23,"[56, 28, 29]"
17,"[56, 28, 0]"
14,"[56, 28, 4]"
23,"[56, 28, 54]"
13,"[56, 28, 53]"
13,"[56, 28, 12]"
12,"[56, 28, 42]"
12,"[56, 28, 56]"
17,"[56, 28, 33]"
15,"[56, 28, 27]"
17,"[56, 28, 20]"
16,"[56, 28, 34]"
13,"[56, 28, 32]"
23,"[56, 17]"
23,"[56, 17, 70]"
12,"[56, 17, 35]"
12,"[56, 17, 49]"
18,"[56, 17, 48]"
13,"[56, 17, 55]"
19,"[56, 17, 17]"
19,"[56, 17, 6]"
17,"[56, 17, 69]"
15,"[56, 17, 27]"
19,"[56, 17, 29]"
15,"[56, 17, 4]"
13,"[56, 17, 56]"
17,"[56, 17, 34]"
17,"[56, 17, 33]"
17,"[56, 17, 28]"
14,"[56, 17, 25]"
12,"[56, 17, 37]"
15,"[56, 17, 0]"
17,"[56, 17, 54]"
12,"[56, 17, 32]"
33,"[56, 70]"
13,"[56, 70, 64]"
16,"[56, 70, 35]"
18,"[56, 70, 58]"
17,"[56, 70, 62]"
20,"[56, 70, 49]"
32,"[56, 70, 70]"
30,"[56, 70, 48]"
18,"[56, 70, 55]"
22,"[56, 70, 17]"
23,"[56, 70, 6]"
24,"[56, 70, 69]"
27,"[56, 70, 34]"
27,"[56, 70, 33]"
31,"[56, 70, 28]"
27,"[56, 70, 25]"
18,"[56, 70, 26]"
16,"[56, 70, 50]"
21,"[56, 70, 37]"
19,"[56, 70, 60]"
24,"[56, 70, 29]"
18,"[56, 70, 0]"
15,"[56, 70, 4]"
25,"[56, 70, 54]"
12,"[56, 70, 13]"
14,"[56, 70, 53]"
14,"[56, 70, 12]"
14,"[56, 70, 42]"
17,"[56, 70, 56]"
17,"[56, 70, 27]"
20,"[56, 70, 20]"
13,"[56, 70, 10]"
14,"[56, 70, 32]"
13,"[56, 64]"
12,"[56, 64, 70]"
28,"[56, 35]"
25,"[56, 35, 58]"
15,"[56, 35, 62]"
18,"[56, 35, 49]"
12,"[56, 35, 64]"
28,"[56, 35, 70]"
24,"[56, 35, 48]"
14,"[56, 35, 55]"
18,"[56, 35, 17]"
19,"[56, 35, 6]"
21,"[56, 35, 69]"
14,"[56, 35, 27]"
19,"[56, 35, 29]"
14,"[56, 35, 56]"
15,"[56, 35, 35]"
21,"[56, 35, 34]"
21,"[56, 35, 33]"
27,"[56, 35, 28]"
22,"[56, 35, 25]"
14,"[56, 35, 26]"
14,"[56, 35, 50]"
16,"[56, 35, 37]"
14,"[56, 35, 60]"
14,"[56, 35, 0]"
21,"[56, 35, 54]"
12,"[56, 35, 13]"
14,"[56, 35, 53]"
12,"[56, 35, 12]"
12,"[56, 35, 42]"
15,"[56, 35, 59]"
16,"[56, 35, 20]"
26,"[56, 58]"
13,"[56, 58, 62]"
19,"[56, 58, 49]"
13,"[56, 58, 64]"
26,"[56, 58, 70]"
22,"[56, 58, 48]"
15,"[56, 58, 55]"
18,"[56, 58, 17]"
18,"[56, 58, 6]"
20,"[56, 58, 69]"
15,"[56, 58, 35]"
17,"[56, 58, 58]"
18,"[56, 58, 34]"
18,"[56, 58, 33]"
24,"[56, 58, 28]"
19,"[56, 58, 25]"
12,"[56, 58, 26]"
12,"[56, 58, 50]"
15,"[56, 58, 37]"
14,"[56, 58, 60]"
18,"[56, 58, 29]"
15,"[56, 58, 0]"
20,"[56, 58, 54]"
13,"[56, 58, 53]"
12,"[56, 58, 12]"
12,"[56, 58, 42]"
15,"[56, 58, 59]"
13,"[56, 58, 56]"
13,"[56, 58, 27]"
13,"[56, 58, 20]"
20,"[56, 49]"
17,"[56, 49, 70]"
12,"[56, 49, 49]"
14,"[56, 49, 48]"
14,"[56, 49, 55]"
13,"[56, 49, 17]"
12,"[56, 49, 6]"
13,"[56, 49, 29]"
13,"[56, 49, 54]"
18,"[56, 55]"
12,"[56, 55, 17]"
12,"[56, 55, 70]"
25,"[56, 6]"
14,"[56, 6, 69]"
24,"[56, 6, 70]"
14,"[56, 6, 4]"
16,"[56, 6, 55]"
17,"[56, 6, 54]"
17,"[56, 6, 48]"
14,"[56, 6, 0]"
13,"[56, 6, 17]"
17,"[56, 6, 29]"
12,"[56, 6, 7]"
13,"[56, 6, 49]"
12,"[56, 6, 28]"
13,"[56, 6, 25]"
14,"[56, 6, 33]"
25,"[56, 69]"
25,"[56, 69, 70]"
19,"[56, 69, 29]"
17,"[56, 69, 17]"
15,"[56, 69, 0]"
12,"[56, 69, 4]"
17,"[56, 69, 6]"
12,"[56, 69, 62]"
18,"[56, 69, 54]"
22,"[56, 69, 69]"
13,"[56, 69, 13]"
15,"[56, 69, 53]"
13,"[56, 69, 12]"
15,"[56, 69, 42]"
12,"[56, 69, 51]"
16,"[56, 69, 56]"
15,"[56, 69, 27]"
15,"[56, 69, 49]"
21,"[56, 69, 28]"
17,"[56, 69, 25]"
18,"[56, 69, 33]"
18,"[56, 69, 48]"
14,"[56, 69, 20]"
15,"[56, 69, 37]"
13,"[56, 69, 60]"
12,"[56, 69, 50]"
18,"[56, 69, 34]"
12,"[56, 69, 32]"
12,"[56, 39]"
12,"[56, 39, 70]"
20,"[56, 27]"
19,"[56, 27, 29]"
12,"[56, 27, 4]"
18,"[56, 27, 70]"
14,"[56, 27, 34]"
14,"[56, 27, 33]"
13,"[56, 27, 28]"
12,"[56, 27, 48]"
15,"[56, 27, 69]"
18,"[56, 27, 17]"
13,"[56, 27, 0]"
13,"[56, 27, 6]"
12,"[56, 27, 54]"
14,"[56, 27, 27]"
25,"[56, 29]"
15,"[56, 29, 4]"
12,"[56, 29, 56]"
21,"[56, 29, 70]"
15,"[56, 29, 34]"
17,"[56, 29, 33]"
15,"[56, 29, 28]"
15,"[56, 29, 25]"
16,"[56, 29, 48]"
12,"[56, 29, 37]"
16,"[56, 29, 29]"
14,"[56, 29, 69]"
16,"[56, 29, 17]"
14,"[56, 29, 0]"
15,"[56, 29, 6]"
14,"[56, 29, 54]"
19,"[56, 4]"
18,"[56, 4, 70]"
12,"[56, 4, 48]"
17,"[56, 4, 29]"
12,"[56, 4, 17]"
13,"[56, 4, 0]"
13,"[56, 4, 6]"
12,"[56, 4, 55]"
13,"[56, 4, 54]"
21,"[56, 10]"
17,"[56, 10, 56]"
17,"[56, 10, 35]"
16,"[56, 10, 58]"
20,"[56, 10, 70]"
19,"[56, 10, 34]"
19,"[56, 10, 33]"
20,"[56, 10, 28]"
18,"[56, 10, 25]"
16,"[56, 10, 48]"
12,"[56, 10, 37]"
17,"[56, 10, 29]"
16,"[56, 10, 69]"
14,"[56, 10, 17]"
14,"[56, 10, 0]"
14,"[56, 10, 4]"
15,"[56, 10, 6]"
15,"[56, 10, 54]"
13,"[56, 10, 53]"
12,"[56, 10, 12]"
12,"[56, 10, 42]"
12,"[56, 10, 20]"
12,"[56, 10, 49]"
14,"[56, 10, 27]"
25,"[56, 56]"
14,"[56, 56, 35]"
14,"[56, 56, 58]"
25,"[56, 56, 70]"
18,"[56, 56, 34]"
18,"[56, 56, 33]"
21,"[56, 56, 28]"
19,"[56, 56, 25]"
21,"[56, 56, 48]"
12,"[56, 56, 50]"
14,"[56, 56, 37]"
16,"[56, 56, 60]"
18,"[56, 56, 29]"
18,"[56, 56, 69]"
14,"[56, 56, 17]"
16,"[56, 56, 0]"
13,"[56, 56, 4]"
17,"[56, 56, 6]"
14,"[56, 56, 55]"
18,"[56, 56, 54]"
12,"[56, 56, 42]"
14,"[56, 56, 27]"
14,"[56, 56, 49]"
12,"[56, 56, 20]"
27,"[56, 34]"
24,"[56, 34, 33]"
27,"[56, 34, 28]"
24,"[56, 34, 25]"
24,"[56, 34, 48]"
27,"[56, 34, 70]"
16,"[56, 34, 26]"
14,"[56, 34, 50]"
19,"[56, 34, 37]"
15,"[56, 34, 60]"
20,"[56, 34, 29]"
18,"[56, 34, 69]"
19,"[56, 34, 17]"
14,"[56, 34, 0]"
13,"[56, 34, 4]"
20,"[56, 34, 6]"
13,"[56, 34, 55]"
22,"[56, 34, 54]"
12,"[56, 34, 53]"
12,"[56, 34, 56]"
18,"[56, 34, 20]"
15,"[56, 34, 49]"
14,"[56, 34, 27]"
17,"[56, 34, 34]"
13,"[56, 34, 32]"
27,"[56, 33]"
24,"[56, 33, 28]"
24,"[56, 33, 25]"
23,"[56, 33, 48]"
26,"[56, 33, 70]"
12,"[56, 33, 62]"
12,"[56, 33, 26]"
13,"[56, 33, 50]"
17,"[56, 33, 37]"
12,"[56, 33, 60]"
22,"[56, 33, 29]"
17,"[56, 33, 69]"
17,"[56, 33, 17]"
16,"[56, 33, 0]"
14,"[56, 33, 4]"
18,"[56, 33, 6]"
12,"[56, 33, 55]"
21,"[56, 33, 54]"
12,"[56, 33, 53]"
12,"[56, 33, 12]"
12,"[56, 33, 58]"
15,"[56, 33, 27]"
17,"[56, 33, 20]"
12,"[56, 33, 35]"
13,"[56, 33, 49]"
13,"[56, 33, 33]"
15,"[56, 33, 34]"
12,"[56, 33, 32]"
18,"[56, 26]"
14,"[56, 26, 50]"
15,"[56, 26, 48]"
12,"[56, 26, 29]"
18,"[56, 26, 70]"
13,"[56, 26, 6]"
12,"[56, 26, 54]"
16,"[56, 50]"
12,"[56, 50, 48]"
12,"[56, 50, 29]"
12,"[56, 50, 69]"
16,"[56, 50, 70]"
13,"[56, 50, 54]"
21,"[56, 37]"
17,"[56, 37, 60]"
17,"[56, 37, 48]"
13,"[56, 37, 25]"
13,"[56, 37, 28]"
15,"[56, 37, 29]"
13,"[56, 37, 17]"
12,"[56, 37, 0]"
21,"[56, 37, 70]"
15,"[56, 37, 6]"
12,"[56, 37, 55]"
15,"[56, 37, 54]"
12,"[56, 37, 26]"
12,"[56, 37, 49]"
12,"[56, 37, 33]"
12,"[56, 37, 34]"
19,"[56, 60]"
15,"[56, 60, 48]"
13,"[56, 60, 28]"
13,"[56, 60, 29]"
13,"[56, 60, 17]"
12,"[56, 60, 0]"
19,"[56, 60, 70]"
15,"[56, 60, 6]"
12,"[56, 60, 55]"
13,"[56, 60, 54]"
12,"[56, 60, 26]"
21,"[56, 0]"
13,"[56, 0, 4]"
21,"[56, 0, 70]"
17,"[56, 0, 6]"
13,"[56, 0, 55]"
18,"[56, 0, 54]"
14,"[56, 0, 69]"
12,"[56, 0, 56]"
18,"[56, 0, 48]"
17,"[56, 0, 25]"
12,"[56, 0, 0]"
15,"[56, 0, 29]"
12,"[56, 0, 49]"
15,"[56, 0, 28]"
16,"[56, 0, 33]"
14,"[56, 0, 34]"
25,"[56, 54]"
13,"[56, 54, 69]"
25,"[56, 54, 70]"
13,"[56, 54, 25]"
13,"[56, 54, 0]"
20,"[56, 54, 54]"
12,"[56, 54, 37]"
14,"[56, 54, 55]"
18,"[56, 54, 48]"
17,"[56, 54, 6]"
16,"[56, 54, 17]"
18,"[56, 54, 29]"
15,"[56, 54, 49]"
15,"[56, 54, 28]"
15,"[56, 54, 33]"
14,"[56, 54, 20]"
13,"[56, 54, 34]"
13,"[56, 13]"
15,"[56, 53]"
13,"[56, 53, 70]"
14,"[56, 12]"
12,"[56, 12, 70]"
15,"[56, 42]"
12,"[56, 42, 70]"
15,"[56, 59]"
15,"[56, 59, 70]"
13,"[56, 59, 28]"
12,"[56, 59, 48]"
13,"[56, 59, 49]"
13,"[56, 14]"
12,"[56, 14, 69]"
12,"[56, 14, 70]"
13,"[56, 51]"
12,"[56, 18]"
12,"[56, 18, 29]"
14,"[56, 8]"
14,"[56, 8, 29]"
12,"[56, 8, 70]"
12,"[56, 7]"
20,"[56, 20]"
16,"[56, 20, 37]"
12,"[56, 20, 60]"
12,"[56, 20, 26]"
12,"[56, 20, 28]"
19,"[56, 20, 70]"
12,"[56, 20, 69]"
15,"[56, 20, 48]"
13,"[56, 20, 54]"
12,"[56, 20, 17]"
16,"[56, 20, 29]"
14,"[56, 20, 6]"
13,"[56, 20, 33]"
13,"[56, 20, 34]"
12,"[56, 20, 25]"
14,"[56, 32]"
12,"[56, 32, 69]"
14,"[56, 32, 70]"
12,"[56, 32, 27]"
13,"[56, 32, 29]"
12,"[56, 32, 28]"
20,[57]
16,"[57, 25]"
15,"[57, 25, 48]"
15,"[57, 25, 70]"
12,"[57, 25, 29]"
18,"[57, 48]"
15,"[57, 48, 28]"
12,"[57, 48, 17]"
17,"[57, 48, 70]"
12,"[57, 48, 49]"
16,"[57, 48, 48]"
12,"[57, 48, 55]"
13,"[57, 48, 6]"
12,"[57, 48, 29]"
13,"[57, 48, 54]"
19,"[57, 28]"
13,"[57, 28, 17]"
18,"[57, 28, 70]"
12,"[57, 28, 49]"
16,"[57, 28, 48]"
12,"[57, 28, 55]"
12,"[57, 28, 6]"
14,"[57, 28, 25]"
12,"[57, 28, 33]"
13,"[57, 28, 29]"
14,"[57, 28, 54]"
12,"[57, 28, 28]"
12,"[57, 28, 34]"
15,"[57, 17]"
15,"[57, 17, 70]"
13,"[57, 17, 17]"
12,"[57, 17, 6]"
12,"[57, 17, 29]"
20,"[57, 70]"
16,"[57, 70, 49]"
18,"[57, 70, 70]"
18,"[57, 70, 48]"
13,"[57, 70, 55]"
14,"[57, 70, 17]"
14,"[57, 70, 6]"
13,"[57, 70, 69]"
16,"[57, 70, 54]"
14,"[57, 70, 29]"
18,"[57, 70, 28]"
15,"[57, 70, 25]"
15,"[57, 70, 33]"
15,"[57, 70, 34]"
12,"[57, 70, 20]"
17,"[57, 35]"
15,"[57, 35, 58]"
14,"[57, 35, 49]"
17,"[57, 35, 70]"
16,"[57, 35, 48]"
12,"[57, 35, 6]"
12,"[57, 35, 69]"
14,"[57, 35, 54]"
16,"[57, 35, 28]"
13,"[57, 35, 25]"
13,"[57, 35, 33]"
13,"[57, 35, 34]"
16,"[57, 58]"
15,"[57, 58, 49]"
16,"[57, 58, 70]"
15,"[57, 58, 48]"
12,"[57, 58, 55]"
12,"[57, 58, 17]"
13,"[57, 58, 6]"
14,"[57, 58, 54]"
12,"[57, 58, 29]"
15,"[57, 58, 28]"
12,"[57, 58, 25]"
12,"[57, 58, 33]"
12,"[57, 58, 34]"
16,"[57, 49]"
15,"[57, 49, 70]"
14,"[57, 49, 48]"
13,"[57, 49, 55]"
12,"[57, 49, 17]"
12,"[57, 49, 29]"
12,"[57, 49, 54]"
13,"[57, 55]"
15,"[57, 6]"
15,"[57, 6, 70]"
12,"[57, 6, 48]"
12,"[57, 6, 54]"
15,"[57, 69]"
15,"[57, 69, 70]"
13,"[57, 69, 28]"
12,"[57, 69, 48]"
16,"[57, 54]"
12,"[57, 54, 17]"
13,"[57, 54, 29]"
12,"[57, 54, 6]"
16,"[57, 54, 70]"
12,"[57, 54, 49]"
12,"[57, 54, 28]"
12,"[57, 54, 33]"
14,"[57, 54, 48]"
14,"[57, 54, 54]"
13,"[57, 0]"
13,"[57, 0, 70]"
12,"[57, 0, 33]"
12,"[57, 0, 48]"
15,"[57, 29]"
13,"[57, 29, 70]"
15,"[57, 33]"
13,"[57, 33, 48]"
12,"[57, 33, 29]"
14,"[57, 33, 70]"
12,"[57, 33, 28]"
13,"[57, 33, 25]"
12,"[57, 33, 54]"
15,"[57, 34]"
13,"[57, 34, 33]"
15,"[57, 34, 28]"
13,"[57, 34, 25]"
14,"[57, 34, 48]"
13,"[57, 34, 54]"
15,"[57, 34, 70]"
12,"[57, 34, 6]"
12,"[57, 34, 34]"
12,"[57, 20]"
12,"[57, 20, 70]"
31,[35]
28,"[35, 58]"
14,"[35, 58, 62]"
20,"[35, 58, 49]"
13,"[35, 58, 64]"
28,"[35, 58, 70]"
24,"[35, 58, 48]"
16,"[35, 58, 55]"
19,"[35, 58, 17]"
20,"[35, 58, 6]"
22,"[35, 58, 69]"
13,"[35, 58, 35]"
16,"[35, 58, 58]"
19,"[35, 58, 34]"
20,"[35, 58, 33]"
25,"[35, 58, 28]"
21,"[35, 58, 25]"
12,"[35, 58, 50]"
16,"[35, 58, 37]"
13,"[35, 58, 60]"
20,"[35, 58, 29]"
16,"[35, 58, 0]"
22,"[35, 58, 54]"
14,"[35, 58, 53]"
13,"[35, 58, 12]"
13,"[35, 58, 42]"
15,"[35, 58, 59]"
14,"[35, 58, 56]"
14,"[35, 58, 27]"
13,"[35, 58, 20]"
17,"[35, 62]"
12,"[35, 62, 49]"
17,"[35, 62, 70]"
14,"[35, 62, 48]"
13,"[35, 62, 6]"
14,"[35, 62, 69]"
13,"[35, 62, 28]"
13,"[35, 62, 29]"
13,"[35, 62, 54]"
13,"[35, 62, 33]"
20,"[35, 49]"
17,"[35, 49, 70]"
12,"[35, 49, 49]"
14,"[35, 49, 48]"
14,"[35, 49, 55]"
13,"[35, 49, 17]"
12,"[35, 49, 6]"
13,"[35, 49, 29]"
13,"[35, 49, 54]"
13,"[35, 64]"
12,"[35, 64, 70]"
31,"[35, 70]"
17,"[35, 70, 62]"
20,"[35, 70, 49]"
26,"[35, 70, 48]"
29,"[35, 70, 70]"
16,"[35, 70, 55]"
12,"[35, 70, 64]"
20,"[35, 70, 17]"
22,"[35, 70, 6]"
22,"[35, 70, 69]"
22,"[35, 70, 34]"
23,"[35, 70, 33]"
28,"[35, 70, 28]"
24,"[35, 70, 25]"
15,"[35, 70, 26]"
14,"[35, 70, 50]"
18,"[35, 70, 37]"
15,"[35, 70, 60]"
22,"[35, 70, 29]"
16,"[35, 70, 0]"
13,"[35, 70, 4]"
24,"[35, 70, 54]"
12,"[35, 70, 13]"
14,"[35, 70, 53]"
14,"[35, 70, 12]"
14,"[35, 70, 42]"
13,"[35, 70, 56]"
15,"[35, 70, 27]"
16,"[35, 70, 20]"
12,"[35, 70, 32]"
27,"[35, 48]"
25,"[35, 48, 70]"
15,"[35, 48, 55]"
16,"[35, 48, 17]"
18,"[35, 48, 6]"
17,"[35, 48, 69]"
15,"[35, 48, 37]"
20,"[35, 48, 48]"
17,"[35, 48, 25]"
18,"[35, 48, 28]"
18,"[35, 48, 29]"
14,"[35, 48, 0]"
20,"[35, 48, 54]"
12,"[35, 48, 20]"
14,"[35, 48, 49]"
12,"[35, 48, 33]"
12,"[35, 48, 34]"
16,"[35, 55]"
12,"[35, 55, 70]"
20,"[35, 17]"
18,"[35, 17, 6]"
14,"[35, 17, 69]"
20,"[35, 17, 70]"
12,"[35, 17, 27]"
16,"[35, 17, 29]"
12,"[35, 17, 48]"
16,"[35, 17, 17]"
12,"[35, 17, 0]"
22,"[35, 6]"
15,"[35, 6, 69]"
21,"[35, 6, 70]"
13,"[35, 6, 55]"
13,"[35, 6, 54]"
13,"[35, 6, 48]"
14,"[35, 6, 0]"
12,"[35, 6, 17]"
14,"[35, 6, 29]"
12,"[35, 6, 49]"
24,"[35, 69]"
24,"[35, 69, 70]"
16,"[35, 69, 29]"
15,"[35, 69, 17]"
12,"[35, 69, 0]"
14,"[35, 69, 6]"
12,"[35, 69, 62]"
15,"[35, 69, 54]"
18,"[35, 69, 69]"
13,"[35, 69, 13]"
15,"[35, 69, 53]"
13,"[35, 69, 12]"
14,"[35, 69, 42]"
12,"[35, 69, 51]"
12,"[35, 69, 27]"
15,"[35, 69, 49]"
16,"[35, 69, 28]"
12,"[35, 69, 25]"
14,"[35, 69, 33]"
15,"[35, 69, 48]"
12,"[35, 69, 37]"
12,"[35, 69, 34]"
16,"[35, 27]"
16,"[35, 27, 29]"
14,"[35, 27, 70]"
12,"[35, 27, 69]"
14,"[35, 27, 17]"
22,"[35, 29]"
19,"[35, 29, 70]"
12,"[35, 29, 25]"
13,"[35, 29, 48]"
16,"[35, 29, 29]"
12,"[35, 29, 69]"
14,"[35, 29, 17]"
12,"[35, 29, 0]"
15,"[35, 29, 6]"
13,"[35, 4]"
12,"[35, 4, 70]"
12,"[35, 4, 29]"
13,"[35, 10]"
12,"[35, 10, 70]"
16,"[35, 56]"
15,"[35, 56, 70]"
12,"[35, 56, 29]"
15,"[35, 35]"
13,"[35, 35, 58]"
14,"[35, 35, 70]"
12,"[35, 35, 29]"
13,"[35, 35, 17]"
23,"[35, 34]"
21,"[35, 34, 33]"
23,"[35, 34, 28]"
21,"[35, 34, 25]"
21,"[35, 34, 48]"
23,"[35, 34, 70]"
14,"[35, 34, 26]"
12,"[35, 34, 50]"
16,"[35, 34, 37]"
12,"[35, 34, 60]"
16,"[35, 34, 29]"
15,"[35, 34, 69]"
15,"[35, 34, 17]"
12,"[35, 34, 0]"
16,"[35, 34, 6]"
20,"[35, 34, 54]"
15,"[35, 34, 20]"
14,"[35, 34, 49]"
13,"[35, 34, 34]"
24,"[35, 33]"
20,"[35, 33, 28]"
22,"[35, 33, 25]"
21,"[35, 33, 48]"
23,"[35, 33, 70]"
12,"[35, 33, 62]"
14,"[35, 33, 37]"
19,"[35, 33, 29]"
16,"[35, 33, 69]"
14,"[35, 33, 17]"
15,"[35, 33, 0]"
12,"[35, 33, 4]"
16,"[35, 33, 6]"
19,"[35, 33, 54]"
13,"[35, 33, 27]"
15,"[35, 33, 20]"
13,"[35, 33, 49]"
12,"[35, 33, 34]"
30,"[35, 28]"
24,"[35, 28, 25]"
24,"[35, 28, 48]"
29,"[35, 28, 70]"
12,"[35, 28, 62]"
13,"[35, 28, 26]"
13,"[35, 28, 50]"
15,"[35, 28, 37]"
16,"[35, 28, 28]"
22,"[35, 28, 29]"
19,"[35, 28, 69]"
19,"[35, 28, 17]"
16,"[35, 28, 0]"
12,"[35, 28, 4]"
18,"[35, 28, 6]"
14,"[35, 28, 55]"
22,"[35, 28, 54]"
13,"[35, 28, 53]"
13,"[35, 28, 12]"
13,"[35, 28, 42]"
13,"[35, 28, 56]"
15,"[35, 28, 33]"
15,"[35, 28, 27]"
14,"[35, 28, 20]"
15,"[35, 28, 49]"
12,"[35, 28, 10]"
14,"[35, 28, 34]"
12,"[35, 28, 32]"
25,"[35, 25]"
22,"[35, 25, 48]"
23,"[35, 25, 70]"
12,"[35, 25, 62]"
16,"[35, 25, 37]"
13,"[35, 25, 25]"
13,"[35, 25, 28]"
19,"[35, 25, 29]"
16,"[35, 25, 69]"
14,"[35, 25, 17]"
14,"[35, 25, 0]"
16,"[35, 25, 6]"
18,"[35, 25, 54]"
13,"[35, 25, 33]"
13,"[35, 25, 27]"
14,"[35, 25, 20]"
14,"[35, 25, 49]"
15,"[35, 26]"
12,"[35, 26, 50]"
12,"[35, 26, 48]"
15,"[35, 26, 70]"
14,"[35, 50]"
14,"[35, 50, 70]"
18,"[35, 37]"
13,"[35, 37, 60]"
14,"[35, 37, 48]"
12,"[35, 37, 29]"
12,"[35, 37, 17]"
18,"[35, 37, 70]"
13,"[35, 37, 6]"
13,"[35, 37, 54]"
12,"[35, 37, 49]"
15,"[35, 60]"
15,"[35, 60, 70]"
12,"[35, 60, 6]"
16,"[35, 0]"
16,"[35, 0, 70]"
14,"[35, 0, 6]"
12,"[35, 0, 69]"
12,"[35, 0, 48]"
12,"[35, 0, 0]"
12,"[35, 0, 29]"
24,"[35, 54]"
14,"[35, 54, 69]"
24,"[35, 54, 70]"
13,"[35, 54, 25]"
13,"[35, 54, 0]"
20,"[35, 54, 54]"
12,"[35, 54, 37]"
13,"[35, 54, 55]"
18,"[35, 54, 48]"
16,"[35, 54, 6]"
15,"[35, 54, 17]"
17,"[35, 54, 29]"
15,"[35, 54, 49]"
15,"[35, 54, 28]"
15,"[35, 54, 33]"
13,"[35, 54, 20]"
13,"[35, 54, 34]"
13,"[35, 13]"
15,"[35, 53]"
13,"[35, 53, 70]"
14,"[35, 12]"
14,"[35, 42]"
15,"[35, 59]"
15,"[35, 59, 70]"
13,"[35, 59, 28]"
12,"[35, 59, 48]"
13,"[35, 59, 49]"
12,"[35, 14]"
12,"[35, 51]"
12,"[35, 18]"
12,"[35, 18, 29]"
17,"[35, 20]"
13,"[35, 20, 37]"
16,"[35, 20, 70]"
12,"[35, 20, 48]"
13,"[35, 20, 29]"
12,"[35, 20, 6]"
12,"[35, 32]"
28,[58]
14,"[58, 62]"
12,"[58, 62, 49]"
14,"[58, 62, 70]"
20,"[58, 49]"
17,"[58, 49, 70]"
12,"[58, 49, 49]"
14,"[58, 49, 48]"
14,"[58, 49, 55]"
13,"[58, 49, 17]"
12,"[58, 49, 6]"
13,"[58, 49, 29]"
13,"[58, 49, 54]"
13,"[58, 64]"
12,"[58, 64, 70]"
28,"[58, 70]"
14,"[58, 70, 62]"
20,"[58, 70, 49]"
23,"[58, 70, 48]"
26,"[58, 70, 70]"
16,"[58, 70, 55]"
12,"[58, 70, 64]"
19,"[58, 70, 17]"
20,"[58, 70, 6]"
19,"[58, 70, 69]"
19,"[58, 70, 34]"
19,"[58, 70, 33]"
24,"[58, 70, 28]"
20,"[58, 70, 25]"
13,"[58, 70, 26]"
13,"[58, 70, 50]"
16,"[58, 70, 37]"
14,"[58, 70, 60]"
20,"[58, 70, 29]"
16,"[58, 70, 0]"
12,"[58, 70, 4]"
22,"[58, 70, 54]"
12,"[58, 70, 53]"
13,"[58, 70, 12]"
13,"[58, 70, 42]"
12,"[58, 70, 56]"
12,"[58, 70, 58]"
14,"[58, 70, 27]"
13,"[58, 70, 20]"
24,"[58, 48]"
22,"[58, 48, 70]"
15,"[58, 48, 55]"
15,"[58, 48, 17]"
17,"[58, 48, 6]"
15,"[58, 48, 69]"
13,"[58, 48, 37]"
17,"[58, 48, 48]"
14,"[58, 48, 25]"
17,"[58, 48, 28]"
17,"[58, 48, 29]"
14,"[58, 48, 0]"
18,"[58, 48, 54]"
14,"[58, 48, 49]"
16,"[58, 55]"
12,"[58, 55, 70]"
19,"[58, 17]"
16,"[58, 17, 6]"
13,"[58, 17, 69]"
19,"[58, 17, 70]"
12,"[58, 17, 0]"
14,"[58, 17, 29]"
14,"[58, 17, 17]"
20,"[58, 6]"
14,"[58, 6, 69]"
20,"[58, 6, 70]"
13,"[58, 6, 55]"
14,"[58, 6, 54]"
13,"[58, 6, 48]"
14,"[58, 6, 0]"
12,"[58, 6, 17]"
13,"[58, 6, 29]"
22,"[58, 69]"
22,"[58, 69, 70]"
16,"[58, 69, 29]"
15,"[58, 69, 17]"
12,"[58, 69, 0]"
14,"[58, 69, 6]"
14,"[58, 69, 54]"
16,"[58, 69, 69]"
14,"[58, 69, 53]"
12,"[58, 69, 12]"
13,"[58, 69, 42]"
12,"[58, 69, 27]"
15,"[58, 69, 49]"
15,"[58, 69, 28]"
12,"[58, 69, 33]"
14,"[58, 69, 48]"
16,"[58, 35]"
14,"[58, 35, 58]"
15,"[58, 35, 70]"
14,"[58, 35, 28]"
13,"[58, 35, 29]"
12,"[58, 35, 69]"
13,"[58, 35, 17]"
12,"[58, 35, 0]"
18,"[58, 58]"
17,"[58, 58, 70]"
15,"[58, 58, 28]"
13,"[58, 58, 25]"
14,"[58, 58, 48]"
12,"[58, 58, 37]"
13,"[58, 58, 29]"
13,"[58, 58, 69]"
14,"[58, 58, 17]"
12,"[58, 58, 0]"
13,"[58, 58, 6]"
12,"[58, 58, 55]"
14,"[58, 58, 54]"
14,"[58, 58, 49]"
20,"[58, 34]"
18,"[58, 34, 33]"
20,"[58, 34, 28]"
18,"[58, 34, 25]"
19,"[58, 34, 48]"
20,"[58, 34, 70]"
12,"[58, 34, 26]"
14,"[58, 34, 37]"
15,"[58, 34, 29]"
13,"[58, 34, 69]"
14,"[58, 34, 17]"
13,"[58, 34, 0]"
15,"[58, 34, 6]"
12,"[58, 34, 55]"
19,"[58, 34, 54]"
12,"[58, 34, 20]"
14,"[58, 34, 49]"
20,"[58, 33]"
17,"[58, 33, 28]"
18,"[58, 33, 25]"
18,"[58, 33, 48]"
19,"[58, 33, 70]"
12,"[58, 33, 37]"
17,"[58, 33, 29]"
13,"[58, 33, 69]"
13,"[58, 33, 17]"
15,"[58, 33, 0]"
14,"[58, 33, 6]"
18,"[58, 33, 54]"
12,"[58, 33, 27]"
12,"[58, 33, 20]"
12,"[58, 33, 49]"
26,"[58, 28]"
20,"[58, 28, 25]"
21,"[58, 28, 48]"
25,"[58, 28, 70]"
12,"[58, 28, 50]"
12,"[58, 28, 37]"
16,"[58, 28, 28]"
20,"[58, 28, 29]"
16,"[58, 28, 69]"
17,"[58, 28, 17]"
16,"[58, 28, 0]"
16,"[58, 28, 6]"
14,"[58, 28, 55]"
20,"[58, 28, 54]"
12,"[58, 28, 12]"
12,"[58, 28, 42]"
12,"[58, 28, 56]"
13,"[58, 28, 33]"
14,"[58, 28, 27]"
14,"[58, 28, 49]"
12,"[58, 28, 10]"
12,"[58, 28, 34]"
21,"[58, 25]"
19,"[58, 25, 48]"
19,"[58, 25, 70]"
13,"[58, 25, 37]"
12,"[58, 25, 25]"
13,"[58, 25, 28]"
17,"[58, 25, 29]"
13,"[58, 25, 69]"
12,"[58, 25, 17]"
14,"[58, 25, 0]"
14,"[58, 25, 6]"
16,"[58, 25, 54]"
12,"[58, 25, 27]"
13,"[58, 25, 49]"
13,"[58, 26]"
13,"[58, 26, 70]"
13,"[58, 50]"
13,"[58, 50, 70]"
16,"[58, 37]"
12,"[58, 37, 60]"
12,"[58, 37, 48]"
16,"[58, 37, 70]"
12,"[58, 37, 6]"
12,"[58, 37, 54]"
12,"[58, 37, 49]"
14,"[58, 60]"
14,"[58, 60, 70]"
20,"[58, 29]"
12,"[58, 29, 69]"
15,"[58, 29, 29]"
13,"[58, 29, 17]"
13,"[58, 29, 0]"
17,"[58, 29, 70]"
13,"[58, 29, 6]"
16,"[58, 0]"
16,"[58, 0, 70]"
14,"[58, 0, 6]"
12,"[58, 0, 54]"
12,"[58, 0, 69]"
12,"[58, 0, 48]"
12,"[58, 0, 0]"
12,"[58, 0, 29]"
12,"[58, 4]"
12,"[58, 4, 70]"
22,"[58, 54]"
13,"[58, 54, 69]"
22,"[58, 54, 70]"
12,"[58, 54, 25]"
13,"[58, 54, 0]"
18,"[58, 54, 54]"
13,"[58, 54, 55]"
16,"[58, 54, 48]"
15,"[58, 54, 6]"
14,"[58, 54, 17]"
16,"[58, 54, 29]"
15,"[58, 54, 49]"
14,"[58, 54, 28]"
14,"[58, 54, 33]"
12,"[58, 54, 34]"
14,"[58, 53]"
12,"[58, 53, 70]"
13,"[58, 12]"
13,"[58, 42]"
15,"[58, 59]"
15,"[58, 59, 70]"
13,"[58, 59, 28]"
12,"[58, 59, 48]"
13,"[58, 59, 49]"
14,"[58, 56]"
13,"[58, 56, 70]"
14,"[58, 27]"
12,"[58, 27, 70]"
13,"[58, 27, 17]"
14,"[58, 27, 29]"
14,"[58, 20]"
12,"[58, 20, 28]"
13,"[58, 20, 70]"
12,"[58, 20, 29]"
12,"[58, 10]"
24,[49]
22,"[49, 70]"
17,"[49, 70, 49]"
15,"[49, 70, 48]"
18,"[49, 70, 70]"
17,"[49, 70, 55]"
17,"[49, 70, 17]"
15,"[49, 70, 6]"
15,"[49, 70, 69]"
12,"[49, 70, 25]"
13,"[49, 70, 33]"
14,"[49, 70, 27]"
18,"[49, 70, 29]"
15,"[49, 70, 0]"
15,"[49, 70, 54]"
17,"[49, 49]"
12,"[49, 49, 48]"
15,"[49, 49, 70]"
13,"[49, 49, 55]"
14,"[49, 49, 17]"
12,"[49, 49, 6]"
13,"[49, 49, 69]"
12,"[49, 49, 27]"
14,"[49, 49, 29]"
13,"[49, 49, 0]"
13,"[49, 49, 54]"
19,"[49, 48]"
17,"[49, 48, 70]"
13,"[49, 48, 55]"
14,"[49, 48, 17]"
13,"[49, 48, 6]"
12,"[49, 48, 69]"
13,"[49, 48, 29]"
14,"[49, 48, 0]"
13,"[49, 48, 54]"
12,"[49, 48, 49]"
12,"[49, 48, 48]"
18,"[49, 55]"
13,"[49, 55, 17]"
12,"[49, 55, 6]"
12,"[49, 55, 70]"
13,"[49, 55, 29]"
12,"[49, 55, 0]"
18,"[49, 17]"
14,"[49, 17, 6]"
13,"[49, 17, 69]"
16,"[49, 17, 70]"
12,"[49, 17, 27]"
15,"[49, 17, 29]"
14,"[49, 17, 0]"
12,"[49, 17, 17]"
17,"[49, 6]"
15,"[49, 6, 70]"
13,"[49, 6, 29]"
12,"[49, 6, 0]"
16,"[49, 69]"
15,"[49, 69, 70]"
12,"[49, 69, 33]"
12,"[49, 69, 17]"
13,"[49, 69, 27]"
13,"[49, 69, 29]"
13,"[49, 69, 0]"
14,"[49, 69, 69]"
14,"[49, 28]"
12,"[49, 28, 70]"
12,"[49, 25]"
15,"[49, 33]"
15,"[49, 27]"
15,"[49, 27, 29]"
14,"[49, 27, 0]"
12,"[49, 27, 69]"
13,"[49, 27, 70]"
12,"[49, 27, 17]"
12,"[49, 27, 6]"
18,"[49, 29]"
13,"[49, 29, 0]"
14,"[49, 29, 70]"
14,"[49, 29, 29]"
12,"[49, 29, 6]"
16,"[49, 0]"
12,"[49, 0, 69]"
14,"[49, 0, 70]"
14,"[49, 0, 29]"
12,"[49, 0, 6]"
18,"[49, 54]"
17,"[49, 54, 70]"
13,"[49, 54, 69]"
14,"[49, 54, 49]"
13,"[49, 54, 55]"
13,"[49, 54, 27]"
15,"[49, 54, 17]"
16,"[49, 54, 29]"
13,"[49, 54, 0]"
14,"[49, 54, 6]"
14,"[49, 54, 54]"
12,"[49, 54, 48]"
12,"[49, 12]"
12,"[49, 34]"
21,[55]
14,"[55, 17]"
13,"[55, 6]"
15,"[55, 70]"
13,"[55, 0]"
14,"[55, 29]"
13,[21]
13,"[21, 70]"
26,[43]
15,"[43, 15]"
13,"[43, 15, 51]"
13,"[43, 15, 13]"
14,"[43, 15, 53]"
15,"[43, 15, 70]"
12,"[43, 15, 34]"
12,"[43, 15, 33]"
14,"[43, 15, 28]"
14,"[43, 15, 25]"
15,"[43, 15, 69]"
13,"[43, 15, 32]"
12,"[43, 15, 18]"
12,"[43, 15, 27]"
12,"[43, 15, 17]"
12,"[43, 15, 0]"
14,"[43, 15, 56]"
12,"[43, 15, 35]"
14,"[43, 15, 29]"
14,"[43, 15, 10]"
12,"[43, 15, 54]"
12,"[43, 15, 12]"
13,"[43, 15, 42]"
21,"[43, 14]"
15,"[43, 14, 51]"
17,"[43, 14, 13]"
19,"[43, 14, 53]"
21,"[43, 14, 70]"
17,"[43, 14, 34]"
16,"[43, 14, 33]"
19,"[43, 14, 28]"
18,"[43, 14, 25]"
16,"[43, 14, 48]"
20,"[43, 14, 69]"
18,"[43, 14, 32]"
17,"[43, 14, 18]"
16,"[43, 14, 8]"
18,"[43, 14, 27]"
18,"[43, 14, 17]"
17,"[43, 14, 0]"
16,"[43, 14, 6]"
14,"[43, 14, 4]"
18,"[43, 14, 56]"
14,"[43, 14, 35]"
20,"[43, 14, 29]"
20,"[43, 14, 10]"
12,"[43, 14, 58]"
13,"[43, 14, 26]"
13,"[43, 14, 50]"
15,"[43, 14, 37]"
13,"[43, 14, 60]"
17,"[43, 14, 54]"
16,"[43, 14, 12]"
16,"[43, 14, 42]"
14,"[43, 14, 20]"
12,"[43, 14, 49]"
13,"[43, 14, 16]"
23,"[43, 51]"
19,"[43, 51, 13]"
22,"[43, 51, 53]"
23,"[43, 51, 70]"
20,"[43, 51, 34]"
19,"[43, 51, 33]"
22,"[43, 51, 28]"
21,"[43, 51, 25]"
19,"[43, 51, 48]"
21,"[43, 51, 69]"
20,"[43, 51, 32]"
20,"[43, 51, 18]"
12,"[43, 51, 31]"
20,"[43, 51, 8]"
21,"[43, 51, 27]"
21,"[43, 51, 17]"
21,"[43, 51, 0]"
20,"[43, 51, 6]"
17,"[43, 51, 4]"
20,"[43, 51, 56]"
18,"[43, 51, 35]"
22,"[43, 51, 29]"
21,"[43, 51, 10]"
16,"[43, 51, 58]"
13,"[43, 51, 62]"
15,"[43, 51, 26]"
15,"[43, 51, 50]"
18,"[43, 51, 37]"
16,"[43, 51, 60]"
20,"[43, 51, 54]"
17,"[43, 51, 12]"
19,"[43, 51, 42]"
15,"[43, 51, 14]"
12,"[43, 51, 9]"
18,"[43, 51, 20]"
14,"[43, 51, 49]"
15,"[43, 51, 51]"
14,"[43, 51, 16]"
12,"[43, 51, 68]"
22,"[43, 13]"
22,"[43, 13, 53]"
22,"[43, 13, 70]"
19,"[43, 13, 34]"
18,"[43, 13, 33]"
21,"[43, 13, 28]"
19,"[43, 13, 25]"
19,"[43, 13, 48]"
20,"[43, 13, 69]"
19,"[43, 13, 32]"
17,"[43, 13, 18]"
19,"[43, 13, 8]"
19,"[43, 13, 27]"
21,"[43, 13, 17]"
20,"[43, 13, 0]"
18,"[43, 13, 6]"
16,"[43, 13, 4]"
17,"[43, 13, 56]"
17,"[43, 13, 35]"
20,"[43, 13, 29]"
19,"[43, 13, 10]"
16,"[43, 13, 58]"
13,"[43, 13, 62]"
14,"[43, 13, 26]"
14,"[43, 13, 50]"
17,"[43, 13, 37]"
15,"[43, 13, 60]"
18,"[43, 13, 54]"
15,"[43, 13, 13]"
19,"[43, 13, 12]"
17,"[43, 13, 42]"
14,"[43, 13, 51]"
16,"[43, 13, 20]"
14,"[43, 13, 49]"
15,"[43, 13, 16]"
13,"[43, 13, 68]"
24,"[43, 53]"
23,"[43, 53, 70]"
20,"[43, 53, 34]"
20,"[43, 53, 33]"
22,"[43, 53, 28]"
21,"[43, 53, 25]"
20,"[43, 53, 48]"
20,"[43, 53, 69]"
19,"[43, 53, 32]"
18,"[43, 53, 18]"
20,"[43, 53, 8]"
20,"[43, 53, 27]"
21,"[43, 53, 17]"
21,"[43, 53, 0]"
20,"[43, 53, 6]"
16,"[43, 53, 4]"
18,"[43, 53, 56]"
17,"[43, 53, 35]"
22,"[43, 53, 29]"
20,"[43, 53, 10]"
16,"[43, 53, 58]"
12,"[43, 53, 62]"
12,"[43, 53, 26]"
13,"[43, 53, 50]"
18,"[43, 53, 37]"
15,"[43, 53, 60]"
12,"[43, 53, 55]"
21,"[43, 53, 54]"
15,"[43, 53, 13]"
19,"[43, 53, 53]"
17,"[43, 53, 12]"
16,"[43, 53, 42]"
14,"[43, 53, 51]"
12,"[43, 53, 9]"
17,"[43, 53, 20]"
15,"[43, 53, 49]"
26,"[43, 70]"
24,"[43, 70, 34]"
23,"[43, 70, 33]"
25,"[43, 70, 28]"
23,"[43, 70, 25]"
22,"[43, 70, 48]"
26,"[43, 70, 70]"
21,"[43, 70, 69]"
20,"[43, 70, 32]"
21,"[43, 70, 18]"
12,"[43, 70, 31]"
21,"[43, 70, 8]"
21,"[43, 70, 27]"
22,"[43, 70, 17]"
23,"[43, 70, 0]"
23,"[43, 70, 6]"
18,"[43, 70, 4]"
21,"[43, 70, 56]"
18,"[43, 70, 35]"
23,"[43, 70, 29]"
21,"[43, 70, 10]"
18,"[43, 70, 58]"
15,"[43, 70, 62]"
17,"[43, 70, 26]"
16,"[43, 70, 50]"
20,"[43, 70, 37]"
18,"[43, 70, 60]"
14,"[43, 70, 55]"
23,"[43, 70, 54]"
14,"[43, 70, 13]"
18,"[43, 70, 53]"
16,"[43, 70, 12]"
19,"[43, 70, 42]"
12,"[43, 70, 3]"
13,"[43, 70, 14]"
13,"[43, 70, 9]"
12,"[43, 70, 7]"
12,"[43, 70, 57]"
19,"[43, 70, 20]"
16,"[43, 70, 49]"
14,"[43, 70, 51]"
24,"[43, 34]"
23,"[43, 34, 33]"
23,"[43, 34, 28]"
22,"[43, 34, 25]"
21,"[43, 34, 48]"
23,"[43, 34, 70]"
20,"[43, 34, 69]"
15,"[43, 34, 32]"
13,"[43, 34, 18]"
13,"[43, 34, 8]"
17,"[43, 34, 27]"
18,"[43, 34, 17]"
16,"[43, 34, 0]"
19,"[43, 34, 6]"
13,"[43, 34, 4]"
15,"[43, 34, 56]"
12,"[43, 34, 35]"
20,"[43, 34, 29]"
16,"[43, 34, 10]"
13,"[43, 34, 58]"
15,"[43, 34, 34]"
12,"[43, 34, 62]"
15,"[43, 34, 26]"
14,"[43, 34, 50]"
19,"[43, 34, 37]"
16,"[43, 34, 60]"
12,"[43, 34, 55]"
22,"[43, 34, 54]"
12,"[43, 34, 13]"
17,"[43, 34, 53]"
15,"[43, 34, 12]"
16,"[43, 34, 42]"
18,"[43, 34, 20]"
14,"[43, 34, 49]"
23,"[43, 33]"
22,"[43, 33, 28]"
22,"[43, 33, 25]"
20,"[43, 33, 48]"
22,"[43, 33, 70]"
15,"[43, 33, 33]"
19,"[43, 33, 69]"
14,"[43, 33, 32]"
12,"[43, 33, 18]"
12,"[43, 33, 8]"
16,"[43, 33, 27]"
17,"[43, 33, 17]"
16,"[43, 33, 0]"
18,"[43, 33, 6]"
13,"[43, 33, 4]"
14,"[43, 33, 56]"
20,"[43, 33, 29]"
15,"[43, 33, 10]"
14,"[43, 33, 34]"
12,"[43, 33, 62]"
13,"[43, 33, 26]"
13,"[43, 33, 50]"
18,"[43, 33, 37]"
14,"[43, 33, 60]"
21,"[43, 33, 54]"
12,"[43, 33, 13]"
16,"[43, 33, 53]"
15,"[43, 33, 12]"
16,"[43, 33, 42]"
17,"[43, 33, 20]"
13,"[43, 33, 49]"
25,"[43, 28]"
22,"[43, 28, 25]"
22,"[43, 28, 48]"
24,"[43, 28, 70]"
15,"[43, 28, 33]"
19,"[43, 28, 69]"
14,"[43, 28, 32]"
12,"[43, 28, 18]"
12,"[43, 28, 8]"
15,"[43, 28, 27]"
17,"[43, 28, 17]"
16,"[43, 28, 0]"
19,"[43, 28, 6]"
13,"[43, 28, 4]"
14,"[43, 28, 56]"
19,"[43, 28, 29]"
15,"[43, 28, 10]"
14,"[43, 28, 34]"
18,"[43, 28, 28]"
12,"[43, 28, 62]"
14,"[43, 28, 26]"
15,"[43, 28, 50]"
18,"[43, 28, 37]"
15,"[43, 28, 60]"
13,"[43, 28, 55]"
21,"[43, 28, 54]"
13,"[43, 28, 13]"
17,"[43, 28, 53]"
16,"[43, 28, 12]"
17,"[43, 28, 42]"
16,"[43, 28, 20]"
15,"[43, 28, 49]"
23,"[43, 25]"
20,"[43, 25, 48]"
23,"[43, 25, 70]"
15,"[43, 25, 33]"
17,"[43, 25, 25]"
17,"[43, 25, 69]"
14,"[43, 25, 32]"
12,"[43, 25, 8]"
15,"[43, 25, 27]"
16,"[43, 25, 17]"
15,"[43, 25, 0]"
17,"[43, 25, 6]"
13,"[43, 25, 4]"
14,"[43, 25, 56]"
19,"[43, 25, 29]"
13,"[43, 25, 10]"
14,"[43, 25, 34]"
19,"[43, 25, 28]"
13,"[43, 25, 62]"
12,"[43, 25, 50]"
18,"[43, 25, 37]"
14,"[43, 25, 60]"
12,"[43, 25, 55]"
19,"[43, 25, 54]"
15,"[43, 25, 53]"
14,"[43, 25, 12]"
14,"[43, 25, 42]"
17,"[43, 25, 20]"
14,"[43, 25, 49]"
22,"[43, 48]"
22,"[43, 48, 70]"
13,"[43, 48, 33]"
18,"[43, 48, 25]"
20,"[43, 48, 48]"
16,"[43, 48, 69]"
14,"[43, 48, 32]"
12,"[43, 48, 8]"
14,"[43, 48, 27]"
16,"[43, 48, 17]"
16,"[43, 48, 0]"
18,"[43, 48, 6]"
14,"[43, 48, 4]"
14,"[43, 48, 56]"
18,"[43, 48, 29]"
14,"[43, 48, 10]"
12,"[43, 48, 34]"
18,"[43, 48, 28]"
13,"[43, 48, 26]"
13,"[43, 48, 50]"
17,"[43, 48, 37]"
15,"[43, 48, 60]"
13,"[43, 48, 55]"
20,"[43, 48, 54]"
13,"[43, 48, 53]"
14,"[43, 48, 12]"
14,"[43, 48, 42]"
15,"[43, 48, 20]"
13,"[43, 48, 49]"
23,"[43, 69]"
23,"[43, 69, 70]"
19,"[43, 69, 48]"
18,"[43, 69, 32]"
19,"[43, 69, 18]"
20,"[43, 69, 8]"
19,"[43, 69, 27]"
21,"[43, 69, 17]"
21,"[43, 69, 0]"
20,"[43, 69, 6]"
17,"[43, 69, 4]"
18,"[43, 69, 56]"
16,"[43, 69, 35]"
21,"[43, 69, 29]"
20,"[43, 69, 10]"
15,"[43, 69, 58]"
21,"[43, 69, 34]"
21,"[43, 69, 33]"
22,"[43, 69, 28]"
20,"[43, 69, 25]"
14,"[43, 69, 62]"
15,"[43, 69, 26]"
14,"[43, 69, 50]"
18,"[43, 69, 37]"
16,"[43, 69, 60]"
20,"[43, 69, 69]"
12,"[43, 69, 55]"
20,"[43, 69, 54]"
19,"[43, 69, 13]"
21,"[43, 69, 53]"
18,"[43, 69, 12]"
20,"[43, 69, 42]"
15,"[43, 69, 51]"
14,"[43, 69, 14]"
17,"[43, 69, 20]"
15,"[43, 69, 49]"
12,"[43, 69, 16]"
12,"[43, 69, 43]"
23,"[43, 32]"
22,"[43, 32, 18]"
13,"[43, 32, 31]"
22,"[43, 32, 8]"
21,"[43, 32, 27]"
21,"[43, 32, 17]"
21,"[43, 32, 0]"
20,"[43, 32, 6]"
18,"[43, 32, 4]"
21,"[43, 32, 56]"
18,"[43, 32, 35]"
23,"[43, 32, 29]"
22,"[43, 32, 10]"
16,"[43, 32, 58]"
23,"[43, 32, 70]"
18,"[43, 32, 34]"
18,"[43, 32, 33]"
21,"[43, 32, 28]"
20,"[43, 32, 25]"
20,"[43, 32, 48]"
14,"[43, 32, 26]"
13,"[43, 32, 50]"
17,"[43, 32, 37]"
15,"[43, 32, 60]"
18,"[43, 32, 69]"
12,"[43, 32, 55]"
19,"[43, 32, 54]"
15,"[43, 32, 53]"
13,"[43, 32, 12]"
16,"[43, 32, 42]"
14,"[43, 32, 9]"
12,"[43, 32, 3]"
12,"[43, 32, 7]"
13,"[43, 32, 57]"
15,"[43, 32, 20]"
13,"[43, 32, 49]"
12,"[43, 32, 32]"
23,"[43, 18]"
13,"[43, 18, 31]"
21,"[43, 18, 8]"
20,"[43, 18, 27]"
21,"[43, 18, 17]"
20,"[43, 18, 0]"
21,"[43, 18, 6]"
17,"[43, 18, 4]"
20,"[43, 18, 56]"
19,"[43, 18, 35]"
23,"[43, 18, 29]"
21,"[43, 18, 10]"
17,"[43, 18, 58]"
23,"[43, 18, 70]"
18,"[43, 18, 34]"
18,"[43, 18, 33]"
21,"[43, 18, 28]"
19,"[43, 18, 25]"
20,"[43, 18, 48]"
13,"[43, 18, 26]"
13,"[43, 18, 50]"
16,"[43, 18, 37]"
13,"[43, 18, 60]"
16,"[43, 18, 69]"
12,"[43, 18, 55]"
18,"[43, 18, 54]"
15,"[43, 18, 53]"
12,"[43, 18, 12]"
13,"[43, 18, 42]"
14,"[43, 18, 9]"
12,"[43, 18, 3]"
12,"[43, 18, 7]"
13,"[43, 18, 57]"
14,"[43, 18, 20]"
14,"[43, 18, 49]"
14,"[43, 31]"
12,"[43, 31, 8]"
12,"[43, 31, 27]"
12,"[43, 31, 17]"
14,"[43, 31, 0]"
13,"[43, 31, 6]"
12,"[43, 31, 4]"
12,"[43, 31, 56]"
14,"[43, 31, 29]"
12,"[43, 31, 10]"
14,"[43, 31, 70]"
12,"[43, 31, 34]"
12,"[43, 31, 33]"
13,"[43, 31, 28]"
13,"[43, 31, 48]"
12,"[43, 31, 69]"
12,"[43, 31, 54]"
24,"[43, 8]"
22,"[43, 8, 27]"
22,"[43, 8, 17]"
22,"[43, 8, 0]"
21,"[43, 8, 6]"
18,"[43, 8, 4]"
22,"[43, 8, 56]"
20,"[43, 8, 35]"
24,"[43, 8, 29]"
24,"[43, 8, 10]"
18,"[43, 8, 58]"
24,"[43, 8, 70]"
20,"[43, 8, 34]"
20,"[43, 8, 33]"
23,"[43, 8, 28]"
21,"[43, 8, 25]"
21,"[43, 8, 48]"
14,"[43, 8, 26]"
12,"[43, 8, 50]"
16,"[43, 8, 37]"
14,"[43, 8, 60]"
18,"[43, 8, 69]"
12,"[43, 8, 55]"
18,"[43, 8, 54]"
13,"[43, 8, 13]"
17,"[43, 8, 53]"
14,"[43, 8, 12]"
14,"[43, 8, 42]"
15,"[43, 8, 9]"
14,"[43, 8, 8]"
12,"[43, 8, 3]"
13,"[43, 8, 7]"
13,"[43, 8, 57]"
15,"[43, 8, 20]"
14,"[43, 8, 49]"
13,"[43, 8, 32]"
23,"[43, 27]"
21,"[43, 27, 17]"
20,"[43, 27, 0]"
20,"[43, 27, 6]"
16,"[43, 27, 4]"
19,"[43, 27, 56]"
18,"[43, 27, 35]"
14,"[43, 27, 27]"
23,"[43, 27, 29]"
21,"[43, 27, 10]"
17,"[43, 27, 58]"
22,"[43, 27, 70]"
17,"[43, 27, 34]"
17,"[43, 27, 33]"
20,"[43, 27, 28]"
18,"[43, 27, 25]"
19,"[43, 27, 48]"
13,"[43, 27, 37]"
18,"[43, 27, 69]"
16,"[43, 27, 54]"
13,"[43, 27, 13]"
16,"[43, 27, 53]"
14,"[43, 27, 12]"
14,"[43, 27, 42]"
12,"[43, 27, 7]"
12,"[43, 27, 57]"
12,"[43, 27, 20]"
13,"[43, 27, 49]"
24,"[43, 17]"
20,"[43, 17, 0]"
21,"[43, 17, 6]"
18,"[43, 17, 4]"
19,"[43, 17, 56]"
18,"[43, 17, 35]"
17,"[43, 17, 17]"
16,"[43, 17, 27]"
23,"[43, 17, 29]"
21,"[43, 17, 10]"
17,"[43, 17, 58]"
24,"[43, 17, 70]"
18,"[43, 17, 34]"
18,"[43, 17, 33]"
20,"[43, 17, 28]"
18,"[43, 17, 25]"
20,"[43, 17, 48]"
12,"[43, 17, 26]"
13,"[43, 17, 37]"
18,"[43, 17, 69]"
12,"[43, 17, 55]"
18,"[43, 17, 54]"
13,"[43, 17, 13]"
16,"[43, 17, 53]"
14,"[43, 17, 12]"
14,"[43, 17, 42]"
12,"[43, 17, 7]"
12,"[43, 17, 57]"
12,"[43, 17, 20]"
14,"[43, 17, 49]"
25,"[43, 0]"
22,"[43, 0, 6]"
19,"[43, 0, 4]"
21,"[43, 0, 56]"
18,"[43, 0, 35]"
18,"[43, 0, 17]"
16,"[43, 0, 27]"
20,"[43, 0, 29]"
23,"[43, 0, 10]"
17,"[43, 0, 58]"
25,"[43, 0, 70]"
20,"[43, 0, 34]"
20,"[43, 0, 33]"
22,"[43, 0, 28]"
20,"[43, 0, 25]"
20,"[43, 0, 48]"
13,"[43, 0, 26]"
12,"[43, 0, 50]"
15,"[43, 0, 37]"
13,"[43, 0, 60]"
19,"[43, 0, 69]"
16,"[43, 0, 0]"
13,"[43, 0, 55]"
18,"[43, 0, 54]"
13,"[43, 0, 13]"
17,"[43, 0, 53]"
14,"[43, 0, 12]"
14,"[43, 0, 42]"
12,"[43, 0, 3]"
13,"[43, 0, 7]"
13,"[43, 0, 57]"
15,"[43, 0, 20]"
15,"[43, 0, 49]"
23,"[43, 6]"
18,"[43, 6, 4]"
18,"[43, 6, 56]"
16,"[43, 6, 35]"
17,"[43, 6, 17]"
13,"[43, 6, 27]"
17,"[43, 6, 29]"
20,"[43, 6, 10]"
16,"[43, 6, 58]"
23,"[43, 6, 70]"
17,"[43, 6, 34]"
17,"[43, 6, 33]"
19,"[43, 6, 28]"
17,"[43, 6, 25]"
18,"[43, 6, 48]"
12,"[43, 6, 26]"
15,"[43, 6, 37]"
13,"[43, 6, 60]"
17,"[43, 6, 69]"
16,"[43, 6, 0]"
18,"[43, 6, 6]"
13,"[43, 6, 55]"
17,"[43, 6, 54]"
15,"[43, 6, 53]"
12,"[43, 6, 12]"
12,"[43, 6, 42]"
13,"[43, 6, 7]"
12,"[43, 6, 57]"
13,"[43, 6, 20]"
15,"[43, 6, 49]"
20,"[43, 4]"
13,"[43, 4, 56]"
15,"[43, 4, 29]"
12,"[43, 4, 4]"
15,"[43, 4, 10]"
19,"[43, 4, 70]"
12,"[43, 4, 33]"
15,"[43, 4, 28]"
13,"[43, 4, 25]"
15,"[43, 4, 48]"
13,"[43, 4, 69]"
13,"[43, 4, 0]"
14,"[43, 4, 6]"
14,"[43, 4, 54]"
23,"[43, 56]"
20,"[43, 56, 35]"
13,"[43, 56, 17]"
12,"[43, 56, 27]"
17,"[43, 56, 29]"
13,"[43, 56, 4]"
15,"[43, 56, 10]"
16,"[43, 56, 56]"
18,"[43, 56, 58]"
22,"[43, 56, 70]"
18,"[43, 56, 34]"
18,"[43, 56, 33]"
21,"[43, 56, 28]"
18,"[43, 56, 25]"
19,"[43, 56, 48]"
13,"[43, 56, 26]"
12,"[43, 56, 50]"
14,"[43, 56, 37]"
12,"[43, 56, 60]"
16,"[43, 56, 69]"
13,"[43, 56, 0]"
15,"[43, 56, 6]"
16,"[43, 56, 54]"
15,"[43, 56, 53]"
12,"[43, 56, 12]"
13,"[43, 56, 42]"
13,"[43, 56, 57]"
13,"[43, 56, 20]"
13,"[43, 56, 49]"
21,"[43, 35]"
15,"[43, 35, 29]"
12,"[43, 35, 56]"
19,"[43, 35, 58]"
21,"[43, 35, 70]"
16,"[43, 35, 34]"
16,"[43, 35, 33]"
21,"[43, 35, 28]"
17,"[43, 35, 25]"
17,"[43, 35, 48]"
12,"[43, 35, 37]"
16,"[43, 35, 69]"
13,"[43, 35, 6]"
16,"[43, 35, 54]"
15,"[43, 35, 53]"
12,"[43, 35, 12]"
12,"[43, 35, 42]"
12,"[43, 35, 49]"
25,"[43, 29]"
18,"[43, 29, 4]"
22,"[43, 29, 10]"
21,"[43, 29, 56]"
18,"[43, 29, 35]"
16,"[43, 29, 58]"
25,"[43, 29, 70]"
20,"[43, 29, 34]"
20,"[43, 29, 33]"
22,"[43, 29, 28]"
20,"[43, 29, 25]"
21,"[43, 29, 48]"
13,"[43, 29, 26]"
15,"[43, 29, 37]"
13,"[43, 29, 60]"
18,"[43, 29, 29]"
19,"[43, 29, 69]"
16,"[43, 29, 17]"
21,"[43, 29, 0]"
22,"[43, 29, 6]"
13,"[43, 29, 55]"
19,"[43, 29, 54]"
13,"[43, 29, 13]"
17,"[43, 29, 53]"
14,"[43, 29, 12]"
14,"[43, 29, 42]"
12,"[43, 29, 7]"
13,"[43, 29, 57]"
14,"[43, 29, 20]"
15,"[43, 29, 49]"
13,"[43, 29, 27]"
25,"[43, 10]"
22,"[43, 10, 56]"
20,"[43, 10, 35]"
18,"[43, 10, 58]"
24,"[43, 10, 70]"
19,"[43, 10, 34]"
19,"[43, 10, 33]"
23,"[43, 10, 28]"
20,"[43, 10, 25]"
20,"[43, 10, 48]"
14,"[43, 10, 26]"
12,"[43, 10, 50]"
14,"[43, 10, 37]"
13,"[43, 10, 60]"
19,"[43, 10, 29]"
18,"[43, 10, 69]"
14,"[43, 10, 17]"
15,"[43, 10, 0]"
14,"[43, 10, 4]"
17,"[43, 10, 6]"
17,"[43, 10, 54]"
13,"[43, 10, 13]"
17,"[43, 10, 53]"
14,"[43, 10, 12]"
15,"[43, 10, 42]"
15,"[43, 10, 10]"
13,"[43, 10, 57]"
14,"[43, 10, 20]"
14,"[43, 10, 49]"
12,"[43, 10, 27]"
19,"[43, 58]"
12,"[43, 58, 58]"
19,"[43, 58, 70]"
13,"[43, 58, 34]"
13,"[43, 58, 33]"
18,"[43, 58, 28]"
14,"[43, 58, 25]"
15,"[43, 58, 48]"
13,"[43, 58, 29]"
15,"[43, 58, 69]"
14,"[43, 58, 54]"
14,"[43, 58, 53]"
12,"[43, 58, 49]"
15,"[43, 62]"
13,"[43, 62, 29]"
14,"[43, 62, 70]"
12,"[43, 62, 6]"
12,"[43, 62, 54]"
17,"[43, 26]"
15,"[43, 26, 50]"
13,"[43, 26, 48]"
13,"[43, 26, 29]"
12,"[43, 26, 69]"
12,"[43, 26, 17]"
13,"[43, 26, 0]"
13,"[43, 26, 4]"
17,"[43, 26, 70]"
15,"[43, 26, 6]"
12,"[43, 26, 54]"
16,"[43, 50]"
12,"[43, 50, 48]"
13,"[43, 50, 29]"
12,"[43, 50, 69]"
12,"[43, 50, 4]"
16,"[43, 50, 70]"
13,"[43, 50, 6]"
20,"[43, 37]"
17,"[43, 37, 60]"
16,"[43, 37, 48]"
14,"[43, 37, 25]"
15,"[43, 37, 28]"
16,"[43, 37, 29]"
13,"[43, 37, 69]"
16,"[43, 37, 17]"
14,"[43, 37, 0]"
13,"[43, 37, 4]"
20,"[43, 37, 70]"
16,"[43, 37, 6]"
13,"[43, 37, 55]"
16,"[43, 37, 54]"
12,"[43, 37, 26]"
14,"[43, 37, 49]"
13,"[43, 37, 10]"
13,"[43, 37, 27]"
12,"[43, 37, 33]"
18,"[43, 60]"
15,"[43, 60, 48]"
12,"[43, 60, 28]"
14,"[43, 60, 29]"
14,"[43, 60, 17]"
14,"[43, 60, 0]"
14,"[43, 60, 4]"
18,"[43, 60, 70]"
16,"[43, 60, 6]"
12,"[43, 60, 54]"
12,"[43, 60, 26]"
14,"[43, 55]"
23,"[43, 54]"
17,"[43, 54, 69]"
13,"[43, 54, 53]"
22,"[43, 54, 70]"
14,"[43, 54, 12]"
14,"[43, 54, 42]"
15,"[43, 54, 25]"
16,"[43, 54, 0]"
12,"[43, 54, 56]"
18,"[43, 54, 54]"
14,"[43, 54, 37]"
13,"[43, 54, 60]"
17,"[43, 54, 48]"
18,"[43, 54, 6]"
15,"[43, 54, 20]"
16,"[43, 54, 28]"
12,"[43, 54, 4]"
14,"[43, 54, 49]"
13,"[43, 54, 10]"
14,"[43, 54, 27]"
17,"[43, 54, 17]"
18,"[43, 54, 29]"
15,"[43, 54, 33]"
14,"[43, 54, 34]"
12,"[43, 54, 32]"
12,"[43, 54, 8]"
19,"[43, 12]"
17,"[43, 12, 42]"
17,"[43, 12, 70]"
13,"[43, 12, 51]"
13,"[43, 12, 13]"
15,"[43, 12, 53]"
12,"[43, 12, 33]"
12,"[43, 12, 54]"
13,"[43, 12, 34]"
13,"[43, 12, 32]"
14,"[43, 12, 69]"
13,"[43, 12, 29]"
12,"[43, 12, 28]"
12,"[43, 12, 18]"
12,"[43, 12, 17]"
21,"[43, 42]"
20,"[43, 42, 70]"
15,"[43, 42, 51]"
14,"[43, 42, 13]"
17,"[43, 42, 53]"
16,"[43, 42, 33]"
16,"[43, 42, 54]"
15,"[43, 42, 34]"
14,"[43, 42, 48]"
14,"[43, 42, 20]"
13,"[43, 42, 37]"
16,"[43, 42, 32]"
16,"[43, 42, 18]"
15,"[43, 42, 8]"
15,"[43, 42, 27]"
15,"[43, 42, 17]"
16,"[43, 42, 29]"
15,"[43, 42, 0]"
13,"[43, 42, 6]"
15,"[43, 42, 10]"
15,"[43, 42, 56]"
13,"[43, 42, 35]"
16,"[43, 42, 28]"
17,"[43, 42, 25]"
12,"[43, 42, 14]"
16,"[43, 42, 69]"
15,"[43, 9]"
13,"[43, 9, 27]"
14,"[43, 9, 17]"
15,"[43, 9, 29]"
15,"[43, 9, 0]"
15,"[43, 9, 6]"
15,"[43, 9, 10]"
15,"[43, 9, 56]"
14,"[43, 9, 35]"
13,"[43, 9, 58]"
15,"[43, 9, 70]"
13,"[43, 9, 34]"
13,"[43, 9, 33]"
15,"[43, 9, 28]"
13,"[43, 9, 25]"
13,"[43, 9, 48]"
12,"[43, 9, 54]"
12,"[43, 3]"
13,"[43, 7]"
13,"[43, 7, 70]"
13,"[43, 57]"
13,"[43, 57, 70]"
12,"[43, 57, 28]"
19,"[43, 20]"
16,"[43, 20, 37]"
13,"[43, 20, 60]"
12,"[43, 20, 26]"
12,"[43, 20, 50]"
16,"[43, 20, 28]"
19,"[43, 20, 70]"
12,"[43, 20, 56]"
13,"[43, 20, 4]"
15,"[43, 20, 69]"
13,"[43, 20, 49]"
16,"[43, 20, 48]"
16,"[43, 20, 54]"
15,"[43, 20, 10]"
14,"[43, 20, 27]"
16,"[43, 20, 17]"
18,"[43, 20, 29]"
14,"[43, 20, 0]"
16,"[43, 20, 6]"
12,"[43, 20, 12]"
12,"[43, 20, 42]"
13,"[43, 20, 53]"
15,"[43, 20, 33]"
13,"[43, 20, 34]"
13,"[43, 20, 32]"
12,"[43, 20, 18]"
12,"[43, 20, 8]"
14,"[43, 20, 25]"
16,"[43, 49]"
12,"[43, 49, 55]"
12,"[43, 49, 48]"
13,"[43, 49, 54]"
14,"[43, 49, 70]"
13,"[43, 49, 49]"
12,"[43, 49, 29]"
15,"[43, 16]"
15,"[43, 16, 53]"
12,"[43, 16, 68]"
15,"[43, 16, 70]"
14,"[43, 16, 33]"
13,"[43, 16, 54]"
14,"[43, 16, 34]"
13,"[43, 16, 10]"
14,"[43, 16, 69]"
14,"[43, 16, 28]"
12,"[43, 16, 0]"
13,"[43, 16, 12]"
12,"[43, 16, 13]"
13,"[43, 16, 42]"
13,"[43, 16, 32]"
12,"[43, 16, 25]"
12,"[43, 16, 48]"
12,"[43, 16, 18]"
13,"[43, 16, 8]"
12,"[43, 16, 27]"
13,"[43, 16, 17]"
13,"[43, 16, 29]"
14,"[43, 43]"
12,"[43, 43, 53]"
13,"[43, 43, 70]"
12,"[43, 43, 54]"
12,"[43, 43, 25]"
12,"[43, 43, 69]"
12,"[43, 43, 29]"
13,"[43, 68]"
12,"[43, 68, 53]"
13,"[43, 68, 70]"
15,[31]
13,"[31, 8]"
12,"[31, 8, 27]"
12,"[31, 8, 17]"
13,"[31, 8, 0]"
13,"[31, 8, 29]"
12,"[31, 8, 10]"
12,"[31, 8, 70]"
12,"[31, 8, 28]"
12,"[31, 8, 48]"
13,"[31, 27]"
12,"[31, 27, 17]"
13,"[31, 27, 0]"
12,"[31, 27, 6]"
13,"[31, 27, 29]"
12,"[31, 27, 70]"
12,"[31, 27, 28]"
12,"[31, 27, 48]"
13,"[31, 17]"
13,"[31, 17, 0]"
12,"[31, 17, 6]"
12,"[31, 17, 4]"
13,"[31, 17, 29]"
13,"[31, 17, 70]"
12,"[31, 17, 34]"
12,"[31, 17, 28]"
12,"[31, 17, 48]"
15,"[31, 0]"
14,"[31, 0, 6]"
14,"[31, 0, 4]"
12,"[31, 0, 56]"
12,"[31, 0, 29]"
12,"[31, 0, 10]"
15,"[31, 0, 70]"
13,"[31, 0, 34]"
13,"[31, 0, 33]"
14,"[31, 0, 28]"
12,"[31, 0, 25]"
14,"[31, 0, 48]"
12,"[31, 0, 69]"
13,"[31, 0, 54]"
12,"[31, 0, 49]"
14,"[31, 6]"
13,"[31, 6, 4]"
14,"[31, 6, 70]"
12,"[31, 6, 34]"
12,"[31, 6, 33]"
13,"[31, 6, 28]"
13,"[31, 6, 48]"
12,"[31, 6, 54]"
12,"[31, 6, 49]"
14,"[31, 4]"
14,"[31, 4, 70]"
12,"[31, 4, 28]"
13,"[31, 4, 48]"
12,"[31, 4, 54]"
13,"[31, 56]"
12,"[31, 56, 35]"
13,"[31, 56, 70]"
13,"[31, 56, 28]"
13,"[31, 56, 48]"
12,"[31, 35]"
12,"[31, 35, 70]"
12,"[31, 35, 28]"
15,"[31, 29]"
14,"[31, 29, 4]"
12,"[31, 29, 10]"
12,"[31, 29, 56]"
15,"[31, 29, 70]"
13,"[31, 29, 34]"
13,"[31, 29, 33]"
14,"[31, 29, 28]"
12,"[31, 29, 25]"
14,"[31, 29, 48]"
12,"[31, 29, 69]"
15,"[31, 29, 0]"
14,"[31, 29, 6]"
13,"[31, 29, 54]"
12,"[31, 29, 49]"
13,"[31, 10]"
12,"[31, 10, 56]"
13,"[31, 10, 70]"
12,"[31, 10, 34]"
13,"[31, 10, 28]"
13,"[31, 10, 48]"
15,"[31, 70]"
13,"[31, 70, 34]"
13,"[31, 70, 33]"
14,"[31, 70, 28]"
12,"[31, 70, 25]"
14,"[31, 70, 48]"
14,"[31, 70, 70]"
13,"[31, 70, 54]"
12,"[31, 70, 49]"
13,"[31, 34]"
12,"[31, 34, 28]"
12,"[31, 34, 48]"
12,"[31, 34, 70]"
13,"[31, 33]"
12,"[31, 33, 28]"
12,"[31, 33, 48]"
12,"[31, 33, 70]"
14,"[31, 28]"
12,"[31, 28, 25]"
14,"[31, 28, 48]"
13,"[31, 28, 70]"
12,"[31, 28, 28]"
12,"[31, 28, 54]"
12,"[31, 25]"
14,"[31, 48]"
12,"[31, 48, 70]"
12,"[31, 48, 28]"
12,"[31, 69]"
12,"[31, 69, 70]"
13,"[31, 54]"
12,"[31, 54, 70]"
12,"[31, 49]"
27,[4]
17,"[4, 56]"
14,"[4, 56, 35]"
17,"[4, 56, 70]"
12,"[4, 56, 34]"
13,"[4, 56, 33]"
14,"[4, 56, 28]"
13,"[4, 56, 25]"
15,"[4, 56, 48]"
12,"[4, 56, 54]"
16,"[4, 35]"
13,"[4, 35, 58]"
16,"[4, 35, 70]"
13,"[4, 35, 33]"
15,"[4, 35, 28]"
13,"[4, 35, 25]"
13,"[4, 35, 48]"
13,"[4, 35, 54]"
16,"[4, 17]"
13,"[4, 17, 27]"
16,"[4, 17, 29]"
14,"[4, 17, 70]"
15,"[4, 27]"
14,"[4, 27, 29]"
14,"[4, 27, 70]"
12,"[4, 27, 17]"
21,"[4, 29]"
14,"[4, 29, 4]"
18,"[4, 29, 70]"
13,"[4, 29, 28]"
13,"[4, 29, 25]"
13,"[4, 29, 48]"
15,"[4, 29, 29]"
12,"[4, 29, 69]"
13,"[4, 29, 17]"
14,"[4, 29, 0]"
15,"[4, 29, 6]"
15,"[4, 4]"
14,"[4, 4, 70]"
12,"[4, 4, 48]"
13,"[4, 4, 29]"
20,"[4, 10]"
16,"[4, 10, 56]"
15,"[4, 10, 35]"
12,"[4, 10, 58]"
20,"[4, 10, 70]"
13,"[4, 10, 34]"
15,"[4, 10, 33]"
17,"[4, 10, 28]"
16,"[4, 10, 25]"
17,"[4, 10, 48]"
12,"[4, 10, 37]"
14,"[4, 10, 29]"
13,"[4, 10, 69]"
12,"[4, 10, 0]"
12,"[4, 10, 4]"
12,"[4, 10, 6]"
14,"[4, 10, 54]"
14,"[4, 58]"
12,"[4, 58, 58]"
14,"[4, 58, 70]"
14,"[4, 58, 28]"
26,"[4, 70]"
15,"[4, 70, 34]"
17,"[4, 70, 33]"
20,"[4, 70, 28]"
18,"[4, 70, 25]"
20,"[4, 70, 48]"
22,"[4, 70, 70]"
14,"[4, 70, 26]"
15,"[4, 70, 37]"
12,"[4, 70, 60]"
18,"[4, 70, 29]"
15,"[4, 70, 69]"
14,"[4, 70, 17]"
13,"[4, 70, 0]"
13,"[4, 70, 6]"
16,"[4, 70, 55]"
17,"[4, 70, 54]"
12,"[4, 70, 12]"
14,"[4, 70, 20]"
14,"[4, 70, 49]"
15,"[4, 34]"
14,"[4, 34, 33]"
15,"[4, 34, 28]"
14,"[4, 34, 25]"
14,"[4, 34, 48]"
15,"[4, 34, 70]"
12,"[4, 34, 26]"
12,"[4, 34, 37]"
17,"[4, 33]"
15,"[4, 33, 28]"
15,"[4, 33, 25]"
15,"[4, 33, 48]"
16,"[4, 33, 70]"
12,"[4, 33, 37]"
12,"[4, 33, 69]"
12,"[4, 33, 54]"
20,"[4, 28]"
18,"[4, 28, 25]"
17,"[4, 28, 48]"
19,"[4, 28, 70]"
13,"[4, 28, 26]"
12,"[4, 28, 37]"
16,"[4, 28, 28]"
12,"[4, 28, 29]"
13,"[4, 28, 69]"
12,"[4, 28, 17]"
12,"[4, 28, 0]"
14,"[4, 28, 54]"
12,"[4, 28, 49]"
18,"[4, 25]"
15,"[4, 25, 48]"
16,"[4, 25, 70]"
13,"[4, 25, 28]"
12,"[4, 25, 54]"
20,"[4, 48]"
17,"[4, 48, 70]"
14,"[4, 48, 48]"
14,"[4, 48, 28]"
12,"[4, 48, 0]"
13,"[4, 48, 54]"
14,"[4, 26]"
14,"[4, 26, 70]"
15,"[4, 37]"
13,"[4, 37, 48]"
15,"[4, 37, 70]"
12,"[4, 60]"
12,"[4, 60, 70]"
17,"[4, 69]"
12,"[4, 69, 17]"
16,"[4, 69, 70]"
14,"[4, 69, 69]"
12,"[4, 69, 12]"
12,"[4, 69, 42]"
17,"[4, 0]"
12,"[4, 0, 4]"
17,"[4, 0, 70]"
14,"[4, 0, 6]"
13,"[4, 0, 55]"
12,"[4, 0, 54]"
13,"[4, 0, 48]"
12,"[4, 0, 29]"
12,"[4, 5]"
12,"[4, 5, 70]"
19,"[4, 6]"
13,"[4, 6, 4]"
19,"[4, 6, 70]"
13,"[4, 6, 55]"
12,"[4, 6, 54]"
12,"[4, 6, 48]"
13,"[4, 6, 0]"
13,"[4, 6, 29]"
16,"[4, 55]"
12,"[4, 55, 29]"
18,"[4, 54]"
16,"[4, 54, 70]"
12,"[4, 54, 0]"
13,"[4, 54, 54]"
12,"[4, 54, 48]"
13,"[4, 12]"
12,"[4, 42]"
15,"[4, 20]"
13,"[4, 20, 70]"
14,"[4, 49]"
13,[39]
13,"[39, 70]"
12,"[39, 70, 48]"
12,"[39, 70, 70]"
12,"[39, 48]"
12,[5]
12,"[5, 70]"
20,[9]
18,"[9, 27]"
18,"[9, 27, 17]"
18,"[9, 27, 29]"
17,"[9, 27, 0]"
12,"[9, 27, 3]"
17,"[9, 27, 6]"
15,"[9, 27, 7]"
12,"[9, 27, 4]"
16,"[9, 27, 10]"
12,"[9, 27, 11]"
15,"[9, 27, 56]"
16,"[9, 27, 35]"
16,"[9, 27, 58]"
18,"[9, 27, 70]"
14,"[9, 27, 34]"
14,"[9, 27, 33]"
17,"[9, 27, 28]"
14,"[9, 27, 25]"
16,"[9, 27, 48]"
14,"[9, 27, 54]"
12,"[9, 27, 37]"
15,"[9, 27, 49]"
14,"[9, 27, 69]"
12,"[9, 27, 27]"
19,"[9, 17]"
18,"[9, 17, 29]"
17,"[9, 17, 0]"
12,"[9, 17, 3]"
19,"[9, 17, 6]"
15,"[9, 17, 7]"
13,"[9, 17, 4]"
16,"[9, 17, 10]"
12,"[9, 17, 11]"
16,"[9, 17, 56]"
16,"[9, 17, 35]"
16,"[9, 17, 58]"
19,"[9, 17, 70]"
14,"[9, 17, 34]"
14,"[9, 17, 33]"
17,"[9, 17, 28]"
14,"[9, 17, 25]"
17,"[9, 17, 48]"
15,"[9, 17, 54]"
12,"[9, 17, 37]"
12,"[9, 17, 27]"
15,"[9, 17, 49]"
14,"[9, 17, 69]"
15,"[9, 17, 17]"
20,"[9, 29]"
17,"[9, 29, 0]"
20,"[9, 29, 6]"
16,"[9, 29, 7]"
14,"[9, 29, 4]"
18,"[9, 29, 10]"
14,"[9, 29, 11]"
17,"[9, 29, 56]"
18,"[9, 29, 35]"
17,"[9, 29, 58]"
20,"[9, 29, 70]"
16,"[9, 29, 34]"
16,"[9, 29, 33]"
18,"[9, 29, 28]"
16,"[9, 29, 25]"
18,"[9, 29, 48]"
16,"[9, 29, 54]"
14,"[9, 29, 37]"
12,"[9, 29, 55]"
12,"[9, 29, 27]"
16,"[9, 29, 49]"
15,"[9, 29, 69]"
16,"[9, 29, 17]"
14,"[9, 29, 29]"
12,"[9, 29, 57]"
12,"[9, 29, 20]"
20,"[9, 0]"
13,"[9, 0, 3]"
19,"[9, 0, 6]"
15,"[9, 0, 7]"
14,"[9, 0, 4]"
19,"[9, 0, 10]"
14,"[9, 0, 11]"
18,"[9, 0, 56]"
18,"[9, 0, 35]"
17,"[9, 0, 58]"
20,"[9, 0, 70]"
17,"[9, 0, 34]"
16,"[9, 0, 33]"
18,"[9, 0, 28]"
16,"[9, 0, 25]"
17,"[9, 0, 48]"
16,"[9, 0, 54]"
13,"[9, 0, 0]"
14,"[9, 0, 37]"
12,"[9, 0, 55]"
15,"[9, 0, 69]"
17,"[9, 0, 29]"
12,"[9, 0, 57]"
13,"[9, 0, 20]"
15,"[9, 0, 49]"
14,"[9, 0, 17]"
13,"[9, 3]"
12,"[9, 3, 6]"
12,"[9, 3, 10]"
12,"[9, 3, 70]"
20,"[9, 6]"
16,"[9, 6, 7]"
14,"[9, 6, 4]"
18,"[9, 6, 10]"
14,"[9, 6, 11]"
17,"[9, 6, 56]"
18,"[9, 6, 35]"
17,"[9, 6, 58]"
20,"[9, 6, 70]"
16,"[9, 6, 34]"
16,"[9, 6, 33]"
18,"[9, 6, 28]"
16,"[9, 6, 25]"
18,"[9, 6, 48]"
16,"[9, 6, 54]"
13,"[9, 6, 0]"
14,"[9, 6, 37]"
12,"[9, 6, 55]"
16,"[9, 6, 6]"
16,"[9, 6, 49]"
15,"[9, 6, 69]"
15,"[9, 6, 17]"
14,"[9, 6, 29]"
12,"[9, 6, 57]"
12,"[9, 6, 20]"
16,"[9, 7]"
12,"[9, 7, 10]"
12,"[9, 7, 56]"
13,"[9, 7, 35]"
13,"[9, 7, 58]"
16,"[9, 7, 70]"
12,"[9, 7, 34]"
12,"[9, 7, 33]"
14,"[9, 7, 28]"
12,"[9, 7, 25]"
14,"[9, 7, 48]"
13,"[9, 7, 54]"
12,"[9, 7, 37]"
14,"[9, 7, 49]"
12,"[9, 7, 69]"
12,"[9, 7, 17]"
14,"[9, 4]"
12,"[9, 4, 10]"
13,"[9, 4, 70]"
12,"[9, 4, 48]"
19,"[9, 10]"
14,"[9, 10, 11]"
12,"[9, 10, 10]"
17,"[9, 10, 56]"
18,"[9, 10, 35]"
17,"[9, 10, 58]"
19,"[9, 10, 70]"
15,"[9, 10, 34]"
15,"[9, 10, 33]"
17,"[9, 10, 28]"
15,"[9, 10, 25]"
17,"[9, 10, 48]"
16,"[9, 10, 54]"
12,"[9, 10, 0]"
13,"[9, 10, 37]"
12,"[9, 10, 55]"
15,"[9, 10, 6]"
13,"[9, 10, 69]"
15,"[9, 10, 49]"
13,"[9, 10, 17]"
14,"[9, 10, 29]"
14,"[9, 11]"
12,"[9, 11, 56]"
12,"[9, 11, 35]"
14,"[9, 11, 70]"
13,"[9, 11, 48]"
12,"[9, 11, 54]"
12,"[9, 11, 49]"
19,"[9, 56]"
16,"[9, 56, 35]"
16,"[9, 56, 58]"
19,"[9, 56, 70]"
15,"[9, 56, 34]"
15,"[9, 56, 33]"
17,"[9, 56, 28]"
15,"[9, 56, 25]"
17,"[9, 56, 48]"
15,"[9, 56, 54]"
12,"[9, 56, 37]"
15,"[9, 56, 6]"
13,"[9, 56, 57]"
14,"[9, 56, 29]"
15,"[9, 56, 49]"
13,"[9, 56, 69]"
13,"[9, 56, 17]"
18,"[9, 35]"
17,"[9, 35, 58]"
18,"[9, 35, 70]"
14,"[9, 35, 34]"
14,"[9, 35, 33]"
17,"[9, 35, 28]"
14,"[9, 35, 25]"
15,"[9, 35, 48]"
15,"[9, 35, 54]"
12,"[9, 35, 37]"
13,"[9, 35, 6]"
13,"[9, 35, 69]"
14,"[9, 35, 49]"
13,"[9, 35, 17]"
13,"[9, 35, 29]"
17,"[9, 58]"
17,"[9, 58, 70]"
13,"[9, 58, 34]"
12,"[9, 58, 33]"
15,"[9, 58, 28]"
12,"[9, 58, 25]"
14,"[9, 58, 48]"
14,"[9, 58, 54]"
13,"[9, 58, 69]"
14,"[9, 58, 49]"
12,"[9, 58, 17]"
20,"[9, 70]"
17,"[9, 70, 34]"
17,"[9, 70, 33]"
20,"[9, 70, 28]"
17,"[9, 70, 25]"
18,"[9, 70, 48]"
19,"[9, 70, 70]"
16,"[9, 70, 54]"
12,"[9, 70, 58]"
14,"[9, 70, 37]"
12,"[9, 70, 55]"
14,"[9, 70, 6]"
16,"[9, 70, 49]"
14,"[9, 70, 69]"
14,"[9, 70, 17]"
15,"[9, 70, 29]"
13,"[9, 70, 20]"
17,"[9, 34]"
15,"[9, 34, 33]"
17,"[9, 34, 28]"
15,"[9, 34, 25]"
15,"[9, 34, 48]"
17,"[9, 34, 70]"
14,"[9, 34, 54]"
13,"[9, 34, 37]"
14,"[9, 34, 6]"
12,"[9, 34, 69]"
12,"[9, 34, 20]"
12,"[9, 34, 49]"
13,"[9, 34, 17]"
13,"[9, 34, 29]"
17,"[9, 33]"
15,"[9, 33, 28]"
16,"[9, 33, 25]"
15,"[9, 33, 48]"
16,"[9, 33, 70]"
13,"[9, 33, 54]"
12,"[9, 33, 37]"
12,"[9, 33, 6]"
14,"[9, 33, 29]"
20,"[9, 28]"
17,"[9, 28, 25]"
17,"[9, 28, 48]"
19,"[9, 28, 70]"
15,"[9, 28, 54]"
12,"[9, 28, 37]"
13,"[9, 28, 6]"
14,"[9, 28, 17]"
15,"[9, 28, 29]"
13,"[9, 28, 28]"
13,"[9, 28, 49]"
17,"[9, 25]"
15,"[9, 25, 48]"
16,"[9, 25, 70]"
13,"[9, 25, 54]"
12,"[9, 25, 6]"
14,"[9, 25, 29]"
18,"[9, 48]"
17,"[9, 48, 70]"
15,"[9, 48, 54]"
15,"[9, 48, 48]"
13,"[9, 48, 6]"
12,"[9, 48, 17]"
13,"[9, 48, 29]"
14,"[9, 48, 28]"
12,"[9, 48, 49]"
16,"[9, 54]"
16,"[9, 54, 70]"
15,"[9, 54, 54]"
13,"[9, 54, 48]"
13,"[9, 54, 6]"
12,"[9, 54, 49]"
12,"[9, 54, 17]"
12,"[9, 54, 29]"
14,"[9, 37]"
14,"[9, 37, 70]"
12,"[9, 55]"
15,"[9, 69]"
12,"[9, 69, 17]"
12,"[9, 69, 29]"
12,"[9, 69, 6]"
15,"[9, 69, 70]"
14,"[9, 69, 49]"
13,"[9, 69, 69]"
13,"[9, 69, 28]"
12,"[9, 69, 33]"
12,"[9, 69, 48]"
13,"[9, 57]"
13,"[9, 57, 70]"
16,"[9, 49]"
14,"[9, 49, 70]"
12,"[9, 49, 48]"
12,"[9, 49, 54]"
13,"[9, 20]"
13,"[9, 20, 70]"
12,"[9, 20, 29]"
21,[7]
14,"[7, 4]"
14,"[7, 4, 70]"
12,"[7, 4, 48]"
12,"[7, 4, 6]"
15,"[7, 10]"
12,"[7, 10, 35]"
12,"[7, 10, 58]"
15,"[7, 10, 70]"
13,"[7, 10, 28]"
12,"[7, 10, 25]"
13,"[7, 10, 48]"
13,"[7, 10, 54]"
13,"[7, 10, 37]"
12,"[7, 10, 6]"
12,"[7, 10, 69]"
12,"[7, 10, 49]"
14,"[7, 56]"
12,"[7, 56, 58]"
14,"[7, 56, 70]"
12,"[7, 56, 34]"
12,"[7, 56, 28]"
13,"[7, 56, 48]"
13,"[7, 56, 54]"
12,"[7, 56, 37]"
15,"[7, 35]"
15,"[7, 35, 58]"
15,"[7, 35, 70]"
12,"[7, 35, 34]"
12,"[7, 35, 33]"
13,"[7, 35, 28]"
12,"[7, 35, 25]"
13,"[7, 35, 48]"
13,"[7, 35, 54]"
12,"[7, 35, 37]"
12,"[7, 35, 49]"
12,"[7, 35, 17]"
15,"[7, 58]"
15,"[7, 58, 70]"
13,"[7, 58, 34]"
12,"[7, 58, 33]"
13,"[7, 58, 28]"
12,"[7, 58, 25]"
13,"[7, 58, 48]"
13,"[7, 58, 54]"
12,"[7, 58, 37]"
12,"[7, 58, 49]"
12,"[7, 58, 17]"
21,"[7, 70]"
15,"[7, 70, 34]"
16,"[7, 70, 33]"
17,"[7, 70, 28]"
16,"[7, 70, 25]"
16,"[7, 70, 48]"
19,"[7, 70, 70]"
15,"[7, 70, 54]"
12,"[7, 70, 0]"
15,"[7, 70, 37]"
12,"[7, 70, 60]"
12,"[7, 70, 26]"
14,"[7, 70, 55]"
14,"[7, 70, 6]"
15,"[7, 70, 49]"
12,"[7, 70, 69]"
16,"[7, 70, 17]"
15,"[7, 70, 29]"
12,"[7, 70, 20]"
15,"[7, 34]"
14,"[7, 34, 33]"
14,"[7, 34, 28]"
14,"[7, 34, 25]"
14,"[7, 34, 48]"
15,"[7, 34, 70]"
14,"[7, 34, 54]"
13,"[7, 34, 37]"
13,"[7, 34, 6]"
12,"[7, 34, 17]"
12,"[7, 34, 29]"
16,"[7, 33]"
12,"[7, 33, 28]"
14,"[7, 33, 25]"
14,"[7, 33, 48]"
15,"[7, 33, 70]"
13,"[7, 33, 54]"
12,"[7, 33, 0]"
12,"[7, 33, 37]"
12,"[7, 33, 6]"
12,"[7, 33, 17]"
13,"[7, 33, 29]"
18,"[7, 28]"
15,"[7, 28, 25]"
15,"[7, 28, 48]"
17,"[7, 28, 70]"
14,"[7, 28, 54]"
13,"[7, 28, 6]"
13,"[7, 28, 17]"
13,"[7, 28, 29]"
13,"[7, 28, 28]"
16,"[7, 25]"
14,"[7, 25, 48]"
15,"[7, 25, 70]"
12,"[7, 25, 54]"
12,"[7, 25, 0]"
12,"[7, 25, 37]"
12,"[7, 25, 6]"
12,"[7, 25, 29]"
17,"[7, 48]"
16,"[7, 48, 70]"
14,"[7, 48, 54]"
12,"[7, 48, 0]"
12,"[7, 48, 55]"
13,"[7, 48, 48]"
13,"[7, 48, 6]"
13,"[7, 48, 17]"
12,"[7, 48, 29]"
16,"[7, 54]"
16,"[7, 54, 70]"
14,"[7, 54, 54]"
12,"[7, 54, 55]"
12,"[7, 54, 48]"
13,"[7, 54, 6]"
12,"[7, 54, 49]"
13,"[7, 54, 17]"
12,"[7, 54, 29]"
12,"[7, 0]"
12,"[7, 0, 70]"
15,"[7, 37]"
15,"[7, 37, 70]"
12,"[7, 37, 48]"
12,"[7, 37, 6]"
12,"[7, 37, 49]"
13,"[7, 60]"
13,"[7, 60, 70]"
12,"[7, 26]"
12,"[7, 26, 70]"
14,"[7, 55]"
15,"[7, 6]"
15,"[7, 6, 70]"
12,"[7, 6, 29]"
16,"[7, 49]"
14,"[7, 49, 70]"
12,"[7, 49, 48]"
12,"[7, 49, 17]"
12,"[7, 49, 55]"
15,"[7, 69]"
14,"[7, 69, 70]"
12,"[7, 69, 28]"
12,"[7, 69, 17]"
12,"[7, 69, 29]"
16,"[7, 17]"
13,"[7, 17, 29]"
14,"[7, 17, 70]"
15,"[7, 29]"
14,"[7, 29, 70]"
12,"[7, 29, 29]"
12,"[7, 29, 6]"
12,"[7, 20]"
12,"[7, 20, 70]"
15,[59]
15,"[59, 70]"
13,"[59, 70, 28]"
12,"[59, 70, 48]"
13,"[59, 70, 70]"
13,"[59, 70, 49]"
13,"[59, 28]"
12,"[59, 28, 70]"
12,"[59, 48]"
13,"[59, 49]"
12,"[59, 49, 70]"
