student_id,sequence,Note test TP,group
241,"['technical_environment_home', 'prerequisite_techenv', 'documentation_programming', 'documentation_docker', 'practice_docker', 'practice_postgresql', 'practice_docker_advanced', 'documentation_si', 'documentation_rdbms', 'spring_bean', 'documentation_programming', 'inversion_of_control', 'spring_bean', 'inversion_of_control', 'spring_bean', 'practice_spring', 'technical_environment_home', 'documentation_docker', 'web_architecture_home', 'lecture_technical_architecture', 'lecture_software_architecture', 'lecture_mvc_spring', 'lecture_jpa', 'practice_jpa_advanced', 'practice_jpa', 'practice_jpa_advanced', 'practice_jpa', 'lecture_jpa', 'practice_jpa', 'web_architecture_home', 'practice_jpa', 'practice_spring_2tiers', 'lecture_relational_model', 'lecture_db_integrity', 'web_architecture_home', 'practice_spring_2tiers_ext', 'practice_spring_2tiers', 'lecture_dto', 'lecture_xml', 'lecture_json', 'practice_json', 'lecture_relational_model', 'lecture_db_integrity', 'activity_relational_model', 'lecture_modeling_normalization', 'lecture_conceptual_modeling', 'lecture_normalization', 'technical_environment_home', 'web_architecture_home', 'practice_jpa', 'lecture_independence_views', 'activity_conceptual_modeling', 'practice_spring_2tiers_ext', 'practice_spring_2tiers', 'practice_jpa_advanced', 'web_architecture_home', 'activity_sql', 'lecture_relational_model', 'lecture_db_integrity', 'lecture_modeling_normalization', 'practice_advanced_sql', 'practice_sql', 'practice_advanced_sql', 'practice_sql', 'activity_sql_correction', 'practice_sql_correction', 'web_architecture_home', 'practice_json', 'practice_advanced_sql', 'practice_advanced_sql_correction', 'lecture_transaction', 'lecture_isolation', 'lecture_indexation', 'practice_transaction', 'web_architecture_home', 'lecture_transaction', 'lecture_isolation', 'practice_transaction', 'prerequisite_data', 'practice_transaction_correction', 'practice_isolation', 'practice_indexation', 'activity_conceptual_modeling', 'lecture_modeling_normalization', 'practice_independence_views', 'lecture_modeling_normalization', 'lecture_conceptual_modeling', 'lecture_normalization', 'lecture_independence_views', 'activity_conceptual_modeling', 'activity_conceptual_modeling_advanced', 'web_architecture_home', 'practice_json', 'lecture_parser', 'lecture_jaxb', 'practice_xml', 'practice_schema_xml', 'activity_decomposition', 'activity_conceptual_modeling_correction', 'activity_normalization', 'activity_normalization_correction', 'web_architecture_home', 'lecture_technical_architecture', 'lecture_software_architecture', 'lecture_mvc_spring', 'prerequisite_data', 'lecture_modeling_normalization', 'lecture_conceptual_modeling', 'lecture_normalization', 'lecture_independence_views', 'activity_conceptual_modeling', 'lecture_jpa', 'practice_jpa', 'practice_spring_2tiers', 'lecture_dto', 'technical_environment_home', 'documentation_programming', 'spring_bean', 'practice_spring', 'inversion_of_control', 'lecture_transaction', 'lecture_relational_model', 'lecture_db_integrity', 'activity_relational_model', 'activity_conceptual_modeling_correction', 'web_architecture_home', 'activity_conceptual_modeling_advanced', 'activity_normalization', 'activity_normalization_correction', 'lecture_relational_algebra', 'activity_decomposition', 'activity_decomposition_correction', 'practice_transaction', 'practice_isolation', 'lecture_technical_architecture', 'lecture_software_architecture', 'lecture_mvc_spring', 'lecture_json', 'practice_json', 'practice_sql', 'practice_sql_correction', 'web_architecture_home', 'lecture_xml', 'practice_spring_2tiers_ext', 'practice_jpa_advanced', 'practice_jpa', 'web_architecture_home', 'practice_spring_2tiers_ext', 'practice_indexation', 'lecture_indexation', 'activity_conceptual_modeling', 'activity_conceptual_modeling_advanced', 'activity_normalization', 'lecture_independence_views', 'lecture_normalization', 'lecture_independence_views', 'lecture_normalization', 'lecture_conceptual_modeling', 'web_architecture_home', 'practice_spring_2tiers', 'practice_spring_2tiers_ext', 'web_architecture_home', 'practice_jpa', 'web_architecture_home', 'activity_normalization', 'lecture_normalization', 'lecture_conceptual_modeling', 'lecture_modeling_normalization']",16.63,success
2410,"['technical_environment_home', 'documentation_docker', 'prerequisite_techenv', 'practice_docker', 'practice_postgresql', 'documentation_si', 'documentation_rdbms', 'documentation_programming', 'practice_spring', 'practice_docker', 'documentation_programming', 'practice_spring', 'documentation_programming', 'practice_spring', 'inversion_of_control', 'web_architecture_home', 'prerequisite_archiweb', 'lecture_technical_architecture', 'web_architecture_home', 'lecture_software_architecture', 'lecture_mvc_spring', 'practice_spring_2tiers', 'web_architecture_home', 'lecture_jpa', 'practice_jpa', 'lecture_dto', 'lecture_xml', 'practice_xml', 'lecture_json', 'practice_json', 'prerequisite_data', 'lecture_relational_model', 'lecture_db_integrity', 'activity_relational_model', 'lecture_modeling_normalization', 'lecture_conceptual_modeling', 'activity_conceptual_modeling', 'activity_conceptual_modeling_correction', 'practice_docker', 'technical_environment_home', 'prerequisite_techenv', 'prerequisite_data', 'practice_docker', 'prerequisite_data', 'lecture_normalization', 'activity_normalization', 'activity_normalization_correction', 'activity_decomposition', 'activity_sql', 'practice_sql', 'practice_docker', 'prerequisite_data', 'activity_decomposition', 'activity_sql', 'practice_sql', 'lecture_transaction', 'practice_transaction', 'practice_docker', 'practice_transaction', 'lecture_transaction', 'technical_environment_home', 'web_architecture_home', 'technical_environment_home', 'web_architecture_home', 'prerequisite_archiweb', 'lecture_technical_architecture', 'lecture_software_architecture', 'lecture_mvc_spring', 'lecture_jpa', 'practice_jpa', 'practice_spring_2tiers', 'activity_conceptual_modeling', 'web_architecture_home', 'lecture_technical_architecture', 'lecture_dto', 'lecture_xml', 'practice_xml', 'lecture_json', 'lecture_jpa', 'lecture_modeling_normalization', 'lecture_conceptual_modeling', 'practice_json', 'practice_spring_2tiers', 'practice_jpa', 'lecture_mvc_spring', 'technical_environment_home', 'documentation_docker', 'practice_docker', 'activity_relational_model', 'activity_conceptual_modeling', 'technical_environment_home', 'prerequisite_techenv', 'practice_docker', 'practice_postgresql', 'web_architecture_home', 'lecture_jpa', 'practice_jpa', 'web_architecture_home', 'practice_spring_2tiers', 'practice_jpa', 'practice_jpa_advanced']",16.56,success
2411,"['technical_environment_home', 'prerequisite_techenv', 'documentation_programming', 'practice_spring', 'documentation_docker', 'practice_docker', 'documentation_si', 'inversion_of_control', 'practice_postgresql', 'inversion_of_control', 'spring_bean', 'documentation_rdbms', 'documentation_docker', 'web_architecture_home', 'prerequisite_archiweb', 'web_architecture_home', 'prerequisite_archiweb', 'lecture_technical_architecture', 'lecture_software_architecture', 'lecture_mvc_spring', 'lecture_software_architecture', 'prerequisite_archiweb', 'lecture_mvc_spring', 'practice_spring_2tiers', 'prerequisite_archiweb', 'lecture_mvc_spring', 'practice_spring_2tiers', 'web_architecture_home', 'technical_environment_home', 'prerequisite_techenv', 'practice_docker', 'prerequisite_archiweb', 'practice_spring_2tiers', 'lecture_jpa', 'lecture_mvc_spring', 'practice_jpa', 'prerequisite_archiweb', 'practice_jpa', 'prerequisite_archiweb', 'lecture_dto', 'lecture_xml', 'lecture_dto', 'web_architecture_home', 'prerequisite_archiweb', 'lecture_json', 'practice_json', 'practice_xml', 'lecture_validity', 'prerequisite_data', 'lecture_relational_model', 'lecture_db_integrity', 'activity_relational_model', 'prerequisite_data', 'activity_relational_model', 'lecture_db_integrity', 'lecture_modeling_normalization', 'lecture_conceptual_modeling', 'activity_conceptual_modeling', 'activity_conceptual_modeling_correction', 'prerequisite_data', 'activity_conceptual_modeling_advanced', 'lecture_normalization', 'activity_normalization', 'activity_relational_model', 'activity_sql', 'web_architecture_home', 'technical_environment_home', 'documentation_docker', 'practice_postgresql', 'prerequisite_data', 'activity_sql_correction', 'practice_sql', 'practice_sql_correction', 'prerequisite_archiweb', 'lecture_jpa', 'practice_jpa', 'lecture_mvc_spring', 'lecture_conceptual_modeling', 'web_architecture_home', 'prerequisite_data', 'lecture_transaction', 'lecture_isolation', 'practice_transaction', 'prerequisite_archiweb', 'practice_jpa_advanced', 'prerequisite_data', 'web_architecture_home', 'prerequisite_archiweb', 'practice_jpa_advanced', 'practice_jpa', 'web_architecture_home', 'prerequisite_archiweb', 'practice_spring_2tiers_ext', 'prerequisite_data', 'lecture_conceptual_modeling', 'activity_normalization', 'lecture_independence_views', 'technical_environment_home', 'web_architecture_home']",9.55,failure
2412,"['technical_environment_home', 'prerequisite_techenv', 'documentation_docker', 'technical_environment_home', 'practice_docker', 'practice_postgresql', 'documentation_programming', 'practice_spring', 'documentation_docker', 'technical_environment_home', 'practice_postgresql', 'practice_docker', 'practice_postgresql', 'practice_docker', 'practice_docker_advanced', 'documentation_si', 'documentation_rdbms', 'practice_postgresql', 'documentation_programming', 'practice_spring', 'web_architecture_home', 'lecture_technical_architecture', 'lecture_software_architecture', 'lecture_mvc_spring', 'lecture_jpa', 'practice_jpa', 'web_architecture_home', 'lecture_software_architecture', 'lecture_jpa', 'practice_jpa', 'technical_environment_home', 'web_architecture_home', 'practice_jpa', 'lecture_relational_model', 'lecture_db_integrity', 'lecture_relational_algebra', 'activity_relational_model', 'lecture_modeling_normalization', 'lecture_conceptual_modeling', 'activity_conceptual_modeling', 'activity_normalization', 'activity_decomposition', 'practice_sql', 'lecture_transaction', 'practice_advanced_sql', 'lecture_conceptual_modeling', 'lecture_modeling_normalization', 'lecture_normalization', 'activity_decomposition', 'activity_sql', 'practice_sql', 'practice_advanced_sql', 'lecture_transaction', 'practice_transaction', 'lecture_transaction', 'lecture_isolation', 'practice_transaction', 'web_architecture_home', 'lecture_technical_architecture', 'lecture_software_architecture', 'lecture_mvc_spring', 'lecture_jpa', 'practice_jpa', 'web_architecture_home', 'prerequisite_archiweb', 'lecture_json', 'practice_json', 'lecture_xml', 'practice_xml', 'lecture_xpath', 'lecture_parser', 'practice_jpa', 'lecture_jpa', 'practice_jpa', 'lecture_mvc_spring', 'prerequisite_data', 'lecture_normalization', 'technical_environment_home', 'prerequisite_data', 'lecture_normalization', 'lecture_conceptual_modeling', 'lecture_independence_views', 'activity_conceptual_modeling', 'activity_conceptual_modeling_advanced', 'activity_conceptual_modeling_advanced_correction', 'activity_decomposition', 'activity_decomposition_correction', 'prerequisite_data', 'activity_decomposition', 'practice_advanced_sql', 'activity_decomposition', 'web_architecture_home', 'activity_normalization', 'activity_decomposition', 'activity_decomposition_correction', 'activity_decomposition', 'web_architecture_home', 'prerequisite_archiweb', 'practice_spring_2tiers_ext', 'practice_spring_2tiers', 'technical_environment_home', 'documentation_programming', 'practice_spring', 'web_architecture_home', 'technical_environment_home', 'documentation_docker', 'practice_docker', 'web_architecture_home']",7.55,failure
2413,"['technical_environment_home', 'prerequisite_techenv', 'practice_docker', 'inversion_of_control', 'spring_bean', 'practice_spring', 'practice_postgresql', 'documentation_programming', 'documentation_rdbms', 'documentation_si', 'technical_environment_home', 'prerequisite_techenv', 'documentation_docker', 'practice_docker', 'documentation_programming', 'practice_spring', 'technical_environment_home', 'prerequisite_techenv', 'documentation_programming', 'prerequisite_techenv', 'practice_spring', 'prerequisite_techenv', 'practice_spring', 'prerequisite_techenv', 'practice_postgresql', 'prerequisite_techenv', 'practice_docker_advanced', 'prerequisite_data', 'lecture_relational_model', 'lecture_db_integrity', 'activity_relational_model', 'activity_relational_model_correction', 'activity_relational_model', 'lecture_modeling_normalization', 'lecture_conceptual_modeling', 'lecture_normalization', 'activity_conceptual_modeling', 'activity_conceptual_modeling_correction', 'activity_conceptual_modeling_advanced', 'activity_conceptual_modeling_advanced_correction', 'activity_normalization', 'activity_normalization_correction', 'activity_decomposition', 'activity_decomposition_correction', 'practice_independence_views', 'activity_sql', 'activity_sql_correction', 'activity_sql', 'practice_independence_views', 'practice_sql', 'lecture_transaction', 'practice_transaction', 'lecture_transaction', 'practice_transaction_correction', 'web_architecture_home', 'lecture_technical_architecture', 'lecture_software_architecture', 'lecture_mvc_spring', 'lecture_jpa', 'practice_jpa', 'web_architecture_home', 'practice_spring_2tiers', 'lecture_jpa', 'web_architecture_home', 'prerequisite_data', 'activity_conceptual_modeling', 'practice_sql', 'practice_advanced_sql', 'practice_transaction', 'practice_spring_2tiers', 'web_architecture_home', 'practice_spring_2tiers', 'lecture_xml', 'practice_xml', 'lecture_json', 'prerequisite_data', 'web_architecture_home', 'practice_spring_2tiers_ext', 'practice_jpa', 'lecture_jpa', 'activity_normalization', 'web_architecture_home', 'practice_spring_2tiers_ext', 'practice_jpa', 'practice_spring_2tiers', 'practice_spring_2tiers_ext', 'activity_conceptual_modeling', 'activity_conceptual_modeling_correction']",8.506,failure
2414,"['technical_environment_home', 'prerequisite_techenv', 'documentation_docker', 'practice_docker', 'documentation_si', 'practice_postgresql', 'documentation_rdbms', 'documentation_programming', 'prerequisite_techenv', 'documentation_programming', 'practice_spring', 'technical_environment_home', 'inversion_of_control', 'spring_bean', 'inversion_of_control', 'practice_spring', 'technical_environment_home', 'web_architecture_home', 'prerequisite_archiweb', 'lecture_technical_architecture', 'lecture_software_architecture', 'lecture_mvc_spring', 'lecture_jpa', 'lecture_software_architecture', 'web_architecture_home', 'prerequisite_archiweb', 'lecture_software_architecture', 'lecture_jpa', 'lecture_mvc_spring', 'prerequisite_archiweb', 'practice_spring_2tiers', 'technical_environment_home', 'prerequisite_techenv', 'practice_spring', 'technical_environment_home', 'prerequisite_techenv', 'documentation_programming', 'inversion_of_control', 'web_architecture_home', 'prerequisite_archiweb', 'practice_spring_2tiers', 'prerequisite_archiweb', 'practice_spring_2tiers', 'prerequisite_data', 'lecture_relational_model', 'lecture_modeling_normalization', 'lecture_db_integrity', 'activity_sql', 'activity_relational_model', 'practice_sql', 'practice_sql_correction', 'lecture_transaction', 'practice_transaction', 'web_architecture_home', 'prerequisite_archiweb', 'practice_transaction', 'practice_spring_2tiers', 'prerequisite_data', 'lecture_transaction', 'practice_transaction', 'technical_environment_home', 'documentation_si', 'documentation_rdbms', 'practice_postgresql', 'prerequisite_data', 'lecture_transaction', 'practice_transaction', 'practice_transaction_correction', 'activity_conceptual_modeling', 'activity_conceptual_modeling_correction', 'lecture_conceptual_modeling', 'lecture_normalization', 'activity_normalization', 'lecture_db_integrity', 'activity_relational_model', 'activity_relational_model_correction', 'technical_environment_home', 'prerequisite_data', 'lecture_conceptual_modeling', 'prerequisite_data', 'practice_sql', 'practice_sql_correction', 'lecture_normalization', 'activity_normalization', 'lecture_modeling_normalization', 'activity_normalization_correction', 'web_architecture_home', 'prerequisite_archiweb', 'practice_jpa_advanced', 'technical_environment_home', 'documentation_programming', 'web_architecture_home', 'prerequisite_archiweb', 'prerequisite_data', 'lecture_mvc_spring', 'lecture_jpa', 'lecture_software_architecture', 'practice_jpa', 'lecture_conceptual_modeling', 'lecture_modeling_normalization', 'lecture_normalization', 'lecture_independence_views', 'activity_conceptual_modeling', 'technical_environment_home', 'web_architecture_home', 'prerequisite_data', 'lecture_normalization', 'technical_environment_home']",10.94,failure
2415,"['technical_environment_home', 'prerequisite_techenv', 'documentation_docker', 'practice_docker', 'practice_docker_advanced', 'documentation_si', 'documentation_programming', 'prerequisite_techenv', 'practice_spring', 'technical_environment_home', 'prerequisite_techenv', 'practice_spring', 'prerequisite_techenv', 'practice_postgresql', 'prerequisite_techenv', 'web_architecture_home', 'documentation_rdbms', 'web_architecture_home', 'lecture_relational_model', 'lecture_db_integrity', 'lecture_relational_algebra', 'activity_relational_model', 'technical_environment_home', 'activity_relational_model_correction', 'lecture_modeling_normalization', 'lecture_conceptual_modeling', 'lecture_normalization', 'lecture_independence_views', 'activity_conceptual_modeling', 'activity_conceptual_modeling_correction', 'activity_conceptual_modeling_advanced', 'activity_conceptual_modeling_advanced_correction', 'activity_normalization', 'activity_normalization_correction', 'activity_decomposition', 'activity_decomposition_correction', 'practice_independence_views', 'activity_sql', 'activity_sql_correction', 'practice_sql', 'practice_sql_correction', 'practice_sql', 'activity_sql', 'practice_sql_correction', 'practice_advanced_sql', 'lecture_transaction', 'lecture_isolation', 'lecture_indexation', 'practice_transaction', 'practice_transaction_correction', 'practice_transaction', 'practice_isolation', 'practice_indexation', 'web_architecture_home', 'lecture_technical_architecture', 'lecture_software_architecture', 'lecture_mvc_spring', 'lecture_jpa', 'practice_jpa', 'lecture_jpa', 'practice_spring_2tiers', 'web_architecture_home', 'practice_spring_2tiers_ext', 'web_architecture_home', 'practice_spring_2tiers', 'practice_spring_2tiers_ext', 'technical_environment_home', 'lecture_dto', 'lecture_xml', 'lecture_validity', 'practice_xml', 'lecture_parser', 'lecture_json', 'practice_json', 'lecture_dto', 'lecture_mvc_spring', 'documentation_programming', 'web_architecture_home', 'lecture_transaction', 'practice_transaction', 'practice_transaction_correction', 'practice_sql', 'practice_sql_correction', 'activity_decomposition', 'web_architecture_home', 'technical_environment_home', 'prerequisite_archiweb', 'practice_jpa_advanced', 'practice_spring_2tiers_ext', 'practice_jpa', 'practice_spring_2tiers', 'web_architecture_home', 'technical_environment_home', 'web_architecture_home', 'practice_jpa_advanced', 'practice_spring_2tiers_ext', 'practice_jpa_advanced', 'practice_spring_2tiers_ext', 'activity_sql', 'lecture_modeling_normalization', 'lecture_transaction', 'lecture_modeling_normalization', 'lecture_conceptual_modeling', 'lecture_normalization', 'activity_conceptual_modeling', 'activity_conceptual_modeling_advanced', 'activity_normalization', 'practice_independence_views', 'activity_decomposition', 'web_architecture_home', 'technical_environment_home', 'documentation_docker', 'practice_docker', 'documentation_si', 'practice_postgresql', 'documentation_programming', 'inversion_of_control', 'practice_spring', 'practice_docker_advanced', 'spring_bean', 'practice_spring', 'web_architecture_home', 'lecture_software_architecture', 'practice_spring_2tiers_ext', 'practice_spring_2tiers', 'web_architecture_home', 'lecture_technical_architecture', 'lecture_software_architecture']",7.19,failure
2416,"['technical_environment_home', 'prerequisite_techenv', 'documentation_rdbms', 'documentation_docker', 'practice_docker', 'practice_docker_advanced', 'documentation_rdbms', 'practice_postgresql', 'documentation_si', 'documentation_programming', 'inversion_of_control', 'spring_bean', 'practice_sql', 'prerequisite_data', 'activity_sql', 'practice_sql', 'practice_advanced_sql', 'practice_transaction', 'lecture_transaction', 'lecture_isolation', 'technical_environment_home', 'prerequisite_techenv', 'practice_postgresql', 'web_architecture_home', 'practice_xml', 'lecture_validity', 'practice_schema_xml', 'practice_xpath', 'lecture_json', 'practice_json', 'lecture_validity', 'activity_decomposition', 'practice_transaction', 'web_architecture_home', 'prerequisite_archiweb', 'lecture_mvc_spring', 'prerequisite_data', 'activity_normalization', 'activity_conceptual_modeling', 'practice_transaction', 'web_architecture_home', 'practice_json', 'technical_environment_home', 'practice_spring', 'technical_environment_home', 'documentation_docker', 'spring_bean', 'practice_spring', 'documentation_programming', 'practice_docker', 'practice_docker_advanced', 'practice_postgresql', 'documentation_si', 'inversion_of_control']",9.06,failure
2417,"['technical_environment_home', 'prerequisite_techenv', 'documentation_docker', 'practice_docker', 'practice_postgresql', 'practice_docker_advanced', 'practice_postgresql', 'documentation_si', 'documentation_rdbms', 'practice_docker_advanced', 'documentation_programming', 'inversion_of_control', 'spring_bean', 'practice_spring', 'documentation_programming', 'practice_spring', 'web_architecture_home', 'lecture_technical_architecture', 'lecture_software_architecture', 'lecture_relational_model', 'web_architecture_home', 'lecture_software_architecture', 'lecture_mvc_spring', 'lecture_jpa', 'practice_jpa', 'lecture_jpa', 'web_architecture_home', 'lecture_jpa', 'practice_jpa', 'technical_environment_home', 'practice_docker', 'web_architecture_home', 'practice_jpa', 'practice_spring_2tiers', 'web_architecture_home', 'practice_jpa', 'practice_spring_2tiers', 'web_architecture_home', 'prerequisite_archiweb', 'practice_spring_2tiers', 'practice_jpa', 'practice_spring_2tiers', 'web_architecture_home', 'lecture_dto', 'lecture_xml', 'lecture_validity', 'practice_xml', 'practice_spring_2tiers', 'lecture_relational_model', 'lecture_db_integrity', 'activity_relational_model', 'practice_spring_2tiers', 'prerequisite_data', 'lecture_relational_model', 'lecture_db_integrity', 'activity_relational_model', 'activity_relational_model_correction', 'lecture_modeling_normalization', 'lecture_conceptual_modeling', 'lecture_normalization', 'activity_conceptual_modeling', 'practice_spring_2tiers', 'activity_conceptual_modeling', 'activity_normalization', 'prerequisite_data', 'lecture_conceptual_modeling', 'practice_spring_2tiers', 'prerequisite_data', 'lecture_normalization', 'lecture_conceptual_modeling', 'lecture_modeling_normalization', 'activity_normalization', 'activity_decomposition', 'practice_spring_2tiers', 'prerequisite_data', 'activity_sql', 'lecture_relational_algebra', 'activity_conceptual_modeling', 'activity_normalization', 'lecture_normalization', 'activity_sql_correction', 'practice_sql', 'practice_sql_correction', 'activity_decomposition', 'activity_normalization', 'activity_conceptual_modeling', 'activity_decomposition_correction', 'practice_independence_views', 'lecture_transaction', 'practice_transaction', 'lecture_isolation', 'practice_spring_2tiers', 'practice_jpa_advanced', 'web_architecture_home', 'prerequisite_archiweb', 'lecture_software_architecture', 'lecture_mvc_spring', 'lecture_jpa', 'practice_jpa', 'practice_spring_2tiers', 'web_architecture_home', 'prerequisite_archiweb', 'lecture_transaction', 'practice_transaction', 'lecture_mvc_spring', 'lecture_jpa', 'practice_jpa', 'practice_jpa_advanced', 'practice_spring_2tiers_ext', 'prerequisite_data', 'lecture_normalization']",7.208,failure
2418,"['technical_environment_home', 'documentation_docker', 'practice_docker', 'documentation_docker', 'practice_docker', 'practice_postgresql', 'practice_docker', 'web_architecture_home', 'technical_environment_home', 'practice_docker', 'practice_docker_advanced', 'practice_postgresql', 'documentation_programming', 'inversion_of_control', 'spring_bean', 'practice_spring', 'technical_environment_home', 'practice_postgresql', 'documentation_programming', 'practice_spring', 'practice_docker_advanced', 'practice_spring', 'web_architecture_home', 'lecture_technical_architecture', 'lecture_software_architecture', 'lecture_mvc_spring', 'lecture_jpa', 'practice_jpa', 'web_architecture_home', 'practice_jpa', 'technical_environment_home', 'lecture_jpa', 'web_architecture_home', 'practice_jpa', 'practice_spring_2tiers', 'web_architecture_home', 'practice_spring_2tiers', 'practice_jpa', 'practice_spring_2tiers_ext', 'technical_environment_home', 'web_architecture_home', 'lecture_mvc_spring', 'web_architecture_home', 'practice_spring_2tiers', 'practice_spring_2tiers_ext', 'web_architecture_home', 'practice_spring_2tiers_ext', 'lecture_dto', 'lecture_xml', 'lecture_json', 'practice_json', 'lecture_json', 'practice_json', 'lecture_json', 'practice_xml', 'lecture_xml', 'practice_xml', 'web_architecture_home', 'practice_xml', 'lecture_relational_model', 'lecture_db_integrity', 'lecture_relational_algebra', 'activity_relational_model', 'lecture_modeling_normalization', 'lecture_conceptual_modeling', 'lecture_normalization', 'activity_conceptual_modeling', 'activity_conceptual_modeling_correction', 'activity_normalization', 'lecture_conceptual_modeling', 'lecture_modeling_normalization', 'lecture_normalization', 'activity_decomposition', 'activity_sql', 'practice_sql', 'activity_sql', 'lecture_transaction', 'practice_transaction', 'practice_transaction_correction', 'practice_transaction', 'web_architecture_home', 'lecture_validity', 'lecture_transaction', 'prerequisite_data', 'lecture_conceptual_modeling', 'lecture_relational_model', 'lecture_db_integrity', 'lecture_relational_algebra', 'lecture_modeling_normalization', 'lecture_conceptual_modeling', 'lecture_normalization', 'activity_decomposition', 'activity_normalization', 'lecture_modeling_normalization', 'lecture_conceptual_modeling', 'lecture_normalization', 'activity_conceptual_modeling', 'activity_conceptual_modeling_correction', 'activity_normalization', 'activity_normalization_correction', 'web_architecture_home', 'lecture_xml', 'lecture_validity', 'lecture_technical_architecture', 'lecture_software_architecture', 'lecture_jpa', 'lecture_mvc_spring', 'practice_jpa', 'activity_sql', 'lecture_relational_model', 'lecture_db_integrity', 'activity_relational_model', 'lecture_transaction', 'activity_conceptual_modeling', 'activity_conceptual_modeling_correction', 'activity_normalization', 'activity_normalization_correction', 'lecture_conceptual_modeling', 'lecture_normalization', 'lecture_modeling_normalization', 'lecture_conceptual_modeling', 'technical_environment_home', 'web_architecture_home', 'lecture_technical_architecture', 'lecture_software_architecture', 'lecture_technical_architecture', 'lecture_software_architecture', 'lecture_technical_architecture', 'web_architecture_home', 'practice_jpa', 'lecture_jpa', 'lecture_mvc_spring', 'practice_jpa_advanced', 'practice_spring_2tiers', 'practice_spring_2tiers_ext', 'lecture_technical_architecture', 'lecture_software_architecture', 'technical_environment_home', 'inversion_of_control', 'lecture_relational_model', 'activity_relational_model', 'lecture_modeling_normalization', 'lecture_conceptual_modeling', 'activity_sql', 'practice_sql', 'practice_advanced_sql', 'web_architecture_home', 'lecture_relational_algebra', 'lecture_db_integrity', 'activity_relational_model', 'lecture_modeling_normalization', 'lecture_conceptual_modeling', 'lecture_normalization', 'activity_decomposition', 'lecture_normalization', 'activity_normalization', 'activity_normalization_correction']",18.36,success
2419,"['technical_environment_home', 'documentation_docker', 'documentation_si', 'technical_environment_home', 'documentation_docker', 'practice_docker', 'technical_environment_home', 'practice_docker', 'practice_docker_advanced', 'documentation_programming', 'inversion_of_control', 'practice_spring', 'technical_environment_home', 'practice_spring', 'activity_relational_model', 'lecture_modeling_normalization', 'lecture_conceptual_modeling', 'lecture_normalization', 'activity_conceptual_modeling', 'activity_sql', 'practice_sql', 'activity_sql', 'web_architecture_home', 'lecture_technical_architecture', 'lecture_software_architecture', 'lecture_jpa', 'lecture_transaction', 'practice_transaction', 'web_architecture_home', 'lecture_mvc_spring', 'lecture_jpa', 'practice_jpa', 'technical_environment_home', 'documentation_docker', 'practice_docker', 'practice_docker_advanced', 'documentation_si', 'documentation_rdbms', 'practice_postgresql', 'documentation_programming', 'inversion_of_control', 'spring_bean', 'practice_spring', 'lecture_relational_model', 'technical_environment_home', 'practice_sql', 'web_architecture_home', 'lecture_jpa', 'technical_environment_home', 'practice_docker', 'practice_postgresql', 'technical_environment_home', 'practice_postgresql', 'documentation_si', 'documentation_rdbms', 'lecture_modeling_normalization', 'lecture_normalization']",8.42,failure
2420,"['technical_environment_home', 'prerequisite_techenv', 'documentation_docker', 'documentation_programming', 'practice_spring', 'practice_docker', 'technical_environment_home', 'practice_docker', 'practice_docker_advanced', 'practice_postgresql', 'web_architecture_home', 'lecture_technical_architecture', 'lecture_software_architecture', 'lecture_mvc_spring', 'lecture_jpa', 'practice_jpa', 'web_architecture_home', 'practice_jpa', 'practice_spring_2tiers', 'web_architecture_home', 'practice_spring_2tiers', 'web_architecture_home', 'practice_spring_2tiers', 'lecture_dto', 'lecture_xml', 'practice_xml', 'lecture_json', 'practice_json', 'technical_environment_home', 'practice_postgresql', 'lecture_relational_model', 'lecture_db_integrity', 'activity_relational_model', 'lecture_modeling_normalization', 'lecture_conceptual_modeling', 'lecture_normalization', 'activity_conceptual_modeling', 'activity_conceptual_modeling_correction', 'activity_normalization', 'practice_spring_2tiers', 'activity_decomposition', 'activity_sql', 'prerequisite_data', 'practice_sql', 'activity_sql', 'practice_sql', 'lecture_conceptual_modeling', 'lecture_normalization', 'web_architecture_home', 'activity_conceptual_modeling', 'activity_normalization', 'lecture_normalization', 'lecture_conceptual_modeling', 'activity_conceptual_modeling', 'activity_conceptual_modeling_correction', 'activity_conceptual_modeling_advanced', 'activity_conceptual_modeling_advanced_correction', 'activity_normalization_correction', 'activity_decomposition', 'activity_decomposition_correction', 'practice_independence_views', 'practice_sql', 'practice_sql_correction', 'lecture_transaction', 'lecture_normalization', 'lecture_conceptual_modeling', 'lecture_independence_views', 'web_architecture_home', 'lecture_technical_architecture', 'lecture_software_architecture', 'lecture_mvc_spring', 'lecture_jpa', 'practice_jpa', 'lecture_xml', 'lecture_json', 'activity_sql', 'practice_spring_2tiers_ext', 'practice_jpa_advanced', 'technical_environment_home', 'web_architecture_home', 'practice_jpa_advanced', 'web_architecture_home', 'practice_spring_2tiers_ext', 'technical_environment_home', 'web_architecture_home', 'lecture_technical_architecture', 'lecture_software_architecture', 'lecture_mvc_spring', 'lecture_jpa', 'practice_jpa', 'technical_environment_home', 'documentation_docker', 'practice_docker', 'technical_environment_home', 'documentation_programming', 'practice_spring', 'practice_docker', 'documentation_docker', 'practice_postgresql', 'lecture_normalization']",14.77,success
2421,"['technical_environment_home', 'documentation_programming', 'practice_spring', 'practice_docker_advanced', 'documentation_docker', 'practice_docker', 'technical_environment_home', 'practice_docker', 'practice_docker_advanced', 'practice_docker', 'documentation_docker', 'technical_environment_home', 'practice_docker', 'practice_spring', 'practice_postgresql', 'documentation_si', 'practice_docker_advanced', 'practice_docker', 'practice_docker_advanced', 'web_architecture_home', 'lecture_technical_architecture', 'lecture_software_architecture', 'web_architecture_home', 'lecture_technical_architecture', 'lecture_software_architecture', 'technical_environment_home', 'practice_docker', 'web_architecture_home', 'lecture_technical_architecture', 'lecture_software_architecture', 'lecture_mvc_spring', 'lecture_jpa', 'practice_jpa', 'practice_spring_2tiers', 'web_architecture_home', 'practice_spring_2tiers', 'practice_jpa', 'lecture_dto', 'lecture_xml', 'practice_xml', 'lecture_json', 'practice_json', 'lecture_relational_model', 'lecture_db_integrity', 'activity_relational_model', 'lecture_modeling_normalization', 'lecture_conceptual_modeling', 'lecture_normalization', 'activity_conceptual_modeling', 'activity_normalization', 'activity_sql', 'technical_environment_home', 'prerequisite_techenv', 'lecture_relational_model', 'practice_sql', 'documentation_rdbms', 'activity_sql', 'technical_environment_home', 'prerequisite_techenv', 'documentation_programming', 'lecture_relational_model', 'lecture_db_integrity', 'activity_relational_model', 'activity_relational_model_correction', 'lecture_modeling_normalization', 'lecture_conceptual_modeling', 'lecture_modeling_normalization', 'lecture_conceptual_modeling', 'lecture_normalization', 'activity_conceptual_modeling', 'activity_conceptual_modeling_correction', 'activity_normalization', 'activity_normalization_correction', 'activity_decomposition', 'lecture_normalization', 'web_architecture_home', 'practice_spring_2tiers_ext', 'web_architecture_home', 'lecture_normalization', 'activity_decomposition', 'activity_normalization', 'activity_conceptual_modeling', 'activity_conceptual_modeling_correction', 'web_architecture_home', 'lecture_software_architecture', 'technical_environment_home', 'practice_docker', 'technical_environment_home', 'documentation_programming', 'web_architecture_home', 'documentation_docker', 'practice_docker_advanced', 'practice_docker', 'web_architecture_home', 'practice_spring_2tiers', 'practice_spring_2tiers_ext', 'lecture_software_architecture', 'practice_jpa', 'technical_environment_home', 'practice_spring', 'web_architecture_home', 'practice_spring_2tiers', 'practice_jpa', 'practice_spring_2tiers_ext', 'practice_sql', 'lecture_mvc_spring', 'lecture_jpa', 'practice_docker', 'web_architecture_home', 'practice_spring_2tiers', 'lecture_normalization']",14.25,success
2422,"['technical_environment_home', 'prerequisite_techenv', 'documentation_programming', 'documentation_docker', 'practice_docker', 'practice_docker_advanced', 'technical_environment_home', 'documentation_programming', 'inversion_of_control', 'spring_bean', 'practice_spring', 'practice_postgresql', 'practice_docker_advanced', 'practice_docker', 'documentation_docker', 'technical_environment_home', 'practice_postgresql', 'web_architecture_home', 'documentation_rdbms', 'documentation_si', 'lecture_technical_architecture', 'lecture_software_architecture', 'lecture_mvc_spring', 'lecture_jpa', 'practice_jpa', 'technical_environment_home', 'web_architecture_home', 'practice_jpa', 'practice_jpa_advanced', 'practice_spring_2tiers', 'lecture_dto', 'lecture_xml', 'lecture_validity', 'lecture_xpath', 'lecture_parser', 'lecture_jaxb', 'web_architecture_home', 'practice_jpa', 'practice_jpa_advanced', 'practice_spring_2tiers', 'practice_jpa_advanced', 'practice_spring_2tiers', 'technical_environment_home', 'practice_docker', 'documentation_docker', 'web_architecture_home', 'practice_jpa', 'lecture_xml', 'technical_environment_home', 'documentation_docker', 'lecture_technical_architecture', 'lecture_software_architecture', 'lecture_mvc_spring', 'lecture_jpa', 'practice_jpa', 'practice_spring_2tiers', 'lecture_relational_model', 'lecture_db_integrity', 'activity_relational_model', 'lecture_modeling_normalization', 'lecture_conceptual_modeling', 'web_architecture_home', 'lecture_xml', 'practice_xml', 'practice_schema_xml', 'practice_xpath', 'lecture_json', 'lecture_jaxb', 'practice_json', 'lecture_relational_model', 'lecture_db_integrity', 'activity_conceptual_modeling', 'activity_normalization', 'activity_decomposition', 'lecture_conceptual_modeling', 'lecture_normalization', 'activity_conceptual_modeling', 'activity_conceptual_modeling_correction', 'activity_sql', 'practice_sql', 'lecture_modeling_normalization', 'activity_normalization', 'activity_decomposition', 'activity_relational_model', 'practice_sql', 'practice_advanced_sql', 'web_architecture_home', 'lecture_dto', 'lecture_xml', 'lecture_dto', 'lecture_xml', 'practice_xml', 'lecture_json', 'lecture_parser', 'practice_jpa', 'web_architecture_home', 'prerequisite_archiweb', 'practice_spring_2tiers_ext', 'lecture_normalization']",9.3,failure
2423,"['technical_environment_home', 'prerequisite_techenv', 'documentation_docker', 'prerequisite_techenv', 'practice_docker', 'prerequisite_techenv', 'documentation_si', 'documentation_programming', 'practice_spring', 'inversion_of_control', 'web_architecture_home', 'documentation_programming', 'practice_spring', 'web_architecture_home', 'prerequisite_archiweb', 'practice_spring_2tiers', 'lecture_technical_architecture', 'technical_environment_home', 'practice_docker', 'practice_docker_advanced', 'practice_postgresql', 'practice_spring', 'web_architecture_home', 'prerequisite_archiweb', 'practice_spring_2tiers', 'technical_environment_home', 'prerequisite_techenv', 'practice_docker', 'web_architecture_home', 'prerequisite_archiweb', 'prerequisite_data', 'activity_relational_model', 'activity_relational_model_correction', 'lecture_independence_views', 'activity_sql', 'prerequisite_data', 'activity_conceptual_modeling', 'practice_sql', 'documentation_rdbms', 'technical_environment_home', 'documentation_si', 'practice_postgresql', 'prerequisite_data', 'activity_sql', 'lecture_transaction', 'prerequisite_data', 'web_architecture_home', 'prerequisite_archiweb', 'lecture_technical_architecture', 'lecture_software_architecture', 'lecture_mvc_spring', 'lecture_jpa', 'lecture_dto', 'lecture_validity', 'prerequisite_data', 'lecture_db_integrity', 'lecture_modeling_normalization', 'lecture_normalization', 'lecture_conceptual_modeling', 'activity_normalization', 'activity_normalization_correction', 'lecture_transaction', 'practice_transaction', 'practice_transaction_correction', 'technical_environment_home', 'documentation_programming', 'practice_spring', 'web_architecture_home', 'prerequisite_data', 'lecture_conceptual_modeling', 'prerequisite_archiweb', 'lecture_xml', 'practice_transaction', 'practice_transaction_correction', 'web_architecture_home', 'prerequisite_archiweb', 'practice_jpa_advanced', 'web_architecture_home']",10.56,failure
2425,"['technical_environment_home', 'documentation_programming', 'practice_spring', 'documentation_docker', 'practice_docker', 'technical_environment_home', 'practice_postgresql', 'web_architecture_home', 'lecture_relational_model', 'lecture_db_integrity', 'lecture_modeling_normalization', 'practice_docker', 'lecture_modeling_normalization', 'lecture_db_integrity', 'prerequisite_data', 'lecture_conceptual_modeling', 'lecture_normalization', 'activity_conceptual_modeling', 'lecture_modeling_normalization', 'practice_docker', 'lecture_normalization', 'activity_normalization', 'activity_normalization_correction', 'activity_decomposition', 'activity_decomposition_correction', 'practice_docker', 'web_architecture_home', 'prerequisite_archiweb', 'lecture_technical_architecture', 'lecture_software_architecture', 'practice_spring_2tiers', 'lecture_mvc_spring', 'practice_docker', 'web_architecture_home', 'practice_spring_2tiers', 'activity_sql', 'activity_sql_correction', 'practice_sql', 'documentation_rdbms', 'practice_docker', 'prerequisite_data', 'lecture_transaction', 'practice_transaction', 'documentation_rdbms', 'practice_transaction_correction', 'practice_docker', 'web_architecture_home', 'prerequisite_archiweb', 'lecture_dto', 'lecture_json', 'practice_json', 'lecture_dto', 'prerequisite_data', 'lecture_xml', 'lecture_validity', 'practice_xml', 'practice_docker', 'web_architecture_home', 'prerequisite_archiweb', 'lecture_jpa', 'practice_xml', 'lecture_validity', 'practice_jpa', 'prerequisite_archiweb', 'practice_jpa', 'practice_docker', 'technical_environment_home', 'documentation_docker', 'web_architecture_home', 'lecture_relational_model', 'lecture_db_integrity', 'lecture_modeling_normalization', 'lecture_db_tools', 'activity_relational_model', 'lecture_normalization', 'practice_docker', 'activity_normalization', 'lecture_jpa', 'practice_jpa', 'practice_docker', 'prerequisite_data', 'activity_conceptual_modeling_advanced', 'activity_conceptual_modeling', 'activity_conceptual_modeling_correction', 'practice_docker', 'web_architecture_home', 'prerequisite_archiweb', 'practice_jpa', 'practice_jpa_advanced', 'technical_environment_home', 'practice_docker', 'web_architecture_home', 'prerequisite_archiweb', 'practice_spring_2tiers_ext', 'technical_environment_home', 'practice_postgresql', 'practice_docker', 'web_architecture_home', 'prerequisite_archiweb', 'practice_jpa_advanced', 'practice_spring_2tiers_ext', 'practice_docker', 'technical_environment_home', 'web_architecture_home', 'lecture_normalization', 'practice_docker', 'prerequisite_data', 'lecture_modeling_normalization', 'lecture_conceptual_modeling', 'documentation_programming', 'spring_bean', 'practice_spring', 'web_architecture_home', 'lecture_software_architecture', 'prerequisite_data', 'practice_transaction', 'practice_jpa', 'practice_spring_2tiers', 'technical_environment_home', 'prerequisite_techenv', 'practice_docker', 'web_architecture_home', 'practice_spring_2tiers', 'lecture_normalization', 'lecture_independence_views', 'activity_conceptual_modeling', 'activity_normalization', 'activity_normalization_correction', 'practice_docker', 'lecture_relational_model', 'lecture_conceptual_modeling', 'lecture_normalization', 'practice_sql', 'practice_sql_correction', 'web_architecture_home', 'prerequisite_archiweb', 'lecture_jpa', 'practice_jpa', 'activity_normalization', 'lecture_conceptual_modeling', 'technical_environment_home']",15.81,success
2426,"['technical_environment_home', 'prerequisite_techenv', 'technical_environment_home', 'prerequisite_techenv', 'documentation_docker', 'documentation_programming', 'documentation_si', 'documentation_rdbms', 'practice_spring', 'technical_environment_home', 'prerequisite_techenv', 'documentation_programming', 'prerequisite_techenv', 'technical_environment_home', 'documentation_docker', 'practice_docker', 'practice_docker_advanced', 'documentation_programming', 'practice_spring', 'practice_postgresql', 'documentation_programming', 'practice_spring', 'spring_bean', 'practice_postgresql', 'web_architecture_home', 'prerequisite_archiweb', 'lecture_jpa', 'practice_jpa', 'prerequisite_archiweb', 'lecture_dto', 'lecture_xml', 'lecture_json', 'lecture_dto', 'lecture_xml', 'practice_xml', 'lecture_json', 'lecture_dto', 'practice_json', 'lecture_relational_model', 'lecture_db_integrity', 'lecture_relational_algebra', 'activity_relational_model', 'activity_relational_model_correction', 'activity_relational_model', 'lecture_modeling_normalization', 'lecture_conceptual_modeling', 'lecture_normalization', 'lecture_independence_views', 'activity_conceptual_modeling', 'activity_conceptual_modeling_correction', 'activity_conceptual_modeling_advanced', 'activity_conceptual_modeling_advanced_correction', 'activity_normalization', 'activity_normalization_correction', 'activity_decomposition', 'activity_decomposition_correction', 'practice_independence_views', 'activity_sql', 'activity_sql_correction', 'practice_sql', 'practice_sql_correction', 'practice_advanced_sql', 'practice_advanced_sql_correction', 'lecture_transaction', 'lecture_isolation', 'practice_transaction', 'practice_transaction_correction', 'practice_sql', 'practice_sql_correction', 'web_architecture_home', 'lecture_mvc_spring', 'practice_jpa_advanced', 'practice_spring_2tiers_ext', 'lecture_mvc_spring', 'practice_jpa', 'lecture_mvc_spring', 'practice_jpa']",10.29,failure
2427,"['technical_environment_home', 'prerequisite_techenv', 'practice_postgresql', 'prerequisite_techenv', 'documentation_docker', 'practice_docker', 'documentation_programming', 'practice_spring', 'documentation_si', 'technical_environment_home', 'documentation_docker', 'technical_environment_home', 'prerequisite_techenv', 'documentation_docker', 'practice_docker', 'technical_environment_home', 'prerequisite_techenv', 'practice_postgresql', 'prerequisite_data', 'lecture_db_integrity', 'activity_relational_model', 'activity_relational_model_correction', 'prerequisite_data', 'lecture_db_integrity', 'activity_relational_model', 'activity_relational_model_correction', 'lecture_modeling_normalization', 'lecture_conceptual_modeling', 'activity_conceptual_modeling', 'activity_conceptual_modeling_correction', 'lecture_normalization', 'activity_sql', 'activity_sql_correction', 'practice_sql', 'practice_sql_correction', 'prerequisite_data', 'practice_sql', 'web_architecture_home', 'prerequisite_archiweb', 'lecture_dto', 'prerequisite_data', 'lecture_normalization', 'activity_normalization', 'activity_normalization_correction', 'activity_decomposition', 'activity_decomposition_correction', 'web_architecture_home', 'prerequisite_archiweb', 'lecture_technical_architecture', 'lecture_software_architecture', 'lecture_mvc_spring', 'lecture_jpa', 'web_architecture_home', 'prerequisite_archiweb', 'practice_spring_2tiers', 'technical_environment_home', 'prerequisite_data', 'lecture_relational_model', 'lecture_db_integrity', 'activity_relational_model', 'lecture_modeling_normalization', 'lecture_transaction', 'practice_transaction', 'lecture_conceptual_modeling', 'activity_conceptual_modeling', 'activity_conceptual_modeling_correction', 'lecture_normalization', 'activity_normalization', 'activity_normalization_correction', 'web_architecture_home', 'prerequisite_archiweb', 'lecture_xml', 'lecture_validity', 'lecture_json', 'lecture_jpa', 'prerequisite_data', 'activity_conceptual_modeling', 'lecture_normalization', 'activity_normalization', 'lecture_conceptual_modeling', 'activity_decomposition', 'lecture_modeling_normalization', 'activity_conceptual_modeling', 'activity_conceptual_modeling_correction', 'web_architecture_home', 'prerequisite_archiweb', 'practice_jpa', 'technical_environment_home', 'prerequisite_data', 'lecture_conceptual_modeling', 'prerequisite_data', 'practice_sql', 'practice_transaction', 'practice_transaction_correction', 'practice_advanced_sql', 'web_architecture_home', 'prerequisite_archiweb', 'practice_spring_2tiers', 'lecture_technical_architecture', 'lecture_software_architecture', 'lecture_mvc_spring', 'prerequisite_data', 'lecture_conceptual_modeling', 'activity_conceptual_modeling', 'activity_conceptual_modeling_correction', 'activity_normalization', 'activity_normalization_correction', 'activity_decomposition', 'activity_decomposition_correction', 'technical_environment_home', 'web_architecture_home', 'lecture_normalization', 'technical_environment_home', 'prerequisite_techenv', 'practice_postgresql', 'documentation_programming', 'practice_spring', 'lecture_software_architecture', 'lecture_technical_architecture', 'lecture_mvc_spring', 'lecture_jpa', 'practice_jpa']",12.84,success
2429,"['technical_environment_home', 'documentation_docker', 'practice_docker', 'web_architecture_home', 'lecture_mvc_spring', 'lecture_jpa', 'practice_jpa', 'lecture_technical_architecture', 'lecture_software_architecture', 'lecture_mvc_spring', 'web_architecture_home', 'technical_environment_home', 'documentation_programming', 'practice_spring', 'technical_environment_home', 'documentation_programming', 'inversion_of_control', 'practice_spring', 'practice_postgresql', 'technical_environment_home', 'web_architecture_home', 'lecture_technical_architecture', 'prerequisite_data', 'prerequisite_archiweb', 'lecture_software_architecture', 'practice_spring_2tiers', 'web_architecture_home', 'prerequisite_archiweb', 'practice_spring_2tiers', 'practice_jpa', 'lecture_jpa', 'practice_jpa', 'web_architecture_home', 'prerequisite_archiweb', 'practice_spring_2tiers', 'practice_jpa', 'web_architecture_home', 'practice_jpa', 'practice_spring_2tiers', 'web_architecture_home', 'practice_spring_2tiers', 'lecture_dto', 'practice_xml', 'web_architecture_home', 'practice_xml', 'web_architecture_home', 'practice_xml', 'lecture_parser', 'lecture_xpath', 'lecture_validity', 'web_architecture_home', 'prerequisite_archiweb', 'practice_json', 'lecture_relational_model', 'prerequisite_data', 'web_architecture_home', 'activity_relational_model', 'activity_relational_model_correction', 'activity_conceptual_modeling', 'activity_conceptual_modeling_correction', 'lecture_normalization', 'activity_normalization', 'activity_normalization_correction', 'activity_sql', 'activity_sql_correction', 'lecture_transaction', 'practice_sql', 'practice_sql_correction', 'lecture_relational_model', 'lecture_db_integrity', 'activity_relational_model', 'activity_relational_model_correction', 'practice_transaction', 'web_architecture_home', 'practice_jpa', 'practice_jpa_advanced', 'practice_spring_2tiers', 'technical_environment_home', 'inversion_of_control', 'web_architecture_home', 'prerequisite_data', 'lecture_independence_views', 'lecture_modeling_normalization', 'prerequisite_archiweb', 'lecture_conceptual_modeling', 'activity_conceptual_modeling', 'activity_normalization', 'activity_decomposition', 'activity_decomposition_correction', 'web_architecture_home', 'practice_spring_2tiers_ext', 'web_architecture_home', 'technical_environment_home', 'web_architecture_home', 'practice_jpa_advanced', 'practice_spring_2tiers_ext', 'practice_spring_2tiers', 'technical_environment_home', 'practice_docker', 'documentation_rdbms', 'technical_environment_home', 'documentation_docker', 'web_architecture_home', 'practice_spring_2tiers_ext', 'practice_spring_2tiers', 'lecture_dto', 'lecture_xml', 'lecture_validity', 'practice_xml', 'lecture_json', 'lecture_mvc_spring', 'lecture_technical_architecture', 'lecture_relational_model', 'lecture_modeling_normalization', 'lecture_conceptual_modeling', 'lecture_normalization', 'activity_conceptual_modeling', 'lecture_normalization', 'web_architecture_home', 'lecture_json', 'activity_conceptual_modeling', 'lecture_normalization', 'lecture_conceptual_modeling', 'activity_normalization', 'activity_sql', 'practice_sql', 'web_architecture_home', 'lecture_mvc_spring', 'lecture_technical_architecture', 'lecture_xpath', 'lecture_technical_architecture', 'lecture_software_architecture', 'lecture_jpa', 'practice_jpa', 'lecture_modeling_normalization', 'activity_conceptual_modeling', 'activity_conceptual_modeling_correction', 'activity_conceptual_modeling_advanced', 'activity_normalization', 'activity_normalization_correction', 'activity_decomposition']",7.29,failure
2430,"['technical_environment_home', 'documentation_docker', 'practice_docker', 'practice_docker_advanced', 'documentation_si', 'technical_environment_home', 'documentation_si', 'practice_docker_advanced', 'practice_postgresql', 'documentation_programming', 'inversion_of_control', 'spring_bean', 'practice_spring', 'web_architecture_home', 'lecture_relational_model', 'lecture_db_integrity', 'lecture_relational_algebra', 'activity_relational_model', 'lecture_modeling_normalization', 'lecture_conceptual_modeling', 'activity_conceptual_modeling_advanced', 'prerequisite_archiweb', 'practice_jpa', 'web_architecture_home', 'lecture_technical_architecture', 'lecture_software_architecture', 'lecture_mvc_spring', 'practice_jpa', 'lecture_jpa', 'practice_jpa', 'technical_environment_home', 'web_architecture_home', 'practice_jpa', 'practice_jpa_advanced', 'practice_spring_2tiers', 'practice_spring_2tiers_ext', 'technical_environment_home', 'web_architecture_home', 'practice_jpa_advanced', 'practice_spring_2tiers', 'practice_spring_2tiers_ext', 'technical_environment_home', 'web_architecture_home', 'practice_spring_2tiers', 'practice_spring_2tiers_ext', 'practice_jpa_advanced', 'technical_environment_home', 'web_architecture_home', 'practice_jpa_advanced', 'practice_spring_2tiers', 'practice_jpa_advanced', 'practice_spring_2tiers', 'practice_spring_2tiers_ext', 'lecture_dto', 'lecture_xml', 'technical_environment_home', 'web_architecture_home', 'practice_spring_2tiers_ext', 'practice_jpa_advanced', 'lecture_technical_architecture', 'prerequisite_archiweb', 'prerequisite_data', 'practice_spring_2tiers', 'activity_relational_model', 'activity_conceptual_modeling', 'activity_normalization', 'lecture_validity', 'lecture_xml', 'lecture_xpath', 'lecture_parser', 'lecture_jaxb', 'practice_xml', 'practice_schema_xml', 'technical_environment_home', 'prerequisite_techenv', 'web_architecture_home', 'lecture_parser', 'lecture_jaxb', 'practice_xml', 'practice_schema_xml', 'lecture_json', 'practice_json', 'lecture_relational_model', 'lecture_db_integrity', 'lecture_relational_algebra', 'activity_relational_model', 'practice_postgresql', 'activity_conceptual_modeling', 'activity_conceptual_modeling_advanced', 'technical_environment_home', 'lecture_normalization', 'activity_conceptual_modeling', 'activity_normalization', 'activity_decomposition', 'activity_sql', 'practice_sql', 'practice_advanced_sql', 'lecture_transaction', 'lecture_relational_model', 'lecture_relational_algebra', 'lecture_db_integrity', 'lecture_conceptual_modeling', 'lecture_independence_views', 'technical_environment_home', 'lecture_relational_algebra', 'lecture_modeling_normalization', 'lecture_conceptual_modeling', 'lecture_normalization', 'lecture_independence_views', 'activity_conceptual_modeling', 'activity_conceptual_modeling_correction', 'activity_conceptual_modeling_advanced', 'activity_conceptual_modeling_advanced_correction', 'activity_normalization', 'activity_normalization_correction', 'activity_decomposition', 'activity_sql', 'practice_sql', 'practice_sql_correction', 'practice_advanced_sql', 'practice_advanced_sql_correction', 'technical_environment_home', 'web_architecture_home', 'lecture_normalization', 'technical_environment_home', 'lecture_normalization', 'lecture_independence_views', 'technical_environment_home', 'documentation_programming', 'practice_spring', 'documentation_si', 'documentation_rdbms', 'practice_postgresql', 'lecture_modeling_normalization', 'lecture_conceptual_modeling', 'activity_conceptual_modeling', 'activity_conceptual_modeling_correction', 'technical_environment_home', 'lecture_conceptual_modeling', 'lecture_normalization', 'activity_conceptual_modeling', 'activity_conceptual_modeling_correction', 'technical_environment_home', 'documentation_programming', 'spring_bean', 'web_architecture_home', 'prerequisite_archiweb', 'lecture_validity', 'practice_jpa', 'lecture_dto', 'lecture_xml', 'lecture_xpath', 'lecture_parser', 'lecture_jaxb', 'lecture_parser', 'lecture_jaxb', 'practice_xml', 'practice_schema_xml', 'practice_xpath', 'practice_apis', 'lecture_json', 'practice_json', 'lecture_jpa', 'practice_jpa_advanced', 'practice_spring_2tiers', 'practice_spring_2tiers_ext']",13.61,success
2431,"['technical_environment_home', 'prerequisite_techenv', 'documentation_programming', 'documentation_docker', 'practice_docker', 'practice_postgresql', 'documentation_rdbms', 'documentation_si', 'technical_environment_home', 'prerequisite_techenv', 'documentation_programming', 'practice_spring', 'documentation_rdbms', 'documentation_si', 'inversion_of_control', 'spring_bean', 'practice_docker_advanced', 'practice_docker', 'prerequisite_data', 'lecture_relational_model', 'lecture_db_integrity', 'web_architecture_home', 'activity_sql', 'lecture_relational_algebra', 'activity_sql', 'activity_sql_correction', 'practice_sql', 'technical_environment_home', 'prerequisite_techenv', 'practice_docker', 'practice_sql_correction', 'prerequisite_data', 'practice_sql', 'activity_sql', 'activity_sql_correction', 'practice_sql_correction', 'activity_relational_model', 'lecture_transaction', 'lecture_db_integrity', 'lecture_isolation', 'practice_transaction', 'practice_transaction_correction', 'prerequisite_data', 'activity_relational_model', 'activity_relational_model_correction', 'web_architecture_home', 'prerequisite_archiweb', 'activity_conceptual_modeling', 'lecture_normalization', 'activity_normalization', 'activity_normalization_correction', 'web_architecture_home', 'prerequisite_archiweb', 'lecture_technical_architecture', 'lecture_dto', 'lecture_json', 'practice_json', 'web_architecture_home', 'prerequisite_archiweb', 'practice_json', 'technical_environment_home', 'prerequisite_techenv', 'practice_spring', 'lecture_xml', 'lecture_validity', 'practice_xml', 'lecture_software_architecture', 'lecture_mvc_spring', 'web_architecture_home', 'prerequisite_archiweb', 'lecture_jpa', 'prerequisite_data', 'activity_decomposition', 'web_architecture_home', 'prerequisite_archiweb', 'practice_jpa', 'practice_spring_2tiers', 'activity_conceptual_modeling', 'web_architecture_home', 'prerequisite_data', 'practice_sql', 'practice_sql_correction', 'activity_sql', 'activity_sql_correction', 'activity_normalization', 'activity_decomposition', 'activity_normalization_correction', 'activity_decomposition_correction', 'prerequisite_archiweb', 'practice_json', 'practice_spring_2tiers', 'lecture_xml', 'practice_jpa', 'practice_spring_2tiers', 'practice_jpa_advanced', 'web_architecture_home', 'prerequisite_archiweb', 'prerequisite_data', 'practice_jpa_advanced', 'practice_jpa', 'web_architecture_home', 'prerequisite_archiweb', 'practice_jpa_advanced', 'practice_spring_2tiers_ext', 'practice_spring_2tiers', 'web_architecture_home', 'prerequisite_data', 'lecture_normalization', 'activity_normalization', 'activity_decomposition', 'activity_decomposition_correction', 'activity_conceptual_modeling', 'activity_conceptual_modeling_correction']",10.09,failure
2432,"['technical_environment_home', 'documentation_docker', 'practice_docker', 'practice_docker_advanced', 'technical_environment_home', 'practice_docker', 'practice_postgresql', 'practice_spring', 'documentation_programming', 'inversion_of_control', 'spring_bean', 'inversion_of_control', 'spring_bean', 'web_architecture_home', 'documentation_docker', 'lecture_relational_model', 'lecture_db_integrity', 'activity_relational_model', 'activity_conceptual_modeling', 'activity_relational_model', 'activity_conceptual_modeling_advanced', 'activity_relational_model_correction', 'lecture_modeling_normalization', 'lecture_normalization', 'lecture_conceptual_modeling', 'lecture_modeling_normalization', 'lecture_conceptual_modeling', 'lecture_normalization', 'activity_conceptual_modeling', 'activity_conceptual_modeling_advanced', 'activity_normalization', 'practice_sql', 'practice_independence_views', 'activity_sql', 'activity_sql_correction', 'practice_sql_correction', 'practice_advanced_sql', 'web_architecture_home', 'lecture_technical_architecture', 'lecture_isolation', 'lecture_transaction', 'practice_advanced_sql', 'practice_transaction', 'practice_transaction_correction', 'lecture_software_architecture', 'lecture_mvc_spring', 'lecture_jpa', 'practice_jpa', 'practice_spring_2tiers', 'web_architecture_home', 'practice_jpa', 'practice_spring_2tiers', 'lecture_dto', 'technical_environment_home', 'practice_docker', 'practice_spring', 'web_architecture_home', 'practice_spring_2tiers', 'web_architecture_home', 'prerequisite_archiweb', 'web_architecture_home', 'practice_jpa', 'practice_jpa_advanced', 'lecture_relational_model', 'activity_relational_model', 'activity_conceptual_modeling', 'activity_conceptual_modeling_correction', 'activity_conceptual_modeling_advanced', 'activity_normalization', 'practice_sql', 'web_architecture_home', 'lecture_technical_architecture', 'lecture_software_architecture', 'lecture_jpa', 'practice_jpa', 'practice_jpa_advanced', 'technical_environment_home', 'documentation_docker', 'documentation_si', 'practice_postgresql', 'documentation_rdbms', 'practice_docker', 'practice_sql', 'activity_sql', 'lecture_relational_model', 'activity_conceptual_modeling', 'technical_environment_home', 'documentation_docker', 'practice_docker', 'web_architecture_home', 'technical_environment_home', 'documentation_docker', 'practice_docker', 'practice_docker_advanced', 'documentation_programming', 'inversion_of_control', 'spring_bean', 'practice_spring', 'web_architecture_home', 'lecture_mvc_spring', 'lecture_jpa', 'practice_jpa', 'practice_spring_2tiers', 'practice_json', 'practice_jpa_advanced', 'practice_spring_2tiers', 'technical_environment_home', 'lecture_normalization', 'web_architecture_home', 'lecture_normalization']",8.42,failure
2433,"['technical_environment_home', 'prerequisite_techenv', 'documentation_docker', 'practice_docker', 'documentation_docker', 'practice_docker_advanced', 'technical_environment_home', 'practice_docker_advanced', 'documentation_docker', 'practice_docker', 'practice_docker_advanced', 'technical_environment_home', 'documentation_si', 'practice_postgresql', 'documentation_programming', 'practice_spring', 'web_architecture_home', 'lecture_dto', 'lecture_relational_model', 'lecture_db_integrity', 'lecture_relational_algebra', 'activity_relational_model', 'activity_relational_model_correction', 'lecture_modeling_normalization', 'lecture_conceptual_modeling', 'lecture_normalization', 'activity_conceptual_modeling', 'activity_conceptual_modeling_correction', 'activity_normalization', 'activity_normalization_correction', 'activity_decomposition', 'activity_decomposition_correction', 'activity_sql', 'activity_sql_correction', 'practice_sql', 'technical_environment_home', 'practice_spring', 'practice_postgresql', 'practice_sql', 'practice_advanced_sql', 'practice_advanced_sql_correction', 'lecture_transaction', 'practice_transaction', 'web_architecture_home', 'lecture_technical_architecture', 'lecture_software_architecture', 'lecture_mvc_spring', 'lecture_jpa', 'practice_jpa', 'technical_environment_home', 'prerequisite_techenv', 'practice_spring', 'web_architecture_home', 'practice_jpa', 'technical_environment_home', 'practice_spring', 'web_architecture_home', 'practice_jpa', 'practice_spring_2tiers', 'lecture_mvc_spring', 'web_architecture_home', 'practice_spring_2tiers', 'lecture_dto', 'lecture_xml', 'practice_xml', 'practice_advanced_sql', 'web_architecture_home', 'practice_jpa_advanced', 'technical_environment_home', 'practice_docker', 'technical_environment_home', 'documentation_docker']",7.39,failure
2434,"['web_architecture_home', 'technical_environment_home', 'prerequisite_techenv', 'technical_environment_home', 'documentation_docker', 'practice_docker', 'documentation_si', 'documentation_rdbms', 'technical_environment_home', 'documentation_docker', 'practice_docker', 'documentation_docker', 'practice_docker_advanced', 'documentation_rdbms', 'practice_postgresql', 'documentation_rdbms', 'practice_postgresql', 'documentation_programming', 'practice_spring', 'documentation_si', 'inversion_of_control', 'technical_environment_home', 'practice_spring', 'web_architecture_home', 'technical_environment_home', 'lecture_technical_architecture', 'technical_environment_home', 'web_architecture_home', 'lecture_technical_architecture', 'lecture_software_architecture', 'lecture_mvc_spring', 'lecture_jpa', 'practice_jpa', 'web_architecture_home', 'practice_jpa', 'web_architecture_home', 'practice_jpa', 'practice_jpa_advanced', 'practice_spring_2tiers', 'practice_spring_2tiers_ext', 'lecture_jaxb', 'lecture_dto', 'lecture_validity', 'practice_jpa', 'web_architecture_home', 'practice_jpa_advanced', 'practice_spring_2tiers', 'practice_spring_2tiers_ext', 'lecture_mvc_spring', 'web_architecture_home', 'practice_spring_2tiers', 'practice_jpa_advanced', 'practice_jpa', 'web_architecture_home', 'practice_spring_2tiers', 'web_architecture_home', 'practice_spring_2tiers', 'practice_spring_2tiers_ext', 'technical_environment_home', 'lecture_dto', 'lecture_xml', 'web_architecture_home', 'practice_spring_2tiers_ext', 'lecture_dto', 'lecture_xml', 'lecture_validity', 'practice_spring_2tiers', 'practice_jpa_advanced', 'practice_jpa', 'web_architecture_home', 'practice_spring_2tiers_ext', 'lecture_dto', 'lecture_xml', 'lecture_validity', 'lecture_xml', 'lecture_xpath', 'lecture_parser', 'lecture_jaxb', 'practice_xml', 'lecture_jaxb', 'lecture_software_architecture', 'web_architecture_home', 'lecture_jaxb', 'practice_xml', 'practice_schema_xml', 'practice_xpath', 'practice_apis', 'lecture_json', 'practice_json', 'lecture_relational_model', 'web_architecture_home', 'technical_environment_home', 'lecture_technical_architecture', 'lecture_software_architecture', 'lecture_relational_model', 'technical_environment_home', 'lecture_relational_model', 'lecture_transaction', 'practice_transaction', 'lecture_db_integrity', 'activity_relational_model', 'lecture_relational_algebra', 'web_architecture_home', 'prerequisite_archiweb', 'lecture_modeling_normalization', 'technical_environment_home', 'lecture_modeling_normalization', 'lecture_conceptual_modeling', 'lecture_modeling_normalization', 'lecture_relational_model', 'lecture_modeling_normalization', 'lecture_conceptual_modeling', 'lecture_normalization', 'activity_conceptual_modeling', 'activity_normalization', 'activity_decomposition', 'activity_sql', 'practice_sql', 'practice_advanced_sql', 'lecture_transaction', 'practice_transaction', 'practice_sql', 'documentation_rdbms', 'practice_sql', 'web_architecture_home', 'lecture_relational_model', 'lecture_db_integrity', 'activity_relational_model', 'lecture_modeling_normalization', 'lecture_conceptual_modeling', 'technical_environment_home', 'practice_postgresql', 'activity_sql', 'practice_sql', 'lecture_transaction', 'practice_transaction', 'activity_sql', 'web_architecture_home', 'lecture_software_architecture', 'practice_json', 'lecture_parser', 'lecture_mvc_spring', 'lecture_relational_model', 'lecture_db_integrity', 'activity_relational_model', 'lecture_db_integrity', 'activity_relational_model', 'practice_independence_views', 'activity_decomposition', 'lecture_modeling_normalization', 'lecture_normalization', 'lecture_conceptual_modeling', 'activity_conceptual_modeling', 'practice_advanced_sql', 'lecture_transaction', 'practice_sql', 'activity_sql', 'practice_transaction', 'technical_environment_home', 'practice_postgresql', 'web_architecture_home', 'technical_environment_home', 'documentation_docker', 'practice_docker', 'technical_environment_home', 'documentation_programming', 'spring_bean', 'practice_spring', 'web_architecture_home', 'lecture_transaction', 'lecture_jaxb', 'lecture_json', 'practice_json', 'lecture_xml', 'practice_xml', 'lecture_xml', 'practice_xml', 'practice_spring_2tiers', 'lecture_technical_architecture', 'lecture_software_architecture', 'web_architecture_home', 'practice_spring_2tiers', 'lecture_technical_architecture', 'lecture_software_architecture', 'web_architecture_home', 'practice_jpa', 'lecture_mvc_spring', 'lecture_jpa', 'practice_jpa_advanced', 'lecture_dto', 'lecture_xml', 'lecture_json']",8.07,failure
2435,"['technical_environment_home', 'documentation_docker', 'practice_docker', 'technical_environment_home', 'practice_docker', 'practice_docker_advanced', 'documentation_si', 'documentation_rdbms', 'practice_postgresql', 'documentation_programming', 'inversion_of_control', 'documentation_docker', 'practice_docker', 'documentation_si', 'technical_environment_home', 'documentation_docker', 'practice_docker_advanced', 'practice_docker', 'web_architecture_home', 'technical_environment_home', 'practice_postgresql', 'practice_docker', 'practice_docker_advanced', 'documentation_si', 'documentation_rdbms', 'documentation_docker', 'technical_environment_home', 'practice_postgresql', 'lecture_relational_model', 'lecture_db_tools', 'lecture_db_integrity', 'lecture_relational_algebra', 'activity_relational_model', 'activity_sql', 'lecture_modeling_normalization', 'practice_sql', 'practice_sql_correction', 'technical_environment_home', 'lecture_modeling_normalization', 'lecture_conceptual_modeling', 'lecture_modeling_normalization', 'lecture_conceptual_modeling', 'lecture_normalization', 'lecture_independence_views', 'activity_conceptual_modeling', 'activity_conceptual_modeling_advanced', 'activity_decomposition', 'practice_independence_views', 'activity_sql', 'practice_sql', 'lecture_transaction', 'web_architecture_home', 'prerequisite_archiweb', 'lecture_technical_architecture', 'lecture_software_architecture', 'lecture_mvc_spring', 'lecture_jpa', 'practice_spring_2tiers', 'practice_jpa', 'web_architecture_home', 'practice_jpa', 'lecture_jpa', 'lecture_mvc_spring', 'lecture_dto', 'lecture_jaxb', 'lecture_parser', 'lecture_json', 'practice_json', 'web_architecture_home', 'practice_sql', 'practice_sql_correction', 'practice_sql', 'practice_sql_correction', 'activity_sql', 'web_architecture_home', 'technical_environment_home', 'prerequisite_techenv', 'documentation_docker', 'documentation_programming', 'prerequisite_archiweb', 'lecture_technical_architecture', 'lecture_software_architecture', 'lecture_relational_model', 'practice_isolation', 'technical_environment_home', 'documentation_docker', 'practice_docker', 'documentation_programming', 'inversion_of_control', 'practice_spring', 'web_architecture_home', 'practice_spring_2tiers']",9.87,failure
2436,"['technical_environment_home', 'prerequisite_techenv', 'documentation_docker', 'practice_docker', 'technical_environment_home', 'prerequisite_techenv', 'documentation_programming', 'practice_spring', 'technical_environment_home', 'prerequisite_techenv', 'documentation_docker', 'practice_docker', 'technical_environment_home', 'prerequisite_techenv', 'practice_postgresql', 'documentation_rdbms', 'web_architecture_home', 'prerequisite_archiweb', 'practice_spring', 'lecture_technical_architecture', 'lecture_software_architecture', 'web_architecture_home', 'prerequisite_archiweb', 'lecture_mvc_spring', 'technical_environment_home', 'web_architecture_home', 'prerequisite_archiweb', 'lecture_dto', 'practice_json', 'lecture_xml', 'technical_environment_home', 'prerequisite_techenv', 'documentation_docker', 'practice_docker', 'technical_environment_home', 'prerequisite_techenv', 'practice_docker', 'web_architecture_home', 'prerequisite_archiweb', 'practice_jpa', 'practice_spring_2tiers', 'documentation_docker', 'practice_spring_2tiers', 'technical_environment_home', 'prerequisite_techenv', 'documentation_programming', 'inversion_of_control', 'prerequisite_techenv', 'prerequisite_data', 'lecture_relational_model', 'web_architecture_home', 'prerequisite_archiweb', 'lecture_software_architecture', 'lecture_jpa', 'practice_jpa', 'lecture_dto', 'prerequisite_archiweb', 'lecture_xml', 'lecture_json', 'web_architecture_home', 'prerequisite_data', 'activity_sql', 'lecture_relational_model', 'lecture_db_integrity', 'practice_spring_2tiers', 'lecture_mvc_spring', 'lecture_jpa', 'web_architecture_home', 'prerequisite_archiweb', 'prerequisite_data', 'lecture_relational_model', 'technical_environment_home', 'documentation_programming', 'web_architecture_home', 'practice_jpa', 'lecture_jpa', 'technical_environment_home', 'documentation_programming', 'inversion_of_control', 'practice_spring', 'documentation_si', 'documentation_rdbms', 'documentation_si', 'documentation_rdbms', 'practice_postgresql', 'documentation_docker', 'practice_docker', 'web_architecture_home', 'prerequisite_archiweb', 'lecture_mvc_spring', 'practice_spring_2tiers', 'lecture_software_architecture', 'practice_jpa', 'practice_spring_2tiers', 'technical_environment_home', 'prerequisite_data', 'lecture_relational_model', 'lecture_db_integrity', 'activity_relational_model', 'prerequisite_data', 'lecture_modeling_normalization', 'web_architecture_home', 'lecture_conceptual_modeling', 'lecture_normalization', 'prerequisite_data', 'activity_conceptual_modeling', 'activity_decomposition', 'lecture_modeling_normalization', 'activity_sql', 'practice_sql', 'practice_sql_correction', 'lecture_transaction', 'practice_jpa', 'web_architecture_home', 'lecture_technical_architecture', 'technical_environment_home', 'lecture_software_architecture', 'lecture_mvc_spring', 'lecture_jpa', 'lecture_dto', 'lecture_xml', 'lecture_json', 'web_architecture_home', 'practice_jpa', 'web_architecture_home', 'prerequisite_archiweb', 'practice_jpa', 'web_architecture_home', 'prerequisite_archiweb', 'practice_jpa', 'web_architecture_home', 'lecture_technical_architecture', 'lecture_software_architecture', 'technical_environment_home', 'documentation_si', 'documentation_rdbms', 'practice_postgresql', 'documentation_programming', 'inversion_of_control', 'spring_bean']",11.8,failure
2437,"['technical_environment_home', 'documentation_docker', 'practice_docker', 'practice_postgresql', 'practice_docker_advanced', 'technical_environment_home', 'practice_docker_advanced', 'practice_docker', 'documentation_si', 'documentation_rdbms', 'practice_postgresql', 'technical_environment_home', 'practice_docker', 'documentation_programming', 'inversion_of_control', 'spring_bean', 'inversion_of_control', 'practice_spring', 'technical_environment_home', 'web_architecture_home', 'lecture_technical_architecture', 'technical_environment_home', 'lecture_software_architecture', 'lecture_mvc_spring', 'lecture_jpa', 'practice_jpa', 'prerequisite_techenv', 'documentation_programming', 'web_architecture_home', 'lecture_technical_architecture', 'practice_docker', 'practice_jpa', 'technical_environment_home', 'practice_docker', 'web_architecture_home', 'practice_jpa', 'lecture_jpa', 'technical_environment_home', 'practice_docker', 'web_architecture_home', 'practice_jpa', 'lecture_dto', 'lecture_xml', 'practice_xml', 'practice_spring_2tiers', 'lecture_mvc_spring', 'lecture_jpa', 'practice_spring_2tiers', 'web_architecture_home', 'practice_jpa', 'web_architecture_home', 'practice_spring_2tiers', 'practice_jpa', 'lecture_relational_model', 'lecture_db_integrity', 'activity_relational_model', 'lecture_db_integrity', 'activity_relational_model', 'lecture_relational_model', 'lecture_modeling_normalization', 'lecture_conceptual_modeling', 'technical_environment_home', 'practice_spring', 'practice_postgresql', 'web_architecture_home', 'lecture_transaction', 'practice_transaction', 'technical_environment_home', 'practice_docker', 'web_architecture_home', 'lecture_technical_architecture', 'lecture_software_architecture', 'lecture_mvc_spring', 'lecture_jpa', 'practice_jpa', 'practice_spring_2tiers', 'practice_postgresql', 'web_architecture_home', 'lecture_mvc_spring', 'lecture_jpa', 'lecture_technical_architecture', 'technical_environment_home', 'web_architecture_home', 'practice_spring_2tiers', 'lecture_technical_architecture', 'lecture_software_architecture', 'practice_docker', 'web_architecture_home', 'lecture_normalization', 'technical_environment_home', 'web_architecture_home', 'documentation_programming', 'practice_spring', 'lecture_jpa', 'practice_jpa', 'practice_spring_2tiers', 'web_architecture_home', 'lecture_technical_architecture', 'lecture_software_architecture', 'web_architecture_home', 'lecture_mvc_spring', 'practice_spring_2tiers', 'lecture_technical_architecture', 'lecture_software_architecture', 'practice_jpa', 'lecture_jpa', 'technical_environment_home', 'documentation_docker', 'practice_docker', 'documentation_programming', 'practice_spring', 'practice_postgresql', 'practice_sql', 'activity_sql']",7.93,failure
2438,"['technical_environment_home', 'prerequisite_techenv', 'technical_environment_home', 'documentation_programming', 'practice_spring', 'documentation_docker', 'practice_docker', 'practice_postgresql', 'practice_docker', 'technical_environment_home', 'prerequisite_techenv', 'documentation_si', 'documentation_rdbms', 'practice_spring', 'technical_environment_home', 'web_architecture_home', 'prerequisite_archiweb', 'practice_json', 'technical_environment_home', 'web_architecture_home', 'prerequisite_archiweb', 'practice_json', 'lecture_json', 'lecture_software_architecture', 'lecture_mvc_spring', 'practice_spring_2tiers', 'web_architecture_home', 'prerequisite_archiweb', 'practice_spring_2tiers', 'web_architecture_home', 'prerequisite_archiweb', 'lecture_jpa', 'practice_jpa', 'technical_environment_home', 'prerequisite_techenv', 'web_architecture_home', 'prerequisite_archiweb', 'practice_jpa', 'lecture_jpa', 'prerequisite_data', 'web_architecture_home', 'prerequisite_archiweb', 'practice_jpa_advanced', 'practice_jpa', 'practice_spring_2tiers', 'activity_relational_model', 'activity_conceptual_modeling', 'lecture_conceptual_modeling', 'activity_normalization', 'activity_normalization_correction', 'activity_relational_model', 'activity_sql', 'practice_sql', 'technical_environment_home', 'web_architecture_home', 'prerequisite_archiweb', 'lecture_software_architecture', 'lecture_mvc_spring', 'practice_spring_2tiers', 'lecture_jpa', 'practice_spring_2tiers_ext', 'technical_environment_home', 'documentation_docker', 'practice_docker', 'practice_docker_advanced', 'documentation_programming', 'practice_spring', 'web_architecture_home', 'lecture_technical_architecture', 'lecture_software_architecture', 'lecture_mvc_spring', 'lecture_jpa', 'practice_jpa', 'prerequisite_data', 'lecture_conceptual_modeling', 'lecture_modeling_normalization', 'lecture_normalization', 'technical_environment_home', 'web_architecture_home', 'prerequisite_archiweb', 'lecture_dto', 'lecture_xml', 'practice_xml', 'lecture_json', 'practice_json', 'lecture_software_architecture', 'prerequisite_data', 'lecture_normalization', 'activity_conceptual_modeling', 'activity_normalization', 'activity_decomposition', 'prerequisite_archiweb', 'practice_jpa', 'web_architecture_home', 'prerequisite_archiweb', 'lecture_jpa', 'practice_jpa_advanced', 'practice_jpa', 'web_architecture_home', 'technical_environment_home', 'practice_docker', 'documentation_docker', 'documentation_si', 'documentation_programming', 'practice_spring', 'inversion_of_control', 'spring_bean', 'documentation_rdbms', 'practice_postgresql', 'lecture_relational_model', 'lecture_db_integrity', 'activity_relational_model', 'lecture_relational_algebra', 'activity_decomposition', 'activity_conceptual_modeling_advanced', 'activity_conceptual_modeling', 'lecture_independence_views', 'lecture_normalization']",17.43,success
2439,"['technical_environment_home', 'prerequisite_techenv', 'documentation_docker', 'web_architecture_home', 'technical_environment_home', 'documentation_docker', 'practice_docker', 'technical_environment_home', 'web_architecture_home', 'documentation_docker', 'practice_docker', 'practice_postgresql', 'practice_docker_advanced', 'technical_environment_home', 'prerequisite_techenv', 'documentation_programming', 'practice_spring', 'practice_docker', 'practice_spring', 'technical_environment_home', 'practice_spring', 'practice_docker', 'practice_spring', 'web_architecture_home', 'practice_spring', 'practice_postgresql', 'practice_spring', 'documentation_si', 'documentation_rdbms', 'practice_postgresql', 'technical_environment_home', 'practice_spring', 'lecture_relational_model', 'lecture_db_integrity', 'activity_relational_model', 'activity_relational_model_correction', 'lecture_modeling_normalization', 'lecture_conceptual_modeling', 'activity_conceptual_modeling', 'activity_conceptual_modeling_correction', 'lecture_normalization', 'activity_normalization', 'activity_normalization_correction', 'activity_decomposition', 'lecture_normalization', 'activity_normalization', 'activity_normalization_correction', 'activity_decomposition', 'activity_decomposition_correction', 'activity_sql', 'practice_sql', 'web_architecture_home', 'practice_sql_correction', 'lecture_transaction', 'practice_transaction', 'practice_transaction_correction', 'practice_transaction', 'lecture_technical_architecture', 'lecture_software_architecture', 'lecture_mvc_spring', 'web_architecture_home', 'lecture_technical_architecture', 'lecture_software_architecture', 'lecture_mvc_spring', 'lecture_dto', 'lecture_json', 'practice_json', 'lecture_xml', 'prerequisite_data', 'activity_sql', 'practice_transaction', 'lecture_transaction', 'activity_relational_model', 'prerequisite_data', 'lecture_normalization', 'web_architecture_home', 'lecture_technical_architecture', 'lecture_software_architecture', 'lecture_xml', 'lecture_normalization', 'web_architecture_home', 'lecture_mvc_spring', 'web_architecture_home', 'lecture_jpa', 'prerequisite_archiweb', 'practice_jpa_advanced', 'lecture_xpath', 'lecture_validity', 'technical_environment_home', 'prerequisite_techenv', 'documentation_si', 'documentation_rdbms', 'web_architecture_home', 'prerequisite_archiweb', 'practice_spring_2tiers', 'technical_environment_home', 'documentation_si', 'inversion_of_control', 'web_architecture_home', 'prerequisite_data', 'lecture_independence_views', 'prerequisite_data', 'activity_conceptual_modeling_advanced', 'web_architecture_home', 'practice_jpa_advanced', 'practice_spring_2tiers', 'lecture_normalization', 'lecture_conceptual_modeling', 'lecture_relational_model', 'activity_relational_model', 'activity_relational_model_correction', 'lecture_conceptual_modeling', 'lecture_modeling_normalization', 'lecture_normalization', 'lecture_conceptual_modeling', 'technical_environment_home', 'documentation_docker', 'technical_environment_home', 'web_architecture_home', 'lecture_technical_architecture', 'lecture_software_architecture', 'lecture_modeling_normalization', 'practice_docker', 'lecture_conceptual_modeling', 'lecture_relational_model', 'documentation_si', 'documentation_rdbms', 'lecture_mvc_spring', 'practice_spring', 'practice_postgresql', 'technical_environment_home', 'lecture_technical_architecture', 'lecture_db_integrity', 'lecture_normalization', 'prerequisite_techenv', 'documentation_docker', 'lecture_software_architecture', 'lecture_xml', 'lecture_validity', 'lecture_dto']",5.688,failure
2440,"['technical_environment_home', 'prerequisite_techenv', 'documentation_docker', 'practice_docker', 'technical_environment_home', 'prerequisite_techenv', 'documentation_programming', 'inversion_of_control', 'prerequisite_techenv', 'technical_environment_home', 'prerequisite_techenv', 'documentation_programming', 'technical_environment_home', 'practice_spring', 'technical_environment_home', 'prerequisite_techenv', 'practice_postgresql', 'practice_docker', 'practice_spring', 'technical_environment_home', 'prerequisite_techenv', 'practice_postgresql', 'practice_docker', 'technical_environment_home', 'prerequisite_techenv', 'practice_postgresql', 'web_architecture_home', 'prerequisite_archiweb', 'lecture_technical_architecture', 'lecture_software_architecture', 'lecture_mvc_spring', 'prerequisite_techenv', 'practice_spring', 'lecture_jpa', 'lecture_mvc_spring', 'lecture_jpa', 'practice_jpa', 'technical_environment_home', 'web_architecture_home', 'prerequisite_archiweb', 'lecture_technical_architecture', 'practice_jpa', 'practice_spring_2tiers', 'technical_environment_home', 'web_architecture_home', 'prerequisite_archiweb', 'practice_spring_2tiers', 'lecture_dto', 'lecture_xml', 'lecture_validity', 'practice_xml', 'lecture_xpath', 'practice_xml', 'lecture_xml', 'lecture_validity', 'web_architecture_home', 'prerequisite_archiweb', 'lecture_json', 'lecture_dto', 'practice_json', 'technical_environment_home', 'web_architecture_home', 'prerequisite_archiweb', 'practice_json', 'lecture_json', 'practice_xml', 'prerequisite_data', 'lecture_relational_model', 'lecture_db_integrity', 'activity_relational_model', 'technical_environment_home', 'activity_relational_model', 'activity_relational_model_correction', 'prerequisite_data', 'activity_relational_model', 'lecture_modeling_normalization', 'lecture_conceptual_modeling', 'activity_conceptual_modeling', 'activity_conceptual_modeling_correction', 'prerequisite_data', 'activity_conceptual_modeling', 'activity_conceptual_modeling_correction', 'lecture_conceptual_modeling', 'lecture_normalization', 'activity_normalization', 'activity_normalization_correction', 'activity_decomposition', 'web_architecture_home', 'prerequisite_data', 'activity_decomposition', 'prerequisite_archiweb', 'activity_decomposition_correction', 'technical_environment_home', 'prerequisite_data', 'activity_sql', 'activity_sql_correction', 'practice_sql', 'lecture_transaction', 'practice_transaction', 'practice_transaction_correction', 'technical_environment_home', 'practice_transaction', 'lecture_conceptual_modeling', 'activity_conceptual_modeling', 'lecture_normalization', 'activity_normalization', 'activity_normalization_correction', 'lecture_db_integrity', 'activity_relational_model', 'web_architecture_home', 'prerequisite_archiweb', 'lecture_json', 'practice_json', 'lecture_dto', 'lecture_xml', 'prerequisite_techenv', 'web_architecture_home', 'prerequisite_archiweb', 'lecture_technical_architecture', 'lecture_software_architecture', 'lecture_mvc_spring', 'lecture_jpa', 'practice_jpa', 'practice_spring_2tiers', 'lecture_dto', 'lecture_xml', 'lecture_validity', 'practice_xml', 'lecture_json', 'practice_json', 'prerequisite_data', 'lecture_relational_model', 'lecture_db_integrity', 'activity_relational_model', 'lecture_modeling_normalization', 'lecture_conceptual_modeling', 'activity_conceptual_modeling', 'activity_decomposition', 'activity_decomposition_correction', 'activity_sql', 'activity_sql_correction', 'practice_sql', 'lecture_transaction', 'practice_transaction', 'technical_environment_home', 'activity_sql', 'practice_xml', 'lecture_transaction', 'practice_transaction', 'lecture_mvc_spring', 'lecture_relational_algebra', 'technical_environment_home', 'prerequisite_techenv', 'documentation_si', 'inversion_of_control', 'web_architecture_home', 'spring_bean', 'documentation_rdbms', 'practice_docker_advanced', 'prerequisite_archiweb', 'practice_jpa_advanced', 'technical_environment_home', 'prerequisite_data', 'lecture_normalization', 'lecture_conceptual_modeling', 'lecture_independence_views', 'activity_conceptual_modeling', 'activity_conceptual_modeling_advanced', 'activity_normalization', 'activity_decomposition', 'lecture_relational_algebra', 'lecture_isolation', 'lecture_indexation', 'practice_isolation', 'practice_indexation', 'web_architecture_home', 'prerequisite_archiweb', 'practice_jpa_advanced', 'technical_environment_home', 'web_architecture_home', 'prerequisite_archiweb', 'practice_spring_2tiers_ext', 'web_architecture_home', 'prerequisite_archiweb', 'lecture_technical_architecture', 'lecture_software_architecture', 'practice_spring_2tiers', 'technical_environment_home', 'prerequisite_data', 'lecture_conceptual_modeling', 'lecture_modeling_normalization', 'lecture_normalization', 'activity_conceptual_modeling', 'activity_normalization', 'technical_environment_home']",10.96,failure
2441,"['technical_environment_home', 'documentation_docker', 'practice_docker', 'technical_environment_home', 'practice_docker', 'practice_postgresql', 'practice_spring', 'practice_postgresql', 'documentation_si', 'documentation_programming', 'inversion_of_control', 'spring_bean', 'web_architecture_home', 'lecture_technical_architecture', 'practice_spring_2tiers', 'web_architecture_home', 'lecture_technical_architecture', 'lecture_software_architecture', 'lecture_mvc_spring', 'practice_jpa', 'technical_environment_home', 'practice_docker', 'lecture_jpa', 'web_architecture_home', 'practice_jpa_advanced', 'web_architecture_home', 'practice_spring_2tiers', 'practice_jpa', 'practice_jpa_advanced', 'web_architecture_home', 'practice_spring_2tiers', 'lecture_dto', 'lecture_xml', 'practice_xml', 'lecture_jaxb', 'practice_jpa', 'web_architecture_home', 'practice_spring_2tiers', 'practice_jpa', 'lecture_xml', 'practice_xml', 'lecture_dto', 'lecture_json', 'activity_relational_model', 'activity_conceptual_modeling', 'practice_sql', 'practice_json', 'practice_apis', 'practice_json', 'practice_jpa', 'lecture_technical_architecture', 'practice_schema_xml', 'practice_json', 'web_architecture_home', 'practice_xml', 'lecture_json', 'practice_json', 'lecture_relational_model', 'lecture_db_integrity', 'activity_relational_model', 'lecture_modeling_normalization', 'lecture_conceptual_modeling', 'technical_environment_home', 'practice_sql', 'lecture_modeling_normalization', 'lecture_relational_model', 'technical_environment_home', 'web_architecture_home', 'lecture_technical_architecture', 'lecture_software_architecture', 'lecture_mvc_spring', 'web_architecture_home', 'practice_jpa', 'lecture_xml', 'lecture_dto', 'practice_xml', 'practice_json', 'practice_jpa', 'lecture_dto', 'practice_xml', 'activity_relational_model', 'activity_conceptual_modeling', 'activity_normalization', 'web_architecture_home', 'practice_spring_2tiers', 'practice_jpa', 'web_architecture_home', 'lecture_jpa', 'practice_spring_2tiers', 'lecture_normalization']",8.72,failure
2442,"['technical_environment_home', 'prerequisite_techenv', 'documentation_docker', 'practice_docker', 'practice_postgresql', 'documentation_programming', 'practice_spring', 'technical_environment_home', 'prerequisite_techenv', 'practice_spring', 'web_architecture_home', 'prerequisite_archiweb', 'lecture_technical_architecture', 'web_architecture_home', 'lecture_software_architecture', 'lecture_mvc_spring', 'practice_spring_2tiers', 'technical_environment_home', 'documentation_programming', 'practice_spring', 'practice_docker', 'web_architecture_home', 'prerequisite_archiweb', 'practice_spring_2tiers', 'technical_environment_home', 'prerequisite_techenv', 'practice_docker', 'web_architecture_home', 'prerequisite_archiweb', 'practice_spring_2tiers', 'lecture_jpa', 'practice_jpa', 'web_architecture_home', 'prerequisite_archiweb', 'practice_jpa', 'lecture_dto', 'lecture_xml', 'lecture_validity', 'practice_xml', 'web_architecture_home', 'prerequisite_archiweb', 'practice_xml', 'lecture_json', 'practice_json', 'lecture_dto', 'prerequisite_data', 'lecture_relational_model', 'lecture_db_integrity', 'activity_relational_model', 'web_architecture_home', 'prerequisite_archiweb', 'prerequisite_data', 'activity_relational_model', 'activity_relational_model_correction', 'lecture_modeling_normalization', 'lecture_conceptual_modeling', 'activity_conceptual_modeling', 'activity_conceptual_modeling_correction', 'lecture_normalization', 'activity_normalization', 'activity_normalization_correction', 'prerequisite_data', 'web_architecture_home', 'prerequisite_archiweb', 'activity_sql', 'technical_environment_home', 'practice_postgresql', 'activity_sql_correction', 'activity_conceptual_modeling', 'practice_jpa', 'practice_sql', 'practice_sql_correction', 'web_architecture_home', 'prerequisite_archiweb', 'lecture_technical_architecture', 'lecture_software_architecture', 'lecture_mvc_spring', 'lecture_jpa', 'lecture_xml', 'lecture_validity', 'lecture_json', 'practice_xml', 'prerequisite_data', 'lecture_relational_model', 'lecture_db_integrity', 'lecture_modeling_normalization', 'lecture_conceptual_modeling', 'lecture_normalization', 'activity_decomposition', 'activity_decomposition_correction', 'activity_sql', 'lecture_transaction', 'practice_transaction', 'activity_normalization', 'activity_normalization_correction', 'prerequisite_data', 'lecture_conceptual_modeling', 'practice_sql', 'practice_sql_correction', 'web_architecture_home', 'prerequisite_archiweb', 'prerequisite_data', 'activity_conceptual_modeling', 'lecture_conceptual_modeling', 'activity_conceptual_modeling_correction', 'practice_transaction', 'lecture_transaction', 'activity_sql', 'lecture_technical_architecture', 'lecture_modeling_normalization', 'technical_environment_home', 'lecture_independence_views', 'practice_independence_views', 'web_architecture_home', 'prerequisite_archiweb', 'prerequisite_data', 'practice_jpa_advanced', 'web_architecture_home', 'prerequisite_archiweb', 'practice_spring_2tiers_ext', 'technical_environment_home', 'prerequisite_data', 'lecture_normalization', 'activity_normalization', 'activity_decomposition', 'lecture_independence_views']",13.472,success
2443,"['technical_environment_home', 'documentation_docker', 'practice_docker', 'practice_docker_advanced', 'documentation_si', 'documentation_rdbms', 'practice_postgresql', 'documentation_programming', 'inversion_of_control', 'spring_bean', 'practice_spring', 'web_architecture_home', 'lecture_mvc_spring', 'lecture_transaction', 'technical_environment_home', 'web_architecture_home', 'lecture_technical_architecture', 'lecture_software_architecture', 'lecture_mvc_spring', 'technical_environment_home', 'practice_docker', 'technical_environment_home', 'practice_docker', 'web_architecture_home', 'lecture_relational_model', 'lecture_transaction', 'lecture_isolation', 'lecture_mvc_spring', 'lecture_jpa', 'practice_jpa', 'practice_spring', 'practice_spring_2tiers', 'web_architecture_home', 'practice_spring_2tiers', 'prerequisite_data', 'lecture_conceptual_modeling', 'lecture_normalization', 'lecture_conceptual_modeling', 'activity_conceptual_modeling', 'activity_conceptual_modeling_correction', 'lecture_normalization', 'activity_normalization', 'activity_normalization_correction', 'activity_normalization', 'activity_decomposition', 'activity_normalization_correction', 'activity_normalization', 'activity_decomposition', 'technical_environment_home', 'lecture_transaction', 'practice_transaction', 'technical_environment_home', 'documentation_programming', 'practice_spring', 'lecture_db_tools', 'web_architecture_home', 'lecture_xml', 'lecture_jaxb', 'practice_xml', 'lecture_json', 'technical_environment_home', 'web_architecture_home', 'prerequisite_archiweb', 'prerequisite_data', 'lecture_conceptual_modeling', 'activity_conceptual_modeling', 'lecture_normalization', 'activity_normalization', 'activity_normalization_correction', 'technical_environment_home', 'documentation_si', 'practice_postgresql', 'documentation_rdbms', 'prerequisite_data', 'lecture_conceptual_modeling', 'technical_environment_home', 'documentation_programming', 'inversion_of_control', 'prerequisite_techenv', 'documentation_docker', 'practice_spring', 'practice_docker', 'technical_environment_home', 'lecture_db_tools', 'activity_relational_model', 'activity_decomposition', 'activity_normalization', 'lecture_normalization', 'web_architecture_home', 'practice_jpa', 'practice_jpa_advanced', 'web_architecture_home', 'practice_spring_2tiers_ext', 'technical_environment_home', 'documentation_docker', 'practice_docker', 'technical_environment_home', 'documentation_docker', 'practice_docker', 'web_architecture_home', 'lecture_software_architecture', 'practice_spring_2tiers_ext', 'technical_environment_home', 'practice_docker_advanced', 'practice_docker', 'practice_docker_advanced', 'practice_docker', 'lecture_mvc_spring', 'lecture_normalization', 'activity_normalization', 'activity_decomposition', 'activity_normalization', 'activity_normalization_correction', 'lecture_conceptual_modeling', 'lecture_normalization']",12.74,success
2444,"['technical_environment_home', 'documentation_docker', 'practice_docker', 'practice_postgresql', 'documentation_programming', 'practice_spring', 'technical_environment_home', 'practice_spring', 'technical_environment_home', 'documentation_docker', 'practice_docker', 'documentation_si', 'documentation_rdbms', 'documentation_programming', 'inversion_of_control', 'spring_bean', 'practice_spring', 'practice_postgresql', 'technical_environment_home', 'web_architecture_home', 'technical_environment_home', 'lecture_relational_model', 'lecture_db_integrity', 'lecture_relational_algebra', 'activity_relational_model', 'lecture_modeling_normalization', 'lecture_conceptual_modeling', 'lecture_normalization', 'web_architecture_home', 'lecture_modeling_normalization', 'lecture_conceptual_modeling', 'lecture_normalization', 'activity_conceptual_modeling', 'activity_conceptual_modeling_correction', 'activity_conceptual_modeling', 'activity_normalization', 'activity_decomposition', 'activity_normalization', 'activity_sql', 'activity_decomposition', 'activity_sql', 'activity_sql_correction', 'practice_sql', 'web_architecture_home', 'practice_sql', 'technical_environment_home', 'practice_docker', 'practice_postgresql', 'activity_sql', 'practice_sql', 'prerequisite_data', 'lecture_normalization', 'activity_sql_correction', 'practice_sql_correction', 'lecture_transaction', 'practice_sql', 'lecture_transaction', 'practice_transaction', 'practice_transaction_correction', 'web_architecture_home', 'lecture_technical_architecture', 'technical_environment_home', 'web_architecture_home', 'lecture_technical_architecture', 'web_architecture_home', 'lecture_mvc_spring', 'lecture_technical_architecture', 'lecture_software_architecture', 'practice_jpa', 'lecture_jpa', 'web_architecture_home', 'lecture_jpa', 'lecture_mvc_spring', 'practice_jpa', 'lecture_technical_architecture', 'lecture_software_architecture', 'technical_environment_home', 'web_architecture_home', 'lecture_jpa', 'practice_jpa', 'technical_environment_home', 'practice_docker', 'documentation_programming', 'practice_spring', 'practice_spring_2tiers', 'lecture_mvc_spring', 'practice_jpa_advanced', 'technical_environment_home', 'lecture_normalization']",12.64,success
2445,"['technical_environment_home', 'prerequisite_techenv', 'technical_environment_home', 'web_architecture_home', 'documentation_docker', 'practice_docker', 'technical_environment_home', 'documentation_docker', 'practice_docker', 'practice_docker_advanced', 'documentation_si', 'documentation_rdbms', 'practice_postgresql', 'documentation_programming', 'inversion_of_control', 'spring_bean', 'practice_spring', 'technical_environment_home', 'practice_spring', 'documentation_programming', 'documentation_docker', 'web_architecture_home', 'lecture_relational_model', 'lecture_db_integrity', 'activity_relational_model', 'activity_relational_model_correction', 'lecture_normalization', 'activity_conceptual_modeling', 'activity_normalization', 'activity_sql', 'practice_sql', 'lecture_transaction', 'web_architecture_home', 'lecture_technical_architecture', 'lecture_software_architecture', 'lecture_mvc_spring', 'practice_jpa', 'web_architecture_home', 'lecture_jpa', 'web_architecture_home', 'practice_jpa', 'web_architecture_home', 'practice_jpa', 'web_architecture_home', 'practice_jpa', 'practice_spring_2tiers', 'lecture_dto', 'lecture_xml', 'practice_xml', 'lecture_normalization', 'lecture_conceptual_modeling', 'lecture_normalization', 'web_architecture_home', 'lecture_json', 'practice_json', 'practice_spring_2tiers', 'web_architecture_home', 'practice_jpa', 'web_architecture_home', 'prerequisite_archiweb', 'practice_spring_2tiers', 'practice_jpa', 'web_architecture_home', 'practice_spring_2tiers', 'web_architecture_home', 'practice_spring_2tiers', 'web_architecture_home', 'practice_spring_2tiers', 'web_architecture_home', 'practice_spring_2tiers', 'activity_normalization', 'activity_decomposition', 'lecture_normalization']",9.91,failure
2446,"['prerequisite_data', 'technical_environment_home', 'documentation_docker', 'practice_docker', 'practice_postgresql', 'practice_docker_advanced', 'practice_postgresql', 'documentation_programming', 'inversion_of_control', 'technical_environment_home', 'documentation_docker', 'practice_docker', 'documentation_programming', 'practice_spring', 'documentation_programming', 'practice_spring', 'inversion_of_control', 'spring_bean', 'web_architecture_home', 'lecture_technical_architecture', 'lecture_software_architecture', 'lecture_mvc_spring', 'lecture_technical_architecture', 'lecture_mvc_spring', 'lecture_jpa', 'practice_jpa', 'lecture_jpa', 'lecture_mvc_spring', 'web_architecture_home', 'prerequisite_archiweb', 'lecture_technical_architecture', 'lecture_software_architecture', 'practice_jpa', 'practice_spring_2tiers', 'technical_environment_home', 'web_architecture_home', 'technical_environment_home', 'practice_spring', 'lecture_technical_architecture', 'web_architecture_home', 'prerequisite_archiweb', 'lecture_technical_architecture', 'lecture_software_architecture', 'lecture_mvc_spring', 'lecture_jpa', 'technical_environment_home', 'web_architecture_home', 'practice_jpa', 'prerequisite_archiweb', 'lecture_mvc_spring', 'lecture_software_architecture', 'lecture_technical_architecture', 'practice_spring_2tiers', 'lecture_jpa', 'practice_jpa', 'web_architecture_home', 'practice_spring_2tiers', 'lecture_jpa', 'practice_jpa', 'web_architecture_home', 'practice_jpa', 'lecture_jpa', 'prerequisite_archiweb', 'lecture_dto', 'lecture_xml', 'lecture_validity', 'practice_xml', 'prerequisite_archiweb', 'practice_xml', 'lecture_json', 'practice_json', 'prerequisite_data', 'lecture_relational_model', 'lecture_db_integrity', 'activity_relational_model', 'web_architecture_home', 'prerequisite_data', 'lecture_relational_model', 'prerequisite_data', 'lecture_relational_model', 'activity_relational_model', 'activity_relational_model_correction', 'lecture_modeling_normalization', 'lecture_db_integrity', 'lecture_conceptual_modeling', 'activity_conceptual_modeling', 'prerequisite_data', 'activity_conceptual_modeling', 'activity_normalization', 'prerequisite_data', 'activity_normalization', 'lecture_conceptual_modeling', 'lecture_normalization', 'lecture_relational_model', 'lecture_db_integrity', 'lecture_relational_algebra', 'activity_relational_model', 'lecture_modeling_normalization', 'lecture_conceptual_modeling', 'lecture_normalization', 'activity_conceptual_modeling', 'activity_normalization', 'activity_decomposition', 'web_architecture_home', 'lecture_technical_architecture', 'lecture_software_architecture', 'lecture_mvc_spring', 'lecture_xml', 'lecture_dto', 'practice_xml', 'lecture_jpa', 'activity_sql', 'practice_sql', 'lecture_normalization', 'activity_sql', 'lecture_normalization', 'activity_sql', 'web_architecture_home', 'lecture_jpa', 'practice_jpa', 'lecture_mvc_spring', 'lecture_relational_model', 'lecture_conceptual_modeling', 'lecture_software_architecture', 'lecture_technical_architecture', 'activity_decomposition', 'practice_transaction', 'lecture_transaction', 'lecture_mvc_spring', 'lecture_transaction', 'practice_transaction', 'documentation_rdbms', 'practice_transaction_correction', 'prerequisite_data', 'activity_sql', 'technical_environment_home', 'activity_sql', 'activity_sql_correction', 'practice_sql', 'practice_sql_correction', 'lecture_conceptual_modeling', 'technical_environment_home', 'web_architecture_home', 'lecture_relational_model', 'lecture_db_integrity', 'activity_relational_model', 'lecture_modeling_normalization', 'lecture_normalization', 'lecture_conceptual_modeling', 'lecture_modeling_normalization', 'lecture_normalization']",10.56,failure
2447,"['technical_environment_home', 'documentation_docker', 'practice_docker', 'practice_docker_advanced', 'practice_postgresql', 'documentation_si', 'documentation_rdbms', 'lecture_relational_model', 'technical_environment_home', 'documentation_programming', 'practice_spring', 'web_architecture_home', 'practice_xml', 'lecture_validity', 'prerequisite_data', 'lecture_relational_model', 'lecture_modeling_normalization', 'lecture_conceptual_modeling', 'activity_conceptual_modeling', 'technical_environment_home', 'documentation_programming', 'practice_spring', 'technical_environment_home', 'prerequisite_techenv', 'documentation_rdbms', 'documentation_si', 'practice_postgresql']",12.7,success
2449,"['technical_environment_home', 'documentation_docker', 'documentation_programming', 'practice_docker', 'practice_docker_advanced', 'documentation_si', 'practice_postgresql', 'documentation_programming', 'inversion_of_control', 'practice_spring', 'documentation_si', 'web_architecture_home', 'lecture_relational_model', 'lecture_db_integrity', 'lecture_relational_algebra', 'lecture_relational_model', 'lecture_db_integrity', 'lecture_relational_algebra', 'activity_relational_model', 'lecture_modeling_normalization', 'lecture_conceptual_modeling', 'lecture_modeling_normalization', 'activity_sql', 'prerequisite_data', 'activity_conceptual_modeling', 'web_architecture_home', 'lecture_transaction', 'web_architecture_home', 'practice_spring_2tiers_ext', 'practice_spring_2tiers', 'technical_environment_home', 'practice_docker_advanced', 'documentation_programming', 'practice_spring', 'web_architecture_home', 'practice_jpa_advanced', 'practice_jpa', 'web_architecture_home', 'technical_environment_home', 'practice_postgresql', 'documentation_docker']",15.1,success
245,"['technical_environment_home', 'prerequisite_techenv', 'documentation_docker', 'practice_docker', 'documentation_programming', 'practice_spring', 'technical_environment_home', 'practice_spring', 'technical_environment_home', 'prerequisite_techenv', 'documentation_programming', 'practice_spring', 'practice_postgresql', 'practice_docker', 'prerequisite_data', 'lecture_relational_model', 'lecture_db_integrity', 'activity_sql', 'lecture_relational_algebra', 'activity_sql', 'activity_sql_correction', 'practice_sql', 'practice_postgresql', 'practice_sql', 'prerequisite_data', 'activity_sql', 'lecture_db_integrity', 'practice_sql_correction', 'lecture_modeling_normalization', 'lecture_conceptual_modeling', 'lecture_normalization', 'activity_conceptual_modeling', 'lecture_relational_model', 'lecture_db_integrity', 'lecture_relational_model', 'lecture_db_integrity', 'lecture_modeling_normalization', 'lecture_conceptual_modeling', 'lecture_normalization', 'activity_normalization', 'activity_conceptual_modeling_correction', 'activity_conceptual_modeling', 'activity_normalization', 'lecture_normalization', 'activity_normalization_correction', 'activity_decomposition', 'activity_decomposition_correction', 'lecture_transaction', 'practice_transaction', 'practice_transaction_correction', 'prerequisite_data', 'practice_transaction', 'web_architecture_home', 'prerequisite_archiweb', 'lecture_technical_architecture', 'lecture_software_architecture', 'lecture_mvc_spring', 'practice_spring_2tiers', 'prerequisite_archiweb', 'lecture_mvc_spring', 'practice_spring_2tiers', 'lecture_mvc_spring', 'prerequisite_archiweb', 'lecture_dto', 'lecture_xml', 'lecture_validity', 'practice_xml', 'web_architecture_home', 'prerequisite_archiweb', 'practice_xml', 'web_architecture_home', 'prerequisite_data', 'lecture_relational_model', 'lecture_db_integrity', 'lecture_modeling_normalization', 'lecture_conceptual_modeling', 'lecture_normalization', 'lecture_transaction', 'lecture_technical_architecture', 'lecture_mvc_spring', 'lecture_jpa', 'lecture_dto', 'lecture_json', 'practice_json', 'lecture_xml', 'lecture_validity', 'lecture_conceptual_modeling', 'activity_conceptual_modeling', 'prerequisite_data', 'lecture_independence_views', 'lecture_relational_algebra', 'activity_conceptual_modeling_advanced', 'activity_conceptual_modeling', 'activity_normalization', 'practice_independence_views', 'lecture_relational_model', 'practice_transaction', 'prerequisite_data', 'practice_transaction', 'practice_independence_views', 'web_architecture_home', 'prerequisite_archiweb', 'practice_jpa_advanced', 'practice_jpa', 'web_architecture_home', 'practice_spring_2tiers_ext', 'prerequisite_data', 'activity_relational_model', 'lecture_relational_model', 'lecture_db_integrity', 'lecture_modeling_normalization', 'lecture_conceptual_modeling', 'lecture_normalization', 'activity_conceptual_modeling', 'activity_normalization', 'prerequisite_data', 'lecture_normalization', 'activity_normalization']",10.5,failure
246,"['technical_environment_home', 'prerequisite_techenv', 'web_architecture_home', 'technical_environment_home', 'prerequisite_techenv', 'documentation_programming', 'practice_spring', 'documentation_docker', 'practice_docker', 'practice_postgresql', 'technical_environment_home', 'documentation_docker', 'practice_docker', 'practice_postgresql', 'documentation_programming', 'documentation_si', 'documentation_rdbms', 'inversion_of_control', 'web_architecture_home', 'prerequisite_archiweb', 'lecture_technical_architecture', 'lecture_software_architecture', 'lecture_mvc_spring', 'technical_environment_home', 'web_architecture_home', 'lecture_technical_architecture', 'lecture_mvc_spring', 'prerequisite_data', 'web_architecture_home', 'prerequisite_archiweb', 'lecture_relational_model', 'lecture_modeling_normalization', 'lecture_conceptual_modeling', 'web_architecture_home', 'lecture_mvc_spring', 'practice_jpa', 'activity_sql', 'prerequisite_data', 'activity_conceptual_modeling', 'lecture_normalization', 'lecture_conceptual_modeling', 'activity_conceptual_modeling_correction', 'lecture_relational_model', 'prerequisite_data', 'activity_conceptual_modeling_advanced', 'lecture_normalization', 'web_architecture_home', 'practice_spring_2tiers', 'lecture_mvc_spring', 'lecture_jpa', 'practice_jpa', 'activity_conceptual_modeling', 'prerequisite_data', 'practice_sql', 'activity_normalization', 'activity_conceptual_modeling_correction', 'activity_decomposition', 'activity_decomposition_correction', 'web_architecture_home', 'prerequisite_archiweb', 'lecture_mvc_spring', 'practice_spring_2tiers', 'practice_jpa', 'lecture_software_architecture', 'lecture_technical_architecture', 'web_architecture_home', 'prerequisite_archiweb', 'practice_spring_2tiers', 'lecture_jpa', 'practice_jpa', 'lecture_dto', 'lecture_xml', 'practice_xml', 'lecture_jaxb', 'lecture_json', 'prerequisite_data', 'activity_sql', 'lecture_relational_algebra', 'practice_sql', 'activity_sql_correction', 'web_architecture_home', 'prerequisite_archiweb', 'lecture_mvc_spring', 'lecture_jpa', 'practice_jpa', 'activity_normalization', 'activity_normalization_correction', 'practice_spring_2tiers_ext', 'prerequisite_data', 'activity_sql', 'practice_sql', 'practice_sql_correction', 'lecture_transaction', 'web_architecture_home', 'prerequisite_archiweb', 'practice_transaction', 'practice_transaction_correction', 'web_architecture_home', 'prerequisite_data', 'practice_transaction', 'activity_decomposition', 'activity_decomposition_correction', 'practice_transaction_correction', 'lecture_db_integrity', 'activity_relational_model', 'prerequisite_archiweb', 'lecture_dto', 'lecture_json', 'practice_json', 'lecture_mvc_spring', 'lecture_jpa', 'practice_spring_2tiers', 'lecture_xml', 'lecture_validity', 'practice_xml', 'web_architecture_home', 'prerequisite_archiweb', 'lecture_xml', 'lecture_validity', 'practice_xml', 'prerequisite_data', 'lecture_jpa', 'practice_jpa', 'web_architecture_home', 'prerequisite_archiweb', 'practice_jpa', 'lecture_conceptual_modeling', 'lecture_normalization', 'activity_conceptual_modeling', 'activity_conceptual_modeling_correction', 'activity_normalization', 'activity_normalization_correction', 'web_architecture_home', 'activity_conceptual_modeling_advanced', 'technical_environment_home', 'prerequisite_archiweb', 'practice_jpa_advanced', 'prerequisite_data', 'activity_conceptual_modeling', 'activity_conceptual_modeling_correction', 'activity_conceptual_modeling_advanced_correction', 'web_architecture_home', 'prerequisite_archiweb', 'practice_jpa_advanced', 'prerequisite_data', 'activity_conceptual_modeling_advanced', 'technical_environment_home', 'activity_sql', 'practice_sql', 'practice_sql_correction', 'activity_conceptual_modeling', 'activity_normalization', 'lecture_normalization', 'activity_decomposition', 'lecture_conceptual_modeling', 'lecture_modeling_normalization', 'web_architecture_home', 'lecture_conceptual_modeling', 'lecture_normalization', 'activity_conceptual_modeling', 'activity_normalization', 'activity_normalization_correction']",17.99,success
247,"['technical_environment_home', 'documentation_docker', 'practice_docker', 'practice_postgresql', 'practice_docker_advanced', 'documentation_si', 'documentation_rdbms', 'documentation_programming', 'technical_environment_home', 'practice_postgresql', 'documentation_programming', 'inversion_of_control', 'spring_bean', 'practice_spring', 'technical_environment_home', 'web_architecture_home', 'lecture_technical_architecture', 'lecture_software_architecture', 'lecture_mvc_spring', 'lecture_jpa', 'practice_jpa_advanced', 'lecture_jpa', 'practice_jpa', 'web_architecture_home', 'practice_jpa', 'web_architecture_home', 'practice_jpa', 'practice_jpa_advanced', 'practice_spring_2tiers', 'practice_spring_2tiers_ext', 'lecture_technical_architecture', 'lecture_software_architecture', 'lecture_mvc_spring', 'lecture_jpa', 'web_architecture_home', 'practice_jpa', 'lecture_jpa', 'lecture_mvc_spring', 'lecture_software_architecture', 'practice_jpa_advanced', 'web_architecture_home', 'practice_jpa_advanced', 'practice_spring_2tiers', 'practice_jpa', 'web_architecture_home', 'practice_spring_2tiers', 'practice_jpa', 'lecture_jpa', 'activity_sql', 'lecture_relational_model', 'lecture_db_integrity', 'lecture_relational_algebra', 'activity_relational_model', 'lecture_modeling_normalization', 'lecture_conceptual_modeling', 'lecture_normalization', 'lecture_independence_views', 'activity_conceptual_modeling', 'lecture_independence_views', 'activity_conceptual_modeling', 'activity_normalization', 'activity_decomposition', 'practice_independence_views', 'practice_sql', 'practice_sql_correction', 'practice_advanced_sql', 'lecture_transaction', 'practice_transaction', 'practice_advanced_sql', 'activity_normalization', 'activity_sql', 'lecture_modeling_normalization', 'lecture_conceptual_modeling', 'lecture_normalization', 'lecture_independence_views', 'activity_conceptual_modeling', 'activity_decomposition', 'practice_independence_views', 'practice_advanced_sql_correction', 'practice_advanced_sql', 'lecture_transaction', 'lecture_isolation', 'lecture_indexation', 'practice_transaction', 'lecture_relational_model', 'lecture_db_integrity', 'lecture_relational_algebra', 'activity_relational_model', 'practice_transaction_correction', 'activity_conceptual_modeling_advanced', 'activity_conceptual_modeling', 'activity_conceptual_modeling_correction', 'technical_environment_home', 'practice_sql', 'lecture_transaction', 'practice_transaction', 'lecture_relational_model', 'lecture_db_integrity', 'lecture_relational_algebra', 'activity_relational_model', 'activity_relational_model_correction', 'lecture_modeling_normalization', 'web_architecture_home', 'lecture_software_architecture', 'lecture_technical_architecture', 'lecture_mvc_spring', 'lecture_jpa', 'practice_jpa', 'lecture_conceptual_modeling', 'lecture_software_architecture', 'web_architecture_home', 'lecture_technical_architecture', 'lecture_software_architecture', 'technical_environment_home', 'documentation_docker', 'practice_docker', 'practice_docker_advanced', 'documentation_rdbms', 'practice_postgresql', 'documentation_si', 'documentation_programming', 'inversion_of_control', 'spring_bean', 'practice_spring', 'lecture_jpa', 'lecture_mvc_spring', 'lecture_relational_model', 'activity_relational_model', 'lecture_conceptual_modeling', 'activity_conceptual_modeling', 'activity_conceptual_modeling_advanced', 'activity_normalization', 'lecture_normalization', 'lecture_db_integrity', 'lecture_modeling_normalization', 'activity_normalization_correction', 'activity_conceptual_modeling_correction', 'activity_decomposition', 'activity_sql', 'practice_sql', 'lecture_transaction', 'practice_transaction', 'web_architecture_home', 'practice_spring_2tiers', 'activity_conceptual_modeling_advanced_correction', 'practice_independence_views', 'practice_independence_views_correction', 'lecture_conceptual_modeling', 'activity_sql_correction', 'lecture_xml', 'lecture_json', 'practice_json', 'practice_xml', 'lecture_technical_architecture', 'lecture_software_architecture', 'practice_jpa', 'lecture_db_integrity', 'activity_relational_model', 'lecture_normalization', 'lecture_conceptual_modeling', 'practice_sql', 'activity_normalization_correction', 'lecture_db_integrity', 'web_architecture_home', 'lecture_software_architecture', 'practice_spring_2tiers', 'practice_jpa', 'lecture_transaction', 'activity_normalization_correction', 'practice_jpa_advanced', 'practice_spring_2tiers_ext', 'lecture_jpa', 'practice_jpa', 'lecture_relational_model', 'activity_relational_model', 'lecture_conceptual_modeling', 'lecture_modeling_normalization', 'activity_normalization_correction', 'lecture_conceptual_modeling', 'lecture_normalization', 'activity_conceptual_modeling', 'activity_normalization', 'activity_decomposition', 'lecture_relational_model', 'lecture_db_integrity', 'activity_relational_model', 'lecture_modeling_normalization', 'activity_conceptual_modeling_advanced', 'activity_conceptual_modeling_advanced_correction', 'activity_sql', 'practice_sql', 'practice_independence_views', 'web_architecture_home', 'practice_jpa_advanced', 'practice_spring_2tiers_ext', 'activity_normalization_correction', 'lecture_relational_model', 'lecture_db_integrity', 'activity_relational_model', 'lecture_modeling_normalization', 'lecture_conceptual_modeling', 'activity_normalization_correction', 'web_architecture_home', 'practice_spring_2tiers', 'practice_spring_2tiers_ext', 'lecture_xml', 'practice_jpa', 'technical_environment_home', 'activity_normalization_correction', 'lecture_relational_model', 'lecture_db_integrity', 'activity_relational_model', 'lecture_modeling_normalization', 'lecture_normalization', 'lecture_conceptual_modeling', 'activity_conceptual_modeling', 'activity_normalization', 'activity_decomposition', 'activity_normalization_correction']",10.21,failure
249,"['prerequisite_data', 'technical_environment_home', 'prerequisite_techenv', 'documentation_docker', 'practice_docker', 'documentation_programming', 'inversion_of_control', 'practice_spring', 'practice_postgresql', 'documentation_rdbms', 'web_architecture_home', 'prerequisite_archiweb', 'lecture_dto', 'lecture_xml', 'lecture_validity', 'practice_xml', 'lecture_dto', 'lecture_technical_architecture', 'lecture_software_architecture', 'lecture_mvc_spring', 'lecture_jpa', 'practice_jpa', 'web_architecture_home', 'lecture_technical_architecture', 'lecture_jpa', 'practice_jpa', 'technical_environment_home', 'practice_jpa', 'technical_environment_home', 'web_architecture_home', 'lecture_jpa', 'lecture_mvc_spring', 'lecture_jpa', 'lecture_mvc_spring', 'practice_jpa', 'practice_spring_2tiers', 'web_architecture_home', 'lecture_technical_architecture', 'lecture_software_architecture', 'lecture_mvc_spring', 'technical_environment_home', 'web_architecture_home', 'practice_xml', 'practice_spring_2tiers', 'web_architecture_home', 'technical_environment_home', 'web_architecture_home', 'lecture_xml', 'practice_xml', 'web_architecture_home', 'prerequisite_data', 'prerequisite_archiweb', 'practice_sql', 'web_architecture_home', 'lecture_dto', 'practice_xml', 'technical_environment_home', 'prerequisite_archiweb', 'lecture_validity', 'lecture_json', 'practice_xml', 'lecture_json', 'practice_json', 'lecture_relational_model', 'prerequisite_data', 'lecture_modeling_normalization', 'lecture_relational_model', 'lecture_transaction', 'practice_transaction', 'documentation_rdbms', 'practice_isolation', 'lecture_modeling_normalization', 'lecture_relational_model', 'activity_sql', 'practice_sql', 'practice_transaction', 'lecture_modeling_normalization', 'practice_transaction', 'technical_environment_home', 'web_architecture_home', 'prerequisite_data', 'lecture_relational_model', 'lecture_modeling_normalization', 'lecture_conceptual_modeling', 'activity_normalization', 'activity_conceptual_modeling', 'web_architecture_home', 'lecture_technical_architecture', 'lecture_relational_model', 'lecture_db_integrity', 'activity_relational_model', 'lecture_modeling_normalization', 'activity_relational_model', 'lecture_conceptual_modeling', 'lecture_normalization', 'practice_sql', 'practice_sql_correction', 'practice_sql', 'web_architecture_home', 'lecture_normalization', 'lecture_modeling_normalization', 'activity_conceptual_modeling', 'activity_conceptual_modeling_correction', 'lecture_conceptual_modeling', 'web_architecture_home', 'lecture_jpa', 'technical_environment_home', 'web_architecture_home', 'practice_jpa_advanced', 'technical_environment_home', 'practice_docker_advanced', 'web_architecture_home', 'practice_spring_2tiers_ext', 'prerequisite_data', 'lecture_normalization', 'lecture_conceptual_modeling', 'technical_environment_home', 'practice_docker', 'web_architecture_home', 'practice_postgresql', 'technical_environment_home', 'lecture_relational_model', 'lecture_modeling_normalization', 'lecture_normalization', 'lecture_conceptual_modeling', 'documentation_docker', 'practice_docker', 'technical_environment_home', 'documentation_programming', 'web_architecture_home', 'lecture_mvc_spring', 'lecture_jpa', 'practice_jpa', 'lecture_technical_architecture', 'lecture_software_architecture', 'technical_environment_home', 'documentation_si', 'documentation_rdbms', 'practice_postgresql']",15.25,success
2510,"['technical_environment_home', 'documentation_docker', 'practice_docker', 'practice_docker_advanced', 'practice_postgresql', 'documentation_programming', 'technical_environment_home', 'documentation_docker', 'practice_docker', 'practice_docker_advanced', 'documentation_rdbms', 'practice_postgresql', 'documentation_programming', 'inversion_of_control', 'spring_bean', 'practice_spring', 'web_architecture_home', 'practice_spring_2tiers', 'lecture_dto', 'lecture_software_architecture', 'lecture_mvc_spring', 'practice_spring_2tiers_ext', 'lecture_jpa', 'practice_jpa', 'practice_jpa_advanced', 'practice_jpa', 'practice_jpa_advanced', 'practice_spring_2tiers', 'technical_environment_home', 'inversion_of_control', 'documentation_programming', 'practice_spring', 'spring_bean', 'web_architecture_home', 'prerequisite_data_2025', 'lecture_relational_model', 'lecture_db_integrity', 'lecture_relational_algebra', 'activity_relational_model', 'lecture_modeling_normalization', 'lecture_conceptual_modeling', 'web_architecture_home', 'activity_conceptual_modeling', 'activity_conceptual_modeling_advanced', 'lecture_normalization', 'activity_normalization', 'lecture_normalization', 'technical_environment_home', 'practice_advanced_sql', 'lecture_transaction', 'practice_transaction', 'lecture_transaction', 'practice_transaction', 'lecture_indexation', 'practice_indexation', 'web_architecture_home', 'lecture_xml', 'lecture_json', 'practice_json', 'practice_apis', 'practice_xpath', 'lecture_jaxb', 'lecture_validity', 'technical_environment_home', 'web_architecture_home', 'practice_schema_xml', 'technical_environment_home', 'web_architecture_home', 'lecture_technical_architecture', 'lecture_software_architecture', 'lecture_mvc_spring', 'lecture_jpa', 'web_architecture_home', 'lecture_jpa', 'practice_jpa', 'technical_environment_home', 'documentation_programming', 'practice_spring', 'practice_spring_2tiers', 'technical_environment_home', 'practice_spring_2tiers', 'lecture_modeling_normalization', 'lecture_conceptual_modeling', 'activity_conceptual_modeling', 'lecture_normalization', 'activity_normalization', 'activity_decomposition', 'activity_conceptual_modeling_advanced', 'practice_independence_views', 'technical_environment_home', 'web_architecture_home', 'practice_spring_2tiers_ext', 'technical_environment_home', 'documentation_docker', 'documentation_rdbms', 'practice_docker_advanced', 'practice_docker', 'technical_environment_home', 'documentation_docker', 'practice_docker', 'practice_docker_advanced', 'documentation_programming', 'documentation_rdbms', 'practice_postgresql', 'spring_bean', 'practice_spring', 'lecture_relational_model', 'lecture_conceptual_modeling', 'activity_conceptual_modeling', 'lecture_modeling_normalization']",14.58,success
2511,"['technical_environment_home', 'prerequisite_techenv_2025', 'documentation_docker', 'practice_docker', 'web_architecture_home', 'lecture_relational_model', 'lecture_db_integrity', 'lecture_relational_algebra', 'activity_relational_model', 'technical_environment_home', 'documentation_rdbms', 'practice_postgresql', 'documentation_docker', 'practice_docker', 'practice_docker_advanced', 'technical_environment_home', 'practice_postgresql', 'practice_docker', 'documentation_rdbms', 'practice_docker_advanced', 'practice_spring', 'lecture_db_integrity', 'activity_relational_model', 'activity_relational_model_correction', 'web_architecture_home', 'activity_sql', 'activity_sql_correction', 'technical_environment_home', 'documentation_rdbms', 'practice_postgresql', 'practice_sql', 'practice_sql_correction', 'technical_environment_home', 'practice_spring', 'practice_postgresql', 'documentation_rdbms', 'web_architecture_home', 'prerequisite_data_2025', 'lecture_modeling_normalization', 'lecture_conceptual_modeling', 'activity_conceptual_modeling', 'activity_conceptual_modeling_correction', 'lecture_normalization', 'activity_decomposition', 'activity_normalization', 'activity_normalization_correction', 'lecture_transaction', 'practice_transaction', 'practice_transaction_correction', 'web_architecture_home', 'lecture_technical_architecture', 'lecture_software_architecture', 'lecture_dto', 'technical_environment_home', 'lecture_db_integrity', 'lecture_conceptual_modeling', 'activity_normalization', 'lecture_normalization', 'lecture_modeling_normalization', 'activity_sql', 'activity_conceptual_modeling', 'lecture_relational_model', 'web_architecture_home', 'lecture_technical_architecture', 'lecture_software_architecture', 'lecture_dto', 'lecture_mvc_spring', 'lecture_jpa', 'practice_jpa', 'practice_jpa_advanced', 'web_architecture_home', 'lecture_relational_model', 'lecture_db_integrity', 'activity_relational_model', 'lecture_modeling_normalization', 'lecture_conceptual_modeling', 'activity_normalization', 'lecture_normalization', 'activity_normalization_correction', 'web_architecture_home', 'technical_environment_home', 'practice_spring', 'documentation_programming', 'documentation_docker', 'practice_postgresql', 'lecture_mvc_spring', 'lecture_jpa', 'lecture_xml', 'lecture_json', 'practice_spring_2tiers', 'technical_environment_home', 'web_architecture_home', 'lecture_relational_model', 'lecture_db_integrity', 'lecture_normalization', 'activity_normalization', 'practice_jpa', 'web_architecture_home', 'practice_spring_2tiers_ext', 'lecture_dto', 'lecture_normalization', 'activity_conceptual_modeling', 'lecture_conceptual_modeling', 'technical_environment_home', 'documentation_programming', 'web_architecture_home', 'practice_spring_2tiers_ext', 'technical_environment_home', 'web_architecture_home', 'lecture_relational_model', 'lecture_db_integrity', 'lecture_modeling_normalization', 'lecture_conceptual_modeling', 'technical_environment_home']",12.98,success
2512,"['technical_environment_home', 'prerequisite_techenv_2025', 'technical_environment_home', 'prerequisite_techenv_2025', 'documentation_docker', 'practice_docker', 'practice_postgresql', 'documentation_programming', 'practice_spring', 'technical_environment_home', 'documentation_programming', 'lecture_relational_model', 'lecture_db_integrity', 'activity_relational_model', 'activity_relational_model_correction', 'lecture_modeling_normalization', 'lecture_conceptual_modeling', 'activity_conceptual_modeling', 'lecture_normalization', 'activity_normalization', 'activity_sql', 'activity_sql_correction', 'technical_environment_home', 'web_architecture_home', 'prerequisite_data_2025', 'activity_sql', 'practice_sql', 'web_architecture_home', 'lecture_modeling_normalization', 'lecture_conceptual_modeling', 'practice_sql', 'practice_sql_correction', 'practice_sql', 'lecture_transaction', 'practice_transaction', 'practice_jpa', 'practice_transaction', 'web_architecture_home', 'lecture_technical_architecture', 'technical_environment_home', 'web_architecture_home', 'lecture_conceptual_modeling', 'activity_normalization', 'activity_normalization_correction', 'practice_jpa', 'practice_jpa_advanced', 'practice_spring_2tiers', 'practice_xml', 'practice_json', 'practice_jpa', 'lecture_mvc_spring', 'practice_spring_2tiers', 'prerequisite_data_2025', 'web_architecture_home', 'practice_spring_2tiers_ext', 'lecture_conceptual_modeling']",11.29,failure
2513,"['technical_environment_home', 'prerequisite_techenv_2025', 'documentation_rdbms', 'documentation_docker', 'practice_docker', 'technical_environment_home', 'prerequisite_techenv_2025', 'documentation_docker', 'practice_docker', 'prerequisite_data_2025', 'lecture_relational_model', 'lecture_db_integrity', 'activity_relational_model', 'activity_relational_model_correction', 'lecture_modeling_normalization', 'lecture_conceptual_modeling', 'activity_conceptual_modeling', 'activity_conceptual_modeling_correction', 'lecture_normalization', 'activity_normalization', 'prerequisite_data_2025', 'lecture_normalization', 'activity_normalization', 'activity_normalization_correction', 'activity_decomposition', 'prerequisite_data_2025', 'activity_decomposition', 'web_architecture_home', 'prerequisite_archiweb_2025', 'activity_decomposition_correction', 'activity_sql', 'activity_sql_correction', 'prerequisite_data_2025', 'activity_sql', 'activity_sql_correction', 'practice_sql', 'lecture_transaction', 'practice_transaction', 'lecture_transaction', 'practice_sql', 'technical_environment_home', 'prerequisite_techenv_2025', 'practice_docker', 'prerequisite_data_2025', 'practice_transaction', 'practice_transaction_correction', 'prerequisite_data_2025', 'practice_transaction', 'practice_transaction_correction', 'web_architecture_home', 'prerequisite_archiweb_2025', 'lecture_software_architecture', 'lecture_mvc_spring', 'practice_spring_2tiers', 'technical_environment_home', 'prerequisite_techenv_2025', 'documentation_programming', 'practice_spring', 'prerequisite_data_2025', 'web_architecture_home', 'prerequisite_archiweb_2025', 'web_architecture_home', 'prerequisite_archiweb_2025', 'activity_conceptual_modeling', 'lecture_conceptual_modeling', 'prerequisite_data_2025', 'lecture_conceptual_modeling', 'lecture_normalization', 'lecture_db_integrity', 'lecture_transaction', 'activity_sql', 'activity_conceptual_modeling', 'web_architecture_home', 'prerequisite_archiweb_2025', 'lecture_json', 'practice_spring_2tiers', 'lecture_technical_architecture', 'lecture_mvc_spring', 'lecture_jpa', 'practice_jpa', 'lecture_dto', 'web_architecture_home', 'prerequisite_archiweb_2025', 'lecture_json', 'lecture_validity', 'prerequisite_data_2025', 'lecture_conceptual_modeling', 'prerequisite_data_2025', 'activity_sql', 'lecture_db_integrity', 'activity_normalization', 'lecture_normalization', 'lecture_transaction', 'lecture_relational_model', 'technical_environment_home', 'prerequisite_techenv_2025', 'practice_postgresql', 'documentation_docker', 'practice_docker', 'practice_sql', 'technical_environment_home', 'web_architecture_home', 'prerequisite_data_2025', 'lecture_conceptual_modeling']",15.88,success
2514,"['technical_environment_home', 'documentation_docker', 'practice_docker', 'documentation_programming', 'practice_spring', 'inversion_of_control', 'spring_bean', 'technical_environment_home', 'documentation_programming', 'practice_spring', 'spring_bean', 'documentation_docker', 'practice_docker', 'practice_docker_advanced', 'documentation_rdbms', 'practice_postgresql', 'web_architecture_home', 'activity_relational_model', 'lecture_relational_model', 'lecture_db_integrity', 'lecture_dto', 'lecture_modeling_normalization', 'activity_relational_model_correction', 'activity_relational_model', 'lecture_conceptual_modeling', 'activity_conceptual_modeling', 'activity_conceptual_modeling_correction', 'lecture_normalization', 'activity_sql', 'activity_sql_correction', 'practice_sql', 'lecture_relational_model', 'lecture_db_integrity', 'activity_relational_model', 'documentation_rdbms', 'practice_postgresql', 'practice_sql_correction', 'practice_sql', 'practice_sql_correction', 'lecture_transaction', 'practice_transaction', 'lecture_db_tools', 'practice_transaction', 'practice_sql', 'lecture_transaction', 'web_architecture_home', 'lecture_normalization', 'lecture_conceptual_modeling', 'activity_conceptual_modeling', 'practice_sql', 'web_architecture_home', 'lecture_technical_architecture', 'lecture_software_architecture', 'lecture_dto', 'lecture_mvc_spring', 'lecture_jpa', 'practice_jpa', 'practice_jpa_advanced', 'practice_spring_2tiers', 'lecture_xml', 'lecture_json', 'practice_json', 'technical_environment_home', 'web_architecture_home', 'lecture_technical_architecture', 'lecture_software_architecture', 'prerequisite_techenv_2025', 'documentation_docker', 'practice_docker', 'practice_postgresql', 'documentation_programming', 'practice_spring', 'spring_bean', 'lecture_relational_model', 'lecture_db_integrity', 'activity_relational_model', 'activity_relational_model_correction', 'lecture_modeling_normalization', 'lecture_conceptual_modeling', 'lecture_jpa', 'practice_spring_2tiers', 'practice_jpa_advanced', 'practice_jpa', 'practice_spring_2tiers_ext', 'lecture_normalization', 'practice_jpa', 'lecture_software_architecture', 'lecture_dto', 'lecture_mvc_spring', 'activity_normalization', 'lecture_normalization', 'technical_environment_home', 'web_architecture_home', 'practice_spring_2tiers_ext', 'practice_spring_2tiers', 'lecture_modeling_normalization', 'lecture_conceptual_modeling', 'activity_conceptual_modeling', 'lecture_normalization', 'activity_normalization', 'activity_decomposition', 'lecture_independence_views', 'activity_conceptual_modeling_advanced']",12.69,success
2515,"['technical_environment_home', 'prerequisite_techenv_2025', 'documentation_docker', 'practice_docker', 'practice_docker_advanced', 'practice_postgresql', 'practice_docker_advanced', 'documentation_rdbms', 'documentation_programming', 'inversion_of_control', 'spring_bean', 'practice_spring', 'web_architecture_home', 'prerequisite_archiweb_2025', 'lecture_technical_architecture', 'lecture_software_architecture', 'web_architecture_home', 'lecture_technical_architecture', 'lecture_software_architecture', 'lecture_dto', 'lecture_xml', 'lecture_mvc_spring', 'lecture_jpa', 'lecture_relational_model', 'lecture_db_integrity', 'practice_jpa', 'practice_jpa_advanced', 'practice_spring_2tiers', 'lecture_validity', 'lecture_xpath', 'lecture_parser', 'lecture_jaxb', 'practice_xml', 'practice_spring_2tiers', 'practice_xml', 'lecture_xml', 'lecture_json', 'practice_json', 'web_architecture_home', 'practice_xml', 'lecture_db_integrity', 'practice_spring_2tiers', 'practice_jpa_advanced', 'practice_spring_2tiers_ext', 'technical_environment_home', 'web_architecture_home', 'practice_spring_2tiers', 'lecture_mvc_spring', 'lecture_jpa', 'lecture_mvc_spring', 'lecture_jpa', 'lecture_relational_model', 'lecture_db_integrity', 'activity_relational_model', 'web_architecture_home', 'practice_xml', 'lecture_xml', 'lecture_validity', 'lecture_xpath', 'lecture_json', 'lecture_relational_algebra', 'lecture_db_integrity', 'lecture_relational_algebra', 'lecture_db_integrity', 'activity_relational_model', 'lecture_modeling_normalization', 'lecture_conceptual_modeling', 'lecture_modeling_normalization', 'lecture_conceptual_modeling', 'activity_conceptual_modeling', 'activity_normalization', 'activity_decomposition', 'activity_conceptual_modeling', 'lecture_conceptual_modeling', 'lecture_modeling_normalization', 'lecture_normalization', 'lecture_db_integrity', 'activity_relational_model', 'lecture_modeling_normalization', 'lecture_conceptual_modeling', 'lecture_normalization', 'activity_normalization', 'web_architecture_home', 'practice_spring_2tiers_ext', 'lecture_modeling_normalization', 'lecture_conceptual_modeling', 'activity_conceptual_modeling', 'lecture_normalization', 'activity_normalization', 'activity_decomposition', 'activity_sql', 'lecture_modeling_normalization', 'lecture_conceptual_modeling', 'lecture_relational_model', 'lecture_db_integrity', 'activity_relational_model', 'lecture_modeling_normalization', 'activity_conceptual_modeling', 'lecture_normalization', 'activity_normalization', 'activity_decomposition', 'activity_sql', 'lecture_conceptual_modeling', 'lecture_normalization', 'web_architecture_home', 'lecture_mvc_spring', 'lecture_jpa', 'practice_jpa', 'practice_spring_2tiers', 'lecture_software_architecture', 'lecture_dto', 'lecture_technical_architecture', 'lecture_mvc_spring', 'practice_jpa_advanced', 'practice_jpa', 'technical_environment_home', 'documentation_docker', 'practice_docker', 'documentation_programming', 'practice_spring', 'inversion_of_control', 'spring_bean', 'practice_spring', 'lecture_db_integrity', 'lecture_relational_model', 'lecture_conceptual_modeling', 'activity_conceptual_modeling', 'lecture_conceptual_modeling', 'activity_conceptual_modeling', 'lecture_conceptual_modeling', 'technical_environment_home', 'web_architecture_home']",11.85,failure
2516,"['technical_environment_home', 'documentation_docker', 'practice_docker', 'practice_docker_advanced', 'web_architecture_home', 'prerequisite_archiweb_2025', 'technical_environment_home', 'practice_docker', 'practice_docker_advanced', 'technical_environment_home', 'lecture_relational_model', 'prerequisite_data_2025', 'lecture_db_integrity', 'activity_relational_model', 'activity_relational_model_correction', 'lecture_modeling_normalization', 'lecture_conceptual_modeling', 'activity_conceptual_modeling', 'lecture_normalization', 'activity_conceptual_modeling_correction', 'activity_normalization', 'activity_normalization_correction', 'activity_sql', 'activity_sql_correction', 'practice_sql', 'documentation_rdbms', 'activity_sql', 'practice_sql', 'technical_environment_home', 'practice_docker', 'practice_sql_correction', 'practice_sql', 'practice_advanced_sql', 'lecture_transaction', 'practice_transaction', 'practice_transaction_correction', 'technical_environment_home', 'practice_postgresql', 'documentation_programming', 'practice_spring', 'lecture_transaction', 'practice_transaction', 'web_architecture_home', 'practice_spring', 'lecture_technical_architecture', 'lecture_software_architecture', 'lecture_dto', 'lecture_mvc_spring', 'lecture_jpa', 'practice_jpa', 'web_architecture_home', 'practice_jpa', 'lecture_jpa', 'lecture_normalization', 'activity_conceptual_modeling', 'lecture_conceptual_modeling', 'technical_environment_home', 'practice_spring', 'lecture_xml', 'lecture_mvc_spring', 'practice_jpa_advanced', 'practice_spring_2tiers', 'practice_spring_2tiers_ext', 'web_architecture_home', 'lecture_jpa', 'practice_jpa', 'activity_normalization', 'lecture_conceptual_modeling', 'activity_conceptual_modeling', 'activity_conceptual_modeling_correction', 'activity_normalization_correction', 'lecture_normalization', 'activity_conceptual_modeling', 'lecture_conceptual_modeling', 'lecture_normalization', 'web_architecture_home', 'practice_jpa', 'web_architecture_home', 'practice_spring_2tiers_ext', 'practice_spring_2tiers', 'practice_jpa_advanced', 'practice_jpa', 'lecture_dto', 'technical_environment_home', 'web_architecture_home', 'practice_jpa', 'technical_environment_home', 'web_architecture_home', 'lecture_jpa', 'practice_jpa', 'web_architecture_home', 'lecture_modeling_normalization', 'lecture_conceptual_modeling', 'activity_conceptual_modeling', 'activity_conceptual_modeling_correction', 'technical_environment_home', 'documentation_docker', 'practice_docker', 'technical_environment_home', 'web_architecture_home', 'lecture_normalization', 'lecture_software_architecture', 'lecture_technical_architecture']",6.38,failure
2517,"['technical_environment_home', 'documentation_docker', 'practice_docker', 'practice_docker_advanced', 'documentation_rdbms', 'practice_postgresql', 'documentation_programming', 'inversion_of_control', 'practice_spring', 'spring_bean', 'technical_environment_home', 'documentation_docker', 'documentation_rdbms', 'practice_postgresql', 'practice_docker', 'documentation_programming', 'practice_spring', 'web_architecture_home', 'technical_environment_home', 'prerequisite_archiweb_2025', 'lecture_technical_architecture', 'lecture_software_architecture', 'lecture_dto', 'lecture_mvc_spring', 'lecture_xml', 'practice_xml', 'lecture_relational_model', 'lecture_db_integrity', 'activity_relational_model', 'lecture_json', 'practice_json', 'technical_environment_home', 'web_architecture_home', 'lecture_mvc_spring', 'lecture_jpa', 'practice_jpa', 'technical_environment_home', 'web_architecture_home', 'lecture_jpa', 'practice_jpa', 'technical_environment_home', 'web_architecture_home', 'practice_jpa', 'practice_jpa_advanced', 'technical_environment_home', 'web_architecture_home', 'practice_jpa_advanced', 'practice_spring_2tiers', 'technical_environment_home', 'web_architecture_home', 'lecture_relational_model', 'lecture_db_integrity', 'activity_relational_model', 'activity_relational_model_correction', 'lecture_modeling_normalization', 'lecture_conceptual_modeling', 'technical_environment_home', 'activity_normalization', 'activity_decomposition', 'technical_environment_home', 'web_architecture_home', 'practice_spring_2tiers_ext', 'lecture_dto', 'technical_environment_home']",13.52,success
2518,"['technical_environment_home', 'prerequisite_techenv_2025', 'documentation_rdbms', 'documentation_docker', 'practice_docker', 'practice_postgresql', 'activity_sql', 'technical_environment_home', 'documentation_docker', 'practice_docker', 'web_architecture_home', 'lecture_relational_model', 'lecture_relational_algebra', 'activity_conceptual_modeling', 'activity_conceptual_modeling_advanced', 'prerequisite_data_2025', 'lecture_transaction', 'practice_transaction', 'web_architecture_home', 'prerequisite_archiweb_2025', 'lecture_technical_architecture', 'lecture_software_architecture', 'lecture_dto', 'practice_spring_2tiers', 'lecture_mvc_spring', 'technical_environment_home', 'documentation_docker', 'practice_docker', 'web_architecture_home', 'prerequisite_archiweb_2025', 'practice_spring_2tiers', 'web_architecture_home', 'prerequisite_archiweb_2025', 'practice_spring_2tiers', 'web_architecture_home', 'prerequisite_archiweb_2025', 'lecture_jpa', 'practice_jpa', 'web_architecture_home', 'prerequisite_archiweb_2025', 'practice_jpa', 'prerequisite_data_2025', 'lecture_conceptual_modeling', 'lecture_normalization', 'web_architecture_home', 'prerequisite_archiweb_2025', 'lecture_dto', 'lecture_xml', 'lecture_validity', 'practice_xml', 'prerequisite_data_2025', 'web_architecture_home', 'prerequisite_archiweb_2025', 'practice_xml', 'lecture_json', 'practice_json', 'prerequisite_data_2025', 'lecture_normalization', 'prerequisite_data_2025', 'activity_sql', 'lecture_normalization', 'web_architecture_home', 'prerequisite_archiweb_2025', 'practice_jpa', 'lecture_conceptual_modeling']",13.98,success
2519,"['technical_environment_home', 'documentation_docker', 'practice_docker', 'web_architecture_home', 'technical_environment_home', 'documentation_docker', 'practice_docker', 'practice_postgresql', 'lecture_technical_architecture', 'lecture_dto', 'lecture_relational_model', 'lecture_modeling_normalization', 'lecture_db_tools', 'lecture_db_integrity', 'lecture_relational_algebra', 'activity_relational_model', 'lecture_conceptual_modeling', 'activity_conceptual_modeling', 'activity_conceptual_modeling_correction', 'technical_environment_home', 'web_architecture_home', 'documentation_docker', 'practice_docker', 'practice_postgresql', 'technical_environment_home', 'practice_postgresql', 'practice_docker', 'documentation_programming', 'lecture_conceptual_modeling', 'lecture_normalization', 'activity_normalization', 'activity_normalization_correction', 'lecture_transaction', 'practice_transaction', 'documentation_rdbms', 'practice_postgresql', 'practice_transaction_correction', 'practice_transaction', 'documentation_rdbms', 'practice_postgresql', 'practice_transaction_correction', 'practice_sql', 'practice_advanced_sql', 'activity_sql', 'practice_indexation', 'web_architecture_home', 'lecture_dto', 'lecture_technical_architecture', 'lecture_software_architecture', 'lecture_mvc_spring', 'lecture_jpa', 'web_architecture_home', 'lecture_software_architecture', 'lecture_dto', 'lecture_mvc_spring', 'lecture_jpa', 'practice_spring_2tiers', 'lecture_xml', 'practice_json', 'web_architecture_home', 'prerequisite_archiweb_2025', 'practice_spring_2tiers', 'technical_environment_home', 'documentation_programming', 'practice_docker', 'activity_normalization', 'lecture_normalization', 'activity_conceptual_modeling', 'lecture_conceptual_modeling', 'lecture_modeling_normalization', 'practice_sql', 'practice_advanced_sql', 'lecture_relational_algebra', 'web_architecture_home', 'lecture_normalization', 'web_architecture_home', 'lecture_conceptual_modeling', 'web_architecture_home', 'technical_environment_home', 'lecture_conceptual_modeling']",15.92,success
252,"['technical_environment_home', 'documentation_docker', 'practice_docker', 'prerequisite_techenv_2025', 'technical_environment_home', 'documentation_docker', 'practice_docker', 'practice_postgresql', 'documentation_programming', 'practice_spring', 'lecture_relational_model', 'technical_environment_home', 'practice_postgresql', 'practice_spring', 'documentation_programming', 'web_architecture_home', 'lecture_technical_architecture', 'lecture_software_architecture', 'lecture_dto', 'practice_jpa', 'practice_spring_2tiers', 'lecture_jpa', 'lecture_mvc_spring', 'technical_environment_home', 'practice_postgresql', 'documentation_docker', 'practice_docker', 'practice_docker_advanced', 'documentation_rdbms', 'documentation_programming', 'inversion_of_control', 'spring_bean', 'practice_spring', 'lecture_relational_model', 'lecture_relational_algebra', 'lecture_db_integrity', 'activity_relational_model', 'lecture_modeling_normalization', 'lecture_conceptual_modeling', 'activity_conceptual_modeling', 'lecture_normalization', 'activity_normalization', 'activity_sql', 'practice_sql', 'web_architecture_home', 'technical_environment_home', 'documentation_docker', 'practice_docker', 'practice_docker_advanced', 'documentation_rdbms', 'practice_postgresql', 'documentation_programming', 'inversion_of_control', 'spring_bean', 'practice_spring', 'lecture_technical_architecture', 'practice_jpa', 'practice_jpa_advanced', 'practice_spring_2tiers', 'practice_spring_2tiers_ext', 'lecture_jpa', 'lecture_transaction', 'practice_transaction', 'lecture_xml', 'lecture_validity', 'lecture_xpath', 'lecture_parser', 'lecture_jaxb', 'practice_xml', 'practice_schema_xml', 'practice_xpath', 'practice_apis', 'lecture_json', 'practice_json', 'lecture_relational_model', 'lecture_db_integrity', 'lecture_relational_algebra', 'activity_relational_model', 'lecture_modeling_normalization', 'activity_conceptual_modeling', 'lecture_conceptual_modeling', 'activity_conceptual_modeling', 'lecture_conceptual_modeling', 'lecture_normalization', 'technical_environment_home', 'lecture_technical_architecture', 'lecture_software_architecture', 'technical_environment_home', 'inversion_of_control', 'web_architecture_home', 'spring_bean', 'practice_spring', 'practice_jpa_advanced', 'practice_spring_2tiers', 'practice_spring_2tiers_ext', 'practice_jpa', 'web_architecture_home', 'practice_spring_2tiers', 'practice_sql', 'practice_advanced_sql', 'technical_environment_home', 'practice_postgresql', 'documentation_rdbms', 'web_architecture_home', 'lecture_relational_model', 'lecture_db_integrity', 'lecture_relational_algebra', 'activity_relational_model', 'practice_jpa', 'lecture_jpa', 'practice_jpa_advanced', 'practice_spring_2tiers', 'lecture_xml', 'lecture_jpa', 'practice_jpa_advanced', 'practice_spring_2tiers', 'practice_spring_2tiers_ext', 'lecture_xml', 'lecture_validity', 'lecture_xpath', 'lecture_parser', 'lecture_jaxb', 'practice_xml', 'practice_schema_xml', 'practice_xpath', 'practice_apis', 'lecture_json', 'practice_json', 'lecture_relational_model', 'lecture_modeling_normalization', 'lecture_conceptual_modeling', 'activity_conceptual_modeling', 'activity_conceptual_modeling_advanced', 'lecture_normalization', 'activity_normalization', 'practice_sql', 'web_architecture_home', 'practice_spring_2tiers_ext', 'web_architecture_home', 'practice_jpa', 'practice_jpa_advanced', 'practice_spring_2tiers', 'practice_spring_2tiers_ext', 'lecture_relational_model', 'lecture_db_integrity', 'activity_relational_model', 'lecture_modeling_normalization', 'lecture_conceptual_modeling', 'activity_conceptual_modeling', 'lecture_normalization', 'activity_normalization', 'activity_decomposition', 'activity_sql', 'lecture_transaction', 'practice_transaction', 'lecture_isolation', 'lecture_relational_algebra', 'web_architecture_home', 'practice_jpa_advanced', 'practice_spring_2tiers', 'practice_spring_2tiers_ext', 'lecture_relational_model', 'lecture_db_integrity', 'activity_relational_model', 'lecture_modeling_normalization', 'lecture_conceptual_modeling', 'activity_conceptual_modeling', 'lecture_normalization', 'activity_normalization', 'lecture_conceptual_modeling', 'lecture_modeling_normalization', 'lecture_normalization', 'activity_decomposition', 'activity_conceptual_modeling', 'web_architecture_home', 'practice_spring_2tiers', 'lecture_conceptual_modeling', 'activity_conceptual_modeling', 'lecture_normalization', 'practice_spring_2tiers', 'web_architecture_home', 'practice_spring_2tiers_ext', 'practice_spring_2tiers', 'lecture_dto', 'practice_spring_2tiers', 'activity_conceptual_modeling', 'practice_spring_2tiers', 'activity_conceptual_modeling', 'practice_spring_2tiers', 'activity_conceptual_modeling', 'practice_spring_2tiers', 'web_architecture_home', 'lecture_jpa', 'practice_spring_2tiers_ext', 'lecture_mvc_spring', 'practice_jpa', 'practice_jpa_advanced', 'practice_spring_2tiers', 'lecture_xml', 'practice_xml', 'lecture_json', 'practice_json', 'practice_spring_2tiers', 'technical_environment_home', 'web_architecture_home', 'lecture_technical_architecture', 'lecture_software_architecture']",13.38,success
2520,"['technical_environment_home', 'documentation_docker', 'prerequisite_techenv_2025', 'practice_docker', 'practice_docker_advanced', 'documentation_rdbms', 'documentation_programming', 'practice_spring', 'documentation_docker', 'practice_postgresql', 'lecture_relational_model', 'lecture_db_integrity', 'lecture_relational_algebra', 'activity_relational_model', 'activity_relational_model_correction', 'lecture_modeling_normalization', 'lecture_conceptual_modeling', 'activity_conceptual_modeling', 'activity_relational_model', 'lecture_normalization', 'activity_conceptual_modeling', 'activity_normalization', 'activity_normalization_correction', 'activity_sql', 'practice_sql', 'practice_sql_correction', 'lecture_transaction', 'practice_transaction', 'documentation_rdbms', 'practice_transaction_correction', 'lecture_transaction', 'practice_transaction', 'technical_environment_home', 'practice_spring', 'web_architecture_home', 'lecture_technical_architecture', 'practice_jpa', 'web_architecture_home', 'lecture_xml', 'lecture_mvc_spring', 'practice_jpa', 'practice_jpa_advanced', 'practice_spring_2tiers', 'web_architecture_home', 'practice_xml', 'practice_json', 'practice_jpa_advanced', 'practice_jpa', 'web_architecture_home', 'practice_xml', 'lecture_json', 'practice_json', 'practice_jpa', 'lecture_conceptual_modeling', 'activity_normalization', 'activity_normalization_correction', 'web_architecture_home', 'practice_spring_2tiers_ext', 'lecture_conceptual_modeling', 'web_architecture_home', 'practice_schema_xml', 'lecture_conceptual_modeling', 'web_architecture_home']",6.46,failure
2521,"['prerequisite_data_2025', 'lecture_relational_model', 'lecture_modeling_normalization', 'activity_normalization', 'technical_environment_home', 'prerequisite_techenv_2025', 'technical_environment_home', 'prerequisite_techenv_2025', 'documentation_docker', 'practice_docker', 'technical_environment_home', 'prerequisite_techenv_2025', 'practice_docker', 'web_architecture_home', 'technical_environment_home', 'prerequisite_techenv_2025', 'practice_docker', 'practice_postgresql', 'practice_docker_advanced', 'practice_docker', 'documentation_docker', 'documentation_programming', 'practice_spring', 'technical_environment_home', 'prerequisite_techenv_2025', 'documentation_programming', 'practice_spring', 'prerequisite_data_2025', 'lecture_relational_model', 'lecture_db_integrity', 'activity_relational_model', 'activity_relational_model_correction', 'activity_relational_model', 'activity_relational_model_correction', 'lecture_modeling_normalization', 'lecture_conceptual_modeling', 'activity_conceptual_modeling', 'activity_conceptual_modeling_correction', 'prerequisite_data_2025', 'activity_conceptual_modeling', 'activity_relational_model', 'activity_relational_model_correction', 'lecture_transaction', 'lecture_normalization', 'activity_normalization', 'prerequisite_data_2025', 'web_architecture_home', 'lecture_relational_model', 'lecture_db_integrity', 'activity_relational_model', 'activity_relational_model_correction', 'lecture_modeling_normalization', 'lecture_conceptual_modeling', 'activity_conceptual_modeling', 'lecture_normalization', 'activity_decomposition', 'activity_normalization', 'activity_normalization_correction', 'prerequisite_data_2025', 'activity_normalization', 'activity_decomposition', 'activity_decomposition_correction', 'lecture_transaction', 'practice_transaction', 'practice_transaction_correction', 'activity_sql', 'activity_sql_correction', 'practice_sql', 'practice_sql_correction', 'web_architecture_home', 'prerequisite_archiweb_2025', 'lecture_technical_architecture', 'lecture_software_architecture', 'lecture_mvc_spring', 'prerequisite_data_2025', 'lecture_conceptual_modeling', 'lecture_normalization', 'web_architecture_home', 'prerequisite_archiweb_2025', 'practice_spring_2tiers', 'web_architecture_home', 'prerequisite_archiweb_2025', 'lecture_mvc_spring', 'practice_spring_2tiers', 'prerequisite_data_2025', 'lecture_conceptual_modeling', 'activity_conceptual_modeling', 'activity_conceptual_modeling_correction', 'lecture_normalization', 'web_architecture_home', 'prerequisite_data_2025', 'lecture_normalization', 'technical_environment_home', 'web_architecture_home', 'prerequisite_archiweb_2025', 'lecture_jpa', 'practice_jpa', 'prerequisite_data_2025', 'lecture_conceptual_modeling', 'lecture_normalization', 'prerequisite_data_2025', 'lecture_conceptual_modeling', 'web_architecture_home', 'prerequisite_archiweb_2025', 'lecture_jpa', 'practice_jpa', 'lecture_transaction', 'web_architecture_home', 'prerequisite_archiweb_2025', 'practice_jpa', 'practice_jpa_advanced', 'prerequisite_data_2025', 'lecture_conceptual_modeling']",12.95,success
2522,"['technical_environment_home', 'web_architecture_home', 'technical_environment_home', 'prerequisite_techenv_2025', 'documentation_programming', 'practice_docker_advanced', 'inversion_of_control', 'spring_bean', 'practice_spring', 'technical_environment_home', 'prerequisite_techenv_2025', 'practice_spring', 'web_architecture_home', 'prerequisite_archiweb_2025', 'lecture_technical_architecture', 'prerequisite_data_2025', 'lecture_relational_model', 'technical_environment_home', 'practice_postgresql', 'lecture_db_integrity', 'lecture_relational_algebra', 'activity_relational_model', 'activity_relational_model_correction', 'lecture_modeling_normalization', 'lecture_conceptual_modeling', 'activity_conceptual_modeling', 'activity_conceptual_modeling_correction', 'lecture_normalization', 'activity_normalization', 'activity_sql', 'practice_sql', 'practice_advanced_sql', 'lecture_transaction', 'web_architecture_home', 'lecture_technical_architecture', 'lecture_software_architecture', 'lecture_dto', 'lecture_mvc_spring', 'practice_transaction', 'web_architecture_home', 'lecture_software_architecture', 'lecture_dto', 'lecture_mvc_spring', 'prerequisite_data_2025', 'lecture_normalization', 'lecture_conceptual_modeling', 'activity_conceptual_modeling', 'activity_decomposition', 'practice_advanced_sql', 'practice_sql', 'activity_sql', 'practice_advanced_sql_correction', 'lecture_indexation', 'practice_indexation', 'practice_isolation', 'lecture_isolation', 'web_architecture_home', 'prerequisite_archiweb_2025', 'lecture_software_architecture', 'lecture_mvc_spring', 'lecture_jpa', 'practice_jpa', 'practice_spring_2tiers_ext', 'lecture_jpa', 'practice_jpa_advanced', 'web_architecture_home', 'practice_jpa', 'practice_jpa_advanced', 'practice_spring_2tiers', 'lecture_conceptual_modeling', 'lecture_normalization', 'web_architecture_home', 'lecture_normalization', 'web_architecture_home', 'practice_spring_2tiers_ext', 'lecture_xpath', 'lecture_xml', 'lecture_relational_model', 'lecture_modeling_normalization', 'lecture_conceptual_modeling', 'lecture_modeling_normalization', 'lecture_conceptual_modeling', 'activity_conceptual_modeling', 'lecture_normalization', 'lecture_conceptual_modeling', 'activity_conceptual_modeling']",16.96,success
2523,"['technical_environment_home', 'documentation_programming', 'inversion_of_control', 'spring_bean', 'practice_spring', 'technical_environment_home', 'spring_bean', 'practice_spring', 'technical_environment_home', 'documentation_docker', 'practice_docker', 'practice_postgresql', 'documentation_rdbms', 'web_architecture_home', 'lecture_technical_architecture', 'lecture_relational_model', 'lecture_db_integrity', 'activity_relational_model', 'technical_environment_home', 'practice_docker', 'lecture_modeling_normalization', 'lecture_conceptual_modeling', 'activity_conceptual_modeling', 'lecture_normalization', 'activity_conceptual_modeling_correction', 'activity_sql', 'technical_environment_home', 'web_architecture_home', 'activity_normalization', 'lecture_normalization', 'activity_normalization_correction', 'lecture_transaction', 'practice_transaction', 'web_architecture_home', 'lecture_technical_architecture', 'lecture_software_architecture', 'lecture_dto', 'lecture_xml', 'lecture_json', 'lecture_mvc_spring', 'web_architecture_home', 'lecture_dto', 'lecture_mvc_spring', 'web_architecture_home', 'lecture_mvc_spring', 'lecture_jpa', 'technical_environment_home', 'practice_docker', 'practice_docker_advanced', 'documentation_docker', 'practice_postgresql', 'practice_jpa', 'technical_environment_home', 'practice_postgresql', 'web_architecture_home', 'lecture_conceptual_modeling', 'lecture_normalization', 'activity_conceptual_modeling', 'lecture_normalization', 'web_architecture_home', 'lecture_xml', 'practice_xml', 'technical_environment_home', 'activity_conceptual_modeling', 'activity_conceptual_modeling_correction', 'web_architecture_home', 'technical_environment_home', 'lecture_modeling_normalization', 'activity_conceptual_modeling', 'activity_conceptual_modeling_correction']",15.54,success
2524,"['web_architecture_home', 'technical_environment_home', 'documentation_docker', 'practice_docker', 'practice_docker_advanced', 'documentation_rdbms', 'practice_postgresql', 'documentation_programming', 'practice_spring', 'inversion_of_control', 'spring_bean', 'activity_sql', 'technical_environment_home', 'spring_bean', 'inversion_of_control', 'practice_docker_advanced', 'web_architecture_home', 'lecture_technical_architecture', 'lecture_software_architecture', 'lecture_dto', 'lecture_mvc_spring', 'prerequisite_archiweb_2025', 'lecture_jpa', 'practice_spring_2tiers', 'lecture_xml', 'prerequisite_data_2025', 'activity_relational_model', 'lecture_relational_model', 'lecture_db_integrity', 'lecture_relational_algebra', 'lecture_modeling_normalization', 'lecture_conceptual_modeling', 'lecture_normalization', 'activity_conceptual_modeling', 'activity_conceptual_modeling_correction', 'activity_normalization', 'activity_normalization_correction', 'web_architecture_home', 'prerequisite_data_2025', 'activity_normalization_correction', 'activity_decomposition', 'activity_decomposition_correction', 'activity_sql', 'practice_sql', 'practice_sql_correction', 'lecture_transaction', 'practice_transaction', 'lecture_transaction', 'practice_transaction', 'prerequisite_data_2025', 'practice_transaction_correction', 'web_architecture_home', 'prerequisite_archiweb_2025', 'lecture_technical_architecture', 'lecture_software_architecture', 'lecture_dto', 'lecture_mvc_spring', 'lecture_jpa', 'practice_spring_2tiers', 'practice_jpa', 'web_architecture_home', 'prerequisite_archiweb_2025', 'practice_jpa', 'practice_spring_2tiers', 'practice_jpa_advanced', 'lecture_xml', 'practice_xml', 'lecture_json', 'practice_json', 'web_architecture_home', 'practice_jpa_advanced', 'practice_jpa', 'web_architecture_home', 'lecture_json', 'practice_json', 'practice_xml', 'prerequisite_archiweb_2025', 'lecture_validity', 'lecture_xml', 'web_architecture_home', 'prerequisite_archiweb_2025', 'practice_json', 'lecture_xpath', 'web_architecture_home', 'lecture_conceptual_modeling', 'activity_conceptual_modeling', 'activity_conceptual_modeling_correction', 'lecture_conceptual_modeling', 'activity_conceptual_modeling', 'lecture_normalization', 'activity_normalization', 'activity_decomposition', 'activity_decomposition_correction', 'web_architecture_home', 'lecture_software_architecture', 'web_architecture_home', 'practice_spring_2tiers_ext', 'lecture_dto', 'practice_spring_2tiers_ext', 'web_architecture_home', 'activity_conceptual_modeling', 'activity_conceptual_modeling_correction', 'web_architecture_home', 'practice_spring_2tiers_ext', 'technical_environment_home', 'activity_relational_model', 'activity_relational_model_correction', 'activity_conceptual_modeling', 'activity_conceptual_modeling_correction']",18.19,success
2525,"['technical_environment_home', 'prerequisite_techenv_2025', 'documentation_docker', 'web_architecture_home', 'practice_postgresql', 'technical_environment_home', 'practice_docker', 'documentation_docker', 'technical_environment_home', 'practice_docker', 'documentation_docker', 'technical_environment_home', 'practice_postgresql', 'prerequisite_techenv_2025', 'practice_docker', 'documentation_programming', 'practice_spring', 'lecture_relational_model', 'lecture_transaction', 'practice_transaction', 'documentation_rdbms', 'practice_postgresql', 'practice_transaction', 'web_architecture_home', 'lecture_technical_architecture', 'lecture_software_architecture', 'lecture_dto', 'lecture_mvc_spring', 'lecture_jpa', 'web_architecture_home', 'practice_jpa', 'web_architecture_home', 'practice_jpa_advanced', 'activity_conceptual_modeling', 'lecture_conceptual_modeling', 'lecture_normalization', 'web_architecture_home', 'practice_jpa', 'practice_spring_2tiers', 'lecture_modeling_normalization', 'lecture_conceptual_modeling', 'activity_conceptual_modeling', 'lecture_normalization', 'activity_sql', 'practice_sql', 'web_architecture_home', 'practice_jpa_advanced', 'practice_spring_2tiers', 'practice_spring_2tiers_ext', 'lecture_software_architecture', 'lecture_modeling_normalization', 'lecture_conceptual_modeling', 'activity_conceptual_modeling', 'lecture_normalization', 'activity_conceptual_modeling_correction', 'lecture_modeling_normalization', 'lecture_conceptual_modeling', 'lecture_normalization', 'web_architecture_home', 'practice_spring_2tiers', 'lecture_json', 'practice_json']",15.45,success
2526,"['web_architecture_home', 'technical_environment_home', 'documentation_docker', 'practice_docker', 'practice_docker_advanced', 'documentation_rdbms', 'practice_postgresql', 'documentation_programming', 'inversion_of_control', 'spring_bean', 'inversion_of_control', 'documentation_programming', 'inversion_of_control', 'technical_environment_home', 'spring_bean', 'practice_spring', 'inversion_of_control', 'web_architecture_home', 'lecture_technical_architecture', 'lecture_relational_model', 'lecture_db_integrity', 'lecture_relational_algebra', 'activity_relational_model', 'activity_relational_model_correction', 'lecture_modeling_normalization', 'lecture_conceptual_modeling', 'activity_conceptual_modeling', 'activity_conceptual_modeling_correction', 'activity_conceptual_modeling_advanced', 'activity_normalization', 'lecture_normalization', 'activity_normalization_correction', 'inversion_of_control', 'activity_normalization', 'lecture_modeling_normalization', 'lecture_conceptual_modeling', 'activity_conceptual_modeling_advanced', 'lecture_normalization', 'activity_normalization_correction', 'practice_sql', 'web_architecture_home', 'lecture_software_architecture', 'lecture_dto', 'lecture_xml', 'lecture_technical_architecture', 'lecture_json', 'practice_json', 'practice_jpa', 'lecture_jpa', 'practice_jpa_advanced', 'lecture_jpa', 'practice_jpa', 'practice_transaction', 'practice_sql', 'inversion_of_control', 'lecture_conceptual_modeling', 'practice_transaction', 'lecture_transaction', 'web_architecture_home', 'practice_jpa', 'lecture_jpa', 'inversion_of_control', 'practice_jpa_advanced', 'practice_spring_2tiers', 'practice_spring_2tiers_ext', 'web_architecture_home', 'technical_environment_home', 'documentation_docker', 'web_architecture_home', 'lecture_conceptual_modeling', 'activity_decomposition', 'activity_decomposition_correction', 'activity_normalization', 'lecture_normalization', 'lecture_independence_views', 'lecture_technical_architecture', 'lecture_software_architecture', 'lecture_dto', 'lecture_mvc_spring', 'lecture_jpa', 'practice_jpa', 'technical_environment_home', 'documentation_docker', 'practice_docker', 'web_architecture_home', 'activity_normalization', 'lecture_normalization', 'activity_decomposition', 'lecture_conceptual_modeling', 'activity_conceptual_modeling', 'lecture_conceptual_modeling', 'lecture_modeling_normalization', 'lecture_conceptual_modeling', 'technical_environment_home', 'documentation_docker']",13.38,success
2527,"['web_architecture_home', 'lecture_software_architecture', 'lecture_technical_architecture', 'lecture_dto', 'practice_spring_2tiers_ext', 'lecture_mvc_spring', 'lecture_software_architecture', 'technical_environment_home', 'prerequisite_techenv_2025', 'documentation_docker', 'practice_docker', 'documentation_rdbms', 'practice_postgresql', 'technical_environment_home', 'documentation_rdbms', 'practice_postgresql', 'documentation_programming', 'inversion_of_control', 'spring_bean', 'technical_environment_home', 'inversion_of_control', 'spring_bean', 'practice_spring', 'web_architecture_home', 'prerequisite_archiweb_2025', 'lecture_technical_architecture', 'web_architecture_home', 'prerequisite_data_2025', 'lecture_relational_model', 'lecture_db_integrity', 'activity_relational_model', 'activity_relational_model_correction', 'prerequisite_data_2025', 'activity_relational_model', 'activity_relational_model_correction', 'lecture_relational_algebra', 'prerequisite_data_2025', 'lecture_modeling_normalization', 'lecture_normalization', 'activity_normalization', 'activity_normalization_correction', 'activity_decomposition', 'activity_decomposition_correction', 'web_architecture_home', 'prerequisite_archiweb_2025', 'lecture_dto', 'lecture_software_architecture', 'lecture_technical_architecture', 'lecture_mvc_spring', 'practice_spring_2tiers', 'lecture_jpa', 'practice_jpa', 'web_architecture_home', 'prerequisite_archiweb_2025', 'lecture_jpa', 'practice_jpa', 'lecture_mvc_spring', 'web_architecture_home', 'prerequisite_archiweb_2025', 'practice_jpa', 'lecture_dto', 'lecture_software_architecture', 'lecture_jpa', 'practice_jpa_advanced', 'lecture_mvc_spring', 'practice_spring_2tiers', 'web_architecture_home', 'prerequisite_archiweb_2025', 'practice_spring_2tiers', 'prerequisite_data_2025', 'activity_relational_model', 'lecture_validity', 'practice_xml', 'lecture_transaction', 'practice_transaction', 'practice_transaction_correction', 'activity_sql', 'activity_sql_correction', 'practice_sql', 'lecture_conceptual_modeling', 'prerequisite_data_2025', 'lecture_normalization', 'web_architecture_home', 'prerequisite_archiweb_2025', 'lecture_json', 'practice_json', 'practice_xml', 'lecture_software_architecture', 'activity_conceptual_modeling', 'activity_conceptual_modeling_advanced', 'lecture_conceptual_modeling', 'lecture_normalization', 'prerequisite_data_2025', 'lecture_conceptual_modeling']",14.52,success
2528,"['technical_environment_home', 'practice_docker', 'web_architecture_home', 'documentation_rdbms', 'practice_postgresql', 'documentation_rdbms', 'practice_postgresql', 'documentation_programming', 'inversion_of_control', 'practice_spring', 'spring_bean', 'web_architecture_home', 'lecture_relational_model', 'lecture_db_integrity', 'activity_relational_model', 'practice_advanced_sql', 'activity_conceptual_modeling', 'lecture_modeling_normalization', 'lecture_conceptual_modeling', 'activity_relational_model_correction', 'activity_decomposition', 'lecture_conceptual_modeling', 'activity_conceptual_modeling_advanced', 'activity_conceptual_modeling_correction', 'lecture_conceptual_modeling', 'lecture_normalization', 'activity_normalization', 'lecture_normalization', 'activity_conceptual_modeling_advanced', 'activity_conceptual_modeling', 'lecture_modeling_normalization', 'lecture_independence_views', 'activity_normalization', 'lecture_normalization', 'activity_normalization_correction', 'practice_transaction', 'lecture_independence_views', 'web_architecture_home', 'lecture_technical_architecture', 'lecture_software_architecture', 'lecture_dto', 'lecture_mvc_spring', 'lecture_jpa', 'lecture_mvc_spring', 'lecture_json', 'practice_json', 'practice_jpa', 'activity_sql', 'activity_sql_correction', 'web_architecture_home', 'practice_jpa', 'lecture_jpa', 'lecture_modeling_normalization', 'lecture_conceptual_modeling', 'activity_conceptual_modeling', 'activity_conceptual_modeling_advanced', 'lecture_normalization', 'activity_normalization', 'lecture_transaction', 'practice_transaction', 'web_architecture_home', 'lecture_mvc_spring', 'practice_jpa', 'lecture_jpa', 'practice_jpa_advanced', 'lecture_xml', 'practice_spring_2tiers', 'practice_jpa', 'practice_jpa_advanced', 'practice_spring_2tiers', 'lecture_xml', 'technical_environment_home', 'activity_conceptual_modeling', 'lecture_conceptual_modeling', 'activity_conceptual_modeling', 'activity_conceptual_modeling_advanced', 'lecture_conceptual_modeling', 'lecture_modeling_normalization', 'activity_conceptual_modeling_correction', 'lecture_software_architecture', 'web_architecture_home', 'activity_normalization', 'activity_conceptual_modeling_advanced_correction', 'lecture_db_integrity', 'activity_conceptual_modeling', 'lecture_modeling_normalization', 'web_architecture_home', 'lecture_jpa', 'practice_jpa', 'technical_environment_home', 'practice_postgresql', 'web_architecture_home', 'lecture_xpath', 'practice_spring_2tiers_ext', 'practice_postgresql', 'practice_jpa_advanced', 'practice_jpa', 'activity_normalization', 'activity_decomposition', 'activity_conceptual_modeling', 'practice_advanced_sql', 'documentation_rdbms', 'lecture_normalization', 'activity_normalization', 'lecture_normalization', 'activity_normalization', 'activity_decomposition', 'lecture_independence_views', 'web_architecture_home', 'lecture_jpa', 'practice_jpa']",10.46,failure
2529,"['technical_environment_home', 'web_architecture_home', 'prerequisite_archiweb_2025', 'lecture_software_architecture', 'prerequisite_data_2025', 'prerequisite_techenv_2025', 'lecture_parser', 'lecture_jaxb', 'practice_spring_2tiers', 'technical_environment_home', 'prerequisite_techenv_2025', 'documentation_docker', 'technical_environment_home', 'prerequisite_techenv_2025', 'practice_docker', 'practice_postgresql', 'documentation_rdbms', 'documentation_programming', 'practice_spring', 'technical_environment_home', 'prerequisite_techenv_2025', 'practice_spring', 'documentation_programming', 'web_architecture_home', 'prerequisite_archiweb_2025', 'spring_bean', 'inversion_of_control', 'lecture_technical_architecture', 'prerequisite_data_2025', 'lecture_relational_model', 'lecture_db_integrity', 'activity_relational_model', 'technical_environment_home', 'practice_postgresql', 'practice_docker', 'lecture_relational_algebra', 'activity_relational_model_correction', 'web_architecture_home', 'lecture_modeling_normalization', 'lecture_conceptual_modeling', 'activity_conceptual_modeling', 'lecture_normalization', 'activity_conceptual_modeling_correction', 'activity_conceptual_modeling', 'activity_conceptual_modeling_advanced', 'activity_conceptual_modeling_advanced_correction', 'lecture_relational_model', 'activity_conceptual_modeling', 'lecture_normalization', 'lecture_conceptual_modeling', 'lecture_modeling_normalization', 'activity_normalization', 'practice_independence_views', 'activity_conceptual_modeling_advanced', 'activity_conceptual_modeling_advanced_correction', 'activity_conceptual_modeling_correction', 'technical_environment_home', 'prerequisite_techenv_2025', 'practice_docker', 'activity_normalization_correction', 'activity_decomposition', 'activity_decomposition_correction', 'activity_sql', 'activity_sql_correction', 'practice_sql', 'activity_sql', 'practice_sql_correction', 'practice_advanced_sql', 'practice_independence_views', 'lecture_transaction', 'practice_transaction', 'documentation_programming', 'practice_spring', 'web_architecture_home', 'prerequisite_archiweb_2025', 'practice_transaction_correction', 'lecture_technical_architecture', 'lecture_software_architecture', 'lecture_mvc_spring', 'practice_spring_2tiers', 'practice_spring_2tiers_ext', 'prerequisite_archiweb_2025', 'technical_environment_home', 'prerequisite_techenv_2025', 'practice_docker', 'web_architecture_home', 'prerequisite_data_2025', 'practice_transaction', 'lecture_normalization', 'activity_conceptual_modeling', 'lecture_conceptual_modeling', 'lecture_transaction', 'lecture_jpa', 'practice_spring_2tiers', 'practice_jpa', 'lecture_mvc_spring', 'practice_jpa_advanced', 'practice_jpa', 'prerequisite_data_2025', 'lecture_relational_model', 'lecture_db_integrity', 'activity_relational_model', 'lecture_modeling_normalization', 'lecture_conceptual_modeling', 'activity_conceptual_modeling', 'lecture_normalization', 'activity_normalization', 'activity_decomposition', 'activity_normalization', 'activity_decomposition', 'activity_normalization', 'activity_decomposition_correction', 'web_architecture_home', 'prerequisite_data_2025', 'lecture_indexation', 'prerequisite_archiweb_2025', 'lecture_technical_architecture', 'practice_spring_2tiers_ext', 'lecture_software_architecture', 'lecture_dto', 'web_architecture_home', 'prerequisite_archiweb_2025', 'lecture_mvc_spring', 'practice_spring_2tiers']",16.08,success
253,"['technical_environment_home', 'prerequisite_techenv_2025', 'technical_environment_home', 'prerequisite_techenv_2025', 'technical_environment_home', 'documentation_docker', 'practice_docker', 'practice_postgresql', 'documentation_rdbms', 'technical_environment_home', 'documentation_docker', 'prerequisite_data_2025', 'lecture_modeling_normalization', 'prerequisite_techenv_2025', 'lecture_conceptual_modeling', 'activity_conceptual_modeling', 'activity_conceptual_modeling_advanced', 'lecture_normalization', 'activity_normalization', 'lecture_conceptual_modeling', 'prerequisite_techenv_2025', 'documentation_docker', 'activity_sql', 'practice_sql', 'activity_sql', 'lecture_independence_views', 'practice_independence_views', 'practice_sql', 'practice_advanced_sql', 'prerequisite_techenv_2025', 'lecture_transaction', 'practice_transaction', 'lecture_indexation', 'practice_advanced_sql', 'lecture_transaction', 'practice_transaction', 'lecture_isolation', 'technical_environment_home', 'documentation_docker', 'practice_docker', 'practice_docker_advanced', 'documentation_rdbms', 'practice_postgresql', 'prerequisite_data_2025', 'practice_sql', 'web_architecture_home', 'prerequisite_archiweb_2025', 'practice_spring_2tiers', 'practice_sql', 'lecture_transaction', 'web_architecture_home', 'prerequisite_archiweb_2025', 'lecture_json']",12.54,success
2530,"['technical_environment_home', 'documentation_docker', 'practice_docker', 'technical_environment_home', 'practice_docker_advanced', 'documentation_rdbms', 'practice_docker', 'practice_postgresql', 'documentation_programming', 'inversion_of_control', 'spring_bean', 'practice_spring', 'lecture_relational_model', 'lecture_db_integrity', 'lecture_relational_algebra', 'activity_relational_model', 'lecture_modeling_normalization', 'lecture_conceptual_modeling', 'activity_conceptual_modeling', 'lecture_normalization', 'activity_conceptual_modeling_advanced', 'activity_normalization', 'activity_decomposition', 'lecture_independence_views', 'practice_independence_views', 'activity_sql', 'activity_sql_correction', 'practice_sql', 'activity_sql', 'practice_sql_correction', 'lecture_transaction', 'practice_transaction', 'web_architecture_home', 'lecture_technical_architecture', 'lecture_software_architecture', 'lecture_dto', 'lecture_mvc_spring', 'lecture_jpa', 'practice_jpa', 'web_architecture_home', 'technical_environment_home', 'lecture_db_integrity', 'lecture_conceptual_modeling', 'lecture_normalization', 'activity_conceptual_modeling_advanced', 'activity_normalization', 'activity_conceptual_modeling', 'practice_transaction', 'lecture_transaction', 'practice_jpa', 'lecture_xml', 'practice_spring_2tiers', 'web_architecture_home', 'practice_jpa_advanced', 'practice_spring_2tiers', 'web_architecture_home', 'practice_spring_2tiers', 'web_architecture_home', 'lecture_normalization', 'web_architecture_home', 'practice_spring_2tiers_ext', 'lecture_dto', 'web_architecture_home', 'lecture_conceptual_modeling', 'technical_environment_home', 'documentation_docker', 'practice_docker', 'practice_docker_advanced', 'documentation_rdbms', 'practice_postgresql', 'technical_environment_home', 'practice_docker_advanced', 'practice_docker', 'documentation_programming', 'practice_spring']",12.96,success
2531,"['technical_environment_home', 'prerequisite_techenv_2025', 'documentation_docker', 'practice_docker', 'technical_environment_home', 'documentation_docker', 'practice_docker', 'documentation_rdbms', 'practice_postgresql', 'practice_docker_advanced', 'prerequisite_data_2025', 'lecture_relational_model', 'lecture_db_integrity', 'lecture_relational_algebra', 'activity_relational_model', 'activity_relational_model_correction', 'web_architecture_home', 'lecture_modeling_normalization', 'lecture_conceptual_modeling', 'activity_conceptual_modeling', 'lecture_conceptual_modeling', 'lecture_normalization', 'activity_normalization', 'activity_normalization_correction', 'lecture_normalization', 'activity_sql', 'activity_sql_correction', 'practice_sql', 'lecture_transaction', 'practice_transaction', 'prerequisite_data_2025', 'technical_environment_home', 'web_architecture_home', 'prerequisite_archiweb_2025', 'documentation_docker', 'practice_docker', 'practice_postgresql', 'documentation_programming', 'practice_spring', 'practice_sql', 'practice_sql_correction', 'lecture_transaction', 'practice_transaction', 'practice_transaction_correction', 'practice_transaction', 'practice_transaction_correction', 'web_architecture_home', 'lecture_technical_architecture', 'lecture_software_architecture', 'lecture_dto', 'lecture_mvc_spring', 'lecture_jpa', 'practice_jpa', 'lecture_conceptual_modeling', 'activity_normalization', 'lecture_normalization', 'activity_conceptual_modeling', 'web_architecture_home', 'practice_jpa', 'lecture_jpa', 'practice_jpa_advanced', 'practice_spring_2tiers', 'practice_json', 'lecture_jpa', 'lecture_mvc_spring', 'web_architecture_home', 'practice_spring_2tiers', 'activity_conceptual_modeling', 'lecture_conceptual_modeling', 'web_architecture_home', 'practice_spring_2tiers', 'lecture_xml', 'practice_xml', 'practice_json', 'web_architecture_home', 'practice_jpa_advanced', 'web_architecture_home', 'practice_jpa_advanced', 'lecture_conceptual_modeling', 'lecture_normalization', 'practice_spring_2tiers', 'activity_conceptual_modeling', 'web_architecture_home', 'practice_spring_2tiers_ext', 'lecture_dto', 'technical_environment_home', 'documentation_docker', 'practice_docker', 'practice_docker_advanced', 'documentation_rdbms', 'practice_postgresql', 'documentation_programming', 'inversion_of_control', 'spring_bean', 'practice_spring', 'web_architecture_home']",12.63,success
2533,"['technical_environment_home', 'web_architecture_home', 'technical_environment_home', 'prerequisite_techenv_2025', 'technical_environment_home', 'documentation_rdbms', 'practice_postgresql', 'documentation_docker', 'web_architecture_home', 'prerequisite_data_2025', 'practice_docker', 'technical_environment_home', 'practice_docker', 'practice_postgresql', 'practice_docker_advanced', 'web_architecture_home', 'practice_xpath', 'lecture_technical_architecture', 'documentation_rdbms', 'technical_environment_home', 'documentation_rdbms', 'web_architecture_home', 'practice_postgresql', 'documentation_programming', 'inversion_of_control', 'practice_docker_advanced', 'technical_environment_home', 'practice_docker_advanced', 'technical_environment_home', 'practice_docker_advanced', 'practice_postgresql', 'documentation_programming', 'practice_spring', 'inversion_of_control', 'web_architecture_home', 'technical_environment_home', 'documentation_programming', 'prerequisite_archiweb_2025', 'inversion_of_control', 'lecture_technical_architecture', 'lecture_software_architecture', 'lecture_dto', 'lecture_mvc_spring', 'practice_spring', 'documentation_docker', 'practice_docker', 'prerequisite_techenv_2025', 'prerequisite_data_2025', 'technical_environment_home', 'prerequisite_data_2025', 'web_architecture_home', 'prerequisite_archiweb_2025', 'technical_environment_home', 'practice_jpa', 'prerequisite_data_2025', 'lecture_relational_model', 'technical_environment_home', 'web_architecture_home', 'prerequisite_archiweb_2025', 'lecture_mvc_spring', 'technical_environment_home', 'practice_spring', 'lecture_xml', 'practice_xml', 'lecture_json', 'web_architecture_home', 'prerequisite_archiweb_2025', 'web_architecture_home', 'practice_spring_2tiers', 'activity_conceptual_modeling', 'activity_normalization', 'lecture_conceptual_modeling', 'activity_relational_model', 'lecture_relational_model', 'lecture_modeling_normalization', 'activity_decomposition', 'activity_normalization_correction', 'activity_sql', 'prerequisite_data_2025', 'lecture_normalization', 'technical_environment_home', 'documentation_docker', 'documentation_programming', 'practice_docker', 'practice_postgresql', 'web_architecture_home', 'lecture_mvc_spring', 'practice_xml', 'practice_spring', 'lecture_json', 'prerequisite_data_2025', 'lecture_db_integrity', 'web_architecture_home', 'activity_normalization', 'lecture_normalization', 'web_architecture_home', 'lecture_jpa', 'web_architecture_home', 'lecture_mvc_spring', 'lecture_jpa']",9.79,failure
2534,"['technical_environment_home', 'prerequisite_techenv_2025', 'documentation_programming', 'inversion_of_control', 'spring_bean', 'practice_spring', 'documentation_docker', 'practice_docker_advanced', 'practice_docker', 'documentation_rdbms', 'technical_environment_home', 'practice_docker_advanced', 'practice_spring', 'web_architecture_home', 'technical_environment_home', 'practice_postgresql', 'prerequisite_data_2025', 'web_architecture_home', 'lecture_technical_architecture', 'technical_environment_home', 'documentation_docker', 'practice_docker', 'practice_docker_advanced', 'documentation_rdbms', 'practice_postgresql', 'web_architecture_home', 'lecture_software_architecture', 'lecture_dto', 'lecture_xml', 'lecture_json', 'lecture_mvc_spring', 'lecture_jpa', 'practice_jpa', 'web_architecture_home', 'lecture_jpa', 'practice_jpa', 'web_architecture_home', 'practice_spring_2tiers_ext', 'practice_spring_2tiers', 'lecture_software_architecture', 'technical_environment_home', 'lecture_xml', 'lecture_validity', 'lecture_xpath', 'lecture_parser', 'lecture_jaxb', 'lecture_relational_model', 'lecture_db_integrity', 'lecture_relational_algebra', 'activity_relational_model', 'activity_relational_model_correction', 'lecture_modeling_normalization', 'lecture_conceptual_modeling', 'activity_conceptual_modeling', 'activity_conceptual_modeling_correction', 'activity_conceptual_modeling_advanced', 'activity_conceptual_modeling_advanced_correction', 'lecture_normalization', 'activity_normalization', 'activity_decomposition', 'activity_normalization', 'activity_decomposition', 'activity_decomposition_correction', 'lecture_independence_views', 'practice_independence_views', 'practice_independence_views_correction', 'activity_sql', 'activity_sql_correction', 'activity_sql', 'activity_sql_correction', 'practice_sql', 'practice_sql_correction', 'practice_advanced_sql', 'practice_advanced_sql_correction', 'lecture_transaction', 'practice_transaction', 'lecture_isolation', 'practice_isolation', 'lecture_indexation', 'practice_indexation', 'technical_environment_home', 'practice_docker_advanced', 'practice_advanced_sql', 'practice_sql', 'practice_sql_correction', 'activity_sql', 'activity_sql_correction', 'lecture_conceptual_modeling', 'web_architecture_home', 'lecture_dto', 'lecture_software_architecture', 'lecture_technical_architecture', 'lecture_jpa', 'practice_jpa', 'practice_jpa_advanced', 'practice_spring_2tiers_ext', 'practice_spring_2tiers', 'lecture_jaxb', 'lecture_conceptual_modeling', 'lecture_modeling_normalization', 'activity_conceptual_modeling', 'activity_conceptual_modeling_advanced', 'lecture_normalization', 'technical_environment_home', 'prerequisite_techenv_2025', 'practice_docker_advanced', 'web_architecture_home', 'prerequisite_archiweb_2025', 'lecture_jaxb', 'practice_spring', 'spring_bean', 'inversion_of_control', 'lecture_isolation', 'practice_isolation', 'lecture_indexation', 'practice_indexation', 'practice_schema_xml', 'lecture_xml', 'technical_environment_home', 'web_architecture_home', 'lecture_relational_model', 'activity_relational_model', 'lecture_conceptual_modeling', 'technical_environment_home', 'practice_docker_advanced', 'practice_docker', 'technical_environment_home', 'practice_docker_advanced', 'practice_docker', 'practice_postgresql', 'prerequisite_techenv_2025', 'technical_environment_home', 'documentation_programming', 'inversion_of_control', 'spring_bean', 'practice_spring', 'technical_environment_home', 'web_architecture_home', 'practice_jpa', 'lecture_conceptual_modeling']",14.9,success
2539,"['technical_environment_home', 'web_architecture_home', 'prerequisite_data_2025', 'lecture_relational_model', 'technical_environment_home', 'prerequisite_techenv_2025', 'documentation_docker', 'practice_docker', 'documentation_rdbms', 'practice_postgresql', 'documentation_programming', 'inversion_of_control', 'practice_spring', 'web_architecture_home', 'prerequisite_archiweb_2025', 'prerequisite_data_2025', 'lecture_relational_model', 'lecture_db_integrity', 'activity_relational_model', 'activity_relational_model_correction', 'lecture_modeling_normalization', 'lecture_conceptual_modeling', 'activity_conceptual_modeling', 'activity_conceptual_modeling_correction', 'lecture_normalization', 'prerequisite_data_2025', 'activity_normalization', 'activity_normalization_correction', 'lecture_normalization', 'activity_sql', 'activity_sql_correction', 'practice_sql', 'practice_sql_correction', 'documentation_rdbms', 'practice_postgresql', 'lecture_transaction', 'practice_transaction', 'practice_transaction_correction', 'practice_transaction', 'web_architecture_home', 'lecture_transaction', 'technical_environment_home', 'lecture_technical_architecture', 'prerequisite_archiweb_2025', 'lecture_software_architecture', 'lecture_dto', 'lecture_xml', 'lecture_json', 'practice_xml', 'prerequisite_archiweb_2025', 'lecture_xml', 'practice_xml', 'lecture_transaction', 'activity_sql', 'lecture_conceptual_modeling', 'lecture_normalization', 'lecture_modeling_normalization', 'practice_json', 'practice_jpa', 'lecture_jpa', 'lecture_mvc_spring', 'web_architecture_home', 'technical_environment_home', 'prerequisite_techenv_2025', 'documentation_programming', 'practice_spring', 'practice_jpa_advanced', 'practice_spring_2tiers', 'practice_jpa_advanced', 'practice_spring_2tiers', 'technical_environment_home', 'prerequisite_archiweb_2025', 'web_architecture_home', 'practice_spring_2tiers', 'prerequisite_data_2025', 'lecture_conceptual_modeling', 'activity_conceptual_modeling', 'lecture_normalization', 'activity_normalization', 'lecture_transaction', 'practice_transaction', 'web_architecture_home', 'practice_spring_2tiers_ext', 'lecture_mvc_spring', 'prerequisite_archiweb_2025', 'lecture_dto', 'practice_spring_2tiers', 'lecture_normalization', 'lecture_conceptual_modeling', 'web_architecture_home', 'prerequisite_archiweb_2025', 'practice_spring_2tiers_ext', 'technical_environment_home', 'documentation_docker', 'practice_docker', 'practice_postgresql', 'documentation_programming', 'practice_spring', 'prerequisite_data_2025', 'activity_sql', 'practice_sql', 'documentation_rdbms', 'technical_environment_home', 'web_architecture_home', 'practice_jpa', 'practice_jpa_advanced', 'practice_spring_2tiers']",13.75,success
2540,"['technical_environment_home', 'practice_docker', 'documentation_rdbms', 'practice_postgresql', 'documentation_programming', 'practice_spring', 'technical_environment_home', 'documentation_programming', 'practice_spring', 'lecture_relational_model', 'lecture_db_integrity', 'activity_relational_model', 'activity_sql', 'practice_sql', 'practice_advanced_sql', 'technical_environment_home', 'web_architecture_home', 'prerequisite_archiweb_2025', 'technical_environment_home', 'activity_conceptual_modeling', 'lecture_conceptual_modeling', 'activity_sql', 'practice_sql', 'web_architecture_home', 'practice_sql', 'lecture_technical_architecture', 'lecture_software_architecture', 'web_architecture_home', 'lecture_technical_architecture', 'practice_jpa', 'lecture_mvc_spring', 'lecture_jpa', 'web_architecture_home', 'practice_spring_2tiers', 'activity_normalization', 'lecture_normalization', 'activity_decomposition', 'activity_normalization_correction', 'web_architecture_home', 'practice_spring_2tiers_ext', 'lecture_software_architecture', 'web_architecture_home', 'lecture_normalization', 'web_architecture_home', 'lecture_conceptual_modeling', 'lecture_normalization']",11.29,failure
2541,"['technical_environment_home', 'documentation_docker', 'documentation_rdbms', 'practice_postgresql', 'practice_docker', 'lecture_relational_model', 'practice_docker', 'prerequisite_techenv_2025', 'practice_docker_advanced', 'practice_docker', 'practice_docker_advanced', 'documentation_rdbms', 'technical_environment_home', 'documentation_programming', 'practice_postgresql', 'technical_environment_home', 'documentation_programming', 'practice_spring', 'inversion_of_control', 'web_architecture_home', 'spring_bean', 'technical_environment_home', 'practice_spring', 'documentation_programming', 'inversion_of_control', 'practice_spring', 'lecture_relational_model', 'lecture_db_integrity', 'technical_environment_home', 'practice_spring', 'activity_relational_model', 'activity_relational_model_correction', 'prerequisite_data_2025', 'lecture_modeling_normalization', 'lecture_relational_algebra', 'lecture_conceptual_modeling', 'activity_conceptual_modeling', 'activity_conceptual_modeling_correction', 'lecture_normalization', 'activity_sql', 'lecture_normalization', 'activity_normalization', 'technical_environment_home', 'activity_sql', 'activity_normalization', 'lecture_normalization', 'activity_sql_correction', 'practice_sql', 'practice_sql_correction', 'practice_advanced_sql', 'lecture_transaction', 'practice_transaction', 'lecture_relational_model', 'prerequisite_data_2025', 'web_architecture_home', 'prerequisite_archiweb_2025', 'lecture_technical_architecture', 'lecture_software_architecture', 'lecture_dto', 'lecture_mvc_spring', 'lecture_jpa', 'practice_jpa', 'web_architecture_home', 'lecture_jpa', 'web_architecture_home', 'practice_jpa', 'prerequisite_archiweb_2025', 'practice_jpa_advanced', 'practice_spring_2tiers', 'web_architecture_home', 'practice_spring_2tiers', 'practice_jpa_advanced', 'web_architecture_home', 'lecture_xml', 'practice_xml', 'lecture_json', 'practice_json', 'practice_jpa_advanced', 'lecture_modeling_normalization', 'activity_conceptual_modeling', 'lecture_conceptual_modeling', 'activity_conceptual_modeling_advanced', 'activity_conceptual_modeling_advanced_correction', 'activity_conceptual_modeling_correction', 'lecture_normalization', 'activity_normalization', 'activity_decomposition', 'activity_decomposition_correction', 'lecture_normalization', 'activity_normalization_correction', 'activity_decomposition_correction', 'web_architecture_home', 'practice_spring_2tiers_ext', 'lecture_dto', 'technical_environment_home', 'documentation_docker', 'practice_docker_advanced', 'practice_docker', 'web_architecture_home', 'practice_spring_2tiers', 'lecture_technical_architecture', 'lecture_software_architecture', 'lecture_mvc_spring', 'lecture_jpa', 'practice_jpa', 'practice_jpa_advanced']",15.25,success
2542,"['technical_environment_home', 'documentation_docker', 'practice_docker', 'practice_postgresql', 'practice_docker_advanced', 'documentation_rdbms', 'documentation_programming', 'inversion_of_control', 'spring_bean', 'practice_spring', 'web_architecture_home', 'lecture_technical_architecture', 'lecture_xml', 'lecture_relational_model', 'lecture_db_integrity', 'lecture_relational_algebra', 'activity_relational_model', 'activity_relational_model_correction', 'lecture_modeling_normalization', 'lecture_conceptual_modeling', 'activity_conceptual_modeling', 'lecture_normalization', 'activity_decomposition', 'activity_normalization', 'activity_normalization_correction', 'activity_sql', 'activity_sql_correction', 'practice_sql', 'lecture_transaction', 'practice_transaction', 'practice_sql', 'practice_transaction_correction', 'web_architecture_home', 'lecture_technical_architecture', 'lecture_software_architecture', 'lecture_dto', 'lecture_mvc_spring', 'web_architecture_home', 'lecture_software_architecture', 'lecture_dto', 'lecture_mvc_spring', 'lecture_jpa', 'practice_jpa', 'web_architecture_home', 'practice_jpa_advanced', 'lecture_conceptual_modeling', 'activity_normalization', 'lecture_normalization', 'activity_conceptual_modeling', 'lecture_independence_views', 'lecture_modeling_normalization', 'lecture_transaction', 'practice_jpa', 'practice_jpa_advanced', 'practice_spring_2tiers', 'technical_environment_home', 'inversion_of_control', 'web_architecture_home', 'lecture_xml', 'web_architecture_home', 'lecture_xml', 'lecture_json', 'practice_json', 'activity_conceptual_modeling', 'activity_decomposition', 'activity_normalization', 'lecture_independence_views', 'lecture_normalization', 'practice_independence_views', 'lecture_conceptual_modeling', 'web_architecture_home', 'lecture_conceptual_modeling', 'lecture_normalization', 'web_architecture_home', 'practice_jpa', 'practice_jpa_advanced']",15.21,success
2543,"['technical_environment_home', 'documentation_docker', 'web_architecture_home', 'technical_environment_home', 'prerequisite_techenv_2025', 'documentation_docker', 'practice_docker', 'documentation_programming', 'technical_environment_home', 'prerequisite_techenv_2025', 'practice_docker', 'practice_postgresql', 'documentation_programming', 'practice_spring', 'technical_environment_home', 'prerequisite_techenv_2025', 'technical_environment_home', 'prerequisite_data_2025', 'lecture_relational_model', 'prerequisite_data_2025', 'lecture_relational_model', 'lecture_db_integrity', 'activity_relational_model', 'activity_relational_model_correction', 'lecture_relational_algebra', 'lecture_modeling_normalization', 'lecture_conceptual_modeling', 'prerequisite_data_2025', 'lecture_modeling_normalization', 'lecture_conceptual_modeling', 'activity_conceptual_modeling', 'activity_conceptual_modeling_correction', 'lecture_normalization', 'web_architecture_home', 'prerequisite_archiweb_2025', 'prerequisite_data_2025', 'lecture_normalization', 'web_architecture_home', 'prerequisite_archiweb_2025', 'practice_jpa', 'prerequisite_data_2025', 'activity_normalization', 'lecture_normalization', 'lecture_conceptual_modeling', 'activity_conceptual_modeling', 'web_architecture_home', 'practice_jpa_advanced', 'practice_spring_2tiers', 'lecture_jpa', 'practice_jpa', 'lecture_dto', 'practice_xml', 'practice_schema_xml', 'lecture_json', 'practice_json', 'practice_spring_2tiers_ext', 'web_architecture_home', 'practice_jpa_advanced', 'practice_spring_2tiers_ext', 'web_architecture_home', 'practice_jpa_advanced', 'practice_spring_2tiers', 'practice_jpa', 'practice_spring_2tiers_ext', 'web_architecture_home', 'prerequisite_archiweb_2025', 'practice_spring_2tiers', 'practice_jpa', 'practice_jpa_advanced', 'web_architecture_home', 'prerequisite_data_2025', 'lecture_conceptual_modeling']",16.88,success
2544,"['technical_environment_home', 'prerequisite_techenv_2025', 'documentation_docker', 'practice_docker', 'technical_environment_home', 'prerequisite_techenv_2025', 'spring_bean', 'inversion_of_control', 'documentation_programming', 'documentation_docker', 'practice_docker_advanced', 'practice_docker', 'practice_postgresql', 'documentation_rdbms', 'practice_spring', 'web_architecture_home', 'lecture_jaxb', 'lecture_technical_architecture', 'prerequisite_data_2025', 'lecture_relational_model', 'lecture_db_integrity', 'activity_relational_model', 'activity_relational_model_correction', 'lecture_modeling_normalization', 'lecture_conceptual_modeling', 'activity_conceptual_modeling', 'activity_conceptual_modeling_correction', 'lecture_normalization', 'activity_normalization', 'activity_conceptual_modeling_advanced', 'web_architecture_home', 'activity_sql', 'prerequisite_data_2025', 'activity_conceptual_modeling', 'lecture_normalization', 'activity_sql', 'activity_normalization', 'activity_normalization_correction', 'practice_sql', 'practice_sql_correction', 'lecture_transaction', 'practice_transaction', 'web_architecture_home', 'practice_spring_2tiers', 'web_architecture_home', 'lecture_technical_architecture', 'lecture_software_architecture', 'lecture_jpa', 'practice_jpa', 'lecture_mvc_spring', 'lecture_dto', 'web_architecture_home', 'lecture_technical_architecture', 'lecture_software_architecture', 'lecture_dto', 'lecture_mvc_spring', 'lecture_jpa', 'practice_jpa', 'web_architecture_home', 'practice_jpa', 'lecture_mvc_spring', 'practice_spring_2tiers', 'lecture_jpa', 'web_architecture_home', 'practice_spring_2tiers', 'lecture_conceptual_modeling', 'activity_normalization', 'activity_decomposition', 'practice_jpa', 'practice_spring_2tiers', 'activity_conceptual_modeling', 'lecture_normalization', 'activity_normalization', 'activity_decomposition', 'activity_conceptual_modeling_correction', 'activity_decomposition', 'activity_decomposition_correction', 'activity_conceptual_modeling', 'activity_conceptual_modeling_correction', 'web_architecture_home', 'practice_jpa']",10.5,failure
2545,"['technical_environment_home', 'documentation_docker', 'documentation_programming', 'prerequisite_techenv_2025', 'practice_spring', 'practice_docker', 'documentation_programming', 'practice_spring', 'technical_environment_home', 'documentation_docker', 'practice_docker', 'practice_postgresql', 'technical_environment_home', 'practice_postgresql', 'practice_docker', 'prerequisite_data_2025', 'lecture_modeling_normalization', 'lecture_conceptual_modeling', 'activity_conceptual_modeling', 'activity_sql', 'practice_sql', 'activity_sql', 'lecture_conceptual_modeling', 'activity_conceptual_modeling', 'activity_conceptual_modeling_correction', 'lecture_normalization', 'activity_normalization', 'web_architecture_home', 'prerequisite_data_2025', 'activity_sql', 'lecture_normalization', 'activity_normalization', 'activity_normalization_correction', 'lecture_relational_model', 'practice_sql', 'activity_sql', 'technical_environment_home', 'web_architecture_home', 'lecture_technical_architecture', 'lecture_software_architecture', 'lecture_dto', 'lecture_mvc_spring', 'prerequisite_archiweb_2025', 'lecture_jpa', 'web_architecture_home', 'prerequisite_archiweb_2025', 'lecture_xml', 'practice_xml', 'lecture_transaction', 'practice_transaction', 'lecture_technical_architecture', 'lecture_software_architecture', 'lecture_dto', 'lecture_mvc_spring', 'lecture_jpa', 'practice_jpa', 'web_architecture_home', 'practice_spring_2tiers', 'web_architecture_home', 'lecture_modeling_normalization', 'lecture_conceptual_modeling', 'activity_decomposition', 'activity_normalization', 'lecture_normalization', 'lecture_relational_model', 'technical_environment_home', 'practice_docker', 'lecture_normalization', 'lecture_conceptual_modeling', 'lecture_modeling_normalization', 'lecture_normalization', 'web_architecture_home']",9.41,failure
2546,"['technical_environment_home', 'prerequisite_techenv_2025', 'documentation_docker', 'practice_docker', 'practice_docker_advanced', 'technical_environment_home', 'practice_postgresql', 'spring_bean', 'documentation_programming', 'inversion_of_control', 'documentation_rdbms', 'prerequisite_archiweb_2025', 'lecture_technical_architecture', 'lecture_software_architecture', 'lecture_mvc_spring', 'lecture_jaxb', 'lecture_validity', 'practice_spring_2tiers', 'web_architecture_home', 'prerequisite_techenv_2025', 'practice_docker', 'practice_spring', 'technical_environment_home', 'documentation_docker', 'practice_docker', 'practice_postgresql', 'practice_docker_advanced', 'web_architecture_home', 'technical_environment_home', 'documentation_rdbms', 'documentation_programming', 'practice_postgresql', 'practice_docker_advanced', 'practice_docker', 'lecture_relational_model', 'lecture_db_integrity', 'web_architecture_home', 'lecture_technical_architecture', 'technical_environment_home', 'practice_postgresql', 'documentation_programming', 'practice_spring', 'prerequisite_techenv_2025', 'prerequisite_archiweb_2025', 'lecture_relational_model', 'lecture_normalization', 'lecture_modeling_normalization', 'lecture_db_integrity', 'activity_relational_model', 'lecture_conceptual_modeling', 'activity_conceptual_modeling', 'lecture_jaxb', 'activity_normalization', 'activity_sql', 'practice_sql', 'web_architecture_home', 'technical_environment_home', 'activity_conceptual_modeling_correction', 'lecture_technical_architecture', 'lecture_software_architecture', 'lecture_mvc_spring', 'lecture_dto', 'lecture_xml', 'lecture_json', 'lecture_validity', 'lecture_xpath', 'lecture_parser', 'practice_xml', 'practice_json', 'lecture_jpa', 'prerequisite_archiweb_2025', 'documentation_docker', 'practice_docker', 'technical_environment_home', 'web_architecture_home', 'lecture_dto', 'lecture_mvc_spring', 'web_architecture_home', 'lecture_mvc_spring', 'lecture_software_architecture', 'lecture_jpa', 'web_architecture_home', 'prerequisite_archiweb_2025', 'lecture_mvc_spring', 'lecture_jpa', 'practice_jpa_advanced', 'practice_spring_2tiers', 'practice_spring_2tiers_ext', 'practice_jpa', 'web_architecture_home', 'prerequisite_archiweb_2025', 'practice_spring_2tiers', 'lecture_modeling_normalization', 'lecture_conceptual_modeling', 'activity_conceptual_modeling', 'activity_normalization', 'activity_decomposition', 'web_architecture_home', 'lecture_jaxb', 'practice_xml', 'technical_environment_home']",14.63,success
2547,"['technical_environment_home', 'documentation_docker', 'practice_docker', 'technical_environment_home', 'documentation_docker', 'practice_docker', 'practice_docker_advanced', 'lecture_relational_model', 'technical_environment_home', 'practice_docker', 'lecture_modeling_normalization', 'lecture_conceptual_modeling', 'activity_conceptual_modeling', 'web_architecture_home', 'technical_environment_home', 'activity_relational_model', 'lecture_db_integrity', 'lecture_normalization', 'activity_normalization', 'practice_docker', 'lecture_normalization', 'activity_normalization', 'activity_sql', 'practice_sql', 'practice_sql_correction', 'lecture_transaction', 'practice_transaction', 'lecture_transaction', 'practice_transaction', 'practice_transaction_correction', 'web_architecture_home', 'lecture_technical_architecture', 'lecture_software_architecture', 'lecture_dto', 'lecture_conceptual_modeling', 'lecture_modeling_normalization', 'web_architecture_home', 'lecture_dto', 'lecture_software_architecture', 'lecture_mvc_spring', 'lecture_jpa', 'practice_transaction', 'lecture_transaction', 'web_architecture_home', 'lecture_mvc_spring', 'practice_spring_2tiers', 'lecture_jpa', 'practice_jpa', 'practice_docker_advanced']",12.57,success
2548,"['technical_environment_home', 'documentation_programming', 'documentation_docker', 'prerequisite_techenv_2025', 'documentation_rdbms', 'technical_environment_home', 'web_architecture_home', 'documentation_docker', 'practice_docker_advanced', 'prerequisite_techenv_2025', 'lecture_technical_architecture', 'prerequisite_data_2025', 'technical_environment_home', 'practice_postgresql', 'documentation_rdbms', 'lecture_relational_model', 'lecture_db_integrity', 'practice_docker', 'web_architecture_home', 'lecture_technical_architecture', 'activity_relational_model', 'lecture_modeling_normalization', 'lecture_conceptual_modeling', 'activity_sql', 'activity_conceptual_modeling', 'activity_relational_model_correction', 'activity_conceptual_modeling_correction', 'activity_conceptual_modeling_advanced', 'activity_conceptual_modeling_advanced_correction', 'prerequisite_archiweb_2025', 'technical_environment_home', 'prerequisite_techenv_2025', 'documentation_docker', 'practice_docker', 'practice_docker_advanced', 'documentation_programming', 'practice_spring', 'lecture_normalization', 'activity_normalization', 'activity_normalization_correction', 'web_architecture_home', 'prerequisite_archiweb_2025', 'lecture_technical_architecture', 'lecture_software_architecture', 'lecture_dto', 'lecture_xml', 'practice_xml', 'lecture_json', 'lecture_jpa', 'prerequisite_data_2025', 'lecture_relational_model', 'lecture_db_integrity', 'lecture_modeling_normalization', 'activity_relational_model', 'activity_relational_model_correction', 'lecture_conceptual_modeling', 'activity_conceptual_modeling', 'activity_normalization', 'activity_decomposition', 'practice_transaction', 'lecture_transaction', 'web_architecture_home', 'prerequisite_archiweb_2025', 'lecture_technical_architecture', 'lecture_software_architecture', 'lecture_jpa', 'technical_environment_home', 'documentation_docker', 'practice_docker', 'lecture_mvc_spring', 'web_architecture_home', 'prerequisite_archiweb_2025', 'web_architecture_home', 'lecture_jpa', 'practice_jpa', 'practice_spring_2tiers_ext', 'web_architecture_home', 'practice_spring_2tiers', 'practice_spring_2tiers_ext', 'web_architecture_home', 'practice_spring_2tiers', 'prerequisite_data_2025', 'lecture_normalization', 'activity_normalization', 'activity_conceptual_modeling', 'lecture_conceptual_modeling', 'lecture_modeling_normalization', 'web_architecture_home', 'prerequisite_archiweb_2025', 'lecture_json', 'lecture_xml', 'lecture_jaxb', 'practice_xml', 'web_architecture_home', 'technical_environment_home', 'documentation_docker', 'practice_docker', 'documentation_docker', 'technical_environment_home']",15.96,success
2549,"['technical_environment_home', 'prerequisite_techenv_2025', 'web_architecture_home', 'prerequisite_archiweb_2025', 'documentation_docker', 'practice_docker_advanced', 'documentation_rdbms', 'technical_environment_home', 'prerequisite_techenv_2025', 'documentation_docker', 'practice_docker', 'practice_docker_advanced', 'documentation_rdbms', 'practice_postgresql', 'documentation_programming', 'practice_spring', 'spring_bean', 'inversion_of_control', 'technical_environment_home', 'prerequisite_techenv_2025', 'spring_bean', 'inversion_of_control', 'practice_docker_advanced', 'documentation_rdbms', 'documentation_programming', 'practice_postgresql', 'web_architecture_home', 'prerequisite_archiweb_2025', 'lecture_technical_architecture', 'lecture_mvc_spring', 'prerequisite_data_2025', 'lecture_relational_model', 'lecture_db_integrity', 'activity_relational_model', 'activity_relational_model_correction', 'lecture_relational_algebra', 'lecture_modeling_normalization', 'activity_conceptual_modeling', 'prerequisite_data_2025', 'lecture_modeling_normalization', 'activity_relational_model', 'lecture_conceptual_modeling', 'activity_conceptual_modeling_correction', 'lecture_normalization', 'activity_normalization', 'activity_decomposition', 'lecture_normalization', 'web_architecture_home', 'prerequisite_data_2025', 'activity_conceptual_modeling', 'lecture_normalization', 'activity_decomposition', 'activity_normalization', 'lecture_transaction', 'practice_transaction', 'documentation_rdbms', 'practice_transaction_correction', 'activity_sql', 'practice_sql', 'practice_indexation', 'practice_isolation', 'web_architecture_home', 'prerequisite_archiweb_2025', 'lecture_technical_architecture', 'lecture_software_architecture', 'lecture_mvc_spring', 'web_architecture_home', 'prerequisite_archiweb_2025', 'lecture_software_architecture', 'lecture_technical_architecture', 'practice_jpa', 'practice_jpa_advanced', 'lecture_mvc_spring', 'practice_spring_2tiers', 'technical_environment_home', 'prerequisite_techenv_2025', 'practice_spring', 'practice_postgresql', 'documentation_docker', 'practice_docker', 'web_architecture_home', 'prerequisite_archiweb_2025', 'practice_spring_2tiers', 'practice_spring_2tiers_ext', 'lecture_software_architecture', 'lecture_dto', 'web_architecture_home', 'lecture_jpa', 'practice_jpa', 'practice_jpa_advanced', 'web_architecture_home', 'prerequisite_archiweb_2025', 'practice_xml', 'web_architecture_home', 'prerequisite_archiweb_2025', 'lecture_xml', 'lecture_validity', 'practice_xml', 'prerequisite_data_2025', 'activity_normalization', 'activity_decomposition', 'activity_decomposition_correction', 'activity_conceptual_modeling', 'lecture_conceptual_modeling', 'lecture_normalization', 'web_architecture_home', 'prerequisite_archiweb_2025', 'practice_spring_2tiers_ext', 'prerequisite_data_2025', 'lecture_independence_views', 'activity_conceptual_modeling_advanced', 'practice_independence_views', 'practice_independence_views_correction', 'web_architecture_home', 'prerequisite_data_2025', 'practice_advanced_sql', 'practice_advanced_sql_correction', 'technical_environment_home']",17.31,success
255,"['technical_environment_home', 'documentation_docker', 'practice_docker', 'practice_docker_advanced', 'documentation_rdbms', 'practice_postgresql', 'practice_docker', 'documentation_programming', 'inversion_of_control', 'practice_spring', 'practice_docker', 'inversion_of_control', 'practice_spring', 'spring_bean', 'web_architecture_home', 'technical_environment_home', 'inversion_of_control', 'web_architecture_home', 'prerequisite_data_2025', 'web_architecture_home', 'prerequisite_archiweb_2025', 'lecture_relational_model', 'practice_spring', 'practice_docker', 'lecture_db_integrity', 'lecture_relational_model', 'activity_relational_model', 'lecture_relational_algebra', 'activity_relational_model_correction', 'lecture_modeling_normalization', 'activity_conceptual_modeling', 'web_architecture_home', 'technical_environment_home', 'documentation_docker', 'practice_docker', 'practice_docker_advanced', 'web_architecture_home', 'lecture_conceptual_modeling', 'activity_conceptual_modeling', 'activity_conceptual_modeling_correction', 'activity_conceptual_modeling_advanced', 'activity_decomposition', 'lecture_normalization', 'lecture_independence_views', 'prerequisite_archiweb_2025', 'lecture_jpa', 'lecture_xml', 'lecture_jaxb', 'technical_environment_home', 'spring_bean', 'lecture_modeling_normalization', 'lecture_conceptual_modeling', 'activity_conceptual_modeling', 'lecture_normalization', 'activity_sql', 'activity_sql_correction', 'practice_sql', 'documentation_rdbms', 'practice_postgresql', 'practice_docker', 'documentation_docker', 'practice_docker_advanced', 'documentation_rdbms', 'practice_postgresql', 'technical_environment_home', 'practice_docker', 'practice_sql_correction', 'lecture_transaction', 'practice_transaction', 'activity_sql', 'practice_sql', 'web_architecture_home', 'lecture_transaction', 'practice_transaction', 'prerequisite_data_2025', 'lecture_indexation', 'practice_indexation', 'lecture_mvc_spring', 'lecture_jpa', 'lecture_transaction', 'practice_transaction', 'practice_transaction_correction', 'lecture_modeling_normalization', 'lecture_conceptual_modeling', 'activity_conceptual_modeling', 'lecture_normalization', 'activity_normalization', 'lecture_isolation', 'activity_sql', 'practice_sql', 'lecture_db_integrity', 'lecture_relational_model', 'web_architecture_home', 'lecture_technical_architecture', 'lecture_mvc_spring', 'lecture_software_architecture', 'lecture_dto', 'lecture_xml', 'lecture_normalization', 'lecture_jpa', 'lecture_mvc_spring', 'lecture_normalization', 'practice_jpa', 'lecture_normalization', 'web_architecture_home', 'practice_spring_2tiers', 'practice_jpa_advanced', 'lecture_technical_architecture', 'lecture_conceptual_modeling', 'activity_conceptual_modeling', 'lecture_normalization', 'lecture_mvc_spring', 'lecture_jpa', 'web_architecture_home', 'activity_conceptual_modeling', 'lecture_conceptual_modeling', 'lecture_relational_model', 'lecture_db_integrity', 'lecture_relational_model', 'lecture_db_integrity', 'activity_relational_model', 'lecture_modeling_normalization', 'lecture_conceptual_modeling', 'lecture_normalization', 'activity_sql', 'practice_sql', 'lecture_transaction', 'practice_transaction', 'web_architecture_home', 'lecture_mvc_spring', 'practice_spring_2tiers', 'lecture_normalization', 'web_architecture_home', 'practice_spring_2tiers_ext', 'lecture_dto', 'lecture_jpa', 'web_architecture_home', 'practice_spring_2tiers_ext', 'web_architecture_home', 'technical_environment_home']",13.52,success
2550,"['technical_environment_home', 'prerequisite_techenv_2025', 'spring_bean', 'documentation_docker', 'practice_docker', 'practice_docker_advanced', 'practice_postgresql', 'documentation_programming', 'practice_spring', 'technical_environment_home', 'web_architecture_home', 'lecture_technical_architecture', 'lecture_software_architecture', 'lecture_jpa', 'lecture_relational_model', 'lecture_db_integrity', 'activity_relational_model', 'lecture_conceptual_modeling', 'web_architecture_home', 'lecture_relational_model', 'lecture_db_integrity', 'lecture_relational_algebra', 'activity_relational_model', 'activity_relational_model_correction', 'technical_environment_home', 'prerequisite_techenv_2025', 'inversion_of_control', 'documentation_docker', 'practice_docker', 'practice_docker_advanced', 'documentation_rdbms', 'practice_postgresql', 'documentation_programming', 'spring_bean', 'practice_spring', 'web_architecture_home', 'lecture_relational_model', 'web_architecture_home', 'technical_environment_home', 'lecture_relational_model', 'activity_relational_model', 'lecture_modeling_normalization', 'lecture_conceptual_modeling', 'activity_conceptual_modeling', 'lecture_normalization', 'activity_conceptual_modeling_correction', 'activity_conceptual_modeling', 'activity_conceptual_modeling_correction', 'lecture_normalization', 'activity_sql', 'web_architecture_home', 'technical_environment_home', 'lecture_technical_architecture', 'lecture_normalization', 'activity_normalization', 'activity_conceptual_modeling_advanced', 'activity_normalization_correction', 'lecture_jpa', 'lecture_mvc_spring', 'activity_decomposition', 'activity_sql', 'activity_sql_correction', 'technical_environment_home', 'web_architecture_home', 'lecture_technical_architecture', 'lecture_software_architecture', 'lecture_dto', 'lecture_json', 'practice_sql', 'activity_decomposition', 'activity_normalization', 'practice_advanced_sql', 'practice_spring_2tiers', 'web_architecture_home', 'lecture_technical_architecture', 'lecture_software_architecture', 'lecture_dto', 'prerequisite_archiweb_2025', 'lecture_mvc_spring', 'lecture_jpa', 'practice_jpa', 'practice_jpa_advanced', 'practice_spring_2tiers', 'practice_transaction', 'lecture_xml', 'lecture_json', 'practice_json', 'practice_xml', 'technical_environment_home', 'practice_spring_2tiers_ext', 'practice_spring', 'documentation_programming', 'lecture_relational_model', 'lecture_db_integrity', 'activity_relational_model', 'lecture_modeling_normalization', 'lecture_conceptual_modeling', 'lecture_normalization', 'activity_sql', 'lecture_transaction', 'practice_sql', 'web_architecture_home', 'practice_spring_2tiers', 'web_architecture_home', 'lecture_xml', 'practice_xml', 'technical_environment_home', 'web_architecture_home', 'lecture_normalization', 'web_architecture_home', 'practice_spring_2tiers_ext', 'lecture_dto', 'lecture_software_architecture', 'lecture_conceptual_modeling']",18.85,success
2551,"['technical_environment_home', 'prerequisite_techenv_2025', 'practice_docker', 'documentation_docker', 'practice_docker', 'practice_postgresql', 'documentation_docker', 'technical_environment_home', 'web_architecture_home', 'practice_postgresql', 'practice_docker', 'practice_spring', 'lecture_relational_model', 'lecture_db_integrity', 'activity_relational_model', 'documentation_docker', 'lecture_db_integrity', 'lecture_modeling_normalization', 'activity_conceptual_modeling', 'lecture_conceptual_modeling', 'activity_conceptual_modeling_correction', 'lecture_normalization', 'activity_normalization', 'activity_sql', 'technical_environment_home', 'practice_postgresql', 'documentation_docker', 'technical_environment_home', 'practice_postgresql', 'documentation_programming', 'practice_spring', 'web_architecture_home', 'practice_sql', 'activity_sql', 'activity_sql_correction', 'documentation_docker', 'practice_sql', 'activity_sql', 'practice_sql_correction', 'documentation_docker', 'practice_sql', 'lecture_relational_model', 'lecture_db_integrity', 'activity_relational_model', 'lecture_modeling_normalization', 'lecture_conceptual_modeling', 'activity_conceptual_modeling', 'lecture_normalization', 'activity_normalization', 'documentation_docker', 'web_architecture_home', 'lecture_transaction', 'practice_transaction', 'practice_transaction_correction', 'lecture_jpa', 'practice_jpa', 'practice_transaction', 'documentation_docker', 'practice_transaction', 'lecture_technical_architecture', 'documentation_docker', 'web_architecture_home', 'lecture_jpa', 'documentation_docker', 'lecture_jpa', 'practice_jpa', 'documentation_docker', 'web_architecture_home', 'lecture_dto', 'lecture_jpa', 'practice_jpa', 'practice_jpa_advanced', 'lecture_xml', 'practice_xml', 'practice_spring_2tiers', 'practice_spring_2tiers_ext', 'lecture_mvc_spring', 'lecture_technical_architecture', 'lecture_software_architecture', 'lecture_dto', 'lecture_relational_model', 'lecture_db_integrity', 'activity_relational_model', 'lecture_modeling_normalization', 'lecture_conceptual_modeling', 'lecture_normalization', 'activity_decomposition', 'activity_normalization', 'activity_sql', 'practice_sql', 'lecture_transaction', 'activity_conceptual_modeling', 'documentation_docker', 'web_architecture_home', 'practice_spring_2tiers', 'practice_spring_2tiers_ext', 'lecture_dto', 'documentation_docker', 'lecture_relational_model', 'lecture_db_integrity', 'activity_relational_model', 'lecture_conceptual_modeling', 'lecture_normalization']",7.96,failure
2552,"['technical_environment_home', 'prerequisite_techenv_2025', 'documentation_docker', 'practice_docker', 'practice_postgresql', 'web_architecture_home', 'prerequisite_archiweb_2025', 'technical_environment_home', 'prerequisite_techenv_2025', 'practice_postgresql', 'documentation_docker', 'practice_docker', 'technical_environment_home', 'prerequisite_techenv_2025', 'practice_postgresql', 'technical_environment_home', 'prerequisite_data_2025', 'lecture_relational_model', 'lecture_db_integrity', 'activity_relational_model', 'lecture_modeling_normalization', 'lecture_conceptual_modeling', 'activity_sql', 'lecture_db_tools', 'practice_sql', 'technical_environment_home', 'documentation_docker', 'web_architecture_home', 'lecture_normalization', 'activity_relational_model_correction', 'lecture_relational_algebra', 'lecture_modeling_normalization', 'lecture_conceptual_modeling', 'activity_conceptual_modeling', 'prerequisite_data_2025', 'lecture_conceptual_modeling', 'activity_conceptual_modeling', 'activity_conceptual_modeling_correction', 'lecture_normalization', 'activity_normalization', 'activity_normalization_correction', 'web_architecture_home', 'prerequisite_archiweb_2025', 'lecture_technical_architecture', 'lecture_software_architecture', 'lecture_dto', 'lecture_mvc_spring', 'lecture_jpa', 'practice_jpa', 'web_architecture_home', 'prerequisite_archiweb_2025', 'lecture_mvc_spring', 'technical_environment_home', 'prerequisite_techenv_2025', 'documentation_programming', 'practice_spring', 'documentation_programming', 'technical_environment_home', 'web_architecture_home', 'prerequisite_archiweb_2025', 'practice_jpa', 'lecture_jpa', 'documentation_programming', 'inversion_of_control', 'web_architecture_home', 'prerequisite_archiweb_2025', 'practice_jpa', 'web_architecture_home', 'practice_jpa', 'web_architecture_home', 'prerequisite_archiweb_2025', 'lecture_mvc_spring', 'prerequisite_archiweb_2025', 'lecture_mvc_spring', 'lecture_jpa', 'lecture_mvc_spring', 'practice_spring_2tiers', 'documentation_programming', 'prerequisite_archiweb_2025', 'technical_environment_home', 'web_architecture_home', 'lecture_mvc_spring', 'practice_jpa', 'practice_spring_2tiers', 'lecture_technical_architecture', 'prerequisite_data_2025', 'prerequisite_archiweb_2025', 'practice_json', 'lecture_jaxb', 'practice_schema_xml', 'lecture_conceptual_modeling', 'prerequisite_data_2025', 'activity_relational_model']",16.1,success
2553,"['technical_environment_home', 'documentation_docker', 'documentation_programming', 'practice_docker', 'practice_postgresql', 'documentation_docker', 'practice_docker_advanced', 'documentation_rdbms', 'lecture_relational_model', 'lecture_db_integrity', 'lecture_relational_algebra', 'activity_relational_model', 'technical_environment_home', 'documentation_rdbms', 'practice_postgresql', 'documentation_programming', 'inversion_of_control', 'spring_bean', 'practice_spring', 'web_architecture_home', 'lecture_technical_architecture', 'lecture_software_architecture', 'lecture_dto', 'lecture_mvc_spring', 'lecture_jpa', 'practice_jpa', 'practice_docker', 'practice_spring', 'web_architecture_home', 'practice_jpa', 'lecture_jpa', 'practice_jpa_advanced', 'lecture_relational_model', 'activity_relational_model', 'lecture_modeling_normalization', 'activity_conceptual_modeling', 'activity_conceptual_modeling_correction', 'activity_conceptual_modeling_advanced', 'activity_conceptual_modeling_advanced_correction', 'lecture_transaction', 'practice_indexation', 'practice_transaction', 'documentation_rdbms', 'practice_postgresql', 'web_architecture_home', 'lecture_transaction', 'practice_transaction', 'lecture_relational_model', 'lecture_db_integrity', 'activity_relational_model', 'activity_relational_model_correction', 'lecture_modeling_normalization', 'lecture_conceptual_modeling', 'web_architecture_home', 'lecture_mvc_spring', 'lecture_transaction', 'lecture_mvc_spring', 'lecture_transaction', 'lecture_mvc_spring', 'lecture_technical_architecture', 'lecture_jpa', 'practice_jpa', 'practice_jpa_advanced', 'web_architecture_home', 'practice_jpa', 'practice_jpa_advanced', 'practice_spring_2tiers', 'lecture_modeling_normalization', 'lecture_conceptual_modeling', 'activity_conceptual_modeling', 'lecture_normalization', 'activity_normalization', 'activity_normalization_correction', 'web_architecture_home', 'lecture_json', 'practice_json', 'lecture_xml', 'lecture_validity', 'lecture_jaxb', 'practice_xml', 'web_architecture_home', 'lecture_modeling_normalization', 'lecture_conceptual_modeling']",14.56,success
2554,"['technical_environment_home', 'prerequisite_techenv_2025', 'documentation_docker', 'documentation_programming', 'documentation_rdbms', 'technical_environment_home', 'practice_docker', 'technical_environment_home', 'practice_postgresql', 'documentation_programming', 'practice_spring', 'inversion_of_control', 'prerequisite_techenv_2025', 'web_architecture_home', 'lecture_relational_model', 'lecture_db_integrity', 'activity_relational_model', 'activity_relational_model_correction', 'lecture_modeling_normalization', 'lecture_conceptual_modeling', 'activity_conceptual_modeling', 'activity_conceptual_modeling_correction', 'lecture_normalization', 'activity_sql', 'technical_environment_home', 'practice_docker', 'practice_sql', 'technical_environment_home', 'lecture_modeling_normalization', 'lecture_conceptual_modeling', 'activity_conceptual_modeling', 'lecture_normalization', 'activity_normalization', 'activity_normalization_correction', 'lecture_transaction', 'practice_transaction', 'documentation_rdbms', 'practice_transaction', 'practice_transaction_correction', 'practice_sql', 'practice_sql_correction', 'web_architecture_home', 'lecture_technical_architecture', 'prerequisite_archiweb_2025', 'lecture_software_architecture', 'lecture_dto', 'lecture_xml', 'lecture_validity', 'practice_xml', 'lecture_json', 'practice_json', 'lecture_mvc_spring', 'lecture_jpa', 'practice_jpa', 'web_architecture_home', 'practice_spring_2tiers', 'lecture_mvc_spring', 'lecture_jpa', 'lecture_relational_model', 'lecture_db_integrity', 'lecture_conceptual_modeling', 'lecture_normalization', 'web_architecture_home', 'lecture_conceptual_modeling']",15.75,success
2556,"['web_architecture_home', 'prerequisite_archiweb_2025', 'lecture_xpath', 'technical_environment_home', 'prerequisite_techenv_2025', 'documentation_docker', 'practice_docker', 'technical_environment_home', 'documentation_docker', 'practice_docker', 'practice_postgresql', 'documentation_programming', 'inversion_of_control', 'spring_bean', 'practice_spring', 'lecture_db_integrity', 'lecture_relational_model', 'activity_relational_model', 'activity_relational_model_correction', 'lecture_modeling_normalization', 'lecture_conceptual_modeling', 'activity_conceptual_modeling', 'activity_conceptual_modeling_correction', 'activity_conceptual_modeling_advanced', 'activity_conceptual_modeling_advanced_correction', 'lecture_normalization', 'activity_normalization', 'lecture_modeling_normalization', 'lecture_conceptual_modeling', 'lecture_normalization', 'activity_normalization', 'activity_normalization_correction', 'activity_decomposition', 'activity_decomposition_correction', 'lecture_independence_views', 'practice_independence_views', 'activity_sql', 'technical_environment_home', 'documentation_rdbms', 'activity_sql', 'activity_sql_correction', 'practice_sql', 'practice_postgresql', 'documentation_rdbms', 'lecture_transaction', 'practice_transaction', 'practice_transaction_correction', 'technical_environment_home', 'web_architecture_home', 'prerequisite_archiweb_2025', 'web_architecture_home', 'practice_jpa_advanced', 'technical_environment_home', 'documentation_docker', 'practice_docker', 'practice_spring_2tiers', 'practice_docker_advanced', 'practice_postgresql', 'documentation_rdbms', 'documentation_programming', 'inversion_of_control', 'practice_spring', 'web_architecture_home', 'lecture_json', 'practice_json', 'practice_spring', 'web_architecture_home', 'practice_spring_2tiers', 'web_architecture_home', 'technical_environment_home', 'practice_spring_2tiers_ext', 'lecture_dto', 'practice_jpa', 'practice_docker', 'activity_decomposition', 'activity_decomposition_correction', 'lecture_independence_views', 'activity_conceptual_modeling', 'activity_conceptual_modeling_correction', 'web_architecture_home', 'technical_environment_home', 'practice_docker', 'documentation_docker']",17.94,success
256,"['technical_environment_home', 'documentation_docker', 'practice_docker_advanced', 'technical_environment_home', 'documentation_docker', 'lecture_relational_model', 'lecture_db_integrity', 'lecture_relational_algebra', 'activity_relational_model', 'activity_relational_model_correction', 'prerequisite_data_2025', 'lecture_modeling_normalization', 'lecture_conceptual_modeling', 'activity_conceptual_modeling', 'lecture_relational_model', 'technical_environment_home', 'prerequisite_techenv_2025', 'documentation_docker', 'practice_docker', 'practice_docker_advanced', 'documentation_rdbms', 'practice_postgresql', 'prerequisite_data_2025', 'lecture_modeling_normalization', 'lecture_conceptual_modeling', 'activity_conceptual_modeling', 'activity_conceptual_modeling_correction', 'activity_conceptual_modeling_advanced', 'activity_conceptual_modeling_advanced_correction', 'lecture_normalization', 'activity_normalization', 'activity_normalization_correction', 'activity_decomposition', 'lecture_independence_views', 'practice_independence_views', 'activity_decomposition_correction', 'lecture_normalization', 'activity_decomposition', 'activity_sql', 'activity_sql_correction', 'prerequisite_data_2025', 'activity_sql', 'activity_sql_correction', 'practice_sql', 'practice_sql_correction', 'technical_environment_home', 'documentation_docker', 'practice_docker', 'practice_docker_advanced', 'activity_normalization', 'lecture_transaction', 'practice_transaction', 'practice_transaction_correction', 'web_architecture_home', 'prerequisite_data_2025', 'lecture_transaction', 'practice_transaction', 'activity_sql', 'practice_sql', 'activity_normalization', 'lecture_normalization', 'practice_transaction_correction', 'web_architecture_home', 'prerequisite_archiweb_2025', 'practice_spring_2tiers', 'web_architecture_home', 'prerequisite_archiweb_2025', 'lecture_mvc_spring', 'practice_jpa', 'lecture_jpa', 'web_architecture_home', 'prerequisite_archiweb_2025', 'lecture_mvc_spring', 'practice_jpa', 'practice_spring_2tiers', 'lecture_xml', 'practice_xml', 'practice_json', 'prerequisite_data_2025', 'lecture_relational_model', 'lecture_db_integrity', 'lecture_relational_algebra', 'activity_relational_model', 'lecture_relational_algebra', 'activity_relational_model', 'activity_conceptual_modeling', 'lecture_normalization', 'lecture_db_integrity', 'lecture_modeling_normalization', 'lecture_conceptual_modeling', 'lecture_normalization', 'lecture_independence_views', 'activity_relational_model', 'activity_conceptual_modeling', 'activity_normalization', 'activity_decomposition', 'practice_independence_views', 'activity_sql', 'practice_sql', 'practice_advanced_sql', 'lecture_indexation', 'lecture_transaction', 'practice_transaction', 'web_architecture_home', 'prerequisite_archiweb_2025', 'lecture_json', 'lecture_mvc_spring', 'practice_spring_2tiers', 'prerequisite_data_2025', 'lecture_conceptual_modeling', 'activity_conceptual_modeling', 'activity_conceptual_modeling_correction', 'web_architecture_home', 'practice_spring_2tiers', 'practice_spring_2tiers_ext', 'lecture_dto', 'activity_conceptual_modeling', 'activity_conceptual_modeling_correction', 'lecture_conceptual_modeling', 'technical_environment_home', 'activity_relational_model', 'lecture_conceptual_modeling']",12.58,success
257,"['technical_environment_home', 'practice_docker', 'documentation_docker', 'practice_docker_advanced', 'technical_environment_home', 'documentation_docker', 'practice_docker', 'practice_docker_advanced', 'documentation_rdbms', 'practice_postgresql', 'documentation_programming', 'web_architecture_home', 'prerequisite_data_2025', 'technical_environment_home', 'documentation_programming', 'lecture_relational_model', 'lecture_db_integrity', 'activity_relational_model', 'activity_relational_model_correction', 'activity_sql', 'activity_sql_correction', 'practice_sql', 'practice_sql_correction', 'technical_environment_home', 'practice_docker', 'documentation_rdbms', 'practice_docker_advanced', 'web_architecture_home', 'lecture_transaction', 'lecture_modeling_normalization', 'lecture_conceptual_modeling', 'activity_relational_model', 'lecture_db_integrity', 'activity_conceptual_modeling', 'activity_conceptual_modeling_correction', 'lecture_normalization', 'activity_normalization', 'activity_normalization_correction', 'web_architecture_home', 'lecture_technical_architecture', 'lecture_software_architecture', 'lecture_dto', 'lecture_mvc_spring', 'lecture_jpa', 'practice_jpa', 'lecture_mvc_spring', 'lecture_transaction', 'practice_transaction', 'documentation_rdbms', 'technical_environment_home', 'practice_docker', 'practice_transaction_correction', 'prerequisite_data_2025', 'lecture_modeling_normalization', 'activity_conceptual_modeling', 'lecture_conceptual_modeling', 'lecture_transaction', 'lecture_normalization', 'lecture_independence_views', 'practice_independence_views', 'activity_decomposition', 'lecture_relational_model', 'lecture_db_integrity', 'lecture_isolation', 'practice_transaction', 'web_architecture_home', 'lecture_technical_architecture', 'lecture_software_architecture', 'lecture_dto', 'lecture_mvc_spring', 'lecture_jpa', 'practice_jpa', 'practice_jpa_advanced', 'web_architecture_home', 'practice_spring_2tiers', 'lecture_modeling_normalization', 'lecture_conceptual_modeling', 'lecture_relational_model', 'lecture_normalization', 'activity_conceptual_modeling', 'activity_conceptual_modeling_correction', 'activity_normalization', 'activity_normalization_correction', 'lecture_normalization', 'lecture_modeling_normalization', 'lecture_conceptual_modeling', 'lecture_normalization', 'web_architecture_home', 'practice_spring_2tiers_ext', 'lecture_conceptual_modeling', 'lecture_normalization', 'lecture_conceptual_modeling', 'web_architecture_home', 'lecture_modeling_normalization', 'lecture_conceptual_modeling']",13.4,success
258,"['technical_environment_home', 'prerequisite_techenv_2025', 'technical_environment_home', 'documentation_docker', 'practice_docker', 'practice_docker_advanced', 'documentation_rdbms', 'practice_postgresql', 'documentation_programming', 'practice_spring', 'technical_environment_home', 'documentation_docker', 'practice_spring', 'web_architecture_home', 'practice_postgresql', 'practice_docker', 'documentation_programming', 'lecture_technical_architecture', 'lecture_software_architecture', 'lecture_dto', 'lecture_mvc_spring', 'web_architecture_home', 'technical_environment_home', 'practice_postgresql', 'practice_docker', 'lecture_jpa', 'lecture_relational_model', 'practice_jpa', 'practice_jpa_advanced', 'practice_spring_2tiers', 'lecture_jpa', 'technical_environment_home', 'practice_docker', 'documentation_programming', 'practice_spring', 'documentation_docker', 'practice_postgresql', 'web_architecture_home', 'lecture_software_architecture', 'lecture_technical_architecture', 'lecture_mvc_spring', 'practice_spring_2tiers', 'technical_environment_home', 'practice_postgresql', 'lecture_xml', 'web_architecture_home', 'lecture_validity', 'practice_xml', 'lecture_json', 'practice_json', 'lecture_relational_model', 'lecture_db_integrity', 'activity_relational_model', 'lecture_modeling_normalization', 'lecture_conceptual_modeling', 'activity_conceptual_modeling', 'activity_conceptual_modeling_correction', 'lecture_normalization', 'activity_normalization', 'lecture_conceptual_modeling', 'lecture_normalization', 'activity_conceptual_modeling', 'lecture_modeling_normalization', 'activity_normalization', 'activity_sql', 'web_architecture_home', 'activity_sql', 'lecture_relational_model', 'practice_sql', 'lecture_transaction', 'practice_transaction', 'lecture_conceptual_modeling', 'activity_conceptual_modeling', 'lecture_normalization', 'activity_decomposition', 'lecture_technical_architecture', 'lecture_software_architecture', 'lecture_dto', 'lecture_mvc_spring', 'lecture_jpa', 'practice_jpa', 'practice_jpa_advanced', 'practice_spring_2tiers', 'web_architecture_home', 'practice_spring_2tiers', 'activity_normalization', 'lecture_normalization', 'web_architecture_home', 'practice_spring_2tiers_ext', 'lecture_software_architecture', 'lecture_dto', 'web_architecture_home', 'lecture_normalization', 'activity_normalization', 'activity_decomposition', 'activity_conceptual_modeling', 'lecture_conceptual_modeling', 'technical_environment_home', 'web_architecture_home', 'technical_environment_home', 'documentation_rdbms', 'practice_postgresql', 'lecture_modeling_normalization', 'lecture_conceptual_modeling']",12.29,success
259,"['technical_environment_home', 'documentation_docker', 'documentation_rdbms', 'documentation_docker', 'technical_environment_home', 'documentation_rdbms', 'documentation_docker', 'practice_docker', 'documentation_rdbms', 'technical_environment_home', 'documentation_docker', 'practice_docker', 'documentation_docker', 'practice_docker', 'practice_docker_advanced', 'documentation_rdbms', 'practice_postgresql', 'practice_docker_advanced', 'practice_docker', 'documentation_docker', 'practice_docker', 'documentation_docker', 'web_architecture_home', 'lecture_technical_architecture', 'lecture_software_architecture', 'lecture_dto', 'lecture_xml', 'lecture_mvc_spring', 'technical_environment_home', 'practice_docker', 'practice_docker_advanced', 'documentation_rdbms', 'practice_postgresql', 'practice_docker_advanced', 'practice_docker', 'technical_environment_home', 'lecture_relational_model', 'lecture_db_integrity', 'activity_relational_model', 'lecture_relational_algebra', 'activity_relational_model', 'lecture_conceptual_modeling', 'lecture_modeling_normalization', 'lecture_conceptual_modeling', 'activity_conceptual_modeling', 'activity_conceptual_modeling_correction', 'lecture_normalization', 'activity_normalization', 'activity_normalization_correction', 'activity_sql', 'practice_sql', 'activity_normalization', 'lecture_normalization', 'activity_sql', 'technical_environment_home', 'documentation_docker', 'practice_sql', 'practice_sql_correction', 'web_architecture_home', 'practice_docker_advanced', 'practice_docker', 'lecture_technical_architecture', 'lecture_software_architecture', 'lecture_technical_architecture', 'lecture_software_architecture', 'lecture_dto', 'lecture_xml', 'documentation_docker', 'practice_docker_advanced', 'web_architecture_home', 'practice_xml', 'lecture_json', 'practice_json', 'lecture_json', 'web_architecture_home', 'lecture_mvc_spring', 'lecture_technical_architecture', 'lecture_mvc_spring', 'web_architecture_home', 'lecture_jpa', 'practice_spring_2tiers', 'lecture_jpa', 'web_architecture_home', 'practice_xml', 'lecture_xml', 'lecture_dto', 'lecture_software_architecture', 'lecture_dto', 'lecture_software_architecture', 'lecture_technical_architecture', 'web_architecture_home', 'lecture_modeling_normalization', 'activity_conceptual_modeling', 'lecture_conceptual_modeling', 'lecture_normalization', 'technical_environment_home', 'documentation_programming', 'practice_spring', 'web_architecture_home', 'lecture_technical_architecture', 'lecture_software_architecture', 'lecture_dto', 'lecture_mvc_spring', 'practice_spring_2tiers', 'lecture_jpa', 'lecture_technical_architecture', 'practice_jpa_advanced', 'practice_jpa', 'web_architecture_home', 'lecture_jpa', 'practice_jpa', 'practice_spring_2tiers', 'lecture_relational_model', 'activity_relational_model', 'lecture_conceptual_modeling', 'lecture_normalization', 'activity_normalization', 'activity_decomposition', 'lecture_modeling_normalization', 'lecture_dto', 'lecture_conceptual_modeling', 'web_architecture_home', 'lecture_conceptual_modeling', 'activity_conceptual_modeling', 'lecture_normalization', 'activity_conceptual_modeling_advanced', 'lecture_normalization', 'activity_conceptual_modeling_advanced', 'activity_normalization', 'activity_decomposition', 'lecture_conceptual_modeling', 'lecture_modeling_normalization', 'lecture_conceptual_modeling', 'activity_normalization', 'activity_decomposition', 'lecture_normalization', 'lecture_conceptual_modeling', 'lecture_normalization', 'activity_conceptual_modeling', 'lecture_normalization', 'lecture_modeling_normalization', 'lecture_conceptual_modeling', 'technical_environment_home', 'documentation_docker', 'web_architecture_home', 'practice_jpa', 'lecture_jpa', 'lecture_mvc_spring', 'web_architecture_home', 'lecture_jpa', 'practice_jpa', 'practice_jpa_advanced', 'practice_spring_2tiers', 'practice_spring_2tiers_ext', 'lecture_modeling_normalization', 'activity_conceptual_modeling', 'lecture_conceptual_modeling']",10.6,failure
