2561	2025/02/27 08:01:37	"GET /uv2582fip2582inf210/web_architecture_home.html HTTP/1.1"
2561	2025/02/27 08:01:45	"GET /uv2582fip2582inf210/practice_spring_2tiers.html HTTP/1.1"
2557	2025/02/27 08:02:05	"GET /uv2582fip2582inf210/lecture_json.html HTTP/1.1"
2557	2025/02/27 08:02:10	"GET /uv2582fip2582inf210/lecture_mvc_spring.html HTTP/1.1"
2557	2025/02/27 08:02:49	"GET /uv2582fip2582inf210/practice_xml.html HTTP/1.1"
2536	2025/02/27 08:04:44	"GET /uv2582fip2582inf210/lecture_mvc_spring.html HTTP/1.1"
2536	2025/02/27 08:04:51	"GET /uv2582fip2582inf210/practice_spring_2tiers.html HTTP/1.1"
2569	2025/02/27 08:07:16	"GET /uv2582fip2582inf210/web_architecture_home.html HTTP/1.1"
2569	2025/02/27 08:07:22	"GET /uv2582fip2582inf210/practice_spring_2tiers.html HTTP/1.1"
2558	2025/02/27 08:08:54	"GET /uv2582fip2582inf210/index.html HTTP/1.1"
2572	2025/02/27 08:09:44	"GET /uv2582fip2582inf210/web_architecture_home.html HTTP/1.1"
2572	2025/02/27 08:09:49	"GET /uv2582fip2582inf210/data_home.html HTTP/1.1"
2572	2025/02/27 08:10:53	"GET /uv2582fip2582inf210/practice_spring_2tiers.html HTTP/1.1"
2562	2025/02/27 08:10:55	"GET /uv2582fip2582inf210/index.html HTTP/1.1"
2567	2025/02/27 08:11:34	"GET /uv2582fip2582inf210/web_architecture_home.html HTTP/1.1"
2570	2025/02/27 08:12:15	"GET /uv2582fip2582inf210/web_architecture_home.html HTTP/1.1"
2570	2025/02/27 08:12:22	"GET /uv2582fip2582inf210/practice_spring_2tiers.html HTTP/1.1"
2567	2025/02/27 08:12:38	"GET /uv2582fip2582inf210/lecture_jpa.html HTTP/1.1"
2535	2025/02/27 08:15:30	"GET /uv2582fip2582inf210/practice_spring_2tiers.html HTTP/1.1"
2557	2025/02/27 08:15:39	"GET /uv2582fip2582inf210/images/prerequisite_archiweb/prerequisite_archiweb_2025.html HTTP/1.1"
2557	2025/02/27 08:15:56	"GET /uv2582fip2582inf210/practice_spring_2tiers.html HTTP/1.1"
2565	2025/02/27 08:19:50	"GET /uv2582fip2582inf210/web_architecture_home.html HTTP/1.1"
2565	2025/02/27 08:19:57	"GET /uv2582fip2582inf210/lecture_mvc_spring.html HTTP/1.1"
2561	2025/02/27 08:23:54	"GET /uv2582fip2582inf210/practice_spring_2tiers.html HTTP/1.1"
2564	2025/02/27 08:25:31	"GET /uv2582fip2582inf210/project_presentation.html HTTP/1.1"
2564	2025/02/27 08:25:40	"GET /uv2582fip2582inf210/web_architecture_home.html HTTP/1.1"
2564	2025/02/27 08:25:43	"GET /uv2582fip2582inf210/lecture_mvc_spring.html HTTP/1.1"
2571	2025/02/27 08:26:14	"GET /uv2582fip2582inf210/data_home.html HTTP/1.1"
2571	2025/02/27 08:26:18	"GET /uv2582fip2582inf210/images/prerequisite_data/prerequisite_data_2025.html HTTP/1.1"
2571	2025/02/27 08:26:44	"GET /uv2582fip2582inf210/project_presentation.html HTTP/1.1"
2571	2025/02/27 08:27:10	"GET /uv2582fip2582inf210/practice_transaction.html HTTP/1.1"
2571	2025/02/27 08:27:36	"GET /uv2582fip2582inf210/web_architecture_home.html HTTP/1.1"
2571	2025/02/27 08:27:41	"GET /uv2582fip2582inf210/images/prerequisite_archiweb/prerequisite_archiweb_2025.html HTTP/1.1"
2571	2025/02/27 08:27:42	"GET /uv2582fip2582inf210/practice_jpa_advanced.html HTTP/1.1"
2571	2025/02/27 08:28:20	"GET /uv2582fip2582inf210/index.html HTTP/1.1"
2567	2025/02/27 08:29:38	"GET /uv2582fip2582inf210/practice_jpa.html HTTP/1.1"
2566	2025/02/27 08:29:59	"GET /uv2582fip2582inf210/web_architecture_home.html HTTP/1.1"
2571	2025/02/27 08:30:26	"GET /uv2582fip2582inf210/practice_jpa.html HTTP/1.1"
2564	2025/02/27 08:31:06	"GET /uv2582fip2582inf210/lecture_technical_architecture.html HTTP/1.1"
2536	2025/02/27 08:31:10	"GET /uv2582fip2582inf210/practice_spring_2tiers.html HTTP/1.1"
2570	2025/02/27 08:32:18	"GET /uv2582fip2582inf210/project_presentation.html HTTP/1.1"
2571	2025/02/27 08:32:47	"GET /uv2582fip2582inf210/practice_spring_2tiers.html HTTP/1.1"
2562	2025/02/27 08:33:02	"GET /uv2582fip2582inf210/practice_jpa_advanced.html HTTP/1.1"
2570	2025/02/27 08:33:04	"GET /uv2582fip2582inf210/project_evaluation.html HTTP/1.1"
2571	2025/02/27 08:34:34	"GET /uv2582fip2582inf210/project_evaluation.html HTTP/1.1"
2564	2025/02/27 08:35:25	"GET /uv2582fip2582inf210/lecture_jpa.html HTTP/1.1"
2571	2025/02/27 08:35:37	"GET /uv2582fip2582inf210/project_specifications.html HTTP/1.1"
2571	2025/02/27 08:35:47	"GET /uv2582fip2582inf210/project_task_time.html HTTP/1.1"
2571	2025/02/27 08:35:50	"GET /uv2582fip2582inf210/project_part1.html HTTP/1.1"
2565	2025/02/27 08:36:53	"GET /uv2582fip2582inf210/lecture_jpa.html HTTP/1.1"
2565	2025/02/27 08:36:57	"GET /uv2582fip2582inf210/practice_spring_2tiers.html HTTP/1.1"
2556	2025/02/27 08:39:15	"GET /uv2582fip2582inf210/practice_spring.html HTTP/1.1"
2561	2025/02/27 08:40:09	"GET /uv2582fip2582inf210/practice_spring_2tiers.html HTTP/1.1"
2556	2025/02/27 08:41:40	"GET /uv2582fip2582inf210/index.html HTTP/1.1"
2556	2025/02/27 08:41:46	"GET /uv2582fip2582inf210/project_presentation.html HTTP/1.1"
2556	2025/02/27 08:42:12	"GET /uv2582fip2582inf210/web_architecture_home.html HTTP/1.1"
2556	2025/02/27 08:42:22	"GET /uv2582fip2582inf210/practice_spring_2tiers.html HTTP/1.1"
2575	2025/02/27 08:44:12	"GET /uv2582fip2582inf210/practice_jpa.html HTTP/1.1"
2564	2025/02/27 08:57:15	"GET /uv2582fip2582inf210/practice_jpa.html HTTP/1.1"
2539	2025/02/27 09:19:58	"GET /uv2582fip2582inf210/data_home.html HTTP/1.1"
2539	2025/02/27 09:20:02	"GET /uv2582fip2582inf210/lecture_normalization.html HTTP/1.1"
2539	2025/02/27 09:20:09	"GET /uv2582fip2582inf210/lecture_conceptual_modeling.html HTTP/1.1"
2565	2025/02/27 09:42:13	"GET /uv2582fip2582inf210/practice_spring_2tiers.html HTTP/1.1"
2571	2025/02/27 09:55:25	"GET /uv2582fip2582inf210/images/prerequisite_archiweb/prerequisite_archiweb_2025.html HTTP/1.1"
2571	2025/02/27 09:55:27	"GET /uv2582fip2582inf210/practice_spring_2tiers.html HTTP/1.1"
2571	2025/02/27 09:56:11	"GET /uv2582fip2582inf210/technical_environment_home.html HTTP/1.1"
2571	2025/02/27 09:56:17	"GET /uv2582fip2582inf210/images/prerequisite_techenv/prerequisite_techenv_2025.html HTTP/1.1"
2571	2025/02/27 09:56:21	"GET /uv2582fip2582inf210/documentation_docker.html HTTP/1.1"
2571	2025/02/27 09:56:28	"GET /uv2582fip2582inf210/practice_docker.html HTTP/1.1"
2564	2025/02/27 10:13:28	"GET /uv2582fip2582inf210/practice_jpa_advanced.html HTTP/1.1"
2564	2025/02/27 10:13:36	"GET /uv2582fip2582inf210/practice_spring_2tiers_ext.html HTTP/1.1"
2564	2025/02/27 10:13:38	"GET /uv2582fip2582inf210/practice_spring_2tiers.html HTTP/1.1"
2511	2025/02/27 10:21:09	"GET /uv2582fip2582inf210/project_presentation.html HTTP/1.1"
2511	2025/02/27 10:21:15	"GET /uv2582fip2582inf210/project_specifications.html HTTP/1.1"
2511	2025/02/27 10:21:22	"GET /uv2582fip2582inf210/project_part1.html HTTP/1.1"
2511	2025/02/27 10:33:07	"GET /uv2582fip2582inf210/project_evaluation.html HTTP/1.1"
2536	2025/02/27 11:16:58	"GET /uv2582fip2582inf210/practice_spring_2tiers.html HTTP/1.1"
2562	2025/02/27 11:28:41	"GET /uv2582fip2582inf210/data_home.html HTTP/1.1"
2562	2025/02/27 11:28:46	"GET /uv2582fip2582inf210/lecture_modeling_normalization.html HTTP/1.1"
2564	2025/02/27 11:50:30	"GET /uv2582fip2582inf210/practice_spring_2tiers.html HTTP/1.1"
2564	2025/02/27 13:51:49	"GET /uv2582fip2582inf210/practice_spring_2tiers.html HTTP/1.1"
2525	2025/02/27 18:09:03	"GET /uv2582fip2582inf210/activity_conceptual_modeling_correction.html HTTP/1.1"
2525	2025/02/27 18:09:05	"GET /uv2582fip2582inf210/activity_conceptual_modeling_correction.html HTTP/1.1"
2543	2025/02/27 19:27:24	"GET /uv2582fip2582inf210/index.html HTTP/1.1"
2543	2025/02/27 19:27:28	"GET /uv2582fip2582inf210/project_presentation.html HTTP/1.1"
2543	2025/02/27 19:27:33	"GET /uv2582fip2582inf210/project_evaluation.html HTTP/1.1"
2543	2025/02/27 19:27:42	"GET /uv2582fip2582inf210/project_part1.html HTTP/1.1"
2543	2025/02/27 19:33:00	"GET /uv2582fip2582inf210/project_specifications.html HTTP/1.1"
2543	2025/02/27 19:38:14	"GET /uv2582fip2582inf210/project_task_time.html HTTP/1.1"
2513	2025/02/27 20:37:22	"GET /uv2582fip2582inf210/project_presentation.html HTTP/1.1"
2513	2025/02/27 20:37:24	"GET /uv2582fip2582inf210/project_part1.html HTTP/1.1"
2513	2025/02/27 21:14:43	"GET /uv2582fip2582inf210/project_specifications.html HTTP/1.1"
252	2025/02/27 21:39:57	"GET /uv2582fip2582inf210/project_presentation.html HTTP/1.1"
252	2025/02/27 21:40:01	"GET /uv2582fip2582inf210/project_part1.html HTTP/1.1"
252	2025/02/27 21:40:13	"GET /uv2582fip2582inf210/project_specifications.html HTTP/1.1"
2542	2025/02/27 22:29:25	"GET /uv2582fip2582inf210/data_home.html HTTP/1.1"
2542	2025/02/27 22:29:29	"GET /uv2582fip2582inf210/lecture_normalization.html HTTP/1.1"
2516	2025/02/27 22:39:34	"GET /uv2582fip2582inf210/project_presentation.html HTTP/1.1"
2516	2025/02/27 22:39:37	"GET /uv2582fip2582inf210/project_part1.html HTTP/1.1"
2516	2025/02/27 22:39:46	"GET /uv2582fip2582inf210/project_specifications.html HTTP/1.1"
2551	2025/03/31 17:34:14	"GET /uv2582fip2582inf210/project_part2.html HTTP/1.1"
2520	2025/03/31 17:35:11	"GET /uv2582fip2582inf210/project_presentation.html HTTP/1.1"
2520	2025/03/31 17:35:14	"GET /uv2582fip2582inf210/project_specifications.html HTTP/1.1"
2551	2025/03/31 17:41:48	"GET /uv2582fip2582inf210/project_structureui.html HTTP/1.1"
2551	2025/03/31 17:41:50	"GET /uv2582fip2582inf210/project_part3.html HTTP/1.1"
2523	2025/03/31 20:17:17	"GET /uv2582fip2582inf210/project_presentation.html HTTP/1.1"
2523	2025/03/31 20:17:17	"GET /uv2582fip2582inf210/project_presentation.html HTTP/1.1"
2523	2025/03/31 20:17:24	"GET /uv2582fip2582inf210/project_specifications.html HTTP/1.1"
2523	2025/03/31 20:17:24	"GET /uv2582fip2582inf210/project_specifications.html HTTP/1.1"
2529	2025/03/24 07:50:09	"GET /uv2582fip2582inf210/index.html HTTP/1.1"
2529	2025/03/24 07:50:18	"GET /uv2582fip2582inf210/web_architecture_home.html HTTP/1.1"
2529	2025/03/24 07:50:24	"GET /uv2582fip2582inf210/images/prerequisite_archiweb/prerequisite_archiweb_2025.html HTTP/1.1"
2529	2025/03/24 07:50:28	"GET /uv2582fip2582inf210/lecture_mvc_spring.html HTTP/1.1"
2529	2025/03/24 07:50:37	"GET /uv2582fip2582inf210/practice_spring_2tiers.html HTTP/1.1"
2511	2025/03/24 08:17:36	"GET /uv2582fip2582inf210/web_architecture_home.html HTTP/1.1"
2511	2025/03/24 08:17:38	"GET /uv2582fip2582inf210/index.html HTTP/1.1"
2511	2025/03/24 08:17:40	"GET /uv2582fip2582inf210/data_home.html HTTP/1.1"
2511	2025/03/24 08:17:54	"GET /uv2582fip2582inf210/lecture_relational_model.html HTTP/1.1"
2511	2025/03/24 08:18:00	"GET /uv2582fip2582inf210/lecture_db_integrity.html HTTP/1.1"
2511	2025/03/24 08:18:09	"GET /uv2582fip2582inf210/lecture_modeling_normalization.html HTTP/1.1"
2511	2025/03/24 08:18:25	"GET /uv2582fip2582inf210/lecture_conceptual_modeling.html HTTP/1.1"
2533	2025/03/24 09:11:08	"GET /uv2582fip2582inf210/project_presentation.html HTTP/1.1"
2563	2025/03/24 09:13:50	"GET /uv2582fip2582inf210/web_architecture_home.html HTTP/1.1"
2563	2025/03/24 09:13:53	"GET /uv2582fip2582inf210/technical_environment_home.html HTTP/1.1"
2563	2025/03/24 09:13:55	"GET /uv2582fip2582inf210/data_home.html HTTP/1.1"
2563	2025/03/24 09:14:00	"GET /uv2582fip2582inf210/lecture_relational_model.html HTTP/1.1"
2563	2025/03/24 09:14:10	"GET /uv2582fip2582inf210/lecture_modeling_normalization.html HTTP/1.1"
2563	2025/03/24 09:14:14	"GET /uv2582fip2582inf210/activity_conceptual_modeling.html HTTP/1.1"
2563	2025/03/24 09:14:18	"GET /uv2582fip2582inf210/lecture_normalization.html HTTP/1.1"
2563	2025/03/24 09:14:56	"GET /uv2582fip2582inf210/lecture_db_integrity.html HTTP/1.1"
2563	2025/03/24 09:15:01	"GET /uv2582fip2582inf210/lecture_relational_algebra.html HTTP/1.1"
2563	2025/03/24 09:15:14	"GET /uv2582fip2582inf210/activity_relational_model.html HTTP/1.1"
2511	2025/03/24 09:16:57	"GET /uv2582fip2582inf210/technical_environment_home.html HTTP/1.1"
2571	2025/03/24 09:18:59	"GET /uv2582fip2582inf210/technical_environment_home.html HTTP/1.1"
2571	2025/03/24 09:19:12	"GET /uv2582fip2582inf210/documentation_docker.html HTTP/1.1"
2571	2025/03/24 09:21:14	"GET /uv2582fip2582inf210/documentation_programming.html HTTP/1.1"
2558	2025/03/24 09:22:06	"GET /uv2582fip2582inf210/data_home.html HTTP/1.1"
2558	2025/03/24 09:22:09	"GET /uv2582fip2582inf210/lecture_normalization.html HTTP/1.1"
2558	2025/03/24 09:22:15	"GET /uv2582fip2582inf210/activity_normalization.html HTTP/1.1"
2558	2025/03/24 09:22:17	"GET /uv2582fip2582inf210/activity_normalization_correction.html HTTP/1.1"
2510	2025/03/24 09:28:14	"GET /uv2582fip2582inf210/technical_environment_home.html HTTP/1.1"
2510	2025/03/24 09:28:37	"GET /uv2582fip2582inf210/documentation_docker.html HTTP/1.1"
2510	2025/03/24 09:28:51	"GET /uv2582fip2582inf210/practice_docker.html HTTP/1.1"
2510	2025/03/24 09:28:58	"GET /uv2582fip2582inf210/practice_docker_advanced.html HTTP/1.1"
2510	2025/03/24 09:29:21	"GET /uv2582fip2582inf210/documentation_programming.html HTTP/1.1"
2510	2025/03/24 09:29:25	"GET /uv2582fip2582inf210/documentation_rdbms.html HTTP/1.1"
2510	2025/03/24 09:29:56	"GET /uv2582fip2582inf210/index.html HTTP/1.1"
2562	2025/03/24 09:30:08	"GET /uv2582fip2582inf210/practice_docker.html HTTP/1.1"
2562	2025/03/24 09:30:10	"GET /uv2582fip2582inf210/index.html HTTP/1.1"
2562	2025/03/24 09:30:12	"GET /uv2582fip2582inf210/data_home.html HTTP/1.1"
2510	2025/03/24 09:31:29	"GET /uv2582fip2582inf210/practice_postgresql.html HTTP/1.1"
2510	2025/03/24 09:31:41	"GET /uv2582fip2582inf210/spring_bean.html HTTP/1.1"
2510	2025/03/24 09:31:42	"GET /uv2582fip2582inf210/practice_spring.html HTTP/1.1"
2569	2025/03/24 09:33:55	"GET /uv2582fip2582inf210/index.html HTTP/1.1"
2569	2025/03/24 09:33:59	"GET /uv2582fip2582inf210/data_home.html HTTP/1.1"
2569	2025/03/24 09:34:02	"GET /uv2582fip2582inf210/lecture_relational_model.html HTTP/1.1"
2569	2025/03/24 09:34:06	"GET /uv2582fip2582inf210/lecture_conceptual_modeling.html HTTP/1.1"
2536	2025/03/24 09:34:53	"GET /uv2582fip2582inf210/data_home.html HTTP/1.1"
2536	2025/03/24 09:34:56	"GET /uv2582fip2582inf210/lecture_conceptual_modeling.html HTTP/1.1"
2534	2025/03/24 09:38:01	"GET /uv2582fip2582inf210/project_presentation.html HTTP/1.1"
2534	2025/03/24 09:38:05	"GET /uv2582fip2582inf210/index.html HTTP/1.1"
2534	2025/03/24 09:38:11	"GET /uv2582fip2582inf210/web_architecture_home.html HTTP/1.1"
2534	2025/03/24 09:38:20	"GET /uv2582fip2582inf210/practice_jpa.html HTTP/1.1"
2524	2025/03/24 09:38:38	"GET /uv2582fip2582inf210/index.html HTTP/1.1"
2524	2025/03/24 09:38:41	"GET /uv2582fip2582inf210/index.html HTTP/1.1"
2524	2025/03/24 09:38:45	"GET /uv2582fip2582inf210/data_home.html HTTP/1.1"
2524	2025/03/24 09:39:00	"GET /uv2582fip2582inf210/activity_relational_model.html HTTP/1.1"
2524	2025/03/24 09:39:05	"GET /uv2582fip2582inf210/activity_relational_model_correction.html HTTP/1.1"
2524	2025/03/24 09:39:11	"GET /uv2582fip2582inf210/activity_conceptual_modeling.html HTTP/1.1"
2524	2025/03/24 09:39:14	"GET /uv2582fip2582inf210/activity_conceptual_modeling_correction.html HTTP/1.1"
2551	2025/03/24 09:39:15	"GET /uv2582fip2582inf210/project_part2.html HTTP/1.1"
2551	2025/03/24 09:39:18	"GET /uv2582fip2582inf210/index.html HTTP/1.1"
2551	2025/03/24 09:39:22	"GET /uv2582fip2582inf210/data_home.html HTTP/1.1"
2551	2025/03/24 09:39:27	"GET /uv2582fip2582inf210/lecture_relational_model.html HTTP/1.1"
2567	2025/03/24 09:39:27	"GET /uv2582fip2582inf210/data_home.html HTTP/1.1"
2551	2025/03/24 09:39:32	"GET /uv2582fip2582inf210/lecture_db_integrity.html HTTP/1.1"
2567	2025/03/24 09:39:32	"GET /uv2582fip2582inf210/activity_conceptual_modeling.html HTTP/1.1"
2551	2025/03/24 09:39:36	"GET /uv2582fip2582inf210/activity_relational_model.html HTTP/1.1"
2567	2025/03/24 09:39:38	"GET /uv2582fip2582inf210/lecture_conceptual_modeling.html HTTP/1.1"
2551	2025/03/24 09:39:39	"GET /uv2582fip2582inf210/lecture_conceptual_modeling.html HTTP/1.1"
2551	2025/03/24 09:39:47	"GET /uv2582fip2582inf210/lecture_normalization.html HTTP/1.1"
2523	2025/03/24 09:40:52	"GET /uv2582fip2582inf210/technical_environment_home.html HTTP/1.1"
2523	2025/03/24 09:40:52	"GET /uv2582fip2582inf210/technical_environment_home.html HTTP/1.1"
2522	2025/03/24 09:40:56	"GET /uv2582fip2582inf210/data_home.html HTTP/1.1"
2523	2025/03/24 09:40:59	"GET /uv2582fip2582inf210/data_home.html HTTP/1.1"
2523	2025/03/24 09:41:00	"GET /uv2582fip2582inf210/data_home.html HTTP/1.1"
2522	2025/03/24 09:41:03	"GET /uv2582fip2582inf210/lecture_conceptual_modeling.html HTTP/1.1"
2523	2025/03/24 09:41:04	"GET /uv2582fip2582inf210/lecture_modeling_normalization.html HTTP/1.1"
2523	2025/03/24 09:41:04	"GET /uv2582fip2582inf210/lecture_modeling_normalization.html HTTP/1.1"
2523	2025/03/24 09:41:17	"GET /uv2582fip2582inf210/activity_conceptual_modeling.html HTTP/1.1"
2523	2025/03/24 09:41:17	"GET /uv2582fip2582inf210/activity_conceptual_modeling.html HTTP/1.1"
2534	2025/03/24 09:41:35	"GET /uv2582fip2582inf210/data_home.html HTTP/1.1"
2521	2025/03/24 09:42:46	"GET /uv2582fip2582inf210/data_home.html HTTP/1.1"
2521	2025/03/24 09:42:48	"GET /uv2582fip2582inf210/images/prerequisite_data/prerequisite_data_2025.html HTTP/1.1"
2521	2025/03/24 09:42:52	"GET /uv2582fip2582inf210/lecture_conceptual_modeling.html HTTP/1.1"
2534	2025/03/24 09:43:22	"GET /uv2582fip2582inf210/lecture_conceptual_modeling.html HTTP/1.1"
2543	2025/03/24 09:43:43	"GET /uv2582fip2582inf210/index.html HTTP/1.1"
2543	2025/03/24 09:43:47	"GET /uv2582fip2582inf210/web_architecture_home.html HTTP/1.1"
2543	2025/03/24 09:43:50	"GET /uv2582fip2582inf210/data_home.html HTTP/1.1"
2543	2025/03/24 09:44:00	"GET /uv2582fip2582inf210/images/prerequisite_data/prerequisite_data_2025.html HTTP/1.1"
2543	2025/03/24 09:44:02	"GET /uv2582fip2582inf210/lecture_conceptual_modeling.html HTTP/1.1"
2514	2025/03/24 09:44:51	"GET /uv2582fip2582inf210/data_home.html HTTP/1.1"
2527	2025/03/24 09:47:12	"GET /uv2582fip2582inf210/data_home.html HTTP/1.1"
2527	2025/03/24 09:47:15	"GET /uv2582fip2582inf210/images/prerequisite_data/prerequisite_data_2025.html HTTP/1.1"
2527	2025/03/24 09:47:27	"GET /uv2582fip2582inf210/lecture_conceptual_modeling.html HTTP/1.1"
259	2025/03/24 09:50:36	"GET /uv2582fip2582inf210/data_home.html HTTP/1.1"
259	2025/03/24 09:50:47	"GET /uv2582fip2582inf210/lecture_modeling_normalization.html HTTP/1.1"
259	2025/03/24 09:51:01	"GET /uv2582fip2582inf210/activity_conceptual_modeling.html HTTP/1.1"
259	2025/03/24 09:51:18	"GET /uv2582fip2582inf210/lecture_conceptual_modeling.html HTTP/1.1"
2522	2025/03/24 09:51:40	"GET /uv2582fip2582inf210/activity_conceptual_modeling.html HTTP/1.1"
2523	2025/03/24 09:51:58	"GET /uv2582fip2582inf210/activity_conceptual_modeling_correction.html HTTP/1.1"
2523	2025/03/24 09:51:59	"GET /uv2582fip2582inf210/activity_conceptual_modeling_correction.html HTTP/1.1"
2518	2025/03/24 09:53:08	"GET /uv2582fip2582inf210/index.html HTTP/1.1"
2518	2025/03/24 09:53:15	"GET /uv2582fip2582inf210/data_home.html HTTP/1.1"
2518	2025/03/24 09:53:23	"GET /uv2582fip2582inf210/lecture_conceptual_modeling.html HTTP/1.1"
2510	2025/03/24 09:55:46	"GET /uv2582fip2582inf210/data_home.html HTTP/1.1"
2510	2025/03/24 09:55:51	"GET /uv2582fip2582inf210/lecture_relational_model.html HTTP/1.1"
2510	2025/03/24 09:55:56	"GET /uv2582fip2582inf210/lecture_conceptual_modeling.html HTTP/1.1"
257	2025/03/24 09:56:03	"GET /uv2582fip2582inf210/data_home.html HTTP/1.1"
257	2025/03/24 09:56:08	"GET /uv2582fip2582inf210/lecture_conceptual_modeling.html HTTP/1.1"
2510	2025/03/24 09:56:10	"GET /uv2582fip2582inf210/activity_conceptual_modeling.html HTTP/1.1"
256	2025/03/24 09:57:12	"GET /uv2582fip2582inf210/data_home.html HTTP/1.1"
2520	2025/03/24 09:57:15	"GET /uv2582fip2582inf210/web_architecture_home.html HTTP/1.1"
256	2025/03/24 09:57:17	"GET /uv2582fip2582inf210/activity_relational_model.html HTTP/1.1"
256	2025/03/24 09:57:21	"GET /uv2582fip2582inf210/lecture_conceptual_modeling.html HTTP/1.1"
2520	2025/03/24 09:57:47	"GET /uv2582fip2582inf210/practice_schema_xml.html HTTP/1.1"
2520	2025/03/24 09:58:09	"GET /uv2582fip2582inf210/index.html HTTP/1.1"
2520	2025/03/24 09:58:13	"GET /uv2582fip2582inf210/data_home.html HTTP/1.1"
2520	2025/03/24 09:58:18	"GET /uv2582fip2582inf210/lecture_conceptual_modeling.html HTTP/1.1"
2519	2025/03/24 10:00:52	"GET /uv2582fip2582inf210/project_presentation.html HTTP/1.1"
2519	2025/03/24 10:00:54	"GET /uv2582fip2582inf210/index.html HTTP/1.1"
2519	2025/03/24 10:00:57	"GET /uv2582fip2582inf210/data_home.html HTTP/1.1"
2519	2025/03/24 10:01:05	"GET /uv2582fip2582inf210/lecture_conceptual_modeling.html HTTP/1.1"
2558	2025/03/24 10:02:52	"GET /uv2582fip2582inf210/lecture_conceptual_modeling.html HTTP/1.1"
2558	2025/03/24 10:03:01	"GET /uv2582fip2582inf210/lecture_modeling_normalization.html HTTP/1.1"
2558	2025/03/24 10:03:04	"GET /uv2582fip2582inf210/activity_conceptual_modeling.html HTTP/1.1"
2558	2025/03/24 10:03:07	"GET /uv2582fip2582inf210/activity_conceptual_modeling_correction.html HTTP/1.1"
2519	2025/03/24 10:05:12	"GET /uv2582fip2582inf210/web_architecture_home.html HTTP/1.1"
2519	2025/03/24 10:05:15	"GET /uv2582fip2582inf210/technical_environment_home.html HTTP/1.1"
258	2025/03/24 10:08:12	"GET /uv2582fip2582inf210/project_specifications.html HTTP/1.1"
258	2025/03/24 10:08:15	"GET /uv2582fip2582inf210/index.html HTTP/1.1"
258	2025/03/24 10:08:18	"GET /uv2582fip2582inf210/technical_environment_home.html HTTP/1.1"
258	2025/03/24 10:08:21	"GET /uv2582fip2582inf210/documentation_rdbms.html HTTP/1.1"
258	2025/03/24 10:08:22	"GET /uv2582fip2582inf210/practice_postgresql.html HTTP/1.1"
258	2025/03/24 10:08:28	"GET /uv2582fip2582inf210/data_home.html HTTP/1.1"
258	2025/03/24 10:08:33	"GET /uv2582fip2582inf210/lecture_modeling_normalization.html HTTP/1.1"
258	2025/03/24 10:08:38	"GET /uv2582fip2582inf210/lecture_conceptual_modeling.html HTTP/1.1"
2562	2025/03/24 10:12:56	"GET /uv2582fip2582inf210/lecture_conceptual_modeling.html HTTP/1.1"
2516	2025/03/24 10:19:06	"GET /uv2582fip2582inf210/data_home.html HTTP/1.1"
2516	2025/03/24 10:19:10	"GET /uv2582fip2582inf210/lecture_modeling_normalization.html HTTP/1.1"
2516	2025/03/24 10:19:13	"GET /uv2582fip2582inf210/lecture_conceptual_modeling.html HTTP/1.1"
2516	2025/03/24 10:19:14	"GET /uv2582fip2582inf210/activity_conceptual_modeling.html HTTP/1.1"
2516	2025/03/24 10:19:19	"GET /uv2582fip2582inf210/activity_conceptual_modeling_correction.html HTTP/1.1"
2570	2025/03/24 10:36:12	"GET /uv2582fip2582inf210/data_home.html HTTP/1.1"
2570	2025/03/24 10:37:28	"GET /uv2582fip2582inf210/lecture_relational_model.html HTTP/1.1"
2570	2025/03/24 10:37:38	"GET /uv2582fip2582inf210/lecture_db_integrity.html HTTP/1.1"
2570	2025/03/24 10:37:59	"GET /uv2582fip2582inf210/index.html HTTP/1.1"
2570	2025/03/24 10:38:08	"GET /uv2582fip2582inf210/technical_environment_home.html HTTP/1.1"
2570	2025/03/24 10:38:10	"GET /uv2582fip2582inf210/web_architecture_home.html HTTP/1.1"
2513	2025/03/24 10:50:53	"GET /uv2582fip2582inf210/technical_environment_home.html HTTP/1.1"
2513	2025/03/24 10:50:58	"GET /uv2582fip2582inf210/web_architecture_home.html HTTP/1.1"
2513	2025/03/24 10:51:03	"GET /uv2582fip2582inf210/images/prerequisite_data/prerequisite_data_2025.html HTTP/1.1"
2513	2025/03/24 10:51:06	"GET /uv2582fip2582inf210/lecture_conceptual_modeling.html HTTP/1.1"
2514	2025/03/24 11:27:33	"GET /uv2582fip2582inf210/index.html HTTP/1.1"
2553	2025/03/24 11:51:20	"GET /uv2582fip2582inf210/data_home.html HTTP/1.1"
2553	2025/03/24 11:51:26	"GET /uv2582fip2582inf210/lecture_modeling_normalization.html HTTP/1.1"
2553	2025/03/24 11:51:35	"GET /uv2582fip2582inf210/lecture_conceptual_modeling.html HTTP/1.1"
2522	2025/03/24 12:45:50	"GET /uv2582fip2582inf210/project_presentation.html HTTP/1.1"
2522	2025/03/24 12:52:05	"GET /uv2582fip2582inf210/project_specifications.html HTTP/1.1"
2569	2025/03/24 13:51:38	"GET /uv2582fip2582inf210/PresentationUVINF210/pres.html HTTP/1.1"
2522	2025/03/24 13:59:54	"GET /uv2582fip2582inf210/project_evaluation.html HTTP/1.1"
2522	2025/03/24 14:04:57	"GET /uv2582fip2582inf210/project_specifications.html HTTP/1.1"
258	2025/03/24 17:50:08	"GET /uv2582fip2582inf210/project_presentation.html HTTP/1.1"
258	2025/03/24 17:50:09	"GET /uv2582fip2582inf210/project_evaluation.html HTTP/1.1"
2569	2025/05/14 09:33:41	"GET /uv2582fip2582inf210/project_structureui.html HTTP/1.1"
2569	2025/05/14 09:33:46	"GET /uv2582fip2582inf210/project_presentation.html HTTP/1.1"
2569	2025/05/14 09:33:47	"GET /uv2582fip2582inf210/project_evaluation.html HTTP/1.1"
2551	2025/05/14 09:35:05	"GET /uv2582fip2582inf210/project_part2.html HTTP/1.1"
2551	2025/05/14 09:35:08	"GET /uv2582fip2582inf210/project_presentation.html HTTP/1.1"
2551	2025/05/14 09:35:13	"GET /uv2582fip2582inf210/project_evaluation.html HTTP/1.1"
2543	2025/05/14 14:09:48	"GET /uv2582fip2582inf210/project_presentation.html HTTP/1.1"
2543	2025/05/14 14:10:00	"GET /uv2582fip2582inf210/project_evaluation.html HTTP/1.1"
2519	2025/04/02 14:29:19	"GET /uv2582fip2582inf210/project_presentation.html HTTP/1.1"
2519	2025/04/02 14:29:22	"GET /uv2582fip2582inf210/project_evaluation.html HTTP/1.1"
259	2025/04/02 15:53:48	"GET /uv2582fip2582inf210/project_presentation.html HTTP/1.1"
259	2025/04/02 15:53:51	"GET /uv2582fip2582inf210/project_structureui.html HTTP/1.1"
259	2025/04/02 15:53:56	"GET /uv2582fip2582inf210/project_part3.html HTTP/1.1"
259	2025/04/02 15:54:56	"GET /uv2582fip2582inf210/project_part1.html HTTP/1.1"
259	2025/04/02 15:55:15	"GET /uv2582fip2582inf210/project_part2.html HTTP/1.1"
2515	2025/04/02 15:56:01	"GET /uv2582fip2582inf210/project_presentation.html HTTP/1.1"
2515	2025/04/02 15:56:05	"GET /uv2582fip2582inf210/project_evaluation.html HTTP/1.1"
2515	2025/04/02 15:56:33	"GET /uv2582fip2582inf210/project_specifications.html HTTP/1.1"
2515	2025/04/02 15:56:36	"GET /uv2582fip2582inf210/project_task_time.html HTTP/1.1"
2515	2025/04/02 15:56:39	"GET /uv2582fip2582inf210/project_part1.html HTTP/1.1"
2548	2025/04/02 16:46:12	"GET /uv2582fip2582inf210/data_home.html HTTP/1.1"
2548	2025/04/02 16:46:16	"GET /uv2582fip2582inf210/project_presentation.html HTTP/1.1"
2548	2025/04/02 16:46:18	"GET /uv2582fip2582inf210/project_evaluation.html HTTP/1.1"
2551	2025/04/02 16:58:25	"GET /uv2582fip2582inf210/project_part2.html HTTP/1.1"
2542	2025/04/02 20:12:10	"GET /uv2582fip2582inf210/project_presentation.html HTTP/1.1"
2542	2025/04/02 20:12:16	"GET /uv2582fip2582inf210/project_specifications.html HTTP/1.1"
2520	2025/04/02 20:41:49	"GET /uv2582fip2582inf210/project_presentation.html HTTP/1.1"
2520	2025/04/02 20:41:57	"GET /uv2582fip2582inf210/project_specifications.html HTTP/1.1"
2515	2025/04/02 20:46:37	"GET /uv2582fip2582inf210/project_part3.html HTTP/1.1"
2515	2025/04/02 20:46:38	"GET /uv2582fip2582inf210/project_structureui.html HTTP/1.1"
2512	2025/04/02 21:06:24	"GET /uv2582fip2582inf210/project_presentation.html HTTP/1.1"
2516	2025/04/02 21:20:30	"GET /uv2582fip2582inf210/project_presentation.html HTTP/1.1"
2516	2025/04/02 21:20:33	"GET /uv2582fip2582inf210/project_specifications.html HTTP/1.1"
2516	2025/04/02 21:20:44	"GET /uv2582fip2582inf210/project_task_time.html HTTP/1.1"
2513	2025/04/02 21:34:15	"GET /uv2582fip2582inf210/project_presentation.html HTTP/1.1"
2513	2025/04/02 21:34:17	"GET /uv2582fip2582inf210/project_specifications.html HTTP/1.1"
2519	2025/04/02 22:09:01	"GET /uv2582fip2582inf210/project_specifications.html HTTP/1.1"
2513	2025/04/02 23:07:21	"GET /uv2582fip2582inf210/project_part3.html HTTP/1.1"
2513	2025/04/02 23:07:27	"GET /uv2582fip2582inf210/index.html HTTP/1.1"
252	2025/08/24 23:49:56	"GET /uv2582fip2582inf210/project_part2.html HTTP/1.1"
252	2025/08/24 23:50:01	"GET /uv2582fip2582inf210/project_structureui.html HTTP/1.1"
2513	2025/03/23 21:45:35	"GET /uv2582fip2582inf210/data_home.html HTTP/1.1"
2513	2025/03/23 21:45:38	"GET /uv2582fip2582inf210/project_presentation.html HTTP/1.1"
2513	2025/03/23 21:45:54	"GET /uv2582fip2582inf210/project_evaluation.html HTTP/1.1"
2513	2025/03/23 21:52:07	"GET /uv2582fip2582inf210/index.html HTTP/1.1"
2536	2025/03/23 22:44:11	"GET /uv2582fip2582inf210/data_home.html HTTP/1.1"
2536	2025/03/23 22:44:13	"GET /uv2582fip2582inf210/lecture_relational_model.html HTTP/1.1"
2536	2025/03/23 22:44:17	"GET /uv2582fip2582inf210/lecture_db_integrity.html HTTP/1.1"
2536	2025/03/23 22:44:25	"GET /uv2582fip2582inf210/activity_relational_model.html HTTP/1.1"
2536	2025/03/23 22:44:26	"GET /uv2582fip2582inf210/lecture_modeling_normalization.html HTTP/1.1"
2536	2025/03/23 22:44:29	"GET /uv2582fip2582inf210/lecture_conceptual_modeling.html HTTP/1.1"
2557	2025/03/23 23:42:32	"GET /uv2582fip2582inf210/data_home.html HTTP/1.1"
2557	2025/03/23 23:42:36	"GET /uv2582fip2582inf210/images/prerequisite_data/prerequisite_data_2025.html HTTP/1.1"
2557	2025/03/23 23:42:55	"GET /uv2582fip2582inf210/lecture_normalization.html HTTP/1.1"
2557	2025/03/23 23:43:26	"GET /uv2582fip2582inf210/activity_normalization.html HTTP/1.1"
2557	2025/03/23 23:43:32	"GET /uv2582fip2582inf210/activity_decomposition.html HTTP/1.1"
2557	2025/03/23 23:45:03	"GET /uv2582fip2582inf210/lecture_normalization.html HTTP/1.1"
2557	2025/03/23 23:46:02	"GET /uv2582fip2582inf210/activity_normalization.html HTTP/1.1"
2557	2025/03/23 23:46:45	"GET /uv2582fip2582inf210/activity_normalization_correction.html HTTP/1.1"
2557	2025/03/23 23:48:43	"GET /uv2582fip2582inf210/lecture_normalization.html HTTP/1.1"
2557	2025/03/23 23:49:19	"GET /uv2582fip2582inf210/activity_decomposition.html HTTP/1.1"
2557	2025/03/23 23:49:27	"GET /uv2582fip2582inf210/lecture_conceptual_modeling.html HTTP/1.1"
2529	2025/02/20 09:42:13	"GET /uv2582fip2582inf210/index.html HTTP/1.1"
2556	2025/02/20 10:52:05	"GET /uv2582fip2582inf210/documentation_programming.html HTTP/1.1"
2556	2025/02/20 11:00:20	"GET /uv2582fip2582inf210/inversion_of_control.html HTTP/1.1"
2556	2025/02/20 11:04:47	"GET /uv2582fip2582inf210/practice_spring.html HTTP/1.1"
2556	2025/02/20 11:05:28	"GET /uv2582fip2582inf210/practice_spring.html HTTP/1.1"
2531	2025/02/20 11:32:02	"GET /uv2582fip2582inf210/web_architecture_home.html HTTP/1.1"
2531	2025/02/20 11:32:19	"GET /uv2582fip2582inf210/practice_jpa_advanced.html HTTP/1.1"
2533	2025/02/20 11:56:13	"GET /uv2582fip2582inf210/index.html HTTP/1.1"
2533	2025/02/20 11:56:16	"GET /uv2582fip2582inf210/web_architecture_home.html HTTP/1.1"
2533	2025/02/20 11:56:17	"GET /uv2582fip2582inf210/images/prerequisite_archiweb/prerequisite_archiweb_2025.html HTTP/1.1"
2511	2025/02/20 13:41:00	"GET /uv2582fip2582inf210/index.html HTTP/1.1"
2529	2025/02/20 13:41:32	"GET /uv2582fip2582inf210/index.html HTTP/1.1"
2511	2025/02/20 13:43:04	"GET /uv2582fip2582inf210/data_home.html HTTP/1.1"
2512	2025/02/20 13:43:21	"GET /uv2582fip2582inf210/practice_jpa.html HTTP/1.1"
2511	2025/02/20 13:44:00	"GET /uv2582fip2582inf210/lecture_mvc_spring.html HTTP/1.1"
2511	2025/02/20 13:53:21	"GET /uv2582fip2582inf210/lecture_jpa.html HTTP/1.1"
2512	2025/02/20 14:01:31	"GET /uv2582fip2582inf210/lecture_mvc_spring.html HTTP/1.1"
2511	2025/02/20 14:22:45	"GET /uv2582fip2582inf210/lecture_xml.html HTTP/1.1"
2511	2025/02/20 14:22:55	"GET /uv2582fip2582inf210/lecture_json.html HTTP/1.1"
2512	2025/02/20 14:23:43	"GET /uv2582fip2582inf210/practice_spring_2tiers.html HTTP/1.1"
2511	2025/02/20 14:24:03	"GET /uv2582fip2582inf210/practice_spring_2tiers.html HTTP/1.1"
2554	2025/02/20 14:24:32	"GET /uv2582fip2582inf210/web_architecture_home.html HTTP/1.1"
2554	2025/02/20 14:24:43	"GET /uv2582fip2582inf210/practice_spring_2tiers.html HTTP/1.1"
2530	2025/02/20 14:24:50	"GET /uv2582fip2582inf210/practice_spring_2tiers.html HTTP/1.1"
2549	2025/02/20 14:33:22	"GET /uv2582fip2582inf210/data_home.html HTTP/1.1"
2549	2025/02/20 14:33:24	"GET /uv2582fip2582inf210/images/prerequisite_data/prerequisite_data_2025.html HTTP/1.1"
2549	2025/02/20 14:33:32	"GET /uv2582fip2582inf210/activity_normalization.html HTTP/1.1"
2549	2025/02/20 14:38:45	"GET /uv2582fip2582inf210/activity_decomposition.html HTTP/1.1"
2554	2025/02/20 14:40:01	"GET /uv2582fip2582inf210/lecture_mvc_spring.html HTTP/1.1"
2512	2025/02/20 14:45:51	"GET /uv2582fip2582inf210/images/prerequisite_data/prerequisite_data_2025.html HTTP/1.1"
2554	2025/02/20 14:58:03	"GET /uv2582fip2582inf210/lecture_jpa.html HTTP/1.1"
2512	2025/02/20 15:05:46	"GET /uv2582fip2582inf210/web_architecture_home.html HTTP/1.1"
2525	2025/02/20 15:06:24	"GET /uv2582fip2582inf210/data_home.html HTTP/1.1"
2525	2025/02/20 15:06:24	"GET /uv2582fip2582inf210/data_home.html HTTP/1.1"
2525	2025/02/20 15:06:27	"GET /uv2582fip2582inf210/lecture_modeling_normalization.html HTTP/1.1"
2525	2025/02/20 15:06:27	"GET /uv2582fip2582inf210/lecture_modeling_normalization.html HTTP/1.1"
2541	2025/02/20 15:21:34	"GET /uv2582fip2582inf210/practice_jpa_advanced.html HTTP/1.1"
2549	2025/02/20 15:28:27	"GET /uv2582fip2582inf210/activity_decomposition_correction.html HTTP/1.1"
257	2025/02/20 15:40:50	"GET /uv2582fip2582inf210/data_home.html HTTP/1.1"
257	2025/02/20 15:40:52	"GET /uv2582fip2582inf210/lecture_modeling_normalization.html HTTP/1.1"
257	2025/02/20 15:40:53	"GET /uv2582fip2582inf210/lecture_conceptual_modeling.html HTTP/1.1"
2525	2025/02/20 15:42:12	"GET /uv2582fip2582inf210/lecture_conceptual_modeling.html HTTP/1.1"
2525	2025/02/20 15:42:14	"GET /uv2582fip2582inf210/lecture_conceptual_modeling.html HTTP/1.1"
2551	2025/02/20 16:00:03	"GET /uv2582fip2582inf210/lecture_mvc_spring.html HTTP/1.1"
2531	2025/02/20 17:32:04	"GET /uv2582fip2582inf210/data_home.html HTTP/1.1"
2531	2025/02/20 17:32:09	"GET /uv2582fip2582inf210/lecture_conceptual_modeling.html HTTP/1.1"
2531	2025/02/20 17:32:22	"GET /uv2582fip2582inf210/lecture_normalization.html HTTP/1.1"
2549	2025/02/20 17:39:47	"GET /uv2582fip2582inf210/activity_conceptual_modeling.html HTTP/1.1"
2549	2025/02/20 17:39:48	"GET /uv2582fip2582inf210/lecture_conceptual_modeling.html HTTP/1.1"
257	2025/02/20 17:41:48	"GET /uv2582fip2582inf210/lecture_conceptual_modeling.html HTTP/1.1"
2513	2025/02/20 17:53:59	"GET /uv2582fip2582inf210/data_home.html HTTP/1.1"
2513	2025/02/20 17:54:00	"GET /uv2582fip2582inf210/images/prerequisite_data/prerequisite_data_2025.html HTTP/1.1"
2513	2025/02/20 17:54:04	"GET /uv2582fip2582inf210/lecture_conceptual_modeling.html HTTP/1.1"
2513	2025/02/20 17:54:26	"GET /uv2582fip2582inf210/lecture_normalization.html HTTP/1.1"
2513	2025/02/20 17:54:36	"GET /uv2582fip2582inf210/lecture_db_integrity.html HTTP/1.1"
2513	2025/02/20 17:54:45	"GET /uv2582fip2582inf210/lecture_transaction.html HTTP/1.1"
2513	2025/02/20 17:54:54	"GET /uv2582fip2582inf210/activity_sql.html HTTP/1.1"
2514	2025/02/20 17:55:22	"GET /uv2582fip2582inf210/data_home.html HTTP/1.1"
2514	2025/02/20 17:55:27	"GET /uv2582fip2582inf210/lecture_normalization.html HTTP/1.1"
2519	2025/02/20 18:25:15	"GET /uv2582fip2582inf210/technical_environment_home.html HTTP/1.1"
2519	2025/02/20 18:25:24	"GET /uv2582fip2582inf210/documentation_programming.html HTTP/1.1"
2519	2025/02/20 18:25:36	"GET /uv2582fip2582inf210/practice_docker.html HTTP/1.1"
2546	2025/02/20 19:11:11	"GET /uv2582fip2582inf210/data_home.html HTTP/1.1"
2546	2025/02/20 19:11:37	"GET /uv2582fip2582inf210/lecture_modeling_normalization.html HTTP/1.1"
2546	2025/02/20 19:11:41	"GET /uv2582fip2582inf210/lecture_conceptual_modeling.html HTTP/1.1"
2546	2025/02/20 19:11:43	"GET /uv2582fip2582inf210/activity_conceptual_modeling.html HTTP/1.1"
2546	2025/02/20 19:12:05	"GET /uv2582fip2582inf210/activity_normalization.html HTTP/1.1"
2546	2025/02/20 19:12:11	"GET /uv2582fip2582inf210/activity_decomposition.html HTTP/1.1"
2519	2025/02/20 19:24:17	"GET /uv2582fip2582inf210/index.html HTTP/1.1"
2510	2025/02/20 20:10:27	"GET /uv2582fip2582inf210/data_home.html HTTP/1.1"
2510	2025/02/20 20:10:31	"GET /uv2582fip2582inf210/lecture_modeling_normalization.html HTTP/1.1"
2510	2025/02/20 20:10:39	"GET /uv2582fip2582inf210/lecture_conceptual_modeling.html HTTP/1.1"
2510	2025/02/20 20:13:50	"GET /uv2582fip2582inf210/activity_conceptual_modeling.html HTTP/1.1"
2510	2025/02/20 20:15:44	"GET /uv2582fip2582inf210/lecture_normalization.html HTTP/1.1"
2553	2025/02/20 20:31:41	"GET /uv2582fip2582inf210/data_home.html HTTP/1.1"
2553	2025/02/20 20:31:49	"GET /uv2582fip2582inf210/lecture_modeling_normalization.html HTTP/1.1"
2553	2025/02/20 20:32:02	"GET /uv2582fip2582inf210/lecture_conceptual_modeling.html HTTP/1.1"
2510	2025/02/20 20:38:46	"GET /uv2582fip2582inf210/activity_normalization.html HTTP/1.1"
2510	2025/02/20 20:38:53	"GET /uv2582fip2582inf210/activity_decomposition.html HTTP/1.1"
2549	2025/02/20 20:40:08	"GET /uv2582fip2582inf210/lecture_normalization.html HTTP/1.1"
2534	2025/02/20 20:43:25	"GET /uv2582fip2582inf210/data_home.html HTTP/1.1"
2534	2025/02/20 20:43:53	"GET /uv2582fip2582inf210/index.html HTTP/1.1"
2534	2025/02/20 20:43:56	"GET /uv2582fip2582inf210/web_architecture_home.html HTTP/1.1"
2534	2025/02/20 20:44:02	"GET /uv2582fip2582inf210/lecture_dto.html HTTP/1.1"
2534	2025/02/20 20:44:12	"GET /uv2582fip2582inf210/lecture_software_architecture.html HTTP/1.1"
2534	2025/02/20 20:44:23	"GET /uv2582fip2582inf210/lecture_technical_architecture.html HTTP/1.1"
2534	2025/02/20 20:44:27	"GET /uv2582fip2582inf210/lecture_jpa.html HTTP/1.1"
2534	2025/02/20 20:45:52	"GET /uv2582fip2582inf210/practice_jpa.html HTTP/1.1"
2534	2025/02/20 20:47:01	"GET /uv2582fip2582inf210/practice_jpa_advanced.html HTTP/1.1"
2534	2025/02/20 20:47:08	"GET /uv2582fip2582inf210/practice_spring_2tiers_ext.html HTTP/1.1"
2534	2025/02/20 20:47:09	"GET /uv2582fip2582inf210/practice_spring_2tiers.html HTTP/1.1"
2534	2025/02/20 20:47:20	"GET /uv2582fip2582inf210/lecture_jaxb.html HTTP/1.1"
2534	2025/02/20 20:47:54	"GET /uv2582fip2582inf210/lecture_conceptual_modeling.html HTTP/1.1"
2528	2025/02/20 21:05:42	"GET /uv2582fip2582inf210/activity_conceptual_modeling.html HTTP/1.1"
2528	2025/02/20 21:08:15	"GET /uv2582fip2582inf210/activity_conceptual_modeling_advanced.html HTTP/1.1"
2521	2025/02/20 21:08:54	"GET /uv2582fip2582inf210/web_architecture_home.html HTTP/1.1"
2521	2025/02/20 21:08:55	"GET /uv2582fip2582inf210/images/prerequisite_archiweb/prerequisite_archiweb_2025.html HTTP/1.1"
2521	2025/02/20 21:08:59	"GET /uv2582fip2582inf210/lecture_mvc_spring.html HTTP/1.1"
2521	2025/02/20 21:09:10	"GET /uv2582fip2582inf210/practice_spring_2tiers.html HTTP/1.1"
2531	2025/02/20 21:10:19	"GET /uv2582fip2582inf210/practice_spring_2tiers.html HTTP/1.1"
2531	2025/02/20 21:10:36	"GET /uv2582fip2582inf210/index.html HTTP/1.1"
2531	2025/02/20 21:12:24	"GET /uv2582fip2582inf210/activity_conceptual_modeling.html HTTP/1.1"
2519	2025/02/20 21:22:44	"GET /uv2582fip2582inf210/data_home.html HTTP/1.1"
2519	2025/02/20 21:23:19	"GET /uv2582fip2582inf210/activity_normalization.html HTTP/1.1"
259	2025/02/20 21:24:04	"GET /uv2582fip2582inf210/web_architecture_home.html HTTP/1.1"
2519	2025/02/20 21:25:05	"GET /uv2582fip2582inf210/lecture_normalization.html HTTP/1.1"
2554	2025/02/20 21:26:55	"GET /uv2582fip2582inf210/index.html HTTP/1.1"
2554	2025/02/20 21:26:59	"GET /uv2582fip2582inf210/data_home.html HTTP/1.1"
2554	2025/02/20 21:27:11	"GET /uv2582fip2582inf210/lecture_relational_model.html HTTP/1.1"
2525	2025/02/20 21:31:32	"GET /uv2582fip2582inf210/activity_conceptual_modeling.html HTTP/1.1"
2525	2025/02/20 21:31:33	"GET /uv2582fip2582inf210/activity_conceptual_modeling.html HTTP/1.1"
2513	2025/02/20 21:33:07	"GET /uv2582fip2582inf210/activity_conceptual_modeling.html HTTP/1.1"
259	2025/02/20 21:35:53	"GET /uv2582fip2582inf210/lecture_jpa.html HTTP/1.1"
2518	2025/02/20 21:36:44	"GET /uv2582fip2582inf210/index.html HTTP/1.1"
2518	2025/02/20 21:36:50	"GET /uv2582fip2582inf210/data_home.html HTTP/1.1"
2518	2025/02/20 21:36:57	"GET /uv2582fip2582inf210/images/prerequisite_data/prerequisite_data_2025.html HTTP/1.1"
2518	2025/02/20 21:37:14	"GET /uv2582fip2582inf210/lecture_normalization.html HTTP/1.1"
2539	2025/02/20 21:47:17	"GET /uv2582fip2582inf210/data_home.html HTTP/1.1"
2539	2025/02/20 21:47:31	"GET /uv2582fip2582inf210/images/prerequisite_data/prerequisite_data_2025.html HTTP/1.1"
2539	2025/02/20 21:47:36	"GET /uv2582fip2582inf210/lecture_conceptual_modeling.html HTTP/1.1"
2539	2025/02/20 21:48:30	"GET /uv2582fip2582inf210/activity_conceptual_modeling.html HTTP/1.1"
2539	2025/02/20 21:48:53	"GET /uv2582fip2582inf210/lecture_normalization.html HTTP/1.1"
2528	2025/02/20 21:49:13	"GET /uv2582fip2582inf210/lecture_conceptual_modeling.html HTTP/1.1"
2539	2025/02/20 21:49:52	"GET /uv2582fip2582inf210/activity_normalization.html HTTP/1.1"
2539	2025/02/20 21:49:55	"GET /uv2582fip2582inf210/lecture_transaction.html HTTP/1.1"
2539	2025/02/20 21:49:59	"GET /uv2582fip2582inf210/practice_transaction.html HTTP/1.1"
2513	2025/02/20 21:58:10	"GET /uv2582fip2582inf210/web_architecture_home.html HTTP/1.1"
2513	2025/02/20 21:58:11	"GET /uv2582fip2582inf210/images/prerequisite_archiweb/prerequisite_archiweb_2025.html HTTP/1.1"
2513	2025/02/20 21:58:18	"GET /uv2582fip2582inf210/lecture_json.html HTTP/1.1"
2513	2025/02/20 21:58:28	"GET /uv2582fip2582inf210/practice_spring_2tiers.html HTTP/1.1"
2551	2025/02/20 22:04:52	"GET /uv2582fip2582inf210/index.html HTTP/1.1"
2551	2025/02/20 22:05:05	"GET /uv2582fip2582inf210/lecture_technical_architecture.html HTTP/1.1"
2551	2025/02/20 22:05:08	"GET /uv2582fip2582inf210/lecture_software_architecture.html HTTP/1.1"
2535	2025/02/20 22:05:11	"GET /uv2582fip2582inf210/lecture_normalization.html HTTP/1.1"
2551	2025/02/20 22:05:12	"GET /uv2582fip2582inf210/lecture_dto.html HTTP/1.1"
2551	2025/02/20 22:05:21	"GET /uv2582fip2582inf210/data_home.html HTTP/1.1"
2551	2025/02/20 22:05:23	"GET /uv2582fip2582inf210/lecture_relational_model.html HTTP/1.1"
2535	2025/02/20 22:05:34	"GET /uv2582fip2582inf210/index.html HTTP/1.1"
2535	2025/02/20 22:05:50	"GET /uv2582fip2582inf210/lecture_xml.html HTTP/1.1"
2535	2025/02/20 22:07:09	"GET /uv2582fip2582inf210/practice_xml.html HTTP/1.1"
2528	2025/02/20 22:08:15	"GET /uv2582fip2582inf210/lecture_modeling_normalization.html HTTP/1.1"
259	2025/02/20 22:08:43	"GET /uv2582fip2582inf210/practice_jpa.html HTTP/1.1"
2541	2025/02/20 22:10:11	"GET /uv2582fip2582inf210/practice_jpa_advanced.html HTTP/1.1"
2541	2025/02/20 22:10:25	"GET /uv2582fip2582inf210/data_home.html HTTP/1.1"
2541	2025/02/20 22:10:34	"GET /uv2582fip2582inf210/lecture_modeling_normalization.html HTTP/1.1"
2541	2025/02/20 22:10:44	"GET /uv2582fip2582inf210/activity_conceptual_modeling.html HTTP/1.1"
2541	2025/02/20 22:11:27	"GET /uv2582fip2582inf210/lecture_conceptual_modeling.html HTTP/1.1"
2541	2025/02/20 22:14:15	"GET /uv2582fip2582inf210/activity_conceptual_modeling_advanced.html HTTP/1.1"
2541	2025/02/20 22:14:20	"GET /uv2582fip2582inf210/activity_conceptual_modeling_advanced_correction.html HTTP/1.1"
259	2025/02/20 22:23:34	"GET /uv2582fip2582inf210/practice_spring_2tiers.html HTTP/1.1"
2510	2025/02/20 22:28:18	"GET /uv2582fip2582inf210/activity_conceptual_modeling_advanced.html HTTP/1.1"
2510	2025/02/20 22:28:27	"GET /uv2582fip2582inf210/practice_independence_views.html HTTP/1.1"
259	2025/02/20 22:29:22	"GET /uv2582fip2582inf210/data_home.html HTTP/1.1"
259	2025/02/20 22:29:38	"GET /uv2582fip2582inf210/lecture_relational_model.html HTTP/1.1"
259	2025/02/20 22:29:44	"GET /uv2582fip2582inf210/activity_relational_model.html HTTP/1.1"
259	2025/02/20 22:29:59	"GET /uv2582fip2582inf210/lecture_conceptual_modeling.html HTTP/1.1"
259	2025/02/20 22:30:06	"GET /uv2582fip2582inf210/lecture_normalization.html HTTP/1.1"
2533	2025/02/20 22:30:08	"GET /uv2582fip2582inf210/web_architecture_home.html HTTP/1.1"
2533	2025/02/20 22:30:11	"GET /uv2582fip2582inf210/practice_spring_2tiers.html HTTP/1.1"
259	2025/02/20 22:30:12	"GET /uv2582fip2582inf210/activity_normalization.html HTTP/1.1"
259	2025/02/20 22:30:14	"GET /uv2582fip2582inf210/activity_decomposition.html HTTP/1.1"
259	2025/02/20 22:30:17	"GET /uv2582fip2582inf210/lecture_modeling_normalization.html HTTP/1.1"
259	2025/02/20 22:30:37	"GET /uv2582fip2582inf210/lecture_dto.html HTTP/1.1"
2541	2025/02/20 22:31:17	"GET /uv2582fip2582inf210/activity_conceptual_modeling_correction.html HTTP/1.1"
2541	2025/02/20 22:35:25	"GET /uv2582fip2582inf210/lecture_normalization.html HTTP/1.1"
253	2025/02/20 22:38:59	"GET /uv2582fip2582inf210/web_architecture_home.html HTTP/1.1"
253	2025/02/20 22:39:00	"GET /uv2582fip2582inf210/images/prerequisite_archiweb/prerequisite_archiweb_2025.html HTTP/1.1"
253	2025/02/20 22:39:02	"GET /uv2582fip2582inf210/practice_spring_2tiers.html HTTP/1.1"
2551	2025/02/20 22:47:21	"GET /uv2582fip2582inf210/lecture_db_integrity.html HTTP/1.1"
2528	2025/02/20 22:47:42	"GET /uv2582fip2582inf210/activity_conceptual_modeling_correction.html HTTP/1.1"
2541	2025/02/20 22:51:45	"GET /uv2582fip2582inf210/activity_normalization.html HTTP/1.1"
2541	2025/02/20 22:52:03	"GET /uv2582fip2582inf210/activity_decomposition.html HTTP/1.1"
2521	2025/02/20 22:52:26	"GET /uv2582fip2582inf210/data_home.html HTTP/1.1"
2521	2025/02/20 22:52:30	"GET /uv2582fip2582inf210/images/prerequisite_data/prerequisite_data_2025.html HTTP/1.1"
2541	2025/02/20 22:52:41	"GET /uv2582fip2582inf210/activity_decomposition_correction.html HTTP/1.1"
2513	2025/02/20 23:01:10	"GET /uv2582fip2582inf210/lecture_technical_architecture.html HTTP/1.1"
2551	2025/02/20 23:01:55	"GET /uv2582fip2582inf210/activity_relational_model.html HTTP/1.1"
2551	2025/02/20 23:02:01	"GET /uv2582fip2582inf210/lecture_modeling_normalization.html HTTP/1.1"
2551	2025/02/20 23:04:32	"GET /uv2582fip2582inf210/lecture_conceptual_modeling.html HTTP/1.1"
2551	2025/02/20 23:05:26	"GET /uv2582fip2582inf210/lecture_normalization.html HTTP/1.1"
2551	2025/02/20 23:05:53	"GET /uv2582fip2582inf210/activity_decomposition.html HTTP/1.1"
2551	2025/02/20 23:05:55	"GET /uv2582fip2582inf210/activity_normalization.html HTTP/1.1"
2551	2025/02/20 23:05:59	"GET /uv2582fip2582inf210/activity_sql.html HTTP/1.1"
2521	2025/02/20 23:12:31	"GET /uv2582fip2582inf210/lecture_conceptual_modeling.html HTTP/1.1"
2521	2025/02/20 23:13:10	"GET /uv2582fip2582inf210/activity_conceptual_modeling.html HTTP/1.1"
2521	2025/02/20 23:13:13	"GET /uv2582fip2582inf210/activity_conceptual_modeling_correction.html HTTP/1.1"
2551	2025/02/20 23:16:54	"GET /uv2582fip2582inf210/practice_sql.html HTTP/1.1"
2551	2025/02/20 23:16:59	"GET /uv2582fip2582inf210/lecture_transaction.html HTTP/1.1"
2551	2025/02/20 23:17:51	"GET /uv2582fip2582inf210/activity_conceptual_modeling.html HTTP/1.1"
256	2025/02/20 23:19:52	"GET /uv2582fip2582inf210/index.html HTTP/1.1"
256	2025/02/20 23:19:54	"GET /uv2582fip2582inf210/data_home.html HTTP/1.1"
256	2025/02/20 23:19:55	"GET /uv2582fip2582inf210/images/prerequisite_data/prerequisite_data_2025.html HTTP/1.1"
256	2025/02/20 23:20:00	"GET /uv2582fip2582inf210/lecture_conceptual_modeling.html HTTP/1.1"
256	2025/02/20 23:20:21	"GET /uv2582fip2582inf210/activity_conceptual_modeling.html HTTP/1.1"
256	2025/02/20 23:20:26	"GET /uv2582fip2582inf210/activity_conceptual_modeling_correction.html HTTP/1.1"
2521	2025/02/20 23:26:10	"GET /uv2582fip2582inf210/lecture_normalization.html HTTP/1.1"
2523	2025/02/20 23:46:55	"GET /uv2582fip2582inf210/data_home.html HTTP/1.1"
2523	2025/02/20 23:47:06	"GET /uv2582fip2582inf210/activity_conceptual_modeling.html HTTP/1.1"
2523	2025/02/20 23:47:35	"GET /uv2582fip2582inf210/lecture_normalization.html HTTP/1.1"
2528	2025/02/21 00:31:08	"GET /uv2582fip2582inf210/lecture_software_architecture.html HTTP/1.1"
2528	2025/02/21 00:31:13	"GET /uv2582fip2582inf210/index.html HTTP/1.1"
2528	2025/02/21 00:31:18	"GET /uv2582fip2582inf210/data_home.html HTTP/1.1"
2528	2025/02/21 00:31:31	"GET /uv2582fip2582inf210/web_architecture_home.html HTTP/1.1"
2528	2025/02/21 00:31:46	"GET /uv2582fip2582inf210/activity_normalization.html HTTP/1.1"
2528	2025/02/21 00:56:57	"GET /uv2582fip2582inf210/activity_conceptual_modeling_advanced_correction.html HTTP/1.1"
2522	2025/02/28 09:41:21	"GET /uv2582fip2582inf210/project_presentation.html HTTP/1.1"
2522	2025/02/28 09:41:26	"GET /uv2582fip2582inf210/project_part1.html HTTP/1.1"
2529	2025/02/28 10:15:13	"GET /uv2582fip2582inf210/index.html HTTP/1.1"
2529	2025/02/28 10:15:17	"GET /uv2582fip2582inf210/project_presentation.html HTTP/1.1"
2529	2025/02/28 10:15:22	"GET /uv2582fip2582inf210/project_evaluation.html HTTP/1.1"
259	2025/02/28 11:06:30	"GET /uv2582fip2582inf210/project_presentation.html HTTP/1.1"
259	2025/02/28 11:10:14	"GET /uv2582fip2582inf210/project_specifications.html HTTP/1.1"
259	2025/02/28 11:10:43	"GET /uv2582fip2582inf210/project_task_time.html HTTP/1.1"
259	2025/02/28 11:11:03	"GET /uv2582fip2582inf210/project_part1.html HTTP/1.1"
259	2025/02/28 11:15:07	"GET /uv2582fip2582inf210/project_presentation.html HTTP/1.1"
259	2025/02/28 11:16:09	"GET /uv2582fip2582inf210/data_home.html HTTP/1.1"
259	2025/02/28 11:18:57	"GET /uv2582fip2582inf210/lecture_modeling_normalization.html HTTP/1.1"
259	2025/02/28 11:19:37	"GET /uv2582fip2582inf210/lecture_conceptual_modeling.html HTTP/1.1"
259	2025/02/28 11:26:49	"GET /uv2582fip2582inf210/activity_normalization.html HTTP/1.1"
259	2025/02/28 11:28:31	"GET /uv2582fip2582inf210/activity_decomposition.html HTTP/1.1"
259	2025/02/28 11:29:14	"GET /uv2582fip2582inf210/lecture_normalization.html HTTP/1.1"
2531	2025/02/28 11:29:29	"GET /uv2582fip2582inf210/project_presentation.html HTTP/1.1"
2531	2025/02/28 11:29:37	"GET /uv2582fip2582inf210/project_specifications.html HTTP/1.1"
2531	2025/02/28 11:32:49	"GET /uv2582fip2582inf210/project_task_time.html HTTP/1.1"
2531	2025/02/28 11:34:34	"GET /uv2582fip2582inf210/project_part1.html HTTP/1.1"
2531	2025/02/28 11:47:03	"GET /uv2582fip2582inf210/index.html HTTP/1.1"
2531	2025/02/28 11:47:06	"GET /uv2582fip2582inf210/technical_environment_home.html HTTP/1.1"
2531	2025/02/28 11:48:46	"GET /uv2582fip2582inf210/documentation_docker.html HTTP/1.1"
2531	2025/02/28 11:49:27	"GET /uv2582fip2582inf210/practice_docker.html HTTP/1.1"
2531	2025/02/28 11:50:27	"GET /uv2582fip2582inf210/practice_docker_advanced.html HTTP/1.1"
2529	2025/02/28 11:50:57	"GET /uv2582fip2582inf210/project_task_time.html HTTP/1.1"
2531	2025/02/28 11:53:19	"GET /uv2582fip2582inf210/documentation_rdbms.html HTTP/1.1"
2531	2025/02/28 11:53:44	"GET /uv2582fip2582inf210/practice_postgresql.html HTTP/1.1"
2531	2025/02/28 11:54:58	"GET /uv2582fip2582inf210/documentation_programming.html HTTP/1.1"
2531	2025/02/28 11:55:53	"GET /uv2582fip2582inf210/inversion_of_control.html HTTP/1.1"
2531	2025/02/28 11:56:44	"GET /uv2582fip2582inf210/spring_bean.html HTTP/1.1"
2531	2025/02/28 11:58:10	"GET /uv2582fip2582inf210/practice_spring.html HTTP/1.1"
2529	2025/02/28 12:00:14	"GET /uv2582fip2582inf210/project_specifications.html HTTP/1.1"
2531	2025/02/28 12:06:04	"GET /uv2582fip2582inf210/project_evaluation.html HTTP/1.1"
259	2025/02/28 12:12:40	"GET /uv2582fip2582inf210/lecture_conceptual_modeling.html HTTP/1.1"
2543	2025/02/28 12:51:27	"GET /uv2582fip2582inf210/index.html HTTP/1.1"
2543	2025/02/28 12:51:30	"GET /uv2582fip2582inf210/project_presentation.html HTTP/1.1"
2543	2025/02/28 12:51:38	"GET /uv2582fip2582inf210/project_task_time.html HTTP/1.1"
2527	2025/02/28 13:02:23	"GET /uv2582fip2582inf210/lecture_software_architecture.html HTTP/1.1"
2527	2025/02/28 13:02:32	"GET /uv2582fip2582inf210/index.html HTTP/1.1"
2527	2025/02/28 13:02:36	"GET /uv2582fip2582inf210/data_home.html HTTP/1.1"
2527	2025/02/28 13:02:41	"GET /uv2582fip2582inf210/activity_conceptual_modeling.html HTTP/1.1"
2527	2025/02/28 13:02:44	"GET /uv2582fip2582inf210/activity_conceptual_modeling_advanced.html HTTP/1.1"
2527	2025/02/28 13:02:45	"GET /uv2582fip2582inf210/lecture_conceptual_modeling.html HTTP/1.1"
2527	2025/02/28 13:03:07	"GET /uv2582fip2582inf210/lecture_normalization.html HTTP/1.1"
2515	2025/02/28 13:37:07	"GET /uv2582fip2582inf210/project_presentation.html HTTP/1.1"
2515	2025/02/28 13:37:14	"GET /uv2582fip2582inf210/data_home.html HTTP/1.1"
2515	2025/02/28 13:37:17	"GET /uv2582fip2582inf210/lecture_relational_model.html HTTP/1.1"
2515	2025/02/28 13:37:22	"GET /uv2582fip2582inf210/lecture_db_integrity.html HTTP/1.1"
2515	2025/02/28 13:37:24	"GET /uv2582fip2582inf210/activity_relational_model.html HTTP/1.1"
2515	2025/02/28 13:37:25	"GET /uv2582fip2582inf210/lecture_modeling_normalization.html HTTP/1.1"
2515	2025/02/28 13:37:30	"GET /uv2582fip2582inf210/activity_conceptual_modeling.html HTTP/1.1"
2515	2025/02/28 13:37:37	"GET /uv2582fip2582inf210/lecture_normalization.html HTTP/1.1"
2515	2025/02/28 13:37:53	"GET /uv2582fip2582inf210/activity_normalization.html HTTP/1.1"
2515	2025/02/28 13:37:55	"GET /uv2582fip2582inf210/activity_decomposition.html HTTP/1.1"
2515	2025/02/28 13:38:03	"GET /uv2582fip2582inf210/activity_sql.html HTTP/1.1"
259	2025/02/28 13:47:34	"GET /uv2582fip2582inf210/lecture_normalization.html HTTP/1.1"
259	2025/02/28 13:48:16	"GET /uv2582fip2582inf210/project_presentation.html HTTP/1.1"
259	2025/02/28 13:49:11	"GET /uv2582fip2582inf210/project_part1.html HTTP/1.1"
259	2025/02/28 13:51:22	"GET /uv2582fip2582inf210/project_specifications.html HTTP/1.1"
259	2025/02/28 13:54:31	"GET /uv2582fip2582inf210/data_home.html HTTP/1.1"
259	2025/02/28 13:54:44	"GET /uv2582fip2582inf210/activity_conceptual_modeling.html HTTP/1.1"
259	2025/02/28 13:54:50	"GET /uv2582fip2582inf210/lecture_normalization.html HTTP/1.1"
259	2025/02/28 13:55:17	"GET /uv2582fip2582inf210/lecture_modeling_normalization.html HTTP/1.1"
259	2025/02/28 13:55:26	"GET /uv2582fip2582inf210/lecture_conceptual_modeling.html HTTP/1.1"
2515	2025/02/28 14:00:50	"GET /uv2582fip2582inf210/index.html HTTP/1.1"
2515	2025/02/28 14:01:05	"GET /uv2582fip2582inf210/project_part1.html HTTP/1.1"
2515	2025/02/28 14:01:11	"GET /uv2582fip2582inf210/project_task_time.html HTTP/1.1"
2515	2025/02/28 14:01:12	"GET /uv2582fip2582inf210/project_specifications.html HTTP/1.1"
252	2025/02/28 14:16:16	"GET /uv2582fip2582inf210/project_presentation.html HTTP/1.1"
252	2025/02/28 14:16:23	"GET /uv2582fip2582inf210/project_part1.html HTTP/1.1"
2540	2025/02/28 14:16:23	"GET /uv2582fip2582inf210/web_architecture_home.html HTTP/1.1"
2540	2025/02/28 14:16:31	"GET /uv2582fip2582inf210/index.html HTTP/1.1"
2540	2025/02/28 14:16:37	"GET /uv2582fip2582inf210/data_home.html HTTP/1.1"
2540	2025/02/28 14:16:43	"GET /uv2582fip2582inf210/lecture_conceptual_modeling.html HTTP/1.1"
252	2025/02/28 14:16:48	"GET /uv2582fip2582inf210/project_evaluation.html HTTP/1.1"
2550	2025/02/28 14:16:48	"GET /uv2582fip2582inf210/project_presentation.html HTTP/1.1"
2550	2025/02/28 14:16:51	"GET /uv2582fip2582inf210/project_part1.html HTTP/1.1"
2550	2025/02/28 14:16:55	"GET /uv2582fip2582inf210/project_specifications.html HTTP/1.1"
2540	2025/02/28 14:16:55	"GET /uv2582fip2582inf210/lecture_normalization.html HTTP/1.1"
252	2025/02/28 14:16:58	"GET /uv2582fip2582inf210/project_specifications.html HTTP/1.1"
252	2025/02/28 14:16:59	"GET /uv2582fip2582inf210/project_task_time.html HTTP/1.1"
252	2025/02/28 14:21:29	"GET /uv2582fip2582inf210/practice_spring_2tiers.html HTTP/1.1"
252	2025/02/28 14:21:29	"GET /uv2582fip2582inf210/activity_conceptual_modeling.html HTTP/1.1"
2552	2025/02/28 14:21:30	"GET /uv2582fip2582inf210/project_presentation.html HTTP/1.1"
2552	2025/02/28 14:21:32	"GET /uv2582fip2582inf210/project_part1.html HTTP/1.1"
2552	2025/02/28 14:32:58	"GET /uv2582fip2582inf210/project_specifications.html HTTP/1.1"
2546	2025/02/28 14:43:24	"GET /uv2582fip2582inf210/project_presentation.html HTTP/1.1"
2546	2025/02/28 14:43:29	"GET /uv2582fip2582inf210/project_specifications.html HTTP/1.1"
2552	2025/02/28 14:48:40	"GET /uv2582fip2582inf210/data_home.html HTTP/1.1"
2552	2025/02/28 14:48:46	"GET /uv2582fip2582inf210/images/prerequisite_data/prerequisite_data_2025.html HTTP/1.1"
2552	2025/02/28 14:48:50	"GET /uv2582fip2582inf210/activity_relational_model.html HTTP/1.1"
259	2025/02/28 15:04:35	"GET /uv2582fip2582inf210/project_presentation.html HTTP/1.1"
259	2025/02/28 15:04:45	"GET /uv2582fip2582inf210/project_evaluation.html HTTP/1.1"
259	2025/02/28 15:05:04	"GET /uv2582fip2582inf210/project_specifications.html HTTP/1.1"
2575	2025/02/28 15:10:44	"GET /uv2582fip2582inf210/project_presentation.html HTTP/1.1"
2510	2025/02/28 15:12:55	"GET /uv2582fip2582inf210/project_presentation.html HTTP/1.1"
2510	2025/02/28 15:14:23	"GET /uv2582fip2582inf210/index.html HTTP/1.1"
2510	2025/02/28 15:14:25	"GET /uv2582fip2582inf210/technical_environment_home.html HTTP/1.1"
2510	2025/02/28 15:14:42	"GET /uv2582fip2582inf210/documentation_docker.html HTTP/1.1"
2510	2025/02/28 15:14:50	"GET /uv2582fip2582inf210/documentation_rdbms.html HTTP/1.1"
2510	2025/02/28 15:14:55	"GET /uv2582fip2582inf210/practice_docker_advanced.html HTTP/1.1"
2510	2025/02/28 15:14:57	"GET /uv2582fip2582inf210/practice_docker.html HTTP/1.1"
253	2025/02/28 15:36:35	"GET /uv2582fip2582inf210/project_task_time.html HTTP/1.1"
2513	2025/02/28 15:37:10	"GET /uv2582fip2582inf210/data_home.html HTTP/1.1"
2513	2025/02/28 15:37:14	"GET /uv2582fip2582inf210/project_presentation.html HTTP/1.1"
2513	2025/02/28 15:37:23	"GET /uv2582fip2582inf210/project_part1.html HTTP/1.1"
2513	2025/02/28 15:39:25	"GET /uv2582fip2582inf210/project_specifications.html HTTP/1.1"
2513	2025/02/28 15:40:02	"GET /uv2582fip2582inf210/project_task_time.html HTTP/1.1"
2513	2025/02/28 15:41:42	"GET /uv2582fip2582inf210/project_part2.html HTTP/1.1"
2513	2025/02/28 15:41:43	"GET /uv2582fip2582inf210/project_part2.html HTTP/1.1"
2552	2025/02/28 15:47:35	"GET /uv2582fip2582inf210/project_evaluation.html HTTP/1.1"
2529	2025/02/28 16:11:43	"GET /uv2582fip2582inf210/project_specifications.html HTTP/1.1"
259	2025/02/28 16:17:56	"GET /uv2582fip2582inf210/data_home.html HTTP/1.1"
259	2025/02/28 16:18:11	"GET /uv2582fip2582inf210/lecture_conceptual_modeling.html HTTP/1.1"
259	2025/02/28 16:23:45	"GET /uv2582fip2582inf210/technical_environment_home.html HTTP/1.1"
259	2025/02/28 16:23:50	"GET /uv2582fip2582inf210/documentation_docker.html HTTP/1.1"
2562	2025/02/28 16:31:34	"GET /uv2582fip2582inf210/practice_docker.html HTTP/1.1"
2524	2025/02/28 16:31:35	"GET /uv2582fip2582inf210/index.html HTTP/1.1"
2562	2025/02/28 16:31:35	"GET /uv2582fip2582inf210/index.html HTTP/1.1"
2524	2025/02/28 16:31:43	"GET /uv2582fip2582inf210/project_presentation.html HTTP/1.1"
2524	2025/02/28 16:31:46	"GET /uv2582fip2582inf210/project_task_time.html HTTP/1.1"
2562	2025/02/28 16:31:50	"GET /uv2582fip2582inf210/activity_relational_model.html HTTP/1.1"
2524	2025/02/28 16:31:55	"GET /uv2582fip2582inf210/project_part1.html HTTP/1.1"
2562	2025/02/28 16:31:58	"GET /uv2582fip2582inf210/lecture_db_integrity.html HTTP/1.1"
2562	2025/02/28 16:32:01	"GET /uv2582fip2582inf210/lecture_relational_model.html HTTP/1.1"
2539	2025/02/28 16:32:08	"GET /uv2582fip2582inf210/project_presentation.html HTTP/1.1"
2562	2025/02/28 16:32:10	"GET /uv2582fip2582inf210/lecture_conceptual_modeling.html HTTP/1.1"
2539	2025/02/28 16:32:11	"GET /uv2582fip2582inf210/project_part1.html HTTP/1.1"
2562	2025/02/28 16:32:20	"GET /uv2582fip2582inf210/activity_conceptual_modeling.html HTTP/1.1"
2539	2025/02/28 16:32:25	"GET /uv2582fip2582inf210/project_specifications.html HTTP/1.1"
2562	2025/02/28 16:32:26	"GET /uv2582fip2582inf210/lecture_normalization.html HTTP/1.1"
2539	2025/02/28 16:32:29	"GET /uv2582fip2582inf210/project_evaluation.html HTTP/1.1"
259	2025/02/28 17:16:14	"GET /uv2582fip2582inf210/project_specifications.html HTTP/1.1"
2544	2025/02/28 18:01:27	"GET /uv2582fip2582inf210/project_presentation.html HTTP/1.1"
2544	2025/02/28 18:01:30	"GET /uv2582fip2582inf210/project_part1.html HTTP/1.1"
2544	2025/02/28 18:01:59	"GET /uv2582fip2582inf210/project_specifications.html HTTP/1.1"
2545	2025/02/28 18:07:39	"GET /uv2582fip2582inf210/data_home.html HTTP/1.1"
2545	2025/02/28 18:08:09	"GET /uv2582fip2582inf210/lecture_normalization.html HTTP/1.1"
2545	2025/02/28 18:08:45	"GET /uv2582fip2582inf210/lecture_conceptual_modeling.html HTTP/1.1"
2544	2025/02/28 18:13:30	"GET /uv2582fip2582inf210/data_home.html HTTP/1.1"
2544	2025/02/28 18:13:48	"GET /uv2582fip2582inf210/project_task_time.html HTTP/1.1"
2544	2025/02/28 18:14:06	"GET /uv2582fip2582inf210/activity_decomposition.html HTTP/1.1"
2544	2025/02/28 18:14:09	"GET /uv2582fip2582inf210/activity_decomposition_correction.html HTTP/1.1"
2544	2025/02/28 18:14:14	"GET /uv2582fip2582inf210/activity_conceptual_modeling.html HTTP/1.1"
2544	2025/02/28 18:14:16	"GET /uv2582fip2582inf210/activity_conceptual_modeling_correction.html HTTP/1.1"
2521	2025/02/28 18:25:02	"GET /uv2582fip2582inf210/data_home.html HTTP/1.1"
2521	2025/02/28 18:25:09	"GET /uv2582fip2582inf210/lecture_conceptual_modeling.html HTTP/1.1"
2544	2025/02/28 18:35:15	"GET /uv2582fip2582inf210/project_part1.html HTTP/1.1"
2533	2025/02/28 18:38:17	"GET /uv2582fip2582inf210/project_presentation.html HTTP/1.1"
2533	2025/02/28 18:38:39	"GET /uv2582fip2582inf210/project_specifications.html HTTP/1.1"
2544	2025/02/28 18:39:44	"GET /uv2582fip2582inf210/web_architecture_home.html HTTP/1.1"
2544	2025/02/28 18:39:46	"GET /uv2582fip2582inf210/practice_jpa.html HTTP/1.1"
2521	2025/02/28 18:41:48	"GET /uv2582fip2582inf210/lecture_normalization.html HTTP/1.1"
2521	2025/02/28 18:42:39	"GET /uv2582fip2582inf210/project_presentation.html HTTP/1.1"
2521	2025/02/28 19:03:38	"GET /uv2582fip2582inf210/project_part1.html HTTP/1.1"
2521	2025/02/28 19:03:48	"GET /uv2582fip2582inf210/project_specifications.html HTTP/1.1"
2558	2025/02/28 19:25:48	"GET /uv2582fip2582inf210/practice_postgresql.html HTTP/1.1"
2558	2025/02/28 19:25:56	"GET /uv2582fip2582inf210/index.html HTTP/1.1"
2558	2025/02/28 19:25:58	"GET /uv2582fip2582inf210/data_home.html HTTP/1.1"
2558	2025/02/28 19:26:04	"GET /uv2582fip2582inf210/lecture_normalization.html HTTP/1.1"
2558	2025/02/28 19:26:06	"GET /uv2582fip2582inf210/activity_normalization.html HTTP/1.1"
2558	2025/02/28 19:26:11	"GET /uv2582fip2582inf210/activity_decomposition.html HTTP/1.1"
2533	2025/02/28 19:39:36	"GET /uv2582fip2582inf210/project_evaluation.html HTTP/1.1"
2528	2025/02/28 20:05:17	"GET /uv2582fip2582inf210/project_part1.html HTTP/1.1"
2545	2025/02/28 20:34:56	"GET /uv2582fip2582inf210/lecture_modeling_normalization.html HTTP/1.1"
2545	2025/02/28 20:35:02	"GET /uv2582fip2582inf210/lecture_normalization.html HTTP/1.1"
2521	2025/02/28 20:43:34	"GET /uv2582fip2582inf210/project_presentation.html HTTP/1.1"
2521	2025/02/28 20:43:45	"GET /uv2582fip2582inf210/project_presentation.html HTTP/1.1"
2521	2025/02/28 20:43:50	"GET /uv2582fip2582inf210/project_part1.html HTTP/1.1"
2521	2025/02/28 20:46:26	"GET /uv2582fip2582inf210/project_specifications.html HTTP/1.1"
2521	2025/02/28 20:46:35	"GET /uv2582fip2582inf210/project_task_time.html HTTP/1.1"
2543	2025/02/28 20:46:36	"GET /uv2582fip2582inf210/index.html HTTP/1.1"
2543	2025/02/28 20:46:40	"GET /uv2582fip2582inf210/project_presentation.html HTTP/1.1"
2521	2025/02/28 20:46:44	"GET /uv2582fip2582inf210/project_evaluation.html HTTP/1.1"
2543	2025/02/28 20:46:53	"GET /uv2582fip2582inf210/project_evaluation.html HTTP/1.1"
2543	2025/02/28 20:48:58	"GET /uv2582fip2582inf210/web_architecture_home.html HTTP/1.1"
2543	2025/02/28 20:49:06	"GET /uv2582fip2582inf210/practice_jpa_advanced.html HTTP/1.1"
2543	2025/02/28 20:49:19	"GET /uv2582fip2582inf210/practice_spring_2tiers.html HTTP/1.1"
2543	2025/02/28 20:49:22	"GET /uv2582fip2582inf210/lecture_jpa.html HTTP/1.1"
2543	2025/02/28 20:49:23	"GET /uv2582fip2582inf210/practice_jpa.html HTTP/1.1"
2543	2025/02/28 20:50:19	"GET /uv2582fip2582inf210/lecture_dto.html HTTP/1.1"
2543	2025/02/28 20:50:25	"GET /uv2582fip2582inf210/practice_xml.html HTTP/1.1"
2543	2025/02/28 20:50:31	"GET /uv2582fip2582inf210/practice_schema_xml.html HTTP/1.1"
2543	2025/02/28 20:50:35	"GET /uv2582fip2582inf210/lecture_json.html HTTP/1.1"
2543	2025/02/28 20:50:36	"GET /uv2582fip2582inf210/practice_json.html HTTP/1.1"
2543	2025/02/28 20:50:41	"GET /uv2582fip2582inf210/practice_spring_2tiers_ext.html HTTP/1.1"
2543	2025/02/28 20:57:47	"GET /uv2582fip2582inf210/project_part1.html HTTP/1.1"
2543	2025/02/28 20:57:58	"GET /uv2582fip2582inf210/project_part2.html HTTP/1.1"
2515	2025/02/28 21:00:26	"GET /uv2582fip2582inf210/project_presentation.html HTTP/1.1"
2515	2025/02/28 21:00:30	"GET /uv2582fip2582inf210/project_part1.html HTTP/1.1"
252	2025/02/28 21:06:53	"GET /uv2582fip2582inf210/project_evaluation.html HTTP/1.1"
2528	2025/02/28 21:10:23	"GET /uv2582fip2582inf210/practice_jpa_advanced.html HTTP/1.1"
2528	2025/02/28 21:10:25	"GET /uv2582fip2582inf210/practice_jpa.html HTTP/1.1"
2528	2025/02/28 21:10:29	"GET /uv2582fip2582inf210/index.html HTTP/1.1"
2528	2025/02/28 21:10:34	"GET /uv2582fip2582inf210/data_home.html HTTP/1.1"
2528	2025/02/28 21:10:40	"GET /uv2582fip2582inf210/activity_normalization.html HTTP/1.1"
2528	2025/02/28 21:10:44	"GET /uv2582fip2582inf210/activity_decomposition.html HTTP/1.1"
2528	2025/02/28 21:10:52	"GET /uv2582fip2582inf210/activity_conceptual_modeling.html HTTP/1.1"
2528	2025/02/28 21:10:58	"GET /uv2582fip2582inf210/practice_advanced_sql.html HTTP/1.1"
2528	2025/02/28 21:11:26	"GET /uv2582fip2582inf210/documentation_rdbms.html HTTP/1.1"
2528	2025/02/28 21:11:44	"GET /uv2582fip2582inf210/lecture_normalization.html HTTP/1.1"
2528	2025/02/28 21:11:44	"GET /uv2582fip2582inf210/activity_normalization.html HTTP/1.1"
2528	2025/02/28 21:11:48	"GET /uv2582fip2582inf210/activity_decomposition.html HTTP/1.1"
2528	2025/02/28 21:11:56	"GET /uv2582fip2582inf210/lecture_independence_views.html HTTP/1.1"
2528	2025/02/28 21:12:03	"GET /uv2582fip2582inf210/web_architecture_home.html HTTP/1.1"
252	2025/02/28 21:13:54	"GET /uv2582fip2582inf210/project_presentation.html HTTP/1.1"
252	2025/02/28 21:14:51	"GET /uv2582fip2582inf210/project_task_time.html HTTP/1.1"
252	2025/02/28 21:29:16	"GET /uv2582fip2582inf210/project_specifications.html HTTP/1.1"
2515	2025/02/28 21:29:44	"GET /uv2582fip2582inf210/project_specifications.html HTTP/1.1"
2515	2025/02/28 21:31:12	"GET /uv2582fip2582inf210/index.html HTTP/1.1"
2515	2025/02/28 21:31:17	"GET /uv2582fip2582inf210/lecture_conceptual_modeling.html HTTP/1.1"
2515	2025/02/28 21:31:22	"GET /uv2582fip2582inf210/lecture_normalization.html HTTP/1.1"
2521	2025/02/28 21:33:00	"GET /uv2582fip2582inf210/project_part1.html HTTP/1.1"
2521	2025/02/28 21:36:00	"GET /uv2582fip2582inf210/data_home.html HTTP/1.1"
2521	2025/02/28 21:36:02	"GET /uv2582fip2582inf210/images/prerequisite_data/prerequisite_data_2025.html HTTP/1.1"
2521	2025/02/28 21:36:06	"GET /uv2582fip2582inf210/lecture_conceptual_modeling.html HTTP/1.1"
2515	2025/02/28 21:39:14	"GET /uv2582fip2582inf210/project_part1.html HTTP/1.1"
2542	2025/02/28 21:42:09	"GET /uv2582fip2582inf210/project_presentation.html HTTP/1.1"
2542	2025/02/28 21:42:13	"GET /uv2582fip2582inf210/project_specifications.html HTTP/1.1"
2533	2025/02/28 21:45:01	"GET /uv2582fip2582inf210/index.html HTTP/1.1"
2533	2025/02/28 21:45:03	"GET /uv2582fip2582inf210/web_architecture_home.html HTTP/1.1"
2533	2025/02/28 21:45:08	"GET /uv2582fip2582inf210/data_home.html HTTP/1.1"
2533	2025/02/28 21:45:14	"GET /uv2582fip2582inf210/activity_normalization.html HTTP/1.1"
2533	2025/02/28 21:45:18	"GET /uv2582fip2582inf210/lecture_normalization.html HTTP/1.1"
2525	2025/02/28 22:17:03	"GET /uv2582fip2582inf210/lecture_modeling_normalization.html HTTP/1.1"
2525	2025/02/28 22:17:04	"GET /uv2582fip2582inf210/lecture_modeling_normalization.html HTTP/1.1"
2525	2025/02/28 22:17:06	"GET /uv2582fip2582inf210/lecture_conceptual_modeling.html HTTP/1.1"
2525	2025/02/28 22:17:06	"GET /uv2582fip2582inf210/lecture_conceptual_modeling.html HTTP/1.1"
2525	2025/02/28 22:18:02	"GET /uv2582fip2582inf210/lecture_normalization.html HTTP/1.1"
2525	2025/02/28 22:18:02	"GET /uv2582fip2582inf210/lecture_normalization.html HTTP/1.1"
2543	2025/02/28 22:37:45	"GET /uv2582fip2582inf210/project_part1.html HTTP/1.1"
2545	2025/02/28 23:30:21	"GET /uv2582fip2582inf210/project_presentation.html HTTP/1.1"
2545	2025/02/28 23:30:31	"GET /uv2582fip2582inf210/project_evaluation.html HTTP/1.1"
2545	2025/02/28 23:30:34	"GET /uv2582fip2582inf210/project_part1.html HTTP/1.1"
2526	2025/04/05 19:36:40	"GET /uv2582fip2582inf210/technical_environment_home.html HTTP/1.1"
2526	2025/04/05 19:36:46	"GET /uv2582fip2582inf210/documentation_docker.html HTTP/1.1"
2526	2025/04/04 11:30:51	"GET /uv2582fip2582inf210/index.html HTTP/1.1"
2526	2025/04/04 11:30:57	"GET /uv2582fip2582inf210/project_presentation.html HTTP/1.1"
2526	2025/04/04 11:31:06	"GET /uv2582fip2582inf210/project_specifications.html HTTP/1.1"
2528	2025/04/04 12:00:33	"GET /uv2582fip2582inf210/project_presentation.html HTTP/1.1"
2528	2025/04/04 12:00:46	"GET /uv2582fip2582inf210/project_task_time.html HTTP/1.1"
2528	2025/04/04 12:01:16	"GET /uv2582fip2582inf210/project_specifications.html HTTP/1.1"
2552	2025/04/04 14:09:59	"GET /uv2582fip2582inf210/project_task_time.html HTTP/1.1"
2552	2025/04/04 14:10:01	"GET /uv2582fip2582inf210/project_specifications.html HTTP/1.1"
2526	2025/04/04 14:51:21	"GET /uv2582fip2582inf210/project_task_time.html HTTP/1.1"
2515	2025/04/04 15:45:48	"GET /uv2582fip2582inf210/technical_environment_home.html HTTP/1.1"
2515	2025/04/04 15:45:50	"GET /uv2582fip2582inf210/index.html HTTP/1.1"
2515	2025/04/04 15:45:52	"GET /uv2582fip2582inf210/web_architecture_home.html HTTP/1.1"
2515	2025/04/04 15:46:25	"GET /uv2582fip2582inf210/project_presentation.html HTTP/1.1"
2515	2025/04/04 15:46:39	"GET /uv2582fip2582inf210/project_task_time.html HTTP/1.1"
2526	2025/04/04 15:55:24	"GET /uv2582fip2582inf210/project_evaluation.html HTTP/1.1"
2526	2025/04/04 15:55:27	"GET /uv2582fip2582inf210/project_specifications.html HTTP/1.1"
2520	2025/04/04 16:39:39	"GET /uv2582fip2582inf210/project_presentation.html HTTP/1.1"
2520	2025/04/04 16:39:44	"GET /uv2582fip2582inf210/project_task_time.html HTTP/1.1"
2545	2025/04/04 17:16:28	"GET /uv2582fip2582inf210/project_part2.html HTTP/1.1"
2539	2025/04/04 18:04:58	"GET /uv2582fip2582inf210/project_part1.html HTTP/1.1"
2545	2025/04/04 18:07:19	"GET /uv2582fip2582inf210/project_part3.html HTTP/1.1"
2545	2025/04/04 18:07:37	"GET /uv2582fip2582inf210/project_evaluation.html HTTP/1.1"
2539	2025/04/04 18:16:06	"GET /uv2582fip2582inf210/project_part2.html HTTP/1.1"
2539	2025/04/04 18:22:02	"GET /uv2582fip2582inf210/project_part3.html HTTP/1.1"
2533	2025/04/04 18:42:30	"GET /uv2582fip2582inf210/project_task_time.html HTTP/1.1"
2521	2025/04/04 19:23:44	"GET /uv2582fip2582inf210/project_presentation.html HTTP/1.1"
2521	2025/04/04 19:24:33	"GET /uv2582fip2582inf210/project_task_time.html HTTP/1.1"
2520	2025/04/04 19:58:25	"GET /uv2582fip2582inf210/project_part1.html HTTP/1.1"
252	2025/04/04 20:15:20	"GET /uv2582fip2582inf210/technical_environment_home.html HTTP/1.1"
252	2025/04/04 20:15:22	"GET /uv2582fip2582inf210/index.html HTTP/1.1"
252	2025/04/04 20:15:25	"GET /uv2582fip2582inf210/project_presentation.html HTTP/1.1"
252	2025/04/04 20:15:34	"GET /uv2582fip2582inf210/project_evaluation.html HTTP/1.1"
252	2025/04/04 22:41:05	"GET /uv2582fip2582inf210/project_part3.html HTTP/1.1"
2525	2025/04/04 23:28:49	"GET /uv2582fip2582inf210/project_presentation.html HTTP/1.1"
2525	2025/04/04 23:28:49	"GET /uv2582fip2582inf210/project_presentation.html HTTP/1.1"
2525	2025/04/04 23:28:51	"GET /uv2582fip2582inf210/project_evaluation.html HTTP/1.1"
2525	2025/04/04 23:28:51	"GET /uv2582fip2582inf210/project_evaluation.html HTTP/1.1"
2525	2025/04/04 23:41:42	"GET /uv2582fip2582inf210/project_task_time.html HTTP/1.1"
2525	2025/04/04 23:41:43	"GET /uv2582fip2582inf210/project_task_time.html HTTP/1.1"
2525	2025/04/04 23:49:55	"GET /uv2582fip2582inf210/project_part3.html HTTP/1.1"
2525	2025/04/04 23:49:56	"GET /uv2582fip2582inf210/project_part3.html HTTP/1.1"
2519	2025/04/11 11:14:17	"GET /uv2582fip2582inf210/index.html HTTP/1.1"
252	2025/02/21 03:53:57	"GET /uv2582fip2582inf210/project_home.html HTTP/1.1"
252	2025/02/21 03:54:00	"GET /uv2582fip2582inf210/index.html HTTP/1.1"
252	2025/02/21 08:26:06	"GET /uv2582fip2582inf210/data_home.html HTTP/1.1"
252	2025/02/21 08:26:15	"GET /uv2582fip2582inf210/lecture_conceptual_modeling.html HTTP/1.1"
252	2025/02/21 08:26:29	"GET /uv2582fip2582inf210/activity_conceptual_modeling.html HTTP/1.1"
2513	2025/02/21 09:37:24	"GET /uv2582fip2582inf210/lecture_mvc_spring.html HTTP/1.1"
2513	2025/02/21 09:37:26	"GET /uv2582fip2582inf210/lecture_jpa.html HTTP/1.1"
2513	2025/02/21 09:37:51	"GET /uv2582fip2582inf210/practice_jpa.html HTTP/1.1"
2513	2025/02/21 09:40:29	"GET /uv2582fip2582inf210/lecture_dto.html HTTP/1.1"
2511	2025/02/21 09:43:59	"GET /uv2582fip2582inf210/technical_environment_home.html HTTP/1.1"
2511	2025/02/21 09:44:06	"GET /uv2582fip2582inf210/index.html HTTP/1.1"
2511	2025/02/21 09:44:10	"GET /uv2582fip2582inf210/web_architecture_home.html HTTP/1.1"
2511	2025/02/21 09:44:23	"GET /uv2582fip2582inf210/data_home.html HTTP/1.1"
2511	2025/02/21 09:44:52	"GET /uv2582fip2582inf210/lecture_relational_model.html HTTP/1.1"
2511	2025/02/21 09:45:11	"GET /uv2582fip2582inf210/lecture_db_integrity.html HTTP/1.1"
2524	2025/02/21 11:02:48	"GET /uv2582fip2582inf210/index.html HTTP/1.1"
2524	2025/02/21 11:03:25	"GET /uv2582fip2582inf210/data_home.html HTTP/1.1"
2524	2025/02/21 11:03:29	"GET /uv2582fip2582inf210/lecture_conceptual_modeling.html HTTP/1.1"
2524	2025/02/21 11:03:31	"GET /uv2582fip2582inf210/activity_conceptual_modeling.html HTTP/1.1"
2553	2025/02/21 11:03:54	"GET /uv2582fip2582inf210/lecture_conceptual_modeling.html HTTP/1.1"
2524	2025/02/21 11:04:26	"GET /uv2582fip2582inf210/lecture_normalization.html HTTP/1.1"
2524	2025/02/21 11:04:39	"GET /uv2582fip2582inf210/activity_normalization.html HTTP/1.1"
2524	2025/02/21 11:04:43	"GET /uv2582fip2582inf210/activity_decomposition.html HTTP/1.1"
2524	2025/02/21 11:07:30	"GET /uv2582fip2582inf210/activity_decomposition_correction.html HTTP/1.1"
252	2025/02/21 11:50:33	"GET /uv2582fip2582inf210/lecture_normalization.html HTTP/1.1"
2540	2025/02/21 12:30:09	"GET /uv2582fip2582inf210/data_home.html HTTP/1.1"
2540	2025/02/21 12:30:21	"GET /uv2582fip2582inf210/activity_normalization.html HTTP/1.1"
2540	2025/02/21 12:30:44	"GET /uv2582fip2582inf210/lecture_normalization.html HTTP/1.1"
2540	2025/02/21 12:38:30	"GET /uv2582fip2582inf210/activity_decomposition.html HTTP/1.1"
2540	2025/02/21 12:39:37	"GET /uv2582fip2582inf210/activity_normalization_correction.html HTTP/1.1"
2540	2025/02/21 12:48:56	"GET /uv2582fip2582inf210/index.html HTTP/1.1"
2511	2025/02/21 12:56:13	"GET /uv2582fip2582inf210/index.html HTTP/1.1"
2517	2025/02/21 12:57:15	"GET /uv2582fip2582inf210/technical_environment_home.html HTTP/1.1"
2517	2025/02/21 12:57:22	"GET /uv2582fip2582inf210/index.html HTTP/1.1"
2517	2025/02/21 12:57:26	"GET /uv2582fip2582inf210/data_home.html HTTP/1.1"
2511	2025/02/21 12:57:32	"GET /uv2582fip2582inf210/data_home.html HTTP/1.1"
2511	2025/02/21 12:57:38	"GET /uv2582fip2582inf210/lecture_normalization.html HTTP/1.1"
2511	2025/02/21 12:57:40	"GET /uv2582fip2582inf210/activity_normalization.html HTTP/1.1"
2517	2025/02/21 12:57:51	"GET /uv2582fip2582inf210/activity_normalization.html HTTP/1.1"
2517	2025/02/21 12:59:26	"GET /uv2582fip2582inf210/activity_decomposition.html HTTP/1.1"
2516	2025/02/21 12:59:50	"GET /uv2582fip2582inf210/data_home.html HTTP/1.1"
2516	2025/02/21 13:00:32	"GET /uv2582fip2582inf210/activity_conceptual_modeling.html HTTP/1.1"
2516	2025/02/21 13:00:47	"GET /uv2582fip2582inf210/lecture_conceptual_modeling.html HTTP/1.1"
2553	2025/02/21 13:09:37	"GET /uv2582fip2582inf210/activity_conceptual_modeling.html HTTP/1.1"
2553	2025/02/21 13:12:23	"GET /uv2582fip2582inf210/lecture_normalization.html HTTP/1.1"
2524	2025/02/21 13:16:06	"GET /uv2582fip2582inf210/web_architecture_home.html HTTP/1.1"
2524	2025/02/21 13:16:11	"GET /uv2582fip2582inf210/lecture_software_architecture.html HTTP/1.1"
2529	2025/02/21 13:25:47	"GET /uv2582fip2582inf210/web_architecture_home.html HTTP/1.1"
2529	2025/02/21 13:25:49	"GET /uv2582fip2582inf210/index.html HTTP/1.1"
2529	2025/02/21 13:25:51	"GET /uv2582fip2582inf210/data_home.html HTTP/1.1"
2529	2025/02/21 13:25:53	"GET /uv2582fip2582inf210/images/prerequisite_data/prerequisite_data_2025.html HTTP/1.1"
2514	2025/02/21 13:33:04	"GET /uv2582fip2582inf210/practice_jpa.html HTTP/1.1"
2542	2025/02/21 13:33:27	"GET /uv2582fip2582inf210/data_home.html HTTP/1.1"
2542	2025/02/21 13:34:50	"GET /uv2582fip2582inf210/activity_conceptual_modeling.html HTTP/1.1"
2542	2025/02/21 13:34:56	"GET /uv2582fip2582inf210/activity_decomposition.html HTTP/1.1"
2542	2025/02/21 13:35:19	"GET /uv2582fip2582inf210/activity_normalization.html HTTP/1.1"
2542	2025/02/21 13:35:53	"GET /uv2582fip2582inf210/lecture_independence_views.html HTTP/1.1"
2542	2025/02/21 13:35:57	"GET /uv2582fip2582inf210/lecture_normalization.html HTTP/1.1"
2514	2025/02/21 13:37:00	"GET /uv2582fip2582inf210/lecture_software_architecture.html HTTP/1.1"
2514	2025/02/21 13:37:07	"GET /uv2582fip2582inf210/lecture_dto.html HTTP/1.1"
2514	2025/02/21 13:37:11	"GET /uv2582fip2582inf210/lecture_mvc_spring.html HTTP/1.1"
2542	2025/02/21 13:39:00	"GET /uv2582fip2582inf210/practice_independence_views.html HTTP/1.1"
2542	2025/02/21 13:39:47	"GET /uv2582fip2582inf210/lecture_conceptual_modeling.html HTTP/1.1"
2539	2025/02/21 13:46:40	"GET /uv2582fip2582inf210/index.html HTTP/1.1"
2545	2025/02/21 13:49:07	"GET /uv2582fip2582inf210/web_architecture_home.html HTTP/1.1"
2545	2025/02/21 13:49:24	"GET /uv2582fip2582inf210/data_home.html HTTP/1.1"
2545	2025/02/21 13:49:30	"GET /uv2582fip2582inf210/lecture_modeling_normalization.html HTTP/1.1"
2545	2025/02/21 13:49:36	"GET /uv2582fip2582inf210/lecture_conceptual_modeling.html HTTP/1.1"
2514	2025/02/21 13:51:57	"GET /uv2582fip2582inf210/index.html HTTP/1.1"
2514	2025/02/21 13:52:01	"GET /uv2582fip2582inf210/data_home.html HTTP/1.1"
2514	2025/02/21 13:52:08	"GET /uv2582fip2582inf210/activity_normalization.html HTTP/1.1"
2514	2025/02/21 13:52:12	"GET /uv2582fip2582inf210/lecture_normalization.html HTTP/1.1"
2515	2025/02/21 13:53:15	"GET /uv2582fip2582inf210/data_home.html HTTP/1.1"
2515	2025/02/21 13:53:19	"GET /uv2582fip2582inf210/lecture_db_integrity.html HTTP/1.1"
2515	2025/02/21 13:53:31	"GET /uv2582fip2582inf210/activity_relational_model.html HTTP/1.1"
2515	2025/02/21 13:53:40	"GET /uv2582fip2582inf210/lecture_modeling_normalization.html HTTP/1.1"
2548	2025/02/21 13:53:42	"GET /uv2582fip2582inf210/data_home.html HTTP/1.1"
2515	2025/02/21 13:53:51	"GET /uv2582fip2582inf210/lecture_conceptual_modeling.html HTTP/1.1"
2530	2025/02/21 13:54:02	"GET /uv2582fip2582inf210/web_architecture_home.html HTTP/1.1"
2548	2025/02/21 13:54:03	"GET /uv2582fip2582inf210/images/prerequisite_data/prerequisite_data_2025.html HTTP/1.1"
2548	2025/02/21 13:54:13	"GET /uv2582fip2582inf210/lecture_normalization.html HTTP/1.1"
2548	2025/02/21 13:54:28	"GET /uv2582fip2582inf210/activity_normalization.html HTTP/1.1"
2548	2025/02/21 13:54:33	"GET /uv2582fip2582inf210/activity_conceptual_modeling.html HTTP/1.1"
2543	2025/02/21 13:54:36	"GET /uv2582fip2582inf210/index.html HTTP/1.1"
2548	2025/02/21 13:54:36	"GET /uv2582fip2582inf210/lecture_conceptual_modeling.html HTTP/1.1"
2543	2025/02/21 13:54:42	"GET /uv2582fip2582inf210/data_home.html HTTP/1.1"
2548	2025/02/21 13:54:43	"GET /uv2582fip2582inf210/lecture_modeling_normalization.html HTTP/1.1"
2543	2025/02/21 13:54:44	"GET /uv2582fip2582inf210/images/prerequisite_data/prerequisite_data_2025.html HTTP/1.1"
2543	2025/02/21 13:54:51	"GET /uv2582fip2582inf210/activity_normalization.html HTTP/1.1"
2543	2025/02/21 13:54:54	"GET /uv2582fip2582inf210/lecture_normalization.html HTTP/1.1"
2550	2025/02/21 13:56:17	"GET /uv2582fip2582inf210/technical_environment_home.html HTTP/1.1"
2550	2025/02/21 13:56:19	"GET /uv2582fip2582inf210/web_architecture_home.html HTTP/1.1"
2550	2025/02/21 13:56:20	"GET /uv2582fip2582inf210/data_home.html HTTP/1.1"
2550	2025/02/21 13:56:21	"GET /uv2582fip2582inf210/project_home.html HTTP/1.1"
252	2025/02/21 13:56:45	"GET /uv2582fip2582inf210/practice_spring_2tiers.html HTTP/1.1"
2515	2025/02/21 13:57:20	"GET /uv2582fip2582inf210/lecture_normalization.html HTTP/1.1"
2515	2025/02/21 13:58:42	"GET /uv2582fip2582inf210/activity_normalization.html HTTP/1.1"
2534	2025/02/21 13:59:32	"GET /uv2582fip2582inf210/data_home.html HTTP/1.1"
2534	2025/02/21 13:59:35	"GET /uv2582fip2582inf210/lecture_modeling_normalization.html HTTP/1.1"
2534	2025/02/21 13:59:40	"GET /uv2582fip2582inf210/activity_conceptual_modeling.html HTTP/1.1"
2534	2025/02/21 13:59:44	"GET /uv2582fip2582inf210/activity_conceptual_modeling_advanced.html HTTP/1.1"
2534	2025/02/21 13:59:45	"GET /uv2582fip2582inf210/lecture_normalization.html HTTP/1.1"
2521	2025/02/21 13:59:45	"GET /uv2582fip2582inf210/web_architecture_home.html HTTP/1.1"
2521	2025/02/21 14:00:03	"GET /uv2582fip2582inf210/data_home.html HTTP/1.1"
2521	2025/02/21 14:00:04	"GET /uv2582fip2582inf210/images/prerequisite_data/prerequisite_data_2025.html HTTP/1.1"
2516	2025/02/21 14:00:04	"GET /uv2582fip2582inf210/data_home.html HTTP/1.1"
2521	2025/02/21 14:00:14	"GET /uv2582fip2582inf210/lecture_normalization.html HTTP/1.1"
2543	2025/02/21 14:02:07	"GET /uv2582fip2582inf210/index.html HTTP/1.1"
2543	2025/02/21 14:02:11	"GET /uv2582fip2582inf210/data_home.html HTTP/1.1"
2543	2025/02/21 14:02:15	"GET /uv2582fip2582inf210/lecture_normalization.html HTTP/1.1"
2544	2025/02/21 14:02:47	"GET /uv2582fip2582inf210/data_home.html HTTP/1.1"
2544	2025/02/21 14:02:54	"GET /uv2582fip2582inf210/lecture_conceptual_modeling.html HTTP/1.1"
2533	2025/02/21 14:03:10	"GET /uv2582fip2582inf210/data_home.html HTTP/1.1"
2544	2025/02/21 14:03:12	"GET /uv2582fip2582inf210/activity_normalization.html HTTP/1.1"
2522	2025/02/21 14:03:12	"GET /uv2582fip2582inf210/web_architecture_home.html HTTP/1.1"
2516	2025/02/21 14:03:14	"GET /uv2582fip2582inf210/lecture_normalization.html HTTP/1.1"
2522	2025/02/21 14:03:15	"GET /uv2582fip2582inf210/data_home.html HTTP/1.1"
258	2025/02/21 14:03:18	"GET /uv2582fip2582inf210/index.html HTTP/1.1"
2533	2025/02/21 14:03:19	"GET /uv2582fip2582inf210/activity_conceptual_modeling.html HTTP/1.1"
2522	2025/02/21 14:03:20	"GET /uv2582fip2582inf210/lecture_normalization.html HTTP/1.1"
2545	2025/02/21 14:03:28	"GET /uv2582fip2582inf210/activity_decomposition.html HTTP/1.1"
258	2025/02/21 14:03:30	"GET /uv2582fip2582inf210/data_home.html HTTP/1.1"
2533	2025/02/21 14:03:30	"GET /uv2582fip2582inf210/activity_normalization.html HTTP/1.1"
2545	2025/02/21 14:03:32	"GET /uv2582fip2582inf210/activity_normalization.html HTTP/1.1"
255	2025/02/21 14:03:39	"GET /uv2582fip2582inf210/index.html HTTP/1.1"
2569	2025/02/21 14:03:42	"GET /uv2582fip2582inf210/data_home.html HTTP/1.1"
2545	2025/02/21 14:03:42	"GET /uv2582fip2582inf210/lecture_normalization.html HTTP/1.1"
255	2025/02/21 14:03:44	"GET /uv2582fip2582inf210/data_home.html HTTP/1.1"
255	2025/02/21 14:03:49	"GET /uv2582fip2582inf210/lecture_normalization.html HTTP/1.1"
2569	2025/02/21 14:03:54	"GET /uv2582fip2582inf210/project_home.html HTTP/1.1"
258	2025/02/21 14:03:59	"GET /uv2582fip2582inf210/activity_normalization.html HTTP/1.1"
2525	2025/02/21 14:04:01	"GET /uv2582fip2582inf210/lecture_normalization.html HTTP/1.1"
2525	2025/02/21 14:04:02	"GET /uv2582fip2582inf210/lecture_normalization.html HTTP/1.1"
258	2025/02/21 14:04:04	"GET /uv2582fip2582inf210/lecture_normalization.html HTTP/1.1"
2533	2025/02/21 14:04:24	"GET /uv2582fip2582inf210/lecture_conceptual_modeling.html HTTP/1.1"
2518	2025/02/21 14:05:06	"GET /uv2582fip2582inf210/index.html HTTP/1.1"
2544	2025/02/21 14:05:11	"GET /uv2582fip2582inf210/activity_decomposition.html HTTP/1.1"
2554	2025/02/21 14:06:13	"GET /uv2582fip2582inf210/lecture_db_integrity.html HTTP/1.1"
2554	2025/02/21 14:06:20	"GET /uv2582fip2582inf210/lecture_conceptual_modeling.html HTTP/1.1"
2554	2025/02/21 14:06:24	"GET /uv2582fip2582inf210/lecture_normalization.html HTTP/1.1"
2533	2025/02/21 14:07:06	"GET /uv2582fip2582inf210/activity_relational_model.html HTTP/1.1"
259	2025/02/21 14:07:27	"GET /uv2582fip2582inf210/data_home.html HTTP/1.1"
2558	2025/02/21 14:07:29	"GET /uv2582fip2582inf210/practice_postgresql.html HTTP/1.1"
2558	2025/02/21 14:07:35	"GET /uv2582fip2582inf210/index.html HTTP/1.1"
259	2025/02/21 14:07:36	"GET /uv2582fip2582inf210/lecture_conceptual_modeling.html HTTP/1.1"
2558	2025/02/21 14:07:37	"GET /uv2582fip2582inf210/data_home.html HTTP/1.1"
2558	2025/02/21 14:07:42	"GET /uv2582fip2582inf210/lecture_modeling_normalization.html HTTP/1.1"
2558	2025/02/21 14:07:42	"GET /uv2582fip2582inf210/lecture_conceptual_modeling.html HTTP/1.1"
2567	2025/02/21 14:08:49	"GET /uv2582fip2582inf210/technical_environment_home.html HTTP/1.1"
2567	2025/02/21 14:08:55	"GET /uv2582fip2582inf210/index.html HTTP/1.1"
2567	2025/02/21 14:09:01	"GET /uv2582fip2582inf210/data_home.html HTTP/1.1"
2567	2025/02/21 14:09:17	"GET /uv2582fip2582inf210/activity_conceptual_modeling.html HTTP/1.1"
2567	2025/02/21 14:09:50	"GET /uv2582fip2582inf210/lecture_normalization.html HTTP/1.1"
2527	2025/02/21 14:09:54	"GET /uv2582fip2582inf210/data_home.html HTTP/1.1"
2527	2025/02/21 14:09:56	"GET /uv2582fip2582inf210/images/prerequisite_data/prerequisite_data_2025.html HTTP/1.1"
2527	2025/02/21 14:09:58	"GET /uv2582fip2582inf210/lecture_normalization.html HTTP/1.1"
2533	2025/02/21 14:10:02	"GET /uv2582fip2582inf210/lecture_relational_model.html HTTP/1.1"
2567	2025/02/21 14:10:06	"GET /uv2582fip2582inf210/lecture_modeling_normalization.html HTTP/1.1"
2567	2025/02/21 14:10:07	"GET /uv2582fip2582inf210/lecture_conceptual_modeling.html HTTP/1.1"
2533	2025/02/21 14:10:19	"GET /uv2582fip2582inf210/lecture_modeling_normalization.html HTTP/1.1"
2550	2025/02/21 14:10:52	"GET /uv2582fip2582inf210/lecture_normalization.html HTTP/1.1"
2536	2025/02/21 14:10:57	"GET /uv2582fip2582inf210/practice_xml.html HTTP/1.1"
2536	2025/02/21 14:11:01	"GET /uv2582fip2582inf210/index.html HTTP/1.1"
2536	2025/02/21 14:11:05	"GET /uv2582fip2582inf210/data_home.html HTTP/1.1"
2533	2025/02/21 14:11:06	"GET /uv2582fip2582inf210/activity_decomposition.html HTTP/1.1"
2536	2025/02/21 14:11:12	"GET /uv2582fip2582inf210/lecture_conceptual_modeling.html HTTP/1.1"
2564	2025/02/21 14:11:25	"GET /uv2582fip2582inf210/technical_environment_home.html HTTP/1.1"
2564	2025/02/21 14:11:32	"GET /uv2582fip2582inf210/documentation_rdbms.html HTTP/1.1"
2564	2025/02/21 14:11:36	"GET /uv2582fip2582inf210/practice_postgresql.html HTTP/1.1"
2567	2025/02/21 14:11:39	"GET /uv2582fip2582inf210/activity_conceptual_modeling_correction.html HTTP/1.1"
2564	2025/02/21 14:11:44	"GET /uv2582fip2582inf210/documentation_docker.html HTTP/1.1"
2564	2025/02/21 14:11:48	"GET /uv2582fip2582inf210/images/prerequisite_techenv/prerequisite_techenv_2025.html HTTP/1.1"
2533	2025/02/21 14:11:50	"GET /uv2582fip2582inf210/activity_normalization_correction.html HTTP/1.1"
2519	2025/02/21 14:12:10	"GET /uv2582fip2582inf210/activity_conceptual_modeling.html HTTP/1.1"
2519	2025/02/21 14:12:13	"GET /uv2582fip2582inf210/lecture_conceptual_modeling.html HTTP/1.1"
2519	2025/02/21 14:12:19	"GET /uv2582fip2582inf210/lecture_modeling_normalization.html HTTP/1.1"
2535	2025/02/21 14:12:25	"GET /uv2582fip2582inf210/web_architecture_home.html HTTP/1.1"
2535	2025/02/21 14:12:27	"GET /uv2582fip2582inf210/index.html HTTP/1.1"
2535	2025/02/21 14:12:31	"GET /uv2582fip2582inf210/data_home.html HTTP/1.1"
2533	2025/02/21 14:12:39	"GET /uv2582fip2582inf210/activity_sql.html HTTP/1.1"
2535	2025/02/21 14:12:39	"GET /uv2582fip2582inf210/lecture_modeling_normalization.html HTTP/1.1"
2535	2025/02/21 14:12:45	"GET /uv2582fip2582inf210/lecture_conceptual_modeling.html HTTP/1.1"
2533	2025/02/21 14:12:46	"GET /uv2582fip2582inf210/index.html HTTP/1.1"
2533	2025/02/21 14:12:50	"GET /uv2582fip2582inf210/data_home.html HTTP/1.1"
2533	2025/02/21 14:12:57	"GET /uv2582fip2582inf210/images/prerequisite_data/prerequisite_data_2025.html HTTP/1.1"
2533	2025/02/21 14:13:11	"GET /uv2582fip2582inf210/lecture_normalization.html HTTP/1.1"
257	2025/02/21 14:13:26	"GET /uv2582fip2582inf210/data_home.html HTTP/1.1"
257	2025/02/21 14:13:36	"GET /uv2582fip2582inf210/lecture_normalization.html HTTP/1.1"
2541	2025/02/21 14:15:07	"GET /uv2582fip2582inf210/lecture_normalization.html HTTP/1.1"
2541	2025/02/21 14:15:15	"GET /uv2582fip2582inf210/activity_normalization_correction.html HTTP/1.1"
2530	2025/02/21 14:15:25	"GET /uv2582fip2582inf210/index.html HTTP/1.1"
2541	2025/02/21 14:15:28	"GET /uv2582fip2582inf210/activity_decomposition_correction.html HTTP/1.1"
2530	2025/02/21 14:15:29	"GET /uv2582fip2582inf210/data_home.html HTTP/1.1"
2530	2025/02/21 14:15:40	"GET /uv2582fip2582inf210/lecture_normalization.html HTTP/1.1"
2575	2025/02/21 14:17:01	"GET /uv2582fip2582inf210/index.html HTTP/1.1"
2575	2025/02/21 14:17:04	"GET /uv2582fip2582inf210/data_home.html HTTP/1.1"
2575	2025/02/21 14:17:17	"GET /uv2582fip2582inf210/lecture_conceptual_modeling.html HTTP/1.1"
2553	2025/02/21 14:18:02	"GET /uv2582fip2582inf210/activity_normalization.html HTTP/1.1"
2553	2025/02/21 14:18:14	"GET /uv2582fip2582inf210/activity_normalization_correction.html HTTP/1.1"
2562	2025/02/21 14:21:53	"GET /uv2582fip2582inf210/practice_docker.html HTTP/1.1"
2562	2025/02/21 14:21:57	"GET /uv2582fip2582inf210/index.html HTTP/1.1"
2562	2025/02/21 14:21:59	"GET /uv2582fip2582inf210/web_architecture_home.html HTTP/1.1"
2562	2025/02/21 14:22:03	"GET /uv2582fip2582inf210/data_home.html HTTP/1.1"
2562	2025/02/21 14:22:06	"GET /uv2582fip2582inf210/activity_relational_model.html HTTP/1.1"
2562	2025/02/21 14:22:08	"GET /uv2582fip2582inf210/lecture_conceptual_modeling.html HTTP/1.1"
2526	2025/02/21 14:23:52	"GET /uv2582fip2582inf210/index.html HTTP/1.1"
2526	2025/02/21 14:23:56	"GET /uv2582fip2582inf210/web_architecture_home.html HTTP/1.1"
2526	2025/02/21 14:24:01	"GET /uv2582fip2582inf210/data_home.html HTTP/1.1"
2526	2025/02/21 14:24:07	"GET /uv2582fip2582inf210/activity_normalization.html HTTP/1.1"
2526	2025/02/21 14:24:11	"GET /uv2582fip2582inf210/lecture_normalization.html HTTP/1.1"
2526	2025/02/21 14:24:18	"GET /uv2582fip2582inf210/activity_decomposition.html HTTP/1.1"
2526	2025/02/21 14:24:25	"GET /uv2582fip2582inf210/lecture_conceptual_modeling.html HTTP/1.1"
2561	2025/02/21 14:24:32	"GET /uv2582fip2582inf210/data_home.html HTTP/1.1"
2561	2025/02/21 14:24:40	"GET /uv2582fip2582inf210/lecture_conceptual_modeling.html HTTP/1.1"
2543	2025/02/21 14:52:47	"GET /uv2582fip2582inf210/index.html HTTP/1.1"
2516	2025/02/21 14:53:51	"GET /uv2582fip2582inf210/web_architecture_home.html HTTP/1.1"
252	2025/02/21 14:56:43	"GET /uv2582fip2582inf210/web_architecture_home.html HTTP/1.1"
255	2025/02/21 14:57:10	"GET /uv2582fip2582inf210/web_architecture_home.html HTTP/1.1"
2544	2025/02/21 14:57:54	"GET /uv2582fip2582inf210/index.html HTTP/1.1"
2544	2025/02/21 14:58:00	"GET /uv2582fip2582inf210/practice_jpa.html HTTP/1.1"
2544	2025/02/21 14:58:02	"GET /uv2582fip2582inf210/practice_spring_2tiers.html HTTP/1.1"
2511	2025/02/21 14:58:20	"GET /uv2582fip2582inf210/practice_jpa.html HTTP/1.1"
2551	2025/02/21 14:59:10	"GET /uv2582fip2582inf210/index.html HTTP/1.1"
2528	2025/02/21 15:04:04	"GET /uv2582fip2582inf210/lecture_db_integrity.html HTTP/1.1"
2528	2025/02/21 15:04:17	"GET /uv2582fip2582inf210/activity_conceptual_modeling.html HTTP/1.1"
2528	2025/02/21 15:04:20	"GET /uv2582fip2582inf210/lecture_modeling_normalization.html HTTP/1.1"
2528	2025/02/21 15:04:33	"GET /uv2582fip2582inf210/index.html HTTP/1.1"
2528	2025/02/21 15:04:36	"GET /uv2582fip2582inf210/web_architecture_home.html HTTP/1.1"
2528	2025/02/21 15:04:42	"GET /uv2582fip2582inf210/lecture_jpa.html HTTP/1.1"
2528	2025/02/21 15:04:43	"GET /uv2582fip2582inf210/practice_jpa.html HTTP/1.1"
2525	2025/02/21 15:05:57	"GET /uv2582fip2582inf210/activity_sql.html HTTP/1.1"
2525	2025/02/21 15:05:57	"GET /uv2582fip2582inf210/activity_sql.html HTTP/1.1"
2528	2025/02/21 15:06:08	"GET /uv2582fip2582inf210/index.html HTTP/1.1"
2528	2025/02/21 15:06:10	"GET /uv2582fip2582inf210/technical_environment_home.html HTTP/1.1"
2528	2025/02/21 15:06:19	"GET /uv2582fip2582inf210/practice_postgresql.html HTTP/1.1"
2525	2025/02/21 15:06:22	"GET /uv2582fip2582inf210/practice_sql.html HTTP/1.1"
2525	2025/02/21 15:06:22	"GET /uv2582fip2582inf210/practice_sql.html HTTP/1.1"
2516	2025/02/21 15:11:16	"GET /uv2582fip2582inf210/practice_jpa.html HTTP/1.1"
2558	2025/02/21 15:22:34	"GET /uv2582fip2582inf210/activity_conceptual_modeling.html HTTP/1.1"
2558	2025/02/21 15:22:37	"GET /uv2582fip2582inf210/activity_conceptual_modeling_correction.html HTTP/1.1"
2563	2025/02/21 15:40:03	"GET /uv2582fip2582inf210/web_architecture_home.html HTTP/1.1"
2563	2025/02/21 15:40:06	"GET /uv2582fip2582inf210/lecture_json.html HTTP/1.1"
2563	2025/02/21 15:46:41	"GET /uv2582fip2582inf210/practice_json.html HTTP/1.1"
2563	2025/02/21 15:47:06	"GET /uv2582fip2582inf210/practice_json.html HTTP/1.1"
2570	2025/02/21 15:48:23	"GET /uv2582fip2582inf210/data_home.html HTTP/1.1"
2570	2025/02/21 15:48:27	"GET /uv2582fip2582inf210/project_home.html HTTP/1.1"
2570	2025/02/21 15:49:33	"GET /uv2582fip2582inf210/web_architecture_home.html HTTP/1.1"
2570	2025/02/21 15:49:38	"GET /uv2582fip2582inf210/images/prerequisite_archiweb/prerequisite_archiweb_2025.html HTTP/1.1"
2570	2025/02/21 15:49:48	"GET /uv2582fip2582inf210/lecture_json.html HTTP/1.1"
2569	2025/02/21 15:49:54	"GET /uv2582fip2582inf210/web_architecture_home.html HTTP/1.1"
2569	2025/02/21 15:49:59	"GET /uv2582fip2582inf210/project_home.html HTTP/1.1"
2569	2025/02/21 15:50:06	"GET /uv2582fip2582inf210/index.html HTTP/1.1"
2569	2025/02/21 15:50:24	"GET /uv2582fip2582inf210/lecture_json.html HTTP/1.1"
2536	2025/02/21 15:50:49	"GET /uv2582fip2582inf210/index.html HTTP/1.1"
2536	2025/02/21 15:50:54	"GET /uv2582fip2582inf210/web_architecture_home.html HTTP/1.1"
2536	2025/02/21 15:50:58	"GET /uv2582fip2582inf210/lecture_json.html HTTP/1.1"
2567	2025/02/21 15:51:06	"GET /uv2582fip2582inf210/web_architecture_home.html HTTP/1.1"
2567	2025/02/21 15:51:11	"GET /uv2582fip2582inf210/lecture_json.html HTTP/1.1"
2557	2025/02/21 15:51:29	"GET /uv2582fip2582inf210/web_architecture_home.html HTTP/1.1"
2569	2025/02/21 15:51:31	"GET /uv2582fip2582inf210/practice_json.html HTTP/1.1"
2566	2025/02/21 15:52:05	"GET /uv2582fip2582inf210/technical_environment_home.html HTTP/1.1"
2557	2025/02/21 15:52:08	"GET /uv2582fip2582inf210/images/prerequisite_archiweb/prerequisite_archiweb_2025.html HTTP/1.1"
2566	2025/02/21 15:52:10	"GET /uv2582fip2582inf210/web_architecture_home.html HTTP/1.1"
2557	2025/02/21 15:52:11	"GET /uv2582fip2582inf210/lecture_json.html HTTP/1.1"
2566	2025/02/21 15:52:18	"GET /uv2582fip2582inf210/lecture_json.html HTTP/1.1"
2536	2025/02/21 15:52:22	"GET /uv2582fip2582inf210/practice_json.html HTTP/1.1"
2569	2025/02/21 15:52:25	"GET /uv2582fip2582inf210/practice_schema_xml.html HTTP/1.1"
2569	2025/02/21 15:52:27	"GET /uv2582fip2582inf210/practice_json.html HTTP/1.1"
2565	2025/02/21 15:52:30	"GET /uv2582fip2582inf210/web_architecture_home.html HTTP/1.1"
2535	2025/02/21 15:52:37	"GET /uv2582fip2582inf210/practice_xml.html HTTP/1.1"
2535	2025/02/21 15:52:43	"GET /uv2582fip2582inf210/lecture_json.html HTTP/1.1"
2565	2025/02/21 15:52:50	"GET /uv2582fip2582inf210/practice_json.html HTTP/1.1"
2556	2025/02/21 15:52:52	"GET /uv2582fip2582inf210/web_architecture_home.html HTTP/1.1"
2556	2025/02/21 15:53:04	"GET /uv2582fip2582inf210/lecture_json.html HTTP/1.1"
2566	2025/02/21 15:53:57	"GET /uv2582fip2582inf210/practice_json.html HTTP/1.1"
2557	2025/02/21 15:54:12	"GET /uv2582fip2582inf210/practice_json.html HTTP/1.1"
2561	2025/02/21 15:54:14	"GET /uv2582fip2582inf210/project_home.html HTTP/1.1"
2561	2025/02/21 15:54:19	"GET /uv2582fip2582inf210/index.html HTTP/1.1"
2561	2025/02/21 15:54:23	"GET /uv2582fip2582inf210/data_home.html HTTP/1.1"
2535	2025/02/21 15:54:28	"GET /uv2582fip2582inf210/practice_json.html HTTP/1.1"
2561	2025/02/21 15:54:32	"GET /uv2582fip2582inf210/index.html HTTP/1.1"
2561	2025/02/21 15:54:37	"GET /uv2582fip2582inf210/web_architecture_home.html HTTP/1.1"
2561	2025/02/21 15:54:39	"GET /uv2582fip2582inf210/index.html HTTP/1.1"
2561	2025/02/21 15:54:44	"GET /uv2582fip2582inf210/project_home.html HTTP/1.1"
2561	2025/02/21 15:54:46	"GET /uv2582fip2582inf210/index.html HTTP/1.1"
2561	2025/02/21 15:54:53	"GET /uv2582fip2582inf210/data_home.html HTTP/1.1"
2561	2025/02/21 15:55:12	"GET /uv2582fip2582inf210/index.html HTTP/1.1"
2561	2025/02/21 15:55:34	"GET /uv2582fip2582inf210/web_architecture_home.html HTTP/1.1"
2561	2025/02/21 15:55:37	"GET /uv2582fip2582inf210/lecture_json.html HTTP/1.1"
2565	2025/02/21 15:55:43	"GET /uv2582fip2582inf210/lecture_json.html HTTP/1.1"
2564	2025/02/21 15:57:28	"GET /uv2582fip2582inf210/spring_bean.html HTTP/1.1"
2564	2025/02/21 15:57:31	"GET /uv2582fip2582inf210/practice_docker.html HTTP/1.1"
2564	2025/02/21 15:57:34	"GET /uv2582fip2582inf210/practice_docker_advanced.html HTTP/1.1"
2564	2025/02/21 15:57:41	"GET /uv2582fip2582inf210/practice_spring.html HTTP/1.1"
2564	2025/02/21 15:57:42	"GET /uv2582fip2582inf210/inversion_of_control.html HTTP/1.1"
2564	2025/02/21 15:57:42	"GET /uv2582fip2582inf210/documentation_programming.html HTTP/1.1"
2564	2025/02/21 15:58:03	"GET /uv2582fip2582inf210/index.html HTTP/1.1"
2564	2025/02/21 15:58:15	"GET /uv2582fip2582inf210/lecture_json.html HTTP/1.1"
2570	2025/02/21 15:59:01	"GET /uv2582fip2582inf210/practice_json.html HTTP/1.1"
2561	2025/02/21 16:00:11	"GET /uv2582fip2582inf210/practice_json.html HTTP/1.1"
2566	2025/02/21 16:01:46	"GET /uv2582fip2582inf210/practice_xml.html HTTP/1.1"
2573	2025/02/21 16:02:46	"GET /uv2582fip2582inf210/data_home.html HTTP/1.1"
2573	2025/02/21 16:02:54	"GET /uv2582fip2582inf210/web_architecture_home.html HTTP/1.1"
2573	2025/02/21 16:02:58	"GET /uv2582fip2582inf210/lecture_json.html HTTP/1.1"
2572	2025/02/21 16:03:27	"GET /uv2582fip2582inf210/web_architecture_home.html HTTP/1.1"
2572	2025/02/21 16:03:34	"GET /uv2582fip2582inf210/lecture_json.html HTTP/1.1"
2574	2025/02/21 16:03:48	"GET /uv2582fip2582inf210/web_architecture_home.html HTTP/1.1"
2572	2025/02/21 16:04:17	"GET /uv2582fip2582inf210/practice_json.html HTTP/1.1"
2574	2025/02/21 16:04:35	"GET /uv2582fip2582inf210/lecture_json.html HTTP/1.1"
2574	2025/02/21 16:05:23	"GET /uv2582fip2582inf210/practice_json.html HTTP/1.1"
2575	2025/02/21 16:05:41	"GET /uv2582fip2582inf210/web_architecture_home.html HTTP/1.1"
2575	2025/02/21 16:05:53	"GET /uv2582fip2582inf210/lecture_json.html HTTP/1.1"
2573	2025/02/21 16:06:16	"GET /uv2582fip2582inf210/practice_json.html HTTP/1.1"
2562	2025/02/21 16:07:11	"GET /uv2582fip2582inf210/technical_environment_home.html HTTP/1.1"
2573	2025/02/21 16:07:15	"GET /uv2582fip2582inf210/practice_apis.html HTTP/1.1"
2562	2025/02/21 16:09:13	"GET /uv2582fip2582inf210/practice_xml.html HTTP/1.1"
2575	2025/02/21 16:09:18	"GET /uv2582fip2582inf210/practice_json.html HTTP/1.1"
2556	2025/02/21 16:17:16	"GET /uv2582fip2582inf210/practice_json.html HTTP/1.1"
2558	2025/02/21 16:18:27	"GET /uv2582fip2582inf210/project_home.html HTTP/1.1"
2558	2025/02/21 16:18:40	"GET /uv2582fip2582inf210/web_architecture_home.html HTTP/1.1"
2558	2025/02/21 16:18:46	"GET /uv2582fip2582inf210/lecture_xml.html HTTP/1.1"
2535	2025/02/21 16:19:15	"GET /uv2582fip2582inf210/web_architecture_home.html HTTP/1.1"
2535	2025/02/21 16:19:19	"GET /uv2582fip2582inf210/practice_json.html HTTP/1.1"
2558	2025/02/21 16:22:24	"GET /uv2582fip2582inf210/lecture_json.html HTTP/1.1"
2562	2025/02/21 16:31:10	"GET /uv2582fip2582inf210/lecture_json.html HTTP/1.1"
2536	2025/02/21 16:31:49	"GET /uv2582fip2582inf210/lecture_validity.html HTTP/1.1"
2536	2025/02/21 16:31:52	"GET /uv2582fip2582inf210/practice_json.html HTTP/1.1"
2567	2025/02/21 16:32:23	"GET /uv2582fip2582inf210/practice_json.html HTTP/1.1"
2558	2025/02/21 16:34:51	"GET /uv2582fip2582inf210/practice_json.html HTTP/1.1"
2564	2025/02/21 16:36:37	"GET /uv2582fip2582inf210/practice_json.html HTTP/1.1"
2565	2025/02/21 16:37:57	"GET /uv2582fip2582inf210/lecture_validity.html HTTP/1.1"
2558	2025/02/21 16:38:35	"GET /uv2582fip2582inf210/practice_xml.html HTTP/1.1"
2533	2025/02/21 19:21:08	"GET /uv2582fip2582inf210/technical_environment_home.html HTTP/1.1"
2533	2025/02/21 20:42:19	"GET /uv2582fip2582inf210/documentation_docker.html HTTP/1.1"
2533	2025/02/21 20:42:34	"GET /uv2582fip2582inf210/documentation_programming.html HTTP/1.1"
2533	2025/02/21 20:42:37	"GET /uv2582fip2582inf210/practice_docker.html HTTP/1.1"
2533	2025/02/21 20:42:53	"GET /uv2582fip2582inf210/practice_postgresql.html HTTP/1.1"
256	2025/03/22 09:40:57	"GET /uv2582fip2582inf210/project_presentation.html HTTP/1.1"
256	2025/03/22 09:41:02	"GET /uv2582fip2582inf210/project_specifications.html HTTP/1.1"
256	2025/03/22 10:18:29	"GET /uv2582fip2582inf210/project_presentation.html HTTP/1.1"
256	2025/03/22 10:18:59	"GET /uv2582fip2582inf210/index.html HTTP/1.1"
256	2025/03/22 11:08:55	"GET /uv2582fip2582inf210/project_presentation.html HTTP/1.1"
256	2025/03/22 11:08:57	"GET /uv2582fip2582inf210/project_specifications.html HTTP/1.1"
2541	2025/03/22 15:34:30	"GET /uv2582fip2582inf210/data_home.html HTTP/1.1"
2541	2025/03/22 15:34:44	"GET /uv2582fip2582inf210/web_architecture_home.html HTTP/1.1"
2541	2025/03/22 15:35:01	"GET /uv2582fip2582inf210/practice_spring_2tiers.html HTTP/1.1"
2541	2025/03/22 15:38:21	"GET /uv2582fip2582inf210/lecture_technical_architecture.html HTTP/1.1"
2541	2025/03/22 15:38:28	"GET /uv2582fip2582inf210/lecture_software_architecture.html HTTP/1.1"
2541	2025/03/22 15:39:02	"GET /uv2582fip2582inf210/lecture_mvc_spring.html HTTP/1.1"
2541	2025/03/22 15:39:22	"GET /uv2582fip2582inf210/lecture_jpa.html HTTP/1.1"
2541	2025/03/22 15:39:32	"GET /uv2582fip2582inf210/practice_jpa.html HTTP/1.1"
2541	2025/03/22 15:40:12	"GET /uv2582fip2582inf210/practice_jpa_advanced.html HTTP/1.1"
2550	2025/03/22 20:09:12	"GET /uv2582fip2582inf210/project_presentation.html HTTP/1.1"
2550	2025/03/22 20:09:16	"GET /uv2582fip2582inf210/project_task_time.html HTTP/1.1"
2550	2025/03/22 20:09:27	"GET /uv2582fip2582inf210/project_specifications.html HTTP/1.1"
2545	2025/04/03 08:00:37	"GET /uv2582fip2582inf210/project_part2.html HTTP/1.1"
2545	2025/04/03 08:00:41	"GET /uv2582fip2582inf210/project_part3.html HTTP/1.1"
2545	2025/04/03 08:01:05	"GET /uv2582fip2582inf210/project_structureui.html HTTP/1.1"
2531	2025/04/03 09:45:01	"GET /uv2582fip2582inf210/project_presentation.html HTTP/1.1"
2531	2025/04/03 09:45:04	"GET /uv2582fip2582inf210/project_specifications.html HTTP/1.1"
2554	2025/04/03 11:36:57	"GET /uv2582fip2582inf210/project_presentation.html HTTP/1.1"
2554	2025/04/03 11:37:46	"GET /uv2582fip2582inf210/project_task_time.html HTTP/1.1"
2516	2025/04/03 12:41:59	"GET /uv2582fip2582inf210/project_presentation.html HTTP/1.1"
2516	2025/04/03 12:42:20	"GET /uv2582fip2582inf210/project_task_time.html HTTP/1.1"
2552	2025/04/03 14:00:29	"GET /uv2582fip2582inf210/project_task_time.html HTTP/1.1"
2512	2025/04/03 15:40:04	"GET /uv2582fip2582inf210/project_task_time.html HTTP/1.1"
2553	2025/04/03 15:54:47	"GET /uv2582fip2582inf210/project_presentation.html HTTP/1.1"
2520	2025/04/03 16:03:49	"GET /uv2582fip2582inf210/project_presentation.html HTTP/1.1"
2520	2025/04/03 16:03:51	"GET /uv2582fip2582inf210/project_task_time.html HTTP/1.1"
2519	2025/04/03 16:23:28	"GET /uv2582fip2582inf210/project_task_time.html HTTP/1.1"
2531	2025/04/03 16:49:22	"GET /uv2582fip2582inf210/project_task_time.html HTTP/1.1"
2531	2025/04/03 16:56:33	"GET /uv2582fip2582inf210/project_specifications.html HTTP/1.1"
2548	2025/04/03 16:57:27	"GET /uv2582fip2582inf210/project_presentation.html HTTP/1.1"
2548	2025/04/03 16:57:44	"GET /uv2582fip2582inf210/project_task_time.html HTTP/1.1"
2546	2025/04/03 18:19:13	"GET /uv2582fip2582inf210/project_presentation.html HTTP/1.1"
2546	2025/04/03 18:19:33	"GET /uv2582fip2582inf210/project_task_time.html HTTP/1.1"
2548	2025/04/03 18:44:30	"GET /uv2582fip2582inf210/project_presentation.html HTTP/1.1"
2518	2025/04/03 20:19:39	"GET /uv2582fip2582inf210/index.html HTTP/1.1"
2518	2025/04/03 20:19:43	"GET /uv2582fip2582inf210/project_presentation.html HTTP/1.1"
2518	2025/04/03 20:19:48	"GET /uv2582fip2582inf210/project_evaluation.html HTTP/1.1"
2518	2025/04/03 20:19:51	"GET /uv2582fip2582inf210/project_evaluation.html HTTP/1.1"
2518	2025/04/03 20:19:57	"GET /uv2582fip2582inf210/project_task_time.html HTTP/1.1"
2539	2025/04/03 20:23:28	"GET /uv2582fip2582inf210/project_presentation.html HTTP/1.1"
2539	2025/04/03 20:23:35	"GET /uv2582fip2582inf210/project_task_time.html HTTP/1.1"
2513	2025/04/03 20:31:04	"GET /uv2582fip2582inf210/project_presentation.html HTTP/1.1"
2513	2025/04/03 20:31:10	"GET /uv2582fip2582inf210/project_specifications.html HTTP/1.1"
2519	2025/04/03 20:43:00	"GET /uv2582fip2582inf210/project_presentation.html HTTP/1.1"
2519	2025/04/03 21:07:52	"GET /uv2582fip2582inf210/project_part1.html HTTP/1.1"
2519	2025/04/03 21:10:18	"GET /uv2582fip2582inf210/project_part2.html HTTP/1.1"
2519	2025/04/03 21:24:59	"GET /uv2582fip2582inf210/project_task_time.html HTTP/1.1"
2533	2025/04/03 23:14:29	"GET /uv2582fip2582inf210/project_presentation.html HTTP/1.1"
2533	2025/04/03 23:25:55	"GET /uv2582fip2582inf210/project_evaluation.html HTTP/1.1"
2533	2025/04/03 23:26:32	"GET /uv2582fip2582inf210/project_specifications.html HTTP/1.1"
2526	2025/05/15 10:50:54	"GET /uv2582fip2582inf210/index.html HTTP/1.1"
2526	2025/05/15 10:51:00	"GET /uv2582fip2582inf210/project_presentation.html HTTP/1.1"
2526	2025/05/15 10:51:05	"GET /uv2582fip2582inf210/project_specifications.html HTTP/1.1"
2526	2025/05/15 13:44:20	"GET /uv2582fip2582inf210/project_part2.html HTTP/1.1"
2526	2025/05/15 13:50:02	"GET /uv2582fip2582inf210/project_evaluation.html HTTP/1.1"
2519	2025/03/25 12:12:34	"GET /uv2582fip2582inf210/project_presentation.html HTTP/1.1"
2519	2025/03/25 12:15:07	"GET /uv2582fip2582inf210/lecture_conceptual_modeling.html HTTP/1.1"
2553	2025/03/30 12:12:57	"GET /uv2582fip2582inf210/project_presentation.html HTTP/1.1"
2553	2025/03/30 12:13:01	"GET /uv2582fip2582inf210/project_part3.html HTTP/1.1"
2552	2025/03/30 19:53:41	"GET /uv2582fip2582inf210/project_presentation.html HTTP/1.1"
2552	2025/03/30 19:53:48	"GET /uv2582fip2582inf210/project_specifications.html HTTP/1.1"
2552	2025/03/30 19:53:54	"GET /uv2582fip2582inf210/project_task_time.html HTTP/1.1"
2539	2025/02/26 07:54:11	"GET /uv2582fip2582inf210/project_presentation.html HTTP/1.1"
2539	2025/02/26 07:54:23	"GET /uv2582fip2582inf210/project_part1.html HTTP/1.1"
2539	2025/02/26 07:56:04	"GET /uv2582fip2582inf210/project_task_time.html HTTP/1.1"
2529	2025/02/26 08:12:27	"GET /uv2582fip2582inf210/index.html HTTP/1.1"
2529	2025/02/26 08:12:30	"GET /uv2582fip2582inf210/project_presentation.html HTTP/1.1"
2524	2025/02/26 08:13:14	"GET /uv2582fip2582inf210/index.html HTTP/1.1"
2524	2025/02/26 08:15:48	"GET /uv2582fip2582inf210/web_architecture_home.html HTTP/1.1"
2524	2025/02/26 08:15:54	"GET /uv2582fip2582inf210/project_presentation.html HTTP/1.1"
2513	2025/02/26 08:18:17	"GET /uv2582fip2582inf210/project_presentation.html HTTP/1.1"
2513	2025/02/26 08:18:43	"GET /uv2582fip2582inf210/project_specifications.html HTTP/1.1"
2524	2025/02/26 08:18:51	"GET /uv2582fip2582inf210/project_specifications.html HTTP/1.1"
2524	2025/02/26 08:19:08	"GET /uv2582fip2582inf210/project_task_time.html HTTP/1.1"
2524	2025/02/26 08:19:36	"GET /uv2582fip2582inf210/project_part1.html HTTP/1.1"
2514	2025/02/26 08:46:08	"GET /uv2582fip2582inf210/project_presentation.html HTTP/1.1"
2514	2025/02/26 08:46:11	"GET /uv2582fip2582inf210/project_specifications.html HTTP/1.1"
2524	2025/02/26 09:01:40	"GET /uv2582fip2582inf210/project_evaluation.html HTTP/1.1"
258	2025/02/26 09:04:29	"GET /uv2582fip2582inf210/index.html HTTP/1.1"
258	2025/02/26 09:04:33	"GET /uv2582fip2582inf210/project_presentation.html HTTP/1.1"
258	2025/02/26 09:05:35	"GET /uv2582fip2582inf210/project_evaluation.html HTTP/1.1"
2529	2025/02/26 09:06:53	"GET /uv2582fip2582inf210/project_task_time.html HTTP/1.1"
258	2025/02/26 09:07:41	"GET /uv2582fip2582inf210/project_specifications.html HTTP/1.1"
257	2025/02/26 09:10:52	"GET /uv2582fip2582inf210/project_presentation.html HTTP/1.1"
257	2025/02/26 09:11:10	"GET /uv2582fip2582inf210/project_specifications.html HTTP/1.1"
2529	2025/02/26 09:12:04	"GET /uv2582fip2582inf210/project_specifications.html HTTP/1.1"
2539	2025/02/26 09:32:21	"GET /uv2582fip2582inf210/project_evaluation.html HTTP/1.1"
2539	2025/02/26 09:32:38	"GET /uv2582fip2582inf210/project_part1.html HTTP/1.1"
258	2025/02/26 09:32:45	"GET /uv2582fip2582inf210/project_part1.html HTTP/1.1"
2553	2025/02/26 09:37:18	"GET /uv2582fip2582inf210/project_presentation.html HTTP/1.1"
2553	2025/02/26 09:37:56	"GET /uv2582fip2582inf210/project_specifications.html HTTP/1.1"
2553	2025/02/26 09:38:30	"GET /uv2582fip2582inf210/project_task_time.html HTTP/1.1"
2553	2025/02/26 09:39:30	"GET /uv2582fip2582inf210/project_part1.html HTTP/1.1"
258	2025/02/26 09:48:50	"GET /uv2582fip2582inf210/project_task_time.html HTTP/1.1"
2513	2025/02/26 09:48:53	"GET /uv2582fip2582inf210/project_part1.html HTTP/1.1"
255	2025/02/26 09:49:13	"GET /uv2582fip2582inf210/index.html HTTP/1.1"
2539	2025/02/26 09:49:20	"GET /uv2582fip2582inf210/project_specifications.html HTTP/1.1"
2546	2025/02/26 09:49:30	"GET /uv2582fip2582inf210/project_presentation.html HTTP/1.1"
2510	2025/02/26 09:49:49	"GET /uv2582fip2582inf210/technical_environment_home.html HTTP/1.1"
2510	2025/02/26 09:49:54	"GET /uv2582fip2582inf210/index.html HTTP/1.1"
2510	2025/02/26 09:50:09	"GET /uv2582fip2582inf210/project_presentation.html HTTP/1.1"
2510	2025/02/26 09:50:16	"GET /uv2582fip2582inf210/project_part1.html HTTP/1.1"
2549	2025/02/26 09:50:34	"GET /uv2582fip2582inf210/project_presentation.html HTTP/1.1"
2513	2025/02/26 09:50:46	"GET /uv2582fip2582inf210/project_presentation.html HTTP/1.1"
255	2025/02/26 09:50:49	"GET /uv2582fip2582inf210/project_presentation.html HTTP/1.1"
255	2025/02/26 09:50:53	"GET /uv2582fip2582inf210/project_part1.html HTTP/1.1"
2519	2025/02/26 09:50:57	"GET /uv2582fip2582inf210/index.html HTTP/1.1"
256	2025/02/26 09:50:59	"GET /uv2582fip2582inf210/project_presentation.html HTTP/1.1"
2519	2025/02/26 09:51:02	"GET /uv2582fip2582inf210/project_presentation.html HTTP/1.1"
2540	2025/02/26 09:51:06	"GET /uv2582fip2582inf210/project_presentation.html HTTP/1.1"
2517	2025/02/26 09:51:06	"GET /uv2582fip2582inf210/technical_environment_home.html HTTP/1.1"
2543	2025/02/26 09:51:07	"GET /uv2582fip2582inf210/index.html HTTP/1.1"
2517	2025/02/26 09:51:09	"GET /uv2582fip2582inf210/index.html HTTP/1.1"
2540	2025/02/26 09:51:09	"GET /uv2582fip2582inf210/project_specifications.html HTTP/1.1"
2549	2025/02/26 09:51:13	"GET /uv2582fip2582inf210/project_specifications.html HTTP/1.1"
2543	2025/02/26 09:51:15	"GET /uv2582fip2582inf210/project_presentation.html HTTP/1.1"
2554	2025/02/26 09:51:15	"GET /uv2582fip2582inf210/index.html HTTP/1.1"
2549	2025/02/26 09:51:16	"GET /uv2582fip2582inf210/project_part1.html HTTP/1.1"
2513	2025/02/26 09:51:19	"GET /uv2582fip2582inf210/project_evaluation.html HTTP/1.1"
2519	2025/02/26 09:51:20	"GET /uv2582fip2582inf210/project_task_time.html HTTP/1.1"
2554	2025/02/26 09:51:21	"GET /uv2582fip2582inf210/project_presentation.html HTTP/1.1"
2519	2025/02/26 09:51:25	"GET /uv2582fip2582inf210/project_specifications.html HTTP/1.1"
2552	2025/02/26 09:51:37	"GET /uv2582fip2582inf210/project_presentation.html HTTP/1.1"
2522	2025/02/26 09:51:39	"GET /uv2582fip2582inf210/project_presentation.html HTTP/1.1"
2552	2025/02/26 09:51:40	"GET /uv2582fip2582inf210/project_evaluation.html HTTP/1.1"
2544	2025/02/26 09:51:53	"GET /uv2582fip2582inf210/project_presentation.html HTTP/1.1"
2511	2025/02/26 09:52:00	"GET /uv2582fip2582inf210/project_presentation.html HTTP/1.1"
2514	2025/02/26 09:52:06	"GET /uv2582fip2582inf210/project_task_time.html HTTP/1.1"
2554	2025/02/26 09:52:14	"GET /uv2582fip2582inf210/project_specifications.html HTTP/1.1"
2513	2025/02/26 09:52:15	"GET /uv2582fip2582inf210/project_specifications.html HTTP/1.1"
2554	2025/02/26 09:52:20	"GET /uv2582fip2582inf210/project_part1.html HTTP/1.1"
2554	2025/02/26 09:52:21	"GET /uv2582fip2582inf210/project_part1.html HTTP/1.1"
2529	2025/02/26 09:52:34	"GET /uv2582fip2582inf210/project_part1.html HTTP/1.1"
2516	2025/02/26 09:52:34	"GET /uv2582fip2582inf210/project_presentation.html HTTP/1.1"
2543	2025/02/26 09:52:35	"GET /uv2582fip2582inf210/project_specifications.html HTTP/1.1"
2516	2025/02/26 09:52:45	"GET /uv2582fip2582inf210/project_specifications.html HTTP/1.1"
2540	2025/02/26 09:52:52	"GET /uv2582fip2582inf210/project_part1.html HTTP/1.1"
2526	2025/02/26 09:52:55	"GET /uv2582fip2582inf210/index.html HTTP/1.1"
255	2025/02/26 09:52:56	"GET /uv2582fip2582inf210/project_specifications.html HTTP/1.1"
2511	2025/02/26 09:53:00	"GET /uv2582fip2582inf210/project_part1.html HTTP/1.1"
2526	2025/02/26 09:53:04	"GET /uv2582fip2582inf210/project_presentation.html HTTP/1.1"
2510	2025/02/26 09:53:07	"GET /uv2582fip2582inf210/project_specifications.html HTTP/1.1"
2547	2025/02/26 09:53:14	"GET /uv2582fip2582inf210/project_presentation.html HTTP/1.1"
2531	2025/02/26 09:53:18	"GET /uv2582fip2582inf210/project_presentation.html HTTP/1.1"
257	2025/02/26 09:53:20	"GET /uv2582fip2582inf210/project_specifications.html HTTP/1.1"
2514	2025/02/26 09:53:24	"GET /uv2582fip2582inf210/project_evaluation.html HTTP/1.1"
2551	2025/02/26 09:53:24	"GET /uv2582fip2582inf210/documentation_docker.html HTTP/1.1"
257	2025/02/26 09:53:27	"GET /uv2582fip2582inf210/project_evaluation.html HTTP/1.1"
259	2025/02/26 09:53:27	"GET /uv2582fip2582inf210/project_presentation.html HTTP/1.1"
2551	2025/02/26 09:53:29	"GET /uv2582fip2582inf210/index.html HTTP/1.1"
2546	2025/02/26 09:53:31	"GET /uv2582fip2582inf210/project_part1.html HTTP/1.1"
2551	2025/02/26 09:53:33	"GET /uv2582fip2582inf210/project_presentation.html HTTP/1.1"
2525	2025/02/26 09:53:35	"GET /uv2582fip2582inf210/project_part1.html HTTP/1.1"
2525	2025/02/26 09:53:36	"GET /uv2582fip2582inf210/project_part1.html HTTP/1.1"
2548	2025/02/26 09:53:37	"GET /uv2582fip2582inf210/project_presentation.html HTTP/1.1"
2534	2025/02/26 09:53:40	"GET /uv2582fip2582inf210/index.html HTTP/1.1"
2534	2025/02/26 09:53:42	"GET /uv2582fip2582inf210/project_presentation.html HTTP/1.1"
2545	2025/02/26 09:53:46	"GET /uv2582fip2582inf210/project_presentation.html HTTP/1.1"
2551	2025/02/26 09:53:51	"GET /uv2582fip2582inf210/project_specifications.html HTTP/1.1"
2524	2025/02/26 09:53:58	"GET /uv2582fip2582inf210/project_presentation.html HTTP/1.1"
2525	2025/02/26 09:54:09	"GET /uv2582fip2582inf210/project_specifications.html HTTP/1.1"
2525	2025/02/26 09:54:10	"GET /uv2582fip2582inf210/project_specifications.html HTTP/1.1"
2517	2025/02/26 09:54:23	"GET /uv2582fip2582inf210/project_presentation.html HTTP/1.1"
2542	2025/02/26 09:54:24	"GET /uv2582fip2582inf210/project_presentation.html HTTP/1.1"
256	2025/02/26 09:54:27	"GET /uv2582fip2582inf210/project_specifications.html HTTP/1.1"
2530	2025/02/26 09:54:34	"GET /uv2582fip2582inf210/project_presentation.html HTTP/1.1"
2542	2025/02/26 09:54:37	"GET /uv2582fip2582inf210/project_part1.html HTTP/1.1"
256	2025/02/26 09:54:38	"GET /uv2582fip2582inf210/project_part1.html HTTP/1.1"
2547	2025/02/26 09:54:38	"GET /uv2582fip2582inf210/project_specifications.html HTTP/1.1"
2546	2025/02/26 09:54:38	"GET /uv2582fip2582inf210/project_specifications.html HTTP/1.1"
2524	2025/02/26 09:54:53	"GET /uv2582fip2582inf210/project_specifications.html HTTP/1.1"
2524	2025/02/26 09:55:01	"GET /uv2582fip2582inf210/project_part1.html HTTP/1.1"
2526	2025/02/26 09:55:06	"GET /uv2582fip2582inf210/project_specifications.html HTTP/1.1"
2548	2025/02/26 09:55:35	"GET /uv2582fip2582inf210/project_specifications.html HTTP/1.1"
2530	2025/02/26 09:55:46	"GET /uv2582fip2582inf210/project_specifications.html HTTP/1.1"
2552	2025/02/26 09:55:59	"GET /uv2582fip2582inf210/project_specifications.html HTTP/1.1"
2515	2025/02/26 09:56:05	"GET /uv2582fip2582inf210/project_presentation.html HTTP/1.1"
2511	2025/02/26 09:56:09	"GET /uv2582fip2582inf210/project_specifications.html HTTP/1.1"
2550	2025/02/26 09:56:15	"GET /uv2582fip2582inf210/project_presentation.html HTTP/1.1"
252	2025/02/26 09:56:15	"GET /uv2582fip2582inf210/project_presentation.html HTTP/1.1"
2546	2025/02/26 09:56:20	"GET /uv2582fip2582inf210/project_task_time.html HTTP/1.1"
2550	2025/02/26 09:56:22	"GET /uv2582fip2582inf210/project_part1.html HTTP/1.1"
2545	2025/02/26 09:56:30	"GET /uv2582fip2582inf210/project_part1.html HTTP/1.1"
2515	2025/02/26 09:56:31	"GET /uv2582fip2582inf210/project_specifications.html HTTP/1.1"
2515	2025/02/26 09:56:32	"GET /uv2582fip2582inf210/project_evaluation.html HTTP/1.1"
259	2025/02/26 09:57:01	"GET /uv2582fip2582inf210/project_part1.html HTTP/1.1"
2515	2025/02/26 09:57:01	"GET /uv2582fip2582inf210/project_task_time.html HTTP/1.1"
2515	2025/02/26 09:57:12	"GET /uv2582fip2582inf210/project_part1.html HTTP/1.1"
252	2025/02/26 09:57:16	"GET /uv2582fip2582inf210/project_specifications.html HTTP/1.1"
259	2025/02/26 09:57:17	"GET /uv2582fip2582inf210/project_specifications.html HTTP/1.1"
252	2025/02/26 09:57:22	"GET /uv2582fip2582inf210/project_part1.html HTTP/1.1"
2517	2025/02/26 09:57:28	"GET /uv2582fip2582inf210/project_specifications.html HTTP/1.1"
2521	2025/02/26 09:57:33	"GET /uv2582fip2582inf210/project_presentation.html HTTP/1.1"
2517	2025/02/26 09:57:35	"GET /uv2582fip2582inf210/project_evaluation.html HTTP/1.1"
2541	2025/02/26 09:57:36	"GET /uv2582fip2582inf210/project_presentation.html HTTP/1.1"
257	2025/02/26 09:57:37	"GET /uv2582fip2582inf210/project_part1.html HTTP/1.1"
2521	2025/02/26 09:57:44	"GET /uv2582fip2582inf210/project_part1.html HTTP/1.1"
2514	2025/02/26 09:57:45	"GET /uv2582fip2582inf210/project_part1.html HTTP/1.1"
2520	2025/02/26 09:58:00	"GET /uv2582fip2582inf210/project_presentation.html HTTP/1.1"
2520	2025/02/26 09:58:14	"GET /uv2582fip2582inf210/project_specifications.html HTTP/1.1"
2520	2025/02/26 09:58:18	"GET /uv2582fip2582inf210/project_task_time.html HTTP/1.1"
2529	2025/02/26 09:58:26	"GET /uv2582fip2582inf210/project_presentation.html HTTP/1.1"
2541	2025/02/26 09:59:03	"GET /uv2582fip2582inf210/project_evaluation.html HTTP/1.1"
2521	2025/02/26 09:59:14	"GET /uv2582fip2582inf210/project_evaluation.html HTTP/1.1"
2550	2025/02/26 09:59:25	"GET /uv2582fip2582inf210/project_specifications.html HTTP/1.1"
252	2025/02/26 09:59:38	"GET /uv2582fip2582inf210/project_evaluation.html HTTP/1.1"
2542	2025/02/26 09:59:45	"GET /uv2582fip2582inf210/project_specifications.html HTTP/1.1"
2541	2025/02/26 09:59:46	"GET /uv2582fip2582inf210/project_specifications.html HTTP/1.1"
2541	2025/02/26 09:59:48	"GET /uv2582fip2582inf210/project_part1.html HTTP/1.1"
2553	2025/02/26 09:59:55	"GET /uv2582fip2582inf210/project_evaluation.html HTTP/1.1"
2528	2025/02/26 10:00:10	"GET /uv2582fip2582inf210/index.html HTTP/1.1"
2543	2025/02/26 10:00:14	"GET /uv2582fip2582inf210/data_home.html HTTP/1.1"
252	2025/02/26 10:00:16	"GET /uv2582fip2582inf210/project_task_time.html HTTP/1.1"
2528	2025/02/26 10:00:17	"GET /uv2582fip2582inf210/project_presentation.html HTTP/1.1"
2544	2025/02/26 10:00:18	"GET /uv2582fip2582inf210/project_evaluation.html HTTP/1.1"
2543	2025/02/26 10:00:23	"GET /uv2582fip2582inf210/lecture_conceptual_modeling.html HTTP/1.1"
2528	2025/02/26 10:00:26	"GET /uv2582fip2582inf210/project_part1.html HTTP/1.1"
2548	2025/02/26 10:00:33	"GET /uv2582fip2582inf210/project_part1.html HTTP/1.1"
2544	2025/02/26 10:00:57	"GET /uv2582fip2582inf210/project_specifications.html HTTP/1.1"
2550	2025/02/26 10:01:10	"GET /uv2582fip2582inf210/project_task_time.html HTTP/1.1"
2522	2025/02/26 10:01:21	"GET /uv2582fip2582inf210/project_part1.html HTTP/1.1"
2544	2025/02/26 10:01:30	"GET /uv2582fip2582inf210/project_task_time.html HTTP/1.1"
2544	2025/02/26 10:01:38	"GET /uv2582fip2582inf210/project_part1.html HTTP/1.1"
2530	2025/02/26 10:01:44	"GET /uv2582fip2582inf210/project_evaluation.html HTTP/1.1"
2531	2025/02/26 10:03:06	"GET /uv2582fip2582inf210/project_specifications.html HTTP/1.1"
2523	2025/02/26 10:03:23	"GET /uv2582fip2582inf210/project_presentation.html HTTP/1.1"
2523	2025/02/26 10:03:24	"GET /uv2582fip2582inf210/project_presentation.html HTTP/1.1"
2523	2025/02/26 10:03:29	"GET /uv2582fip2582inf210/project_part1.html HTTP/1.1"
2523	2025/02/26 10:03:29	"GET /uv2582fip2582inf210/project_part1.html HTTP/1.1"
2530	2025/02/26 10:03:29	"GET /uv2582fip2582inf210/project_task_time.html HTTP/1.1"
2547	2025/02/26 10:03:37	"GET /uv2582fip2582inf210/project_task_time.html HTTP/1.1"
2534	2025/02/26 10:03:46	"GET /uv2582fip2582inf210/project_specifications.html HTTP/1.1"
2530	2025/02/26 10:03:49	"GET /uv2582fip2582inf210/project_part1.html HTTP/1.1"
2547	2025/02/26 10:04:06	"GET /uv2582fip2582inf210/project_part1.html HTTP/1.1"
252	2025/02/26 10:04:21	"GET /uv2582fip2582inf210/index.html HTTP/1.1"
2527	2025/02/26 10:04:32	"GET /uv2582fip2582inf210/lecture_software_architecture.html HTTP/1.1"
2527	2025/02/26 10:04:42	"GET /uv2582fip2582inf210/index.html HTTP/1.1"
2527	2025/02/26 10:04:45	"GET /uv2582fip2582inf210/project_presentation.html HTTP/1.1"
2527	2025/02/26 10:04:51	"GET /uv2582fip2582inf210/project_part1.html HTTP/1.1"
259	2025/02/26 10:04:56	"GET /uv2582fip2582inf210/project_specifications.html HTTP/1.1"
259	2025/02/26 10:05:11	"GET /uv2582fip2582inf210/project_part1.html HTTP/1.1"
2527	2025/02/26 10:05:23	"GET /uv2582fip2582inf210/project_specifications.html HTTP/1.1"
2522	2025/02/26 10:05:40	"GET /uv2582fip2582inf210/project_specifications.html HTTP/1.1"
2512	2025/02/26 10:05:43	"GET /uv2582fip2582inf210/project_presentation.html HTTP/1.1"
2522	2025/02/26 10:05:48	"GET /uv2582fip2582inf210/project_task_time.html HTTP/1.1"
2545	2025/02/26 10:06:02	"GET /uv2582fip2582inf210/project_specifications.html HTTP/1.1"
2522	2025/02/26 10:06:19	"GET /uv2582fip2582inf210/project_evaluation.html HTTP/1.1"
2523	2025/02/26 10:06:32	"GET /uv2582fip2582inf210/project_evaluation.html HTTP/1.1"
2523	2025/02/26 10:06:32	"GET /uv2582fip2582inf210/project_evaluation.html HTTP/1.1"
259	2025/02/26 10:06:35	"GET /uv2582fip2582inf210/project_presentation.html HTTP/1.1"
2512	2025/02/26 10:07:15	"GET /uv2582fip2582inf210/project_specifications.html HTTP/1.1"
2528	2025/02/26 10:07:16	"GET /uv2582fip2582inf210/project_specifications.html HTTP/1.1"
2517	2025/02/26 10:09:28	"GET /uv2582fip2582inf210/project_task_time.html HTTP/1.1"
256	2025/02/26 10:09:34	"GET /uv2582fip2582inf210/project_task_time.html HTTP/1.1"
2517	2025/02/26 10:10:20	"GET /uv2582fip2582inf210/project_part1.html HTTP/1.1"
2540	2025/02/26 10:10:32	"GET /uv2582fip2582inf210/index.html HTTP/1.1"
2540	2025/02/26 10:10:36	"GET /uv2582fip2582inf210/web_architecture_home.html HTTP/1.1"
2540	2025/02/26 10:10:44	"GET /uv2582fip2582inf210/data_home.html HTTP/1.1"
2523	2025/02/26 10:10:47	"GET /uv2582fip2582inf210/project_specifications.html HTTP/1.1"
2523	2025/02/26 10:10:47	"GET /uv2582fip2582inf210/project_specifications.html HTTP/1.1"
2540	2025/02/26 10:10:51	"GET /uv2582fip2582inf210/lecture_normalization.html HTTP/1.1"
258	2025/02/26 10:11:15	"GET /uv2582fip2582inf210/index.html HTTP/1.1"
258	2025/02/26 10:11:17	"GET /uv2582fip2582inf210/web_architecture_home.html HTTP/1.1"
258	2025/02/26 10:11:19	"GET /uv2582fip2582inf210/data_home.html HTTP/1.1"
259	2025/02/26 10:11:23	"GET /uv2582fip2582inf210/project_evaluation.html HTTP/1.1"
258	2025/02/26 10:11:24	"GET /uv2582fip2582inf210/lecture_normalization.html HTTP/1.1"
258	2025/02/26 10:11:28	"GET /uv2582fip2582inf210/activity_normalization.html HTTP/1.1"
258	2025/02/26 10:11:31	"GET /uv2582fip2582inf210/activity_decomposition.html HTTP/1.1"
2530	2025/02/26 10:11:32	"GET /uv2582fip2582inf210/index.html HTTP/1.1"
258	2025/02/26 10:11:34	"GET /uv2582fip2582inf210/activity_conceptual_modeling.html HTTP/1.1"
258	2025/02/26 10:11:37	"GET /uv2582fip2582inf210/lecture_conceptual_modeling.html HTTP/1.1"
2530	2025/02/26 10:11:46	"GET /uv2582fip2582inf210/web_architecture_home.html HTTP/1.1"
2530	2025/02/26 10:12:03	"GET /uv2582fip2582inf210/data_home.html HTTP/1.1"
2530	2025/02/26 10:12:22	"GET /uv2582fip2582inf210/lecture_conceptual_modeling.html HTTP/1.1"
2516	2025/02/26 10:12:44	"GET /uv2582fip2582inf210/project_part1.html HTTP/1.1"
259	2025/02/26 10:13:15	"GET /uv2582fip2582inf210/project_specifications.html HTTP/1.1"
259	2025/02/26 10:13:47	"GET /uv2582fip2582inf210/project_task_time.html HTTP/1.1"
2542	2025/02/26 10:14:50	"GET /uv2582fip2582inf210/index.html HTTP/1.1"
2542	2025/02/26 10:14:56	"GET /uv2582fip2582inf210/web_architecture_home.html HTTP/1.1"
2542	2025/02/26 10:15:03	"GET /uv2582fip2582inf210/data_home.html HTTP/1.1"
2542	2025/02/26 10:15:09	"GET /uv2582fip2582inf210/lecture_conceptual_modeling.html HTTP/1.1"
256	2025/02/26 10:16:00	"GET /uv2582fip2582inf210/index.html HTTP/1.1"
256	2025/02/26 10:16:04	"GET /uv2582fip2582inf210/data_home.html HTTP/1.1"
256	2025/02/26 10:16:14	"GET /uv2582fip2582inf210/activity_conceptual_modeling.html HTTP/1.1"
256	2025/02/26 10:16:19	"GET /uv2582fip2582inf210/activity_conceptual_modeling_correction.html HTTP/1.1"
256	2025/02/26 10:16:26	"GET /uv2582fip2582inf210/lecture_conceptual_modeling.html HTTP/1.1"
259	2025/02/26 10:17:27	"GET /uv2582fip2582inf210/project_part1.html HTTP/1.1"
2516	2025/02/26 10:19:23	"GET /uv2582fip2582inf210/project_task_time.html HTTP/1.1"
2512	2025/02/26 10:19:36	"GET /uv2582fip2582inf210/project_part1.html HTTP/1.1"
2516	2025/02/26 10:20:01	"GET /uv2582fip2582inf210/project_evaluation.html HTTP/1.1"
2521	2025/02/26 10:20:28	"GET /uv2582fip2582inf210/project_specifications.html HTTP/1.1"
253	2025/02/26 10:20:33	"GET /uv2582fip2582inf210/project_presentation.html HTTP/1.1"
253	2025/02/26 10:20:36	"GET /uv2582fip2582inf210/project_evaluation.html HTTP/1.1"
253	2025/02/26 10:20:48	"GET /uv2582fip2582inf210/index.html HTTP/1.1"
2511	2025/02/26 10:21:52	"GET /uv2582fip2582inf210/index.html HTTP/1.1"
2511	2025/02/26 10:21:56	"GET /uv2582fip2582inf210/data_home.html HTTP/1.1"
2511	2025/02/26 10:22:03	"GET /uv2582fip2582inf210/lecture_normalization.html HTTP/1.1"
253	2025/02/26 10:22:07	"GET /uv2582fip2582inf210/project_specifications.html HTTP/1.1"
2511	2025/02/26 10:22:21	"GET /uv2582fip2582inf210/activity_conceptual_modeling.html HTTP/1.1"
2511	2025/02/26 10:22:23	"GET /uv2582fip2582inf210/lecture_conceptual_modeling.html HTTP/1.1"
2520	2025/02/26 10:23:50	"GET /uv2582fip2582inf210/project_part1.html HTTP/1.1"
2531	2025/02/26 10:24:50	"GET /uv2582fip2582inf210/project_part1.html HTTP/1.1"
2511	2025/02/26 10:25:01	"GET /uv2582fip2582inf210/project_task_time.html HTTP/1.1"
2511	2025/02/26 10:25:02	"GET /uv2582fip2582inf210/project_specifications.html HTTP/1.1"
2521	2025/02/26 10:26:22	"GET /uv2582fip2582inf210/project_task_time.html HTTP/1.1"
2524	2025/02/26 10:27:15	"GET /uv2582fip2582inf210/index.html HTTP/1.1"
2524	2025/02/26 10:27:17	"GET /uv2582fip2582inf210/data_home.html HTTP/1.1"
2524	2025/02/26 10:27:20	"GET /uv2582fip2582inf210/activity_conceptual_modeling.html HTTP/1.1"
2524	2025/02/26 10:27:22	"GET /uv2582fip2582inf210/activity_conceptual_modeling_correction.html HTTP/1.1"
2512	2025/02/26 10:28:10	"GET /uv2582fip2582inf210/index.html HTTP/1.1"
2512	2025/02/26 10:28:19	"GET /uv2582fip2582inf210/data_home.html HTTP/1.1"
2514	2025/02/26 10:28:24	"GET /uv2582fip2582inf210/index.html HTTP/1.1"
2523	2025/02/26 10:28:28	"GET /uv2582fip2582inf210/project_task_time.html HTTP/1.1"
2523	2025/02/26 10:28:28	"GET /uv2582fip2582inf210/project_task_time.html HTTP/1.1"
2512	2025/02/26 10:28:37	"GET /uv2582fip2582inf210/lecture_conceptual_modeling.html HTTP/1.1"
2514	2025/02/26 10:28:51	"GET /uv2582fip2582inf210/data_home.html HTTP/1.1"
2514	2025/02/26 10:28:56	"GET /uv2582fip2582inf210/lecture_modeling_normalization.html HTTP/1.1"
2514	2025/02/26 10:29:00	"GET /uv2582fip2582inf210/lecture_conceptual_modeling.html HTTP/1.1"
2548	2025/02/26 10:31:18	"GET /uv2582fip2582inf210/project_task_time.html HTTP/1.1"
258	2025/02/26 10:35:29	"GET /uv2582fip2582inf210/index.html HTTP/1.1"
258	2025/02/26 10:35:45	"GET /uv2582fip2582inf210/PresentationUVINF210/pres.html HTTP/1.1"
2526	2025/02/26 10:35:54	"GET /uv2582fip2582inf210/project_part1.html HTTP/1.1"
258	2025/02/26 10:35:57	"GET /uv2582fip2582inf210/project_presentation.html HTTP/1.1"
2534	2025/02/26 10:45:43	"GET /uv2582fip2582inf210/technical_environment_home.html HTTP/1.1"
2534	2025/02/26 10:45:46	"GET /uv2582fip2582inf210/web_architecture_home.html HTTP/1.1"
2534	2025/02/26 10:45:56	"GET /uv2582fip2582inf210/data_home.html HTTP/1.1"
2522	2025/02/26 10:45:58	"GET /uv2582fip2582inf210/data_home.html HTTP/1.1"
2534	2025/02/26 10:46:00	"GET /uv2582fip2582inf210/lecture_relational_model.html HTTP/1.1"
2522	2025/02/26 10:46:04	"GET /uv2582fip2582inf210/lecture_relational_model.html HTTP/1.1"
2534	2025/02/26 10:46:04	"GET /uv2582fip2582inf210/activity_relational_model.html HTTP/1.1"
2522	2025/02/26 10:46:09	"GET /uv2582fip2582inf210/lecture_modeling_normalization.html HTTP/1.1"
2522	2025/02/26 10:46:09	"GET /uv2582fip2582inf210/lecture_conceptual_modeling.html HTTP/1.1"
2534	2025/02/26 10:46:12	"GET /uv2582fip2582inf210/lecture_conceptual_modeling.html HTTP/1.1"
2534	2025/02/26 10:59:47	"GET /uv2582fip2582inf210/data_home.html HTTP/1.1"
2534	2025/02/26 10:59:50	"GET /uv2582fip2582inf210/lecture_conceptual_modeling.html HTTP/1.1"
2552	2025/02/26 11:06:18	"GET /uv2582fip2582inf210/data_home.html HTTP/1.1"
2552	2025/02/26 11:06:43	"GET /uv2582fip2582inf210/lecture_conceptual_modeling.html HTTP/1.1"
259	2025/02/26 11:13:48	"GET /uv2582fip2582inf210/project_specifications.html HTTP/1.1"
2526	2025/02/26 11:18:03	"GET /uv2582fip2582inf210/data_home.html HTTP/1.1"
2526	2025/02/26 11:18:10	"GET /uv2582fip2582inf210/activity_conceptual_modeling.html HTTP/1.1"
2526	2025/02/26 11:18:14	"GET /uv2582fip2582inf210/lecture_conceptual_modeling.html HTTP/1.1"
2526	2025/02/26 11:18:33	"GET /uv2582fip2582inf210/lecture_modeling_normalization.html HTTP/1.1"
2526	2025/02/26 11:18:36	"GET /uv2582fip2582inf210/lecture_conceptual_modeling.html HTTP/1.1"
257	2025/02/26 11:21:41	"GET /uv2582fip2582inf210/index.html HTTP/1.1"
257	2025/02/26 11:21:43	"GET /uv2582fip2582inf210/data_home.html HTTP/1.1"
2520	2025/02/26 11:21:43	"GET /uv2582fip2582inf210/index.html HTTP/1.1"
2520	2025/02/26 11:21:48	"GET /uv2582fip2582inf210/data_home.html HTTP/1.1"
2520	2025/02/26 11:21:59	"GET /uv2582fip2582inf210/lecture_conceptual_modeling.html HTTP/1.1"
2521	2025/02/26 11:30:32	"GET /uv2582fip2582inf210/project_presentation.html HTTP/1.1"
2521	2025/02/26 11:35:18	"GET /uv2582fip2582inf210/data_home.html HTTP/1.1"
2521	2025/02/26 11:35:21	"GET /uv2582fip2582inf210/images/prerequisite_data/prerequisite_data_2025.html HTTP/1.1"
2521	2025/02/26 11:35:24	"GET /uv2582fip2582inf210/lecture_conceptual_modeling.html HTTP/1.1"
259	2025/02/26 11:37:59	"GET /uv2582fip2582inf210/project_specifications.html HTTP/1.1"
2515	2025/02/26 11:38:47	"GET /uv2582fip2582inf210/index.html HTTP/1.1"
2515	2025/02/26 11:38:49	"GET /uv2582fip2582inf210/data_home.html HTTP/1.1"
2515	2025/02/26 11:38:53	"GET /uv2582fip2582inf210/lecture_modeling_normalization.html HTTP/1.1"
2515	2025/02/26 11:38:54	"GET /uv2582fip2582inf210/lecture_conceptual_modeling.html HTTP/1.1"
2547	2025/02/26 11:38:55	"GET /uv2582fip2582inf210/project_specifications.html HTTP/1.1"
257	2025/02/26 11:39:27	"GET /uv2582fip2582inf210/lecture_conceptual_modeling.html HTTP/1.1"
2550	2025/02/26 11:44:02	"GET /uv2582fip2582inf210/project_task_time.html HTTP/1.1"
2550	2025/02/26 11:44:05	"GET /uv2582fip2582inf210/project_part1.html HTTP/1.1"
2541	2025/02/26 11:53:31	"GET /uv2582fip2582inf210/project_part1.html HTTP/1.1"
259	2025/02/26 12:00:35	"GET /uv2582fip2582inf210/project_presentation.html HTTP/1.1"
259	2025/02/26 12:00:37	"GET /uv2582fip2582inf210/project_part1.html HTTP/1.1"
2522	2025/02/26 13:23:21	"GET /uv2582fip2582inf210/activity_conceptual_modeling.html HTTP/1.1"
2534	2025/02/26 13:27:10	"GET /uv2582fip2582inf210/project_task_time.html HTTP/1.1"
2534	2025/02/26 13:27:39	"GET /uv2582fip2582inf210/project_specifications.html HTTP/1.1"
2534	2025/02/26 13:27:57	"GET /uv2582fip2582inf210/project_part1.html HTTP/1.1"
2534	2025/02/26 13:29:02	"GET /uv2582fip2582inf210/project_evaluation.html HTTP/1.1"
2534	2025/02/26 13:30:13	"GET /uv2582fip2582inf210/project_evaluation.html HTTP/1.1"
2544	2025/02/26 13:30:57	"GET /uv2582fip2582inf210/project_presentation.html HTTP/1.1"
2544	2025/02/26 13:31:34	"GET /uv2582fip2582inf210/project_part1.html HTTP/1.1"
2543	2025/02/26 13:33:18	"GET /uv2582fip2582inf210/activity_conceptual_modeling.html HTTP/1.1"
2543	2025/02/26 13:36:32	"GET /uv2582fip2582inf210/project_evaluation.html HTTP/1.1"
2523	2025/02/26 13:39:09	"GET /uv2582fip2582inf210/project_specifications.html HTTP/1.1"
2523	2025/02/26 13:39:19	"GET /uv2582fip2582inf210/project_task_time.html HTTP/1.1"
2523	2025/02/26 13:39:23	"GET /uv2582fip2582inf210/index.html HTTP/1.1"
2523	2025/02/26 13:39:23	"GET /uv2582fip2582inf210/index.html HTTP/1.1"
2523	2025/02/26 13:39:28	"GET /uv2582fip2582inf210/technical_environment_home.html HTTP/1.1"
2523	2025/02/26 13:39:28	"GET /uv2582fip2582inf210/technical_environment_home.html HTTP/1.1"
2523	2025/02/26 13:39:34	"GET /uv2582fip2582inf210/data_home.html HTTP/1.1"
2523	2025/02/26 13:39:34	"GET /uv2582fip2582inf210/data_home.html HTTP/1.1"
2523	2025/02/26 13:39:40	"GET /uv2582fip2582inf210/activity_conceptual_modeling.html HTTP/1.1"
2523	2025/02/26 13:39:40	"GET /uv2582fip2582inf210/activity_conceptual_modeling.html HTTP/1.1"
2523	2025/02/26 13:39:44	"GET /uv2582fip2582inf210/activity_conceptual_modeling_correction.html HTTP/1.1"
2523	2025/02/26 13:39:44	"GET /uv2582fip2582inf210/activity_conceptual_modeling_correction.html HTTP/1.1"
2514	2025/02/26 13:40:01	"GET /uv2582fip2582inf210/activity_conceptual_modeling.html HTTP/1.1"
2514	2025/02/26 13:40:09	"GET /uv2582fip2582inf210/lecture_normalization.html HTTP/1.1"
2543	2025/02/26 13:49:36	"GET /uv2582fip2582inf210/project_specifications.html HTTP/1.1"
2523	2025/02/26 13:55:44	"GET /uv2582fip2582inf210/project_part1.html HTTP/1.1"
2544	2025/02/26 14:09:55	"GET /uv2582fip2582inf210/data_home.html HTTP/1.1"
2544	2025/02/26 14:09:59	"GET /uv2582fip2582inf210/activity_conceptual_modeling.html HTTP/1.1"
2544	2025/02/26 14:10:08	"GET /uv2582fip2582inf210/lecture_normalization.html HTTP/1.1"
2544	2025/02/26 14:10:24	"GET /uv2582fip2582inf210/activity_normalization.html HTTP/1.1"
2544	2025/02/26 14:10:28	"GET /uv2582fip2582inf210/activity_decomposition.html HTTP/1.1"
2513	2025/02/26 14:11:10	"GET /uv2582fip2582inf210/project_presentation.html HTTP/1.1"
2513	2025/02/26 14:11:34	"GET /uv2582fip2582inf210/project_specifications.html HTTP/1.1"
2542	2025/02/26 14:12:59	"GET /uv2582fip2582inf210/index.html HTTP/1.1"
2542	2025/02/26 14:13:12	"GET /uv2582fip2582inf210/project_presentation.html HTTP/1.1"
2542	2025/02/26 14:13:18	"GET /uv2582fip2582inf210/project_specifications.html HTTP/1.1"
2544	2025/02/26 14:13:43	"GET /uv2582fip2582inf210/activity_conceptual_modeling_correction.html HTTP/1.1"
2514	2025/02/26 14:15:20	"GET /uv2582fip2582inf210/activity_normalization.html HTTP/1.1"
2514	2025/02/26 14:15:25	"GET /uv2582fip2582inf210/activity_decomposition.html HTTP/1.1"
2514	2025/02/26 14:15:28	"GET /uv2582fip2582inf210/lecture_independence_views.html HTTP/1.1"
2514	2025/02/26 14:15:30	"GET /uv2582fip2582inf210/activity_conceptual_modeling_advanced.html HTTP/1.1"
257	2025/02/26 14:15:59	"GET /uv2582fip2582inf210/project_part1.html HTTP/1.1"
2550	2025/02/26 14:16:58	"GET /uv2582fip2582inf210/project_presentation.html HTTP/1.1"
2550	2025/02/26 14:17:05	"GET /uv2582fip2582inf210/project_part1.html HTTP/1.1"
2525	2025/02/26 14:18:42	"GET /uv2582fip2582inf210/data_home.html HTTP/1.1"
2525	2025/02/26 14:18:42	"GET /uv2582fip2582inf210/data_home.html HTTP/1.1"
2525	2025/02/26 14:18:52	"GET /uv2582fip2582inf210/lecture_modeling_normalization.html HTTP/1.1"
2525	2025/02/26 14:18:52	"GET /uv2582fip2582inf210/lecture_modeling_normalization.html HTTP/1.1"
2525	2025/02/26 14:18:56	"GET /uv2582fip2582inf210/lecture_conceptual_modeling.html HTTP/1.1"
2525	2025/02/26 14:18:56	"GET /uv2582fip2582inf210/lecture_conceptual_modeling.html HTTP/1.1"
2553	2025/02/26 14:19:38	"GET /uv2582fip2582inf210/project_specifications.html HTTP/1.1"
2525	2025/02/26 14:20:36	"GET /uv2582fip2582inf210/activity_conceptual_modeling.html HTTP/1.1"
2525	2025/02/26 14:20:37	"GET /uv2582fip2582inf210/activity_conceptual_modeling.html HTTP/1.1"
2550	2025/02/26 14:21:56	"GET /uv2582fip2582inf210/project_specifications.html HTTP/1.1"
2526	2025/02/26 14:22:35	"GET /uv2582fip2582inf210/project_part1.html HTTP/1.1"
2526	2025/02/26 14:22:44	"GET /uv2582fip2582inf210/project_specifications.html HTTP/1.1"
2550	2025/02/26 14:26:42	"GET /uv2582fip2582inf210/index.html HTTP/1.1"
2550	2025/02/26 14:26:49	"GET /uv2582fip2582inf210/data_home.html HTTP/1.1"
2550	2025/02/26 14:26:54	"GET /uv2582fip2582inf210/lecture_conceptual_modeling.html HTTP/1.1"
2518	2025/02/26 14:32:25	"GET /uv2582fip2582inf210/index.html HTTP/1.1"
2518	2025/02/26 14:36:00	"GET /uv2582fip2582inf210/data_home.html HTTP/1.1"
2513	2025/02/26 14:36:01	"GET /uv2582fip2582inf210/data_home.html HTTP/1.1"
2513	2025/02/26 14:36:02	"GET /uv2582fip2582inf210/images/prerequisite_data/prerequisite_data_2025.html HTTP/1.1"
2513	2025/02/26 14:36:05	"GET /uv2582fip2582inf210/lecture_conceptual_modeling.html HTTP/1.1"
2518	2025/02/26 14:36:07	"GET /uv2582fip2582inf210/lecture_normalization.html HTTP/1.1"
255	2025/02/26 14:38:39	"GET /uv2582fip2582inf210/index.html HTTP/1.1"
255	2025/02/26 14:41:00	"GET /uv2582fip2582inf210/data_home.html HTTP/1.1"
2519	2025/02/26 14:44:49	"GET /uv2582fip2582inf210/project_part1.html HTTP/1.1"
2552	2025/02/26 14:44:57	"GET /uv2582fip2582inf210/project_task_time.html HTTP/1.1"
2552	2025/02/26 14:45:02	"GET /uv2582fip2582inf210/project_part1.html HTTP/1.1"
257	2025/02/26 14:45:09	"GET /uv2582fip2582inf210/project_specifications.html HTTP/1.1"
2518	2025/02/26 14:47:44	"GET /uv2582fip2582inf210/project_presentation.html HTTP/1.1"
2518	2025/02/26 14:48:23	"GET /uv2582fip2582inf210/project_part1.html HTTP/1.1"
2515	2025/02/26 15:00:43	"GET /uv2582fip2582inf210/activity_conceptual_modeling.html HTTP/1.1"
2515	2025/02/26 15:00:44	"GET /uv2582fip2582inf210/lecture_normalization.html HTTP/1.1"
2515	2025/02/26 15:00:45	"GET /uv2582fip2582inf210/activity_normalization.html HTTP/1.1"
2515	2025/02/26 15:00:47	"GET /uv2582fip2582inf210/activity_decomposition.html HTTP/1.1"
2515	2025/02/26 15:00:52	"GET /uv2582fip2582inf210/activity_sql.html HTTP/1.1"
2515	2025/02/26 15:00:53	"GET /uv2582fip2582inf210/lecture_modeling_normalization.html HTTP/1.1"
2515	2025/02/26 15:00:54	"GET /uv2582fip2582inf210/lecture_conceptual_modeling.html HTTP/1.1"
259	2025/02/26 15:01:33	"GET /uv2582fip2582inf210/web_architecture_home.html HTTP/1.1"
259	2025/02/26 15:01:52	"GET /uv2582fip2582inf210/data_home.html HTTP/1.1"
259	2025/02/26 15:01:58	"GET /uv2582fip2582inf210/lecture_conceptual_modeling.html HTTP/1.1"
259	2025/02/26 15:03:29	"GET /uv2582fip2582inf210/activity_conceptual_modeling.html HTTP/1.1"
259	2025/02/26 15:03:44	"GET /uv2582fip2582inf210/lecture_normalization.html HTTP/1.1"
259	2025/02/26 15:03:44	"GET /uv2582fip2582inf210/activity_conceptual_modeling_advanced.html HTTP/1.1"
259	2025/02/26 15:04:06	"GET /uv2582fip2582inf210/activity_normalization.html HTTP/1.1"
259	2025/02/26 15:04:18	"GET /uv2582fip2582inf210/activity_decomposition.html HTTP/1.1"
2519	2025/02/26 15:09:48	"GET /uv2582fip2582inf210/index.html HTTP/1.1"
2519	2025/02/26 15:09:51	"GET /uv2582fip2582inf210/web_architecture_home.html HTTP/1.1"
2519	2025/02/26 15:09:55	"GET /uv2582fip2582inf210/data_home.html HTTP/1.1"
2519	2025/02/26 15:10:02	"GET /uv2582fip2582inf210/lecture_normalization.html HTTP/1.1"
2546	2025/02/26 15:10:24	"GET /uv2582fip2582inf210/project_specifications.html HTTP/1.1"
259	2025/02/26 15:12:51	"GET /uv2582fip2582inf210/lecture_conceptual_modeling.html HTTP/1.1"
2553	2025/02/26 15:16:46	"GET /uv2582fip2582inf210/project_presentation.html HTTP/1.1"
2553	2025/02/26 15:16:53	"GET /uv2582fip2582inf210/project_task_time.html HTTP/1.1"
2519	2025/02/26 15:19:24	"GET /uv2582fip2582inf210/project_presentation.html HTTP/1.1"
2550	2025/02/26 15:36:17	"GET /uv2582fip2582inf210/project_evaluation.html HTTP/1.1"
2524	2025/02/26 15:44:16	"GET /uv2582fip2582inf210/index.html HTTP/1.1"
2524	2025/02/26 15:44:18	"GET /uv2582fip2582inf210/project_presentation.html HTTP/1.1"
2524	2025/02/26 16:02:50	"GET /uv2582fip2582inf210/project_part1.html HTTP/1.1"
2524	2025/02/26 16:02:58	"GET /uv2582fip2582inf210/project_specifications.html HTTP/1.1"
2529	2025/02/26 16:11:39	"GET /uv2582fip2582inf210/index.html HTTP/1.1"
2529	2025/02/26 16:11:43	"GET /uv2582fip2582inf210/project_presentation.html HTTP/1.1"
2529	2025/02/26 16:11:51	"GET /uv2582fip2582inf210/project_task_time.html HTTP/1.1"
256	2025/02/26 16:14:02	"GET /uv2582fip2582inf210/project_presentation.html HTTP/1.1"
256	2025/02/26 16:14:05	"GET /uv2582fip2582inf210/project_part1.html HTTP/1.1"
2529	2025/02/26 16:15:06	"GET /uv2582fip2582inf210/project_specifications.html HTTP/1.1"
2515	2025/02/26 16:42:57	"GET /uv2582fip2582inf210/project_part1.html HTTP/1.1"
2515	2025/02/26 16:43:03	"GET /uv2582fip2582inf210/project_presentation.html HTTP/1.1"
2515	2025/02/26 16:43:36	"GET /uv2582fip2582inf210/project_task_time.html HTTP/1.1"
2515	2025/02/26 16:44:09	"GET /uv2582fip2582inf210/project_specifications.html HTTP/1.1"
2515	2025/02/26 17:03:39	"GET /uv2582fip2582inf210/index.html HTTP/1.1"
2525	2025/02/26 18:22:08	"GET /uv2582fip2582inf210/activity_conceptual_modeling.html HTTP/1.1"
2525	2025/02/26 18:22:12	"GET /uv2582fip2582inf210/lecture_normalization.html HTTP/1.1"
2525	2025/02/26 18:22:12	"GET /uv2582fip2582inf210/lecture_normalization.html HTTP/1.1"
2534	2025/02/26 19:23:57	"GET /uv2582fip2582inf210/project_evaluation.html HTTP/1.1"
2534	2025/02/26 19:24:19	"GET /uv2582fip2582inf210/project_specifications.html HTTP/1.1"
2535	2025/02/26 22:22:39	"GET /uv2582fip2582inf210/lecture_normalization.html HTTP/1.1"
2535	2025/02/26 22:23:01	"GET /uv2582fip2582inf210/index.html HTTP/1.1"
2535	2025/02/26 22:23:03	"GET /uv2582fip2582inf210/web_architecture_home.html HTTP/1.1"
2535	2025/02/26 22:23:10	"GET /uv2582fip2582inf210/practice_xml.html HTTP/1.1"
2535	2025/02/26 22:23:22	"GET /uv2582fip2582inf210/lecture_json.html HTTP/1.1"
2535	2025/02/26 22:24:33	"GET /uv2582fip2582inf210/practice_json.html HTTP/1.1"
257	2025/02/26 22:30:31	"GET /uv2582fip2582inf210/data_home.html HTTP/1.1"
257	2025/02/26 22:30:36	"GET /uv2582fip2582inf210/lecture_normalization.html HTTP/1.1"
2558	2025/02/26 23:19:48	"GET /uv2582fip2582inf210/practice_postgresql.html HTTP/1.1"
2558	2025/02/26 23:20:10	"GET /uv2582fip2582inf210/index.html HTTP/1.1"
2558	2025/02/26 23:20:12	"GET /uv2582fip2582inf210/web_architecture_home.html HTTP/1.1"
2558	2025/02/26 23:20:17	"GET /uv2582fip2582inf210/practice_spring_2tiers.html HTTP/1.1"
2510	2025/06/27 07:25:20	"GET /uv2582fip2582inf210/data_home.html HTTP/1.1"
2510	2025/06/27 07:25:32	"GET /uv2582fip2582inf210/lecture_modeling_normalization.html HTTP/1.1"
2569	2025/04/01 10:30:53	"GET /uv2582fip2582inf210/index.html HTTP/1.1"
2569	2025/04/01 10:31:28	"GET /uv2582fip2582inf210/project_presentation.html HTTP/1.1"
2569	2025/04/01 10:31:43	"GET /uv2582fip2582inf210/project_specifications.html HTTP/1.1"
2519	2025/04/01 10:56:13	"GET /uv2582fip2582inf210/project_presentation.html HTTP/1.1"
2519	2025/04/01 10:56:29	"GET /uv2582fip2582inf210/project_specifications.html HTTP/1.1"
2542	2025/04/01 11:18:14	"GET /uv2582fip2582inf210/project_presentation.html HTTP/1.1"
2542	2025/04/01 11:20:39	"GET /uv2582fip2582inf210/project_specifications.html HTTP/1.1"
252	2025/04/01 19:06:03	"GET /uv2582fip2582inf210/project_presentation.html HTTP/1.1"
252	2025/04/01 19:06:11	"GET /uv2582fip2582inf210/project_part3.html HTTP/1.1"
2523	2025/04/01 19:36:24	"GET /uv2582fip2582inf210/project_presentation.html HTTP/1.1"
2523	2025/04/01 19:36:24	"GET /uv2582fip2582inf210/project_presentation.html HTTP/1.1"
2523	2025/04/01 19:36:28	"GET /uv2582fip2582inf210/project_specifications.html HTTP/1.1"
2523	2025/04/01 19:36:28	"GET /uv2582fip2582inf210/project_specifications.html HTTP/1.1"
2551	2025/04/01 20:17:50	"GET /uv2582fip2582inf210/project_part2.html HTTP/1.1"
252	2025/04/01 22:38:27	"GET /uv2582fip2582inf210/project_part3.html HTTP/1.1"
252	2025/04/01 22:38:45	"GET /uv2582fip2582inf210/project_part2.html HTTP/1.1"
255	2025/02/24 14:01:45	"GET /uv2582fip2582inf210/index.html HTTP/1.1"
255	2025/02/24 14:01:48	"GET /uv2582fip2582inf210/project_home.html HTTP/1.1"
2529	2025/02/24 14:03:14	"GET /uv2582fip2582inf210/index.html HTTP/1.1"
2529	2025/02/24 14:03:18	"GET /uv2582fip2582inf210/project_home.html HTTP/1.1"
255	2025/02/24 14:04:09	"GET /uv2582fip2582inf210/web_architecture_home.html HTTP/1.1"
2539	2025/02/24 14:04:10	"GET /uv2582fip2582inf210/web_architecture_home.html HTTP/1.1"
2539	2025/02/24 14:04:13	"GET /uv2582fip2582inf210/practice_spring_2tiers_ext.html HTTP/1.1"
2529	2025/02/24 14:04:17	"GET /uv2582fip2582inf210/images/prerequisite_archiweb/prerequisite_archiweb_2025.html HTTP/1.1"
2550	2025/02/24 14:04:19	"GET /uv2582fip2582inf210/web_architecture_home.html HTTP/1.1"
2550	2025/02/24 14:04:22	"GET /uv2582fip2582inf210/practice_spring_2tiers_ext.html HTTP/1.1"
2516	2025/02/24 14:04:22	"GET /uv2582fip2582inf210/web_architecture_home.html HTTP/1.1"
2529	2025/02/24 14:04:25	"GET /uv2582fip2582inf210/lecture_technical_architecture.html HTTP/1.1"
2516	2025/02/24 14:04:31	"GET /uv2582fip2582inf210/practice_spring_2tiers_ext.html HTTP/1.1"
2517	2025/02/24 14:04:33	"GET /uv2582fip2582inf210/technical_environment_home.html HTTP/1.1"
2524	2025/02/24 14:04:35	"GET /uv2582fip2582inf210/index.html HTTP/1.1"
2517	2025/02/24 14:04:36	"GET /uv2582fip2582inf210/index.html HTTP/1.1"
2510	2025/02/24 14:04:36	"GET /uv2582fip2582inf210/project_home.html HTTP/1.1"
2524	2025/02/24 14:04:39	"GET /uv2582fip2582inf210/web_architecture_home.html HTTP/1.1"
2510	2025/02/24 14:04:39	"GET /uv2582fip2582inf210/technical_environment_home.html HTTP/1.1"
2517	2025/02/24 14:04:40	"GET /uv2582fip2582inf210/web_architecture_home.html HTTP/1.1"
2510	2025/02/24 14:04:41	"GET /uv2582fip2582inf210/web_architecture_home.html HTTP/1.1"
2510	2025/02/24 14:04:43	"GET /uv2582fip2582inf210/practice_spring_2tiers_ext.html HTTP/1.1"
2517	2025/02/24 14:04:49	"GET /uv2582fip2582inf210/practice_spring_2tiers_ext.html HTTP/1.1"
2513	2025/02/24 14:04:51	"GET /uv2582fip2582inf210/web_architecture_home.html HTTP/1.1"
2530	2025/02/24 14:05:01	"GET /uv2582fip2582inf210/web_architecture_home.html HTTP/1.1"
2530	2025/02/24 14:05:04	"GET /uv2582fip2582inf210/practice_spring_2tiers_ext.html HTTP/1.1"
2540	2025/02/24 14:05:17	"GET /uv2582fip2582inf210/web_architecture_home.html HTTP/1.1"
2524	2025/02/24 14:05:18	"GET /uv2582fip2582inf210/practice_spring_2tiers_ext.html HTTP/1.1"
2540	2025/02/24 14:05:37	"GET /uv2582fip2582inf210/practice_spring_2tiers_ext.html HTTP/1.1"
2518	2025/02/24 14:05:43	"GET /uv2582fip2582inf210/index.html HTTP/1.1"
2543	2025/02/24 14:05:44	"GET /uv2582fip2582inf210/index.html HTTP/1.1"
2544	2025/02/24 14:05:44	"GET /uv2582fip2582inf210/project_home.html HTTP/1.1"
257	2025/02/24 14:05:47	"GET /uv2582fip2582inf210/web_architecture_home.html HTTP/1.1"
258	2025/02/24 14:06:05	"GET /uv2582fip2582inf210/project_home.html HTTP/1.1"
2543	2025/02/24 14:06:06	"GET /uv2582fip2582inf210/project_home.html HTTP/1.1"
2549	2025/02/24 14:06:08	"GET /uv2582fip2582inf210/web_architecture_home.html HTTP/1.1"
2549	2025/02/24 14:06:10	"GET /uv2582fip2582inf210/images/prerequisite_archiweb/prerequisite_archiweb_2025.html HTTP/1.1"
258	2025/02/24 14:06:14	"GET /uv2582fip2582inf210/index.html HTTP/1.1"
2518	2025/02/24 14:06:16	"GET /uv2582fip2582inf210/data_home.html HTTP/1.1"
2518	2025/02/24 14:06:19	"GET /uv2582fip2582inf210/images/prerequisite_data/prerequisite_data_2025.html HTTP/1.1"
2518	2025/02/24 14:06:28	"GET /uv2582fip2582inf210/activity_sql.html HTTP/1.1"
2525	2025/02/24 14:06:28	"GET /uv2582fip2582inf210/web_architecture_home.html HTTP/1.1"
2525	2025/02/24 14:06:28	"GET /uv2582fip2582inf210/web_architecture_home.html HTTP/1.1"
2549	2025/02/24 14:06:30	"GET /uv2582fip2582inf210/practice_spring_2tiers_ext.html HTTP/1.1"
2525	2025/02/24 14:06:38	"GET /uv2582fip2582inf210/practice_jpa_advanced.html HTTP/1.1"
2525	2025/02/24 14:06:39	"GET /uv2582fip2582inf210/practice_jpa_advanced.html HTTP/1.1"
2515	2025/02/24 14:06:44	"GET /uv2582fip2582inf210/web_architecture_home.html HTTP/1.1"
2515	2025/02/24 14:06:54	"GET /uv2582fip2582inf210/practice_spring_2tiers_ext.html HTTP/1.1"
255	2025/02/24 14:07:00	"GET /uv2582fip2582inf210/practice_spring_2tiers_ext.html HTTP/1.1"
2520	2025/02/24 14:07:00	"GET /uv2582fip2582inf210/project_home.html HTTP/1.1"
2549	2025/02/24 14:07:03	"GET /uv2582fip2582inf210/data_home.html HTTP/1.1"
2549	2025/02/24 14:07:05	"GET /uv2582fip2582inf210/images/prerequisite_data/prerequisite_data_2025.html HTTP/1.1"
2520	2025/02/24 14:07:10	"GET /uv2582fip2582inf210/data_home.html HTTP/1.1"
256	2025/02/24 14:07:23	"GET /uv2582fip2582inf210/web_architecture_home.html HTTP/1.1"
2520	2025/02/24 14:07:25	"GET /uv2582fip2582inf210/web_architecture_home.html HTTP/1.1"
2553	2025/02/24 14:07:28	"GET /uv2582fip2582inf210/project_home.html HTTP/1.1"
2531	2025/02/24 14:07:29	"GET /uv2582fip2582inf210/web_architecture_home.html HTTP/1.1"
2520	2025/02/24 14:07:30	"GET /uv2582fip2582inf210/practice_spring_2tiers_ext.html HTTP/1.1"
257	2025/02/24 14:07:37	"GET /uv2582fip2582inf210/practice_spring_2tiers_ext.html HTTP/1.1"
256	2025/02/24 14:07:37	"GET /uv2582fip2582inf210/practice_spring_2tiers.html HTTP/1.1"
258	2025/02/24 14:07:39	"GET /uv2582fip2582inf210/web_architecture_home.html HTTP/1.1"
2553	2025/02/24 14:07:39	"GET /uv2582fip2582inf210/index.html HTTP/1.1"
258	2025/02/24 14:07:41	"GET /uv2582fip2582inf210/practice_spring_2tiers_ext.html HTTP/1.1"
2551	2025/02/24 14:07:42	"GET /uv2582fip2582inf210/documentation_docker.html HTTP/1.1"
2553	2025/02/24 14:07:42	"GET /uv2582fip2582inf210/data_home.html HTTP/1.1"
2531	2025/02/24 14:07:43	"GET /uv2582fip2582inf210/practice_spring_2tiers_ext.html HTTP/1.1"
256	2025/02/24 14:07:44	"GET /uv2582fip2582inf210/practice_spring_2tiers_ext.html HTTP/1.1"
2551	2025/02/24 14:07:44	"GET /uv2582fip2582inf210/index.html HTTP/1.1"
2545	2025/02/24 14:07:44	"GET /uv2582fip2582inf210/project_home.html HTTP/1.1"
2539	2025/02/24 14:07:47	"GET /uv2582fip2582inf210/lecture_mvc_spring.html HTTP/1.1"
2551	2025/02/24 14:07:50	"GET /uv2582fip2582inf210/web_architecture_home.html HTTP/1.1"
252	2025/02/24 14:07:51	"GET /uv2582fip2582inf210/web_architecture_home.html HTTP/1.1"
2549	2025/02/24 14:07:52	"GET /uv2582fip2582inf210/lecture_independence_views.html HTTP/1.1"
2539	2025/02/24 14:07:54	"GET /uv2582fip2582inf210/images/prerequisite_archiweb/prerequisite_archiweb_2025.html HTTP/1.1"
2553	2025/02/24 14:07:56	"GET /uv2582fip2582inf210/web_architecture_home.html HTTP/1.1"
252	2025/02/24 14:07:57	"GET /uv2582fip2582inf210/practice_spring_2tiers_ext.html HTTP/1.1"
2553	2025/02/24 14:08:03	"GET /uv2582fip2582inf210/lecture_json.html HTTP/1.1"
2551	2025/02/24 14:08:09	"GET /uv2582fip2582inf210/practice_spring_2tiers.html HTTP/1.1"
2534	2025/02/24 14:08:25	"GET /uv2582fip2582inf210/data_home.html HTTP/1.1"
2548	2025/02/24 14:08:26	"GET /uv2582fip2582inf210/project_home.html HTTP/1.1"
2534	2025/02/24 14:08:31	"GET /uv2582fip2582inf210/technical_environment_home.html HTTP/1.1"
2534	2025/02/24 14:08:38	"GET /uv2582fip2582inf210/images/prerequisite_techenv/prerequisite_techenv_2025.html HTTP/1.1"
2548	2025/02/24 14:08:38	"GET /uv2582fip2582inf210/web_architecture_home.html HTTP/1.1"
2534	2025/02/24 14:08:39	"GET /uv2582fip2582inf210/practice_docker_advanced.html HTTP/1.1"
2553	2025/02/24 14:08:45	"GET /uv2582fip2582inf210/practice_json.html HTTP/1.1"
2534	2025/02/24 14:08:45	"GET /uv2582fip2582inf210/index.html HTTP/1.1"
2554	2025/02/24 14:08:49	"GET /uv2582fip2582inf210/index.html HTTP/1.1"
2534	2025/02/24 14:08:49	"GET /uv2582fip2582inf210/web_architecture_home.html HTTP/1.1"
2546	2025/02/24 14:08:49	"GET /uv2582fip2582inf210/data_home.html HTTP/1.1"
2545	2025/02/24 14:08:51	"GET /uv2582fip2582inf210/data_home.html HTTP/1.1"
2551	2025/02/24 14:08:52	"GET /uv2582fip2582inf210/practice_spring_2tiers_ext.html HTTP/1.1"
2534	2025/02/24 14:08:52	"GET /uv2582fip2582inf210/images/prerequisite_archiweb/prerequisite_archiweb_2025.html HTTP/1.1"
2512	2025/02/24 14:08:52	"GET /uv2582fip2582inf210/web_architecture_home.html HTTP/1.1"
2554	2025/02/24 14:08:53	"GET /uv2582fip2582inf210/web_architecture_home.html HTTP/1.1"
2546	2025/02/24 14:08:53	"GET /uv2582fip2582inf210/web_architecture_home.html HTTP/1.1"
2534	2025/02/24 14:08:54	"GET /uv2582fip2582inf210/lecture_jaxb.html HTTP/1.1"
2512	2025/02/24 14:08:56	"GET /uv2582fip2582inf210/practice_spring_2tiers_ext.html HTTP/1.1"
2553	2025/02/24 14:09:07	"GET /uv2582fip2582inf210/lecture_xml.html HTTP/1.1"
2546	2025/02/24 14:09:07	"GET /uv2582fip2582inf210/lecture_jaxb.html HTTP/1.1"
2527	2025/02/24 14:09:07	"GET /uv2582fip2582inf210/web_architecture_home.html HTTP/1.1"
2548	2025/02/24 14:09:07	"GET /uv2582fip2582inf210/images/prerequisite_archiweb/prerequisite_archiweb_2025.html HTTP/1.1"
2542	2025/02/24 14:09:08	"GET /uv2582fip2582inf210/project_home.html HTTP/1.1"
2548	2025/02/24 14:09:10	"GET /uv2582fip2582inf210/lecture_json.html HTTP/1.1"
2545	2025/02/24 14:09:11	"GET /uv2582fip2582inf210/lecture_relational_model.html HTTP/1.1"
258	2025/02/24 14:09:13	"GET /uv2582fip2582inf210/lecture_software_architecture.html HTTP/1.1"
2525	2025/02/24 14:09:21	"GET /uv2582fip2582inf210/practice_spring_2tiers.html HTTP/1.1"
2525	2025/02/24 14:09:22	"GET /uv2582fip2582inf210/practice_spring_2tiers.html HTTP/1.1"
2528	2025/02/24 14:09:28	"GET /uv2582fip2582inf210/index.html HTTP/1.1"
2553	2025/02/24 14:09:37	"GET /uv2582fip2582inf210/lecture_validity.html HTTP/1.1"
2545	2025/02/24 14:09:54	"GET /uv2582fip2582inf210/technical_environment_home.html HTTP/1.1"
2553	2025/02/24 14:09:55	"GET /uv2582fip2582inf210/lecture_jaxb.html HTTP/1.1"
2514	2025/02/24 14:09:55	"GET /uv2582fip2582inf210/data_home.html HTTP/1.1"
2541	2025/02/24 14:09:57	"GET /uv2582fip2582inf210/web_architecture_home.html HTTP/1.1"
2553	2025/02/24 14:10:01	"GET /uv2582fip2582inf210/practice_xml.html HTTP/1.1"
2514	2025/02/24 14:10:06	"GET /uv2582fip2582inf210/technical_environment_home.html HTTP/1.1"
2541	2025/02/24 14:10:06	"GET /uv2582fip2582inf210/practice_spring_2tiers_ext.html HTTP/1.1"
2514	2025/02/24 14:10:11	"GET /uv2582fip2582inf210/web_architecture_home.html HTTP/1.1"
2514	2025/02/24 14:10:13	"GET /uv2582fip2582inf210/practice_spring_2tiers_ext.html HTTP/1.1"
2545	2025/02/24 14:10:18	"GET /uv2582fip2582inf210/data_home.html HTTP/1.1"
2519	2025/02/24 14:10:36	"GET /uv2582fip2582inf210/project_home.html HTTP/1.1"
2519	2025/02/24 14:10:43	"GET /uv2582fip2582inf210/index.html HTTP/1.1"
2519	2025/02/24 14:10:47	"GET /uv2582fip2582inf210/data_home.html HTTP/1.1"
2528	2025/02/24 14:10:48	"GET /uv2582fip2582inf210/data_home.html HTTP/1.1"
2528	2025/02/24 14:10:52	"GET /uv2582fip2582inf210/project_home.html HTTP/1.1"
2528	2025/02/24 14:11:02	"GET /uv2582fip2582inf210/web_architecture_home.html HTTP/1.1"
2521	2025/02/24 14:11:11	"GET /uv2582fip2582inf210/technical_environment_home.html HTTP/1.1"
2521	2025/02/24 14:11:32	"GET /uv2582fip2582inf210/web_architecture_home.html HTTP/1.1"
2521	2025/02/24 14:11:34	"GET /uv2582fip2582inf210/images/prerequisite_archiweb/prerequisite_archiweb_2025.html HTTP/1.1"
2521	2025/02/24 14:11:48	"GET /uv2582fip2582inf210/lecture_jpa.html HTTP/1.1"
2539	2025/02/24 14:11:50	"GET /uv2582fip2582inf210/lecture_dto.html HTTP/1.1"
2528	2025/02/24 14:12:45	"GET /uv2582fip2582inf210/lecture_xpath.html HTTP/1.1"
2528	2025/02/24 14:13:07	"GET /uv2582fip2582inf210/practice_spring_2tiers_ext.html HTTP/1.1"
2516	2025/02/24 14:13:19	"GET /uv2582fip2582inf210/practice_spring_2tiers.html HTTP/1.1"
2516	2025/02/24 14:13:31	"GET /uv2582fip2582inf210/practice_jpa_advanced.html HTTP/1.1"
2514	2025/02/24 14:13:32	"GET /uv2582fip2582inf210/practice_spring_2tiers.html HTTP/1.1"
2516	2025/02/24 14:13:32	"GET /uv2582fip2582inf210/practice_jpa.html HTTP/1.1"
2527	2025/02/24 14:13:41	"GET /uv2582fip2582inf210/images/prerequisite_archiweb/prerequisite_archiweb_2025.html HTTP/1.1"
2527	2025/02/24 14:13:43	"GET /uv2582fip2582inf210/lecture_json.html HTTP/1.1"
2548	2025/02/24 14:14:07	"GET /uv2582fip2582inf210/lecture_xml.html HTTP/1.1"
2525	2025/02/24 14:14:14	"GET /uv2582fip2582inf210/practice_spring_2tiers_ext.html HTTP/1.1"
2525	2025/02/24 14:14:14	"GET /uv2582fip2582inf210/practice_spring_2tiers_ext.html HTTP/1.1"
2527	2025/02/24 14:14:18	"GET /uv2582fip2582inf210/practice_json.html HTTP/1.1"
2529	2025/02/24 14:14:28	"GET /uv2582fip2582inf210/practice_spring_2tiers_ext.html HTTP/1.1"
2547	2025/02/24 14:14:37	"GET /uv2582fip2582inf210/data_home.html HTTP/1.1"
253	2025/02/24 14:14:44	"GET /uv2582fip2582inf210/data_home.html HTTP/1.1"
2513	2025/02/24 14:14:48	"GET /uv2582fip2582inf210/web_architecture_home.html HTTP/1.1"
253	2025/02/24 14:14:52	"GET /uv2582fip2582inf210/practice_sql.html HTTP/1.1"
2524	2025/02/24 14:14:52	"GET /uv2582fip2582inf210/lecture_dto.html HTTP/1.1"
2547	2025/02/24 14:14:56	"GET /uv2582fip2582inf210/project_home.html HTTP/1.1"
2541	2025/02/24 14:15:06	"GET /uv2582fip2582inf210/lecture_dto.html HTTP/1.1"
2547	2025/02/24 14:15:06	"GET /uv2582fip2582inf210/practice_transaction.html HTTP/1.1"
2540	2025/02/24 14:15:16	"GET /uv2582fip2582inf210/lecture_software_architecture.html HTTP/1.1"
2549	2025/02/24 14:15:29	"GET /uv2582fip2582inf210/activity_conceptual_modeling_advanced.html HTTP/1.1"
2525	2025/02/24 14:15:32	"GET /uv2582fip2582inf210/lecture_software_architecture.html HTTP/1.1"
2525	2025/02/24 14:15:33	"GET /uv2582fip2582inf210/lecture_software_architecture.html HTTP/1.1"
2549	2025/02/24 14:15:59	"GET /uv2582fip2582inf210/practice_independence_views.html HTTP/1.1"
2529	2025/02/24 14:16:27	"GET /uv2582fip2582inf210/lecture_software_architecture.html HTTP/1.1"
2528	2025/02/24 14:17:26	"GET /uv2582fip2582inf210/practice_postgresql.html HTTP/1.1"
2547	2025/02/24 14:17:32	"GET /uv2582fip2582inf210/practice_transaction.html HTTP/1.1"
2547	2025/02/24 14:17:36	"GET /uv2582fip2582inf210/practice_transaction.html HTTP/1.1"
2530	2025/02/24 14:19:22	"GET /uv2582fip2582inf210/lecture_dto.html HTTP/1.1"
2511	2025/02/24 14:19:53	"GET /uv2582fip2582inf210/web_architecture_home.html HTTP/1.1"
2511	2025/02/24 14:20:02	"GET /uv2582fip2582inf210/practice_spring_2tiers_ext.html HTTP/1.1"
2511	2025/02/24 14:20:06	"GET /uv2582fip2582inf210/index.html HTTP/1.1"
2529	2025/02/24 14:20:35	"GET /uv2582fip2582inf210/lecture_dto.html HTTP/1.1"
2545	2025/02/24 14:23:59	"GET /uv2582fip2582inf210/technical_environment_home.html HTTP/1.1"
2516	2025/02/24 14:24:02	"GET /uv2582fip2582inf210/lecture_dto.html HTTP/1.1"
2545	2025/02/24 14:24:03	"GET /uv2582fip2582inf210/practice_docker.html HTTP/1.1"
2511	2025/02/24 14:24:32	"GET /uv2582fip2582inf210/lecture_dto.html HTTP/1.1"
2524	2025/02/24 14:25:44	"GET /uv2582fip2582inf210/practice_spring_2tiers_ext.html HTTP/1.1"
255	2025/02/24 14:27:20	"GET /uv2582fip2582inf210/lecture_dto.html HTTP/1.1"
258	2025/02/24 14:30:19	"GET /uv2582fip2582inf210/lecture_dto.html HTTP/1.1"
2513	2025/02/24 14:31:18	"GET /uv2582fip2582inf210/images/prerequisite_archiweb/prerequisite_archiweb_2025.html HTTP/1.1"
2513	2025/02/24 14:31:20	"GET /uv2582fip2582inf210/lecture_json.html HTTP/1.1"
255	2025/02/24 14:31:40	"GET /uv2582fip2582inf210/lecture_jpa.html HTTP/1.1"
2522	2025/02/24 14:33:13	"GET /uv2582fip2582inf210/project_home.html HTTP/1.1"
2551	2025/02/24 14:35:04	"GET /uv2582fip2582inf210/lecture_dto.html HTTP/1.1"
2522	2025/02/24 14:35:42	"GET /uv2582fip2582inf210/index.html HTTP/1.1"
2522	2025/02/24 14:36:00	"GET /uv2582fip2582inf210/web_architecture_home.html HTTP/1.1"
2522	2025/02/24 14:37:54	"GET /uv2582fip2582inf210/data_home.html HTTP/1.1"
2517	2025/02/24 14:41:29	"GET /uv2582fip2582inf210/lecture_dto.html HTTP/1.1"
2531	2025/02/24 14:43:13	"GET /uv2582fip2582inf210/lecture_dto.html HTTP/1.1"
2533	2025/02/24 14:44:12	"GET /uv2582fip2582inf210/index.html HTTP/1.1"
2533	2025/02/24 14:44:14	"GET /uv2582fip2582inf210/data_home.html HTTP/1.1"
2533	2025/02/24 14:44:16	"GET /uv2582fip2582inf210/index.html HTTP/1.1"
2533	2025/02/24 14:44:18	"GET /uv2582fip2582inf210/web_architecture_home.html HTTP/1.1"
2533	2025/02/24 14:44:28	"GET /uv2582fip2582inf210/lecture_mvc_spring.html HTTP/1.1"
2533	2025/02/24 14:51:22	"GET /uv2582fip2582inf210/practice_xml.html HTTP/1.1"
2522	2025/02/24 14:51:32	"GET /uv2582fip2582inf210/project_home.html?C=M;O=D HTTP/1.1"
2533	2025/02/24 14:51:34	"GET /uv2582fip2582inf210/practice_spring.html HTTP/1.1"
2521	2025/02/24 14:54:07	"GET /uv2582fip2582inf210/practice_jpa.html HTTP/1.1"
256	2025/02/24 14:54:26	"GET /uv2582fip2582inf210/lecture_dto.html HTTP/1.1"
2519	2025/02/24 14:57:27	"GET /uv2582fip2582inf210/practice_sql.html HTTP/1.1"
2544	2025/02/24 14:57:43	"GET /uv2582fip2582inf210/data_home.html HTTP/1.1"
2523	2025/02/24 14:57:51	"GET /uv2582fip2582inf210/web_architecture_home.html HTTP/1.1"
2523	2025/02/24 14:57:51	"GET /uv2582fip2582inf210/web_architecture_home.html HTTP/1.1"
2523	2025/02/24 14:57:55	"GET /uv2582fip2582inf210/lecture_xml.html HTTP/1.1"
2523	2025/02/24 14:57:55	"GET /uv2582fip2582inf210/lecture_xml.html HTTP/1.1"
2523	2025/02/24 14:57:59	"GET /uv2582fip2582inf210/practice_xml.html HTTP/1.1"
2523	2025/02/24 14:57:59	"GET /uv2582fip2582inf210/practice_xml.html HTTP/1.1"
2522	2025/02/24 14:58:00	"GET /uv2582fip2582inf210/practice_spring_2tiers_ext.html HTTP/1.1"
2548	2025/02/24 14:58:10	"GET /uv2582fip2582inf210/lecture_jaxb.html HTTP/1.1"
2548	2025/02/24 14:58:23	"GET /uv2582fip2582inf210/practice_xml.html HTTP/1.1"
2546	2025/02/24 14:58:32	"GET /uv2582fip2582inf210/practice_xml.html HTTP/1.1"
2534	2025/02/24 14:58:34	"GET /uv2582fip2582inf210/practice_spring.html HTTP/1.1"
2519	2025/02/24 14:59:12	"GET /uv2582fip2582inf210/practice_advanced_sql.html HTTP/1.1"
2552	2025/02/24 14:59:22	"GET /uv2582fip2582inf210/web_architecture_home.html HTTP/1.1"
252	2025/02/24 14:59:39	"GET /uv2582fip2582inf210/practice_spring_2tiers.html HTTP/1.1"
2519	2025/02/24 14:59:54	"GET /uv2582fip2582inf210/lecture_relational_algebra.html HTTP/1.1"
2552	2025/02/24 15:00:15	"GET /uv2582fip2582inf210/lecture_mvc_spring.html HTTP/1.1"
2552	2025/02/24 15:00:23	"GET /uv2582fip2582inf210/practice_jpa.html HTTP/1.1"
253	2025/02/24 15:00:29	"GET /uv2582fip2582inf210/lecture_transaction.html HTTP/1.1"
2534	2025/02/24 15:00:35	"GET /uv2582fip2582inf210/spring_bean.html HTTP/1.1"
2534	2025/02/24 15:00:36	"GET /uv2582fip2582inf210/inversion_of_control.html HTTP/1.1"
2522	2025/02/24 15:00:37	"GET /uv2582fip2582inf210/lecture_xpath.html HTTP/1.1"
2522	2025/02/24 15:00:39	"GET /uv2582fip2582inf210/lecture_xml.html HTTP/1.1"
2534	2025/02/24 15:00:45	"GET /uv2582fip2582inf210/lecture_isolation.html HTTP/1.1"
2534	2025/02/24 15:00:48	"GET /uv2582fip2582inf210/practice_isolation.html HTTP/1.1"
2534	2025/02/24 15:00:50	"GET /uv2582fip2582inf210/lecture_indexation.html HTTP/1.1"
2534	2025/02/24 15:00:51	"GET /uv2582fip2582inf210/practice_indexation.html HTTP/1.1"
253	2025/02/24 15:00:54	"GET /uv2582fip2582inf210/web_architecture_home.html HTTP/1.1"
253	2025/02/24 15:00:56	"GET /uv2582fip2582inf210/images/prerequisite_archiweb/prerequisite_archiweb_2025.html HTTP/1.1"
253	2025/02/24 15:00:57	"GET /uv2582fip2582inf210/lecture_json.html HTTP/1.1"
2534	2025/02/24 15:01:06	"GET /uv2582fip2582inf210/practice_schema_xml.html HTTP/1.1"
2534	2025/02/24 15:01:15	"GET /uv2582fip2582inf210/lecture_xml.html HTTP/1.1"
2552	2025/02/24 15:03:06	"GET /uv2582fip2582inf210/practice_spring_2tiers.html HTTP/1.1"
2552	2025/02/24 15:03:19	"GET /uv2582fip2582inf210/lecture_technical_architecture.html HTTP/1.1"
2552	2025/02/24 15:03:47	"GET /uv2582fip2582inf210/project_home.html HTTP/1.1"
2552	2025/02/24 15:03:51	"GET /uv2582fip2582inf210/data_home.html HTTP/1.1"
2552	2025/02/24 15:03:57	"GET /uv2582fip2582inf210/images/prerequisite_data/prerequisite_data_2025.html HTTP/1.1"
2552	2025/02/24 15:04:49	"GET /uv2582fip2582inf210/images/prerequisite_archiweb/prerequisite_archiweb_2025.html HTTP/1.1"
2552	2025/02/24 15:04:56	"GET /uv2582fip2582inf210/practice_json.html HTTP/1.1"
2513	2025/02/24 15:08:15	"GET /uv2582fip2582inf210/lecture_validity.html HTTP/1.1"
252	2025/02/24 15:08:22	"GET /uv2582fip2582inf210/lecture_dto.html HTTP/1.1"
2527	2025/02/24 15:13:43	"GET /uv2582fip2582inf210/practice_xml.html HTTP/1.1"
2552	2025/02/24 15:13:50	"GET /uv2582fip2582inf210/lecture_jaxb.html HTTP/1.1"
2547	2025/02/24 15:13:53	"GET /uv2582fip2582inf210/lecture_transaction.html HTTP/1.1"
2549	2025/02/24 15:15:54	"GET /uv2582fip2582inf210/practice_independence_views_correction.html HTTP/1.1"
2554	2025/02/24 15:45:55	"GET /uv2582fip2582inf210/PresentationUVINF210/pres.html HTTP/1.1"
2554	2025/02/24 15:46:18	"GET /uv2582fip2582inf210/project_home.html HTTP/1.1"
2554	2025/02/24 15:46:24	"GET /uv2582fip2582inf210/data_home.html HTTP/1.1"
2552	2025/02/24 16:15:51	"GET /uv2582fip2582inf210/practice_schema_xml.html HTTP/1.1"
255	2025/02/24 16:16:18	"GET /uv2582fip2582inf210/index.html HTTP/1.1"
255	2025/02/24 16:16:27	"GET /uv2582fip2582inf210/web_architecture_home.html HTTP/1.1"
2539	2025/02/24 16:23:50	"GET /uv2582fip2582inf210/practice_spring_2tiers.html HTTP/1.1"
255	2025/02/24 16:25:56	"GET /uv2582fip2582inf210/practice_spring_2tiers_ext.html HTTP/1.1"
2533	2025/02/24 16:37:50	"GET /uv2582fip2582inf210/lecture_json.html HTTP/1.1"
2558	2025/02/24 17:03:13	"GET /uv2582fip2582inf210/practice_postgresql.html HTTP/1.1"
2550	2025/02/24 18:59:57	"GET /uv2582fip2582inf210/lecture_dto.html HTTP/1.1"
2550	2025/02/24 19:00:06	"GET /uv2582fip2582inf210/lecture_software_architecture.html HTTP/1.1"
2511	2025/03/27 11:14:14	"GET /uv2582fip2582inf210/index.html HTTP/1.1"
2511	2025/03/27 11:14:18	"GET /uv2582fip2582inf210/technical_environment_home.html HTTP/1.1"
2511	2025/03/27 11:14:41	"GET /uv2582fip2582inf210/project_presentation.html HTTP/1.1"
2511	2025/03/27 11:14:45	"GET /uv2582fip2582inf210/project_evaluation.html HTTP/1.1"
2511	2025/03/27 11:25:16	"GET /uv2582fip2582inf210/project_task_time.html HTTP/1.1"
2511	2025/03/27 11:25:45	"GET /uv2582fip2582inf210/project_part1.html HTTP/1.1"
2527	2025/03/27 12:28:08	"GET /uv2582fip2582inf210/project_presentation.html HTTP/1.1"
2527	2025/03/27 12:28:38	"GET /uv2582fip2582inf210/project_specifications.html HTTP/1.1"
2530	2025/03/27 12:49:50	"GET /uv2582fip2582inf210/project_presentation.html HTTP/1.1"
2530	2025/03/27 12:49:52	"GET /uv2582fip2582inf210/project_specifications.html HTTP/1.1"
2516	2025/03/27 12:58:08	"GET /uv2582fip2582inf210/project_specifications.html HTTP/1.1"
2516	2025/03/27 12:58:12	"GET /uv2582fip2582inf210/index.html HTTP/1.1"
2516	2025/03/27 12:58:17	"GET /uv2582fip2582inf210/technical_environment_home.html HTTP/1.1"
2516	2025/03/27 12:58:20	"GET /uv2582fip2582inf210/documentation_docker.html HTTP/1.1"
2516	2025/03/27 12:58:31	"GET /uv2582fip2582inf210/practice_docker.html HTTP/1.1"
2527	2025/03/27 13:07:08	"GET /uv2582fip2582inf210/project_evaluation.html HTTP/1.1"
2520	2025/03/27 15:22:22	"GET /uv2582fip2582inf210/web_architecture_home.html HTTP/1.1"
2520	2025/03/27 15:22:28	"GET /uv2582fip2582inf210/index.html HTTP/1.1"
2520	2025/03/27 15:22:47	"GET /uv2582fip2582inf210/data_home.html HTTP/1.1"
2520	2025/03/27 15:22:54	"GET /uv2582fip2582inf210/project_presentation.html HTTP/1.1"
2520	2025/03/27 15:23:02	"GET /uv2582fip2582inf210/project_specifications.html HTTP/1.1"
2522	2025/03/27 15:45:09	"GET /uv2582fip2582inf210/project_presentation.html HTTP/1.1"
2522	2025/03/27 15:45:11	"GET /uv2582fip2582inf210/project_evaluation.html HTTP/1.1"
2522	2025/03/27 15:51:45	"GET /uv2582fip2582inf210/project_structureui.html HTTP/1.1"
2569	2025/03/27 18:31:43	"GET /uv2582fip2582inf210/index.html HTTP/1.1"
2569	2025/03/27 18:33:08	"GET /uv2582fip2582inf210/project_presentation.html HTTP/1.1"
2569	2025/03/27 18:33:11	"GET /uv2582fip2582inf210/project_part3.html HTTP/1.1"
2569	2025/03/27 18:33:17	"GET /uv2582fip2582inf210/project_specifications.html HTTP/1.1"
2548	2025/03/27 23:36:26	"GET /uv2582fip2582inf210/project_presentation.html HTTP/1.1"
2548	2025/03/27 23:36:32	"GET /uv2582fip2582inf210/project_specifications.html HTTP/1.1"
2548	2025/03/28 00:11:45	"GET /uv2582fip2582inf210/technical_environment_home.html HTTP/1.1"
2548	2025/03/28 00:12:32	"GET /uv2582fip2582inf210/documentation_docker.html HTTP/1.1"
2548	2025/03/28 00:12:49	"GET /uv2582fip2582inf210/practice_docker.html HTTP/1.1"
2548	2025/03/28 00:38:35	"GET /uv2582fip2582inf210/documentation_docker.html HTTP/1.1"
2548	2025/03/28 01:35:46	"GET /uv2582fip2582inf210/technical_environment_home.html HTTP/1.1"
2562	2025/03/28 10:53:00	"GET /uv2582fip2582inf210/index.html HTTP/1.1"
2562	2025/03/28 10:53:03	"GET /uv2582fip2582inf210/project_presentation.html HTTP/1.1"
2562	2025/03/28 10:53:06	"GET /uv2582fip2582inf210/project_part3.html HTTP/1.1"
2562	2025/03/28 10:53:19	"GET /uv2582fip2582inf210/project_specifications.html HTTP/1.1"
2549	2025/03/28 11:28:07	"GET /uv2582fip2582inf210/project_specifications.html HTTP/1.1"
2562	2025/03/28 13:36:07	"GET /uv2582fip2582inf210/technical_environment_home.html HTTP/1.1"
2562	2025/03/28 13:36:15	"GET /uv2582fip2582inf210/data_home.html HTTP/1.1"
2562	2025/03/28 13:36:19	"GET /uv2582fip2582inf210/project_part1.html HTTP/1.1"
2535	2025/03/28 15:42:07	"GET /uv2582fip2582inf210/project_part3.html HTTP/1.1"
2535	2025/03/28 15:42:14	"GET /uv2582fip2582inf210/project_evaluation.html HTTP/1.1"
2569	2025/03/28 16:00:07	"GET /uv2582fip2582inf210/index.html HTTP/1.1"
2569	2025/03/28 16:00:10	"GET /uv2582fip2582inf210/technical_environment_home.html HTTP/1.1"
2569	2025/03/28 16:00:16	"GET /uv2582fip2582inf210/PresentationUVINF210/pres.html HTTP/1.1"
2569	2025/03/28 16:04:45	"GET /uv2582fip2582inf210/web_architecture_home.html HTTP/1.1"
2569	2025/03/28 16:04:52	"GET /uv2582fip2582inf210/project_presentation.html HTTP/1.1"
2569	2025/03/28 16:04:54	"GET /uv2582fip2582inf210/project_specifications.html HTTP/1.1"
2558	2025/03/28 16:15:19	"GET /uv2582fip2582inf210/project_presentation.html HTTP/1.1"
2558	2025/03/28 16:15:23	"GET /uv2582fip2582inf210/project_part2.html HTTP/1.1"
2561	2025/03/28 16:16:15	"GET /uv2582fip2582inf210/project_presentation.html HTTP/1.1"
2558	2025/03/28 16:26:12	"GET /uv2582fip2582inf210/project_specifications.html HTTP/1.1"
2568	2025/03/28 16:48:37	"GET /uv2582fip2582inf210/technical_environment_home.html HTTP/1.1"
2568	2025/03/28 16:48:39	"GET /uv2582fip2582inf210/index.html HTTP/1.1"
2568	2025/03/28 16:48:42	"GET /uv2582fip2582inf210/project_presentation.html HTTP/1.1"
2568	2025/03/28 16:48:50	"GET /uv2582fip2582inf210/project_specifications.html HTTP/1.1"
2536	2025/03/28 18:24:29	"GET /uv2582fip2582inf210/project_presentation.html HTTP/1.1"
2536	2025/03/28 18:24:31	"GET /uv2582fip2582inf210/project_part3.html HTTP/1.1"
2536	2025/03/28 18:24:37	"GET /uv2582fip2582inf210/project_evaluation.html HTTP/1.1"
2536	2025/03/28 18:26:14	"GET /uv2582fip2582inf210/project_specifications.html HTTP/1.1"
2536	2025/03/28 18:26:27	"GET /uv2582fip2582inf210/project_structureui.html HTTP/1.1"
2536	2025/03/28 18:34:48	"GET /uv2582fip2582inf210/project_part2.html HTTP/1.1"
2563	2025/03/28 19:48:31	"GET /uv2582fip2582inf210/project_presentation.html HTTP/1.1"
2563	2025/03/28 19:49:06	"GET /uv2582fip2582inf210/project_structureui.html HTTP/1.1"
2563	2025/03/28 19:49:15	"GET /uv2582fip2582inf210/project_part3.html HTTP/1.1"
2569	2025/03/28 19:49:26	"GET /uv2582fip2582inf210/project_task_time.html HTTP/1.1"
2563	2025/03/28 19:49:31	"GET /uv2582fip2582inf210/project_task_time.html HTTP/1.1"
2563	2025/03/28 19:53:13	"GET /uv2582fip2582inf210/project_evaluation.html HTTP/1.1"
2563	2025/03/28 19:53:19	"GET /uv2582fip2582inf210/project_specifications.html HTTP/1.1"
2563	2025/03/28 19:54:20	"GET /uv2582fip2582inf210/index.html HTTP/1.1"
2524	2025/03/28 20:41:27	"GET /uv2582fip2582inf210/index.html HTTP/1.1"
2524	2025/03/28 20:41:31	"GET /uv2582fip2582inf210/project_presentation.html HTTP/1.1"
2524	2025/03/28 20:41:37	"GET /uv2582fip2582inf210/project_structureui.html HTTP/1.1"
2524	2025/03/28 20:41:37	"GET /uv2582fip2582inf210/project_part3.html HTTP/1.1"
2524	2025/03/28 20:46:05	"GET /uv2582fip2582inf210/project_task_time.html HTTP/1.1"
2524	2025/03/28 20:50:06	"GET /uv2582fip2582inf210/project_specifications.html HTTP/1.1"
2563	2025/03/28 21:10:44	"GET /uv2582fip2582inf210/project_task_time.html HTTP/1.1"
2565	2025/03/28 21:11:34	"GET /uv2582fip2582inf210/project_presentation.html HTTP/1.1"
2565	2025/03/28 21:11:37	"GET /uv2582fip2582inf210/project_task_time.html HTTP/1.1"
2535	2025/03/28 21:34:42	"GET /uv2582fip2582inf210/project_presentation.html HTTP/1.1"
2535	2025/03/28 21:34:56	"GET /uv2582fip2582inf210/project_specifications.html HTTP/1.1"
2558	2025/03/28 22:29:17	"GET /uv2582fip2582inf210/technical_environment_home.html HTTP/1.1"
2558	2025/03/28 22:29:21	"GET /uv2582fip2582inf210/practice_spring.html HTTP/1.1"
2558	2025/03/28 22:29:28	"GET /uv2582fip2582inf210/index.html HTTP/1.1"
2558	2025/03/28 22:36:49	"GET /uv2582fip2582inf210/project_task_time.html HTTP/1.1"
2570	2025/03/28 22:38:32	"GET /uv2582fip2582inf210/project_presentation.html HTTP/1.1"
2570	2025/03/28 22:38:33	"GET /uv2582fip2582inf210/project_evaluation.html HTTP/1.1"
2570	2025/03/28 22:39:18	"GET /uv2582fip2582inf210/project_task_time.html HTTP/1.1"
2569	2025/03/28 22:39:44	"GET /uv2582fip2582inf210/project_structureui.html HTTP/1.1"
2569	2025/03/28 23:10:42	"GET /uv2582fip2582inf210/project_task_time.html HTTP/1.1"
2543	2025/03/20 01:00:44	"GET /uv2582fip2582inf210/index.html HTTP/1.1"
2564	2025/03/20 02:22:38	"GET /uv2582fip2582inf210/data_home.html HTTP/1.1"
2564	2025/03/20 02:22:41	"GET /uv2582fip2582inf210/project_presentation.html HTTP/1.1"
2564	2025/03/20 02:22:42	"GET /uv2582fip2582inf210/project_part2.html HTTP/1.1"
2544	2025/03/20 09:38:02	"GET /uv2582fip2582inf210/project_presentation.html HTTP/1.1"
2544	2025/03/20 09:38:10	"GET /uv2582fip2582inf210/project_specifications.html HTTP/1.1"
2545	2025/03/20 11:33:21	"GET /uv2582fip2582inf210/project_part2.html HTTP/1.1"
2545	2025/03/20 11:33:27	"GET /uv2582fip2582inf210/project_structureui.html HTTP/1.1"
2514	2025/03/20 12:57:38	"GET /uv2582fip2582inf210/data_home.html HTTP/1.1"
2518	2025/03/20 13:01:59	"GET /uv2582fip2582inf210/project_specifications.html HTTP/1.1"
2530	2025/03/20 14:01:33	"GET /uv2582fip2582inf210/index.html HTTP/1.1"
2530	2025/03/20 14:01:36	"GET /uv2582fip2582inf210/project_presentation.html HTTP/1.1"
2530	2025/03/20 14:01:39	"GET /uv2582fip2582inf210/project_specifications.html HTTP/1.1"
2545	2025/03/20 17:11:10	"GET /uv2582fip2582inf210/project_presentation.html HTTP/1.1"
2519	2025/03/20 17:18:59	"GET /uv2582fip2582inf210/project_presentation.html HTTP/1.1"
2524	2025/03/20 17:54:24	"GET /uv2582fip2582inf210/index.html HTTP/1.1"
2524	2025/03/20 17:54:34	"GET /uv2582fip2582inf210/project_task_time.html HTTP/1.1"
2524	2025/03/20 17:54:44	"GET /uv2582fip2582inf210/project_specifications.html HTTP/1.1"
2521	2025/03/20 18:08:48	"GET /uv2582fip2582inf210/project_presentation.html HTTP/1.1"
2549	2025/03/20 18:11:03	"GET /uv2582fip2582inf210/project_specifications.html HTTP/1.1"
2533	2025/03/20 18:37:21	"GET /uv2582fip2582inf210/project_presentation.html HTTP/1.1"
2550	2025/03/20 18:50:27	"GET /uv2582fip2582inf210/project_specifications.html HTTP/1.1"
2550	2025/03/20 18:50:34	"GET /uv2582fip2582inf210/project_part2.html HTTP/1.1"
2549	2025/03/20 19:06:32	"GET /uv2582fip2582inf210/project_part3.html HTTP/1.1"
2549	2025/03/20 19:06:38	"GET /uv2582fip2582inf210/project_structureui.html HTTP/1.1"
2549	2025/03/20 19:07:03	"GET /uv2582fip2582inf210/project_task_time.html HTTP/1.1"
2549	2025/03/20 19:07:39	"GET /uv2582fip2582inf210/project_evaluation.html HTTP/1.1"
2546	2025/03/20 21:15:32	"GET /uv2582fip2582inf210/project_presentation.html HTTP/1.1"
2546	2025/03/20 21:15:45	"GET /uv2582fip2582inf210/project_specifications.html HTTP/1.1"
2551	2025/03/20 23:31:24	"GET /uv2582fip2582inf210/project_part2.html HTTP/1.1"
2525	2025/03/20 23:36:54	"GET /uv2582fip2582inf210/project_presentation.html HTTP/1.1"
2525	2025/03/20 23:36:54	"GET /uv2582fip2582inf210/project_presentation.html HTTP/1.1"
2525	2025/03/20 23:37:02	"GET /uv2582fip2582inf210/project_specifications.html HTTP/1.1"
2525	2025/03/20 23:37:02	"GET /uv2582fip2582inf210/project_specifications.html HTTP/1.1"
2551	2025/03/21 00:32:26	"GET /uv2582fip2582inf210/documentation_docker.html HTTP/1.1"
2551	2025/03/21 00:32:30	"GET /uv2582fip2582inf210/index.html HTTP/1.1"
2551	2025/03/21 00:32:31	"GET /uv2582fip2582inf210/project_presentation.html HTTP/1.1"
2548	2025/03/21 00:32:57	"GET /uv2582fip2582inf210/project_part2.html HTTP/1.1"
2535	2025/02/23 15:21:56	"GET /uv2582fip2582inf210/lecture_normalization.html HTTP/1.1"
2535	2025/02/23 15:22:08	"GET /uv2582fip2582inf210/lecture_relational_model.html HTTP/1.1"
2535	2025/02/23 15:22:21	"GET /uv2582fip2582inf210/lecture_modeling_normalization.html HTTP/1.1"
2535	2025/02/23 15:22:31	"GET /uv2582fip2582inf210/lecture_conceptual_modeling.html HTTP/1.1"
2535	2025/02/23 15:40:34	"GET /uv2582fip2582inf210/activity_sql.html HTTP/1.1"
2535	2025/02/23 15:40:54	"GET /uv2582fip2582inf210/lecture_conceptual_modeling.html HTTP/1.1"
2525	2025/02/23 16:00:41	"GET /uv2582fip2582inf210/project_home.html HTTP/1.1"
2525	2025/02/23 16:00:41	"GET /uv2582fip2582inf210/project_home.html HTTP/1.1"
2557	2025/02/23 16:19:46	"GET /uv2582fip2582inf210/web_architecture_home.html HTTP/1.1"
2557	2025/02/23 16:19:52	"GET /uv2582fip2582inf210/images/prerequisite_archiweb/prerequisite_archiweb_2025.html HTTP/1.1"
2557	2025/02/23 16:20:00	"GET /uv2582fip2582inf210/lecture_xml.html HTTP/1.1"
2557	2025/02/23 19:03:27	"GET /uv2582fip2582inf210/lecture_validity.html HTTP/1.1"
2557	2025/02/23 20:02:05	"GET /uv2582fip2582inf210/images/prerequisite_archiweb/prerequisite_archiweb_2025.html HTTP/1.1"
2557	2025/02/23 20:02:12	"GET /uv2582fip2582inf210/practice_xml.html HTTP/1.1"
2557	2025/02/23 22:56:24	"GET /uv2582fip2582inf210/lecture_xml.html HTTP/1.1"
2557	2025/02/23 23:11:19	"GET /uv2582fip2582inf210/web_architecture_home.html HTTP/1.1"
252	2025/08/27 09:11:38	"GET /uv2582fip2582inf210/technical_environment_home.html HTTP/1.1"
252	2025/08/27 09:11:50	"GET /uv2582fip2582inf210/index.html HTTP/1.1"
252	2025/08/27 09:11:54	"GET /uv2582fip2582inf210/web_architecture_home.html HTTP/1.1"
252	2025/08/27 09:11:58	"GET /uv2582fip2582inf210/lecture_technical_architecture.html HTTP/1.1"
252	2025/08/27 09:12:03	"GET /uv2582fip2582inf210/lecture_software_architecture.html HTTP/1.1"
2549	2025/02/22 15:30:19	"GET /uv2582fip2582inf210/project_home.html HTTP/1.1"
2529	2025/02/22 15:59:54	"GET /uv2582fip2582inf210/index.html HTTP/1.1"
2529	2025/02/22 16:00:02	"GET /uv2582fip2582inf210/data_home.html HTTP/1.1"
2529	2025/02/22 16:00:12	"GET /uv2582fip2582inf210/lecture_indexation.html HTTP/1.1"
2557	2025/02/22 18:41:33	"GET /uv2582fip2582inf210/web_architecture_home.html HTTP/1.1"
2557	2025/02/22 18:55:05	"GET /uv2582fip2582inf210/images/prerequisite_archiweb/prerequisite_archiweb_2025.html HTTP/1.1"
2557	2025/02/22 18:55:14	"GET /uv2582fip2582inf210/practice_jpa.html HTTP/1.1"
2557	2025/02/22 18:55:47	"GET /uv2582fip2582inf210/practice_jpa_advanced.html HTTP/1.1"
2562	2025/03/21 08:18:38	"GET /uv2582fip2582inf210/project_specifications.html HTTP/1.1"
2531	2025/03/21 09:17:37	"GET /uv2582fip2582inf210/project_presentation.html HTTP/1.1"
2531	2025/03/21 09:17:49	"GET /uv2582fip2582inf210/project_part2.html HTTP/1.1"
2531	2025/03/21 09:18:02	"GET /uv2582fip2582inf210/project_part3.html HTTP/1.1"
2539	2025/03/21 09:22:36	"GET /uv2582fip2582inf210/project_presentation.html HTTP/1.1"
2524	2025/03/21 09:36:06	"GET /uv2582fip2582inf210/project_presentation.html HTTP/1.1"
2520	2025/03/21 09:39:30	"GET /uv2582fip2582inf210/project_presentation.html HTTP/1.1"
2540	2025/03/21 09:41:24	"GET /uv2582fip2582inf210/project_presentation.html HTTP/1.1"
2540	2025/03/21 09:41:28	"GET /uv2582fip2582inf210/project_specifications.html HTTP/1.1"
2544	2025/03/21 09:42:22	"GET /uv2582fip2582inf210/project_task_time.html HTTP/1.1"
2544	2025/03/21 09:42:25	"GET /uv2582fip2582inf210/project_part3.html HTTP/1.1"
2544	2025/03/21 09:42:39	"GET /uv2582fip2582inf210/project_structureui.html HTTP/1.1"
2543	2025/03/21 09:44:11	"GET /uv2582fip2582inf210/index.html HTTP/1.1"
2552	2025/03/21 09:44:31	"GET /uv2582fip2582inf210/project_presentation.html HTTP/1.1"
2552	2025/03/21 09:44:34	"GET /uv2582fip2582inf210/project_part2.html HTTP/1.1"
2546	2025/03/21 09:45:36	"GET /uv2582fip2582inf210/project_presentation.html HTTP/1.1"
2546	2025/03/21 09:45:46	"GET /uv2582fip2582inf210/project_specifications.html HTTP/1.1"
2511	2025/03/21 09:46:25	"GET /uv2582fip2582inf210/technical_environment_home.html HTTP/1.1"
2511	2025/03/21 09:46:30	"GET /uv2582fip2582inf210/index.html HTTP/1.1"
2511	2025/03/21 09:46:32	"GET /uv2582fip2582inf210/project_presentation.html HTTP/1.1"
2511	2025/03/21 09:46:48	"GET /uv2582fip2582inf210/project_evaluation.html HTTP/1.1"
2522	2025/03/21 09:46:51	"GET /uv2582fip2582inf210/project_presentation.html HTTP/1.1"
2511	2025/03/21 09:46:55	"GET /uv2582fip2582inf210/project_specifications.html HTTP/1.1"
2522	2025/03/21 09:48:40	"GET /uv2582fip2582inf210/project_specifications.html HTTP/1.1"
2519	2025/03/21 09:51:36	"GET /uv2582fip2582inf210/project_part3.html HTTP/1.1"
2519	2025/03/21 09:52:43	"GET /uv2582fip2582inf210/project_specifications.html HTTP/1.1"
2520	2025/03/21 10:03:03	"GET /uv2582fip2582inf210/project_specifications.html HTTP/1.1"
2541	2025/03/21 10:08:02	"GET /uv2582fip2582inf210/project_presentation.html HTTP/1.1"
2543	2025/03/21 10:08:52	"GET /uv2582fip2582inf210/project_presentation.html HTTP/1.1"
2534	2025/03/21 10:11:02	"GET /uv2582fip2582inf210/project_presentation.html HTTP/1.1"
2551	2025/03/21 10:11:49	"GET /uv2582fip2582inf210/project_part2.html HTTP/1.1"
2541	2025/03/21 10:15:04	"GET /uv2582fip2582inf210/project_task_time.html HTTP/1.1"
2523	2025/03/21 10:16:36	"GET /uv2582fip2582inf210/project_presentation.html HTTP/1.1"
2523	2025/03/21 10:16:36	"GET /uv2582fip2582inf210/project_presentation.html HTTP/1.1"
2523	2025/03/21 10:16:40	"GET /uv2582fip2582inf210/project_specifications.html HTTP/1.1"
2523	2025/03/21 10:16:40	"GET /uv2582fip2582inf210/project_specifications.html HTTP/1.1"
259	2025/03/21 10:27:57	"GET /uv2582fip2582inf210/data_home.html HTTP/1.1"
259	2025/03/21 10:28:01	"GET /uv2582fip2582inf210/project_presentation.html HTTP/1.1"
259	2025/03/21 10:28:05	"GET /uv2582fip2582inf210/project_part2.html HTTP/1.1"
259	2025/03/21 11:28:29	"GET /uv2582fip2582inf210/project_presentation.html HTTP/1.1"
258	2025/03/21 11:34:52	"GET /uv2582fip2582inf210/index.html HTTP/1.1"
258	2025/03/21 11:34:54	"GET /uv2582fip2582inf210/web_architecture_home.html HTTP/1.1"
258	2025/03/21 11:34:57	"GET /uv2582fip2582inf210/project_presentation.html HTTP/1.1"
258	2025/03/21 11:35:00	"GET /uv2582fip2582inf210/project_specifications.html HTTP/1.1"
2531	2025/03/21 11:36:12	"GET /uv2582fip2582inf210/project_specifications.html HTTP/1.1"
2570	2025/03/21 14:38:44	"GET /uv2582fip2582inf210/project_presentation.html HTTP/1.1"
2570	2025/03/21 14:38:48	"GET /uv2582fip2582inf210/project_part1.html HTTP/1.1"
2570	2025/03/21 14:38:56	"GET /uv2582fip2582inf210/project_part2.html HTTP/1.1"
2570	2025/03/21 14:39:23	"GET /uv2582fip2582inf210/project_part3.html HTTP/1.1"
2570	2025/03/21 14:40:27	"GET /uv2582fip2582inf210/project_structureui.html HTTP/1.1"
2570	2025/03/21 14:40:34	"GET /uv2582fip2582inf210/project_specifications.html HTTP/1.1"
2569	2025/03/21 15:32:24	"GET /uv2582fip2582inf210/index.html HTTP/1.1"
2569	2025/03/21 15:32:26	"GET /uv2582fip2582inf210/project_presentation.html HTTP/1.1"
2569	2025/03/21 15:32:30	"GET /uv2582fip2582inf210/project_specifications.html HTTP/1.1"
252	2025/04/07 23:28:47	"GET /uv2582fip2582inf210/project_presentation.html HTTP/1.1"
2529	2025/03/29 15:24:29	"GET /uv2582fip2582inf210/index.html HTTP/1.1"
2529	2025/03/29 15:24:35	"GET /uv2582fip2582inf210/project_presentation.html HTTP/1.1"
2529	2025/03/29 15:24:45	"GET /uv2582fip2582inf210/project_specifications.html HTTP/1.1"
2530	2025/03/26 13:39:43	"GET /uv2582fip2582inf210/project_presentation.html HTTP/1.1"
2530	2025/03/26 13:39:46	"GET /uv2582fip2582inf210/project_specifications.html HTTP/1.1"
2562	2025/02/25 08:20:25	"GET /uv2582fip2582inf210/practice_docker.html HTTP/1.1"
2562	2025/02/25 08:20:28	"GET /uv2582fip2582inf210/index.html HTTP/1.1"
2562	2025/02/25 09:01:18	"GET /uv2582fip2582inf210/data_home.html HTTP/1.1"
2562	2025/02/25 09:01:23	"GET /uv2582fip2582inf210/web_architecture_home.html HTTP/1.1"
2562	2025/02/25 09:01:27	"GET /uv2582fip2582inf210/lecture_xml.html HTTP/1.1"
2562	2025/02/25 09:04:20	"GET /uv2582fip2582inf210/practice_xml.html HTTP/1.1"
2557	2025/02/25 09:38:44	"GET /uv2582fip2582inf210/practice_json.html HTTP/1.1"
2533	2025/02/25 10:18:52	"GET /uv2582fip2582inf210/images/prerequisite_data/prerequisite_data_2025.html HTTP/1.1"
2533	2025/02/25 10:25:02	"GET /uv2582fip2582inf210/lecture_db_integrity.html HTTP/1.1"
2562	2025/02/25 10:31:40	"GET /uv2582fip2582inf210/lecture_json.html HTTP/1.1"
2557	2025/02/25 10:33:03	"GET /uv2582fip2582inf210/lecture_json.html HTTP/1.1"
2562	2025/02/25 10:58:35	"GET /uv2582fip2582inf210/practice_json.html HTTP/1.1"
2563	2025/02/25 11:04:03	"GET /uv2582fip2582inf210/web_architecture_home.html HTTP/1.1"
2563	2025/02/25 11:04:06	"GET /uv2582fip2582inf210/lecture_json.html HTTP/1.1"
2536	2025/02/25 11:06:24	"GET /uv2582fip2582inf210/practice_json.html HTTP/1.1"
2536	2025/02/25 11:06:31	"GET /uv2582fip2582inf210/practice_spring_2tiers.html HTTP/1.1"
2536	2025/02/25 11:06:40	"GET /uv2582fip2582inf210/lecture_mvc_spring.html HTTP/1.1"
2536	2025/02/25 11:06:44	"GET /uv2582fip2582inf210/practice_spring_2tiers.html HTTP/1.1"
2536	2025/02/25 11:07:09	"GET /uv2582fip2582inf210/lecture_mvc_spring.html HTTP/1.1"
2536	2025/02/25 11:13:47	"GET /uv2582fip2582inf210/practice_spring_2tiers.html HTTP/1.1"
2536	2025/02/25 11:14:28	"GET /uv2582fip2582inf210/lecture_mvc_spring.html HTTP/1.1"
2558	2025/02/25 11:14:39	"GET /uv2582fip2582inf210/practice_postgresql.html HTTP/1.1"
2558	2025/02/25 11:16:51	"GET /uv2582fip2582inf210/index.html HTTP/1.1"
2558	2025/02/25 11:16:53	"GET /uv2582fip2582inf210/project_home.html HTTP/1.1"
2558	2025/02/25 11:16:56	"GET /uv2582fip2582inf210/data_home.html HTTP/1.1"
2558	2025/02/25 11:17:04	"GET /uv2582fip2582inf210/web_architecture_home.html HTTP/1.1"
2561	2025/02/25 11:17:57	"GET /uv2582fip2582inf210/web_architecture_home.html HTTP/1.1"
2561	2025/02/25 11:18:00	"GET /uv2582fip2582inf210/lecture_mvc_spring.html HTTP/1.1"
2567	2025/02/25 11:18:28	"GET /uv2582fip2582inf210/data_home.html HTTP/1.1"
2567	2025/02/25 11:18:32	"GET /uv2582fip2582inf210/project_home.html HTTP/1.1"
2567	2025/02/25 11:18:35	"GET /uv2582fip2582inf210/technical_environment_home.html HTTP/1.1"
2567	2025/02/25 11:18:41	"GET /uv2582fip2582inf210/web_architecture_home.html HTTP/1.1"
2558	2025/02/25 11:18:46	"GET /uv2582fip2582inf210/practice_spring_2tiers.html HTTP/1.1"
2567	2025/02/25 11:18:47	"GET /uv2582fip2582inf210/lecture_json.html HTTP/1.1"
2567	2025/02/25 11:18:52	"GET /uv2582fip2582inf210/practice_json.html HTTP/1.1"
2535	2025/02/25 11:19:07	"GET /uv2582fip2582inf210/web_architecture_home.html HTTP/1.1"
2535	2025/02/25 11:19:12	"GET /uv2582fip2582inf210/practice_spring_2tiers.html HTTP/1.1"
2574	2025/02/25 11:19:15	"GET /uv2582fip2582inf210/web_architecture_home.html HTTP/1.1"
2574	2025/02/25 11:19:19	"GET /uv2582fip2582inf210/practice_spring_2tiers.html HTTP/1.1"
2558	2025/02/25 11:19:42	"GET /uv2582fip2582inf210/practice_jpa_advanced.html HTTP/1.1"
2567	2025/02/25 11:19:44	"GET /uv2582fip2582inf210/practice_apis.html HTTP/1.1"
2558	2025/02/25 11:19:45	"GET /uv2582fip2582inf210/practice_spring_2tiers_ext.html HTTP/1.1"
2535	2025/02/25 11:20:18	"GET /uv2582fip2582inf210/practice_spring_2tiers.html HTTP/1.1"
2567	2025/02/25 11:20:37	"GET /uv2582fip2582inf210/lecture_mvc_spring.html HTTP/1.1"
2567	2025/02/25 11:20:44	"GET /uv2582fip2582inf210/practice_spring_2tiers.html HTTP/1.1"
2570	2025/02/25 11:21:06	"GET /uv2582fip2582inf210/web_architecture_home.html HTTP/1.1"
2572	2025/02/25 11:21:16	"GET /uv2582fip2582inf210/web_architecture_home.html HTTP/1.1"
2536	2025/02/25 11:21:18	"GET /uv2582fip2582inf210/lecture_software_architecture.html HTTP/1.1"
2570	2025/02/25 11:21:20	"GET /uv2582fip2582inf210/practice_spring_2tiers.html HTTP/1.1"
2572	2025/02/25 11:21:30	"GET /uv2582fip2582inf210/practice_spring_2tiers.html HTTP/1.1"
2572	2025/02/25 11:21:32	"GET /uv2582fip2582inf210/lecture_mvc_spring.html HTTP/1.1"
2575	2025/02/25 11:22:36	"GET /uv2582fip2582inf210/lecture_mvc_spring.html HTTP/1.1"
2574	2025/02/25 11:22:37	"GET /uv2582fip2582inf210/web_architecture_home.html HTTP/1.1"
2574	2025/02/25 11:22:42	"GET /uv2582fip2582inf210/practice_spring_2tiers.html HTTP/1.1"
2536	2025/02/25 11:23:35	"GET /uv2582fip2582inf210/practice_spring_2tiers.html HTTP/1.1"
2536	2025/02/25 11:24:36	"GET /uv2582fip2582inf210/practice_spring_2tiers_ext.html HTTP/1.1"
2557	2025/02/25 11:27:24	"GET /uv2582fip2582inf210/lecture_mvc_spring.html HTTP/1.1"
2566	2025/02/25 11:28:06	"GET /uv2582fip2582inf210/data_home.html HTTP/1.1"
2566	2025/02/25 11:28:11	"GET /uv2582fip2582inf210/project_home.html HTTP/1.1"
2575	2025/02/25 11:28:15	"GET /uv2582fip2582inf210/practice_spring_2tiers.html HTTP/1.1"
2566	2025/02/25 11:29:15	"GET /uv2582fip2582inf210/web_architecture_home.html HTTP/1.1"
2566	2025/02/25 11:29:21	"GET /uv2582fip2582inf210/practice_spring_2tiers.html HTTP/1.1"
2562	2025/02/25 11:32:08	"GET /uv2582fip2582inf210/practice_spring_2tiers.html HTTP/1.1"
2569	2025/02/25 11:36:33	"GET /uv2582fip2582inf210/data_home.html HTTP/1.1"
2563	2025/02/25 11:36:51	"GET /uv2582fip2582inf210/web_architecture_home.html HTTP/1.1"
2563	2025/02/25 11:36:56	"GET /uv2582fip2582inf210/lecture_mvc_spring.html HTTP/1.1"
2561	2025/02/25 11:38:08	"GET /uv2582fip2582inf210/practice_spring_2tiers.html HTTP/1.1"
2569	2025/02/25 11:38:39	"GET /uv2582fip2582inf210/web_architecture_home.html HTTP/1.1"
2569	2025/02/25 11:38:43	"GET /uv2582fip2582inf210/practice_spring_2tiers.html HTTP/1.1"
2562	2025/02/25 11:44:23	"GET /uv2582fip2582inf210/lecture_mvc_spring.html HTTP/1.1"
2567	2025/02/25 11:46:09	"GET /uv2582fip2582inf210/lecture_technical_architecture.html HTTP/1.1"
2563	2025/02/25 11:56:31	"GET /uv2582fip2582inf210/practice_spring_2tiers.html HTTP/1.1"
2565	2025/02/25 11:56:47	"GET /uv2582fip2582inf210/web_architecture_home.html HTTP/1.1"
2565	2025/02/25 11:58:07	"GET /uv2582fip2582inf210/practice_spring_2tiers.html HTTP/1.1"
2519	2025/02/25 16:51:35	"GET /uv2582fip2582inf210/index.html HTTP/1.1"
2519	2025/02/25 16:51:45	"GET /uv2582fip2582inf210/licence.html HTTP/1.1"
2529	2025/02/25 21:08:00	"GET /uv2582fip2582inf210/index.html HTTP/1.1"
2529	2025/02/25 21:08:03	"GET /uv2582fip2582inf210/project_presentation.html HTTP/1.1"
2539	2025/02/25 21:18:08	"GET /uv2582fip2582inf210/project_presentation.html HTTP/1.1"
2539	2025/02/25 21:19:32	"GET /uv2582fip2582inf210/project_specifications.html HTTP/1.1"
2539	2025/02/25 21:19:41	"GET /uv2582fip2582inf210/project_task_time.html HTTP/1.1"
2539	2025/02/25 21:19:50	"GET /uv2582fip2582inf210/project_part1.html HTTP/1.1"
2514	2025/02/25 21:38:22	"GET /uv2582fip2582inf210/project_presentation.html HTTP/1.1"
2514	2025/02/25 21:39:04	"GET /uv2582fip2582inf210/project_evaluation.html HTTP/1.1"
2525	2025/02/25 21:42:24	"GET /uv2582fip2582inf210/project_presentation.html HTTP/1.1"
2525	2025/02/25 21:42:24	"GET /uv2582fip2582inf210/project_presentation.html HTTP/1.1"
2525	2025/02/25 21:47:23	"GET /uv2582fip2582inf210/project_evaluation.html HTTP/1.1"
2525	2025/02/25 21:47:24	"GET /uv2582fip2582inf210/project_evaluation.html HTTP/1.1"
2525	2025/02/25 21:48:02	"GET /uv2582fip2582inf210/project_specifications.html HTTP/1.1"
2525	2025/02/25 21:48:02	"GET /uv2582fip2582inf210/project_specifications.html HTTP/1.1"
2529	2025/02/25 22:22:18	"GET /uv2582fip2582inf210/index.html HTTP/1.1"
2529	2025/02/25 22:22:32	"GET /uv2582fip2582inf210/project_presentation.html HTTP/1.1"
2529	2025/02/25 22:22:34	"GET /uv2582fip2582inf210/project_evaluation.html HTTP/1.1"
2529	2025/02/25 22:23:20	"GET /uv2582fip2582inf210/project_task_time.html HTTP/1.1"
2531	2025/02/11 09:32:27	"GET /uv2582fip2582inf210/web_architecture_home.html HTTP/1.1"
2531	2025/02/11 09:32:31	"GET /uv2582fip2582inf210/practice_jpa.html HTTP/1.1"
2531	2025/02/11 09:46:38	"GET /uv2582fip2582inf210/lecture_jpa.html HTTP/1.1"
2534	2025/02/11 12:07:46	"GET /uv2582fip2582inf210/activity_decomposition.html HTTP/1.1"
255	2025/02/11 13:13:25	"GET /uv2582fip2582inf210/index.html HTTP/1.1"
255	2025/02/11 13:13:38	"GET /uv2582fip2582inf210/lecture_normalization.html HTTP/1.1"
2548	2025/02/11 18:54:49	"GET /uv2582fip2582inf210/web_architecture_home.html HTTP/1.1"
2546	2025/02/11 19:17:22	"GET /uv2582fip2582inf210/web_architecture_home.html HTTP/1.1"
2546	2025/02/11 19:17:27	"GET /uv2582fip2582inf210/images/prerequisite_archiweb/prerequisite_archiweb_2025.html HTTP/1.1"
2546	2025/02/11 19:17:39	"GET /uv2582fip2582inf210/lecture_mvc_spring.html HTTP/1.1"
2548	2025/02/11 20:21:20	"GET /uv2582fip2582inf210/practice_spring_2tiers.html HTTP/1.1"
2548	2025/02/11 20:29:59	"GET /uv2582fip2582inf210/practice_spring_2tiers_ext.html HTTP/1.1"
2531	2025/02/11 20:56:13	"GET /uv2582fip2582inf210/practice_jpa_advanced.html HTTP/1.1"
2531	2025/02/11 20:56:36	"GET /uv2582fip2582inf210/practice_spring_2tiers.html HTTP/1.1"
2531	2025/02/11 20:57:15	"GET /uv2582fip2582inf210/practice_json.html HTTP/1.1"
2549	2025/02/11 21:17:37	"GET /uv2582fip2582inf210/index.html HTTP/1.1"
2549	2025/02/11 21:17:43	"GET /uv2582fip2582inf210/data_home.html HTTP/1.1"
2533	2025/02/11 21:29:53	"GET /uv2582fip2582inf210/index.html HTTP/1.1"
2533	2025/02/11 21:30:51	"GET /uv2582fip2582inf210/project_home.html HTTP/1.1"
2533	2025/02/11 21:31:01	"GET /uv2582fip2582inf210/web_architecture_home.html HTTP/1.1"
256	2025/02/11 23:18:41	"GET /uv2582fip2582inf210/web_architecture_home.html HTTP/1.1"
256	2025/02/11 23:18:53	"GET /uv2582fip2582inf210/images/prerequisite_archiweb/prerequisite_archiweb_2025.html HTTP/1.1"
256	2025/02/11 23:19:30	"GET /uv2582fip2582inf210/practice_spring_2tiers.html HTTP/1.1"
2534	2025/02/11 23:41:50	"GET /uv2582fip2582inf210/activity_normalization.html HTTP/1.1"
2536	2025/02/04 09:04:07	"GET /uv2582fip2582inf210/lecture_conceptual_modeling.html HTTP/1.1"
2516	2025/02/04 14:07:51	"GET /uv2582fip2582inf210/technical_environment_home.html HTTP/1.1"
2516	2025/02/04 14:07:56	"GET /uv2582fip2582inf210/practice_postgresql.html HTTP/1.1"
2516	2025/02/04 14:08:06	"GET /uv2582fip2582inf210/documentation_programming.html HTTP/1.1"
2516	2025/02/04 14:08:33	"GET /uv2582fip2582inf210/practice_spring.html HTTP/1.1"
257	2025/02/04 14:41:26	"GET /uv2582fip2582inf210/web_architecture_home.html HTTP/1.1"
257	2025/02/04 14:41:33	"GET /uv2582fip2582inf210/lecture_technical_architecture.html HTTP/1.1"
257	2025/02/04 14:48:20	"GET /uv2582fip2582inf210/lecture_software_architecture.html HTTP/1.1"
257	2025/02/04 14:49:04	"GET /uv2582fip2582inf210/lecture_dto.html HTTP/1.1"
2531	2025/02/04 14:49:15	"GET /uv2582fip2582inf210/lecture_normalization.html HTTP/1.1"
257	2025/02/04 14:49:47	"GET /uv2582fip2582inf210/lecture_mvc_spring.html HTTP/1.1"
257	2025/02/04 14:50:08	"GET /uv2582fip2582inf210/lecture_jpa.html HTTP/1.1"
257	2025/02/04 14:50:15	"GET /uv2582fip2582inf210/practice_jpa.html HTTP/1.1"
2529	2025/02/04 15:38:38	"GET /uv2582fip2582inf210/practice_advanced_sql.html HTTP/1.1"
2529	2025/02/04 15:38:58	"GET /uv2582fip2582inf210/practice_independence_views.html HTTP/1.1"
2529	2025/02/04 15:39:13	"GET /uv2582fip2582inf210/lecture_transaction.html HTTP/1.1"
2529	2025/02/04 16:18:02	"GET /uv2582fip2582inf210/practice_transaction.html HTTP/1.1"
2544	2025/02/04 16:36:24	"GET /uv2582fip2582inf210/data_home.html HTTP/1.1"
2544	2025/02/04 16:36:33	"GET /uv2582fip2582inf210/web_architecture_home.html HTTP/1.1"
2544	2025/02/04 16:37:51	"GET /uv2582fip2582inf210/practice_spring_2tiers.html HTTP/1.1"
2546	2025/02/04 18:55:39	"GET /uv2582fip2582inf210/web_architecture_home.html HTTP/1.1"
2546	2025/02/04 18:56:05	"GET /uv2582fip2582inf210/data_home.html HTTP/1.1"
2546	2025/02/04 18:56:15	"GET /uv2582fip2582inf210/technical_environment_home.html HTTP/1.1"
2546	2025/02/04 19:09:06	"GET /uv2582fip2582inf210/activity_conceptual_modeling_correction.html HTTP/1.1"
2548	2025/02/04 19:13:26	"GET /uv2582fip2582inf210/data_home.html HTTP/1.1"
2548	2025/02/04 19:13:30	"GET /uv2582fip2582inf210/images/prerequisite_data/prerequisite_data_2025.html HTTP/1.1"
2546	2025/02/04 19:34:26	"GET /uv2582fip2582inf210/lecture_technical_architecture.html HTTP/1.1"
2546	2025/02/04 19:34:30	"GET /uv2582fip2582inf210/lecture_software_architecture.html HTTP/1.1"
2548	2025/02/04 19:35:56	"GET /uv2582fip2582inf210/lecture_relational_model.html HTTP/1.1"
2548	2025/02/04 19:41:26	"GET /uv2582fip2582inf210/lecture_db_integrity.html HTTP/1.1"
2546	2025/02/04 19:41:27	"GET /uv2582fip2582inf210/lecture_mvc_spring.html HTTP/1.1"
2548	2025/02/04 19:41:38	"GET /uv2582fip2582inf210/lecture_modeling_normalization.html HTTP/1.1"
2546	2025/02/04 19:49:15	"GET /uv2582fip2582inf210/lecture_dto.html HTTP/1.1"
2546	2025/02/04 20:06:46	"GET /uv2582fip2582inf210/lecture_xml.html HTTP/1.1"
2546	2025/02/04 20:06:47	"GET /uv2582fip2582inf210/lecture_json.html HTTP/1.1"
2546	2025/02/04 20:11:04	"GET /uv2582fip2582inf210/lecture_validity.html HTTP/1.1"
2546	2025/02/04 20:11:12	"GET /uv2582fip2582inf210/lecture_xpath.html HTTP/1.1"
2546	2025/02/04 20:11:17	"GET /uv2582fip2582inf210/lecture_parser.html HTTP/1.1"
2546	2025/02/04 20:12:02	"GET /uv2582fip2582inf210/practice_xml.html HTTP/1.1"
2546	2025/02/04 20:33:21	"GET /uv2582fip2582inf210/practice_json.html HTTP/1.1"
2548	2025/02/04 20:40:32	"GET /uv2582fip2582inf210/activity_relational_model.html HTTP/1.1"
2548	2025/02/04 20:41:09	"GET /uv2582fip2582inf210/activity_relational_model_correction.html HTTP/1.1"
2548	2025/02/04 20:42:51	"GET /uv2582fip2582inf210/lecture_conceptual_modeling.html HTTP/1.1"
2531	2025/02/04 20:48:42	"GET /uv2582fip2582inf210/activity_sql.html HTTP/1.1"
2548	2025/02/04 21:07:55	"GET /uv2582fip2582inf210/activity_conceptual_modeling.html HTTP/1.1"
2546	2025/02/04 21:11:11	"GET /uv2582fip2582inf210/project_home.html HTTP/1.1"
2531	2025/02/04 21:25:28	"GET /uv2582fip2582inf210/activity_sql_correction.html HTTP/1.1"
2531	2025/02/04 21:29:21	"GET /uv2582fip2582inf210/practice_sql.html HTTP/1.1"
2531	2025/02/04 21:29:55	"GET /uv2582fip2582inf210/lecture_transaction.html HTTP/1.1"
2531	2025/02/04 21:33:17	"GET /uv2582fip2582inf210/practice_transaction.html HTTP/1.1"
2531	2025/02/04 21:34:04	"GET /uv2582fip2582inf210/index.html HTTP/1.1"
2531	2025/02/04 21:34:18	"GET /uv2582fip2582inf210/images/prerequisite_data/prerequisite_data_2025.html HTTP/1.1"
2531	2025/02/04 21:35:48	"GET /uv2582fip2582inf210/technical_environment_home.html HTTP/1.1"
256	2025/02/04 21:35:57	"GET /uv2582fip2582inf210/data_home.html HTTP/1.1"
256	2025/02/04 21:36:05	"GET /uv2582fip2582inf210/images/prerequisite_data/prerequisite_data_2025.html HTTP/1.1"
256	2025/02/04 21:36:06	"GET /uv2582fip2582inf210/activity_sql.html HTTP/1.1"
2531	2025/02/04 21:36:09	"GET /uv2582fip2582inf210/web_architecture_home.html HTTP/1.1"
2531	2025/02/04 21:36:15	"GET /uv2582fip2582inf210/project_home.html HTTP/1.1"
256	2025/02/04 21:36:53	"GET /uv2582fip2582inf210/activity_sql_correction.html HTTP/1.1"
2531	2025/02/04 21:37:03	"GET /uv2582fip2582inf210/images/prerequisite_archiweb/prerequisite_archiweb_2025.html HTTP/1.1"
2531	2025/02/04 21:37:57	"GET /uv2582fip2582inf210/documentation_docker.html HTTP/1.1"
2531	2025/02/04 21:38:10	"GET /uv2582fip2582inf210/practice_docker.html HTTP/1.1"
256	2025/02/04 21:58:09	"GET /uv2582fip2582inf210/practice_sql.html HTTP/1.1"
256	2025/02/04 21:58:18	"GET /uv2582fip2582inf210/practice_sql_correction.html HTTP/1.1"
2531	2025/02/04 22:11:40	"GET /uv2582fip2582inf210/practice_postgresql.html HTTP/1.1"
2546	2025/02/04 22:12:42	"GET /uv2582fip2582inf210/lecture_jpa.html HTTP/1.1"
256	2025/02/04 22:13:24	"GET /uv2582fip2582inf210/index.html HTTP/1.1"
256	2025/02/04 22:13:26	"GET /uv2582fip2582inf210/technical_environment_home.html HTTP/1.1"
256	2025/02/04 22:13:32	"GET /uv2582fip2582inf210/documentation_docker.html HTTP/1.1"
256	2025/02/04 22:14:06	"GET /uv2582fip2582inf210/practice_docker.html HTTP/1.1"
256	2025/02/04 22:19:39	"GET /uv2582fip2582inf210/practice_docker_advanced.html HTTP/1.1"
2528	2025/02/04 22:22:59	"GET /uv2582fip2582inf210/activity_sql.html HTTP/1.1"
2528	2025/02/04 22:30:18	"GET /uv2582fip2582inf210/activity_sql_correction.html HTTP/1.1"
2531	2025/02/04 22:32:35	"GET /uv2582fip2582inf210/documentation_programming.html HTTP/1.1"
256	2025/02/04 22:34:34	"GET /uv2582fip2582inf210/activity_normalization.html HTTP/1.1"
2531	2025/02/04 22:44:23	"GET /uv2582fip2582inf210/practice_spring.html HTTP/1.1"
2548	2025/02/04 23:12:29	"GET /uv2582fip2582inf210/activity_normalization.html HTTP/1.1"
2548	2025/02/04 23:20:55	"GET /uv2582fip2582inf210/activity_decomposition.html HTTP/1.1"
2548	2025/02/04 23:34:39	"GET /uv2582fip2582inf210/practice_transaction.html HTTP/1.1"
2548	2025/02/04 23:35:13	"GET /uv2582fip2582inf210/lecture_transaction.html HTTP/1.1"
252	2025/03/07 08:13:06	"GET /uv2582fip2582inf210/project_presentation.html HTTP/1.1"
252	2025/03/07 08:13:20	"GET /uv2582fip2582inf210/project_specifications.html HTTP/1.1"
259	2025/03/07 09:33:54	"GET /uv2582fip2582inf210/project_presentation.html HTTP/1.1"
259	2025/03/07 09:35:09	"GET /uv2582fip2582inf210/project_part2.html HTTP/1.1"
2570	2025/03/07 09:41:15	"GET /uv2582fip2582inf210/project_presentation.html HTTP/1.1"
2570	2025/03/07 09:41:24	"GET /uv2582fip2582inf210/project_part1.html HTTP/1.1"
2570	2025/03/07 09:42:02	"GET /uv2582fip2582inf210/project_specifications.html HTTP/1.1"
2570	2025/03/07 09:57:08	"GET /uv2582fip2582inf210/project_part2.html HTTP/1.1"
2531	2025/03/07 09:59:42	"GET /uv2582fip2582inf210/project_presentation.html HTTP/1.1"
2531	2025/03/07 09:59:47	"GET /uv2582fip2582inf210/project_part2.html HTTP/1.1"
2523	2025/03/07 10:11:28	"GET /uv2582fip2582inf210/project_presentation.html HTTP/1.1"
2523	2025/03/07 10:11:28	"GET /uv2582fip2582inf210/project_presentation.html HTTP/1.1"
2523	2025/03/07 10:11:30	"GET /uv2582fip2582inf210/project_part2.html HTTP/1.1"
2523	2025/03/07 10:11:30	"GET /uv2582fip2582inf210/project_part2.html HTTP/1.1"
2513	2025/03/07 11:23:24	"GET /uv2582fip2582inf210/data_home.html HTTP/1.1"
2513	2025/03/07 11:23:25	"GET /uv2582fip2582inf210/images/prerequisite_data/prerequisite_data_2025.html HTTP/1.1"
2513	2025/03/07 11:23:43	"GET /uv2582fip2582inf210/activity_sql.html HTTP/1.1"
2513	2025/03/07 11:25:01	"GET /uv2582fip2582inf210/lecture_db_integrity.html HTTP/1.1"
2513	2025/03/07 11:25:48	"GET /uv2582fip2582inf210/activity_normalization.html HTTP/1.1"
2513	2025/03/07 11:25:55	"GET /uv2582fip2582inf210/lecture_normalization.html HTTP/1.1"
2513	2025/03/07 11:26:03	"GET /uv2582fip2582inf210/lecture_transaction.html HTTP/1.1"
2513	2025/03/07 11:26:08	"GET /uv2582fip2582inf210/lecture_relational_model.html HTTP/1.1"
2513	2025/03/07 11:26:39	"GET /uv2582fip2582inf210/technical_environment_home.html HTTP/1.1"
2513	2025/03/07 11:26:40	"GET /uv2582fip2582inf210/images/prerequisite_techenv/prerequisite_techenv_2025.html HTTP/1.1"
2513	2025/03/07 11:26:48	"GET /uv2582fip2582inf210/practice_postgresql.html HTTP/1.1"
2513	2025/03/07 11:26:55	"GET /uv2582fip2582inf210/documentation_docker.html HTTP/1.1"
2513	2025/03/07 11:26:59	"GET /uv2582fip2582inf210/practice_docker.html HTTP/1.1"
2513	2025/03/07 11:27:59	"GET /uv2582fip2582inf210/practice_sql.html HTTP/1.1"
2510	2025/03/07 13:23:43	"GET /uv2582fip2582inf210/data_home.html HTTP/1.1"
2510	2025/03/07 13:23:45	"GET /uv2582fip2582inf210/project_presentation.html HTTP/1.1"
2510	2025/03/07 13:23:47	"GET /uv2582fip2582inf210/project_part2.html HTTP/1.1"
2515	2025/03/07 14:00:35	"GET /uv2582fip2582inf210/project_presentation.html HTTP/1.1"
2515	2025/03/07 14:00:37	"GET /uv2582fip2582inf210/project_part2.html HTTP/1.1"
2543	2025/03/07 14:04:31	"GET /uv2582fip2582inf210/index.html HTTP/1.1"
2543	2025/03/07 14:04:53	"GET /uv2582fip2582inf210/project_presentation.html HTTP/1.1"
2543	2025/03/07 14:04:56	"GET /uv2582fip2582inf210/project_part2.html HTTP/1.1"
2544	2025/03/07 14:05:10	"GET /uv2582fip2582inf210/project_presentation.html HTTP/1.1"
2544	2025/03/07 14:05:13	"GET /uv2582fip2582inf210/project_part2.html HTTP/1.1"
2534	2025/03/07 14:05:28	"GET /uv2582fip2582inf210/project_presentation.html HTTP/1.1"
2521	2025/03/07 14:05:33	"GET /uv2582fip2582inf210/project_presentation.html HTTP/1.1"
2521	2025/03/07 14:05:36	"GET /uv2582fip2582inf210/project_part2.html HTTP/1.1"
2552	2025/03/07 14:06:14	"GET /uv2582fip2582inf210/project_presentation.html HTTP/1.1"
2552	2025/03/07 14:06:18	"GET /uv2582fip2582inf210/project_part2.html HTTP/1.1"
2552	2025/03/07 14:06:25	"GET /uv2582fip2582inf210/project_specifications.html HTTP/1.1"
2534	2025/03/07 14:06:35	"GET /uv2582fip2582inf210/project_part2.html HTTP/1.1"
257	2025/03/07 14:07:03	"GET /uv2582fip2582inf210/project_part2.html HTTP/1.1"
2523	2025/03/07 14:07:16	"GET /uv2582fip2582inf210/data_home.html HTTP/1.1"
2523	2025/03/07 14:07:16	"GET /uv2582fip2582inf210/data_home.html HTTP/1.1"
2523	2025/03/07 14:07:19	"GET /uv2582fip2582inf210/index.html HTTP/1.1"
2523	2025/03/07 14:07:19	"GET /uv2582fip2582inf210/index.html HTTP/1.1"
2513	2025/03/07 14:08:17	"GET /uv2582fip2582inf210/project_presentation.html HTTP/1.1"
2513	2025/03/07 14:08:20	"GET /uv2582fip2582inf210/project_part2.html HTTP/1.1"
2545	2025/03/07 14:08:31	"GET /uv2582fip2582inf210/project_presentation.html HTTP/1.1"
2545	2025/03/07 14:08:34	"GET /uv2582fip2582inf210/project_part2.html HTTP/1.1"
2534	2025/03/07 14:10:16	"GET /uv2582fip2582inf210/project_task_time.html HTTP/1.1"
2551	2025/03/07 14:15:10	"GET /uv2582fip2582inf210/project_part2.html HTTP/1.1"
2518	2025/03/07 14:15:17	"GET /uv2582fip2582inf210/project_part2.html HTTP/1.1"
2516	2025/03/07 14:15:31	"GET /uv2582fip2582inf210/data_home.html HTTP/1.1"
2516	2025/03/07 14:15:35	"GET /uv2582fip2582inf210/project_presentation.html HTTP/1.1"
2516	2025/03/07 14:15:37	"GET /uv2582fip2582inf210/project_part2.html HTTP/1.1"
2530	2025/03/07 14:15:44	"GET /uv2582fip2582inf210/project_presentation.html HTTP/1.1"
2530	2025/03/07 14:15:47	"GET /uv2582fip2582inf210/project_part2.html HTTP/1.1"
2533	2025/03/07 14:19:52	"GET /uv2582fip2582inf210/data_home.html HTTP/1.1"
2533	2025/03/07 14:19:55	"GET /uv2582fip2582inf210/project_presentation.html HTTP/1.1"
2533	2025/03/07 14:19:57	"GET /uv2582fip2582inf210/project_part2.html HTTP/1.1"
2520	2025/03/07 14:21:12	"GET /uv2582fip2582inf210/project_part2.html HTTP/1.1"
2520	2025/03/07 14:22:08	"GET /uv2582fip2582inf210/project_specifications.html HTTP/1.1"
2553	2025/03/07 14:23:06	"GET /uv2582fip2582inf210/project_presentation.html HTTP/1.1"
2553	2025/03/07 14:23:08	"GET /uv2582fip2582inf210/project_part2.html HTTP/1.1"
2515	2025/03/07 14:23:25	"GET /uv2582fip2582inf210/project_specifications.html HTTP/1.1"
2519	2025/03/07 14:25:22	"GET /uv2582fip2582inf210/project_presentation.html HTTP/1.1"
2519	2025/03/07 14:25:25	"GET /uv2582fip2582inf210/project_part2.html HTTP/1.1"
258	2025/03/07 14:25:41	"GET /uv2582fip2582inf210/project_part2.html HTTP/1.1"
2542	2025/03/07 14:25:51	"GET /uv2582fip2582inf210/project_presentation.html HTTP/1.1"
2542	2025/03/07 14:25:54	"GET /uv2582fip2582inf210/project_part2.html HTTP/1.1"
2541	2025/03/07 14:26:08	"GET /uv2582fip2582inf210/project_presentation.html HTTP/1.1"
2541	2025/03/07 14:27:33	"GET /uv2582fip2582inf210/project_part2.html HTTP/1.1"
2546	2025/03/07 14:33:36	"GET /uv2582fip2582inf210/project_presentation.html HTTP/1.1"
2546	2025/03/07 14:33:40	"GET /uv2582fip2582inf210/project_part2.html HTTP/1.1"
2546	2025/03/07 14:34:31	"GET /uv2582fip2582inf210/project_specifications.html HTTP/1.1"
2534	2025/03/07 14:34:43	"GET /uv2582fip2582inf210/data_home.html HTTP/1.1"
2534	2025/03/07 14:34:51	"GET /uv2582fip2582inf210/technical_environment_home.html HTTP/1.1"
2534	2025/03/07 14:35:07	"GET /uv2582fip2582inf210/practice_docker_advanced.html HTTP/1.1"
2534	2025/03/07 14:35:09	"GET /uv2582fip2582inf210/practice_docker.html HTTP/1.1"
2524	2025/03/07 14:37:25	"GET /uv2582fip2582inf210/index.html HTTP/1.1"
2549	2025/03/07 14:38:25	"GET /uv2582fip2582inf210/project_part2.html HTTP/1.1"
2549	2025/03/07 14:38:29	"GET /uv2582fip2582inf210/project_part3.html HTTP/1.1"
255	2025/03/07 14:39:39	"GET /uv2582fip2582inf210/index.html HTTP/1.1"
2524	2025/03/07 14:41:06	"GET /uv2582fip2582inf210/project_presentation.html HTTP/1.1"
255	2025/03/07 14:41:49	"GET /uv2582fip2582inf210/project_presentation.html HTTP/1.1"
255	2025/03/07 14:41:52	"GET /uv2582fip2582inf210/project_part2.html HTTP/1.1"
2548	2025/03/07 14:45:03	"GET /uv2582fip2582inf210/project_presentation.html HTTP/1.1"
2548	2025/03/07 14:45:07	"GET /uv2582fip2582inf210/project_structureui.html HTTP/1.1"
2546	2025/03/07 14:45:32	"GET /uv2582fip2582inf210/project_specifications.html HTTP/1.1"
2546	2025/03/07 14:45:35	"GET /uv2582fip2582inf210/project_part3.html HTTP/1.1"
2551	2025/03/07 14:46:06	"GET /uv2582fip2582inf210/project_part2.html HTTP/1.1"
2525	2025/03/07 14:46:15	"GET /uv2582fip2582inf210/index.html HTTP/1.1"
2525	2025/03/07 14:46:16	"GET /uv2582fip2582inf210/index.html HTTP/1.1"
2525	2025/03/07 14:46:19	"GET /uv2582fip2582inf210/web_architecture_home.html HTTP/1.1"
2525	2025/03/07 14:46:19	"GET /uv2582fip2582inf210/web_architecture_home.html HTTP/1.1"
2525	2025/03/07 14:46:25	"GET /uv2582fip2582inf210/practice_spring_2tiers.html HTTP/1.1"
2525	2025/03/07 14:46:25	"GET /uv2582fip2582inf210/practice_spring_2tiers.html HTTP/1.1"
2548	2025/03/07 14:46:29	"GET /uv2582fip2582inf210/project_part3.html HTTP/1.1"
2525	2025/03/07 14:49:13	"GET /uv2582fip2582inf210/data_home.html HTTP/1.1"
2525	2025/03/07 14:49:14	"GET /uv2582fip2582inf210/data_home.html HTTP/1.1"
2525	2025/03/07 14:49:44	"GET /uv2582fip2582inf210/lecture_json.html HTTP/1.1"
2525	2025/03/07 14:49:44	"GET /uv2582fip2582inf210/lecture_json.html HTTP/1.1"
2525	2025/03/07 14:49:57	"GET /uv2582fip2582inf210/practice_json.html HTTP/1.1"
2525	2025/03/07 14:49:57	"GET /uv2582fip2582inf210/practice_json.html HTTP/1.1"
2548	2025/03/07 14:51:19	"GET /uv2582fip2582inf210/project_part1.html HTTP/1.1"
2520	2025/03/07 14:52:34	"GET /uv2582fip2582inf210/project_presentation.html HTTP/1.1"
2520	2025/03/07 14:52:39	"GET /uv2582fip2582inf210/project_specifications.html HTTP/1.1"
2548	2025/03/07 14:53:17	"GET /uv2582fip2582inf210/project_part2.html HTTP/1.1"
2548	2025/03/07 14:55:38	"GET /uv2582fip2582inf210/project_part3.html HTTP/1.1"
2534	2025/03/07 14:56:04	"GET /uv2582fip2582inf210/index.html HTTP/1.1"
2548	2025/03/07 14:56:42	"GET /uv2582fip2582inf210/project_presentation.html HTTP/1.1"
2548	2025/03/07 14:56:54	"GET /uv2582fip2582inf210/project_specifications.html HTTP/1.1"
2524	2025/03/07 14:56:59	"GET /uv2582fip2582inf210/project_part3.html HTTP/1.1"
2524	2025/03/07 14:57:04	"GET /uv2582fip2582inf210/project_structureui.html HTTP/1.1"
2534	2025/03/07 15:00:11	"GET /uv2582fip2582inf210/project_specifications.html HTTP/1.1"
2549	2025/03/07 15:01:02	"GET /uv2582fip2582inf210/project_specifications.html HTTP/1.1"
2550	2025/03/07 15:05:19	"GET /uv2582fip2582inf210/project_presentation.html HTTP/1.1"
2550	2025/03/07 15:05:22	"GET /uv2582fip2582inf210/project_part2.html HTTP/1.1"
2524	2025/03/07 15:11:25	"GET /uv2582fip2582inf210/project_structureui.html HTTP/1.1"
257	2025/03/07 15:11:26	"GET /uv2582fip2582inf210/project_part2.html HTTP/1.1"
257	2025/03/07 15:11:29	"GET /uv2582fip2582inf210/project_part3.html HTTP/1.1"
2524	2025/03/07 15:11:32	"GET /uv2582fip2582inf210/project_specifications.html HTTP/1.1"
2568	2025/03/07 15:34:09	"GET /uv2582fip2582inf210/technical_environment_home.html HTTP/1.1"
2568	2025/03/07 15:34:12	"GET /uv2582fip2582inf210/index.html HTTP/1.1"
2568	2025/03/07 15:34:17	"GET /uv2582fip2582inf210/project_presentation.html HTTP/1.1"
2572	2025/03/07 15:35:57	"GET /uv2582fip2582inf210/project_presentation.html HTTP/1.1"
2572	2025/03/07 15:35:59	"GET /uv2582fip2582inf210/project_part1.html HTTP/1.1"
2565	2025/03/07 15:36:26	"GET /uv2582fip2582inf210/project_presentation.html HTTP/1.1"
255	2025/03/07 15:36:28	"GET /uv2582fip2582inf210/data_home.html HTTP/1.1"
255	2025/03/07 15:36:32	"GET /uv2582fip2582inf210/web_architecture_home.html HTTP/1.1"
258	2025/03/07 15:36:35	"GET /uv2582fip2582inf210/project_part2.html HTTP/1.1"
2565	2025/03/07 15:36:37	"GET /uv2582fip2582inf210/project_part1.html HTTP/1.1"
258	2025/03/07 15:36:38	"GET /uv2582fip2582inf210/project_part3.html HTTP/1.1"
255	2025/03/07 15:36:44	"GET /uv2582fip2582inf210/project_presentation.html HTTP/1.1"
258	2025/03/07 15:36:48	"GET /uv2582fip2582inf210/project_structureui.html HTTP/1.1"
2534	2025/03/07 15:36:54	"GET /uv2582fip2582inf210/project_part3.html HTTP/1.1"
2567	2025/03/07 15:37:13	"GET /uv2582fip2582inf210/project_presentation.html HTTP/1.1"
2567	2025/03/07 15:37:26	"GET /uv2582fip2582inf210/project_part1.html HTTP/1.1"
2567	2025/03/07 15:37:31	"GET /uv2582fip2582inf210/project_part2.html HTTP/1.1"
2557	2025/03/07 15:38:39	"GET /uv2582fip2582inf210/project_presentation.html HTTP/1.1"
255	2025/03/07 15:38:55	"GET /uv2582fip2582inf210/project_part3.html HTTP/1.1"
2574	2025/03/07 15:39:13	"GET /uv2582fip2582inf210/project_presentation.html HTTP/1.1"
2574	2025/03/07 15:39:22	"GET /uv2582fip2582inf210/project_specifications.html HTTP/1.1"
2557	2025/03/07 15:39:37	"GET /uv2582fip2582inf210/project_evaluation.html HTTP/1.1"
2561	2025/03/07 15:39:49	"GET /uv2582fip2582inf210/data_home.html HTTP/1.1"
2561	2025/03/07 15:39:53	"GET /uv2582fip2582inf210/lecture_conceptual_modeling.html HTTP/1.1"
2561	2025/03/07 15:39:56	"GET /uv2582fip2582inf210/activity_conceptual_modeling.html HTTP/1.1"
2561	2025/03/07 15:39:59	"GET /uv2582fip2582inf210/lecture_normalization.html HTTP/1.1"
2558	2025/03/07 15:40:05	"GET /uv2582fip2582inf210/project_presentation.html HTTP/1.1"
2558	2025/03/07 15:40:12	"GET /uv2582fip2582inf210/project_specifications.html HTTP/1.1"
2540	2025/03/07 15:41:19	"GET /uv2582fip2582inf210/project_presentation.html HTTP/1.1"
2531	2025/03/07 15:41:25	"GET /uv2582fip2582inf210/data_home.html HTTP/1.1"
2540	2025/03/07 15:41:26	"GET /uv2582fip2582inf210/project_part3.html HTTP/1.1"
2546	2025/03/07 15:41:32	"GET /uv2582fip2582inf210/project_specifications.html HTTP/1.1"
2574	2025/03/07 15:41:47	"GET /uv2582fip2582inf210/project_part1.html HTTP/1.1"
2541	2025/03/07 15:43:04	"GET /uv2582fip2582inf210/project_part2.html HTTP/1.1"
2541	2025/03/07 15:43:06	"GET /uv2582fip2582inf210/project_part3.html HTTP/1.1"
2526	2025/03/07 15:43:42	"GET /uv2582fip2582inf210/project_part2.html HTTP/1.1"
2557	2025/03/07 15:43:46	"GET /uv2582fip2582inf210/project_specifications.html HTTP/1.1"
2526	2025/03/07 15:43:50	"GET /uv2582fip2582inf210/project_part3.html HTTP/1.1"
256	2025/03/07 15:43:56	"GET /uv2582fip2582inf210/project_part2.html HTTP/1.1"
256	2025/03/07 15:44:00	"GET /uv2582fip2582inf210/project_part3.html HTTP/1.1"
2562	2025/03/07 15:44:47	"GET /uv2582fip2582inf210/project_task_time.html HTTP/1.1"
2557	2025/03/07 15:45:01	"GET /uv2582fip2582inf210/project_task_time.html HTTP/1.1"
257	2025/03/07 15:45:10	"GET /uv2582fip2582inf210/project_part3.html HTTP/1.1"
2568	2025/03/07 15:45:49	"GET /uv2582fip2582inf210/project_part1.html HTTP/1.1"
2567	2025/03/07 15:46:41	"GET /uv2582fip2582inf210/project_part1.html HTTP/1.1"
2567	2025/03/07 15:46:44	"GET /uv2582fip2582inf210/project_part2.html HTTP/1.1"
2540	2025/03/07 15:50:30	"GET /uv2582fip2582inf210/project_structureui.html HTTP/1.1"
2540	2025/03/07 15:51:46	"GET /uv2582fip2582inf210/project_part3.html HTTP/1.1"
2564	2025/03/07 15:52:18	"GET /uv2582fip2582inf210/project_presentation.html HTTP/1.1"
2564	2025/03/07 15:52:22	"GET /uv2582fip2582inf210/project_part1.html HTTP/1.1"
2529	2025/03/07 15:53:10	"GET /uv2582fip2582inf210/project_presentation.html HTTP/1.1"
2529	2025/03/07 15:53:12	"GET /uv2582fip2582inf210/project_evaluation.html HTTP/1.1"
258	2025/03/07 15:53:14	"GET /uv2582fip2582inf210/project_specifications.html HTTP/1.1"
258	2025/03/07 15:53:19	"GET /uv2582fip2582inf210/project_task_time.html HTTP/1.1"
2557	2025/03/07 15:55:07	"GET /uv2582fip2582inf210/project_part1.html HTTP/1.1"
2527	2025/03/07 15:57:24	"GET /uv2582fip2582inf210/project_presentation.html HTTP/1.1"
2527	2025/03/07 15:57:29	"GET /uv2582fip2582inf210/project_part3.html HTTP/1.1"
2562	2025/03/07 15:58:44	"GET /uv2582fip2582inf210/project_part2.html HTTP/1.1"
2562	2025/03/07 15:58:47	"GET /uv2582fip2582inf210/project_part1.html HTTP/1.1"
2568	2025/03/07 15:59:12	"GET /uv2582fip2582inf210/project_part2.html HTTP/1.1"
2536	2025/03/07 15:59:14	"GET /uv2582fip2582inf210/project_presentation.html HTTP/1.1"
2557	2025/03/07 16:03:57	"GET /uv2582fip2582inf210/project_part1.html HTTP/1.1"
2557	2025/03/07 16:04:00	"GET /uv2582fip2582inf210/project_specifications.html HTTP/1.1"
2557	2025/03/07 16:06:20	"GET /uv2582fip2582inf210/project_part2.html HTTP/1.1"
257	2025/03/07 16:06:35	"GET /uv2582fip2582inf210/project_part3.html HTTP/1.1"
2540	2025/03/07 16:10:06	"GET /uv2582fip2582inf210/project_specifications.html HTTP/1.1"
2541	2025/03/07 16:13:10	"GET /uv2582fip2582inf210/project_specifications.html HTTP/1.1"
2522	2025/03/07 16:14:11	"GET /uv2582fip2582inf210/project_presentation.html HTTP/1.1"
2536	2025/03/07 16:14:22	"GET /uv2582fip2582inf210/project_part1.html HTTP/1.1"
2536	2025/03/07 16:14:38	"GET /uv2582fip2582inf210/project_specifications.html HTTP/1.1"
2514	2025/03/07 16:15:24	"GET /uv2582fip2582inf210/project_specifications.html HTTP/1.1"
2514	2025/03/07 16:15:27	"GET /uv2582fip2582inf210/project_part3.html HTTP/1.1"
2522	2025/03/07 16:16:47	"GET /uv2582fip2582inf210/project_part3.html HTTP/1.1"
2569	2025/03/07 16:17:04	"GET /uv2582fip2582inf210/project_specifications.html HTTP/1.1"
255	2025/03/07 16:18:43	"GET /uv2582fip2582inf210/project_part2.html HTTP/1.1"
2524	2025/03/07 16:19:00	"GET /uv2582fip2582inf210/project_task_time.html HTTP/1.1"
255	2025/03/07 16:19:23	"GET /uv2582fip2582inf210/project_part3.html HTTP/1.1"
2524	2025/03/07 16:20:03	"GET /uv2582fip2582inf210/project_specifications.html HTTP/1.1"
2540	2025/03/07 16:21:17	"GET /uv2582fip2582inf210/project_presentation.html HTTP/1.1"
2540	2025/03/07 16:21:19	"GET /uv2582fip2582inf210/project_structureui.html HTTP/1.1"
2564	2025/03/07 16:23:17	"GET /uv2582fip2582inf210/project_specifications.html HTTP/1.1"
2564	2025/03/07 16:33:07	"GET /uv2582fip2582inf210/project_part2.html HTTP/1.1"
2565	2025/03/07 16:34:53	"GET /uv2582fip2582inf210/project_part2.html HTTP/1.1"
2536	2025/03/07 16:36:41	"GET /uv2582fip2582inf210/project_part2.html HTTP/1.1"
257	2025/03/07 16:37:47	"GET /uv2582fip2582inf210/project_part3.html HTTP/1.1"
2526	2025/03/07 16:39:01	"GET /uv2582fip2582inf210/project_presentation.html HTTP/1.1"
2526	2025/03/07 16:39:08	"GET /uv2582fip2582inf210/project_part3.html HTTP/1.1"
2514	2025/03/07 16:39:48	"GET /uv2582fip2582inf210/project_task_time.html HTTP/1.1"
2529	2025/03/07 16:39:51	"GET /uv2582fip2582inf210/project_presentation.html HTTP/1.1"
2568	2025/03/07 16:43:29	"GET /uv2582fip2582inf210/project_presentation.html HTTP/1.1"
2568	2025/03/07 16:43:34	"GET /uv2582fip2582inf210/project_part2.html HTTP/1.1"
2526	2025/03/07 18:11:52	"GET /uv2582fip2582inf210/project_structureui.html HTTP/1.1"
2526	2025/03/07 18:12:06	"GET /uv2582fip2582inf210/project_part3.html HTTP/1.1"
2526	2025/03/07 18:12:45	"GET /uv2582fip2582inf210/project_presentation.html HTTP/1.1"
2526	2025/03/07 18:12:48	"GET /uv2582fip2582inf210/project_specifications.html HTTP/1.1"
2558	2025/03/07 20:14:10	"GET /uv2582fip2582inf210/project_presentation.html HTTP/1.1"
2544	2025/03/07 20:23:58	"GET /uv2582fip2582inf210/project_part3.html HTTP/1.1"
2533	2025/03/07 20:31:22	"GET /uv2582fip2582inf210/project_presentation.html HTTP/1.1"
2533	2025/03/07 20:31:29	"GET /uv2582fip2582inf210/project_part2.html HTTP/1.1"
2511	2025/03/07 22:10:45	"GET /uv2582fip2582inf210/project_presentation.html HTTP/1.1"
2511	2025/03/07 22:10:48	"GET /uv2582fip2582inf210/project_part3.html HTTP/1.1"
2511	2025/03/07 22:11:18	"GET /uv2582fip2582inf210/project_structureui.html HTTP/1.1"
2546	2025/03/07 22:54:46	"GET /uv2582fip2582inf210/project_specifications.html HTTP/1.1"
2546	2025/03/08 00:22:02	"GET /uv2582fip2582inf210/project_specifications.html HTTP/1.1"
2545	2025/03/12 02:21:25	"GET /uv2582fip2582inf210/project_presentation.html HTTP/1.1"
2545	2025/03/12 02:21:29	"GET /uv2582fip2582inf210/project_part2.html HTTP/1.1"
2567	2025/03/12 08:10:09	"GET /uv2582fip2582inf210/project_presentation.html HTTP/1.1"
2567	2025/03/12 08:10:15	"GET /uv2582fip2582inf210/project_part2.html HTTP/1.1"
2567	2025/03/12 08:12:24	"GET /uv2582fip2582inf210/project_part3.html HTTP/1.1"
2567	2025/03/12 08:12:30	"GET /uv2582fip2582inf210/project_structureui.html HTTP/1.1"
2513	2025/03/12 12:25:03	"GET /uv2582fip2582inf210/project_presentation.html HTTP/1.1"
255	2025/03/12 12:41:07	"GET /uv2582fip2582inf210/project_presentation.html HTTP/1.1"
255	2025/03/12 12:41:22	"GET /uv2582fip2582inf210/project_specifications.html HTTP/1.1"
2543	2025/03/12 12:59:51	"GET /uv2582fip2582inf210/index.html HTTP/1.1"
2543	2025/03/12 13:00:06	"GET /uv2582fip2582inf210/project_presentation.html HTTP/1.1"
2543	2025/03/12 13:00:11	"GET /uv2582fip2582inf210/project_specifications.html HTTP/1.1"
2522	2025/03/12 13:06:37	"GET /uv2582fip2582inf210/project_presentation.html HTTP/1.1"
2522	2025/03/12 13:06:54	"GET /uv2582fip2582inf210/project_specifications.html HTTP/1.1"
2574	2025/03/12 13:22:48	"GET /uv2582fip2582inf210/project_presentation.html HTTP/1.1"
2574	2025/03/12 13:22:52	"GET /uv2582fip2582inf210/project_part2.html HTTP/1.1"
2552	2025/03/12 13:28:56	"GET /uv2582fip2582inf210/project_presentation.html HTTP/1.1"
2552	2025/03/12 13:28:59	"GET /uv2582fip2582inf210/project_part2.html HTTP/1.1"
2574	2025/03/12 13:43:16	"GET /uv2582fip2582inf210/project_part3.html HTTP/1.1"
2574	2025/03/12 13:44:13	"GET /uv2582fip2582inf210/project_structureui.html HTTP/1.1"
2543	2025/03/12 15:18:05	"GET /uv2582fip2582inf210/index.html HTTP/1.1"
2543	2025/03/12 15:18:15	"GET /uv2582fip2582inf210/project_presentation.html HTTP/1.1"
2543	2025/03/12 15:18:18	"GET /uv2582fip2582inf210/project_specifications.html HTTP/1.1"
2574	2025/03/12 15:43:57	"GET /uv2582fip2582inf210/index.html HTTP/1.1"
2574	2025/03/12 15:43:57	"GET /uv2582fip2582inf210/index.html HTTP/1.1"
2574	2025/03/12 15:44:07	"GET /uv2582fip2582inf210/web_architecture_home.html HTTP/1.1"
2574	2025/03/12 15:44:11	"GET /uv2582fip2582inf210/practice_spring_2tiers.html HTTP/1.1"
2574	2025/03/12 15:44:15	"GET /uv2582fip2582inf210/practice_spring_2tiers_ext.html HTTP/1.1"
2544	2025/03/12 16:47:41	"GET /uv2582fip2582inf210/project_presentation.html HTTP/1.1"
2544	2025/03/12 16:48:43	"GET /uv2582fip2582inf210/project_part2.html HTTP/1.1"
2542	2025/03/12 17:15:52	"GET /uv2582fip2582inf210/data_home.html HTTP/1.1"
2542	2025/03/12 17:15:58	"GET /uv2582fip2582inf210/project_presentation.html HTTP/1.1"
2542	2025/03/12 17:16:04	"GET /uv2582fip2582inf210/project_part2.html HTTP/1.1"
2574	2025/03/12 17:20:15	"GET /uv2582fip2582inf210/web_architecture_home.html HTTP/1.1"
2524	2025/03/12 17:20:16	"GET /uv2582fip2582inf210/index.html HTTP/1.1"
2574	2025/03/12 17:20:23	"GET /uv2582fip2582inf210/project_part2.html HTTP/1.1"
2524	2025/03/12 17:26:23	"GET /uv2582fip2582inf210/technical_environment_home.html HTTP/1.1"
2524	2025/03/12 17:26:26	"GET /uv2582fip2582inf210/project_presentation.html HTTP/1.1"
2524	2025/03/12 17:26:32	"GET /uv2582fip2582inf210/project_specifications.html HTTP/1.1"
2545	2025/03/12 17:32:20	"GET /uv2582fip2582inf210/project_presentation.html HTTP/1.1"
2545	2025/03/12 17:32:24	"GET /uv2582fip2582inf210/project_part2.html HTTP/1.1"
2549	2025/03/12 18:05:01	"GET /uv2582fip2582inf210/technical_environment_home.html HTTP/1.1"
2549	2025/03/12 18:05:07	"GET /uv2582fip2582inf210/project_presentation.html HTTP/1.1"
2549	2025/03/12 18:05:11	"GET /uv2582fip2582inf210/project_evaluation.html HTTP/1.1"
2549	2025/03/12 18:05:13	"GET /uv2582fip2582inf210/project_specifications.html HTTP/1.1"
2534	2025/03/12 18:13:20	"GET /uv2582fip2582inf210/data_home.html HTTP/1.1"
2534	2025/03/12 18:13:24	"GET /uv2582fip2582inf210/index.html HTTP/1.1"
2534	2025/03/12 18:13:27	"GET /uv2582fip2582inf210/project_presentation.html HTTP/1.1"
2534	2025/03/12 18:13:30	"GET /uv2582fip2582inf210/project_specifications.html HTTP/1.1"
2544	2025/03/12 18:14:36	"GET /uv2582fip2582inf210/project_part3.html HTTP/1.1"
2545	2025/03/12 18:20:06	"GET /uv2582fip2582inf210/project_part1.html HTTP/1.1"
2529	2025/03/12 18:24:52	"GET /uv2582fip2582inf210/project_specifications.html HTTP/1.1"
2523	2025/03/12 18:51:38	"GET /uv2582fip2582inf210/project_presentation.html HTTP/1.1"
2523	2025/03/12 18:51:38	"GET /uv2582fip2582inf210/project_presentation.html HTTP/1.1"
2523	2025/03/12 18:51:45	"GET /uv2582fip2582inf210/project_part3.html HTTP/1.1"
2523	2025/03/12 18:51:45	"GET /uv2582fip2582inf210/project_part3.html HTTP/1.1"
2523	2025/03/12 19:08:01	"GET /uv2582fip2582inf210/project_specifications.html HTTP/1.1"
2523	2025/03/12 19:08:02	"GET /uv2582fip2582inf210/project_specifications.html HTTP/1.1"
2574	2025/03/12 19:16:28	"GET /uv2582fip2582inf210/project_specifications.html HTTP/1.1"
2569	2025/03/12 19:27:42	"GET /uv2582fip2582inf210/project_presentation.html HTTP/1.1"
2569	2025/03/12 19:27:46	"GET /uv2582fip2582inf210/project_part2.html HTTP/1.1"
2574	2025/03/12 19:43:36	"GET /uv2582fip2582inf210/project_part2.html HTTP/1.1"
2569	2025/03/12 19:52:28	"GET /uv2582fip2582inf210/project_part1.html HTTP/1.1"
2569	2025/03/12 19:52:36	"GET /uv2582fip2582inf210/project_specifications.html HTTP/1.1"
2536	2025/03/12 19:54:42	"GET /uv2582fip2582inf210/project_specifications.html HTTP/1.1"
2536	2025/03/12 19:54:54	"GET /uv2582fip2582inf210/project_part1.html HTTP/1.1"
2545	2025/03/12 20:07:44	"GET /uv2582fip2582inf210/project_part2.html HTTP/1.1"
2553	2025/03/12 20:08:41	"GET /uv2582fip2582inf210/web_architecture_home.html HTTP/1.1"
2553	2025/03/12 20:08:44	"GET /uv2582fip2582inf210/project_presentation.html HTTP/1.1"
2553	2025/03/12 20:08:47	"GET /uv2582fip2582inf210/project_part2.html HTTP/1.1"
2569	2025/03/12 20:13:42	"GET /uv2582fip2582inf210/project_presentation.html HTTP/1.1"
2569	2025/03/12 20:13:45	"GET /uv2582fip2582inf210/project_part2.html HTTP/1.1"
2554	2025/03/12 20:49:13	"GET /uv2582fip2582inf210/project_part2.html HTTP/1.1"
256	2025/03/12 20:58:32	"GET /uv2582fip2582inf210/project_part1.html HTTP/1.1"
2521	2025/03/12 21:16:41	"GET /uv2582fip2582inf210/project_presentation.html HTTP/1.1"
2521	2025/03/12 21:16:44	"GET /uv2582fip2582inf210/project_part2.html HTTP/1.1"
2551	2025/03/12 21:17:56	"GET /uv2582fip2582inf210/project_part2.html HTTP/1.1"
2530	2025/03/12 21:29:00	"GET /uv2582fip2582inf210/project_presentation.html HTTP/1.1"
2530	2025/03/12 21:29:02	"GET /uv2582fip2582inf210/project_part3.html HTTP/1.1"
2533	2025/03/12 21:44:13	"GET /uv2582fip2582inf210/project_presentation.html HTTP/1.1"
2533	2025/03/12 21:44:15	"GET /uv2582fip2582inf210/project_part2.html HTTP/1.1"
2530	2025/03/12 21:44:33	"GET /uv2582fip2582inf210/project_specifications.html HTTP/1.1"
2530	2025/03/12 21:45:53	"GET /uv2582fip2582inf210/project_structureui.html HTTP/1.1"
2570	2025/03/12 22:17:58	"GET /uv2582fip2582inf210/data_home.html HTTP/1.1"
2570	2025/03/12 22:18:02	"GET /uv2582fip2582inf210/project_presentation.html HTTP/1.1"
2570	2025/03/12 22:18:06	"GET /uv2582fip2582inf210/project_part2.html HTTP/1.1"
2558	2025/09/03 15:48:06	"GET /uv2582fip2582inf210/web_architecture_home.html HTTP/1.1"
2529	2025/01/23 18:19:06	"GET /uv2582fip2582inf210/technical_environment_home.html HTTP/1.1"
2529	2025/01/23 18:19:18	"GET /uv2582fip2582inf210/index.html HTTP/1.1"
2529	2025/01/23 18:21:16	"GET /uv2582fip2582inf210/images/prerequisite_techenv/prerequisite_techenv_2025.html HTTP/1.1"
2548	2025/01/23 18:31:58	"GET /uv2582fip2582inf210/technical_environment_home.html HTTP/1.1"
2529	2025/01/23 23:05:03	"GET /uv2582fip2582inf210/documentation_docker.html HTTP/1.1"
255	2025/02/19 07:40:20	"GET /uv2582fip2582inf210/index.html HTTP/1.1"
255	2025/02/19 07:40:25	"GET /uv2582fip2582inf210/data_home.html HTTP/1.1"
255	2025/02/19 07:40:33	"GET /uv2582fip2582inf210/activity_conceptual_modeling.html HTTP/1.1"
255	2025/02/19 07:40:35	"GET /uv2582fip2582inf210/lecture_conceptual_modeling.html HTTP/1.1"
255	2025/02/19 08:25:07	"GET /uv2582fip2582inf210/lecture_relational_model.html HTTP/1.1"
255	2025/02/19 08:25:13	"GET /uv2582fip2582inf210/lecture_db_integrity.html HTTP/1.1"
255	2025/02/19 08:26:10	"GET /uv2582fip2582inf210/lecture_relational_model.html HTTP/1.1"
255	2025/02/19 08:26:25	"GET /uv2582fip2582inf210/lecture_db_integrity.html HTTP/1.1"
255	2025/02/19 08:26:29	"GET /uv2582fip2582inf210/activity_relational_model.html HTTP/1.1"
255	2025/02/19 08:26:40	"GET /uv2582fip2582inf210/lecture_modeling_normalization.html HTTP/1.1"
255	2025/02/19 08:26:43	"GET /uv2582fip2582inf210/lecture_conceptual_modeling.html HTTP/1.1"
255	2025/02/19 08:26:51	"GET /uv2582fip2582inf210/lecture_normalization.html HTTP/1.1"
255	2025/02/19 08:26:58	"GET /uv2582fip2582inf210/activity_sql.html HTTP/1.1"
255	2025/02/19 08:27:08	"GET /uv2582fip2582inf210/practice_sql.html HTTP/1.1"
255	2025/02/19 08:27:13	"GET /uv2582fip2582inf210/lecture_transaction.html HTTP/1.1"
255	2025/02/19 08:27:18	"GET /uv2582fip2582inf210/practice_transaction.html HTTP/1.1"
255	2025/02/19 13:04:17	"GET /uv2582fip2582inf210/index.html HTTP/1.1"
255	2025/02/19 13:12:21	"GET /uv2582fip2582inf210/web_architecture_home.html HTTP/1.1"
255	2025/02/19 13:12:29	"GET /uv2582fip2582inf210/lecture_mvc_spring.html HTTP/1.1"
2563	2025/02/19 13:50:19	"GET /uv2582fip2582inf210/data_home.html HTTP/1.1"
2563	2025/02/19 13:50:23	"GET /uv2582fip2582inf210/web_architecture_home.html HTTP/1.1"
2563	2025/02/19 13:50:27	"GET /uv2582fip2582inf210/practice_jpa_advanced.html HTTP/1.1"
2563	2025/02/19 13:50:39	"GET /uv2582fip2582inf210/practice_jpa.html HTTP/1.1"
2563	2025/02/19 13:53:48	"GET /uv2582fip2582inf210/practice_spring_2tiers.html HTTP/1.1"
2536	2025/02/19 13:54:18	"GET /uv2582fip2582inf210/web_architecture_home.html HTTP/1.1"
2536	2025/02/19 13:54:45	"GET /uv2582fip2582inf210/index.html HTTP/1.1"
2536	2025/02/19 13:55:16	"GET /uv2582fip2582inf210/index.html HTTP/1.1"
2536	2025/02/19 13:55:20	"GET /uv2582fip2582inf210/data_home.html HTTP/1.1"
2536	2025/02/19 13:55:21	"GET /uv2582fip2582inf210/index.html HTTP/1.1"
2536	2025/02/19 13:55:25	"GET /uv2582fip2582inf210/web_architecture_home.html HTTP/1.1"
2561	2025/02/19 13:56:12	"GET /uv2582fip2582inf210/web_architecture_home.html HTTP/1.1"
2561	2025/02/19 13:57:10	"GET /uv2582fip2582inf210/practice_jpa_advanced.html HTTP/1.1"
2561	2025/02/19 13:58:14	"GET /uv2582fip2582inf210/practice_spring_2tiers.html HTTP/1.1"
2561	2025/02/19 13:58:41	"GET /uv2582fip2582inf210/practice_jpa_advanced.html HTTP/1.1"
255	2025/02/19 14:01:12	"GET /uv2582fip2582inf210/index.html HTTP/1.1"
2569	2025/02/19 14:02:48	"GET /uv2582fip2582inf210/practice_jpa_advanced.html HTTP/1.1"
2558	2025/02/19 14:03:35	"GET /uv2582fip2582inf210/practice_postgresql.html HTTP/1.1"
2558	2025/02/19 14:03:38	"GET /uv2582fip2582inf210/index.html HTTP/1.1"
2558	2025/02/19 14:03:40	"GET /uv2582fip2582inf210/web_architecture_home.html HTTP/1.1"
2539	2025/02/19 14:03:50	"GET /uv2582fip2582inf210/web_architecture_home.html HTTP/1.1"
2535	2025/02/19 14:03:50	"GET /uv2582fip2582inf210/practice_spring_2tiers.html HTTP/1.1"
2539	2025/02/19 14:03:52	"GET /uv2582fip2582inf210/practice_spring_2tiers.html HTTP/1.1"
2536	2025/02/19 14:03:56	"GET /uv2582fip2582inf210/practice_jpa_advanced.html HTTP/1.1"
2568	2025/02/19 14:04:29	"GET /uv2582fip2582inf210/web_architecture_home.html HTTP/1.1"
2566	2025/02/19 14:04:45	"GET /uv2582fip2582inf210/technical_environment_home.html HTTP/1.1"
2568	2025/02/19 14:04:47	"GET /uv2582fip2582inf210/practice_jpa_advanced.html HTTP/1.1"
2569	2025/02/19 14:04:48	"GET /uv2582fip2582inf210/lecture_jaxb.html HTTP/1.1"
2516	2025/02/19 14:04:51	"GET /uv2582fip2582inf210/project_home.html HTTP/1.1"
2558	2025/02/19 14:05:08	"GET /uv2582fip2582inf210/practice_jpa_advanced.html HTTP/1.1"
2571	2025/02/19 14:05:12	"GET /uv2582fip2582inf210/web_architecture_home.html HTTP/1.1"
2571	2025/02/19 14:05:16	"GET /uv2582fip2582inf210/images/prerequisite_archiweb/prerequisite_archiweb_2025.html HTTP/1.1"
2571	2025/02/19 14:05:17	"GET /uv2582fip2582inf210/practice_spring_2tiers.html HTTP/1.1"
2569	2025/02/19 14:05:33	"GET /uv2582fip2582inf210/lecture_xml.html HTTP/1.1"
2571	2025/02/19 14:05:38	"GET /uv2582fip2582inf210/practice_jpa.html HTTP/1.1"
2572	2025/02/19 14:05:41	"GET /uv2582fip2582inf210/web_architecture_home.html HTTP/1.1"
2572	2025/02/19 14:05:44	"GET /uv2582fip2582inf210/practice_jpa_advanced.html HTTP/1.1"
2572	2025/02/19 14:05:53	"GET /uv2582fip2582inf210/practice_jpa.html HTTP/1.1"
2567	2025/02/19 14:06:07	"GET /uv2582fip2582inf210/web_architecture_home.html HTTP/1.1"
2574	2025/02/19 14:06:09	"GET /uv2582fip2582inf210/practice_spring_2tiers.html HTTP/1.1"
2571	2025/02/19 14:06:12	"GET /uv2582fip2582inf210/practice_jpa_advanced.html HTTP/1.1"
2567	2025/02/19 14:06:16	"GET /uv2582fip2582inf210/practice_jpa_advanced.html HTTP/1.1"
2535	2025/02/19 14:07:00	"GET /uv2582fip2582inf210/practice_spring_2tiers_ext.html HTTP/1.1"
2541	2025/02/19 14:07:19	"GET /uv2582fip2582inf210/web_architecture_home.html HTTP/1.1"
2564	2025/02/19 14:07:59	"GET /uv2582fip2582inf210/data_home.html HTTP/1.1"
2564	2025/02/19 14:08:02	"GET /uv2582fip2582inf210/project_home.html HTTP/1.1"
2564	2025/02/19 14:08:06	"GET /uv2582fip2582inf210/web_architecture_home.html HTTP/1.1"
2553	2025/02/19 14:08:08	"GET /uv2582fip2582inf210/project_home.html HTTP/1.1"
2553	2025/02/19 14:08:12	"GET /uv2582fip2582inf210/index.html HTTP/1.1"
2564	2025/02/19 14:08:14	"GET /uv2582fip2582inf210/lecture_mvc_spring.html HTTP/1.1"
2565	2025/02/19 14:08:46	"GET /uv2582fip2582inf210/data_home.html HTTP/1.1"
2565	2025/02/19 14:08:51	"GET /uv2582fip2582inf210/web_architecture_home.html HTTP/1.1"
2564	2025/02/19 14:08:56	"GET /uv2582fip2582inf210/practice_xml.html HTTP/1.1"
2565	2025/02/19 14:08:57	"GET /uv2582fip2582inf210/practice_jpa_advanced.html HTTP/1.1"
2574	2025/02/19 14:09:04	"GET /uv2582fip2582inf210/practice_xml.html HTTP/1.1"
2558	2025/02/19 14:09:07	"GET /uv2582fip2582inf210/practice_jpa.html HTTP/1.1"
2563	2025/02/19 14:09:08	"GET /uv2582fip2582inf210/web_architecture_home.html HTTP/1.1"
2511	2025/02/19 14:09:11	"GET /uv2582fip2582inf210/data_home.html HTTP/1.1"
2535	2025/02/19 14:09:11	"GET /uv2582fip2582inf210/lecture_xml.html HTTP/1.1"
2573	2025/02/19 14:09:11	"GET /uv2582fip2582inf210/web_architecture_home.html HTTP/1.1"
2563	2025/02/19 14:09:13	"GET /uv2582fip2582inf210/practice_jpa_advanced.html HTTP/1.1"
2511	2025/02/19 14:09:19	"GET /uv2582fip2582inf210/web_architecture_home.html HTTP/1.1"
2511	2025/02/19 14:09:24	"GET /uv2582fip2582inf210/technical_environment_home.html HTTP/1.1"
2511	2025/02/19 14:09:29	"GET /uv2582fip2582inf210/practice_spring.html HTTP/1.1"
2519	2025/02/19 14:09:31	"GET /uv2582fip2582inf210/web_architecture_home.html HTTP/1.1"
2535	2025/02/19 14:10:05	"GET /uv2582fip2582inf210/practice_xml.html HTTP/1.1"
2519	2025/02/19 14:10:29	"GET /uv2582fip2582inf210/images/prerequisite_archiweb/prerequisite_archiweb_2025.html HTTP/1.1"
256	2025/02/19 14:10:30	"GET /uv2582fip2582inf210/web_architecture_home.html HTTP/1.1"
256	2025/02/19 14:10:36	"GET /uv2582fip2582inf210/images/prerequisite_archiweb/prerequisite_archiweb_2025.html HTTP/1.1"
256	2025/02/19 14:10:37	"GET /uv2582fip2582inf210/lecture_json.html HTTP/1.1"
2569	2025/02/19 14:10:38	"GET /uv2582fip2582inf210/practice_xml.html HTTP/1.1"
256	2025/02/19 14:10:51	"GET /uv2582fip2582inf210/lecture_mvc_spring.html HTTP/1.1"
256	2025/02/19 14:10:59	"GET /uv2582fip2582inf210/practice_spring_2tiers.html HTTP/1.1"
2526	2025/02/19 14:12:03	"GET /uv2582fip2582inf210/index.html HTTP/1.1"
2526	2025/02/19 14:12:33	"GET /uv2582fip2582inf210/lecture_technical_architecture.html HTTP/1.1"
2526	2025/02/19 14:12:39	"GET /uv2582fip2582inf210/lecture_software_architecture.html HTTP/1.1"
2526	2025/02/19 14:12:43	"GET /uv2582fip2582inf210/lecture_dto.html HTTP/1.1"
2526	2025/02/19 14:12:47	"GET /uv2582fip2582inf210/lecture_mvc_spring.html HTTP/1.1"
2573	2025/02/19 14:12:50	"GET /uv2582fip2582inf210/index.html HTTP/1.1"
2546	2025/02/19 14:13:01	"GET /uv2582fip2582inf210/web_architecture_home.html HTTP/1.1"
2546	2025/02/19 14:13:07	"GET /uv2582fip2582inf210/images/prerequisite_archiweb/prerequisite_archiweb_2025.html HTTP/1.1"
2526	2025/02/19 14:13:08	"GET /uv2582fip2582inf210/lecture_jpa.html HTTP/1.1"
2546	2025/02/19 14:13:10	"GET /uv2582fip2582inf210/practice_spring_2tiers.html HTTP/1.1"
2526	2025/02/19 14:13:12	"GET /uv2582fip2582inf210/practice_jpa.html HTTP/1.1"
2545	2025/02/19 14:13:17	"GET /uv2582fip2582inf210/project_home.html HTTP/1.1"
2521	2025/02/19 14:13:29	"GET /uv2582fip2582inf210/data_home.html HTTP/1.1"
2521	2025/02/19 14:13:34	"GET /uv2582fip2582inf210/web_architecture_home.html HTTP/1.1"
2521	2025/02/19 14:13:37	"GET /uv2582fip2582inf210/images/prerequisite_archiweb/prerequisite_archiweb_2025.html HTTP/1.1"
2521	2025/02/19 14:13:39	"GET /uv2582fip2582inf210/practice_spring_2tiers.html HTTP/1.1"
2573	2025/02/19 14:14:11	"GET /uv2582fip2582inf210/lecture_xml.html HTTP/1.1"
2574	2025/02/19 14:15:07	"GET /uv2582fip2582inf210/lecture_xml.html HTTP/1.1"
2510	2025/02/19 14:15:54	"GET /uv2582fip2582inf210/project_home.html HTTP/1.1"
2510	2025/02/19 14:16:00	"GET /uv2582fip2582inf210/data_home.html HTTP/1.1"
2548	2025/02/19 14:16:24	"GET /uv2582fip2582inf210/web_architecture_home.html HTTP/1.1"
2548	2025/02/19 14:16:31	"GET /uv2582fip2582inf210/practice_spring_2tiers.html HTTP/1.1"
2525	2025/02/19 14:17:02	"GET /uv2582fip2582inf210/web_architecture_home.html HTTP/1.1"
2525	2025/02/19 14:17:04	"GET /uv2582fip2582inf210/web_architecture_home.html HTTP/1.1"
2525	2025/02/19 14:17:10	"GET /uv2582fip2582inf210/practice_jpa.html HTTP/1.1"
2525	2025/02/19 14:17:12	"GET /uv2582fip2582inf210/practice_jpa.html HTTP/1.1"
2571	2025/02/19 14:17:40	"GET /uv2582fip2582inf210/lecture_mvc_spring.html HTTP/1.1"
2571	2025/02/19 14:17:50	"GET /uv2582fip2582inf210/lecture_software_architecture.html HTTP/1.1"
2512	2025/02/19 14:18:04	"GET /uv2582fip2582inf210/index.html HTTP/1.1"
2512	2025/02/19 14:18:11	"GET /uv2582fip2582inf210/project_home.html HTTP/1.1"
2512	2025/02/19 14:18:19	"GET /uv2582fip2582inf210/data_home.html HTTP/1.1"
2519	2025/02/19 14:18:27	"GET /uv2582fip2582inf210/practice_spring_2tiers.html HTTP/1.1"
2525	2025/02/19 14:18:41	"GET /uv2582fip2582inf210/practice_spring_2tiers.html HTTP/1.1"
2512	2025/02/19 14:18:41	"GET /uv2582fip2582inf210/practice_jpa.html HTTP/1.1"
2525	2025/02/19 14:18:48	"GET /uv2582fip2582inf210/practice_spring_2tiers.html HTTP/1.1"
2512	2025/02/19 14:18:56	"GET /uv2582fip2582inf210/practice_jpa_advanced.html HTTP/1.1"
2512	2025/02/19 14:18:59	"GET /uv2582fip2582inf210/practice_spring_2tiers.html HTTP/1.1"
2557	2025/02/19 14:19:29	"GET /uv2582fip2582inf210/practice_jpa.html HTTP/1.1"
2561	2025/02/19 14:20:29	"GET /uv2582fip2582inf210/practice_jpa.html HTTP/1.1"
2564	2025/02/19 14:20:59	"GET /uv2582fip2582inf210/lecture_xml.html HTTP/1.1"
2573	2025/02/19 14:21:28	"GET /uv2582fip2582inf210/practice_xml.html HTTP/1.1"
2511	2025/02/19 14:21:55	"GET /uv2582fip2582inf210/documentation_programming.html HTTP/1.1"
2511	2025/02/19 14:22:03	"GET /uv2582fip2582inf210/documentation_docker.html HTTP/1.1"
2511	2025/02/19 14:22:19	"GET /uv2582fip2582inf210/practice_postgresql.html HTTP/1.1"
2561	2025/02/19 14:23:30	"GET /uv2582fip2582inf210/practice_jpa_advanced.html HTTP/1.1"
2570	2025/02/19 14:23:38	"GET /uv2582fip2582inf210/data_home.html HTTP/1.1"
2512	2025/02/19 14:28:34	"GET /uv2582fip2582inf210/practice_xml.html HTTP/1.1"
2570	2025/02/19 14:29:01	"GET /uv2582fip2582inf210/data_home.html HTTP/1.1"
2570	2025/02/19 14:29:15	"GET /uv2582fip2582inf210/project_home.html HTTP/1.1"
2570	2025/02/19 14:29:20	"GET /uv2582fip2582inf210/technical_environment_home.html HTTP/1.1"
2570	2025/02/19 14:29:25	"GET /uv2582fip2582inf210/web_architecture_home.html HTTP/1.1"
2570	2025/02/19 14:29:30	"GET /uv2582fip2582inf210/practice_jpa.html HTTP/1.1"
2545	2025/02/19 14:29:43	"GET /uv2582fip2582inf210/data_home.html HTTP/1.1"
2545	2025/02/19 14:29:50	"GET /uv2582fip2582inf210/web_architecture_home.html HTTP/1.1"
2570	2025/02/19 14:30:17	"GET /uv2582fip2582inf210/lecture_xml.html HTTP/1.1"
252	2025/02/19 14:30:22	"GET /uv2582fip2582inf210/web_architecture_home.html HTTP/1.1"
252	2025/02/19 14:30:27	"GET /uv2582fip2582inf210/practice_spring_2tiers.html HTTP/1.1"
2570	2025/02/19 14:30:56	"GET /uv2582fip2582inf210/lecture_validity.html HTTP/1.1"
2572	2025/02/19 14:34:47	"GET /uv2582fip2582inf210/lecture_xml.html HTTP/1.1"
2571	2025/02/19 14:35:01	"GET /uv2582fip2582inf210/lecture_xml.html HTTP/1.1"
2570	2025/02/19 14:35:16	"GET /uv2582fip2582inf210/practice_jpa_advanced.html HTTP/1.1"
2561	2025/02/19 14:37:56	"GET /uv2582fip2582inf210/web_architecture_home.html HTTP/1.1"
2561	2025/02/19 14:38:14	"GET /uv2582fip2582inf210/practice_jpa_advanced.html HTTP/1.1"
2572	2025/02/19 14:38:27	"GET /uv2582fip2582inf210/practice_xml.html HTTP/1.1"
2571	2025/02/19 14:39:06	"GET /uv2582fip2582inf210/practice_xml.html HTTP/1.1"
2511	2025/02/19 14:39:43	"GET /uv2582fip2582inf210/index.html HTTP/1.1"
2575	2025/02/19 14:40:13	"GET /uv2582fip2582inf210/technical_environment_home.html HTTP/1.1"
2575	2025/02/19 14:40:23	"GET /uv2582fip2582inf210/web_architecture_home.html HTTP/1.1"
2575	2025/02/19 14:40:29	"GET /uv2582fip2582inf210/practice_jpa_advanced.html HTTP/1.1"
2561	2025/02/19 14:45:43	"GET /uv2582fip2582inf210/index.html HTTP/1.1"
2571	2025/02/19 14:45:55	"GET /uv2582fip2582inf210/lecture_validity.html HTTP/1.1"
2561	2025/02/19 14:46:11	"GET /uv2582fip2582inf210/data_home.html HTTP/1.1"
2567	2025/02/19 14:48:48	"GET /uv2582fip2582inf210/lecture_xml.html HTTP/1.1"
2567	2025/02/19 14:49:03	"GET /uv2582fip2582inf210/practice_xml.html HTTP/1.1"
2567	2025/02/19 14:49:17	"GET /uv2582fip2582inf210/practice_json.html HTTP/1.1"
2561	2025/02/19 14:49:20	"GET /uv2582fip2582inf210/data_home.html HTTP/1.1"
2561	2025/02/19 14:49:26	"GET /uv2582fip2582inf210/web_architecture_home.html HTTP/1.1"
2561	2025/02/19 14:49:31	"GET /uv2582fip2582inf210/practice_jpa_advanced.html HTTP/1.1"
2563	2025/02/19 14:53:07	"GET /uv2582fip2582inf210/lecture_xml.html HTTP/1.1"
259	2025/02/19 14:55:18	"GET /uv2582fip2582inf210/technical_environment_home.html HTTP/1.1"
259	2025/02/19 14:55:46	"GET /uv2582fip2582inf210/documentation_programming.html HTTP/1.1"
2565	2025/02/19 14:55:56	"GET /uv2582fip2582inf210/lecture_xml.html HTTP/1.1"
2568	2025/02/19 14:55:57	"GET /uv2582fip2582inf210/practice_spring_2tiers.html HTTP/1.1"
259	2025/02/19 14:55:58	"GET /uv2582fip2582inf210/practice_spring.html HTTP/1.1"
2568	2025/02/19 14:56:03	"GET /uv2582fip2582inf210/lecture_technical_architecture.html HTTP/1.1"
2568	2025/02/19 14:56:05	"GET /uv2582fip2582inf210/index.html HTTP/1.1"
2568	2025/02/19 14:56:13	"GET /uv2582fip2582inf210/images/prerequisite_archiweb/prerequisite_archiweb_2025.html HTTP/1.1"
259	2025/02/19 14:56:22	"GET /uv2582fip2582inf210/web_architecture_home.html HTTP/1.1"
259	2025/02/19 14:56:29	"GET /uv2582fip2582inf210/lecture_technical_architecture.html HTTP/1.1"
2568	2025/02/19 14:56:38	"GET /uv2582fip2582inf210/lecture_xml.html HTTP/1.1"
259	2025/02/19 14:56:47	"GET /uv2582fip2582inf210/lecture_software_architecture.html HTTP/1.1"
259	2025/02/19 14:56:55	"GET /uv2582fip2582inf210/lecture_dto.html HTTP/1.1"
2566	2025/02/19 14:57:07	"GET /uv2582fip2582inf210/lecture_xml.html HTTP/1.1"
2568	2025/02/19 14:57:31	"GET /uv2582fip2582inf210/lecture_validity.html HTTP/1.1"
259	2025/02/19 14:57:49	"GET /uv2582fip2582inf210/lecture_mvc_spring.html HTTP/1.1"
259	2025/02/19 14:58:36	"GET /uv2582fip2582inf210/practice_spring_2tiers.html HTTP/1.1"
259	2025/02/19 15:00:36	"GET /uv2582fip2582inf210/lecture_jpa.html HTTP/1.1"
2568	2025/02/19 15:00:41	"GET /uv2582fip2582inf210/practice_xml.html HTTP/1.1"
2574	2025/02/19 15:01:30	"GET /uv2582fip2582inf210/practice_xml.html HTTP/1.1"
2561	2025/02/19 15:04:55	"GET /uv2582fip2582inf210/practice_spring_2tiers.html HTTP/1.1"
2561	2025/02/19 15:04:58	"GET /uv2582fip2582inf210/index.html HTTP/1.1"
2563	2025/02/19 15:04:59	"GET /uv2582fip2582inf210/lecture_validity.html HTTP/1.1"
2563	2025/02/19 15:05:08	"GET /uv2582fip2582inf210/practice_xml.html HTTP/1.1"
2561	2025/02/19 15:06:08	"GET /uv2582fip2582inf210/project_home.html HTTP/1.1"
2561	2025/02/19 15:06:17	"GET /uv2582fip2582inf210/index.html HTTP/1.1"
2561	2025/02/19 15:07:35	"GET /uv2582fip2582inf210/lecture_xml.html HTTP/1.1"
2561	2025/02/19 15:09:33	"GET /uv2582fip2582inf210/lecture_xml.html HTTP/1.1"
2569	2025/02/19 15:12:50	"GET /uv2582fip2582inf210/practice_jpa_advanced.html HTTP/1.1"
2556	2025/02/19 15:27:36	"GET /uv2582fip2582inf210/technical_environment_home.html HTTP/1.1"
2556	2025/02/19 15:28:06	"GET /uv2582fip2582inf210/documentation_docker.html HTTP/1.1"
2512	2025/02/19 15:30:20	"GET /uv2582fip2582inf210/practice_json.html HTTP/1.1"
2556	2025/02/19 15:35:48	"GET /uv2582fip2582inf210/practice_docker.html HTTP/1.1"
2556	2025/02/19 15:38:10	"GET /uv2582fip2582inf210/practice_spring_2tiers.html HTTP/1.1"
2514	2025/02/19 15:40:03	"GET /uv2582fip2582inf210/index.html HTTP/1.1"
2568	2025/02/19 15:40:35	"GET /uv2582fip2582inf210/index.html HTTP/1.1"
2568	2025/02/19 15:40:40	"GET /uv2582fip2582inf210/practice_xml.html HTTP/1.1"
2514	2025/02/19 15:40:59	"GET /uv2582fip2582inf210/lecture_jpa.html HTTP/1.1"
2536	2025/02/19 15:41:13	"GET /uv2582fip2582inf210/lecture_xml.html HTTP/1.1"
2536	2025/02/19 15:42:24	"GET /uv2582fip2582inf210/lecture_xml.html HTTP/1.1"
2556	2025/02/19 15:43:25	"GET /uv2582fip2582inf210/practice_docker_advanced.html HTTP/1.1"
2556	2025/02/19 15:43:32	"GET /uv2582fip2582inf210/practice_postgresql.html HTTP/1.1"
2549	2025/02/19 15:44:30	"GET /uv2582fip2582inf210/web_architecture_home.html HTTP/1.1"
2549	2025/02/19 15:44:36	"GET /uv2582fip2582inf210/images/prerequisite_archiweb/prerequisite_archiweb_2025.html HTTP/1.1"
2549	2025/02/19 15:46:50	"GET /uv2582fip2582inf210/lecture_xml.html HTTP/1.1"
2556	2025/02/19 15:47:11	"GET /uv2582fip2582inf210/documentation_rdbms.html HTTP/1.1"
2549	2025/02/19 15:52:55	"GET /uv2582fip2582inf210/lecture_validity.html HTTP/1.1"
2518	2025/02/19 15:55:59	"GET /uv2582fip2582inf210/web_architecture_home.html HTTP/1.1"
2518	2025/02/19 15:56:07	"GET /uv2582fip2582inf210/images/prerequisite_archiweb/prerequisite_archiweb_2025.html HTTP/1.1"
2518	2025/02/19 15:56:16	"GET /uv2582fip2582inf210/lecture_dto.html HTTP/1.1"
2549	2025/02/19 15:56:20	"GET /uv2582fip2582inf210/practice_xml.html HTTP/1.1"
2514	2025/02/19 16:01:55	"GET /uv2582fip2582inf210/practice_spring_2tiers.html HTTP/1.1"
2536	2025/02/19 16:02:02	"GET /uv2582fip2582inf210/practice_xml.html HTTP/1.1"
2514	2025/02/19 16:02:02	"GET /uv2582fip2582inf210/practice_jpa_advanced.html HTTP/1.1"
2514	2025/02/19 16:02:17	"GET /uv2582fip2582inf210/practice_jpa.html HTTP/1.1"
2514	2025/02/19 16:03:15	"GET /uv2582fip2582inf210/practice_spring_2tiers_ext.html HTTP/1.1"
2518	2025/02/19 16:05:06	"GET /uv2582fip2582inf210/lecture_xml.html HTTP/1.1"
2558	2025/02/19 16:05:47	"GET /uv2582fip2582inf210/practice_spring_2tiers.html HTTP/1.1"
2531	2025/02/19 16:06:31	"GET /uv2582fip2582inf210/web_architecture_home.html HTTP/1.1"
2531	2025/02/19 16:06:49	"GET /uv2582fip2582inf210/practice_jpa_advanced.html HTTP/1.1"
255	2025/02/19 16:07:16	"GET /uv2582fip2582inf210/practice_spring_2tiers.html HTTP/1.1"
2549	2025/02/19 16:13:01	"GET /uv2582fip2582inf210/data_home.html HTTP/1.1"
2551	2025/02/19 16:14:34	"GET /uv2582fip2582inf210/index.html HTTP/1.1"
2569	2025/02/19 16:14:49	"GET /uv2582fip2582inf210/practice_xml.html HTTP/1.1"
2551	2025/02/19 16:15:44	"GET /uv2582fip2582inf210/data_home.html HTTP/1.1"
2551	2025/02/19 16:16:11	"GET /uv2582fip2582inf210/lecture_xml.html HTTP/1.1"
2551	2025/02/19 16:16:23	"GET /uv2582fip2582inf210/practice_xml.html HTTP/1.1"
2551	2025/02/19 16:16:38	"GET /uv2582fip2582inf210/practice_spring_2tiers.html HTTP/1.1"
2561	2025/02/19 16:16:59	"GET /uv2582fip2582inf210/practice_xml.html HTTP/1.1"
2551	2025/02/19 16:17:12	"GET /uv2582fip2582inf210/practice_spring_2tiers_ext.html HTTP/1.1"
2558	2025/02/19 16:17:55	"GET /uv2582fip2582inf210/practice_xml.html HTTP/1.1"
2575	2025/02/19 16:18:05	"GET /uv2582fip2582inf210/lecture_xml.html HTTP/1.1"
2518	2025/02/19 16:19:31	"GET /uv2582fip2582inf210/lecture_validity.html HTTP/1.1"
259	2025/02/19 16:20:00	"GET /uv2582fip2582inf210/lecture_technical_architecture.html HTTP/1.1"
2561	2025/02/19 16:21:04	"GET /uv2582fip2582inf210/practice_xml.html HTTP/1.1"
2561	2025/02/19 16:21:05	"GET /uv2582fip2582inf210/practice_xml.html HTTP/1.1"
259	2025/02/19 16:21:08	"GET /uv2582fip2582inf210/practice_jpa_advanced.html HTTP/1.1"
259	2025/02/19 16:21:10	"GET /uv2582fip2582inf210/practice_jpa.html HTTP/1.1"
2518	2025/02/19 16:21:13	"GET /uv2582fip2582inf210/practice_xml.html HTTP/1.1"
2518	2025/02/19 16:21:56	"GET /uv2582fip2582inf210/index.html HTTP/1.1"
2518	2025/02/19 16:22:03	"GET /uv2582fip2582inf210/data_home.html HTTP/1.1"
2518	2025/02/19 16:22:04	"GET /uv2582fip2582inf210/images/prerequisite_data/prerequisite_data_2025.html HTTP/1.1"
2518	2025/02/19 16:22:37	"GET /uv2582fip2582inf210/project_home.html HTTP/1.1"
2518	2025/02/19 16:22:59	"GET /uv2582fip2582inf210/web_architecture_home.html HTTP/1.1"
2518	2025/02/19 16:23:05	"GET /uv2582fip2582inf210/images/prerequisite_archiweb/prerequisite_archiweb_2025.html HTTP/1.1"
2518	2025/02/19 16:23:13	"GET /uv2582fip2582inf210/practice_xml.html HTTP/1.1"
2566	2025/02/19 16:27:26	"GET /uv2582fip2582inf210/practice_xml.html HTTP/1.1"
2562	2025/02/19 16:29:14	"GET /uv2582fip2582inf210/lecture_xml.html HTTP/1.1"
2562	2025/02/19 16:30:31	"GET /uv2582fip2582inf210/index.html HTTP/1.1"
2562	2025/02/19 16:31:29	"GET /uv2582fip2582inf210/practice_json.html HTTP/1.1"
2518	2025/02/19 16:33:37	"GET /uv2582fip2582inf210/lecture_json.html HTTP/1.1"
2562	2025/02/19 16:36:33	"GET /uv2582fip2582inf210/data_home.html HTTP/1.1"
2518	2025/02/19 16:38:11	"GET /uv2582fip2582inf210/lecture_json.html HTTP/1.1"
2518	2025/02/19 16:38:34	"GET /uv2582fip2582inf210/practice_json.html HTTP/1.1"
2541	2025/02/19 16:39:58	"GET /uv2582fip2582inf210/lecture_xml.html HTTP/1.1"
2541	2025/02/19 16:40:13	"GET /uv2582fip2582inf210/practice_xml.html HTTP/1.1"
2541	2025/02/19 16:40:17	"GET /uv2582fip2582inf210/lecture_json.html HTTP/1.1"
2541	2025/02/19 16:40:35	"GET /uv2582fip2582inf210/practice_json.html HTTP/1.1"
2558	2025/02/19 16:46:07	"GET /uv2582fip2582inf210/lecture_json.html HTTP/1.1"
2550	2025/02/19 17:04:40	"GET /uv2582fip2582inf210/project_home.html HTTP/1.1"
2550	2025/02/19 17:04:44	"GET /uv2582fip2582inf210/data_home.html HTTP/1.1"
2550	2025/02/19 17:06:18	"GET /uv2582fip2582inf210/web_architecture_home.html HTTP/1.1"
2550	2025/02/19 17:06:28	"GET /uv2582fip2582inf210/practice_spring_2tiers.html HTTP/1.1"
2533	2025/02/19 21:00:12	"GET /uv2582fip2582inf210/web_architecture_home.html HTTP/1.1"
2533	2025/02/19 21:00:31	"GET /uv2582fip2582inf210/images/prerequisite_archiweb/prerequisite_archiweb_2025.html HTTP/1.1"
2533	2025/02/19 21:00:51	"GET /uv2582fip2582inf210/lecture_mvc_spring.html HTTP/1.1"
2533	2025/02/19 21:03:41	"GET /uv2582fip2582inf210/index.html HTTP/1.1"
2533	2025/02/19 21:03:43	"GET /uv2582fip2582inf210/technical_environment_home.html HTTP/1.1"
2533	2025/02/19 21:03:46	"GET /uv2582fip2582inf210/practice_spring.html HTTP/1.1"
2533	2025/02/19 21:08:23	"GET /uv2582fip2582inf210/lecture_xml.html HTTP/1.1"
2533	2025/02/19 21:08:31	"GET /uv2582fip2582inf210/practice_xml.html HTTP/1.1"
2533	2025/02/19 21:08:32	"GET /uv2582fip2582inf210/lecture_json.html HTTP/1.1"
2550	2025/02/19 21:21:46	"GET /uv2582fip2582inf210/data_home.html HTTP/1.1"
2550	2025/02/19 21:21:51	"GET /uv2582fip2582inf210/web_architecture_home.html HTTP/1.1"
2550	2025/02/19 21:21:52	"GET /uv2582fip2582inf210/lecture_xml.html HTTP/1.1"
2550	2025/02/19 21:21:56	"GET /uv2582fip2582inf210/practice_xml.html HTTP/1.1"
2526	2025/02/19 22:17:51	"GET /uv2582fip2582inf210/index.html HTTP/1.1"
2526	2025/02/19 22:17:55	"GET /uv2582fip2582inf210/technical_environment_home.html HTTP/1.1"
2526	2025/02/19 22:17:58	"GET /uv2582fip2582inf210/documentation_docker.html HTTP/1.1"
2526	2025/02/19 22:26:57	"GET /uv2582fip2582inf210/practice_docker.html HTTP/1.1"
2517	2025/03/15 10:11:43	"GET /uv2582fip2582inf210/index.html HTTP/1.1"
2517	2025/03/15 10:12:55	"GET /uv2582fip2582inf210/project_presentation.html HTTP/1.1"
2517	2025/03/15 10:13:03	"GET /uv2582fip2582inf210/project_specifications.html HTTP/1.1"
2517	2025/03/15 10:13:06	"GET /uv2582fip2582inf210/project_part3.html HTTP/1.1"
2525	2025/03/15 11:03:55	"GET /uv2582fip2582inf210/project_presentation.html HTTP/1.1"
2525	2025/03/15 11:03:56	"GET /uv2582fip2582inf210/project_presentation.html HTTP/1.1"
2525	2025/03/15 11:03:57	"GET /uv2582fip2582inf210/project_part3.html HTTP/1.1"
2525	2025/03/15 11:03:57	"GET /uv2582fip2582inf210/project_part3.html HTTP/1.1"
2529	2025/03/15 11:20:21	"GET /uv2582fip2582inf210/project_task_time.html HTTP/1.1"
2529	2025/03/15 11:20:25	"GET /uv2582fip2582inf210/project_specifications.html HTTP/1.1"
2525	2025/03/15 11:31:40	"GET /uv2582fip2582inf210/project_specifications.html HTTP/1.1"
2525	2025/03/15 11:31:41	"GET /uv2582fip2582inf210/project_specifications.html HTTP/1.1"
2525	2025/03/15 11:31:41	"GET /uv2582fip2582inf210/project_task_time.html HTTP/1.1"
2525	2025/03/15 11:31:42	"GET /uv2582fip2582inf210/project_task_time.html HTTP/1.1"
2513	2025/03/15 12:08:47	"GET /uv2582fip2582inf210/project_presentation.html HTTP/1.1"
2513	2025/03/15 12:08:52	"GET /uv2582fip2582inf210/project_part3.html HTTP/1.1"
2513	2025/03/15 12:08:53	"GET /uv2582fip2582inf210/project_structureui.html HTTP/1.1"
2513	2025/03/15 12:11:11	"GET /uv2582fip2582inf210/project_specifications.html HTTP/1.1"
2539	2025/03/15 12:12:39	"GET /uv2582fip2582inf210/project_presentation.html HTTP/1.1"
2539	2025/03/15 12:12:47	"GET /uv2582fip2582inf210/project_part3.html HTTP/1.1"
2554	2025/03/15 12:20:58	"GET /uv2582fip2582inf210/project_part3.html HTTP/1.1"
2539	2025/03/15 12:28:41	"GET /uv2582fip2582inf210/project_structureui.html HTTP/1.1"
2539	2025/03/15 12:28:42	"GET /uv2582fip2582inf210/project_specifications.html HTTP/1.1"
2539	2025/03/15 13:05:01	"GET /uv2582fip2582inf210/technical_environment_home.html HTTP/1.1"
2539	2025/03/15 13:05:04	"GET /uv2582fip2582inf210/web_architecture_home.html HTTP/1.1"
2539	2025/03/15 13:05:09	"GET /uv2582fip2582inf210/practice_jpa.html HTTP/1.1"
2539	2025/03/15 13:05:32	"GET /uv2582fip2582inf210/practice_jpa_advanced.html HTTP/1.1"
2539	2025/03/15 13:05:40	"GET /uv2582fip2582inf210/practice_spring_2tiers.html HTTP/1.1"
259	2025/03/15 14:40:54	"GET /uv2582fip2582inf210/project_presentation.html HTTP/1.1"
259	2025/03/15 14:41:05	"GET /uv2582fip2582inf210/project_part3.html HTTP/1.1"
259	2025/03/15 15:00:33	"GET /uv2582fip2582inf210/project_part3.html HTTP/1.1"
2553	2025/03/15 15:01:58	"GET /uv2582fip2582inf210/project_presentation.html HTTP/1.1"
2553	2025/03/15 15:02:00	"GET /uv2582fip2582inf210/project_part1.html HTTP/1.1"
2553	2025/03/15 15:02:28	"GET /uv2582fip2582inf210/project_part2.html HTTP/1.1"
2531	2025/03/15 15:40:19	"GET /uv2582fip2582inf210/project_specifications.html HTTP/1.1"
2548	2025/03/15 16:47:03	"GET /uv2582fip2582inf210/project_presentation.html HTTP/1.1"
2548	2025/03/15 16:47:08	"GET /uv2582fip2582inf210/project_part1.html HTTP/1.1"
2548	2025/03/15 16:47:15	"GET /uv2582fip2582inf210/project_specifications.html HTTP/1.1"
2536	2025/03/15 16:50:51	"GET /uv2582fip2582inf210/project_structureui.html HTTP/1.1"
2536	2025/03/15 16:51:01	"GET /uv2582fip2582inf210/project_specifications.html HTTP/1.1"
2572	2025/03/15 16:54:37	"GET /uv2582fip2582inf210/project_presentation.html HTTP/1.1"
2572	2025/03/15 16:54:43	"GET /uv2582fip2582inf210/project_specifications.html HTTP/1.1"
2523	2025/03/15 17:53:42	"GET /uv2582fip2582inf210/web_architecture_home.html HTTP/1.1"
2523	2025/03/15 17:53:43	"GET /uv2582fip2582inf210/web_architecture_home.html HTTP/1.1"
2523	2025/03/15 17:53:46	"GET /uv2582fip2582inf210/project_presentation.html HTTP/1.1"
2523	2025/03/15 17:53:46	"GET /uv2582fip2582inf210/project_presentation.html HTTP/1.1"
2523	2025/03/15 17:53:57	"GET /uv2582fip2582inf210/project_specifications.html HTTP/1.1"
2523	2025/03/15 17:53:57	"GET /uv2582fip2582inf210/project_specifications.html HTTP/1.1"
2570	2025/03/15 18:13:20	"GET /uv2582fip2582inf210/project_presentation.html HTTP/1.1"
2570	2025/03/15 18:13:23	"GET /uv2582fip2582inf210/project_part3.html HTTP/1.1"
2558	2025/03/15 18:15:15	"GET /uv2582fip2582inf210/technical_environment_home.html HTTP/1.1"
2558	2025/03/15 18:15:19	"GET /uv2582fip2582inf210/index.html HTTP/1.1"
2558	2025/03/15 18:15:21	"GET /uv2582fip2582inf210/project_presentation.html HTTP/1.1"
2558	2025/03/15 18:15:23	"GET /uv2582fip2582inf210/project_part2.html HTTP/1.1"
2558	2025/03/15 18:16:32	"GET /uv2582fip2582inf210/project_part3.html HTTP/1.1"
2558	2025/03/15 18:16:46	"GET /uv2582fip2582inf210/project_specifications.html HTTP/1.1"
2569	2025/03/15 18:18:46	"GET /uv2582fip2582inf210/project_specifications.html HTTP/1.1"
2568	2025/03/15 18:28:00	"GET /uv2582fip2582inf210/technical_environment_home.html HTTP/1.1"
2568	2025/03/15 18:28:01	"GET /uv2582fip2582inf210/index.html HTTP/1.1"
2568	2025/03/15 18:28:03	"GET /uv2582fip2582inf210/project_presentation.html HTTP/1.1"
2568	2025/03/15 18:28:05	"GET /uv2582fip2582inf210/project_part3.html HTTP/1.1"
2569	2025/03/15 20:45:43	"GET /uv2582fip2582inf210/project_specifications.html HTTP/1.1"
2536	2025/03/15 21:21:10	"GET /uv2582fip2582inf210/project_specifications.html HTTP/1.1"
2527	2025/03/15 21:31:19	"GET /uv2582fip2582inf210/project_presentation.html HTTP/1.1"
2527	2025/03/15 21:31:23	"GET /uv2582fip2582inf210/project_specifications.html HTTP/1.1"
2525	2025/03/15 21:56:48	"GET /uv2582fip2582inf210/project_structureui.html HTTP/1.1"
2525	2025/03/15 21:56:48	"GET /uv2582fip2582inf210/project_structureui.html HTTP/1.1"
2525	2025/03/15 22:02:57	"GET /uv2582fip2582inf210/project_part3.html HTTP/1.1"
2525	2025/03/15 22:03:00	"GET /uv2582fip2582inf210/project_part3.html HTTP/1.1"
2546	2025/03/15 23:29:48	"GET /uv2582fip2582inf210/project_presentation.html HTTP/1.1"
2546	2025/03/15 23:29:54	"GET /uv2582fip2582inf210/project_specifications.html HTTP/1.1"
2514	2025/02/03 09:32:46	"GET /uv2582fip2582inf210/activity_sql.html HTTP/1.1"
2530	2025/02/03 09:34:13	"GET /uv2582fip2582inf210/data_home.html HTTP/1.1"
2516	2025/02/03 09:34:14	"GET /uv2582fip2582inf210/data_home.html HTTP/1.1"
2511	2025/02/03 09:34:15	"GET /uv2582fip2582inf210/index.html HTTP/1.1"
2511	2025/02/03 09:34:18	"GET /uv2582fip2582inf210/technical_environment_home.html HTTP/1.1"
2530	2025/02/03 09:34:18	"GET /uv2582fip2582inf210/practice_sql.html HTTP/1.1"
2529	2025/02/03 09:34:32	"GET /uv2582fip2582inf210/activity_conceptual_modeling_advanced.html HTTP/1.1"
2511	2025/02/03 09:34:32	"GET /uv2582fip2582inf210/practice_spring.html HTTP/1.1"
2529	2025/02/03 09:34:34	"GET /uv2582fip2582inf210/activity_conceptual_modeling_advanced_correction.html HTTP/1.1"
2540	2025/02/03 09:34:39	"GET /uv2582fip2582inf210/activity_sql.html HTTP/1.1"
2540	2025/02/03 09:34:42	"GET /uv2582fip2582inf210/practice_sql.html HTTP/1.1"
2529	2025/02/03 09:34:46	"GET /uv2582fip2582inf210/activity_conceptual_modeling_correction.html HTTP/1.1"
2516	2025/02/03 09:34:46	"GET /uv2582fip2582inf210/activity_sql.html HTTP/1.1"
2511	2025/02/03 09:35:38	"GET /uv2582fip2582inf210/practice_postgresql.html HTTP/1.1"
257	2025/02/03 09:35:44	"GET /uv2582fip2582inf210/data_home.html HTTP/1.1"
2511	2025/02/03 09:35:57	"GET /uv2582fip2582inf210/documentation_rdbms.html HTTP/1.1"
257	2025/02/03 09:36:04	"GET /uv2582fip2582inf210/lecture_transaction.html HTTP/1.1"
257	2025/02/03 09:36:09	"GET /uv2582fip2582inf210/lecture_modeling_normalization.html HTTP/1.1"
2516	2025/02/03 09:36:14	"GET /uv2582fip2582inf210/practice_sql.html HTTP/1.1"
257	2025/02/03 09:36:17	"GET /uv2582fip2582inf210/lecture_conceptual_modeling.html HTTP/1.1"
2524	2025/02/03 09:36:21	"GET /uv2582fip2582inf210/data_home.html HTTP/1.1"
257	2025/02/03 09:36:23	"GET /uv2582fip2582inf210/index.html HTTP/1.1"
2526	2025/02/03 09:36:51	"GET /uv2582fip2582inf210/inversion_of_control.html HTTP/1.1"
257	2025/02/03 09:37:02	"GET /uv2582fip2582inf210/activity_relational_model.html HTTP/1.1"
2511	2025/02/03 09:37:09	"GET /uv2582fip2582inf210/web_architecture_home.html HTTP/1.1"
257	2025/02/03 09:37:13	"GET /uv2582fip2582inf210/lecture_db_integrity.html HTTP/1.1"
2511	2025/02/03 09:37:22	"GET /uv2582fip2582inf210/data_home.html HTTP/1.1"
2511	2025/02/03 09:37:28	"GET /uv2582fip2582inf210/images/prerequisite_data/prerequisite_data_2025.html HTTP/1.1"
2551	2025/02/03 09:37:39	"GET /uv2582fip2582inf210/practice_sql.html HTTP/1.1"
2511	2025/02/03 09:37:42	"GET /uv2582fip2582inf210/lecture_modeling_normalization.html HTTP/1.1"
2551	2025/02/03 09:37:50	"GET /uv2582fip2582inf210/activity_sql.html HTTP/1.1"
2528	2025/02/03 09:38:12	"GET /uv2582fip2582inf210/lecture_independence_views.html HTTP/1.1"
2526	2025/02/03 09:38:14	"GET /uv2582fip2582inf210/index.html HTTP/1.1"
252	2025/02/03 09:38:16	"GET /uv2582fip2582inf210/lecture_normalization.html HTTP/1.1"
2526	2025/02/03 09:38:19	"GET /uv2582fip2582inf210/data_home.html HTTP/1.1"
2528	2025/02/03 09:38:23	"GET /uv2582fip2582inf210/activity_normalization.html HTTP/1.1"
2526	2025/02/03 09:38:25	"GET /uv2582fip2582inf210/activity_normalization.html HTTP/1.1"
2517	2025/02/03 09:38:46	"GET /uv2582fip2582inf210/technical_environment_home.html HTTP/1.1"
2539	2025/02/03 09:39:23	"GET /uv2582fip2582inf210/activity_sql.html HTTP/1.1"
2542	2025/02/03 09:40:32	"GET /uv2582fip2582inf210/data_home.html HTTP/1.1"
2542	2025/02/03 09:40:50	"GET /uv2582fip2582inf210/lecture_transaction.html HTTP/1.1"
2517	2025/02/03 09:40:59	"GET /uv2582fip2582inf210/index.html HTTP/1.1"
2517	2025/02/03 09:41:04	"GET /uv2582fip2582inf210/web_architecture_home.html HTTP/1.1"
2517	2025/02/03 09:41:08	"GET /uv2582fip2582inf210/lecture_jpa.html HTTP/1.1"
2517	2025/02/03 09:42:13	"GET /uv2582fip2582inf210/practice_jpa.html HTTP/1.1"
2524	2025/02/03 09:43:18	"GET /uv2582fip2582inf210/lecture_transaction.html HTTP/1.1"
2524	2025/02/03 09:43:22	"GET /uv2582fip2582inf210/practice_transaction.html HTTP/1.1"
258	2025/02/03 09:43:28	"GET /uv2582fip2582inf210/practice_spring_2tiers.html HTTP/1.1"
2511	2025/02/03 09:43:54	"GET /uv2582fip2582inf210/lecture_conceptual_modeling.html HTTP/1.1"
2550	2025/02/03 09:44:55	"GET /uv2582fip2582inf210/web_architecture_home.html HTTP/1.1"
2515	2025/02/03 09:45:27	"GET /uv2582fip2582inf210/data_home.html HTTP/1.1"
2515	2025/02/03 09:45:39	"GET /uv2582fip2582inf210/web_architecture_home.html HTTP/1.1"
2524	2025/02/03 09:45:54	"GET /uv2582fip2582inf210/images/prerequisite_data/prerequisite_data_2025.html HTTP/1.1"
2515	2025/02/03 09:45:54	"GET /uv2582fip2582inf210/practice_xml.html HTTP/1.1"
2515	2025/02/03 09:46:24	"GET /uv2582fip2582inf210/index.html HTTP/1.1"
2515	2025/02/03 09:46:26	"GET /uv2582fip2582inf210/data_home.html HTTP/1.1"
252	2025/02/03 09:47:43	"GET /uv2582fip2582inf210/technical_environment_home.html HTTP/1.1"
2516	2025/02/03 09:47:52	"GET /uv2582fip2582inf210/PresentationUVINF210/pres.html HTTP/1.1"
2516	2025/02/03 09:47:57	"GET /uv2582fip2582inf210/technical_environment_home.html HTTP/1.1"
252	2025/02/03 09:48:02	"GET /uv2582fip2582inf210/lecture_technical_architecture.html HTTP/1.1"
252	2025/02/03 09:48:03	"GET /uv2582fip2582inf210/lecture_software_architecture.html HTTP/1.1"
2516	2025/02/03 09:48:04	"GET /uv2582fip2582inf210/practice_docker.html HTTP/1.1"
2550	2025/02/03 09:48:56	"GET /uv2582fip2582inf210/technical_environment_home.html HTTP/1.1"
2550	2025/02/03 09:49:11	"GET /uv2582fip2582inf210/data_home.html HTTP/1.1"
255	2025/02/03 09:49:48	"GET /uv2582fip2582inf210/data_home.html HTTP/1.1"
255	2025/02/03 09:49:50	"GET /uv2582fip2582inf210/activity_sql.html HTTP/1.1"
2550	2025/02/03 09:50:11	"GET /uv2582fip2582inf210/lecture_relational_model.html HTTP/1.1"
2528	2025/02/03 09:50:30	"GET /uv2582fip2582inf210/lecture_normalization.html HTTP/1.1"
2550	2025/02/03 09:50:45	"GET /uv2582fip2582inf210/activity_relational_model.html HTTP/1.1"
2526	2025/02/03 09:51:09	"GET /uv2582fip2582inf210/lecture_modeling_normalization.html HTTP/1.1"
2526	2025/02/03 09:51:16	"GET /uv2582fip2582inf210/lecture_conceptual_modeling.html HTTP/1.1"
2526	2025/02/03 09:51:26	"GET /uv2582fip2582inf210/activity_conceptual_modeling_advanced.html HTTP/1.1"
2515	2025/02/03 09:51:28	"GET /uv2582fip2582inf210/lecture_db_integrity.html HTTP/1.1"
2550	2025/02/03 09:52:40	"GET /uv2582fip2582inf210/lecture_modeling_normalization.html HTTP/1.1"
2526	2025/02/03 09:54:41	"GET /uv2582fip2582inf210/lecture_normalization.html HTTP/1.1"
2550	2025/02/03 09:56:34	"GET /uv2582fip2582inf210/lecture_conceptual_modeling.html HTTP/1.1"
2526	2025/02/03 09:59:05	"GET /uv2582fip2582inf210/activity_normalization_correction.html HTTP/1.1"
2515	2025/02/03 09:59:19	"GET /uv2582fip2582inf210/practice_spring_2tiers.html HTTP/1.1"
2528	2025/02/03 09:59:30	"GET /uv2582fip2582inf210/activity_normalization_correction.html HTTP/1.1"
2515	2025/02/03 09:59:42	"GET /uv2582fip2582inf210/practice_jpa_advanced.html HTTP/1.1"
2529	2025/02/03 09:59:56	"GET /uv2582fip2582inf210/index.html HTTP/1.1"
2515	2025/02/03 09:59:58	"GET /uv2582fip2582inf210/practice_spring_2tiers_ext.html HTTP/1.1"
2529	2025/02/03 09:59:58	"GET /uv2582fip2582inf210/technical_environment_home.html HTTP/1.1"
2529	2025/02/03 10:00:04	"GET /uv2582fip2582inf210/images/prerequisite_techenv/prerequisite_techenv_2025.html HTTP/1.1"
2529	2025/02/03 10:00:06	"GET /uv2582fip2582inf210/practice_docker.html HTTP/1.1"
2524	2025/02/03 10:01:50	"GET /uv2582fip2582inf210/practice_transaction_correction.html HTTP/1.1"
2511	2025/02/03 10:02:22	"GET /uv2582fip2582inf210/activity_conceptual_modeling.html HTTP/1.1"
257	2025/02/03 10:02:25	"GET /uv2582fip2582inf210/activity_conceptual_modeling.html HTTP/1.1"
255	2025/02/03 10:04:10	"GET /uv2582fip2582inf210/activity_sql_correction.html HTTP/1.1"
256	2025/02/03 10:05:51	"GET /uv2582fip2582inf210/lecture_normalization.html HTTP/1.1"
2551	2025/02/03 10:06:43	"GET /uv2582fip2582inf210/activity_sql_correction.html HTTP/1.1"
2542	2025/02/03 10:06:48	"GET /uv2582fip2582inf210/practice_transaction.html HTTP/1.1"
2516	2025/02/03 10:07:25	"GET /uv2582fip2582inf210/practice_sql_correction.html HTTP/1.1"
2539	2025/02/03 10:07:33	"GET /uv2582fip2582inf210/activity_sql_correction.html HTTP/1.1"
257	2025/02/03 10:07:34	"GET /uv2582fip2582inf210/activity_conceptual_modeling_correction.html HTTP/1.1"
2514	2025/02/03 10:07:40	"GET /uv2582fip2582inf210/activity_sql_correction.html HTTP/1.1"
258	2025/02/03 10:14:31	"GET /uv2582fip2582inf210/index.html HTTP/1.1"
2529	2025/02/03 10:14:40	"GET /uv2582fip2582inf210/activity_normalization_correction.html HTTP/1.1"
258	2025/02/03 10:14:41	"GET /uv2582fip2582inf210/technical_environment_home.html HTTP/1.1"
258	2025/02/03 10:14:45	"GET /uv2582fip2582inf210/practice_postgresql.html HTTP/1.1"
2524	2025/02/03 10:15:00	"GET /uv2582fip2582inf210/index.html HTTP/1.1"
2524	2025/02/03 10:15:01	"GET /uv2582fip2582inf210/web_architecture_home.html HTTP/1.1"
2524	2025/02/03 10:15:05	"GET /uv2582fip2582inf210/images/prerequisite_archiweb/prerequisite_archiweb_2025.html HTTP/1.1"
2511	2025/02/03 10:15:21	"GET /uv2582fip2582inf210/activity_conceptual_modeling_correction.html HTTP/1.1"
2512	2025/02/03 10:15:25	"GET /uv2582fip2582inf210/activity_sql_correction.html HTTP/1.1"
2524	2025/02/03 10:16:33	"GET /uv2582fip2582inf210/lecture_technical_architecture.html HTTP/1.1"
2524	2025/02/03 10:16:53	"GET /uv2582fip2582inf210/lecture_software_architecture.html HTTP/1.1"
2520	2025/02/03 10:16:58	"GET /uv2582fip2582inf210/practice_transaction_correction.html HTTP/1.1"
2524	2025/02/03 10:17:22	"GET /uv2582fip2582inf210/lecture_dto.html HTTP/1.1"
2524	2025/02/03 10:17:31	"GET /uv2582fip2582inf210/lecture_mvc_spring.html HTTP/1.1"
2524	2025/02/03 10:18:03	"GET /uv2582fip2582inf210/lecture_jpa.html HTTP/1.1"
2516	2025/02/03 10:18:23	"GET /uv2582fip2582inf210/practice_sql.html HTTP/1.1"
2550	2025/02/03 10:18:52	"GET /uv2582fip2582inf210/activity_conceptual_modeling.html HTTP/1.1"
2550	2025/02/03 10:19:34	"GET /uv2582fip2582inf210/lecture_normalization.html HTTP/1.1"
2511	2025/02/03 10:21:14	"GET /uv2582fip2582inf210/lecture_normalization.html HTTP/1.1"
2539	2025/02/03 10:25:52	"GET /uv2582fip2582inf210/practice_sql.html HTTP/1.1"
255	2025/02/03 10:26:27	"GET /uv2582fip2582inf210/practice_sql.html HTTP/1.1"
2514	2025/02/03 10:26:35	"GET /uv2582fip2582inf210/practice_sql.html HTTP/1.1"
2531	2025/02/03 10:26:35	"GET /uv2582fip2582inf210/data_home.html HTTP/1.1"
2531	2025/02/03 10:26:52	"GET /uv2582fip2582inf210/lecture_normalization.html HTTP/1.1"
257	2025/02/03 10:27:25	"GET /uv2582fip2582inf210/lecture_normalization.html HTTP/1.1"
255	2025/02/03 10:28:25	"GET /uv2582fip2582inf210/documentation_rdbms.html HTTP/1.1"
255	2025/02/03 10:28:47	"GET /uv2582fip2582inf210/practice_postgresql.html HTTP/1.1"
255	2025/02/03 10:29:03	"GET /uv2582fip2582inf210/practice_docker.html HTTP/1.1"
2514	2025/02/03 10:29:06	"GET /uv2582fip2582inf210/lecture_relational_model.html HTTP/1.1"
2514	2025/02/03 10:29:11	"GET /uv2582fip2582inf210/lecture_db_integrity.html HTTP/1.1"
2514	2025/02/03 10:29:18	"GET /uv2582fip2582inf210/activity_relational_model.html HTTP/1.1"
255	2025/02/03 10:29:18	"GET /uv2582fip2582inf210/documentation_docker.html HTTP/1.1"
255	2025/02/03 10:29:21	"GET /uv2582fip2582inf210/practice_docker_advanced.html HTTP/1.1"
255	2025/02/03 10:29:31	"GET /uv2582fip2582inf210/documentation_rdbms.html HTTP/1.1"
255	2025/02/03 10:29:38	"GET /uv2582fip2582inf210/practice_postgresql.html HTTP/1.1"
255	2025/02/03 10:29:50	"GET /uv2582fip2582inf210/technical_environment_home.html HTTP/1.1"
255	2025/02/03 10:29:59	"GET /uv2582fip2582inf210/practice_docker.html HTTP/1.1"
2524	2025/02/03 10:31:18	"GET /uv2582fip2582inf210/practice_spring_2tiers.html HTTP/1.1"
2530	2025/02/03 10:31:56	"GET /uv2582fip2582inf210/activity_sql.html HTTP/1.1"
2539	2025/02/03 10:32:44	"GET /uv2582fip2582inf210/practice_sql_correction.html HTTP/1.1"
2539	2025/02/03 10:33:02	"GET /uv2582fip2582inf210/documentation_rdbms.html HTTP/1.1"
2512	2025/02/03 10:33:12	"GET /uv2582fip2582inf210/technical_environment_home.html HTTP/1.1"
2539	2025/02/03 10:33:12	"GET /uv2582fip2582inf210/practice_postgresql.html HTTP/1.1"
2512	2025/02/03 10:33:19	"GET /uv2582fip2582inf210/web_architecture_home.html HTTP/1.1"
2512	2025/02/03 10:33:32	"GET /uv2582fip2582inf210/data_home.html HTTP/1.1"
2511	2025/02/03 10:33:46	"GET /uv2582fip2582inf210/activity_decomposition.html HTTP/1.1"
2512	2025/02/03 10:33:56	"GET /uv2582fip2582inf210/images/prerequisite_data/prerequisite_data_2025.html HTTP/1.1"
2512	2025/02/03 10:33:58	"GET /uv2582fip2582inf210/activity_sql.html HTTP/1.1"
2514	2025/02/03 10:42:20	"GET /uv2582fip2582inf210/documentation_rdbms.html HTTP/1.1"
2514	2025/02/03 10:42:36	"GET /uv2582fip2582inf210/practice_postgresql.html HTTP/1.1"
2516	2025/02/03 11:01:54	"GET /uv2582fip2582inf210/practice_advanced_sql.html HTTP/1.1"
2516	2025/02/03 11:02:03	"GET /uv2582fip2582inf210/lecture_transaction.html HTTP/1.1"
2526	2025/02/03 11:03:07	"GET /uv2582fip2582inf210/practice_sql.html HTTP/1.1"
2526	2025/02/03 11:03:28	"GET /uv2582fip2582inf210/web_architecture_home.html HTTP/1.1"
2528	2025/02/03 11:03:29	"GET /uv2582fip2582inf210/practice_transaction.html HTTP/1.1"
2528	2025/02/03 11:04:12	"GET /uv2582fip2582inf210/lecture_independence_views.html HTTP/1.1"
2528	2025/02/03 11:04:34	"GET /uv2582fip2582inf210/web_architecture_home.html HTTP/1.1"
2550	2025/02/03 11:04:40	"GET /uv2582fip2582inf210/activity_conceptual_modeling_correction.html HTTP/1.1"
2528	2025/02/03 11:04:51	"GET /uv2582fip2582inf210/lecture_technical_architecture.html HTTP/1.1"
2528	2025/02/03 11:05:27	"GET /uv2582fip2582inf210/lecture_software_architecture.html HTTP/1.1"
2526	2025/02/03 11:05:42	"GET /uv2582fip2582inf210/lecture_software_architecture.html HTTP/1.1"
2542	2025/02/03 11:05:53	"GET /uv2582fip2582inf210/practice_sql.html HTTP/1.1"
2514	2025/02/03 11:06:58	"GET /uv2582fip2582inf210/practice_sql_correction.html HTTP/1.1"
255	2025/02/03 11:08:04	"GET /uv2582fip2582inf210/practice_sql_correction.html HTTP/1.1"
2529	2025/02/03 11:08:11	"GET /uv2582fip2582inf210/activity_decomposition.html HTTP/1.1"
2529	2025/02/03 11:08:21	"GET /uv2582fip2582inf210/activity_decomposition_correction.html HTTP/1.1"
2526	2025/02/03 11:09:08	"GET /uv2582fip2582inf210/lecture_dto.html HTTP/1.1"
2526	2025/02/03 11:09:32	"GET /uv2582fip2582inf210/lecture_xml.html HTTP/1.1"
258	2025/02/03 11:09:58	"GET /uv2582fip2582inf210/lecture_xml.html HTTP/1.1"
2516	2025/02/03 11:10:34	"GET /uv2582fip2582inf210/practice_transaction.html HTTP/1.1"
2518	2025/02/03 11:11:19	"GET /uv2582fip2582inf210/index.html HTTP/1.1"
2518	2025/02/03 11:11:28	"GET /uv2582fip2582inf210/web_architecture_home.html HTTP/1.1"
2528	2025/02/03 11:12:19	"GET /uv2582fip2582inf210/lecture_dto.html HTTP/1.1"
2518	2025/02/03 11:15:00	"GET /uv2582fip2582inf210/data_home.html HTTP/1.1"
2528	2025/02/03 11:15:07	"GET /uv2582fip2582inf210/lecture_mvc_spring.html HTTP/1.1"
2518	2025/02/03 11:15:07	"GET /uv2582fip2582inf210/lecture_relational_model.html HTTP/1.1"
2526	2025/02/03 11:15:08	"GET /uv2582fip2582inf210/lecture_technical_architecture.html HTTP/1.1"
2526	2025/02/03 11:15:30	"GET /uv2582fip2582inf210/lecture_json.html HTTP/1.1"
2520	2025/02/03 11:15:33	"GET /uv2582fip2582inf210/lecture_transaction.html HTTP/1.1"
2526	2025/02/03 11:15:37	"GET /uv2582fip2582inf210/practice_json.html HTTP/1.1"
2520	2025/02/03 11:15:50	"GET /uv2582fip2582inf210/practice_transaction.html HTTP/1.1"
2528	2025/02/03 11:15:54	"GET /uv2582fip2582inf210/lecture_jpa.html HTTP/1.1"
2528	2025/02/03 11:15:57	"GET /uv2582fip2582inf210/lecture_mvc_spring.html HTTP/1.1"
2528	2025/02/03 11:16:23	"GET /uv2582fip2582inf210/lecture_json.html HTTP/1.1"
2528	2025/02/03 11:18:21	"GET /uv2582fip2582inf210/index.html HTTP/1.1"
2528	2025/02/03 11:18:31	"GET /uv2582fip2582inf210/practice_json.html HTTP/1.1"
2512	2025/02/03 11:20:03	"GET /uv2582fip2582inf210/practice_sql.html HTTP/1.1"
2531	2025/02/03 11:20:27	"GET /uv2582fip2582inf210/activity_normalization.html HTTP/1.1"
2530	2025/02/03 11:21:11	"GET /uv2582fip2582inf210/practice_sql_correction.html HTTP/1.1"
2530	2025/02/03 11:22:20	"GET /uv2582fip2582inf210/lecture_transaction.html HTTP/1.1"
2526	2025/02/03 11:23:19	"GET /uv2582fip2582inf210/practice_jpa.html HTTP/1.1"
2511	2025/02/03 11:23:28	"GET /uv2582fip2582inf210/activity_normalization.html HTTP/1.1"
2530	2025/02/03 11:23:48	"GET /uv2582fip2582inf210/practice_transaction.html HTTP/1.1"
2528	2025/02/03 11:25:05	"GET /uv2582fip2582inf210/practice_jpa.html HTTP/1.1"
2526	2025/02/03 11:25:22	"GET /uv2582fip2582inf210/lecture_jpa.html HTTP/1.1"
257	2025/02/03 11:28:12	"GET /uv2582fip2582inf210/activity_normalization.html HTTP/1.1"
2542	2025/02/03 11:31:40	"GET /uv2582fip2582inf210/practice_transaction_correction.html HTTP/1.1"
2542	2025/02/03 11:32:17	"GET /uv2582fip2582inf210/index.html HTTP/1.1"
2542	2025/02/03 11:32:23	"GET /uv2582fip2582inf210/project_home.html HTTP/1.1"
2542	2025/02/03 11:32:30	"GET /uv2582fip2582inf210/web_architecture_home.html HTTP/1.1"
258	2025/02/03 11:33:21	"GET /uv2582fip2582inf210/web_architecture_home.html HTTP/1.1"
2528	2025/02/03 11:33:32	"GET /uv2582fip2582inf210/practice_jpa.html HTTP/1.1"
2511	2025/02/03 11:35:17	"GET /uv2582fip2582inf210/activity_normalization_correction.html HTTP/1.1"
2542	2025/02/03 11:36:04	"GET /uv2582fip2582inf210/lecture_technical_architecture.html HTTP/1.1"
258	2025/02/03 11:36:20	"GET /uv2582fip2582inf210/lecture_validity.html HTTP/1.1"
258	2025/02/03 11:36:38	"GET /uv2582fip2582inf210/practice_xml.html HTTP/1.1"
258	2025/02/03 11:37:03	"GET /uv2582fip2582inf210/lecture_json.html HTTP/1.1"
2526	2025/02/03 11:37:09	"GET /uv2582fip2582inf210/practice_jpa_advanced.html HTTP/1.1"
258	2025/02/03 11:38:06	"GET /uv2582fip2582inf210/practice_json.html HTTP/1.1"
2542	2025/02/03 11:40:11	"GET /uv2582fip2582inf210/lecture_software_architecture.html HTTP/1.1"
258	2025/02/03 11:40:16	"GET /uv2582fip2582inf210/data_home.html HTTP/1.1"
2539	2025/02/03 11:43:01	"GET /uv2582fip2582inf210/lecture_transaction.html HTTP/1.1"
257	2025/02/03 11:44:17	"GET /uv2582fip2582inf210/activity_normalization_correction.html HTTP/1.1"
2542	2025/02/03 11:44:19	"GET /uv2582fip2582inf210/lecture_dto.html HTTP/1.1"
258	2025/02/03 11:44:42	"GET /uv2582fip2582inf210/lecture_relational_model.html HTTP/1.1"
255	2025/02/03 11:45:20	"GET /uv2582fip2582inf210/lecture_transaction.html HTTP/1.1"
2529	2025/02/03 11:46:14	"GET /uv2582fip2582inf210/activity_sql.html HTTP/1.1"
255	2025/02/03 11:47:43	"GET /uv2582fip2582inf210/practice_transaction.html HTTP/1.1"
2539	2025/02/03 11:48:00	"GET /uv2582fip2582inf210/practice_transaction.html HTTP/1.1"
2539	2025/02/03 11:51:31	"GET /uv2582fip2582inf210/practice_transaction_correction.html HTTP/1.1"
2516	2025/02/03 11:51:45	"GET /uv2582fip2582inf210/practice_transaction_correction.html HTTP/1.1"
258	2025/02/03 11:51:49	"GET /uv2582fip2582inf210/lecture_db_integrity.html HTTP/1.1"
2542	2025/02/03 11:52:17	"GET /uv2582fip2582inf210/lecture_mvc_spring.html HTTP/1.1"
255	2025/02/03 11:53:19	"GET /uv2582fip2582inf210/activity_sql.html HTTP/1.1"
255	2025/02/03 11:53:34	"GET /uv2582fip2582inf210/practice_sql.html HTTP/1.1"
258	2025/02/03 11:54:09	"GET /uv2582fip2582inf210/activity_relational_model.html HTTP/1.1"
256	2025/02/03 11:57:47	"GET /uv2582fip2582inf210/activity_decomposition.html HTTP/1.1"
256	2025/02/03 11:58:05	"GET /uv2582fip2582inf210/activity_sql.html HTTP/1.1"
2531	2025/02/03 11:58:32	"GET /uv2582fip2582inf210/activity_normalization_correction.html HTTP/1.1"
2529	2025/02/03 11:59:05	"GET /uv2582fip2582inf210/activity_sql_correction.html HTTP/1.1"
2524	2025/02/03 11:59:20	"GET /uv2582fip2582inf210/practice_jpa.html HTTP/1.1"
258	2025/02/03 12:03:42	"GET /uv2582fip2582inf210/lecture_modeling_normalization.html HTTP/1.1"
256	2025/02/03 12:07:37	"GET /uv2582fip2582inf210/activity_sql_correction.html HTTP/1.1"
258	2025/02/03 12:09:25	"GET /uv2582fip2582inf210/lecture_conceptual_modeling.html HTTP/1.1"
2545	2025/02/03 13:49:01	"GET /uv2582fip2582inf210/web_architecture_home.html HTTP/1.1"
2545	2025/02/03 13:49:41	"GET /uv2582fip2582inf210/data_home.html HTTP/1.1"
2545	2025/02/03 13:49:55	"GET /uv2582fip2582inf210/images/prerequisite_data/prerequisite_data_2025.html HTTP/1.1"
2545	2025/02/03 13:50:16	"GET /uv2582fip2582inf210/activity_sql.html HTTP/1.1"
2534	2025/02/03 14:00:34	"GET /uv2582fip2582inf210/web_architecture_home.html HTTP/1.1"
2546	2025/02/03 14:01:55	"GET /uv2582fip2582inf210/images/prerequisite_archiweb/prerequisite_archiweb_2025.html HTTP/1.1"
2544	2025/02/03 14:02:27	"GET /uv2582fip2582inf210/data_home.html HTTP/1.1"
2544	2025/02/03 14:02:32	"GET /uv2582fip2582inf210/lecture_normalization.html HTTP/1.1"
2544	2025/02/03 14:02:41	"GET /uv2582fip2582inf210/activity_sql.html HTTP/1.1"
2522	2025/02/03 14:03:12	"GET /uv2582fip2582inf210/images/prerequisite_data/prerequisite_data_2025.html HTTP/1.1"
2547	2025/02/03 14:03:15	"GET /uv2582fip2582inf210/practice_docker.html HTTP/1.1"
2541	2025/02/03 14:03:17	"GET /uv2582fip2582inf210/activity_sql.html HTTP/1.1"
2547	2025/02/03 14:03:22	"GET /uv2582fip2582inf210/index.html HTTP/1.1"
2547	2025/02/03 14:03:27	"GET /uv2582fip2582inf210/data_home.html HTTP/1.1"
2522	2025/02/03 14:03:30	"GET /uv2582fip2582inf210/lecture_normalization.html HTTP/1.1"
2547	2025/02/03 14:03:34	"GET /uv2582fip2582inf210/lecture_normalization.html HTTP/1.1"
2541	2025/02/03 14:03:40	"GET /uv2582fip2582inf210/activity_normalization.html HTTP/1.1"
2521	2025/02/03 14:03:49	"GET /uv2582fip2582inf210/data_home.html HTTP/1.1"
2521	2025/02/03 14:03:50	"GET /uv2582fip2582inf210/images/prerequisite_data/prerequisite_data_2025.html HTTP/1.1"
2544	2025/02/03 14:03:51	"GET /uv2582fip2582inf210/activity_normalization.html HTTP/1.1"
2523	2025/02/03 14:04:14	"GET /uv2582fip2582inf210/technical_environment_home.html HTTP/1.1"
2523	2025/02/03 14:04:14	"GET /uv2582fip2582inf210/technical_environment_home.html HTTP/1.1"
2525	2025/02/03 14:04:14	"GET /uv2582fip2582inf210/data_home.html HTTP/1.1"
2525	2025/02/03 14:04:15	"GET /uv2582fip2582inf210/data_home.html HTTP/1.1"
2525	2025/02/03 14:04:20	"GET /uv2582fip2582inf210/lecture_relational_model.html HTTP/1.1"
2525	2025/02/03 14:04:20	"GET /uv2582fip2582inf210/lecture_relational_model.html HTTP/1.1"
2523	2025/02/03 14:04:27	"GET /uv2582fip2582inf210/technical_environment_home.html HTTP/1.1"
2523	2025/02/03 14:04:30	"GET /uv2582fip2582inf210/index.html HTTP/1.1"
2523	2025/02/03 14:04:30	"GET /uv2582fip2582inf210/index.html HTTP/1.1"
2523	2025/02/03 14:04:32	"GET /uv2582fip2582inf210/web_architecture_home.html HTTP/1.1"
2523	2025/02/03 14:04:32	"GET /uv2582fip2582inf210/web_architecture_home.html HTTP/1.1"
2523	2025/02/03 14:04:36	"GET /uv2582fip2582inf210/data_home.html HTTP/1.1"
2523	2025/02/03 14:04:36	"GET /uv2582fip2582inf210/data_home.html HTTP/1.1"
2518	2025/02/03 14:04:37	"GET /uv2582fip2582inf210/lecture_relational_algebra.html HTTP/1.1"
2554	2025/02/03 14:04:37	"GET /uv2582fip2582inf210/index.html HTTP/1.1"
2521	2025/02/03 14:04:40	"GET /uv2582fip2582inf210/activity_conceptual_modeling.html HTTP/1.1"
2554	2025/02/03 14:04:45	"GET /uv2582fip2582inf210/technical_environment_home.html HTTP/1.1"
2521	2025/02/03 14:04:46	"GET /uv2582fip2582inf210/activity_relational_model.html HTTP/1.1"
2554	2025/02/03 14:04:53	"GET /uv2582fip2582inf210/data_home.html HTTP/1.1"
2523	2025/02/03 14:04:56	"GET /uv2582fip2582inf210/activity_normalization.html HTTP/1.1"
2523	2025/02/03 14:04:57	"GET /uv2582fip2582inf210/activity_normalization.html HTTP/1.1"
2541	2025/02/03 14:05:07	"GET /uv2582fip2582inf210/lecture_normalization.html HTTP/1.1"
2554	2025/02/03 14:05:32	"GET /uv2582fip2582inf210/lecture_modeling_normalization.html HTTP/1.1"
2554	2025/02/03 14:05:37	"GET /uv2582fip2582inf210/lecture_conceptual_modeling.html HTTP/1.1"
2554	2025/02/03 14:05:40	"GET /uv2582fip2582inf210/activity_conceptual_modeling.html HTTP/1.1"
2554	2025/02/03 14:05:42	"GET /uv2582fip2582inf210/lecture_normalization.html HTTP/1.1"
2548	2025/02/03 14:05:46	"GET /uv2582fip2582inf210/data_home.html HTTP/1.1"
2521	2025/02/03 14:05:49	"GET /uv2582fip2582inf210/activity_relational_model_correction.html HTTP/1.1"
2548	2025/02/03 14:06:12	"GET /uv2582fip2582inf210/lecture_normalization.html HTTP/1.1"
2549	2025/02/03 14:06:31	"GET /uv2582fip2582inf210/activity_conceptual_modeling.html HTTP/1.1"
2534	2025/02/03 14:06:42	"GET /uv2582fip2582inf210/lecture_jpa.html HTTP/1.1"
2546	2025/02/03 14:06:46	"GET /uv2582fip2582inf210/lecture_relational_model.html HTTP/1.1"
2534	2025/02/03 14:06:47	"GET /uv2582fip2582inf210/practice_jpa.html HTTP/1.1"
2513	2025/02/03 14:06:50	"GET /uv2582fip2582inf210/data_home.html HTTP/1.1"
2513	2025/02/03 14:06:52	"GET /uv2582fip2582inf210/images/prerequisite_data/prerequisite_data_2025.html HTTP/1.1"
2513	2025/02/03 14:06:53	"GET /uv2582fip2582inf210/lecture_normalization.html HTTP/1.1"
2533	2025/02/03 14:06:57	"GET /uv2582fip2582inf210/technical_environment_home.html HTTP/1.1"
2533	2025/02/03 14:07:04	"GET /uv2582fip2582inf210/documentation_rdbms.html HTTP/1.1"
2525	2025/02/03 14:07:55	"GET /uv2582fip2582inf210/lecture_transaction.html HTTP/1.1"
2525	2025/02/03 14:07:55	"GET /uv2582fip2582inf210/lecture_transaction.html HTTP/1.1"
2521	2025/02/03 14:08:10	"GET /uv2582fip2582inf210/lecture_transaction.html HTTP/1.1"
2513	2025/02/03 14:09:17	"GET /uv2582fip2582inf210/activity_normalization.html HTTP/1.1"
2546	2025/02/03 14:09:49	"GET /uv2582fip2582inf210/lecture_normalization.html HTTP/1.1"
2546	2025/02/03 14:09:57	"GET /uv2582fip2582inf210/lecture_modeling_normalization.html HTTP/1.1"
2548	2025/02/03 14:10:01	"GET /uv2582fip2582inf210/lecture_normalization.html HTTP/1.1"
2546	2025/02/03 14:10:54	"GET /uv2582fip2582inf210/lecture_db_integrity.html HTTP/1.1"
2527	2025/02/03 14:11:14	"GET /uv2582fip2582inf210/data_home.html HTTP/1.1"
2521	2025/02/03 14:12:41	"GET /uv2582fip2582inf210/lecture_normalization.html HTTP/1.1"
2527	2025/02/03 14:13:57	"GET /uv2582fip2582inf210/images/prerequisite_data/prerequisite_data_2025.html HTTP/1.1"
2543	2025/02/03 14:14:06	"GET /uv2582fip2582inf210/index.html HTTP/1.1"
2543	2025/02/03 14:14:13	"GET /uv2582fip2582inf210/data_home.html HTTP/1.1"
2527	2025/02/03 14:14:15	"GET /uv2582fip2582inf210/lecture_modeling_normalization.html HTTP/1.1"
2543	2025/02/03 14:14:15	"GET /uv2582fip2582inf210/images/prerequisite_data/prerequisite_data_2025.html HTTP/1.1"
2533	2025/02/03 14:14:30	"GET /uv2582fip2582inf210/index.html HTTP/1.1"
2533	2025/02/03 14:14:36	"GET /uv2582fip2582inf210/web_architecture_home.html HTTP/1.1"
253	2025/02/03 14:14:39	"GET /uv2582fip2582inf210/lecture_conceptual_modeling.html HTTP/1.1"
2545	2025/02/03 14:14:39	"GET /uv2582fip2582inf210/lecture_normalization.html HTTP/1.1"
2546	2025/02/03 14:14:40	"GET /uv2582fip2582inf210/activity_relational_model.html HTTP/1.1"
2519	2025/02/03 14:14:48	"GET /uv2582fip2582inf210/lecture_conceptual_modeling.html HTTP/1.1"
2523	2025/02/03 14:15:18	"GET /uv2582fip2582inf210/lecture_normalization.html HTTP/1.1"
2523	2025/02/03 14:15:19	"GET /uv2582fip2582inf210/lecture_normalization.html HTTP/1.1"
2552	2025/02/03 14:15:28	"GET /uv2582fip2582inf210/data_home.html HTTP/1.1"
2552	2025/02/03 14:15:44	"GET /uv2582fip2582inf210/images/prerequisite_data/prerequisite_data_2025.html HTTP/1.1"
2518	2025/02/03 14:15:47	"GET /uv2582fip2582inf210/activity_conceptual_modeling.html HTTP/1.1"
2518	2025/02/03 14:15:53	"GET /uv2582fip2582inf210/activity_conceptual_modeling_advanced.html HTTP/1.1"
2519	2025/02/03 14:16:18	"GET /uv2582fip2582inf210/lecture_normalization.html HTTP/1.1"
2519	2025/02/03 14:16:33	"GET /uv2582fip2582inf210/index.html HTTP/1.1"
2548	2025/02/03 14:16:35	"GET /uv2582fip2582inf210/activity_normalization.html HTTP/1.1"
2548	2025/02/03 14:16:46	"GET /uv2582fip2582inf210/activity_normalization_correction.html HTTP/1.1"
2513	2025/02/03 14:16:57	"GET /uv2582fip2582inf210/activity_normalization_correction.html HTTP/1.1"
2547	2025/02/03 14:17:00	"GET /uv2582fip2582inf210/activity_normalization.html HTTP/1.1"
2552	2025/02/03 14:17:09	"GET /uv2582fip2582inf210/lecture_conceptual_modeling.html HTTP/1.1"
2546	2025/02/03 14:17:17	"GET /uv2582fip2582inf210/lecture_conceptual_modeling.html HTTP/1.1"
2552	2025/02/03 14:17:18	"GET /uv2582fip2582inf210/activity_conceptual_modeling.html HTTP/1.1"
2552	2025/02/03 14:17:51	"GET /uv2582fip2582inf210/activity_conceptual_modeling_correction.html HTTP/1.1"
2543	2025/02/03 14:18:00	"GET /uv2582fip2582inf210/lecture_modeling_normalization.html HTTP/1.1"
2533	2025/02/03 14:19:09	"GET /uv2582fip2582inf210/practice_postgresql.html HTTP/1.1"
2522	2025/02/03 14:19:11	"GET /uv2582fip2582inf210/lecture_conceptual_modeling.html HTTP/1.1"
2522	2025/02/03 14:19:52	"GET /uv2582fip2582inf210/activity_conceptual_modeling.html HTTP/1.1"
2557	2025/02/03 14:20:02	"GET /uv2582fip2582inf210/activity_relational_model.html HTTP/1.1"
2522	2025/02/03 14:21:00	"GET /uv2582fip2582inf210/activity_decomposition.html HTTP/1.1"
2553	2025/02/03 14:21:32	"GET /uv2582fip2582inf210/practice_docker.html HTTP/1.1"
2553	2025/02/03 14:22:35	"GET /uv2582fip2582inf210/practice_spring.html HTTP/1.1"
2553	2025/02/03 14:22:38	"GET /uv2582fip2582inf210/index.html HTTP/1.1"
2553	2025/02/03 14:22:41	"GET /uv2582fip2582inf210/web_architecture_home.html HTTP/1.1"
2553	2025/02/03 14:22:46	"GET /uv2582fip2582inf210/practice_jpa.html HTTP/1.1"
2527	2025/02/03 14:23:22	"GET /uv2582fip2582inf210/lecture_normalization.html HTTP/1.1"
2522	2025/02/03 14:25:10	"GET /uv2582fip2582inf210/practice_advanced_sql.html HTTP/1.1"
2569	2025/02/03 14:27:18	"GET /uv2582fip2582inf210/technical_environment_home.html HTTP/1.1"
2569	2025/02/03 14:27:21	"GET /uv2582fip2582inf210/web_architecture_home.html HTTP/1.1"
2569	2025/02/03 14:27:23	"GET /uv2582fip2582inf210/data_home.html HTTP/1.1"
2569	2025/02/03 14:27:28	"GET /uv2582fip2582inf210/activity_conceptual_modeling_advanced.html HTTP/1.1"
2569	2025/02/03 14:27:31	"GET /uv2582fip2582inf210/lecture_conceptual_modeling.html HTTP/1.1"
2525	2025/02/03 14:28:15	"GET /uv2582fip2582inf210/practice_transaction.html HTTP/1.1"
2525	2025/02/03 14:28:19	"GET /uv2582fip2582inf210/practice_transaction.html HTTP/1.1"
2549	2025/02/03 14:31:57	"GET /uv2582fip2582inf210/lecture_normalization.html HTTP/1.1"
2543	2025/02/03 14:32:47	"GET /uv2582fip2582inf210/lecture_conceptual_modeling.html HTTP/1.1"
2545	2025/02/03 14:33:13	"GET /uv2582fip2582inf210/activity_normalization.html HTTP/1.1"
2541	2025/02/03 14:33:37	"GET /uv2582fip2582inf210/activity_sql_correction.html HTTP/1.1"
2549	2025/02/03 14:34:51	"GET /uv2582fip2582inf210/activity_decomposition.html HTTP/1.1"
2549	2025/02/03 14:35:10	"GET /uv2582fip2582inf210/activity_normalization.html HTTP/1.1"
2546	2025/02/03 14:35:46	"GET /uv2582fip2582inf210/activity_conceptual_modeling.html HTTP/1.1"
2553	2025/02/03 14:37:57	"GET /uv2582fip2582inf210/lecture_jpa.html HTTP/1.1"
2549	2025/02/03 14:39:20	"GET /uv2582fip2582inf210/lecture_transaction.html HTTP/1.1"
2545	2025/02/03 14:40:02	"GET /uv2582fip2582inf210/activity_normalization_correction.html HTTP/1.1"
2518	2025/02/03 14:40:25	"GET /uv2582fip2582inf210/images/prerequisite_data/prerequisite_data_2025.html HTTP/1.1"
2554	2025/02/03 14:40:37	"GET /uv2582fip2582inf210/activity_normalization.html HTTP/1.1"
2518	2025/02/03 14:40:41	"GET /uv2582fip2582inf210/lecture_transaction.html HTTP/1.1"
2522	2025/02/03 14:40:55	"GET /uv2582fip2582inf210/practice_sql.html HTTP/1.1"
2522	2025/02/03 14:41:11	"GET /uv2582fip2582inf210/activity_sql.html HTTP/1.1"
2525	2025/02/03 14:42:05	"GET /uv2582fip2582inf210/documentation_rdbms.html HTTP/1.1"
2525	2025/02/03 14:42:11	"GET /uv2582fip2582inf210/documentation_rdbms.html HTTP/1.1"
253	2025/02/03 14:42:15	"GET /uv2582fip2582inf210/images/prerequisite_techenv/prerequisite_techenv_2025.html HTTP/1.1"
253	2025/02/03 14:42:17	"GET /uv2582fip2582inf210/documentation_docker.html HTTP/1.1"
2519	2025/02/03 14:42:40	"GET /uv2582fip2582inf210/activity_normalization.html HTTP/1.1"
2523	2025/02/03 14:43:19	"GET /uv2582fip2582inf210/activity_normalization_correction.html HTTP/1.1"
2523	2025/02/03 14:43:20	"GET /uv2582fip2582inf210/activity_normalization_correction.html HTTP/1.1"
2541	2025/02/03 14:43:38	"GET /uv2582fip2582inf210/practice_sql.html HTTP/1.1"
259	2025/02/03 14:43:44	"GET /uv2582fip2582inf210/technical_environment_home.html HTTP/1.1"
259	2025/02/03 14:43:49	"GET /uv2582fip2582inf210/practice_docker.html HTTP/1.1"
2554	2025/02/03 14:43:55	"GET /uv2582fip2582inf210/activity_normalization_correction.html HTTP/1.1"
259	2025/02/03 14:43:57	"GET /uv2582fip2582inf210/practice_docker_advanced.html HTTP/1.1"
2525	2025/02/03 14:44:25	"GET /uv2582fip2582inf210/practice_postgresql.html HTTP/1.1"
2525	2025/02/03 14:44:25	"GET /uv2582fip2582inf210/practice_postgresql.html HTTP/1.1"
2519	2025/02/03 14:44:28	"GET /uv2582fip2582inf210/activity_normalization_correction.html HTTP/1.1"
2544	2025/02/03 14:44:31	"GET /uv2582fip2582inf210/activity_normalization_correction.html HTTP/1.1"
2523	2025/02/03 14:44:33	"GET /uv2582fip2582inf210/activity_normalization_correction.html HTTP/1.1"
2549	2025/02/03 14:44:42	"GET /uv2582fip2582inf210/practice_transaction.html HTTP/1.1"
2518	2025/02/03 14:45:07	"GET /uv2582fip2582inf210/practice_transaction.html HTTP/1.1"
2549	2025/02/03 14:45:55	"GET /uv2582fip2582inf210/documentation_rdbms.html HTTP/1.1"
2548	2025/02/03 14:45:55	"GET /uv2582fip2582inf210/web_architecture_home.html HTTP/1.1"
2548	2025/02/03 14:45:57	"GET /uv2582fip2582inf210/images/prerequisite_archiweb/prerequisite_archiweb_2025.html HTTP/1.1"
259	2025/02/03 14:46:57	"GET /uv2582fip2582inf210/documentation_rdbms.html HTTP/1.1"
2522	2025/02/03 14:46:59	"GET /uv2582fip2582inf210/practice_advanced_sql_correction.html HTTP/1.1"
259	2025/02/03 14:47:00	"GET /uv2582fip2582inf210/practice_postgresql.html HTTP/1.1"
2527	2025/02/03 14:48:08	"GET /uv2582fip2582inf210/activity_normalization.html HTTP/1.1"
2552	2025/02/03 14:48:23	"GET /uv2582fip2582inf210/lecture_normalization.html HTTP/1.1"
2527	2025/02/03 14:48:57	"GET /uv2582fip2582inf210/activity_normalization_correction.html HTTP/1.1"
2548	2025/02/03 14:49:59	"GET /uv2582fip2582inf210/lecture_technical_architecture.html HTTP/1.1"
259	2025/02/03 14:52:15	"GET /uv2582fip2582inf210/practice_docker_advanced.html HTTP/1.1"
259	2025/02/03 14:52:19	"GET /uv2582fip2582inf210/practice_docker.html HTTP/1.1"
259	2025/02/03 14:52:21	"GET /uv2582fip2582inf210/technical_environment_home.html HTTP/1.1"
259	2025/02/03 14:52:45	"GET /uv2582fip2582inf210/data_home.html HTTP/1.1"
2552	2025/02/03 14:57:24	"GET /uv2582fip2582inf210/activity_normalization.html HTTP/1.1"
2552	2025/02/03 14:58:33	"GET /uv2582fip2582inf210/activity_normalization_correction.html HTTP/1.1"
259	2025/02/03 14:58:54	"GET /uv2582fip2582inf210/data_home.html HTTP/1.1"
2547	2025/02/03 14:59:10	"GET /uv2582fip2582inf210/activity_sql.html HTTP/1.1"
2548	2025/02/03 14:59:43	"GET /uv2582fip2582inf210/lecture_software_architecture.html HTTP/1.1"
2544	2025/02/03 15:00:49	"GET /uv2582fip2582inf210/practice_sql.html HTTP/1.1"
259	2025/02/03 15:01:07	"GET /uv2582fip2582inf210/lecture_relational_model.html HTTP/1.1"
259	2025/02/03 15:01:14	"GET /uv2582fip2582inf210/lecture_db_integrity.html HTTP/1.1"
2548	2025/02/03 15:07:31	"GET /uv2582fip2582inf210/lecture_dto.html HTTP/1.1"
2543	2025/02/03 15:08:00	"GET /uv2582fip2582inf210/activity_conceptual_modeling.html HTTP/1.1"
2548	2025/02/03 15:10:28	"GET /uv2582fip2582inf210/lecture_xml.html HTTP/1.1"
2533	2025/02/03 15:11:36	"GET /uv2582fip2582inf210/documentation_programming.html HTTP/1.1"
2548	2025/02/03 15:11:44	"GET /uv2582fip2582inf210/practice_xml.html HTTP/1.1"
2554	2025/02/03 15:12:51	"GET /uv2582fip2582inf210/lecture_transaction.html HTTP/1.1"
2519	2025/02/03 15:15:45	"GET /uv2582fip2582inf210/lecture_transaction.html HTTP/1.1"
2522	2025/02/03 15:32:37	"GET /uv2582fip2582inf210/lecture_indexation.html HTTP/1.1"
2541	2025/02/03 15:42:17	"GET /uv2582fip2582inf210/data_home.html HTTP/1.1"
2547	2025/02/03 15:44:49	"GET /uv2582fip2582inf210/practice_sql.html HTTP/1.1"
2544	2025/02/03 15:46:03	"GET /uv2582fip2582inf210/practice_sql_correction.html HTTP/1.1"
2554	2025/02/03 15:46:21	"GET /uv2582fip2582inf210/practice_transaction.html HTTP/1.1"
2522	2025/02/03 15:47:04	"GET /uv2582fip2582inf210/practice_indexation.html HTTP/1.1"
2541	2025/02/03 15:47:23	"GET /uv2582fip2582inf210/practice_sql.html HTTP/1.1"
2522	2025/02/03 15:47:27	"GET /uv2582fip2582inf210/practice_isolation.html HTTP/1.1"
2522	2025/02/03 15:47:30	"GET /uv2582fip2582inf210/lecture_isolation.html HTTP/1.1"
2548	2025/02/03 15:49:53	"GET /uv2582fip2582inf210/lecture_json.html HTTP/1.1"
2543	2025/02/03 15:50:37	"GET /uv2582fip2582inf210/activity_conceptual_modeling_correction.html HTTP/1.1"
2548	2025/02/03 15:50:39	"GET /uv2582fip2582inf210/lecture_jpa.html HTTP/1.1"
2533	2025/02/03 15:53:18	"GET /uv2582fip2582inf210/inversion_of_control.html HTTP/1.1"
2533	2025/02/03 15:53:32	"GET /uv2582fip2582inf210/practice_docker_advanced.html HTTP/1.1"
2547	2025/02/03 15:54:29	"GET /uv2582fip2582inf210/practice_sql_correction.html HTTP/1.1"
2523	2025/02/03 15:54:54	"GET /uv2582fip2582inf210/lecture_transaction.html HTTP/1.1"
2523	2025/02/03 15:54:54	"GET /uv2582fip2582inf210/lecture_transaction.html HTTP/1.1"
2541	2025/02/03 15:55:44	"GET /uv2582fip2582inf210/practice_sql_correction.html HTTP/1.1"
2547	2025/02/03 16:00:09	"GET /uv2582fip2582inf210/lecture_transaction.html HTTP/1.1"
2519	2025/02/03 16:01:02	"GET /uv2582fip2582inf210/practice_transaction.html HTTP/1.1"
2519	2025/02/03 16:04:28	"GET /uv2582fip2582inf210/documentation_rdbms.html HTTP/1.1"
2519	2025/02/03 16:05:12	"GET /uv2582fip2582inf210/practice_postgresql.html HTTP/1.1"
2541	2025/02/03 16:08:18	"GET /uv2582fip2582inf210/practice_advanced_sql.html HTTP/1.1"
253	2025/02/03 16:08:38	"GET /uv2582fip2582inf210/activity_sql.html HTTP/1.1"
2541	2025/02/03 16:08:39	"GET /uv2582fip2582inf210/lecture_transaction.html HTTP/1.1"
259	2025/02/03 16:11:28	"GET /uv2582fip2582inf210/activity_relational_model.html HTTP/1.1"
259	2025/02/03 16:11:40	"GET /uv2582fip2582inf210/lecture_relational_algebra.html HTTP/1.1"
2543	2025/02/03 16:12:15	"GET /uv2582fip2582inf210/lecture_normalization.html HTTP/1.1"
2544	2025/02/03 16:12:42	"GET /uv2582fip2582inf210/lecture_transaction.html HTTP/1.1"
2545	2025/02/03 16:14:07	"GET /uv2582fip2582inf210/lecture_relational_model.html HTTP/1.1"
2545	2025/02/03 16:14:11	"GET /uv2582fip2582inf210/practice_sql.html HTTP/1.1"
2541	2025/02/03 16:16:31	"GET /uv2582fip2582inf210/practice_transaction.html HTTP/1.1"
2544	2025/02/03 16:16:37	"GET /uv2582fip2582inf210/practice_transaction.html HTTP/1.1"
259	2025/02/03 16:16:47	"GET /uv2582fip2582inf210/activity_relational_model.html HTTP/1.1"
2541	2025/02/03 16:18:32	"GET /uv2582fip2582inf210/lecture_relational_model.html HTTP/1.1"
2554	2025/02/03 16:21:29	"GET /uv2582fip2582inf210/documentation_rdbms.html HTTP/1.1"
2522	2025/02/03 16:22:08	"GET /uv2582fip2582inf210/index.html HTTP/1.1"
2522	2025/02/03 16:22:32	"GET /uv2582fip2582inf210/web_architecture_home.html HTTP/1.1"
2541	2025/02/03 16:22:33	"GET /uv2582fip2582inf210/data_home.html HTTP/1.1"
2522	2025/02/03 16:22:37	"GET /uv2582fip2582inf210/project_home.html HTTP/1.1"
2541	2025/02/03 16:22:42	"GET /uv2582fip2582inf210/images/prerequisite_data/prerequisite_data_2025.html HTTP/1.1"
2541	2025/02/03 16:23:25	"GET /uv2582fip2582inf210/project_home.html HTTP/1.1"
2541	2025/02/03 16:23:30	"GET /uv2582fip2582inf210/web_architecture_home.html HTTP/1.1"
2519	2025/02/03 16:24:28	"GET /uv2582fip2582inf210/practice_transaction_correction.html HTTP/1.1"
2549	2025/02/03 16:25:02	"GET /uv2582fip2582inf210/practice_transaction_correction.html HTTP/1.1"
2522	2025/02/03 16:25:18	"GET /uv2582fip2582inf210/data_home.html HTTP/1.1"
2523	2025/02/03 16:25:34	"GET /uv2582fip2582inf210/practice_transaction.html HTTP/1.1"
2523	2025/02/03 16:25:34	"GET /uv2582fip2582inf210/practice_transaction.html HTTP/1.1"
2513	2025/02/03 16:29:58	"GET /uv2582fip2582inf210/activity_decomposition.html HTTP/1.1"
2549	2025/02/03 16:30:22	"GET /uv2582fip2582inf210/activity_sql.html HTTP/1.1"
2522	2025/02/03 16:30:37	"GET /uv2582fip2582inf210/images/prerequisite_archiweb/prerequisite_archiweb_2025.html HTTP/1.1"
2522	2025/02/03 16:30:40	"GET /uv2582fip2582inf210/lecture_software_architecture.html HTTP/1.1"
2522	2025/02/03 16:30:51	"GET /uv2582fip2582inf210/lecture_mvc_spring.html HTTP/1.1"
2547	2025/02/03 16:31:56	"GET /uv2582fip2582inf210/practice_transaction.html HTTP/1.1"
2546	2025/02/03 16:31:57	"GET /uv2582fip2582inf210/lecture_jaxb.html HTTP/1.1"
2527	2025/02/03 16:32:25	"GET /uv2582fip2582inf210/index.html HTTP/1.1"
2553	2025/02/03 16:32:34	"GET /uv2582fip2582inf210/practice_jpa_advanced.html HTTP/1.1"
2527	2025/02/03 16:33:01	"GET /uv2582fip2582inf210/activity_decomposition.html HTTP/1.1"
2527	2025/02/03 16:33:07	"GET /uv2582fip2582inf210/activity_decomposition_correction.html HTTP/1.1"
2549	2025/02/03 16:33:50	"GET /uv2582fip2582inf210/practice_sql.html HTTP/1.1"
253	2025/02/03 16:34:17	"GET /uv2582fip2582inf210/practice_sql.html HTTP/1.1"
2522	2025/02/03 16:34:33	"GET /uv2582fip2582inf210/lecture_jpa.html HTTP/1.1"
2546	2025/02/03 16:35:28	"GET /uv2582fip2582inf210/activity_normalization.html HTTP/1.1"
2546	2025/02/03 16:35:47	"GET /uv2582fip2582inf210/activity_sql.html HTTP/1.1"
2546	2025/02/03 16:35:59	"GET /uv2582fip2582inf210/practice_sql.html HTTP/1.1"
2545	2025/02/03 16:36:03	"GET /uv2582fip2582inf210/activity_sql.html HTTP/1.1"
2521	2025/02/03 16:37:49	"GET /uv2582fip2582inf210/activity_normalization.html HTTP/1.1"
2558	2025/02/03 16:52:14	"GET /uv2582fip2582inf210/activity_sql.html HTTP/1.1"
2558	2025/02/03 16:52:15	"GET /uv2582fip2582inf210/practice_advanced_sql.html HTTP/1.1"
2558	2025/02/03 16:52:17	"GET /uv2582fip2582inf210/practice_sql.html HTTP/1.1"
2558	2025/02/03 16:52:25	"GET /uv2582fip2582inf210/activity_conceptual_modeling.html HTTP/1.1"
2558	2025/02/03 16:53:46	"GET /uv2582fip2582inf210/activity_conceptual_modeling_correction.html HTTP/1.1"
2549	2025/02/03 19:02:03	"GET /uv2582fip2582inf210/practice_indexation.html HTTP/1.1"
2549	2025/02/03 19:02:12	"GET /uv2582fip2582inf210/practice_isolation.html HTTP/1.1"
2549	2025/02/03 19:02:33	"GET /uv2582fip2582inf210/web_architecture_home.html HTTP/1.1"
2549	2025/02/03 19:02:34	"GET /uv2582fip2582inf210/images/prerequisite_archiweb/prerequisite_archiweb_2025.html HTTP/1.1"
2549	2025/02/03 19:02:45	"GET /uv2582fip2582inf210/lecture_technical_architecture.html HTTP/1.1"
2529	2025/02/03 19:31:41	"GET /uv2582fip2582inf210/practice_sql.html HTTP/1.1"
2529	2025/02/03 19:31:43	"GET /uv2582fip2582inf210/activity_sql.html HTTP/1.1"
2529	2025/02/03 19:47:59	"GET /uv2582fip2582inf210/practice_sql_correction.html HTTP/1.1"
2574	2025/02/03 21:14:29	"GET /uv2582fip2582inf210/PresentationUVINF210/pres.html HTTP/1.1"
2574	2025/02/03 21:14:44	"GET /uv2582fip2582inf210/project_home.html HTTP/1.1"
2549	2025/02/03 21:38:48	"GET /uv2582fip2582inf210/lecture_software_architecture.html HTTP/1.1"
2549	2025/02/03 21:43:08	"GET /uv2582fip2582inf210/lecture_mvc_spring.html HTTP/1.1"
2519	2025/02/03 23:08:56	"GET /uv2582fip2582inf210/index.html HTTP/1.1"
2550	2025/02/16 08:32:05	"GET /uv2582fip2582inf210/technical_environment_home.html HTTP/1.1"
2550	2025/02/16 08:32:09	"GET /uv2582fip2582inf210/web_architecture_home.html HTTP/1.1"
2550	2025/02/16 08:32:11	"GET /uv2582fip2582inf210/lecture_technical_architecture.html HTTP/1.1"
2550	2025/02/16 08:32:16	"GET /uv2582fip2582inf210/lecture_software_architecture.html HTTP/1.1"
2550	2025/02/16 08:32:23	"GET /uv2582fip2582inf210/lecture_dto.html HTTP/1.1"
2550	2025/02/16 08:32:32	"GET /uv2582fip2582inf210/lecture_json.html HTTP/1.1"
2550	2025/02/16 08:32:50	"GET /uv2582fip2582inf210/data_home.html HTTP/1.1"
2550	2025/02/16 08:32:52	"GET /uv2582fip2582inf210/project_home.html HTTP/1.1"
2550	2025/02/16 08:33:34	"GET /uv2582fip2582inf210/practice_sql.html HTTP/1.1"
2550	2025/02/16 08:35:10	"GET /uv2582fip2582inf210/activity_decomposition.html HTTP/1.1"
2550	2025/02/16 08:35:22	"GET /uv2582fip2582inf210/activity_normalization.html HTTP/1.1"
2550	2025/02/16 08:36:07	"GET /uv2582fip2582inf210/practice_advanced_sql.html HTTP/1.1"
2550	2025/02/16 08:40:28	"GET /uv2582fip2582inf210/practice_spring_2tiers.html HTTP/1.1"
2550	2025/02/16 08:45:52	"GET /uv2582fip2582inf210/web_architecture_home.html HTTP/1.1"
2550	2025/02/16 08:46:18	"GET /uv2582fip2582inf210/lecture_technical_architecture.html HTTP/1.1"
2550	2025/02/16 09:22:33	"GET /uv2582fip2582inf210/lecture_software_architecture.html HTTP/1.1"
2550	2025/02/16 09:45:31	"GET /uv2582fip2582inf210/lecture_dto.html HTTP/1.1"
2550	2025/02/16 09:47:02	"GET /uv2582fip2582inf210/images/prerequisite_archiweb/prerequisite_archiweb_2025.html HTTP/1.1"
2550	2025/02/16 09:56:25	"GET /uv2582fip2582inf210/lecture_mvc_spring.html HTTP/1.1"
255	2025/02/16 10:06:59	"GET /uv2582fip2582inf210/index.html HTTP/1.1"
255	2025/02/16 10:14:06	"GET /uv2582fip2582inf210/data_home.html HTTP/1.1"
255	2025/02/16 10:14:14	"GET /uv2582fip2582inf210/lecture_conceptual_modeling.html HTTP/1.1"
255	2025/02/16 10:21:39	"GET /uv2582fip2582inf210/activity_conceptual_modeling.html HTTP/1.1"
255	2025/02/16 10:21:42	"GET /uv2582fip2582inf210/lecture_normalization.html HTTP/1.1"
252	2025/02/16 10:32:59	"GET /uv2582fip2582inf210/web_architecture_home.html HTTP/1.1"
255	2025/02/16 10:33:09	"GET /uv2582fip2582inf210/lecture_mvc_spring.html HTTP/1.1"
255	2025/02/16 10:37:26	"GET /uv2582fip2582inf210/lecture_jpa.html HTTP/1.1"
252	2025/02/16 10:43:52	"GET /uv2582fip2582inf210/practice_jpa_advanced.html HTTP/1.1"
252	2025/02/16 10:44:20	"GET /uv2582fip2582inf210/practice_spring_2tiers.html HTTP/1.1"
252	2025/02/16 10:46:15	"GET /uv2582fip2582inf210/data_home.html HTTP/1.1"
2550	2025/02/16 10:53:09	"GET /uv2582fip2582inf210/lecture_jpa.html HTTP/1.1"
2550	2025/02/16 10:58:15	"GET /uv2582fip2582inf210/practice_jpa.html HTTP/1.1"
2550	2025/02/16 10:58:23	"GET /uv2582fip2582inf210/practice_jpa_advanced.html HTTP/1.1"
2550	2025/02/16 10:58:31	"GET /uv2582fip2582inf210/practice_spring_2tiers.html HTTP/1.1"
256	2025/02/16 11:41:34	"GET /uv2582fip2582inf210/lecture_mvc_spring.html HTTP/1.1"
256	2025/02/16 11:42:37	"GET /uv2582fip2582inf210/practice_jpa.html HTTP/1.1"
256	2025/02/16 11:42:44	"GET /uv2582fip2582inf210/practice_spring_2tiers.html HTTP/1.1"
2529	2025/02/16 11:52:58	"GET /uv2582fip2582inf210/index.html HTTP/1.1"
2529	2025/02/16 11:53:01	"GET /uv2582fip2582inf210/data_home.html HTTP/1.1"
2529	2025/02/16 11:53:03	"GET /uv2582fip2582inf210/images/prerequisite_data/prerequisite_data_2025.html HTTP/1.1"
2529	2025/02/16 11:53:06	"GET /uv2582fip2582inf210/lecture_relational_model.html HTTP/1.1"
2550	2025/02/16 12:00:15	"GET /uv2582fip2582inf210/practice_transaction.html HTTP/1.1"
2529	2025/02/16 12:02:57	"GET /uv2582fip2582inf210/lecture_db_integrity.html HTTP/1.1"
2529	2025/02/16 12:07:26	"GET /uv2582fip2582inf210/activity_relational_model.html HTTP/1.1"
2550	2025/02/16 12:09:00	"GET /uv2582fip2582inf210/lecture_xml.html HTTP/1.1"
2550	2025/02/16 12:09:10	"GET /uv2582fip2582inf210/lecture_json.html HTTP/1.1"
252	2025/02/16 12:09:12	"GET /uv2582fip2582inf210/practice_spring_2tiers_ext.html HTTP/1.1"
252	2025/02/16 12:09:12	"GET /uv2582fip2582inf210/PresentationUVINF210/pres.html HTTP/1.1"
256	2025/02/16 12:20:11	"GET /uv2582fip2582inf210/lecture_xml.html HTTP/1.1"
256	2025/02/16 12:20:46	"GET /uv2582fip2582inf210/practice_xml.html HTTP/1.1"
2529	2025/02/16 12:21:24	"GET /uv2582fip2582inf210/lecture_modeling_normalization.html HTTP/1.1"
2550	2025/02/16 12:23:34	"GET /uv2582fip2582inf210/practice_json.html HTTP/1.1"
2529	2025/02/16 12:24:33	"GET /uv2582fip2582inf210/lecture_conceptual_modeling.html HTTP/1.1"
2550	2025/02/16 12:31:06	"GET /uv2582fip2582inf210/practice_xml.html HTTP/1.1"
2529	2025/02/16 12:52:14	"GET /uv2582fip2582inf210/activity_conceptual_modeling.html HTTP/1.1"
2529	2025/02/16 12:52:19	"GET /uv2582fip2582inf210/lecture_normalization.html HTTP/1.1"
2529	2025/02/16 12:57:15	"GET /uv2582fip2582inf210/activity_normalization.html HTTP/1.1"
2529	2025/02/16 12:57:38	"GET /uv2582fip2582inf210/activity_decomposition.html HTTP/1.1"
2550	2025/02/16 14:30:33	"GET /uv2582fip2582inf210/index.html HTTP/1.1"
2550	2025/02/16 14:30:36	"GET /uv2582fip2582inf210/technical_environment_home.html HTTP/1.1"
2527	2025/02/16 15:00:44	"GET /uv2582fip2582inf210/data_home.html HTTP/1.1"
2527	2025/02/16 15:00:53	"GET /uv2582fip2582inf210/lecture_transaction.html HTTP/1.1"
2527	2025/02/16 15:03:59	"GET /uv2582fip2582inf210/practice_transaction.html HTTP/1.1"
2551	2025/02/16 15:11:58	"GET /uv2582fip2582inf210/documentation_docker.html HTTP/1.1"
2551	2025/02/16 15:12:12	"GET /uv2582fip2582inf210/lecture_jpa.html HTTP/1.1"
2551	2025/02/16 15:12:14	"GET /uv2582fip2582inf210/practice_jpa.html HTTP/1.1"
2513	2025/02/16 15:15:12	"GET /uv2582fip2582inf210/practice_spring_2tiers.html HTTP/1.1"
2513	2025/02/16 15:16:47	"GET /uv2582fip2582inf210/technical_environment_home.html HTTP/1.1"
2513	2025/02/16 15:16:52	"GET /uv2582fip2582inf210/images/prerequisite_techenv/prerequisite_techenv_2025.html HTTP/1.1"
2513	2025/02/16 15:16:53	"GET /uv2582fip2582inf210/documentation_programming.html HTTP/1.1"
2513	2025/02/16 15:16:57	"GET /uv2582fip2582inf210/practice_spring.html HTTP/1.1"
256	2025/02/16 15:18:01	"GET /uv2582fip2582inf210/practice_json.html HTTP/1.1"
256	2025/02/16 15:20:20	"GET /uv2582fip2582inf210/index.html HTTP/1.1"
2527	2025/02/16 15:29:56	"GET /uv2582fip2582inf210/practice_transaction_correction.html HTTP/1.1"
2527	2025/02/16 15:37:59	"GET /uv2582fip2582inf210/activity_sql.html HTTP/1.1"
2527	2025/02/16 15:49:47	"GET /uv2582fip2582inf210/activity_sql_correction.html HTTP/1.1"
2526	2025/02/16 15:55:16	"GET /uv2582fip2582inf210/index.html HTTP/1.1"
2526	2025/02/16 15:55:20	"GET /uv2582fip2582inf210/technical_environment_home.html HTTP/1.1"
2526	2025/02/16 15:55:27	"GET /uv2582fip2582inf210/documentation_docker.html HTTP/1.1"
2527	2025/02/16 16:24:26	"GET /uv2582fip2582inf210/practice_sql.html HTTP/1.1"
2550	2025/02/16 16:43:07	"GET /uv2582fip2582inf210/practice_spring_2tiers_ext.html HTTP/1.1"
2550	2025/02/16 17:53:27	"GET /uv2582fip2582inf210/practice_spring.html HTTP/1.1"
2550	2025/02/16 17:53:29	"GET /uv2582fip2582inf210/documentation_programming.html HTTP/1.1"
2550	2025/02/16 17:53:43	"GET /uv2582fip2582inf210/data_home.html HTTP/1.1"
2550	2025/02/16 17:55:55	"GET /uv2582fip2582inf210/lecture_relational_model.html HTTP/1.1"
2550	2025/02/16 18:05:52	"GET /uv2582fip2582inf210/lecture_db_integrity.html HTTP/1.1"
2550	2025/02/16 18:14:17	"GET /uv2582fip2582inf210/activity_relational_model.html HTTP/1.1"
2550	2025/02/16 18:14:56	"GET /uv2582fip2582inf210/lecture_modeling_normalization.html HTTP/1.1"
2550	2025/02/16 18:20:12	"GET /uv2582fip2582inf210/lecture_conceptual_modeling.html HTTP/1.1"
253	2025/02/16 18:20:19	"GET /uv2582fip2582inf210/technical_environment_home.html HTTP/1.1"
253	2025/02/16 18:35:23	"GET /uv2582fip2582inf210/documentation_docker.html HTTP/1.1"
253	2025/02/16 18:35:37	"GET /uv2582fip2582inf210/practice_docker.html HTTP/1.1"
2550	2025/02/16 18:37:56	"GET /uv2582fip2582inf210/lecture_normalization.html HTTP/1.1"
2550	2025/02/16 18:49:19	"GET /uv2582fip2582inf210/activity_sql.html HTTP/1.1"
2550	2025/02/16 18:49:36	"GET /uv2582fip2582inf210/lecture_transaction.html HTTP/1.1"
2550	2025/02/16 18:58:00	"GET /uv2582fip2582inf210/practice_sql.html HTTP/1.1"
253	2025/02/16 19:36:43	"GET /uv2582fip2582inf210/practice_docker_advanced.html HTTP/1.1"
253	2025/02/16 19:37:57	"GET /uv2582fip2582inf210/documentation_rdbms.html HTTP/1.1"
253	2025/02/16 19:50:16	"GET /uv2582fip2582inf210/practice_postgresql.html HTTP/1.1"
256	2025/02/16 22:10:57	"GET /uv2582fip2582inf210/data_home.html HTTP/1.1"
256	2025/02/16 22:11:01	"GET /uv2582fip2582inf210/images/prerequisite_data/prerequisite_data_2025.html HTTP/1.1"
256	2025/02/16 22:20:45	"GET /uv2582fip2582inf210/lecture_relational_model.html HTTP/1.1"
256	2025/02/16 22:48:53	"GET /uv2582fip2582inf210/lecture_db_integrity.html HTTP/1.1"
256	2025/02/16 23:01:57	"GET /uv2582fip2582inf210/lecture_relational_algebra.html HTTP/1.1"
256	2025/02/16 23:01:57	"GET /uv2582fip2582inf210/activity_relational_model.html HTTP/1.1"
2529	2025/01/24 09:28:39	"GET /uv2582fip2582inf210/technical_environment_home.html HTTP/1.1"
2529	2025/01/24 09:29:18	"GET /uv2582fip2582inf210/images/prerequisite_techenv/prerequisite_techenv_2025.html HTTP/1.1"
2539	2025/01/24 09:33:03	"GET /uv2582fip2582inf210/technical_environment_home.html HTTP/1.1"
2540	2025/01/24 09:33:38	"GET /uv2582fip2582inf210/technical_environment_home.html HTTP/1.1"
2524	2025/01/24 09:34:22	"GET /uv2582fip2582inf210/technical_environment_home.html HTTP/1.1"
2513	2025/01/24 09:35:01	"GET /uv2582fip2582inf210/technical_environment_home.html HTTP/1.1"
2513	2025/01/24 09:35:12	"GET /uv2582fip2582inf210/images/prerequisite_techenv/prerequisite_techenv_2025.html HTTP/1.1"
2541	2025/01/24 09:35:16	"GET /uv2582fip2582inf210/PresentationUVINF210/pres.html HTTP/1.1"
2539	2025/01/24 09:35:17	"GET /uv2582fip2582inf210/images/prerequisite_techenv/prerequisite_techenv_2025.html HTTP/1.1"
2513	2025/01/24 09:35:27	"GET /uv2582fip2582inf210/documentation_rdbms.html HTTP/1.1"
2527	2025/01/24 09:36:01	"GET /uv2582fip2582inf210/lecture_software_architecture.html HTTP/1.1"
2543	2025/01/24 09:36:14	"GET /uv2582fip2582inf210/technical_environment_home.html HTTP/1.1"
2522	2025/01/24 09:36:26	"GET /uv2582fip2582inf210/technical_environment_home.html HTTP/1.1"
2542	2025/01/24 09:36:30	"GET /uv2582fip2582inf210/technical_environment_home.html HTTP/1.1"
2529	2025/01/24 09:36:39	"GET /uv2582fip2582inf210/index.html HTTP/1.1"
2515	2025/01/24 09:36:57	"GET /uv2582fip2582inf210/technical_environment_home.html HTTP/1.1"
2543	2025/01/24 09:37:14	"GET /uv2582fip2582inf210/index.html HTTP/1.1"
2546	2025/01/24 09:37:16	"GET /uv2582fip2582inf210/PresentationUVINF210/pres.html HTTP/1.1"
2548	2025/01/24 09:37:54	"GET /uv2582fip2582inf210/technical_environment_home.html HTTP/1.1"
2526	2025/01/24 09:38:06	"GET /uv2582fip2582inf210/web_architecture_home.html HTTP/1.1"
2549	2025/01/24 09:38:18	"GET /uv2582fip2582inf210/technical_environment_home.html HTTP/1.1"
2546	2025/01/24 09:38:22	"GET /uv2582fip2582inf210/technical_environment_home.html HTTP/1.1"
2527	2025/01/24 09:38:28	"GET /uv2582fip2582inf210/technical_environment_home.html HTTP/1.1"
2545	2025/01/24 09:38:29	"GET /uv2582fip2582inf210/technical_environment_home.html HTTP/1.1"
2521	2025/01/24 09:38:29	"GET /uv2582fip2582inf210/technical_environment_home.html HTTP/1.1"
2547	2025/01/24 09:38:31	"GET /uv2582fip2582inf210/technical_environment_home.html HTTP/1.1"
2546	2025/01/24 09:38:34	"GET /uv2582fip2582inf210/images/prerequisite_techenv/prerequisite_techenv_2025.html HTTP/1.1"
2521	2025/01/24 09:38:34	"GET /uv2582fip2582inf210/images/prerequisite_techenv/prerequisite_techenv_2025.html HTTP/1.1"
2549	2025/01/24 09:38:35	"GET /uv2582fip2582inf210/images/prerequisite_techenv/prerequisite_techenv_2025.html HTTP/1.1"
2515	2025/01/24 09:38:39	"GET /uv2582fip2582inf210/images/prerequisite_techenv/prerequisite_techenv_2025.html HTTP/1.1"
2523	2025/01/24 09:38:43	"GET /uv2582fip2582inf210/technical_environment_home.html HTTP/1.1"
2523	2025/01/24 09:38:43	"GET /uv2582fip2582inf210/technical_environment_home.html HTTP/1.1"
258	2025/01/24 09:38:47	"GET /uv2582fip2582inf210/technical_environment_home.html HTTP/1.1"
2541	2025/01/24 09:38:48	"GET /uv2582fip2582inf210/technical_environment_home.html HTTP/1.1"
2522	2025/01/24 09:38:49	"GET /uv2582fip2582inf210/images/prerequisite_techenv/prerequisite_techenv_2025.html HTTP/1.1"
2550	2025/01/24 09:38:49	"GET /uv2582fip2582inf210/technical_environment_home.html HTTP/1.1"
2522	2025/01/24 09:38:51	"GET /uv2582fip2582inf210/documentation_programming.html HTTP/1.1"
2524	2025/01/24 09:38:54	"GET /uv2582fip2582inf210/documentation_docker.html HTTP/1.1"
2529	2025/01/24 09:39:08	"GET /uv2582fip2582inf210/practice_docker.html HTTP/1.1"
2550	2025/01/24 09:39:09	"GET /uv2582fip2582inf210/images/prerequisite_techenv/prerequisite_techenv_2025.html HTTP/1.1"
2550	2025/01/24 09:39:11	"GET /uv2582fip2582inf210/spring_bean.html HTTP/1.1"
2548	2025/01/24 09:39:15	"GET /uv2582fip2582inf210/documentation_programming.html HTTP/1.1"
2546	2025/01/24 09:39:26	"GET /uv2582fip2582inf210/documentation_docker.html HTTP/1.1"
2528	2025/01/24 09:39:28	"GET /uv2582fip2582inf210/technical_environment_home.html HTTP/1.1"
255	2025/01/24 09:39:28	"GET /uv2582fip2582inf210/technical_environment_home.html HTTP/1.1"
2548	2025/01/24 09:39:45	"GET /uv2582fip2582inf210/documentation_docker.html HTTP/1.1"
2521	2025/01/24 09:39:54	"GET /uv2582fip2582inf210/technical_environment_home.html HTTP/1.1"
2521	2025/01/24 09:39:56	"GET /uv2582fip2582inf210/images/prerequisite_techenv/prerequisite_techenv_2025.html HTTP/1.1"
2541	2025/01/24 09:39:57	"GET /uv2582fip2582inf210/documentation_docker.html HTTP/1.1"
2527	2025/01/24 09:39:57	"GET /uv2582fip2582inf210/images/prerequisite_techenv/prerequisite_techenv_2025.html HTTP/1.1"
2527	2025/01/24 09:40:02	"GET /uv2582fip2582inf210/documentation_docker.html HTTP/1.1"
2522	2025/01/24 09:40:04	"GET /uv2582fip2582inf210/practice_docker_advanced.html HTTP/1.1"
2545	2025/01/24 09:40:04	"GET /uv2582fip2582inf210/documentation_docker.html HTTP/1.1"
2544	2025/01/24 09:40:08	"GET /uv2582fip2582inf210/technical_environment_home.html HTTP/1.1"
2548	2025/01/24 09:40:18	"GET /uv2582fip2582inf210/images/prerequisite_techenv/prerequisite_techenv_2025.html HTTP/1.1"
2544	2025/01/24 09:40:30	"GET /uv2582fip2582inf210/images/prerequisite_techenv/prerequisite_techenv_2025.html HTTP/1.1"
2525	2025/01/24 09:40:35	"GET /uv2582fip2582inf210/technical_environment_home.html HTTP/1.1"
2525	2025/01/24 09:40:35	"GET /uv2582fip2582inf210/technical_environment_home.html HTTP/1.1"
257	2025/01/24 09:41:01	"GET /uv2582fip2582inf210/technical_environment_home.html HTTP/1.1"
2525	2025/01/24 09:41:31	"GET /uv2582fip2582inf210/images/prerequisite_techenv/prerequisite_techenv_2025.html HTTP/1.1"
2525	2025/01/24 09:41:33	"GET /uv2582fip2582inf210/images/prerequisite_techenv/prerequisite_techenv_2025.html HTTP/1.1"
2534	2025/01/24 09:42:14	"GET /uv2582fip2582inf210/PresentationUVINF210/pres.html HTTP/1.1"
2526	2025/01/24 09:42:35	"GET /uv2582fip2582inf210/index.html HTTP/1.1"
2530	2025/01/24 09:43:08	"GET /uv2582fip2582inf210/technical_environment_home.html HTTP/1.1"
2549	2025/01/24 09:43:09	"GET /uv2582fip2582inf210/documentation_docker.html HTTP/1.1"
2526	2025/01/24 09:43:20	"GET /uv2582fip2582inf210/technical_environment_home.html HTTP/1.1"
2517	2025/01/24 09:43:25	"GET /uv2582fip2582inf210/technical_environment_home.html HTTP/1.1"
2552	2025/01/24 09:43:25	"GET /uv2582fip2582inf210/technical_environment_home.html HTTP/1.1"
2552	2025/01/24 09:43:30	"GET /uv2582fip2582inf210/images/prerequisite_techenv/prerequisite_techenv_2025.html HTTP/1.1"
2551	2025/01/24 09:43:35	"GET /uv2582fip2582inf210/technical_environment_home.html HTTP/1.1"
2534	2025/01/24 09:43:42	"GET /uv2582fip2582inf210/technical_environment_home.html HTTP/1.1"
2534	2025/01/24 09:43:51	"GET /uv2582fip2582inf210/images/prerequisite_techenv/prerequisite_techenv_2025.html HTTP/1.1"
2534	2025/01/24 09:43:53	"GET /uv2582fip2582inf210/documentation_programming.html HTTP/1.1"
2510	2025/01/24 09:44:07	"GET /uv2582fip2582inf210/technical_environment_home.html HTTP/1.1"
2534	2025/01/24 09:44:22	"GET /uv2582fip2582inf210/inversion_of_control.html HTTP/1.1"
2513	2025/01/24 09:44:29	"GET /uv2582fip2582inf210/documentation_docker.html HTTP/1.1"
2531	2025/01/24 09:44:31	"GET /uv2582fip2582inf210/technical_environment_home.html HTTP/1.1"
2523	2025/01/24 09:44:35	"GET /uv2582fip2582inf210/documentation_programming.html HTTP/1.1"
2520	2025/01/24 09:44:36	"GET /uv2582fip2582inf210/technical_environment_home.html HTTP/1.1"
2534	2025/01/24 09:44:36	"GET /uv2582fip2582inf210/spring_bean.html HTTP/1.1"
2523	2025/01/24 09:44:37	"GET /uv2582fip2582inf210/documentation_programming.html HTTP/1.1"
2534	2025/01/24 09:44:48	"GET /uv2582fip2582inf210/practice_spring.html HTTP/1.1"
2516	2025/01/24 09:45:07	"GET /uv2582fip2582inf210/technical_environment_home.html HTTP/1.1"
2549	2025/01/24 09:45:09	"GET /uv2582fip2582inf210/practice_docker.html HTTP/1.1"
2514	2025/01/24 09:45:40	"GET /uv2582fip2582inf210/technical_environment_home.html HTTP/1.1"
2510	2025/01/24 09:45:48	"GET /uv2582fip2582inf210/documentation_docker.html HTTP/1.1"
2510	2025/01/24 09:46:11	"GET /uv2582fip2582inf210/practice_docker.html HTTP/1.1"
2534	2025/01/24 09:46:20	"GET /uv2582fip2582inf210/documentation_docker.html HTTP/1.1"
2510	2025/01/24 09:46:20	"GET /uv2582fip2582inf210/practice_docker_advanced.html HTTP/1.1"
2511	2025/01/24 09:46:30	"GET /uv2582fip2582inf210/technical_environment_home.html HTTP/1.1"
258	2025/01/24 09:46:33	"GET /uv2582fip2582inf210/documentation_docker.html HTTP/1.1"
2512	2025/01/24 09:47:41	"GET /uv2582fip2582inf210/technical_environment_home.html HTTP/1.1"
2512	2025/01/24 09:47:46	"GET /uv2582fip2582inf210/images/prerequisite_techenv/prerequisite_techenv_2025.html HTTP/1.1"
2519	2025/01/24 09:49:17	"GET /uv2582fip2582inf210/PresentationUVINF210/pres.html HTTP/1.1"
2541	2025/01/24 09:49:21	"GET /uv2582fip2582inf210/documentation_rdbms.html HTTP/1.1"
2519	2025/01/24 09:49:36	"GET /uv2582fip2582inf210/licence.html HTTP/1.1"
2546	2025/01/24 09:49:39	"GET /uv2582fip2582inf210/practice_docker.html HTTP/1.1"
2541	2025/01/24 09:49:53	"GET /uv2582fip2582inf210/practice_postgresql.html HTTP/1.1"
252	2025/01/24 09:50:34	"GET /uv2582fip2582inf210/PresentationUVINF210/pres.html HTTP/1.1"
2541	2025/01/24 09:51:01	"GET /uv2582fip2582inf210/practice_docker.html HTTP/1.1"
2519	2025/01/24 09:51:15	"GET /uv2582fip2582inf210/technical_environment_home.html HTTP/1.1"
256	2025/01/24 09:52:05	"GET /uv2582fip2582inf210/technical_environment_home.html HTTP/1.1"
252	2025/01/24 09:52:05	"GET /uv2582fip2582inf210/technical_environment_home.html HTTP/1.1"
2513	2025/01/24 09:52:52	"GET /uv2582fip2582inf210/practice_docker.html HTTP/1.1"
2524	2025/01/24 09:52:57	"GET /uv2582fip2582inf210/practice_docker.html HTTP/1.1"
2515	2025/01/24 09:53:03	"GET /uv2582fip2582inf210/documentation_docker.html HTTP/1.1"
259	2025/01/24 09:53:05	"GET /uv2582fip2582inf210/technical_environment_home.html HTTP/1.1"
2515	2025/01/24 09:53:24	"GET /uv2582fip2582inf210/practice_docker.html HTTP/1.1"
2543	2025/01/24 09:53:36	"GET /uv2582fip2582inf210/images/prerequisite_techenv/prerequisite_techenv_2025.html HTTP/1.1"
2543	2025/01/24 09:53:48	"GET /uv2582fip2582inf210/documentation_docker.html HTTP/1.1"
2549	2025/01/24 09:54:00	"GET /uv2582fip2582inf210/practice_docker_advanced.html HTTP/1.1"
259	2025/01/24 09:54:01	"GET /uv2582fip2582inf210/documentation_docker.html HTTP/1.1"
255	2025/01/24 09:54:43	"GET /uv2582fip2582inf210/documentation_docker.html HTTP/1.1"
2526	2025/01/24 09:54:46	"GET /uv2582fip2582inf210/documentation_docker.html HTTP/1.1"
2533	2025/01/24 09:54:50	"GET /uv2582fip2582inf210/technical_environment_home.html HTTP/1.1"
2526	2025/01/24 09:54:57	"GET /uv2582fip2582inf210/practice_docker.html HTTP/1.1"
2527	2025/01/24 09:55:23	"GET /uv2582fip2582inf210/practice_docker.html HTTP/1.1"
2526	2025/01/24 09:55:25	"GET /uv2582fip2582inf210/practice_docker_advanced.html HTTP/1.1"
252	2025/01/24 09:55:33	"GET /uv2582fip2582inf210/technical_environment_home.html HTTP/1.1"
2526	2025/01/24 09:56:34	"GET /uv2582fip2582inf210/documentation_rdbms.html HTTP/1.1"
2515	2025/01/24 09:57:56	"GET /uv2582fip2582inf210/practice_docker_advanced.html HTTP/1.1"
2522	2025/01/24 09:58:54	"GET /uv2582fip2582inf210/inversion_of_control.html HTTP/1.1"
2539	2025/01/24 09:59:01	"GET /uv2582fip2582inf210/documentation_docker.html HTTP/1.1"
2523	2025/01/24 09:59:05	"GET /uv2582fip2582inf210/inversion_of_control.html HTTP/1.1"
2523	2025/01/24 09:59:06	"GET /uv2582fip2582inf210/inversion_of_control.html HTTP/1.1"
2526	2025/01/24 09:59:06	"GET /uv2582fip2582inf210/practice_postgresql.html HTTP/1.1"
2515	2025/01/24 09:59:44	"GET /uv2582fip2582inf210/practice_postgresql.html HTTP/1.1"
255	2025/01/24 09:59:53	"GET /uv2582fip2582inf210/practice_docker.html HTTP/1.1"
255	2025/01/24 09:59:54	"GET /uv2582fip2582inf210/practice_docker_advanced.html HTTP/1.1"
255	2025/01/24 09:59:56	"GET /uv2582fip2582inf210/documentation_rdbms.html HTTP/1.1"
255	2025/01/24 09:59:57	"GET /uv2582fip2582inf210/practice_postgresql.html HTTP/1.1"
2526	2025/01/24 09:59:59	"GET /uv2582fip2582inf210/documentation_programming.html HTTP/1.1"
2542	2025/01/24 10:00:26	"GET /uv2582fip2582inf210/documentation_docker.html HTTP/1.1"
2549	2025/01/24 10:01:46	"GET /uv2582fip2582inf210/documentation_rdbms.html HTTP/1.1"
2515	2025/01/24 10:01:48	"GET /uv2582fip2582inf210/practice_docker_advanced.html HTTP/1.1"
2526	2025/01/24 10:02:17	"GET /uv2582fip2582inf210/inversion_of_control.html HTTP/1.1"
2515	2025/01/24 10:02:43	"GET /uv2582fip2582inf210/practice_docker_advanced.html HTTP/1.1"
2515	2025/01/24 10:03:01	"GET /uv2582fip2582inf210/documentation_rdbms.html HTTP/1.1"
2553	2025/01/24 10:03:25	"GET /uv2582fip2582inf210/technical_environment_home.html HTTP/1.1"
2515	2025/01/24 10:03:34	"GET /uv2582fip2582inf210/documentation_rdbms.html HTTP/1.1"
252	2025/01/24 10:04:14	"GET /uv2582fip2582inf210/documentation_docker.html HTTP/1.1"
252	2025/01/24 10:04:23	"GET /uv2582fip2582inf210/practice_docker.html HTTP/1.1"
2522	2025/01/24 10:04:35	"GET /uv2582fip2582inf210/spring_bean.html HTTP/1.1"
2549	2025/01/24 10:05:06	"GET /uv2582fip2582inf210/practice_postgresql.html HTTP/1.1"
2550	2025/01/24 10:05:39	"GET /uv2582fip2582inf210/documentation_docker.html HTTP/1.1"
2550	2025/01/24 10:05:48	"GET /uv2582fip2582inf210/practice_docker.html HTTP/1.1"
252	2025/01/24 10:06:13	"GET /uv2582fip2582inf210/images/prerequisite_techenv/prerequisite_techenv_2025.html HTTP/1.1"
2539	2025/01/24 10:06:39	"GET /uv2582fip2582inf210/practice_docker.html HTTP/1.1"
252	2025/01/24 10:06:42	"GET /uv2582fip2582inf210/index.html HTTP/1.1"
2549	2025/01/24 10:06:49	"GET /uv2582fip2582inf210/documentation_programming.html HTTP/1.1"
2544	2025/01/24 10:07:43	"GET /uv2582fip2582inf210/documentation_docker.html HTTP/1.1"
2519	2025/01/24 10:08:36	"GET /uv2582fip2582inf210/documentation_docker.html HTTP/1.1"
2549	2025/01/24 10:08:39	"GET /uv2582fip2582inf210/practice_spring.html HTTP/1.1"
2546	2025/01/24 10:09:34	"GET /uv2582fip2582inf210/practice_docker_advanced.html HTTP/1.1"
2515	2025/01/24 10:09:40	"GET /uv2582fip2582inf210/documentation_programming.html HTTP/1.1"
259	2025/01/24 10:09:51	"GET /uv2582fip2582inf210/documentation_rdbms.html HTTP/1.1"
2551	2025/01/24 10:09:55	"GET /uv2582fip2582inf210/images/prerequisite_techenv/prerequisite_techenv_2025.html HTTP/1.1"
259	2025/01/24 10:10:04	"GET /uv2582fip2582inf210/documentation_docker.html HTTP/1.1"
2515	2025/01/24 10:10:07	"GET /uv2582fip2582inf210/inversion_of_control.html HTTP/1.1"
259	2025/01/24 10:10:23	"GET /uv2582fip2582inf210/licence.html HTTP/1.1"
2540	2025/01/24 10:12:41	"GET /uv2582fip2582inf210/practice_docker.html HTTP/1.1"
2515	2025/01/24 10:12:58	"GET /uv2582fip2582inf210/spring_bean.html HTTP/1.1"
2515	2025/01/24 10:13:28	"GET /uv2582fip2582inf210/practice_spring.html HTTP/1.1"
2526	2025/01/24 10:13:34	"GET /uv2582fip2582inf210/spring_bean.html HTTP/1.1"
2510	2025/01/24 10:14:42	"GET /uv2582fip2582inf210/documentation_rdbms.html HTTP/1.1"
2510	2025/01/24 10:14:54	"GET /uv2582fip2582inf210/practice_postgresql.html HTTP/1.1"
2552	2025/01/24 10:15:09	"GET /uv2582fip2582inf210/documentation_docker.html HTTP/1.1"
2510	2025/01/24 10:16:21	"GET /uv2582fip2582inf210/documentation_programming.html HTTP/1.1"
2510	2025/01/24 10:16:25	"GET /uv2582fip2582inf210/inversion_of_control.html HTTP/1.1"
2510	2025/01/24 10:16:43	"GET /uv2582fip2582inf210/spring_bean.html HTTP/1.1"
2510	2025/01/24 10:16:45	"GET /uv2582fip2582inf210/practice_spring.html HTTP/1.1"
2514	2025/01/24 10:17:44	"GET /uv2582fip2582inf210/documentation_docker.html HTTP/1.1"
259	2025/01/24 10:18:41	"GET /uv2582fip2582inf210/technical_environment_home.html HTTP/1.1"
2516	2025/01/24 10:21:31	"GET /uv2582fip2582inf210/documentation_docker.html HTTP/1.1"
2553	2025/01/24 10:23:12	"GET /uv2582fip2582inf210/documentation_docker.html HTTP/1.1"
258	2025/01/24 10:24:27	"GET /uv2582fip2582inf210/practice_docker.html HTTP/1.1"
2517	2025/01/24 10:27:55	"GET /uv2582fip2582inf210/documentation_docker.html HTTP/1.1"
2522	2025/01/24 10:27:57	"GET /uv2582fip2582inf210/practice_spring.html HTTP/1.1"
2514	2025/01/24 10:29:34	"GET /uv2582fip2582inf210/practice_docker.html HTTP/1.1"
2528	2025/01/24 10:31:17	"GET /uv2582fip2582inf210/practice_docker.html HTTP/1.1"
2542	2025/01/24 10:31:28	"GET /uv2582fip2582inf210/practice_docker.html HTTP/1.1"
2520	2025/01/24 10:31:35	"GET /uv2582fip2582inf210/documentation_docker.html HTTP/1.1"
2524	2025/01/24 10:32:41	"GET /uv2582fip2582inf210/practice_docker_advanced.html HTTP/1.1"
2520	2025/01/24 10:33:54	"GET /uv2582fip2582inf210/images/prerequisite_techenv/prerequisite_techenv_2025.html HTTP/1.1"
2543	2025/01/24 10:35:23	"GET /uv2582fip2582inf210/practice_docker.html HTTP/1.1"
257	2025/01/24 10:36:05	"GET /uv2582fip2582inf210/practice_docker.html HTTP/1.1"
2524	2025/01/24 10:36:12	"GET /uv2582fip2582inf210/documentation_rdbms.html HTTP/1.1"
257	2025/01/24 10:36:13	"GET /uv2582fip2582inf210/documentation_docker.html HTTP/1.1"
2517	2025/01/24 10:36:19	"GET /uv2582fip2582inf210/practice_docker.html HTTP/1.1"
2524	2025/01/24 10:37:00	"GET /uv2582fip2582inf210/practice_postgresql.html HTTP/1.1"
2539	2025/01/24 10:38:17	"GET /uv2582fip2582inf210/documentation_rdbms.html HTTP/1.1"
2545	2025/01/24 10:38:27	"GET /uv2582fip2582inf210/documentation_programming.html HTTP/1.1"
2539	2025/01/24 10:38:47	"GET /uv2582fip2582inf210/practice_postgresql.html HTTP/1.1"
2552	2025/01/24 10:38:59	"GET /uv2582fip2582inf210/practice_docker.html HTTP/1.1"
259	2025/01/24 10:39:16	"GET /uv2582fip2582inf210/technical_environment_home.html HTTP/1.1"
2519	2025/01/24 10:39:55	"GET /uv2582fip2582inf210/practice_docker.html HTTP/1.1"
2523	2025/01/24 10:42:30	"GET /uv2582fip2582inf210/project_home.html HTTP/1.1"
2523	2025/01/24 10:42:30	"GET /uv2582fip2582inf210/project_home.html HTTP/1.1"
259	2025/01/24 10:42:40	"GET /uv2582fip2582inf210/documentation_rdbms.html HTTP/1.1"
2523	2025/01/24 10:42:40	"GET /uv2582fip2582inf210/data_home.html HTTP/1.1"
2523	2025/01/24 10:42:41	"GET /uv2582fip2582inf210/data_home.html HTTP/1.1"
259	2025/01/24 10:42:44	"GET /uv2582fip2582inf210/documentation_docker.html HTTP/1.1"
2524	2025/01/24 10:43:39	"GET /uv2582fip2582inf210/documentation_programming.html HTTP/1.1"
255	2025/01/24 10:43:42	"GET /uv2582fip2582inf210/practice_docker.html HTTP/1.1"
2521	2025/01/24 10:44:24	"GET /uv2582fip2582inf210/documentation_docker.html HTTP/1.1"
2545	2025/01/24 10:44:47	"GET /uv2582fip2582inf210/images/prerequisite_techenv/prerequisite_techenv_2025.html HTTP/1.1"
2545	2025/01/24 10:45:14	"GET /uv2582fip2582inf210/practice_spring.html HTTP/1.1"
2524	2025/01/24 10:46:17	"GET /uv2582fip2582inf210/practice_spring.html HTTP/1.1"
2539	2025/01/24 10:47:00	"GET /uv2582fip2582inf210/documentation_programming.html HTTP/1.1"
2540	2025/01/24 10:51:39	"GET /uv2582fip2582inf210/documentation_rdbms.html HTTP/1.1"
2540	2025/01/24 10:51:44	"GET /uv2582fip2582inf210/practice_postgresql.html HTTP/1.1"
2540	2025/01/24 10:55:44	"GET /uv2582fip2582inf210/documentation_programming.html HTTP/1.1"
2540	2025/01/24 10:55:46	"GET /uv2582fip2582inf210/practice_spring.html HTTP/1.1"
2530	2025/01/24 10:56:28	"GET /uv2582fip2582inf210/documentation_docker.html HTTP/1.1"
258	2025/01/24 11:06:29	"GET /uv2582fip2582inf210/practice_docker_advanced.html HTTP/1.1"
2539	2025/01/24 11:10:01	"GET /uv2582fip2582inf210/inversion_of_control.html HTTP/1.1"
2539	2025/01/24 11:10:16	"GET /uv2582fip2582inf210/practice_spring.html HTTP/1.1"
258	2025/01/24 11:11:03	"GET /uv2582fip2582inf210/documentation_rdbms.html HTTP/1.1"
2530	2025/01/24 11:12:01	"GET /uv2582fip2582inf210/practice_docker.html HTTP/1.1"
253	2025/01/24 11:13:20	"GET /uv2582fip2582inf210/PresentationUVINF210/pres.html HTTP/1.1"
258	2025/01/24 11:13:34	"GET /uv2582fip2582inf210/practice_postgresql.html HTTP/1.1"
2516	2025/01/24 11:14:31	"GET /uv2582fip2582inf210/practice_docker.html HTTP/1.1"
2529	2025/01/24 11:14:32	"GET /uv2582fip2582inf210/practice_postgresql.html HTTP/1.1"
253	2025/01/24 11:14:41	"GET /uv2582fip2582inf210/technical_environment_home.html HTTP/1.1"
253	2025/01/24 11:14:45	"GET /uv2582fip2582inf210/images/prerequisite_techenv/prerequisite_techenv_2025.html HTTP/1.1"
253	2025/01/24 11:14:47	"GET /uv2582fip2582inf210/technical_environment_home.html HTTP/1.1"
2554	2025/01/24 11:15:21	"GET /uv2582fip2582inf210/PresentationUVINF210/pres.html HTTP/1.1"
2517	2025/01/24 11:15:45	"GET /uv2582fip2582inf210/practice_docker_advanced.html HTTP/1.1"
2543	2025/01/24 11:15:58	"GET /uv2582fip2582inf210/documentation_programming.html HTTP/1.1"
2544	2025/01/24 11:16:11	"GET /uv2582fip2582inf210/practice_docker.html HTTP/1.1"
2554	2025/01/24 11:16:21	"GET /uv2582fip2582inf210/technical_environment_home.html HTTP/1.1"
2518	2025/01/24 11:16:29	"GET /uv2582fip2582inf210/technical_environment_home.html HTTP/1.1"
2554	2025/01/24 11:16:29	"GET /uv2582fip2582inf210/images/prerequisite_techenv/prerequisite_techenv_2025.html HTTP/1.1"
2518	2025/01/24 11:16:36	"GET /uv2582fip2582inf210/images/prerequisite_techenv/prerequisite_techenv_2025.html HTTP/1.1"
2545	2025/01/24 11:17:08	"GET /uv2582fip2582inf210/practice_docker.html HTTP/1.1"
2518	2025/01/24 11:17:10	"GET /uv2582fip2582inf210/documentation_rdbms.html HTTP/1.1"
2545	2025/01/24 11:17:51	"GET /uv2582fip2582inf210/documentation_programming.html HTTP/1.1"
2545	2025/01/24 11:17:57	"GET /uv2582fip2582inf210/practice_spring.html HTTP/1.1"
2511	2025/01/24 11:19:12	"GET /uv2582fip2582inf210/images/prerequisite_techenv/prerequisite_techenv_2025.html HTTP/1.1"
2511	2025/01/24 11:19:15	"GET /uv2582fip2582inf210/documentation_docker.html HTTP/1.1"
2531	2025/01/24 11:19:25	"GET /uv2582fip2582inf210/images/prerequisite_techenv/prerequisite_techenv_2025.html HTTP/1.1"
2511	2025/01/24 11:19:30	"GET /uv2582fip2582inf210/practice_docker.html HTTP/1.1"
2531	2025/01/24 11:19:34	"GET /uv2582fip2582inf210/documentation_docker.html HTTP/1.1"
2517	2025/01/24 11:20:13	"GET /uv2582fip2582inf210/documentation_rdbms.html HTTP/1.1"
2517	2025/01/24 11:20:58	"GET /uv2582fip2582inf210/practice_postgresql.html HTTP/1.1"
2542	2025/01/24 11:21:18	"GET /uv2582fip2582inf210/practice_postgresql.html HTTP/1.1"
258	2025/01/24 11:21:56	"GET /uv2582fip2582inf210/documentation_programming.html HTTP/1.1"
2551	2025/01/24 11:22:55	"GET /uv2582fip2582inf210/practice_docker.html HTTP/1.1"
2554	2025/01/24 11:23:49	"GET /uv2582fip2582inf210/documentation_docker.html HTTP/1.1"
258	2025/01/24 11:24:34	"GET /uv2582fip2582inf210/practice_spring.html HTTP/1.1"
253	2025/01/24 11:26:05	"GET /uv2582fip2582inf210/images/prerequisite_techenv/prerequisite_techenv_2025.html HTTP/1.1"
253	2025/01/24 11:26:18	"GET /uv2582fip2582inf210/technical_environment_home.html HTTP/1.1"
2551	2025/01/24 11:26:39	"GET /uv2582fip2582inf210/documentation_docker.html HTTP/1.1"
2520	2025/01/24 11:27:11	"GET /uv2582fip2582inf210/practice_docker.html HTTP/1.1"
2520	2025/01/24 11:27:16	"GET /uv2582fip2582inf210/practice_docker_advanced.html HTTP/1.1"
2527	2025/01/24 11:27:17	"GET /uv2582fip2582inf210/documentation_rdbms.html HTTP/1.1"
2529	2025/01/24 11:27:31	"GET /uv2582fip2582inf210/documentation_rdbms.html HTTP/1.1"
2527	2025/01/24 11:27:40	"GET /uv2582fip2582inf210/practice_postgresql.html HTTP/1.1"
2523	2025/01/24 11:27:43	"GET /uv2582fip2582inf210/spring_bean.html HTTP/1.1"
2523	2025/01/24 11:27:44	"GET /uv2582fip2582inf210/spring_bean.html HTTP/1.1"
2534	2025/01/24 11:27:49	"GET /uv2582fip2582inf210/practice_docker_advanced.html HTTP/1.1"
2531	2025/01/24 11:27:57	"GET /uv2582fip2582inf210/practice_docker.html HTTP/1.1"
2515	2025/01/24 11:29:19	"GET /uv2582fip2582inf210/index.html HTTP/1.1"
2515	2025/01/24 11:29:22	"GET /uv2582fip2582inf210/web_architecture_home.html HTTP/1.1"
2541	2025/01/24 11:29:39	"GET /uv2582fip2582inf210/data_home.html HTTP/1.1"
2541	2025/01/24 11:29:55	"GET /uv2582fip2582inf210/lecture_relational_model.html HTTP/1.1"
2523	2025/01/24 11:29:59	"GET /uv2582fip2582inf210/practice_spring.html HTTP/1.1"
2523	2025/01/24 11:29:59	"GET /uv2582fip2582inf210/practice_spring.html HTTP/1.1"
2541	2025/01/24 11:30:20	"GET /uv2582fip2582inf210/practice_docker.html HTTP/1.1"
255	2025/01/24 11:30:55	"GET /uv2582fip2582inf210/documentation_programming.html HTTP/1.1"
2517	2025/01/24 11:32:41	"GET /uv2582fip2582inf210/documentation_programming.html HTTP/1.1"
255	2025/01/24 11:32:59	"GET /uv2582fip2582inf210/inversion_of_control.html HTTP/1.1"
2514	2025/01/24 11:33:11	"GET /uv2582fip2582inf210/documentation_programming.html HTTP/1.1"
2514	2025/01/24 11:33:13	"GET /uv2582fip2582inf210/practice_spring.html HTTP/1.1"
255	2025/01/24 11:35:48	"GET /uv2582fip2582inf210/practice_spring.html HTTP/1.1"
2525	2025/01/24 11:36:32	"GET /uv2582fip2582inf210/documentation_docker.html HTTP/1.1"
2525	2025/01/24 11:36:32	"GET /uv2582fip2582inf210/documentation_docker.html HTTP/1.1"
2533	2025/01/24 11:36:35	"GET /uv2582fip2582inf210/web_architecture_home.html HTTP/1.1"
2525	2025/01/24 11:37:13	"GET /uv2582fip2582inf210/web_architecture_home.html HTTP/1.1"
2529	2025/01/24 11:37:13	"GET /uv2582fip2582inf210/documentation_programming.html HTTP/1.1"
2525	2025/01/24 11:37:14	"GET /uv2582fip2582inf210/web_architecture_home.html HTTP/1.1"
2525	2025/01/24 11:37:26	"GET /uv2582fip2582inf210/data_home.html HTTP/1.1"
2525	2025/01/24 11:37:29	"GET /uv2582fip2582inf210/data_home.html HTTP/1.1"
2550	2025/01/24 11:38:23	"GET /uv2582fip2582inf210/practice_docker_advanced.html HTTP/1.1"
2525	2025/01/24 11:38:23	"GET /uv2582fip2582inf210/practice_postgresql.html HTTP/1.1"
2525	2025/01/24 11:38:24	"GET /uv2582fip2582inf210/practice_postgresql.html HTTP/1.1"
2550	2025/01/24 11:38:32	"GET /uv2582fip2582inf210/practice_postgresql.html HTTP/1.1"
2548	2025/01/24 11:39:55	"GET /uv2582fip2582inf210/documentation_rdbms.html HTTP/1.1"
2517	2025/01/24 11:40:38	"GET /uv2582fip2582inf210/inversion_of_control.html HTTP/1.1"
2517	2025/01/24 11:40:45	"GET /uv2582fip2582inf210/practice_spring.html HTTP/1.1"
253	2025/01/24 11:40:55	"GET /uv2582fip2582inf210/PresentationUVINF210/pres.html HTTP/1.1"
2549	2025/01/24 11:41:06	"GET /uv2582fip2582inf210/spring_bean.html HTTP/1.1"
2547	2025/01/24 11:41:13	"GET /uv2582fip2582inf210/documentation_docker.html HTTP/1.1"
2517	2025/01/24 11:41:14	"GET /uv2582fip2582inf210/index.html HTTP/1.1"
253	2025/01/24 11:41:20	"GET /uv2582fip2582inf210/documentation_docker.html HTTP/1.1"
256	2025/01/24 11:41:43	"GET /uv2582fip2582inf210/documentation_docker.html HTTP/1.1"
2514	2025/01/24 11:41:44	"GET /uv2582fip2582inf210/inversion_of_control.html HTTP/1.1"
2514	2025/01/24 11:41:44	"GET /uv2582fip2582inf210/inversion_of_control.html HTTP/1.1"
253	2025/01/24 11:41:49	"GET /uv2582fip2582inf210/practice_docker.html HTTP/1.1"
2521	2025/01/24 11:41:50	"GET /uv2582fip2582inf210/practice_docker.html HTTP/1.1"
2529	2025/01/24 11:41:54	"GET /uv2582fip2582inf210/practice_spring.html HTTP/1.1"
2518	2025/01/24 11:42:41	"GET /uv2582fip2582inf210/documentation_docker.html HTTP/1.1"
2524	2025/01/24 11:45:36	"GET /uv2582fip2582inf210/inversion_of_control.html HTTP/1.1"
2534	2025/01/24 11:47:17	"GET /uv2582fip2582inf210/practice_docker.html HTTP/1.1"
2528	2025/01/24 11:50:03	"GET /uv2582fip2582inf210/web_architecture_home.html HTTP/1.1"
2542	2025/01/24 11:50:37	"GET /uv2582fip2582inf210/practice_docker_advanced.html HTTP/1.1"
2541	2025/01/24 11:51:12	"GET /uv2582fip2582inf210/images/prerequisite_techenv/prerequisite_techenv_2025.html HTTP/1.1"
2542	2025/01/24 11:51:47	"GET /uv2582fip2582inf210/documentation_rdbms.html HTTP/1.1"
2517	2025/01/24 11:52:00	"GET /uv2582fip2582inf210/spring_bean.html HTTP/1.1"
256	2025/01/24 11:52:07	"GET /uv2582fip2582inf210/practice_docker_advanced.html HTTP/1.1"
2528	2025/01/24 11:52:11	"GET /uv2582fip2582inf210/documentation_rdbms.html HTTP/1.1"
2520	2025/01/24 11:52:18	"GET /uv2582fip2582inf210/documentation_rdbms.html HTTP/1.1"
2528	2025/01/24 11:52:20	"GET /uv2582fip2582inf210/practice_postgresql.html HTTP/1.1"
2549	2025/01/24 11:53:09	"GET /uv2582fip2582inf210/inversion_of_control.html HTTP/1.1"
2518	2025/01/24 11:54:05	"GET /uv2582fip2582inf210/practice_docker.html HTTP/1.1"
2534	2025/01/24 11:54:42	"GET /uv2582fip2582inf210/documentation_rdbms.html HTTP/1.1"
253	2025/01/24 11:54:51	"GET /uv2582fip2582inf210/practice_postgresql.html HTTP/1.1"
257	2025/01/24 11:56:08	"GET /uv2582fip2582inf210/practice_docker_advanced.html HTTP/1.1"
2524	2025/01/24 11:57:47	"GET /uv2582fip2582inf210/spring_bean.html HTTP/1.1"
2553	2025/01/24 11:58:21	"GET /uv2582fip2582inf210/documentation_programming.html HTTP/1.1"
2553	2025/01/24 11:58:30	"GET /uv2582fip2582inf210/practice_docker.html HTTP/1.1"
2520	2025/01/24 11:58:36	"GET /uv2582fip2582inf210/documentation_programming.html HTTP/1.1"
2520	2025/01/24 11:59:03	"GET /uv2582fip2582inf210/practice_spring.html HTTP/1.1"
2550	2025/01/24 11:59:06	"GET /uv2582fip2582inf210/documentation_programming.html HTTP/1.1"
253	2025/01/24 11:59:28	"GET /uv2582fip2582inf210/documentation_rdbms.html HTTP/1.1"
259	2025/01/24 11:59:59	"GET /uv2582fip2582inf210/practice_docker.html HTTP/1.1"
259	2025/01/24 12:00:16	"GET /uv2582fip2582inf210/documentation_rdbms.html HTTP/1.1"
2550	2025/01/24 12:00:22	"GET /uv2582fip2582inf210/practice_spring.html HTTP/1.1"
2514	2025/01/24 12:02:50	"GET /uv2582fip2582inf210/spring_bean.html HTTP/1.1"
2552	2025/01/24 12:04:56	"GET /uv2582fip2582inf210/practice_postgresql.html HTTP/1.1"
2554	2025/01/24 12:05:06	"GET /uv2582fip2582inf210/documentation_programming.html HTTP/1.1"
2554	2025/01/24 12:07:10	"GET /uv2582fip2582inf210/documentation_rdbms.html HTTP/1.1"
2516	2025/01/24 12:10:04	"GET /uv2582fip2582inf210/practice_docker_advanced.html HTTP/1.1"
2518	2025/01/24 12:10:22	"GET /uv2582fip2582inf210/practice_postgresql.html HTTP/1.1"
2541	2025/01/24 12:11:30	"GET /uv2582fip2582inf210/practice_docker_advanced.html HTTP/1.1"
2516	2025/01/24 12:52:26	"GET /uv2582fip2582inf210/web_architecture_home.html HTTP/1.1"
2516	2025/01/24 12:52:32	"GET /uv2582fip2582inf210/images/prerequisite_archiweb/prerequisite_archiweb_2025.html HTTP/1.1"
2547	2025/01/24 13:26:33	"GET /uv2582fip2582inf210/practice_docker.html HTTP/1.1"
2536	2025/01/24 14:15:24	"GET /uv2582fip2582inf210/index.html HTTP/1.1"
2542	2025/01/24 14:32:52	"GET /uv2582fip2582inf210/documentation_programming.html HTTP/1.1"
2542	2025/01/24 14:33:30	"GET /uv2582fip2582inf210/inversion_of_control.html HTTP/1.1"
2542	2025/01/24 14:49:35	"GET /uv2582fip2582inf210/spring_bean.html HTTP/1.1"
2542	2025/01/24 15:08:45	"GET /uv2582fip2582inf210/practice_spring.html HTTP/1.1"
2514	2025/01/24 15:54:50	"GET /uv2582fip2582inf210/index.html HTTP/1.1"
2543	2025/01/24 21:23:27	"GET /uv2582fip2582inf210/index.html HTTP/1.1"
2543	2025/01/24 21:23:34	"GET /uv2582fip2582inf210/technical_environment_home.html HTTP/1.1"
2556	2025/01/31 09:32:02	"GET /uv2582fip2582inf210/activity_normalization.html HTTP/1.1"
2549	2025/01/31 14:01:40	"GET /uv2582fip2582inf210/images/prerequisite_data/prerequisite_data_2025.html HTTP/1.1"
2549	2025/01/31 14:01:51	"GET /uv2582fip2582inf210/lecture_modeling_normalization.html HTTP/1.1"
2539	2025/01/31 14:02:42	"GET /uv2582fip2582inf210/activity_conceptual_modeling.html HTTP/1.1"
2545	2025/01/31 14:02:45	"GET /uv2582fip2582inf210/practice_sql.html HTTP/1.1"
2526	2025/01/31 14:03:10	"GET /uv2582fip2582inf210/index.html HTTP/1.1"
252	2025/01/31 14:03:12	"GET /uv2582fip2582inf210/practice_spring.html HTTP/1.1"
2526	2025/01/31 14:03:13	"GET /uv2582fip2582inf210/data_home.html HTTP/1.1"
2528	2025/01/31 14:03:25	"GET /uv2582fip2582inf210/activity_decomposition.html HTTP/1.1"
2525	2025/01/31 14:03:25	"GET /uv2582fip2582inf210/technical_environment_home.html HTTP/1.1"
2525	2025/01/31 14:03:25	"GET /uv2582fip2582inf210/technical_environment_home.html HTTP/1.1"
2525	2025/01/31 14:03:40	"GET /uv2582fip2582inf210/practice_postgresql.html HTTP/1.1"
2525	2025/01/31 14:03:41	"GET /uv2582fip2582inf210/practice_postgresql.html HTTP/1.1"
2540	2025/01/31 14:04:17	"GET /uv2582fip2582inf210/technical_environment_home.html HTTP/1.1"
2540	2025/01/31 14:04:39	"GET /uv2582fip2582inf210/activity_conceptual_modeling.html HTTP/1.1"
2511	2025/01/31 14:04:59	"GET /uv2582fip2582inf210/web_architecture_home.html HTTP/1.1"
2520	2025/01/31 14:05:01	"GET /uv2582fip2582inf210/activity_relational_model.html HTTP/1.1"
2511	2025/01/31 14:05:06	"GET /uv2582fip2582inf210/index.html HTTP/1.1"
2520	2025/01/31 14:05:12	"GET /uv2582fip2582inf210/lecture_normalization.html HTTP/1.1"
2552	2025/01/31 14:05:14	"GET /uv2582fip2582inf210/technical_environment_home.html HTTP/1.1"
2520	2025/01/31 14:05:17	"GET /uv2582fip2582inf210/activity_conceptual_modeling.html HTTP/1.1"
2552	2025/01/31 14:05:22	"GET /uv2582fip2582inf210/documentation_docker.html HTTP/1.1"
2552	2025/01/31 14:05:32	"GET /uv2582fip2582inf210/web_architecture_home.html HTTP/1.1"
2531	2025/01/31 14:05:38	"GET /uv2582fip2582inf210/web_architecture_home.html HTTP/1.1"
2543	2025/01/31 14:05:39	"GET /uv2582fip2582inf210/lecture_relational_algebra.html HTTP/1.1"
2531	2025/01/31 14:05:42	"GET /uv2582fip2582inf210/data_home.html HTTP/1.1"
2544	2025/01/31 14:05:46	"GET /uv2582fip2582inf210/data_home.html HTTP/1.1"
2534	2025/01/31 14:05:46	"GET /uv2582fip2582inf210/lecture_xml.html HTTP/1.1"
2551	2025/01/31 14:05:48	"GET /uv2582fip2582inf210/documentation_docker.html HTTP/1.1"
2531	2025/01/31 14:05:48	"GET /uv2582fip2582inf210/lecture_modeling_normalization.html HTTP/1.1"
2512	2025/01/31 14:05:49	"GET /uv2582fip2582inf210/activity_relational_model_correction.html HTTP/1.1"
2534	2025/01/31 14:05:50	"GET /uv2582fip2582inf210/lecture_json.html HTTP/1.1"
2517	2025/01/31 14:05:53	"GET /uv2582fip2582inf210/technical_environment_home.html HTTP/1.1"
2551	2025/01/31 14:05:53	"GET /uv2582fip2582inf210/index.html HTTP/1.1"
2544	2025/01/31 14:05:55	"GET /uv2582fip2582inf210/lecture_modeling_normalization.html HTTP/1.1"
2517	2025/01/31 14:05:57	"GET /uv2582fip2582inf210/index.html HTTP/1.1"
2551	2025/01/31 14:05:58	"GET /uv2582fip2582inf210/data_home.html HTTP/1.1"
2527	2025/01/31 14:06:02	"GET /uv2582fip2582inf210/web_architecture_home.html HTTP/1.1"
2517	2025/01/31 14:06:02	"GET /uv2582fip2582inf210/web_architecture_home.html HTTP/1.1"
2551	2025/01/31 14:06:12	"GET /uv2582fip2582inf210/lecture_db_integrity.html HTTP/1.1"
2551	2025/01/31 14:06:15	"GET /uv2582fip2582inf210/lecture_modeling_normalization.html HTTP/1.1"
255	2025/01/31 14:06:25	"GET /uv2582fip2582inf210/index.html HTTP/1.1"
258	2025/01/31 14:06:27	"GET /uv2582fip2582inf210/index.html HTTP/1.1"
258	2025/01/31 14:06:28	"GET /uv2582fip2582inf210/practice_spring_2tiers.html HTTP/1.1"
255	2025/01/31 14:06:28	"GET /uv2582fip2582inf210/technical_environment_home.html HTTP/1.1"
2512	2025/01/31 14:06:30	"GET /uv2582fip2582inf210/lecture_modeling_normalization.html HTTP/1.1"
2514	2025/01/31 14:06:40	"GET /uv2582fip2582inf210/activity_relational_model.html HTTP/1.1"
2527	2025/01/31 14:06:44	"GET /uv2582fip2582inf210/data_home.html HTTP/1.1"
2534	2025/01/31 14:06:45	"GET /uv2582fip2582inf210/lecture_mvc_spring.html HTTP/1.1"
2511	2025/01/31 14:06:59	"GET /uv2582fip2582inf210/activity_sql.html HTTP/1.1"
2528	2025/01/31 14:07:32	"GET /uv2582fip2582inf210/lecture_conceptual_modeling.html HTTP/1.1"
2553	2025/01/31 14:07:34	"GET /uv2582fip2582inf210/data_home.html HTTP/1.1"
2539	2025/01/31 14:07:36	"GET /uv2582fip2582inf210/activity_conceptual_modeling_correction.html HTTP/1.1"
2553	2025/01/31 14:07:48	"GET /uv2582fip2582inf210/lecture_relational_model.html HTTP/1.1"
2530	2025/01/31 14:09:15	"GET /uv2582fip2582inf210/lecture_normalization.html HTTP/1.1"
2553	2025/01/31 14:09:16	"GET /uv2582fip2582inf210/lecture_db_integrity.html HTTP/1.1"
2530	2025/01/31 14:09:19	"GET /uv2582fip2582inf210/activity_conceptual_modeling_advanced.html HTTP/1.1"
2542	2025/01/31 14:09:21	"GET /uv2582fip2582inf210/lecture_normalization.html HTTP/1.1"
257	2025/01/31 14:09:22	"GET /uv2582fip2582inf210/activity_sql.html HTTP/1.1"
2528	2025/01/31 14:09:42	"GET /uv2582fip2582inf210/activity_conceptual_modeling_advanced.html HTTP/1.1"
2548	2025/01/31 14:09:47	"GET /uv2582fip2582inf210/web_architecture_home.html HTTP/1.1"
2546	2025/01/31 14:09:54	"GET /uv2582fip2582inf210/web_architecture_home.html HTTP/1.1"
2548	2025/01/31 14:10:01	"GET /uv2582fip2582inf210/lecture_technical_architecture.html HTTP/1.1"
2546	2025/01/31 14:10:07	"GET /uv2582fip2582inf210/data_home.html HTTP/1.1"
2549	2025/01/31 14:10:08	"GET /uv2582fip2582inf210/activity_relational_model.html HTTP/1.1"
2527	2025/01/31 14:10:09	"GET /uv2582fip2582inf210/images/prerequisite_data/prerequisite_data_2025.html HTTP/1.1"
2527	2025/01/31 14:10:12	"GET /uv2582fip2582inf210/lecture_relational_model.html HTTP/1.1"
2546	2025/01/31 14:10:15	"GET /uv2582fip2582inf210/technical_environment_home.html HTTP/1.1"
2524	2025/01/31 14:10:19	"GET /uv2582fip2582inf210/web_architecture_home.html HTTP/1.1"
2546	2025/01/31 14:10:21	"GET /uv2582fip2582inf210/documentation_rdbms.html HTTP/1.1"
2548	2025/01/31 14:10:25	"GET /uv2582fip2582inf210/data_home.html HTTP/1.1"
2546	2025/01/31 14:10:26	"GET /uv2582fip2582inf210/documentation_programming.html HTTP/1.1"
2552	2025/01/31 14:10:30	"GET /uv2582fip2582inf210/lecture_normalization.html HTTP/1.1"
2548	2025/01/31 14:10:45	"GET /uv2582fip2582inf210/activity_relational_model.html HTTP/1.1"
2546	2025/01/31 14:10:58	"GET /uv2582fip2582inf210/practice_postgresql.html HTTP/1.1"
2523	2025/01/31 14:11:19	"GET /uv2582fip2582inf210/index.html HTTP/1.1"
2523	2025/01/31 14:11:19	"GET /uv2582fip2582inf210/index.html HTTP/1.1"
259	2025/01/31 14:11:25	"GET /uv2582fip2582inf210/data_home.html HTTP/1.1"
2520	2025/01/31 14:11:38	"GET /uv2582fip2582inf210/activity_normalization.html HTTP/1.1"
2524	2025/01/31 14:11:42	"GET /uv2582fip2582inf210/index.html HTTP/1.1"
2524	2025/01/31 14:11:44	"GET /uv2582fip2582inf210/data_home.html HTTP/1.1"
2529	2025/01/31 14:11:48	"GET /uv2582fip2582inf210/lecture_modeling_normalization.html HTTP/1.1"
2523	2025/01/31 14:11:50	"GET /uv2582fip2582inf210/technical_environment_home.html HTTP/1.1"
2523	2025/01/31 14:11:50	"GET /uv2582fip2582inf210/technical_environment_home.html HTTP/1.1"
2554	2025/01/31 14:11:52	"GET /uv2582fip2582inf210/lecture_modeling_normalization.html HTTP/1.1"
2523	2025/01/31 14:11:53	"GET /uv2582fip2582inf210/practice_docker.html HTTP/1.1"
2523	2025/01/31 14:11:53	"GET /uv2582fip2582inf210/practice_docker.html HTTP/1.1"
2533	2025/01/31 14:11:57	"GET /uv2582fip2582inf210/technical_environment_home.html HTTP/1.1"
2533	2025/01/31 14:12:01	"GET /uv2582fip2582inf210/practice_docker.html HTTP/1.1"
2526	2025/01/31 14:12:03	"GET /uv2582fip2582inf210/lecture_conceptual_modeling.html HTTP/1.1"
2546	2025/01/31 14:12:12	"GET /uv2582fip2582inf210/practice_docker_advanced.html HTTP/1.1"
2549	2025/01/31 14:12:18	"GET /uv2582fip2582inf210/lecture_conceptual_modeling.html HTTP/1.1"
2521	2025/01/31 14:12:31	"GET /uv2582fip2582inf210/technical_environment_home.html HTTP/1.1"
2521	2025/01/31 14:12:33	"GET /uv2582fip2582inf210/images/prerequisite_techenv/prerequisite_techenv_2025.html HTTP/1.1"
2520	2025/01/31 14:12:33	"GET /uv2582fip2582inf210/activity_normalization_correction.html HTTP/1.1"
2521	2025/01/31 14:12:34	"GET /uv2582fip2582inf210/documentation_programming.html HTTP/1.1"
2512	2025/01/31 14:13:06	"GET /uv2582fip2582inf210/lecture_conceptual_modeling.html HTTP/1.1"
2510	2025/01/31 14:13:08	"GET /uv2582fip2582inf210/web_architecture_home.html HTTP/1.1"
2510	2025/01/31 14:13:21	"GET /uv2582fip2582inf210/data_home.html HTTP/1.1"
2547	2025/01/31 14:13:30	"GET /uv2582fip2582inf210/web_architecture_home.html HTTP/1.1"
2510	2025/01/31 14:13:32	"GET /uv2582fip2582inf210/activity_conceptual_modeling.html HTTP/1.1"
2526	2025/01/31 14:13:33	"GET /uv2582fip2582inf210/activity_conceptual_modeling.html HTTP/1.1"
2547	2025/01/31 14:13:36	"GET /uv2582fip2582inf210/technical_environment_home.html HTTP/1.1"
2521	2025/01/31 14:13:59	"GET /uv2582fip2582inf210/practice_spring.html HTTP/1.1"
2510	2025/01/31 14:14:00	"GET /uv2582fip2582inf210/activity_conceptual_modeling_advanced.html HTTP/1.1"
2547	2025/01/31 14:14:00	"GET /uv2582fip2582inf210/data_home.html HTTP/1.1"
2547	2025/01/31 14:14:08	"GET /uv2582fip2582inf210/activity_relational_model.html HTTP/1.1"
2514	2025/01/31 14:14:16	"GET /uv2582fip2582inf210/lecture_conceptual_modeling.html HTTP/1.1"
2513	2025/01/31 14:14:20	"GET /uv2582fip2582inf210/activity_conceptual_modeling_correction.html HTTP/1.1"
2547	2025/01/31 14:14:33	"GET /uv2582fip2582inf210/lecture_db_integrity.html HTTP/1.1"
2554	2025/01/31 14:15:03	"GET /uv2582fip2582inf210/index.html HTTP/1.1"
2545	2025/01/31 14:15:05	"GET /uv2582fip2582inf210/activity_sql.html HTTP/1.1"
2551	2025/01/31 14:15:07	"GET /uv2582fip2582inf210/activity_conceptual_modeling.html HTTP/1.1"
2527	2025/01/31 14:15:20	"GET /uv2582fip2582inf210/lecture_db_integrity.html HTTP/1.1"
2551	2025/01/31 14:15:49	"GET /uv2582fip2582inf210/lecture_conceptual_modeling.html HTTP/1.1"
2548	2025/01/31 14:15:54	"GET /uv2582fip2582inf210/lecture_modeling_normalization.html HTTP/1.1"
255	2025/01/31 14:16:12	"GET /uv2582fip2582inf210/documentation_docker.html HTTP/1.1"
2548	2025/01/31 14:16:18	"GET /uv2582fip2582inf210/lecture_conceptual_modeling.html HTTP/1.1"
2547	2025/01/31 14:16:57	"GET /uv2582fip2582inf210/lecture_normalization.html HTTP/1.1"
2515	2025/01/31 14:17:03	"GET /uv2582fip2582inf210/practice_spring_2tiers.html HTTP/1.1"
2525	2025/01/31 14:17:07	"GET /uv2582fip2582inf210/images/prerequisite_techenv/prerequisite_techenv_2025.html HTTP/1.1"
2525	2025/01/31 14:17:12	"GET /uv2582fip2582inf210/images/prerequisite_techenv/prerequisite_techenv_2025.html HTTP/1.1"
2553	2025/01/31 14:18:13	"GET /uv2582fip2582inf210/lecture_relational_algebra.html HTTP/1.1"
2554	2025/01/31 14:18:22	"GET /uv2582fip2582inf210/lecture_conceptual_modeling.html HTTP/1.1"
2553	2025/01/31 14:18:23	"GET /uv2582fip2582inf210/activity_relational_model.html HTTP/1.1"
253	2025/01/31 14:18:55	"GET /uv2582fip2582inf210/technical_environment_home.html HTTP/1.1"
2531	2025/01/31 14:18:59	"GET /uv2582fip2582inf210/lecture_conceptual_modeling.html HTTP/1.1"
253	2025/01/31 14:19:08	"GET /uv2582fip2582inf210/documentation_docker.html HTTP/1.1"
2548	2025/01/31 14:19:18	"GET /uv2582fip2582inf210/activity_sql.html HTTP/1.1"
253	2025/01/31 14:19:29	"GET /uv2582fip2582inf210/data_home.html HTTP/1.1"
253	2025/01/31 14:19:32	"GET /uv2582fip2582inf210/images/prerequisite_data/prerequisite_data_2025.html HTTP/1.1"
2541	2025/01/31 14:19:37	"GET /uv2582fip2582inf210/lecture_conceptual_modeling.html HTTP/1.1"
252	2025/01/31 14:19:44	"GET /uv2582fip2582inf210/documentation_programming.html HTTP/1.1"
253	2025/01/31 14:20:05	"GET /uv2582fip2582inf210/lecture_modeling_normalization.html HTTP/1.1"
2542	2025/01/31 14:20:07	"GET /uv2582fip2582inf210/activity_decomposition.html HTTP/1.1"
252	2025/01/31 14:20:37	"GET /uv2582fip2582inf210/index.html HTTP/1.1"
252	2025/01/31 14:20:47	"GET /uv2582fip2582inf210/web_architecture_home.html HTTP/1.1"
252	2025/01/31 14:20:54	"GET /uv2582fip2582inf210/lecture_technical_architecture.html HTTP/1.1"
2512	2025/01/31 14:21:03	"GET /uv2582fip2582inf210/activity_conceptual_modeling.html HTTP/1.1"
252	2025/01/31 14:21:03	"GET /uv2582fip2582inf210/lecture_software_architecture.html HTTP/1.1"
255	2025/01/31 14:21:08	"GET /uv2582fip2582inf210/practice_docker.html HTTP/1.1"
252	2025/01/31 14:21:11	"GET /uv2582fip2582inf210/lecture_dto.html HTTP/1.1"
2515	2025/01/31 14:21:20	"GET /uv2582fip2582inf210/practice_xml.html HTTP/1.1"
253	2025/01/31 14:21:33	"GET /uv2582fip2582inf210/images/prerequisite_techenv/prerequisite_techenv_2025.html HTTP/1.1"
252	2025/01/31 14:21:40	"GET /uv2582fip2582inf210/practice_jpa.html HTTP/1.1"
2523	2025/01/31 14:21:42	"GET /uv2582fip2582inf210/lecture_modeling_normalization.html HTTP/1.1"
2523	2025/01/31 14:21:42	"GET /uv2582fip2582inf210/lecture_modeling_normalization.html HTTP/1.1"
2544	2025/01/31 14:22:01	"GET /uv2582fip2582inf210/lecture_conceptual_modeling.html HTTP/1.1"
252	2025/01/31 14:22:13	"GET /uv2582fip2582inf210/practice_spring_2tiers.html HTTP/1.1"
253	2025/01/31 14:22:13	"GET /uv2582fip2582inf210/lecture_conceptual_modeling.html HTTP/1.1"
253	2025/01/31 14:22:14	"GET /uv2582fip2582inf210/activity_conceptual_modeling.html HTTP/1.1"
253	2025/01/31 14:22:15	"GET /uv2582fip2582inf210/activity_conceptual_modeling_advanced.html HTTP/1.1"
253	2025/01/31 14:22:16	"GET /uv2582fip2582inf210/lecture_normalization.html HTTP/1.1"
253	2025/01/31 14:22:17	"GET /uv2582fip2582inf210/activity_normalization.html HTTP/1.1"
2548	2025/01/31 14:22:27	"GET /uv2582fip2582inf210/activity_conceptual_modeling.html HTTP/1.1"
2553	2025/01/31 14:22:48	"GET /uv2582fip2582inf210/index.html HTTP/1.1"
2553	2025/01/31 14:22:52	"GET /uv2582fip2582inf210/technical_environment_home.html HTTP/1.1"
2553	2025/01/31 14:23:08	"GET /uv2582fip2582inf210/documentation_rdbms.html HTTP/1.1"
2553	2025/01/31 14:23:09	"GET /uv2582fip2582inf210/practice_postgresql.html HTTP/1.1"
2553	2025/01/31 14:23:15	"GET /uv2582fip2582inf210/documentation_programming.html HTTP/1.1"
2530	2025/01/31 14:23:26	"GET /uv2582fip2582inf210/activity_normalization.html HTTP/1.1"
2517	2025/01/31 14:23:26	"GET /uv2582fip2582inf210/lecture_mvc_spring.html HTTP/1.1"
2519	2025/01/31 14:23:47	"GET /uv2582fip2582inf210/lecture_conceptual_modeling.html HTTP/1.1"
2543	2025/01/31 14:24:04	"GET /uv2582fip2582inf210/lecture_modeling_normalization.html HTTP/1.1"
2515	2025/01/31 14:24:24	"GET /uv2582fip2582inf210/lecture_xml.html HTTP/1.1"
2553	2025/01/31 14:24:27	"GET /uv2582fip2582inf210/inversion_of_control.html HTTP/1.1"
2553	2025/01/31 14:24:56	"GET /uv2582fip2582inf210/spring_bean.html HTTP/1.1"
2522	2025/01/31 14:25:36	"GET /uv2582fip2582inf210/activity_relational_model_correction.html HTTP/1.1"
2513	2025/01/31 14:25:48	"GET /uv2582fip2582inf210/lecture_normalization.html HTTP/1.1"
2525	2025/01/31 14:25:55	"GET /uv2582fip2582inf210/practice_docker.html HTTP/1.1"
2525	2025/01/31 14:26:05	"GET /uv2582fip2582inf210/practice_docker.html HTTP/1.1"
2553	2025/01/31 14:26:19	"GET /uv2582fip2582inf210/practice_spring.html HTTP/1.1"
2522	2025/01/31 14:26:40	"GET /uv2582fip2582inf210/lecture_modeling_normalization.html HTTP/1.1"
2542	2025/01/31 14:27:16	"GET /uv2582fip2582inf210/activity_normalization.html HTTP/1.1"
2522	2025/01/31 14:28:15	"GET /uv2582fip2582inf210/lecture_conceptual_modeling.html HTTP/1.1"
2523	2025/01/31 14:28:46	"GET /uv2582fip2582inf210/lecture_conceptual_modeling.html HTTP/1.1"
2523	2025/01/31 14:28:46	"GET /uv2582fip2582inf210/lecture_conceptual_modeling.html HTTP/1.1"
2520	2025/01/31 14:29:00	"GET /uv2582fip2582inf210/activity_sql.html HTTP/1.1"
2520	2025/01/31 14:29:23	"GET /uv2582fip2582inf210/practice_sql.html HTTP/1.1"
2519	2025/01/31 14:29:37	"GET /uv2582fip2582inf210/activity_conceptual_modeling.html HTTP/1.1"
2545	2025/01/31 14:29:42	"GET /uv2582fip2582inf210/lecture_conceptual_modeling.html HTTP/1.1"
256	2025/01/31 14:30:00	"GET /uv2582fip2582inf210/activity_relational_model_correction.html HTTP/1.1"
255	2025/01/31 14:30:47	"GET /uv2582fip2582inf210/practice_docker_advanced.html HTTP/1.1"
2543	2025/01/31 14:30:53	"GET /uv2582fip2582inf210/lecture_conceptual_modeling.html HTTP/1.1"
255	2025/01/31 14:30:56	"GET /uv2582fip2582inf210/web_architecture_home.html HTTP/1.1"
255	2025/01/31 14:31:04	"GET /uv2582fip2582inf210/data_home.html HTTP/1.1"
255	2025/01/31 14:31:07	"GET /uv2582fip2582inf210/lecture_conceptual_modeling.html HTTP/1.1"
2522	2025/01/31 14:31:17	"GET /uv2582fip2582inf210/activity_conceptual_modeling.html HTTP/1.1"
2548	2025/01/31 14:31:29	"GET /uv2582fip2582inf210/activity_relational_model_correction.html HTTP/1.1"
256	2025/01/31 14:32:29	"GET /uv2582fip2582inf210/data_home.html HTTP/1.1"
2551	2025/01/31 14:32:31	"GET /uv2582fip2582inf210/activity_conceptual_modeling_correction.html HTTP/1.1"
256	2025/01/31 14:32:38	"GET /uv2582fip2582inf210/images/prerequisite_data/prerequisite_data_2025.html HTTP/1.1"
256	2025/01/31 14:32:43	"GET /uv2582fip2582inf210/lecture_modeling_normalization.html HTTP/1.1"
2551	2025/01/31 14:32:54	"GET /uv2582fip2582inf210/lecture_normalization.html HTTP/1.1"
2512	2025/01/31 14:32:59	"GET /uv2582fip2582inf210/lecture_normalization.html HTTP/1.1"
2545	2025/01/31 14:34:01	"GET /uv2582fip2582inf210/activity_conceptual_modeling.html HTTP/1.1"
258	2025/01/31 14:34:08	"GET /uv2582fip2582inf210/lecture_jpa.html HTTP/1.1"
252	2025/01/31 14:34:11	"GET /uv2582fip2582inf210/lecture_jpa.html HTTP/1.1"
2554	2025/01/31 14:34:58	"GET /uv2582fip2582inf210/activity_conceptual_modeling.html HTTP/1.1"
2516	2025/01/31 14:35:33	"GET /uv2582fip2582inf210/activity_normalization.html HTTP/1.1"
2515	2025/01/31 14:35:47	"GET /uv2582fip2582inf210/lecture_json.html HTTP/1.1"
2545	2025/01/31 14:35:52	"GET /uv2582fip2582inf210/activity_conceptual_modeling_correction.html HTTP/1.1"
2515	2025/01/31 14:35:56	"GET /uv2582fip2582inf210/practice_json.html HTTP/1.1"
2512	2025/01/31 14:36:07	"GET /uv2582fip2582inf210/activity_normalization.html HTTP/1.1"
2545	2025/01/31 14:36:30	"GET /uv2582fip2582inf210/lecture_normalization.html HTTP/1.1"
2534	2025/01/31 14:37:43	"GET /uv2582fip2582inf210/lecture_jpa.html HTTP/1.1"
2527	2025/01/31 14:38:47	"GET /uv2582fip2582inf210/activity_relational_model.html HTTP/1.1"
2531	2025/01/31 14:39:42	"GET /uv2582fip2582inf210/activity_conceptual_modeling.html HTTP/1.1"
2550	2025/01/31 14:39:54	"GET /uv2582fip2582inf210/web_architecture_home.html HTTP/1.1"
2550	2025/01/31 14:40:01	"GET /uv2582fip2582inf210/data_home.html HTTP/1.1"
2524	2025/01/31 14:40:03	"GET /uv2582fip2582inf210/images/prerequisite_data/prerequisite_data_2025.html HTTP/1.1"
2550	2025/01/31 14:40:05	"GET /uv2582fip2582inf210/lecture_relational_model.html HTTP/1.1"
2550	2025/01/31 14:40:08	"GET /uv2582fip2582inf210/lecture_db_integrity.html HTTP/1.1"
2516	2025/01/31 14:40:11	"GET /uv2582fip2582inf210/activity_normalization_correction.html HTTP/1.1"
2546	2025/01/31 14:40:30	"GET /uv2582fip2582inf210/practice_docker.html HTTP/1.1"
2529	2025/01/31 14:41:25	"GET /uv2582fip2582inf210/lecture_conceptual_modeling.html HTTP/1.1"
256	2025/01/31 14:42:59	"GET /uv2582fip2582inf210/lecture_conceptual_modeling.html HTTP/1.1"
2541	2025/01/31 14:44:49	"GET /uv2582fip2582inf210/activity_conceptual_modeling.html HTTP/1.1"
252	2025/01/31 14:45:04	"GET /uv2582fip2582inf210/lecture_mvc_spring.html HTTP/1.1"
257	2025/01/31 14:45:06	"GET /uv2582fip2582inf210/activity_sql_correction.html HTTP/1.1"
2525	2025/01/31 14:47:15	"GET /uv2582fip2582inf210/documentation_programming.html HTTP/1.1"
2525	2025/01/31 14:47:26	"GET /uv2582fip2582inf210/documentation_programming.html HTTP/1.1"
2525	2025/01/31 14:47:35	"GET /uv2582fip2582inf210/practice_spring.html HTTP/1.1"
2525	2025/01/31 14:47:36	"GET /uv2582fip2582inf210/practice_spring.html HTTP/1.1"
2524	2025/01/31 14:48:03	"GET /uv2582fip2582inf210/activity_normalization_correction.html HTTP/1.1"
2533	2025/01/31 14:48:19	"GET /uv2582fip2582inf210/practice_postgresql.html HTTP/1.1"
255	2025/01/31 14:49:11	"GET /uv2582fip2582inf210/activity_conceptual_modeling.html HTTP/1.1"
2531	2025/01/31 14:49:59	"GET /uv2582fip2582inf210/data_home.html HTTP/1.1"
2531	2025/01/31 14:50:03	"GET /uv2582fip2582inf210/activity_conceptual_modeling.html HTTP/1.1"
2550	2025/01/31 14:50:14	"GET /uv2582fip2582inf210/lecture_relational_algebra.html HTTP/1.1"
2523	2025/01/31 14:50:17	"GET /uv2582fip2582inf210/activity_conceptual_modeling.html HTTP/1.1"
2523	2025/01/31 14:50:18	"GET /uv2582fip2582inf210/activity_conceptual_modeling.html HTTP/1.1"
2520	2025/01/31 14:50:42	"GET /uv2582fip2582inf210/practice_sql.html HTTP/1.1"
2523	2025/01/31 14:52:19	"GET /uv2582fip2582inf210/lecture_normalization.html HTTP/1.1"
2523	2025/01/31 14:52:20	"GET /uv2582fip2582inf210/lecture_normalization.html HTTP/1.1"
2524	2025/01/31 14:52:52	"GET /uv2582fip2582inf210/activity_decomposition.html HTTP/1.1"
2545	2025/01/31 14:53:09	"GET /uv2582fip2582inf210/lecture_normalization.html HTTP/1.1"
2544	2025/01/31 14:53:18	"GET /uv2582fip2582inf210/activity_conceptual_modeling.html HTTP/1.1"
2511	2025/01/31 14:56:55	"GET /uv2582fip2582inf210/activity_sql_correction.html HTTP/1.1"
2514	2025/01/31 14:57:40	"GET /uv2582fip2582inf210/activity_conceptual_modeling.html HTTP/1.1"
2548	2025/01/31 14:58:16	"GET /uv2582fip2582inf210/activity_conceptual_modeling_correction.html HTTP/1.1"
2517	2025/01/31 14:58:40	"GET /uv2582fip2582inf210/lecture_jpa.html HTTP/1.1"
2511	2025/01/31 15:00:42	"GET /uv2582fip2582inf210/technical_environment_home.html HTTP/1.1"
2511	2025/01/31 15:00:54	"GET /uv2582fip2582inf210/documentation_rdbms.html HTTP/1.1"
2511	2025/01/31 15:00:59	"GET /uv2582fip2582inf210/practice_postgresql.html HTTP/1.1"
2547	2025/01/31 15:01:28	"GET /uv2582fip2582inf210/activity_normalization.html HTTP/1.1"
2511	2025/01/31 15:01:48	"GET /uv2582fip2582inf210/data_home.html HTTP/1.1"
2551	2025/01/31 15:02:15	"GET /uv2582fip2582inf210/activity_normalization.html HTTP/1.1"
2553	2025/01/31 15:02:51	"GET /uv2582fip2582inf210/web_architecture_home.html HTTP/1.1"
2553	2025/01/31 15:02:55	"GET /uv2582fip2582inf210/lecture_technical_architecture.html HTTP/1.1"
2550	2025/01/31 15:03:13	"GET /uv2582fip2582inf210/activity_relational_model.html HTTP/1.1"
2522	2025/01/31 15:04:38	"GET /uv2582fip2582inf210/activity_conceptual_modeling_correction.html HTTP/1.1"
2550	2025/01/31 15:05:10	"GET /uv2582fip2582inf210/activity_relational_model_correction.html HTTP/1.1"
2539	2025/01/31 15:05:17	"GET /uv2582fip2582inf210/lecture_normalization.html HTTP/1.1"
2539	2025/01/31 15:05:23	"GET /uv2582fip2582inf210/data_home.html HTTP/1.1"
2539	2025/01/31 15:05:24	"GET /uv2582fip2582inf210/images/prerequisite_data/prerequisite_data_2025.html HTTP/1.1"
2522	2025/01/31 15:05:28	"GET /uv2582fip2582inf210/lecture_normalization.html HTTP/1.1"
2514	2025/01/31 15:05:48	"GET /uv2582fip2582inf210/activity_conceptual_modeling_correction.html HTTP/1.1"
2520	2025/01/31 15:06:02	"GET /uv2582fip2582inf210/practice_sql_correction.html HTTP/1.1"
2521	2025/01/31 15:06:18	"GET /uv2582fip2582inf210/index.html HTTP/1.1"
2521	2025/01/31 15:06:26	"GET /uv2582fip2582inf210/data_home.html HTTP/1.1"
2521	2025/01/31 15:06:27	"GET /uv2582fip2582inf210/images/prerequisite_data/prerequisite_data_2025.html HTTP/1.1"
2526	2025/01/31 15:06:56	"GET /uv2582fip2582inf210/activity_conceptual_modeling_correction.html HTTP/1.1"
2510	2025/01/31 15:06:57	"GET /uv2582fip2582inf210/lecture_normalization.html HTTP/1.1"
2528	2025/01/31 15:06:59	"GET /uv2582fip2582inf210/activity_conceptual_modeling_correction.html HTTP/1.1"
2528	2025/01/31 15:09:22	"GET /uv2582fip2582inf210/lecture_conceptual_modeling.html HTTP/1.1"
2548	2025/01/31 15:10:37	"GET /uv2582fip2582inf210/activity_conceptual_modeling_advanced.html HTTP/1.1"
2548	2025/01/31 15:10:48	"GET /uv2582fip2582inf210/activity_conceptual_modeling_advanced_correction.html HTTP/1.1"
2524	2025/01/31 15:11:00	"GET /uv2582fip2582inf210/activity_decomposition_correction.html HTTP/1.1"
2553	2025/01/31 15:12:19	"GET /uv2582fip2582inf210/lecture_software_architecture.html HTTP/1.1"
2521	2025/01/31 15:12:54	"GET /uv2582fip2582inf210/lecture_relational_model.html HTTP/1.1"
2553	2025/01/31 15:13:43	"GET /uv2582fip2582inf210/lecture_dto.html HTTP/1.1"
255	2025/01/31 15:13:54	"GET /uv2582fip2582inf210/activity_conceptual_modeling_correction.html HTTP/1.1"
2553	2025/01/31 15:13:57	"GET /uv2582fip2582inf210/lecture_mvc_spring.html HTTP/1.1"
2544	2025/01/31 15:14:15	"GET /uv2582fip2582inf210/activity_conceptual_modeling_correction.html HTTP/1.1"
2544	2025/01/31 15:14:19	"GET /uv2582fip2582inf210/activity_conceptual_modeling_correction.html HTTP/1.1"
2512	2025/01/31 15:14:21	"GET /uv2582fip2582inf210/activity_sql.html HTTP/1.1"
2529	2025/01/31 15:14:32	"GET /uv2582fip2582inf210/activity_conceptual_modeling.html HTTP/1.1"
2529	2025/01/31 15:14:49	"GET /uv2582fip2582inf210/lecture_normalization.html HTTP/1.1"
2527	2025/01/31 15:15:24	"GET /uv2582fip2582inf210/activity_relational_model_correction.html HTTP/1.1"
2518	2025/01/31 15:18:09	"GET /uv2582fip2582inf210/data_home.html HTTP/1.1"
2518	2025/01/31 15:18:27	"GET /uv2582fip2582inf210/activity_sql.html HTTP/1.1"
2518	2025/01/31 15:19:29	"GET /uv2582fip2582inf210/index.html HTTP/1.1"
2518	2025/01/31 15:19:34	"GET /uv2582fip2582inf210/technical_environment_home.html HTTP/1.1"
2553	2025/01/31 15:20:52	"GET /uv2582fip2582inf210/lecture_jpa.html HTTP/1.1"
2531	2025/01/31 15:22:00	"GET /uv2582fip2582inf210/lecture_conceptual_modeling.html HTTP/1.1"
2540	2025/01/31 15:27:59	"GET /uv2582fip2582inf210/index.html HTTP/1.1"
2540	2025/01/31 15:28:01	"GET /uv2582fip2582inf210/data_home.html HTTP/1.1"
2540	2025/01/31 15:28:16	"GET /uv2582fip2582inf210/lecture_conceptual_modeling.html HTTP/1.1"
2524	2025/01/31 15:35:59	"GET /uv2582fip2582inf210/activity_sql.html HTTP/1.1"
2549	2025/01/31 15:36:56	"GET /uv2582fip2582inf210/activity_conceptual_modeling_correction.html HTTP/1.1"
255	2025/01/31 15:37:50	"GET /uv2582fip2582inf210/activity_conceptual_modeling_advanced.html HTTP/1.1"
2549	2025/01/31 15:37:52	"GET /uv2582fip2582inf210/lecture_normalization.html HTTP/1.1"
2524	2025/01/31 15:38:46	"GET /uv2582fip2582inf210/practice_sql.html HTTP/1.1"
2551	2025/01/31 15:38:56	"GET /uv2582fip2582inf210/activity_sql.html HTTP/1.1"
2516	2025/01/31 15:39:44	"GET /uv2582fip2582inf210/activity_sql.html HTTP/1.1"
2514	2025/01/31 15:40:13	"GET /uv2582fip2582inf210/lecture_normalization.html HTTP/1.1"
2521	2025/01/31 15:43:25	"GET /uv2582fip2582inf210/lecture_db_integrity.html HTTP/1.1"
255	2025/01/31 15:44:26	"GET /uv2582fip2582inf210/activity_decomposition.html HTTP/1.1"
2542	2025/01/31 15:44:30	"GET /uv2582fip2582inf210/activity_normalization_correction.html HTTP/1.1"
255	2025/01/31 15:44:30	"GET /uv2582fip2582inf210/lecture_normalization.html HTTP/1.1"
2530	2025/01/31 15:45:04	"GET /uv2582fip2582inf210/activity_decomposition.html HTTP/1.1"
2541	2025/01/31 15:45:09	"GET /uv2582fip2582inf210/activity_conceptual_modeling_correction.html HTTP/1.1"
2523	2025/01/31 15:45:10	"GET /uv2582fip2582inf210/activity_conceptual_modeling_correction.html HTTP/1.1"
2523	2025/01/31 15:45:10	"GET /uv2582fip2582inf210/activity_conceptual_modeling_correction.html HTTP/1.1"
2530	2025/01/31 15:45:13	"GET /uv2582fip2582inf210/lecture_independence_views.html HTTP/1.1"
2542	2025/01/31 15:45:14	"GET /uv2582fip2582inf210/activity_sql.html HTTP/1.1"
2530	2025/01/31 15:45:19	"GET /uv2582fip2582inf210/practice_independence_views.html HTTP/1.1"
2530	2025/01/31 15:45:24	"GET /uv2582fip2582inf210/activity_sql.html HTTP/1.1"
2527	2025/01/31 15:45:32	"GET /uv2582fip2582inf210/data_home.html HTTP/1.1"
2527	2025/01/31 15:45:34	"GET /uv2582fip2582inf210/images/prerequisite_data/prerequisite_data_2025.html HTTP/1.1"
2527	2025/01/31 15:45:36	"GET /uv2582fip2582inf210/activity_relational_model.html HTTP/1.1"
2514	2025/01/31 15:45:46	"GET /uv2582fip2582inf210/activity_sql.html HTTP/1.1"
2553	2025/01/31 15:46:15	"GET /uv2582fip2582inf210/practice_jpa.html HTTP/1.1"
258	2025/01/31 15:46:45	"GET /uv2582fip2582inf210/technical_environment_home.html HTTP/1.1"
258	2025/01/31 15:46:47	"GET /uv2582fip2582inf210/practice_docker.html HTTP/1.1"
258	2025/01/31 15:47:01	"GET /uv2582fip2582inf210/documentation_programming.html HTTP/1.1"
258	2025/01/31 15:47:04	"GET /uv2582fip2582inf210/practice_spring.html HTTP/1.1"
2549	2025/01/31 15:47:09	"GET /uv2582fip2582inf210/activity_normalization.html HTTP/1.1"
2529	2025/01/31 15:47:20	"GET /uv2582fip2582inf210/activity_conceptual_modeling_correction.html HTTP/1.1"
2549	2025/01/31 15:47:29	"GET /uv2582fip2582inf210/activity_decomposition.html HTTP/1.1"
258	2025/01/31 15:47:34	"GET /uv2582fip2582inf210/documentation_docker.html HTTP/1.1"
258	2025/01/31 15:48:01	"GET /uv2582fip2582inf210/practice_postgresql.html HTTP/1.1"
2527	2025/01/31 15:48:28	"GET /uv2582fip2582inf210/activity_relational_model_correction.html HTTP/1.1"
258	2025/01/31 15:48:41	"GET /uv2582fip2582inf210/index.html HTTP/1.1"
2516	2025/01/31 15:49:03	"GET /uv2582fip2582inf210/activity_sql_correction.html HTTP/1.1"
2554	2025/01/31 15:49:08	"GET /uv2582fip2582inf210/activity_conceptual_modeling_correction.html HTTP/1.1"
2524	2025/01/31 15:49:33	"GET /uv2582fip2582inf210/practice_sql_correction.html HTTP/1.1"
258	2025/01/31 15:49:43	"GET /uv2582fip2582inf210/web_architecture_home.html HTTP/1.1"
258	2025/01/31 15:49:55	"GET /uv2582fip2582inf210/data_home.html HTTP/1.1"
258	2025/01/31 15:50:00	"GET /uv2582fip2582inf210/lecture_software_architecture.html HTTP/1.1"
258	2025/01/31 15:50:07	"GET /uv2582fip2582inf210/lecture_technical_architecture.html HTTP/1.1"
258	2025/01/31 15:50:35	"GET /uv2582fip2582inf210/lecture_mvc_spring.html HTTP/1.1"
2511	2025/01/31 15:50:53	"GET /uv2582fip2582inf210/practice_sql.html HTTP/1.1"
2517	2025/01/31 15:51:01	"GET /uv2582fip2582inf210/practice_jpa.html HTTP/1.1"
2542	2025/01/31 15:51:04	"GET /uv2582fip2582inf210/activity_sql_correction.html HTTP/1.1"
2552	2025/01/31 15:51:41	"GET /uv2582fip2582inf210/activity_relational_model_correction.html HTTP/1.1"
257	2025/01/31 15:51:54	"GET /uv2582fip2582inf210/practice_sql.html HTTP/1.1"
2510	2025/01/31 15:53:36	"GET /uv2582fip2582inf210/activity_normalization.html HTTP/1.1"
2554	2025/01/31 15:54:49	"GET /uv2582fip2582inf210/lecture_normalization.html HTTP/1.1"
256	2025/01/31 15:58:42	"GET /uv2582fip2582inf210/activity_conceptual_modeling.html HTTP/1.1"
2513	2025/01/31 15:58:54	"GET /uv2582fip2582inf210/activity_normalization.html HTTP/1.1"
2519	2025/01/31 15:59:11	"GET /uv2582fip2582inf210/activity_conceptual_modeling_correction.html HTTP/1.1"
2530	2025/01/31 16:00:54	"GET /uv2582fip2582inf210/activity_sql_correction.html HTTP/1.1"
255	2025/01/31 16:01:26	"GET /uv2582fip2582inf210/lecture_normalization.html HTTP/1.1"
2548	2025/01/31 16:03:13	"GET /uv2582fip2582inf210/images/prerequisite_archiweb/prerequisite_archiweb_2025.html HTTP/1.1"
2534	2025/01/31 16:03:56	"GET /uv2582fip2582inf210/practice_jpa.html HTTP/1.1"
2548	2025/01/31 16:04:01	"GET /uv2582fip2582inf210/technical_environment_home.html HTTP/1.1"
2548	2025/01/31 16:04:12	"GET /uv2582fip2582inf210/images/prerequisite_techenv/prerequisite_techenv_2025.html HTTP/1.1"
2548	2025/01/31 16:04:31	"GET /uv2582fip2582inf210/documentation_docker.html HTTP/1.1"
2545	2025/01/31 16:04:41	"GET /uv2582fip2582inf210/activity_normalization.html HTTP/1.1"
2548	2025/01/31 16:04:45	"GET /uv2582fip2582inf210/practice_docker.html HTTP/1.1"
2525	2025/01/31 16:05:04	"GET /uv2582fip2582inf210/index.html HTTP/1.1"
2525	2025/01/31 16:05:05	"GET /uv2582fip2582inf210/index.html HTTP/1.1"
2525	2025/01/31 16:05:07	"GET /uv2582fip2582inf210/data_home.html HTTP/1.1"
2525	2025/01/31 16:05:07	"GET /uv2582fip2582inf210/data_home.html HTTP/1.1"
2525	2025/01/31 16:05:29	"GET /uv2582fip2582inf210/lecture_relational_model.html HTTP/1.1"
2525	2025/01/31 16:05:29	"GET /uv2582fip2582inf210/lecture_relational_model.html HTTP/1.1"
2552	2025/01/31 16:05:38	"GET /uv2582fip2582inf210/lecture_relational_algebra.html HTTP/1.1"
2552	2025/01/31 16:06:01	"GET /uv2582fip2582inf210/lecture_modeling_normalization.html HTTP/1.1"
2552	2025/01/31 16:08:39	"GET /uv2582fip2582inf210/lecture_conceptual_modeling.html HTTP/1.1"
2524	2025/01/31 16:09:09	"GET /uv2582fip2582inf210/lecture_transaction.html HTTP/1.1"
2526	2025/01/31 16:09:55	"GET /uv2582fip2582inf210/activity_conceptual_modeling_advanced.html HTTP/1.1"
2528	2025/01/31 16:10:15	"GET /uv2582fip2582inf210/lecture_normalization.html HTTP/1.1"
2526	2025/01/31 16:10:17	"GET /uv2582fip2582inf210/activity_normalization.html HTTP/1.1"
2526	2025/01/31 16:10:26	"GET /uv2582fip2582inf210/lecture_normalization.html HTTP/1.1"
2533	2025/01/31 16:10:33	"GET /uv2582fip2582inf210/practice_docker_advanced.html HTTP/1.1"
2533	2025/01/31 16:10:54	"GET /uv2582fip2582inf210/index.html HTTP/1.1"
2533	2025/01/31 16:10:57	"GET /uv2582fip2582inf210/web_architecture_home.html HTTP/1.1"
2533	2025/01/31 16:11:03	"GET /uv2582fip2582inf210/practice_xpath.html HTTP/1.1"
2533	2025/01/31 16:11:05	"GET /uv2582fip2582inf210/lecture_technical_architecture.html HTTP/1.1"
257	2025/01/31 16:11:50	"GET /uv2582fip2582inf210/practice_sql_correction.html HTTP/1.1"
2546	2025/01/31 16:11:57	"GET /uv2582fip2582inf210/lecture_relational_model.html HTTP/1.1"
2539	2025/01/31 16:12:16	"GET /uv2582fip2582inf210/activity_normalization.html HTTP/1.1"
2524	2025/01/31 16:13:15	"GET /uv2582fip2582inf210/practice_transaction.html HTTP/1.1"
2533	2025/01/31 16:13:19	"GET /uv2582fip2582inf210/data_home.html HTTP/1.1"
2533	2025/01/31 16:13:44	"GET /uv2582fip2582inf210/project_home.html HTTP/1.1"
2541	2025/01/31 16:16:04	"GET /uv2582fip2582inf210/lecture_normalization.html HTTP/1.1"
2520	2025/01/31 16:16:05	"GET /uv2582fip2582inf210/lecture_transaction.html HTTP/1.1"
2520	2025/01/31 16:16:09	"GET /uv2582fip2582inf210/practice_transaction.html HTTP/1.1"
2544	2025/01/31 16:16:10	"GET /uv2582fip2582inf210/lecture_normalization.html HTTP/1.1"
2544	2025/01/31 16:16:22	"GET /uv2582fip2582inf210/activity_normalization.html HTTP/1.1"
2528	2025/01/31 16:16:47	"GET /uv2582fip2582inf210/activity_normalization.html HTTP/1.1"
2544	2025/01/31 16:17:00	"GET /uv2582fip2582inf210/activity_conceptual_modeling_advanced.html HTTP/1.1"
2552	2025/01/31 16:17:05	"GET /uv2582fip2582inf210/activity_conceptual_modeling.html HTTP/1.1"
257	2025/01/31 16:17:16	"GET /uv2582fip2582inf210/index.html HTTP/1.1"
257	2025/01/31 16:17:17	"GET /uv2582fip2582inf210/technical_environment_home.html HTTP/1.1"
257	2025/01/31 16:17:24	"GET /uv2582fip2582inf210/practice_docker.html HTTP/1.1"
2542	2025/01/31 16:17:38	"GET /uv2582fip2582inf210/practice_sql.html HTTP/1.1"
255	2025/01/31 16:18:25	"GET /uv2582fip2582inf210/lecture_independence_views.html HTTP/1.1"
2520	2025/01/31 16:18:36	"GET /uv2582fip2582inf210/documentation_rdbms.html HTTP/1.1"
2539	2025/01/31 16:19:18	"GET /uv2582fip2582inf210/activity_normalization_correction.html HTTP/1.1"
2533	2025/01/31 16:19:49	"GET /uv2582fip2582inf210/documentation_rdbms.html HTTP/1.1"
257	2025/01/31 16:19:49	"GET /uv2582fip2582inf210/documentation_rdbms.html HTTP/1.1"
2544	2025/01/31 16:20:08	"GET /uv2582fip2582inf210/index.html HTTP/1.1"
257	2025/01/31 16:20:08	"GET /uv2582fip2582inf210/practice_docker_advanced.html HTTP/1.1"
2548	2025/01/31 16:20:35	"GET /uv2582fip2582inf210/practice_docker_advanced.html HTTP/1.1"
2521	2025/01/31 16:20:41	"GET /uv2582fip2582inf210/activity_relational_model.html HTTP/1.1"
2544	2025/01/31 16:20:48	"GET /uv2582fip2582inf210/data_home.html HTTP/1.1"
2526	2025/01/31 16:21:16	"GET /uv2582fip2582inf210/lecture_normalization.html HTTP/1.1"
2544	2025/01/31 16:22:20	"GET /uv2582fip2582inf210/web_architecture_home.html HTTP/1.1"
2510	2025/01/31 16:22:33	"GET /uv2582fip2582inf210/lecture_normalization.html HTTP/1.1"
2526	2025/01/31 16:22:50	"GET /uv2582fip2582inf210/activity_normalization_correction.html HTTP/1.1"
2544	2025/01/31 16:23:07	"GET /uv2582fip2582inf210/activity_sql.html HTTP/1.1"
2523	2025/01/31 16:23:22	"GET /uv2582fip2582inf210/activity_sql.html HTTP/1.1"
2523	2025/01/31 16:23:22	"GET /uv2582fip2582inf210/activity_sql.html HTTP/1.1"
2541	2025/01/31 16:23:36	"GET /uv2582fip2582inf210/activity_sql.html HTTP/1.1"
2522	2025/01/31 16:24:03	"GET /uv2582fip2582inf210/activity_normalization.html HTTP/1.1"
2551	2025/01/31 16:24:38	"GET /uv2582fip2582inf210/technical_environment_home.html HTTP/1.1"
2551	2025/01/31 16:24:40	"GET /uv2582fip2582inf210/practice_postgresql.html HTTP/1.1"
2521	2025/01/31 16:26:18	"GET /uv2582fip2582inf210/activity_relational_model_correction.html HTTP/1.1"
2554	2025/01/31 16:27:50	"GET /uv2582fip2582inf210/activity_sql.html HTTP/1.1"
2539	2025/01/31 16:29:17	"GET /uv2582fip2582inf210/lecture_normalization.html HTTP/1.1"
2516	2025/01/31 16:30:31	"GET /uv2582fip2582inf210/practice_sql.html HTTP/1.1"
2554	2025/01/31 16:32:03	"GET /uv2582fip2582inf210/technical_environment_home.html HTTP/1.1"
2554	2025/01/31 16:32:08	"GET /uv2582fip2582inf210/practice_docker.html HTTP/1.1"
2522	2025/01/31 16:33:40	"GET /uv2582fip2582inf210/activity_sql.html HTTP/1.1"
2554	2025/01/31 16:33:47	"GET /uv2582fip2582inf210/practice_sql.html HTTP/1.1"
2522	2025/01/31 16:34:17	"GET /uv2582fip2582inf210/practice_sql.html HTTP/1.1"
2546	2025/01/31 16:34:17	"GET /uv2582fip2582inf210/lecture_db_integrity.html HTTP/1.1"
2511	2025/01/31 16:34:29	"GET /uv2582fip2582inf210/practice_sql_correction.html HTTP/1.1"
2522	2025/01/31 16:34:57	"GET /uv2582fip2582inf210/practice_advanced_sql.html HTTP/1.1"
2516	2025/01/31 16:35:08	"GET /uv2582fip2582inf210/documentation_rdbms.html HTTP/1.1"
2522	2025/01/31 16:35:25	"GET /uv2582fip2582inf210/lecture_transaction.html HTTP/1.1"
255	2025/01/31 16:35:32	"GET /uv2582fip2582inf210/images/prerequisite_archiweb/prerequisite_archiweb_2025.html HTTP/1.1"
255	2025/01/31 16:36:07	"GET /uv2582fip2582inf210/lecture_jpa.html HTTP/1.1"
255	2025/01/31 16:36:23	"GET /uv2582fip2582inf210/lecture_xml.html HTTP/1.1"
2531	2025/01/31 16:36:50	"GET /uv2582fip2582inf210/lecture_normalization.html HTTP/1.1"
2528	2025/01/31 16:36:59	"GET /uv2582fip2582inf210/lecture_normalization.html HTTP/1.1"
2528	2025/01/31 16:37:05	"GET /uv2582fip2582inf210/activity_conceptual_modeling_advanced.html HTTP/1.1"
2528	2025/01/31 16:37:08	"GET /uv2582fip2582inf210/activity_conceptual_modeling.html HTTP/1.1"
2528	2025/01/31 16:37:14	"GET /uv2582fip2582inf210/lecture_modeling_normalization.html HTTP/1.1"
2530	2025/01/31 16:38:00	"GET /uv2582fip2582inf210/practice_sql.html HTTP/1.1"
255	2025/01/31 16:39:33	"GET /uv2582fip2582inf210/lecture_jaxb.html HTTP/1.1"
2531	2025/01/31 16:39:42	"GET /uv2582fip2582inf210/lecture_normalization.html HTTP/1.1"
2544	2025/01/31 16:42:37	"GET /uv2582fip2582inf210/images/prerequisite_data/prerequisite_data_2025.html HTTP/1.1"
257	2025/01/31 16:42:47	"GET /uv2582fip2582inf210/data_home.html HTTP/1.1"
257	2025/01/31 16:43:00	"GET /uv2582fip2582inf210/web_architecture_home.html HTTP/1.1"
2527	2025/01/31 16:43:44	"GET /uv2582fip2582inf210/lecture_relational_algebra.html HTTP/1.1"
2527	2025/01/31 16:44:20	"GET /uv2582fip2582inf210/index.html HTTP/1.1"
256	2025/01/31 16:44:54	"GET /uv2582fip2582inf210/lecture_relational_model.html HTTP/1.1"
256	2025/01/31 16:45:02	"GET /uv2582fip2582inf210/index.html HTTP/1.1"
256	2025/01/31 16:45:05	"GET /uv2582fip2582inf210/technical_environment_home.html HTTP/1.1"
2556	2025/01/31 17:10:36	"GET /uv2582fip2582inf210/activity_normalization.html HTTP/1.1"
2549	2025/01/31 18:30:47	"GET /uv2582fip2582inf210/lecture_normalization.html HTTP/1.1"
2549	2025/01/31 18:50:44	"GET /uv2582fip2582inf210/licence.html HTTP/1.1"
2522	2025/01/31 21:14:48	"GET /uv2582fip2582inf210/web_architecture_home.html HTTP/1.1"
2522	2025/01/31 21:14:52	"GET /uv2582fip2582inf210/lecture_technical_architecture.html HTTP/1.1"
2522	2025/01/31 21:16:31	"GET /uv2582fip2582inf210/lecture_software_architecture.html HTTP/1.1"
2522	2025/01/31 21:22:58	"GET /uv2582fip2582inf210/lecture_dto.html HTTP/1.1"
2522	2025/01/31 21:30:30	"GET /uv2582fip2582inf210/lecture_mvc_spring.html HTTP/1.1"
2522	2025/01/31 23:25:46	"GET /uv2582fip2582inf210/practice_transaction.html HTTP/1.1"
2522	2025/01/31 23:25:55	"GET /uv2582fip2582inf210/index.html HTTP/1.1"
2522	2025/01/31 23:25:59	"GET /uv2582fip2582inf210/web_architecture_home.html HTTP/1.1"
2522	2025/01/31 23:26:04	"GET /uv2582fip2582inf210/lecture_software_architecture.html HTTP/1.1"
2522	2025/01/31 23:26:05	"GET /uv2582fip2582inf210/lecture_dto.html HTTP/1.1"
2522	2025/01/31 23:26:12	"GET /uv2582fip2582inf210/lecture_mvc_spring.html HTTP/1.1"
2514	2025/03/08 09:32:26	"GET /uv2582fip2582inf210/project_structureui.html HTTP/1.1"
2539	2025/03/08 10:20:17	"GET /uv2582fip2582inf210/technical_environment_home.html HTTP/1.1"
2539	2025/03/08 10:22:57	"GET /uv2582fip2582inf210/documentation_docker.html HTTP/1.1"
2539	2025/03/08 10:31:26	"GET /uv2582fip2582inf210/practice_docker.html HTTP/1.1"
2539	2025/03/08 10:34:13	"GET /uv2582fip2582inf210/practice_postgresql.html HTTP/1.1"
2539	2025/03/08 10:34:21	"GET /uv2582fip2582inf210/documentation_programming.html HTTP/1.1"
2539	2025/03/08 10:34:22	"GET /uv2582fip2582inf210/practice_spring.html HTTP/1.1"
2539	2025/03/08 10:37:13	"GET /uv2582fip2582inf210/index.html HTTP/1.1"
2539	2025/03/08 10:37:15	"GET /uv2582fip2582inf210/data_home.html HTTP/1.1"
2539	2025/03/08 10:37:17	"GET /uv2582fip2582inf210/images/prerequisite_data/prerequisite_data_2025.html HTTP/1.1"
2539	2025/03/08 10:37:29	"GET /uv2582fip2582inf210/activity_sql.html HTTP/1.1"
2539	2025/03/08 10:37:51	"GET /uv2582fip2582inf210/practice_sql.html HTTP/1.1"
2539	2025/03/08 10:37:55	"GET /uv2582fip2582inf210/documentation_rdbms.html HTTP/1.1"
2572	2025/03/08 11:53:35	"GET /uv2582fip2582inf210/project_presentation.html HTTP/1.1"
2572	2025/03/08 11:53:36	"GET /uv2582fip2582inf210/project_evaluation.html HTTP/1.1"
2572	2025/03/08 11:57:20	"GET /uv2582fip2582inf210/project_task_time.html HTTP/1.1"
2572	2025/03/08 11:57:35	"GET /uv2582fip2582inf210/project_specifications.html HTTP/1.1"
2572	2025/03/08 11:57:46	"GET /uv2582fip2582inf210/index.html HTTP/1.1"
2533	2025/03/08 13:10:10	"GET /uv2582fip2582inf210/project_presentation.html HTTP/1.1"
2533	2025/03/08 13:10:13	"GET /uv2582fip2582inf210/project_part2.html HTTP/1.1"
2518	2025/03/08 13:35:27	"GET /uv2582fip2582inf210/project_part2.html HTTP/1.1"
2518	2025/03/08 13:35:34	"GET /uv2582fip2582inf210/project_part3.html HTTP/1.1"
2518	2025/03/08 14:07:56	"GET /uv2582fip2582inf210/project_specifications.html HTTP/1.1"
2570	2025/03/08 14:08:54	"GET /uv2582fip2582inf210/project_presentation.html HTTP/1.1"
2570	2025/03/08 14:08:58	"GET /uv2582fip2582inf210/project_part2.html HTTP/1.1"
258	2025/03/08 14:23:20	"GET /uv2582fip2582inf210/project_specifications.html HTTP/1.1"
2554	2025/03/08 14:27:00	"GET /uv2582fip2582inf210/project_part1.html HTTP/1.1"
2554	2025/03/08 14:27:46	"GET /uv2582fip2582inf210/project_part2.html HTTP/1.1"
2518	2025/03/08 14:27:53	"GET /uv2582fip2582inf210/project_part1.html HTTP/1.1"
2541	2025/03/08 14:52:30	"GET /uv2582fip2582inf210/project_specifications.html HTTP/1.1"
2541	2025/03/08 14:52:43	"GET /uv2582fip2582inf210/project_part3.html HTTP/1.1"
2518	2025/03/08 15:25:09	"GET /uv2582fip2582inf210/index.html HTTP/1.1"
2518	2025/03/08 15:25:16	"GET /uv2582fip2582inf210/data_home.html HTTP/1.1"
2518	2025/03/08 15:25:23	"GET /uv2582fip2582inf210/web_architecture_home.html HTTP/1.1"
2518	2025/03/08 15:25:34	"GET /uv2582fip2582inf210/images/prerequisite_archiweb/prerequisite_archiweb_2025.html HTTP/1.1"
2518	2025/03/08 15:25:36	"GET /uv2582fip2582inf210/practice_jpa.html HTTP/1.1"
2518	2025/03/08 15:35:21	"GET /uv2582fip2582inf210/project_presentation.html HTTP/1.1"
2522	2025/03/08 15:40:48	"GET /uv2582fip2582inf210/project_presentation.html HTTP/1.1"
2522	2025/03/08 15:40:51	"GET /uv2582fip2582inf210/project_part3.html HTTP/1.1"
2522	2025/03/08 15:46:42	"GET /uv2582fip2582inf210/project_structureui.html HTTP/1.1"
2522	2025/03/08 15:47:22	"GET /uv2582fip2582inf210/project_specifications.html HTTP/1.1"
252	2025/03/08 15:52:35	"GET /uv2582fip2582inf210/index.html HTTP/1.1"
252	2025/03/08 15:52:38	"GET /uv2582fip2582inf210/web_architecture_home.html HTTP/1.1"
252	2025/03/08 15:52:53	"GET /uv2582fip2582inf210/lecture_jpa.html HTTP/1.1"
252	2025/03/08 15:53:10	"GET /uv2582fip2582inf210/practice_spring_2tiers_ext.html HTTP/1.1"
252	2025/03/08 15:53:31	"GET /uv2582fip2582inf210/lecture_mvc_spring.html HTTP/1.1"
252	2025/03/08 16:04:07	"GET /uv2582fip2582inf210/practice_jpa.html HTTP/1.1"
252	2025/03/08 16:08:01	"GET /uv2582fip2582inf210/practice_jpa_advanced.html HTTP/1.1"
252	2025/03/08 16:10:14	"GET /uv2582fip2582inf210/practice_spring_2tiers.html HTTP/1.1"
252	2025/03/08 16:14:47	"GET /uv2582fip2582inf210/lecture_xml.html HTTP/1.1"
252	2025/03/08 16:15:12	"GET /uv2582fip2582inf210/practice_xml.html HTTP/1.1"
252	2025/03/08 16:16:58	"GET /uv2582fip2582inf210/lecture_json.html HTTP/1.1"
252	2025/03/08 16:19:13	"GET /uv2582fip2582inf210/practice_json.html HTTP/1.1"
252	2025/03/08 16:21:38	"GET /uv2582fip2582inf210/project_part2.html HTTP/1.1"
2525	2025/03/08 17:19:41	"GET /uv2582fip2582inf210/project_part1.html HTTP/1.1"
2525	2025/03/08 17:19:41	"GET /uv2582fip2582inf210/project_part1.html HTTP/1.1"
2551	2025/03/08 20:35:23	"GET /uv2582fip2582inf210/project_part2.html HTTP/1.1"
2548	2025/03/08 21:17:02	"GET /uv2582fip2582inf210/project_presentation.html HTTP/1.1"
2548	2025/03/08 21:17:06	"GET /uv2582fip2582inf210/project_part2.html HTTP/1.1"
2548	2025/03/08 21:17:38	"GET /uv2582fip2582inf210/project_part3.html HTTP/1.1"
2546	2025/03/08 21:43:17	"GET /uv2582fip2582inf210/project_presentation.html HTTP/1.1"
2548	2025/03/08 22:37:54	"GET /uv2582fip2582inf210/project_part1.html HTTP/1.1"
2548	2025/03/08 22:38:07	"GET /uv2582fip2582inf210/project_specifications.html HTTP/1.1"
2546	2025/03/08 22:51:12	"GET /uv2582fip2582inf210/project_specifications.html HTTP/1.1"
2514	2025/03/08 23:00:50	"GET /uv2582fip2582inf210/project_part3.html HTTP/1.1"
2514	2025/03/08 23:03:28	"GET /uv2582fip2582inf210/project_structureui.html HTTP/1.1"
2514	2025/03/08 23:04:16	"GET /uv2582fip2582inf210/project_specifications.html HTTP/1.1"
2536	2025/03/08 23:19:00	"GET /uv2582fip2582inf210/project_presentation.html HTTP/1.1"
2536	2025/03/08 23:19:02	"GET /uv2582fip2582inf210/project_part2.html HTTP/1.1"
2516	2025/09/18 11:48:17	"GET /uv2582fip2582inf210/data_home.html HTTP/1.1"
2516	2025/09/18 11:48:23	"GET /uv2582fip2582inf210/lecture_normalization.html HTTP/1.1"
2516	2025/09/18 14:43:58	"GET /uv2582fip2582inf210/lecture_software_architecture.html HTTP/1.1"
2516	2025/09/18 14:45:19	"GET /uv2582fip2582inf210/lecture_technical_architecture.html HTTP/1.1"
2556	2025/01/30 08:09:05	"GET /uv2582fip2582inf210/activity_conceptual_modeling_correction.html HTTP/1.1"
2539	2025/01/30 09:29:10	"GET /uv2582fip2582inf210/web_architecture_home.html HTTP/1.1"
2539	2025/01/30 09:29:19	"GET /uv2582fip2582inf210/images/prerequisite_archiweb/prerequisite_archiweb_2025.html HTTP/1.1"
2539	2025/01/30 09:29:58	"GET /uv2582fip2582inf210/data_home.html HTTP/1.1"
2539	2025/01/30 09:30:00	"GET /uv2582fip2582inf210/images/prerequisite_data/prerequisite_data_2025.html HTTP/1.1"
2542	2025/01/30 09:32:01	"GET /uv2582fip2582inf210/web_architecture_home.html HTTP/1.1"
2542	2025/01/30 09:32:36	"GET /uv2582fip2582inf210/lecture_technical_architecture.html HTTP/1.1"
2524	2025/01/30 09:32:49	"GET /uv2582fip2582inf210/lecture_jpa.html HTTP/1.1"
2514	2025/01/30 09:32:54	"GET /uv2582fip2582inf210/index.html HTTP/1.1"
2514	2025/01/30 09:32:58	"GET /uv2582fip2582inf210/web_architecture_home.html HTTP/1.1"
2511	2025/01/30 09:33:03	"GET /uv2582fip2582inf210/technical_environment_home.html HTTP/1.1"
2511	2025/01/30 09:33:07	"GET /uv2582fip2582inf210/practice_postgresql.html HTTP/1.1"
2534	2025/01/30 09:33:57	"GET /uv2582fip2582inf210/project_home.html HTTP/1.1"
2524	2025/01/30 09:34:18	"GET /uv2582fip2582inf210/practice_spring_2tiers.html HTTP/1.1"
2534	2025/01/30 09:34:19	"GET /uv2582fip2582inf210/data_home.html HTTP/1.1"
2534	2025/01/30 09:34:23	"GET /uv2582fip2582inf210/images/prerequisite_data/prerequisite_data_2025.html HTTP/1.1"
2534	2025/01/30 09:34:27	"GET /uv2582fip2582inf210/index.html HTTP/1.1"
2549	2025/01/30 09:35:01	"GET /uv2582fip2582inf210/data_home.html HTTP/1.1"
255	2025/01/30 09:35:01	"GET /uv2582fip2582inf210/practice_docker.html HTTP/1.1"
258	2025/01/30 09:35:03	"GET /uv2582fip2582inf210/data_home.html HTTP/1.1"
2511	2025/01/30 09:35:08	"GET /uv2582fip2582inf210/practice_docker.html HTTP/1.1"
255	2025/01/30 09:35:15	"GET /uv2582fip2582inf210/data_home.html HTTP/1.1"
2520	2025/01/30 09:35:27	"GET /uv2582fip2582inf210/index.html HTTP/1.1"
2549	2025/01/30 09:35:28	"GET /uv2582fip2582inf210/project_home.html HTTP/1.1"
2513	2025/01/30 09:35:31	"GET /uv2582fip2582inf210/data_home.html HTTP/1.1"
2513	2025/01/30 09:35:34	"GET /uv2582fip2582inf210/images/prerequisite_data/prerequisite_data_2025.html HTTP/1.1"
2520	2025/01/30 09:35:34	"GET /uv2582fip2582inf210/data_home.html HTTP/1.1"
2534	2025/01/30 09:35:35	"GET /uv2582fip2582inf210/web_architecture_home.html HTTP/1.1"
2523	2025/01/30 09:35:36	"GET /uv2582fip2582inf210/technical_environment_home.html HTTP/1.1"
2523	2025/01/30 09:35:37	"GET /uv2582fip2582inf210/technical_environment_home.html HTTP/1.1"
2534	2025/01/30 09:35:37	"GET /uv2582fip2582inf210/lecture_technical_architecture.html HTTP/1.1"
2541	2025/01/30 09:35:51	"GET /uv2582fip2582inf210/data_home.html HTTP/1.1"
2544	2025/01/30 09:36:29	"GET /uv2582fip2582inf210/images/prerequisite_data/prerequisite_data_2025.html HTTP/1.1"
2530	2025/01/30 09:36:32	"GET /uv2582fip2582inf210/data_home.html HTTP/1.1"
2544	2025/01/30 09:36:33	"GET /uv2582fip2582inf210/data_home.html HTTP/1.1"
2533	2025/01/30 09:36:36	"GET /uv2582fip2582inf210/technical_environment_home.html HTTP/1.1"
2529	2025/01/30 09:36:36	"GET /uv2582fip2582inf210/images/prerequisite_data/prerequisite_data_2025.html HTTP/1.1"
2547	2025/01/30 09:36:39	"GET /uv2582fip2582inf210/data_home.html HTTP/1.1"
258	2025/01/30 09:36:40	"GET /uv2582fip2582inf210/web_architecture_home.html HTTP/1.1"
2533	2025/01/30 09:36:43	"GET /uv2582fip2582inf210/documentation_rdbms.html HTTP/1.1"
2542	2025/01/30 09:36:49	"GET /uv2582fip2582inf210/lecture_xml.html HTTP/1.1"
2533	2025/01/30 09:36:56	"GET /uv2582fip2582inf210/practice_postgresql.html HTTP/1.1"
2522	2025/01/30 09:36:57	"GET /uv2582fip2582inf210/data_home.html HTTP/1.1"
2541	2025/01/30 09:37:04	"GET /uv2582fip2582inf210/lecture_relational_model.html HTTP/1.1"
2524	2025/01/30 09:37:12	"GET /uv2582fip2582inf210/lecture_xml.html HTTP/1.1"
256	2025/01/30 09:37:13	"GET /uv2582fip2582inf210/project_home.html HTTP/1.1"
2516	2025/01/30 09:37:15	"GET /uv2582fip2582inf210/technical_environment_home.html HTTP/1.1"
256	2025/01/30 09:37:17	"GET /uv2582fip2582inf210/data_home.html HTTP/1.1"
2530	2025/01/30 09:37:20	"GET /uv2582fip2582inf210/lecture_relational_model.html HTTP/1.1"
2533	2025/01/30 09:37:23	"GET /uv2582fip2582inf210/documentation_docker.html HTTP/1.1"
2516	2025/01/30 09:37:23	"GET /uv2582fip2582inf210/data_home.html HTTP/1.1"
2540	2025/01/30 09:37:25	"GET /uv2582fip2582inf210/data_home.html HTTP/1.1"
2528	2025/01/30 09:37:26	"GET /uv2582fip2582inf210/web_architecture_home.html HTTP/1.1"
2542	2025/01/30 09:37:27	"GET /uv2582fip2582inf210/data_home.html HTTP/1.1"
2542	2025/01/30 09:37:30	"GET /uv2582fip2582inf210/lecture_relational_model.html HTTP/1.1"
2528	2025/01/30 09:37:36	"GET /uv2582fip2582inf210/data_home.html HTTP/1.1"
2516	2025/01/30 09:37:39	"GET /uv2582fip2582inf210/lecture_relational_model.html HTTP/1.1"
2510	2025/01/30 09:37:43	"GET /uv2582fip2582inf210/web_architecture_home.html HTTP/1.1"
2510	2025/01/30 09:37:51	"GET /uv2582fip2582inf210/data_home.html HTTP/1.1"
2525	2025/01/30 09:37:55	"GET /uv2582fip2582inf210/data_home.html HTTP/1.1"
2525	2025/01/30 09:37:56	"GET /uv2582fip2582inf210/data_home.html HTTP/1.1"
2525	2025/01/30 09:38:05	"GET /uv2582fip2582inf210/technical_environment_home.html HTTP/1.1"
2525	2025/01/30 09:38:05	"GET /uv2582fip2582inf210/technical_environment_home.html HTTP/1.1"
2525	2025/01/30 09:38:08	"GET /uv2582fip2582inf210/practice_docker.html HTTP/1.1"
2525	2025/01/30 09:38:08	"GET /uv2582fip2582inf210/practice_docker.html HTTP/1.1"
2526	2025/01/30 09:38:22	"GET /uv2582fip2582inf210/inversion_of_control.html HTTP/1.1"
2540	2025/01/30 09:38:25	"GET /uv2582fip2582inf210/lecture_relational_model.html HTTP/1.1"
2526	2025/01/30 09:38:28	"GET /uv2582fip2582inf210/index.html HTTP/1.1"
2521	2025/01/30 09:38:31	"GET /uv2582fip2582inf210/web_architecture_home.html HTTP/1.1"
2526	2025/01/30 09:38:31	"GET /uv2582fip2582inf210/web_architecture_home.html HTTP/1.1"
2511	2025/01/30 09:38:38	"GET /uv2582fip2582inf210/documentation_rdbms.html HTTP/1.1"
2517	2025/01/30 09:38:43	"GET /uv2582fip2582inf210/technical_environment_home.html HTTP/1.1"
2521	2025/01/30 09:38:48	"GET /uv2582fip2582inf210/data_home.html HTTP/1.1"
2549	2025/01/30 09:38:50	"GET /uv2582fip2582inf210/images/prerequisite_data/prerequisite_data_2025.html HTTP/1.1"
2523	2025/01/30 09:38:51	"GET /uv2582fip2582inf210/documentation_docker.html HTTP/1.1"
2523	2025/01/30 09:38:51	"GET /uv2582fip2582inf210/documentation_docker.html HTTP/1.1"
2533	2025/01/30 09:38:51	"GET /uv2582fip2582inf210/web_architecture_home.html HTTP/1.1"
2549	2025/01/30 09:38:53	"GET /uv2582fip2582inf210/lecture_relational_model.html HTTP/1.1"
2546	2025/01/30 09:38:55	"GET /uv2582fip2582inf210/data_home.html HTTP/1.1"
2533	2025/01/30 09:38:55	"GET /uv2582fip2582inf210/data_home.html HTTP/1.1"
2546	2025/01/30 09:39:02	"GET /uv2582fip2582inf210/technical_environment_home.html HTTP/1.1"
2533	2025/01/30 09:39:11	"GET /uv2582fip2582inf210/project_home.html HTTP/1.1"
2526	2025/01/30 09:39:11	"GET /uv2582fip2582inf210/lecture_technical_architecture.html HTTP/1.1"
2546	2025/01/30 09:39:12	"GET /uv2582fip2582inf210/documentation_docker.html HTTP/1.1"
2514	2025/01/30 09:39:12	"GET /uv2582fip2582inf210/activity_relational_model.html HTTP/1.1"
2520	2025/01/30 09:39:34	"GET /uv2582fip2582inf210/lecture_relational_model.html HTTP/1.1"
257	2025/01/30 09:39:46	"GET /uv2582fip2582inf210/data_home.html HTTP/1.1"
2539	2025/01/30 09:39:48	"GET /uv2582fip2582inf210/lecture_relational_model.html HTTP/1.1"
256	2025/01/30 09:39:56	"GET /uv2582fip2582inf210/lecture_relational_model.html HTTP/1.1"
257	2025/01/30 09:39:57	"GET /uv2582fip2582inf210/web_architecture_home.html HTTP/1.1"
2514	2025/01/30 09:39:58	"GET /uv2582fip2582inf210/lecture_relational_model.html HTTP/1.1"
2516	2025/01/30 09:39:59	"GET /uv2582fip2582inf210/images/prerequisite_data/prerequisite_data_2025.html HTTP/1.1"
2531	2025/01/30 09:40:00	"GET /uv2582fip2582inf210/data_home.html HTTP/1.1"
2551	2025/01/30 09:40:11	"GET /uv2582fip2582inf210/documentation_docker.html HTTP/1.1"
2529	2025/01/30 09:40:14	"GET /uv2582fip2582inf210/lecture_relational_model.html HTTP/1.1"
257	2025/01/30 09:40:20	"GET /uv2582fip2582inf210/PresentationUVINF210/pres.html HTTP/1.1"
2531	2025/01/30 09:40:31	"GET /uv2582fip2582inf210/images/prerequisite_data/prerequisite_data_2025.html HTTP/1.1"
2510	2025/01/30 09:40:32	"GET /uv2582fip2582inf210/images/prerequisite_data/prerequisite_data_2025.html HTTP/1.1"
2542	2025/01/30 09:40:39	"GET /uv2582fip2582inf210/lecture_db_integrity.html HTTP/1.1"
2554	2025/01/30 09:40:45	"GET /uv2582fip2582inf210/technical_environment_home.html HTTP/1.1"
2510	2025/01/30 09:40:52	"GET /uv2582fip2582inf210/lecture_relational_model.html HTTP/1.1"
2551	2025/01/30 09:40:54	"GET /uv2582fip2582inf210/index.html HTTP/1.1"
2551	2025/01/30 09:40:58	"GET /uv2582fip2582inf210/data_home.html HTTP/1.1"
2517	2025/01/30 09:41:00	"GET /uv2582fip2582inf210/images/prerequisite_archiweb/prerequisite_archiweb_2025.html HTTP/1.1"
2528	2025/01/30 09:41:21	"GET /uv2582fip2582inf210/lecture_relational_model.html HTTP/1.1"
2529	2025/01/30 09:41:42	"GET /uv2582fip2582inf210/lecture_db_integrity.html HTTP/1.1"
2526	2025/01/30 09:41:43	"GET /uv2582fip2582inf210/data_home.html HTTP/1.1"
2515	2025/01/30 09:41:48	"GET /uv2582fip2582inf210/web_architecture_home.html HTTP/1.1"
2517	2025/01/30 09:41:49	"GET /uv2582fip2582inf210/lecture_technical_architecture.html HTTP/1.1"
255	2025/01/30 09:41:59	"GET /uv2582fip2582inf210/lecture_db_integrity.html HTTP/1.1"
255	2025/01/30 09:42:00	"GET /uv2582fip2582inf210/lecture_relational_model.html HTTP/1.1"
2548	2025/01/30 09:42:05	"GET /uv2582fip2582inf210/PresentationUVINF210/pres.html HTTP/1.1"
2510	2025/01/30 09:42:09	"GET /uv2582fip2582inf210/lecture_db_integrity.html HTTP/1.1"
2526	2025/01/30 09:42:21	"GET /uv2582fip2582inf210/lecture_relational_model.html HTTP/1.1"
2511	2025/01/30 09:42:29	"GET /uv2582fip2582inf210/practice_docker_advanced.html HTTP/1.1"
2513	2025/01/30 09:42:34	"GET /uv2582fip2582inf210/lecture_relational_model.html HTTP/1.1"
2515	2025/01/30 09:42:34	"GET /uv2582fip2582inf210/lecture_technical_architecture.html HTTP/1.1"
2530	2025/01/30 09:42:35	"GET /uv2582fip2582inf210/lecture_db_integrity.html HTTP/1.1"
2542	2025/01/30 09:43:41	"GET /uv2582fip2582inf210/lecture_relational_algebra.html HTTP/1.1"
257	2025/01/30 09:43:44	"GET /uv2582fip2582inf210/images/prerequisite_data/prerequisite_data_2025.html HTTP/1.1"
2551	2025/01/30 09:43:50	"GET /uv2582fip2582inf210/index.html HTTP/1.1"
2522	2025/01/30 09:44:03	"GET /uv2582fip2582inf210/images/prerequisite_data/prerequisite_data_2025.html HTTP/1.1"
2524	2025/01/30 09:44:05	"GET /uv2582fip2582inf210/images/prerequisite_data/prerequisite_data_2025.html HTTP/1.1"
2551	2025/01/30 09:44:05	"GET /uv2582fip2582inf210/technical_environment_home.html HTTP/1.1"
2533	2025/01/30 09:44:10	"GET /uv2582fip2582inf210/images/prerequisite_data/prerequisite_data_2025.html HTTP/1.1"
2551	2025/01/30 09:44:13	"GET /uv2582fip2582inf210/web_architecture_home.html HTTP/1.1"
2524	2025/01/30 09:44:18	"GET /uv2582fip2582inf210/activity_relational_model.html HTTP/1.1"
2524	2025/01/30 09:44:22	"GET /uv2582fip2582inf210/lecture_relational_model.html HTTP/1.1"
2554	2025/01/30 09:44:22	"GET /uv2582fip2582inf210/practice_postgresql.html HTTP/1.1"
257	2025/01/30 09:44:25	"GET /uv2582fip2582inf210/project_home.html HTTP/1.1"
2539	2025/01/30 09:45:13	"GET /uv2582fip2582inf210/lecture_db_integrity.html HTTP/1.1"
2551	2025/01/30 09:45:22	"GET /uv2582fip2582inf210/practice_postgresql.html HTTP/1.1"
2551	2025/01/30 09:45:36	"GET /uv2582fip2582inf210/practice_docker.html HTTP/1.1"
2526	2025/01/30 09:45:44	"GET /uv2582fip2582inf210/lecture_db_integrity.html HTTP/1.1"
2543	2025/01/30 09:45:47	"GET /uv2582fip2582inf210/data_home.html HTTP/1.1"
2531	2025/01/30 09:45:48	"GET /uv2582fip2582inf210/lecture_relational_model.html HTTP/1.1"
2552	2025/01/30 09:45:58	"GET /uv2582fip2582inf210/technical_environment_home.html HTTP/1.1"
2515	2025/01/30 09:45:59	"GET /uv2582fip2582inf210/lecture_software_architecture.html HTTP/1.1"
2552	2025/01/30 09:46:05	"GET /uv2582fip2582inf210/images/prerequisite_techenv/prerequisite_techenv_2025.html HTTP/1.1"
2552	2025/01/30 09:46:06	"GET /uv2582fip2582inf210/practice_postgresql.html HTTP/1.1"
2520	2025/01/30 09:46:10	"GET /uv2582fip2582inf210/lecture_db_integrity.html HTTP/1.1"
2546	2025/01/30 09:46:28	"GET /uv2582fip2582inf210/practice_docker.html HTTP/1.1"
2521	2025/01/30 09:46:41	"GET /uv2582fip2582inf210/technical_environment_home.html HTTP/1.1"
2554	2025/01/30 09:47:30	"GET /uv2582fip2582inf210/documentation_programming.html HTTP/1.1"
2545	2025/01/30 09:47:32	"GET /uv2582fip2582inf210/technical_environment_home.html HTTP/1.1"
2540	2025/01/30 09:47:33	"GET /uv2582fip2582inf210/lecture_db_integrity.html HTTP/1.1"
2512	2025/01/30 09:47:36	"GET /uv2582fip2582inf210/index.html HTTP/1.1"
2528	2025/01/30 09:47:44	"GET /uv2582fip2582inf210/lecture_db_integrity.html HTTP/1.1"
2545	2025/01/30 09:47:46	"GET /uv2582fip2582inf210/index.html HTTP/1.1"
2511	2025/01/30 09:47:46	"GET /uv2582fip2582inf210/practice_spring.html HTTP/1.1"
2540	2025/01/30 09:47:50	"GET /uv2582fip2582inf210/activity_relational_model.html HTTP/1.1"
2554	2025/01/30 09:47:52	"GET /uv2582fip2582inf210/practice_spring.html HTTP/1.1"
2554	2025/01/30 09:47:57	"GET /uv2582fip2582inf210/inversion_of_control.html HTTP/1.1"
257	2025/01/30 09:48:08	"GET /uv2582fip2582inf210/technical_environment_home.html HTTP/1.1"
257	2025/01/30 09:48:12	"GET /uv2582fip2582inf210/documentation_programming.html HTTP/1.1"
2517	2025/01/30 09:48:17	"GET /uv2582fip2582inf210/lecture_software_architecture.html HTTP/1.1"
2554	2025/01/30 09:48:29	"GET /uv2582fip2582inf210/images/prerequisite_techenv/prerequisite_techenv_2025.html HTTP/1.1"
2553	2025/01/30 09:48:31	"GET /uv2582fip2582inf210/practice_docker.html HTTP/1.1"
2511	2025/01/30 09:48:32	"GET /uv2582fip2582inf210/index.html HTTP/1.1"
2511	2025/01/30 09:48:34	"GET /uv2582fip2582inf210/data_home.html HTTP/1.1"
2512	2025/01/30 09:48:35	"GET /uv2582fip2582inf210/technical_environment_home.html HTTP/1.1"
2554	2025/01/30 09:48:40	"GET /uv2582fip2582inf210/index.html HTTP/1.1"
2515	2025/01/30 09:48:43	"GET /uv2582fip2582inf210/lecture_dto.html HTTP/1.1"
2554	2025/01/30 09:48:46	"GET /uv2582fip2582inf210/web_architecture_home.html HTTP/1.1"
256	2025/01/30 09:48:54	"GET /uv2582fip2582inf210/lecture_db_integrity.html HTTP/1.1"
2515	2025/01/30 09:48:59	"GET /uv2582fip2582inf210/lecture_xml.html HTTP/1.1"
2554	2025/01/30 09:49:17	"GET /uv2582fip2582inf210/data_home.html HTTP/1.1"
257	2025/01/30 09:49:35	"GET /uv2582fip2582inf210/lecture_relational_model.html HTTP/1.1"
2515	2025/01/30 09:50:05	"GET /uv2582fip2582inf210/index.html HTTP/1.1"
2524	2025/01/30 09:50:29	"GET /uv2582fip2582inf210/lecture_db_integrity.html HTTP/1.1"
2530	2025/01/30 09:50:30	"GET /uv2582fip2582inf210/lecture_relational_algebra.html HTTP/1.1"
2542	2025/01/30 09:50:32	"GET /uv2582fip2582inf210/activity_relational_model.html HTTP/1.1"
2520	2025/01/30 09:50:35	"GET /uv2582fip2582inf210/lecture_relational_algebra.html HTTP/1.1"
2515	2025/01/30 09:50:44	"GET /uv2582fip2582inf210/lecture_mvc_spring.html HTTP/1.1"
2526	2025/01/30 09:50:52	"GET /uv2582fip2582inf210/lecture_relational_algebra.html HTTP/1.1"
2511	2025/01/30 09:51:31	"GET /uv2582fip2582inf210/lecture_db_integrity.html HTTP/1.1"
2512	2025/01/30 09:51:44	"GET /uv2582fip2582inf210/documentation_programming.html HTTP/1.1"
2544	2025/01/30 09:51:45	"GET /uv2582fip2582inf210/lecture_relational_model.html HTTP/1.1"
2554	2025/01/30 09:51:56	"GET /uv2582fip2582inf210/lecture_relational_model.html HTTP/1.1"
2516	2025/01/30 09:52:47	"GET /uv2582fip2582inf210/lecture_db_integrity.html HTTP/1.1"
2553	2025/01/30 09:52:51	"GET /uv2582fip2582inf210/practice_postgresql.html HTTP/1.1"
2549	2025/01/30 09:53:18	"GET /uv2582fip2582inf210/lecture_db_integrity.html HTTP/1.1"
2545	2025/01/30 09:53:22	"GET /uv2582fip2582inf210/practice_postgresql.html HTTP/1.1"
2544	2025/01/30 09:53:25	"GET /uv2582fip2582inf210/lecture_db_integrity.html HTTP/1.1"
2519	2025/01/30 09:53:44	"GET /uv2582fip2582inf210/lecture_technical_architecture.html HTTP/1.1"
2545	2025/01/30 09:53:46	"GET /uv2582fip2582inf210/practice_postgresql.html HTTP/1.1"
2517	2025/01/30 09:53:54	"GET /uv2582fip2582inf210/lecture_dto.html HTTP/1.1"
2519	2025/01/30 09:53:57	"GET /uv2582fip2582inf210/lecture_dto.html HTTP/1.1"
2519	2025/01/30 09:54:01	"GET /uv2582fip2582inf210/index.html HTTP/1.1"
2519	2025/01/30 09:54:08	"GET /uv2582fip2582inf210/data_home.html HTTP/1.1"
2530	2025/01/30 09:54:09	"GET /uv2582fip2582inf210/activity_relational_model.html HTTP/1.1"
2551	2025/01/30 09:54:14	"GET /uv2582fip2582inf210/practice_spring.html HTTP/1.1"
2512	2025/01/30 09:55:05	"GET /uv2582fip2582inf210/data_home.html HTTP/1.1"
2512	2025/01/30 09:55:11	"GET /uv2582fip2582inf210/lecture_relational_model.html HTTP/1.1"
2545	2025/01/30 09:55:14	"GET /uv2582fip2582inf210/data_home.html HTTP/1.1"
2551	2025/01/30 09:55:32	"GET /uv2582fip2582inf210/data_home.html HTTP/1.1"
2551	2025/01/30 09:55:35	"GET /uv2582fip2582inf210/lecture_relational_model.html HTTP/1.1"
2515	2025/01/30 09:55:40	"GET /uv2582fip2582inf210/lecture_mvc_spring.html HTTP/1.1"
2550	2025/01/30 09:55:58	"GET /uv2582fip2582inf210/data_home.html HTTP/1.1"
2553	2025/01/30 09:55:58	"GET /uv2582fip2582inf210/documentation_docker.html HTTP/1.1"
2550	2025/01/30 09:56:00	"GET /uv2582fip2582inf210/lecture_relational_model.html HTTP/1.1"
2553	2025/01/30 09:56:01	"GET /uv2582fip2582inf210/practice_docker_advanced.html HTTP/1.1"
2513	2025/01/30 09:56:04	"GET /uv2582fip2582inf210/lecture_db_integrity.html HTTP/1.1"
2510	2025/01/30 09:56:14	"GET /uv2582fip2582inf210/lecture_relational_algebra.html HTTP/1.1"
2517	2025/01/30 09:56:18	"GET /uv2582fip2582inf210/lecture_mvc_spring.html HTTP/1.1"
252	2025/01/30 09:56:32	"GET /uv2582fip2582inf210/data_home.html HTTP/1.1"
2520	2025/01/30 09:56:33	"GET /uv2582fip2582inf210/activity_relational_model.html HTTP/1.1"
257	2025/01/30 09:56:43	"GET /uv2582fip2582inf210/lecture_db_integrity.html HTTP/1.1"
2510	2025/01/30 09:56:51	"GET /uv2582fip2582inf210/activity_relational_model.html HTTP/1.1"
2539	2025/01/30 09:56:53	"GET /uv2582fip2582inf210/activity_relational_model.html HTTP/1.1"
2531	2025/01/30 09:56:55	"GET /uv2582fip2582inf210/lecture_db_integrity.html HTTP/1.1"
2543	2025/01/30 09:57:00	"GET /uv2582fip2582inf210/technical_environment_home.html HTTP/1.1"
252	2025/01/30 09:57:33	"GET /uv2582fip2582inf210/lecture_relational_model.html HTTP/1.1"
2519	2025/01/30 09:57:34	"GET /uv2582fip2582inf210/lecture_relational_model.html HTTP/1.1"
2523	2025/01/30 09:57:43	"GET /uv2582fip2582inf210/practice_docker.html HTTP/1.1"
2523	2025/01/30 09:57:43	"GET /uv2582fip2582inf210/practice_docker.html HTTP/1.1"
2512	2025/01/30 09:58:05	"GET /uv2582fip2582inf210/lecture_db_integrity.html HTTP/1.1"
2517	2025/01/30 09:58:06	"GET /uv2582fip2582inf210/lecture_xml.html HTTP/1.1"
2550	2025/01/30 09:58:45	"GET /uv2582fip2582inf210/lecture_db_integrity.html HTTP/1.1"
2514	2025/01/30 09:58:52	"GET /uv2582fip2582inf210/lecture_db_integrity.html HTTP/1.1"
2552	2025/01/30 09:59:36	"GET /uv2582fip2582inf210/technical_environment_home.html HTTP/1.1"
2552	2025/01/30 09:59:43	"GET /uv2582fip2582inf210/index.html HTTP/1.1"
2526	2025/01/30 09:59:51	"GET /uv2582fip2582inf210/activity_relational_model.html HTTP/1.1"
2516	2025/01/30 10:00:12	"GET /uv2582fip2582inf210/activity_relational_model.html HTTP/1.1"
2554	2025/01/30 10:00:24	"GET /uv2582fip2582inf210/lecture_db_integrity.html HTTP/1.1"
2528	2025/01/30 10:00:47	"GET /uv2582fip2582inf210/activity_relational_model.html HTTP/1.1"
2551	2025/01/30 10:00:47	"GET /uv2582fip2582inf210/lecture_db_integrity.html HTTP/1.1"
2521	2025/01/30 10:00:57	"GET /uv2582fip2582inf210/images/prerequisite_techenv/prerequisite_techenv_2025.html HTTP/1.1"
2521	2025/01/30 10:00:59	"GET /uv2582fip2582inf210/practice_docker.html HTTP/1.1"
2552	2025/01/30 10:01:00	"GET /uv2582fip2582inf210/data_home.html HTTP/1.1"
2550	2025/01/30 10:01:01	"GET /uv2582fip2582inf210/activity_relational_model.html HTTP/1.1"
2526	2025/01/30 10:01:02	"GET /uv2582fip2582inf210/activity_relational_model.html HTTP/1.1"
2528	2025/01/30 10:01:15	"GET /uv2582fip2582inf210/practice_advanced_sql.html HTTP/1.1"
258	2025/01/30 10:01:15	"GET /uv2582fip2582inf210/technical_environment_home.html HTTP/1.1"
258	2025/01/30 10:01:18	"GET /uv2582fip2582inf210/practice_postgresql.html HTTP/1.1"
2552	2025/01/30 10:01:30	"GET /uv2582fip2582inf210/images/prerequisite_data/prerequisite_data_2025.html HTTP/1.1"
258	2025/01/30 10:01:36	"GET /uv2582fip2582inf210/practice_docker.html HTTP/1.1"
2519	2025/01/30 10:02:00	"GET /uv2582fip2582inf210/lecture_modeling_normalization.html HTTP/1.1"
2552	2025/01/30 10:02:13	"GET /uv2582fip2582inf210/lecture_relational_model.html HTTP/1.1"
2547	2025/01/30 10:02:21	"GET /uv2582fip2582inf210/lecture_relational_model.html HTTP/1.1"
2541	2025/01/30 10:02:33	"GET /uv2582fip2582inf210/lecture_db_integrity.html HTTP/1.1"
2551	2025/01/30 10:02:54	"GET /uv2582fip2582inf210/activity_relational_model.html HTTP/1.1"
2525	2025/01/30 10:02:55	"GET /uv2582fip2582inf210/documentation_docker.html HTTP/1.1"
2525	2025/01/30 10:02:55	"GET /uv2582fip2582inf210/documentation_docker.html HTTP/1.1"
2515	2025/01/30 10:03:07	"GET /uv2582fip2582inf210/lecture_jpa.html HTTP/1.1"
2519	2025/01/30 10:04:05	"GET /uv2582fip2582inf210/lecture_db_tools.html HTTP/1.1"
2541	2025/01/30 10:04:14	"GET /uv2582fip2582inf210/project_home.html HTTP/1.1"
2534	2025/01/30 10:04:16	"GET /uv2582fip2582inf210/technical_environment_home.html HTTP/1.1"
2541	2025/01/30 10:04:17	"GET /uv2582fip2582inf210/technical_environment_home.html HTTP/1.1"
2552	2025/01/30 10:04:18	"GET /uv2582fip2582inf210/lecture_db_integrity.html HTTP/1.1"
259	2025/01/30 10:04:18	"GET /uv2582fip2582inf210/documentation_docker.html HTTP/1.1"
2541	2025/01/30 10:04:20	"GET /uv2582fip2582inf210/practice_spring.html HTTP/1.1"
2534	2025/01/30 10:04:24	"GET /uv2582fip2582inf210/documentation_docker.html HTTP/1.1"
2524	2025/01/30 10:04:28	"GET /uv2582fip2582inf210/lecture_relational_algebra.html HTTP/1.1"
2511	2025/01/30 10:04:38	"GET /uv2582fip2582inf210/activity_relational_model.html HTTP/1.1"
2512	2025/01/30 10:04:48	"GET /uv2582fip2582inf210/activity_relational_model.html HTTP/1.1"
2545	2025/01/30 10:05:15	"GET /uv2582fip2582inf210/practice_docker.html HTTP/1.1"
259	2025/01/30 10:05:22	"GET /uv2582fip2582inf210/practice_docker.html HTTP/1.1"
257	2025/01/30 10:05:30	"GET /uv2582fip2582inf210/activity_relational_model.html HTTP/1.1"
2517	2025/01/30 10:05:42	"GET /uv2582fip2582inf210/practice_xml.html HTTP/1.1"
2524	2025/01/30 10:06:03	"GET /uv2582fip2582inf210/lecture_modeling_normalization.html HTTP/1.1"
256	2025/01/30 10:06:22	"GET /uv2582fip2582inf210/lecture_relational_algebra.html HTTP/1.1"
256	2025/01/30 10:06:24	"GET /uv2582fip2582inf210/activity_relational_model.html HTTP/1.1"
2529	2025/01/30 10:07:23	"GET /uv2582fip2582inf210/activity_relational_model.html HTTP/1.1"
2534	2025/01/30 10:07:32	"GET /uv2582fip2582inf210/practice_docker.html HTTP/1.1"
2547	2025/01/30 10:07:34	"GET /uv2582fip2582inf210/technical_environment_home.html HTTP/1.1"
2519	2025/01/30 10:07:38	"GET /uv2582fip2582inf210/lecture_db_integrity.html HTTP/1.1"
2547	2025/01/30 10:07:41	"GET /uv2582fip2582inf210/practice_docker.html HTTP/1.1"
2531	2025/01/30 10:07:58	"GET /uv2582fip2582inf210/lecture_relational_algebra.html HTTP/1.1"
2543	2025/01/30 10:08:27	"GET /uv2582fip2582inf210/images/prerequisite_data/prerequisite_data_2025.html HTTP/1.1"
2543	2025/01/30 10:08:28	"GET /uv2582fip2582inf210/lecture_relational_model.html HTTP/1.1"
2531	2025/01/30 10:08:30	"GET /uv2582fip2582inf210/activity_relational_model.html HTTP/1.1"
2513	2025/01/30 10:09:08	"GET /uv2582fip2582inf210/activity_relational_model.html HTTP/1.1"
259	2025/01/30 10:09:28	"GET /uv2582fip2582inf210/practice_docker.html HTTP/1.1"
2554	2025/01/30 10:09:42	"GET /uv2582fip2582inf210/activity_relational_model.html HTTP/1.1"
258	2025/01/30 10:11:23	"GET /uv2582fip2582inf210/lecture_jpa.html HTTP/1.1"
252	2025/01/30 10:11:36	"GET /uv2582fip2582inf210/index.html HTTP/1.1"
252	2025/01/30 10:11:39	"GET /uv2582fip2582inf210/technical_environment_home.html HTTP/1.1"
2524	2025/01/30 10:11:40	"GET /uv2582fip2582inf210/lecture_conceptual_modeling.html HTTP/1.1"
252	2025/01/30 10:11:45	"GET /uv2582fip2582inf210/practice_postgresql.html HTTP/1.1"
2529	2025/01/30 10:11:50	"GET /uv2582fip2582inf210/technical_environment_home.html HTTP/1.1"
2529	2025/01/30 10:11:56	"GET /uv2582fip2582inf210/practice_postgresql.html HTTP/1.1"
2524	2025/01/30 10:11:58	"GET /uv2582fip2582inf210/lecture_normalization.html HTTP/1.1"
258	2025/01/30 10:12:09	"GET /uv2582fip2582inf210/data_home.html HTTP/1.1"
2550	2025/01/30 10:12:19	"GET /uv2582fip2582inf210/lecture_conceptual_modeling.html HTTP/1.1"
2514	2025/01/30 10:12:30	"GET /uv2582fip2582inf210/lecture_dto.html HTTP/1.1"
2515	2025/01/30 10:12:31	"GET /uv2582fip2582inf210/data_home.html HTTP/1.1"
258	2025/01/30 10:12:31	"GET /uv2582fip2582inf210/lecture_relational_model.html HTTP/1.1"
255	2025/01/30 10:12:32	"GET /uv2582fip2582inf210/activity_relational_model.html HTTP/1.1"
2545	2025/01/30 10:12:33	"GET /uv2582fip2582inf210/images/prerequisite_data/prerequisite_data_2025.html HTTP/1.1"
2515	2025/01/30 10:12:39	"GET /uv2582fip2582inf210/lecture_relational_model.html HTTP/1.1"
2515	2025/01/30 10:12:41	"GET /uv2582fip2582inf210/lecture_db_integrity.html HTTP/1.1"
2529	2025/01/30 10:12:51	"GET /uv2582fip2582inf210/practice_docker.html HTTP/1.1"
2533	2025/01/30 10:12:56	"GET /uv2582fip2582inf210/practice_docker.html HTTP/1.1"
2517	2025/01/30 10:13:13	"GET /uv2582fip2582inf210/data_home.html HTTP/1.1"
2517	2025/01/30 10:13:19	"GET /uv2582fip2582inf210/lecture_relational_model.html HTTP/1.1"
2517	2025/01/30 10:13:24	"GET /uv2582fip2582inf210/lecture_db_integrity.html HTTP/1.1"
2517	2025/01/30 10:13:29	"GET /uv2582fip2582inf210/activity_relational_model.html HTTP/1.1"
2545	2025/01/30 10:15:27	"GET /uv2582fip2582inf210/lecture_modeling_normalization.html HTTP/1.1"
2552	2025/01/30 10:18:03	"GET /uv2582fip2582inf210/activity_relational_model.html HTTP/1.1"
255	2025/01/30 10:18:49	"GET /uv2582fip2582inf210/lecture_relational_algebra.html HTTP/1.1"
2515	2025/01/30 10:19:11	"GET /uv2582fip2582inf210/practice_jpa.html HTTP/1.1"
2549	2025/01/30 10:22:22	"GET /uv2582fip2582inf210/activity_relational_model.html HTTP/1.1"
258	2025/01/30 10:22:28	"GET /uv2582fip2582inf210/practice_jpa.html HTTP/1.1"
2524	2025/01/30 10:22:51	"GET /uv2582fip2582inf210/activity_conceptual_modeling.html HTTP/1.1"
2519	2025/01/30 10:23:13	"GET /uv2582fip2582inf210/lecture_relational_algebra.html HTTP/1.1"
2547	2025/01/30 10:23:42	"GET /uv2582fip2582inf210/lecture_modeling_normalization.html HTTP/1.1"
2534	2025/01/30 10:24:32	"GET /uv2582fip2582inf210/practice_docker_advanced.html HTTP/1.1"
2545	2025/01/30 10:27:20	"GET /uv2582fip2582inf210/lecture_conceptual_modeling.html HTTP/1.1"
2519	2025/01/30 10:27:30	"GET /uv2582fip2582inf210/activity_relational_model.html HTTP/1.1"
2544	2025/01/30 10:29:24	"GET /uv2582fip2582inf210/activity_relational_model.html HTTP/1.1"
2534	2025/01/30 10:29:24	"GET /uv2582fip2582inf210/documentation_rdbms.html HTTP/1.1"
2541	2025/01/30 10:29:31	"GET /uv2582fip2582inf210/activity_relational_model.html HTTP/1.1"
255	2025/01/30 10:30:02	"GET /uv2582fip2582inf210/activity_relational_model_correction.html HTTP/1.1"
2534	2025/01/30 10:32:21	"GET /uv2582fip2582inf210/practice_postgresql.html HTTP/1.1"
2556	2025/01/30 10:33:33	"GET /uv2582fip2582inf210/activity_conceptual_modeling_advanced.html HTTP/1.1"
2547	2025/01/30 10:33:33	"GET /uv2582fip2582inf210/lecture_conceptual_modeling.html HTTP/1.1"
2551	2025/01/30 10:33:55	"GET /uv2582fip2582inf210/activity_relational_model.html HTTP/1.1"
2523	2025/01/30 10:34:22	"GET /uv2582fip2582inf210/practice_postgresql.html HTTP/1.1"
2523	2025/01/30 10:34:22	"GET /uv2582fip2582inf210/practice_postgresql.html HTTP/1.1"
2534	2025/01/30 10:34:50	"GET /uv2582fip2582inf210/web_architecture_home.html HTTP/1.1"
2522	2025/01/30 10:35:32	"GET /uv2582fip2582inf210/lecture_relational_model.html HTTP/1.1"
2522	2025/01/30 10:35:33	"GET /uv2582fip2582inf210/index.html HTTP/1.1"
2522	2025/01/30 10:35:39	"GET /uv2582fip2582inf210/technical_environment_home.html HTTP/1.1"
2522	2025/01/30 10:35:44	"GET /uv2582fip2582inf210/practice_postgresql.html HTTP/1.1"
2523	2025/01/30 10:40:09	"GET /uv2582fip2582inf210/documentation_rdbms.html HTTP/1.1"
2523	2025/01/30 10:40:09	"GET /uv2582fip2582inf210/documentation_rdbms.html HTTP/1.1"
2548	2025/01/30 10:40:10	"GET /uv2582fip2582inf210/technical_environment_home.html HTTP/1.1"
2548	2025/01/30 10:40:20	"GET /uv2582fip2582inf210/practice_postgresql.html HTTP/1.1"
2541	2025/01/30 10:44:47	"GET /uv2582fip2582inf210/activity_relational_model_correction.html HTTP/1.1"
2544	2025/01/30 10:45:02	"GET /uv2582fip2582inf210/activity_relational_model_correction.html HTTP/1.1"
2513	2025/01/30 10:45:23	"GET /uv2582fip2582inf210/activity_relational_model_correction.html HTTP/1.1"
2541	2025/01/30 10:46:37	"GET /uv2582fip2582inf210/images/prerequisite_data/prerequisite_data_2025.html HTTP/1.1"
259	2025/01/30 10:47:21	"GET /uv2582fip2582inf210/practice_docker_advanced.html HTTP/1.1"
2545	2025/01/30 10:47:26	"GET /uv2582fip2582inf210/activity_conceptual_modeling.html HTTP/1.1"
259	2025/01/30 10:47:51	"GET /uv2582fip2582inf210/documentation_rdbms.html HTTP/1.1"
2521	2025/01/30 11:02:51	"GET /uv2582fip2582inf210/practice_postgresql.html HTTP/1.1"
2521	2025/01/30 11:03:12	"GET /uv2582fip2582inf210/practice_docker_advanced.html HTTP/1.1"
2521	2025/01/30 11:03:18	"GET /uv2582fip2582inf210/practice_docker.html HTTP/1.1"
2521	2025/01/30 11:03:41	"GET /uv2582fip2582inf210/documentation_docker.html HTTP/1.1"
2546	2025/01/30 11:07:21	"GET /uv2582fip2582inf210/practice_postgresql.html HTTP/1.1"
2513	2025/01/30 11:08:28	"GET /uv2582fip2582inf210/lecture_modeling_normalization.html HTTP/1.1"
2523	2025/01/30 11:09:42	"GET /uv2582fip2582inf210/index.html HTTP/1.1"
2523	2025/01/30 11:09:42	"GET /uv2582fip2582inf210/index.html HTTP/1.1"
2523	2025/01/30 11:09:45	"GET /uv2582fip2582inf210/web_architecture_home.html HTTP/1.1"
2523	2025/01/30 11:09:45	"GET /uv2582fip2582inf210/web_architecture_home.html HTTP/1.1"
2523	2025/01/30 11:09:55	"GET /uv2582fip2582inf210/data_home.html HTTP/1.1"
2523	2025/01/30 11:09:55	"GET /uv2582fip2582inf210/data_home.html HTTP/1.1"
2523	2025/01/30 11:10:21	"GET /uv2582fip2582inf210/lecture_technical_architecture.html HTTP/1.1"
2523	2025/01/30 11:10:21	"GET /uv2582fip2582inf210/lecture_technical_architecture.html HTTP/1.1"
2524	2025/01/30 11:10:27	"GET /uv2582fip2582inf210/activity_conceptual_modeling_correction.html HTTP/1.1"
2523	2025/01/30 11:10:29	"GET /uv2582fip2582inf210/lecture_relational_model.html HTTP/1.1"
2523	2025/01/30 11:10:29	"GET /uv2582fip2582inf210/lecture_relational_model.html HTTP/1.1"
2545	2025/01/30 11:11:53	"GET /uv2582fip2582inf210/activity_sql.html HTTP/1.1"
2549	2025/01/30 11:13:26	"GET /uv2582fip2582inf210/activity_relational_model_correction.html HTTP/1.1"
2552	2025/01/30 11:13:28	"GET /uv2582fip2582inf210/lecture_modeling_normalization.html HTTP/1.1"
2552	2025/01/30 11:13:39	"GET /uv2582fip2582inf210/lecture_conceptual_modeling.html HTTP/1.1"
2552	2025/01/30 11:14:02	"GET /uv2582fip2582inf210/activity_sql.html HTTP/1.1"
2539	2025/01/30 11:14:09	"GET /uv2582fip2582inf210/activity_relational_model_correction.html HTTP/1.1"
2516	2025/01/30 11:15:18	"GET /uv2582fip2582inf210/activity_relational_model_correction.html HTTP/1.1"
2548	2025/01/30 11:15:42	"GET /uv2582fip2582inf210/documentation_rdbms.html HTTP/1.1"
2520	2025/01/30 11:16:33	"GET /uv2582fip2582inf210/activity_relational_model_correction.html HTTP/1.1"
2516	2025/01/30 11:17:42	"GET /uv2582fip2582inf210/lecture_modeling_normalization.html HTTP/1.1"
2513	2025/01/30 11:17:56	"GET /uv2582fip2582inf210/lecture_conceptual_modeling.html HTTP/1.1"
2523	2025/01/30 11:18:16	"GET /uv2582fip2582inf210/lecture_db_integrity.html HTTP/1.1"
2523	2025/01/30 11:18:17	"GET /uv2582fip2582inf210/lecture_db_integrity.html HTTP/1.1"
2520	2025/01/30 11:18:20	"GET /uv2582fip2582inf210/lecture_modeling_normalization.html HTTP/1.1"
2516	2025/01/30 11:18:36	"GET /uv2582fip2582inf210/PresentationUVINF210/pres.html HTTP/1.1"
2522	2025/01/30 11:19:47	"GET /uv2582fip2582inf210/lecture_db_integrity.html HTTP/1.1"
2547	2025/01/30 11:20:19	"GET /uv2582fip2582inf210/activity_conceptual_modeling.html HTTP/1.1"
259	2025/01/30 11:20:24	"GET /uv2582fip2582inf210/documentation_rdbms.html HTTP/1.1"
259	2025/01/30 11:20:34	"GET /uv2582fip2582inf210/practice_postgresql.html HTTP/1.1"
2539	2025/01/30 11:21:04	"GET /uv2582fip2582inf210/lecture_modeling_normalization.html HTTP/1.1"
2510	2025/01/30 11:21:26	"GET /uv2582fip2582inf210/lecture_modeling_normalization.html HTTP/1.1"
2552	2025/01/30 11:22:07	"GET /uv2582fip2582inf210/lecture_db_tools.html HTTP/1.1"
2552	2025/01/30 11:22:15	"GET /uv2582fip2582inf210/bd_cours_partie1_bigdata.html HTTP/1.1"
2552	2025/01/30 11:22:22	"GET /uv2582fip2582inf210/bd_cours_partie1_bigdata.html HTTP/1.1"
2515	2025/01/30 11:23:52	"GET /uv2582fip2582inf210/practice_jpa_advanced.html HTTP/1.1"
2517	2025/01/30 11:24:00	"GET /uv2582fip2582inf210/lecture_json.html HTTP/1.1"
2548	2025/01/30 11:24:35	"GET /uv2582fip2582inf210/index.html HTTP/1.1"
2552	2025/01/30 11:24:53	"GET /uv2582fip2582inf210/practice_sql.html HTTP/1.1"
2539	2025/01/30 11:25:27	"GET /uv2582fip2582inf210/lecture_conceptual_modeling.html HTTP/1.1"
2510	2025/01/30 11:28:48	"GET /uv2582fip2582inf210/lecture_conceptual_modeling.html HTTP/1.1"
259	2025/01/30 11:29:47	"GET /uv2582fip2582inf210/practice_docker_advanced.html HTTP/1.1"
259	2025/01/30 11:29:49	"GET /uv2582fip2582inf210/practice_docker.html HTTP/1.1"
259	2025/01/30 11:29:49	"GET /uv2582fip2582inf210/documentation_docker.html HTTP/1.1"
259	2025/01/30 11:30:02	"GET /uv2582fip2582inf210/web_architecture_home.html HTTP/1.1"
2517	2025/01/30 11:33:18	"GET /uv2582fip2582inf210/practice_json.html HTTP/1.1"
2515	2025/01/30 11:33:36	"GET /uv2582fip2582inf210/practice_spring_2tiers.html HTTP/1.1"
2516	2025/01/30 11:34:00	"GET /uv2582fip2582inf210/lecture_conceptual_modeling.html HTTP/1.1"
259	2025/01/30 11:34:36	"GET /uv2582fip2582inf210/data_home.html HTTP/1.1"
259	2025/01/30 11:35:02	"GET /uv2582fip2582inf210/web_architecture_home.html HTTP/1.1"
259	2025/01/30 11:35:16	"GET /uv2582fip2582inf210/lecture_technical_architecture.html HTTP/1.1"
259	2025/01/30 11:35:41	"GET /uv2582fip2582inf210/lecture_software_architecture.html HTTP/1.1"
259	2025/01/30 11:36:03	"GET /uv2582fip2582inf210/lecture_dto.html HTTP/1.1"
259	2025/01/30 11:36:16	"GET /uv2582fip2582inf210/lecture_xml.html HTTP/1.1"
259	2025/01/30 11:37:15	"GET /uv2582fip2582inf210/lecture_mvc_spring.html HTTP/1.1"
2523	2025/01/30 11:38:57	"GET /uv2582fip2582inf210/activity_relational_model.html HTTP/1.1"
2523	2025/01/30 11:38:57	"GET /uv2582fip2582inf210/activity_relational_model.html HTTP/1.1"
2522	2025/01/30 11:41:08	"GET /uv2582fip2582inf210/lecture_relational_algebra.html HTTP/1.1"
2522	2025/01/30 11:41:13	"GET /uv2582fip2582inf210/activity_relational_model.html HTTP/1.1"
2520	2025/01/30 11:44:33	"GET /uv2582fip2582inf210/lecture_conceptual_modeling.html HTTP/1.1"
2520	2025/01/30 11:44:41	"GET /uv2582fip2582inf210/activity_conceptual_modeling.html HTTP/1.1"
2553	2025/01/30 11:44:55	"GET /uv2582fip2582inf210/documentation_rdbms.html HTTP/1.1"
2524	2025/01/30 11:45:15	"GET /uv2582fip2582inf210/activity_normalization.html HTTP/1.1"
2542	2025/01/30 11:46:15	"GET /uv2582fip2582inf210/activity_relational_model_correction.html HTTP/1.1"
2531	2025/01/30 11:48:25	"GET /uv2582fip2582inf210/activity_relational_model_correction.html HTTP/1.1"
2516	2025/01/30 11:48:42	"GET /uv2582fip2582inf210/activity_conceptual_modeling.html HTTP/1.1"
2516	2025/01/30 11:48:57	"GET /uv2582fip2582inf210/lecture_normalization.html HTTP/1.1"
2528	2025/01/30 11:49:53	"GET /uv2582fip2582inf210/activity_conceptual_modeling.html HTTP/1.1"
2542	2025/01/30 11:49:56	"GET /uv2582fip2582inf210/index.html HTTP/1.1"
2542	2025/01/30 11:50:10	"GET /uv2582fip2582inf210/lecture_modeling_normalization.html HTTP/1.1"
2516	2025/01/30 11:50:16	"GET /uv2582fip2582inf210/activity_conceptual_modeling_correction.html HTTP/1.1"
2540	2025/01/30 11:50:20	"GET /uv2582fip2582inf210/index.html HTTP/1.1"
2528	2025/01/30 11:50:27	"GET /uv2582fip2582inf210/lecture_modeling_normalization.html HTTP/1.1"
2540	2025/01/30 11:51:01	"GET /uv2582fip2582inf210/activity_sql.html HTTP/1.1"
2530	2025/01/30 11:51:17	"GET /uv2582fip2582inf210/lecture_modeling_normalization.html HTTP/1.1"
2548	2025/01/30 11:51:22	"GET /uv2582fip2582inf210/lecture_relational_model.html HTTP/1.1"
2540	2025/01/30 11:51:33	"GET /uv2582fip2582inf210/practice_sql.html HTTP/1.1"
255	2025/01/30 11:51:34	"GET /uv2582fip2582inf210/lecture_modeling_normalization.html HTTP/1.1"
2540	2025/01/30 11:51:40	"GET /uv2582fip2582inf210/practice_advanced_sql.html HTTP/1.1"
2549	2025/01/30 11:51:59	"GET /uv2582fip2582inf210/lecture_relational_algebra.html HTTP/1.1"
259	2025/01/30 11:52:00	"GET /uv2582fip2582inf210/data_home.html HTTP/1.1"
259	2025/01/30 11:52:03	"GET /uv2582fip2582inf210/project_home.html HTTP/1.1"
2549	2025/01/30 11:52:15	"GET /uv2582fip2582inf210/lecture_modeling_normalization.html HTTP/1.1"
2528	2025/01/30 11:52:25	"GET /uv2582fip2582inf210/lecture_conceptual_modeling.html HTTP/1.1"
2540	2025/01/30 11:52:28	"GET /uv2582fip2582inf210/technical_environment_home.html HTTP/1.1"
2549	2025/01/30 11:52:28	"GET /uv2582fip2582inf210/activity_conceptual_modeling.html HTTP/1.1"
2540	2025/01/30 11:52:35	"GET /uv2582fip2582inf210/web_architecture_home.html HTTP/1.1"
2524	2025/01/30 11:53:44	"GET /uv2582fip2582inf210/activity_normalization_correction.html HTTP/1.1"
2542	2025/01/30 11:54:08	"GET /uv2582fip2582inf210/lecture_conceptual_modeling.html HTTP/1.1"
2530	2025/01/30 11:54:42	"GET /uv2582fip2582inf210/lecture_conceptual_modeling.html HTTP/1.1"
2513	2025/01/30 11:55:12	"GET /uv2582fip2582inf210/activity_conceptual_modeling.html HTTP/1.1"
2526	2025/01/30 11:56:00	"GET /uv2582fip2582inf210/activity_relational_model_correction.html HTTP/1.1"
2528	2025/01/30 11:56:09	"GET /uv2582fip2582inf210/activity_relational_model_correction.html HTTP/1.1"
2540	2025/01/30 11:58:52	"GET /uv2582fip2582inf210/images/prerequisite_archiweb/prerequisite_archiweb_2025.html HTTP/1.1"
2528	2025/01/30 11:59:47	"GET /uv2582fip2582inf210/index.html HTTP/1.1"
2546	2025/01/30 12:00:55	"GET /uv2582fip2582inf210/practice_docker_advanced.html HTTP/1.1"
2548	2025/01/30 12:00:57	"GET /uv2582fip2582inf210/lecture_db_integrity.html HTTP/1.1"
2517	2025/01/30 12:02:34	"GET /uv2582fip2582inf210/project_home.html HTTP/1.1"
258	2025/01/30 12:02:57	"GET /uv2582fip2582inf210/practice_jpa_advanced.html HTTP/1.1"
2556	2025/01/30 12:04:01	"GET /uv2582fip2582inf210/activity_conceptual_modeling_advanced_correction.html HTTP/1.1"
257	2025/01/30 12:04:37	"GET /uv2582fip2582inf210/activity_relational_model_correction.html HTTP/1.1"
2511	2025/01/30 12:04:41	"GET /uv2582fip2582inf210/activity_relational_model_correction.html HTTP/1.1"
2515	2025/01/30 12:04:49	"GET /uv2582fip2582inf210/lecture_validity.html HTTP/1.1"
2542	2025/01/30 12:05:01	"GET /uv2582fip2582inf210/activity_conceptual_modeling.html HTTP/1.1"
2530	2025/01/30 12:05:48	"GET /uv2582fip2582inf210/activity_conceptual_modeling.html HTTP/1.1"
2534	2025/01/30 12:06:09	"GET /uv2582fip2582inf210/lecture_software_architecture.html HTTP/1.1"
2514	2025/01/30 12:07:40	"GET /uv2582fip2582inf210/lecture_modeling_normalization.html HTTP/1.1"
2514	2025/01/30 12:08:56	"GET /uv2582fip2582inf210/activity_relational_model_correction.html HTTP/1.1"
2554	2025/01/30 12:09:11	"GET /uv2582fip2582inf210/activity_relational_model_correction.html HTTP/1.1"
2515	2025/01/30 12:09:54	"GET /uv2582fip2582inf210/lecture_xpath.html HTTP/1.1"
258	2025/01/30 12:10:39	"GET /uv2582fip2582inf210/practice_spring_2tiers.html HTTP/1.1"
2515	2025/01/30 12:10:57	"GET /uv2582fip2582inf210/lecture_parser.html HTTP/1.1"
2534	2025/01/30 12:11:19	"GET /uv2582fip2582inf210/lecture_dto.html HTTP/1.1"
2515	2025/01/30 12:11:30	"GET /uv2582fip2582inf210/lecture_jaxb.html HTTP/1.1"
2515	2025/01/30 12:11:34	"GET /uv2582fip2582inf210/practice_xml.html HTTP/1.1"
2526	2025/01/30 12:12:35	"GET /uv2582fip2582inf210/project_home.html HTTP/1.1"
2526	2025/01/30 12:12:58	"GET /uv2582fip2582inf210/lecture_modeling_normalization.html HTTP/1.1"
255	2025/01/30 12:13:43	"GET /uv2582fip2582inf210/activity_conceptual_modeling.html HTTP/1.1"
2521	2025/01/30 12:19:31	"GET /uv2582fip2582inf210/documentation_programming.html HTTP/1.1"
2521	2025/01/30 12:20:59	"GET /uv2582fip2582inf210/practice_spring.html HTTP/1.1"
255	2025/01/30 12:40:49	"GET /uv2582fip2582inf210/index.html HTTP/1.1"
255	2025/01/30 13:06:19	"GET /uv2582fip2582inf210/web_architecture_home.html HTTP/1.1"
2544	2025/01/30 14:18:31	"GET /uv2582fip2582inf210/activity_relational_model_correction.html HTTP/1.1"
2544	2025/01/30 14:19:12	"GET /uv2582fip2582inf210/index.html HTTP/1.1"
2557	2025/01/30 14:28:57	"GET /uv2582fip2582inf210/data_home.html HTTP/1.1"
2557	2025/01/30 14:29:07	"GET /uv2582fip2582inf210/images/prerequisite_data/prerequisite_data_2025.html HTTP/1.1"
2557	2025/01/30 14:55:39	"GET /uv2582fip2582inf210/activity_relational_model_correction.html HTTP/1.1"
2556	2025/01/30 15:08:42	"GET /uv2582fip2582inf210/lecture_normalization.html HTTP/1.1"
2527	2025/01/30 15:27:11	"GET /uv2582fip2582inf210/technical_environment_home.html HTTP/1.1"
2527	2025/01/30 15:27:16	"GET /uv2582fip2582inf210/inversion_of_control.html HTTP/1.1"
2527	2025/01/30 15:27:18	"GET /uv2582fip2582inf210/spring_bean.html HTTP/1.1"
2527	2025/01/30 15:29:43	"GET /uv2582fip2582inf210/practice_spring.html HTTP/1.1"
2556	2025/01/30 15:47:51	"GET /uv2582fip2582inf210/activity_normalization.html HTTP/1.1"
2529	2025/01/30 16:35:32	"GET /uv2582fip2582inf210/lecture_relational_algebra.html HTTP/1.1"
2529	2025/01/30 16:51:13	"GET /uv2582fip2582inf210/activity_relational_model_correction.html HTTP/1.1"
2527	2025/01/30 16:55:46	"GET /uv2582fip2582inf210/index.html HTTP/1.1"
2527	2025/01/30 16:55:54	"GET /uv2582fip2582inf210/web_architecture_home.html HTTP/1.1"
2527	2025/01/30 17:00:07	"GET /uv2582fip2582inf210/images/prerequisite_archiweb/prerequisite_archiweb_2025.html HTTP/1.1"
2527	2025/01/30 17:01:05	"GET /uv2582fip2582inf210/lecture_technical_architecture.html HTTP/1.1"
2529	2025/01/30 17:05:01	"GET /uv2582fip2582inf210/project_home.html HTTP/1.1"
2529	2025/01/30 17:07:42	"GET /uv2582fip2582inf210/web_architecture_home.html HTTP/1.1"
2543	2025/01/30 20:44:21	"GET /uv2582fip2582inf210/index.html HTTP/1.1"
2543	2025/01/30 20:44:26	"GET /uv2582fip2582inf210/images/prerequisite_data/prerequisite_data_2025.html HTTP/1.1"
2543	2025/01/30 20:45:35	"GET /uv2582fip2582inf210/lecture_relational_model.html HTTP/1.1"
2543	2025/01/30 20:50:53	"GET /uv2582fip2582inf210/lecture_db_integrity.html HTTP/1.1"
2543	2025/01/30 20:56:22	"GET /uv2582fip2582inf210/activity_relational_model.html HTTP/1.1"
2543	2025/01/30 21:05:49	"GET /uv2582fip2582inf210/activity_relational_model_correction.html HTTP/1.1"
2541	2025/01/30 22:14:54	"GET /uv2582fip2582inf210/lecture_modeling_normalization.html HTTP/1.1"
2541	2025/01/30 22:14:58	"GET /uv2582fip2582inf210/lecture_relational_algebra.html HTTP/1.1"
2548	2025/01/30 23:18:34	"GET /uv2582fip2582inf210/practice_docker.html HTTP/1.1"
2558	2025/01/30 23:34:32	"GET /uv2582fip2582inf210/technical_environment_home.html HTTP/1.1"
2558	2025/01/30 23:34:49	"GET /uv2582fip2582inf210/project_home.html HTTP/1.1"
2558	2025/01/30 23:34:54	"GET /uv2582fip2582inf210/web_architecture_home.html HTTP/1.1"
2558	2025/01/30 23:34:57	"GET /uv2582fip2582inf210/lecture_technical_architecture.html HTTP/1.1"
2558	2025/01/30 23:35:02	"GET /uv2582fip2582inf210/practice_jpa_advanced.html HTTP/1.1"
2558	2025/01/30 23:35:05	"GET /uv2582fip2582inf210/practice_spring_2tiers.html HTTP/1.1"
2558	2025/01/30 23:35:23	"GET /uv2582fip2582inf210/practice_postgresql.html HTTP/1.1"
2558	2025/01/30 23:35:33	"GET /uv2582fip2582inf210/data_home.html HTTP/1.1"
2558	2025/01/30 23:35:35	"GET /uv2582fip2582inf210/lecture_relational_model.html HTTP/1.1"
2558	2025/01/30 23:35:51	"GET /uv2582fip2582inf210/lecture_modeling_normalization.html HTTP/1.1"
2558	2025/01/30 23:36:07	"GET /uv2582fip2582inf210/activity_sql.html HTTP/1.1"
2558	2025/01/30 23:36:15	"GET /uv2582fip2582inf210/activity_conceptual_modeling.html HTTP/1.1"
2558	2025/01/30 23:36:23	"GET /uv2582fip2582inf210/lecture_conceptual_modeling.html HTTP/1.1"
2558	2025/01/30 23:36:32	"GET /uv2582fip2582inf210/activity_relational_model.html HTTP/1.1"
2541	2025/01/25 10:08:27	"GET /uv2582fip2582inf210/practice_docker.html HTTP/1.1"
2541	2025/01/25 10:08:44	"GET /uv2582fip2582inf210/practice_docker_advanced.html HTTP/1.1"
2541	2025/01/25 10:30:48	"GET /uv2582fip2582inf210/documentation_rdbms.html HTTP/1.1"
2541	2025/01/25 10:31:05	"GET /uv2582fip2582inf210/technical_environment_home.html HTTP/1.1"
2541	2025/01/25 10:31:45	"GET /uv2582fip2582inf210/documentation_programming.html HTTP/1.1"
2541	2025/01/25 10:35:27	"GET /uv2582fip2582inf210/practice_postgresql.html HTTP/1.1"
2541	2025/01/25 13:29:01	"GET /uv2582fip2582inf210/technical_environment_home.html HTTP/1.1"
2541	2025/01/25 13:29:08	"GET /uv2582fip2582inf210/documentation_programming.html HTTP/1.1"
2541	2025/01/25 13:33:25	"GET /uv2582fip2582inf210/practice_spring.html HTTP/1.1"
2541	2025/01/25 13:33:29	"GET /uv2582fip2582inf210/inversion_of_control.html HTTP/1.1"
2541	2025/01/25 13:34:27	"GET /uv2582fip2582inf210/web_architecture_home.html HTTP/1.1"
2541	2025/01/25 13:34:50	"GET /uv2582fip2582inf210/data_home.html HTTP/1.1"
2541	2025/01/25 13:35:09	"GET /uv2582fip2582inf210/project_home.html HTTP/1.1"
2541	2025/01/25 13:40:27	"GET /uv2582fip2582inf210/spring_bean.html HTTP/1.1"
2558	2025/01/25 20:39:21	"GET /uv2582fip2582inf210/technical_environment_home.html HTTP/1.1"
2558	2025/01/25 20:41:07	"GET /uv2582fip2582inf210/images/prerequisite_techenv/prerequisite_techenv_2025.html HTTP/1.1"
2558	2025/01/25 20:42:52	"GET /uv2582fip2582inf210/web_architecture_home.html HTTP/1.1"
2558	2025/01/25 21:06:51	"GET /uv2582fip2582inf210/documentation_docker.html HTTP/1.1"
2558	2025/01/25 21:14:41	"GET /uv2582fip2582inf210/practice_docker.html HTTP/1.1"
2558	2025/01/25 21:27:46	"GET /uv2582fip2582inf210/practice_postgresql.html HTTP/1.1"
2558	2025/01/25 21:41:14	"GET /uv2582fip2582inf210/practice_docker_advanced.html HTTP/1.1"
2558	2025/01/25 21:50:14	"GET /uv2582fip2582inf210/documentation_rdbms.html HTTP/1.1"
2558	2025/01/25 21:50:26	"GET /uv2582fip2582inf210/documentation_programming.html HTTP/1.1"
2558	2025/01/25 21:51:52	"GET /uv2582fip2582inf210/practice_spring.html HTTP/1.1"
2558	2025/01/25 22:35:08	"GET /uv2582fip2582inf210/index.html HTTP/1.1"
255	2025/03/09 10:01:57	"GET /uv2582fip2582inf210/index.html HTTP/1.1"
255	2025/03/09 10:01:59	"GET /uv2582fip2582inf210/project_presentation.html HTTP/1.1"
255	2025/03/09 10:02:05	"GET /uv2582fip2582inf210/project_specifications.html HTTP/1.1"
2514	2025/03/09 10:19:10	"GET /uv2582fip2582inf210/project_specifications.html HTTP/1.1"
2529	2025/03/09 10:59:49	"GET /uv2582fip2582inf210/project_specifications.html HTTP/1.1"
2529	2025/03/09 10:59:55	"GET /uv2582fip2582inf210/project_structureui.html HTTP/1.1"
2529	2025/03/09 11:00:03	"GET /uv2582fip2582inf210/project_part3.html HTTP/1.1"
2543	2025/03/09 11:08:32	"GET /uv2582fip2582inf210/index.html HTTP/1.1"
2543	2025/03/09 11:08:36	"GET /uv2582fip2582inf210/project_presentation.html HTTP/1.1"
2529	2025/03/09 11:10:19	"GET /uv2582fip2582inf210/project_evaluation.html HTTP/1.1"
2570	2025/03/09 14:27:06	"GET /uv2582fip2582inf210/web_architecture_home.html HTTP/1.1"
2570	2025/03/09 14:27:08	"GET /uv2582fip2582inf210/project_presentation.html HTTP/1.1"
2570	2025/03/09 14:27:10	"GET /uv2582fip2582inf210/project_part2.html HTTP/1.1"
2536	2025/03/09 15:06:44	"GET /uv2582fip2582inf210/project_part2.html HTTP/1.1"
2536	2025/03/09 15:06:51	"GET /uv2582fip2582inf210/project_part2.html HTTP/1.1"
2554	2025/03/09 15:28:28	"GET /uv2582fip2582inf210/project_part2.html HTTP/1.1"
2527	2025/03/09 16:18:02	"GET /uv2582fip2582inf210/project_presentation.html HTTP/1.1"
2527	2025/03/09 16:18:12	"GET /uv2582fip2582inf210/project_specifications.html HTTP/1.1"
2522	2025/03/09 16:26:41	"GET /uv2582fip2582inf210/project_presentation.html HTTP/1.1"
2522	2025/03/09 16:26:48	"GET /uv2582fip2582inf210/project_specifications.html HTTP/1.1"
2527	2025/03/09 17:04:15	"GET /uv2582fip2582inf210/index.html HTTP/1.1"
2521	2025/03/09 17:55:35	"GET /uv2582fip2582inf210/project_presentation.html HTTP/1.1"
2521	2025/03/09 17:55:38	"GET /uv2582fip2582inf210/project_part2.html HTTP/1.1"
2550	2025/03/09 18:22:32	"GET /uv2582fip2582inf210/project_presentation.html HTTP/1.1"
2550	2025/03/09 18:22:50	"GET /uv2582fip2582inf210/project_part2.html HTTP/1.1"
2510	2025/03/09 19:43:53	"GET /uv2582fip2582inf210/project_presentation.html HTTP/1.1"
2510	2025/03/09 19:43:55	"GET /uv2582fip2582inf210/project_part3.html HTTP/1.1"
2510	2025/03/09 19:45:14	"GET /uv2582fip2582inf210/project_specifications.html HTTP/1.1"
2536	2025/03/09 20:16:36	"GET /uv2582fip2582inf210/project_part2.html HTTP/1.1"
2536	2025/03/09 20:32:42	"GET /uv2582fip2582inf210/project_part3.html HTTP/1.1"
2536	2025/03/09 20:32:48	"GET /uv2582fip2582inf210/project_structureui.html HTTP/1.1"
2569	2025/03/09 20:44:15	"GET /uv2582fip2582inf210/project_presentation.html HTTP/1.1"
2569	2025/03/09 20:44:18	"GET /uv2582fip2582inf210/project_part2.html HTTP/1.1"
2525	2025/03/09 21:25:15	"GET /uv2582fip2582inf210/project_presentation.html HTTP/1.1"
2525	2025/03/09 21:25:20	"GET /uv2582fip2582inf210/project_presentation.html HTTP/1.1"
2525	2025/03/09 21:25:32	"GET /uv2582fip2582inf210/project_part2.html HTTP/1.1"
2525	2025/03/09 21:25:37	"GET /uv2582fip2582inf210/project_part2.html HTTP/1.1"
2558	2025/03/09 21:56:48	"GET /uv2582fip2582inf210/project_presentation.html HTTP/1.1"
2558	2025/03/09 21:56:51	"GET /uv2582fip2582inf210/project_part1.html HTTP/1.1"
2558	2025/03/09 21:56:56	"GET /uv2582fip2582inf210/project_evaluation.html HTTP/1.1"
2558	2025/03/09 21:57:34	"GET /uv2582fip2582inf210/index.html HTTP/1.1"
2558	2025/03/09 22:01:36	"GET /uv2582fip2582inf210/project_part2.html HTTP/1.1"
258	2025/03/09 22:12:45	"GET /uv2582fip2582inf210/project_specifications.html HTTP/1.1"
2558	2025/03/09 22:14:27	"GET /uv2582fip2582inf210/project_part3.html HTTP/1.1"
2558	2025/03/09 22:14:30	"GET /uv2582fip2582inf210/project_structureui.html HTTP/1.1"
2558	2025/03/09 22:14:52	"GET /uv2582fip2582inf210/project_task_time.html HTTP/1.1"
2558	2025/03/09 22:23:54	"GET /uv2582fip2582inf210/technical_environment_home.html HTTP/1.1"
2558	2025/03/09 22:23:57	"GET /uv2582fip2582inf210/practice_spring.html HTTP/1.1"
252	2025/02/17 08:08:21	"GET /uv2582fip2582inf210/index.html HTTP/1.1"
252	2025/02/17 08:08:26	"GET /uv2582fip2582inf210/data_home.html HTTP/1.1"
252	2025/02/17 08:08:42	"GET /uv2582fip2582inf210/lecture_relational_model.html HTTP/1.1"
252	2025/02/17 08:08:56	"GET /uv2582fip2582inf210/lecture_db_integrity.html HTTP/1.1"
252	2025/02/17 08:09:07	"GET /uv2582fip2582inf210/activity_relational_model.html HTTP/1.1"
252	2025/02/17 08:10:52	"GET /uv2582fip2582inf210/lecture_modeling_normalization.html HTTP/1.1"
252	2025/02/17 08:11:11	"GET /uv2582fip2582inf210/lecture_conceptual_modeling.html HTTP/1.1"
252	2025/02/17 08:11:42	"GET /uv2582fip2582inf210/activity_conceptual_modeling.html HTTP/1.1"
252	2025/02/17 08:11:56	"GET /uv2582fip2582inf210/lecture_normalization.html HTTP/1.1"
252	2025/02/17 08:12:12	"GET /uv2582fip2582inf210/activity_normalization.html HTTP/1.1"
253	2025/02/17 12:36:16	"GET /uv2582fip2582inf210/data_home.html HTTP/1.1"
253	2025/02/17 12:36:17	"GET /uv2582fip2582inf210/images/prerequisite_data/prerequisite_data_2025.html HTTP/1.1"
253	2025/02/17 12:36:21	"GET /uv2582fip2582inf210/practice_sql.html HTTP/1.1"
252	2025/02/17 13:31:42	"GET /uv2582fip2582inf210/index.html HTTP/1.1"
255	2025/02/17 14:04:19	"GET /uv2582fip2582inf210/index.html HTTP/1.1"
255	2025/02/17 14:04:25	"GET /uv2582fip2582inf210/web_architecture_home.html HTTP/1.1"
258	2025/02/17 14:05:06	"GET /uv2582fip2582inf210/practice_spring_2tiers.html HTTP/1.1"
256	2025/02/17 14:05:12	"GET /uv2582fip2582inf210/project_home.html HTTP/1.1"
255	2025/02/17 14:05:19	"GET /uv2582fip2582inf210/data_home.html HTTP/1.1"
256	2025/02/17 14:05:19	"GET /uv2582fip2582inf210/data_home.html HTTP/1.1"
258	2025/02/17 14:05:20	"GET /uv2582fip2582inf210/index.html HTTP/1.1"
258	2025/02/17 14:05:22	"GET /uv2582fip2582inf210/project_home.html HTTP/1.1"
259	2025/02/17 14:08:20	"GET /uv2582fip2582inf210/data_home.html HTTP/1.1"
257	2025/02/17 14:08:26	"GET /uv2582fip2582inf210/data_home.html HTTP/1.1"
257	2025/02/17 14:08:29	"GET /uv2582fip2582inf210/lecture_modeling_normalization.html HTTP/1.1"
259	2025/02/17 14:08:29	"GET /uv2582fip2582inf210/lecture_modeling_normalization.html HTTP/1.1"
259	2025/02/17 14:08:35	"GET /uv2582fip2582inf210/activity_conceptual_modeling.html HTTP/1.1"
257	2025/02/17 14:08:40	"GET /uv2582fip2582inf210/lecture_conceptual_modeling.html HTTP/1.1"
256	2025/02/17 14:09:00	"GET /uv2582fip2582inf210/activity_conceptual_modeling.html HTTP/1.1"
256	2025/02/17 14:09:05	"GET /uv2582fip2582inf210/lecture_normalization.html HTTP/1.1"
2511	2025/02/17 14:09:08	"GET /uv2582fip2582inf210/data_home.html HTTP/1.1"
2511	2025/02/17 14:09:20	"GET /uv2582fip2582inf210/lecture_relational_model.html HTTP/1.1"
2512	2025/02/17 14:09:22	"GET /uv2582fip2582inf210/lecture_technical_architecture.html HTTP/1.1"
2513	2025/02/17 14:09:26	"GET /uv2582fip2582inf210/data_home.html HTTP/1.1"
2512	2025/02/17 14:09:26	"GET /uv2582fip2582inf210/index.html HTTP/1.1"
2513	2025/02/17 14:09:27	"GET /uv2582fip2582inf210/images/prerequisite_data/prerequisite_data_2025.html HTTP/1.1"
259	2025/02/17 14:09:28	"GET /uv2582fip2582inf210/lecture_conceptual_modeling.html HTTP/1.1"
2513	2025/02/17 14:09:31	"GET /uv2582fip2582inf210/web_architecture_home.html HTTP/1.1"
2513	2025/02/17 14:09:31	"GET /uv2582fip2582inf210/images/prerequisite_archiweb/prerequisite_archiweb_2025.html HTTP/1.1"
2511	2025/02/17 14:09:33	"GET /uv2582fip2582inf210/lecture_db_integrity.html HTTP/1.1"
2512	2025/02/17 14:09:36	"GET /uv2582fip2582inf210/technical_environment_home.html HTTP/1.1"
2514	2025/02/17 14:09:40	"GET /uv2582fip2582inf210/technical_environment_home.html HTTP/1.1"
2514	2025/02/17 14:09:43	"GET /uv2582fip2582inf210/web_architecture_home.html HTTP/1.1"
2511	2025/02/17 14:09:44	"GET /uv2582fip2582inf210/activity_relational_model.html HTTP/1.1"
2512	2025/02/17 14:09:50	"GET /uv2582fip2582inf210/web_architecture_home.html HTTP/1.1"
2514	2025/02/17 14:09:54	"GET /uv2582fip2582inf210/lecture_technical_architecture.html HTTP/1.1"
2515	2025/02/17 14:10:03	"GET /uv2582fip2582inf210/data_home.html HTTP/1.1"
2514	2025/02/17 14:10:04	"GET /uv2582fip2582inf210/lecture_software_architecture.html HTTP/1.1"
2516	2025/02/17 14:10:08	"GET /uv2582fip2582inf210/data_home.html HTTP/1.1"
257	2025/02/17 14:10:09	"GET /uv2582fip2582inf210/lecture_relational_model.html HTTP/1.1"
2515	2025/02/17 14:10:09	"GET /uv2582fip2582inf210/lecture_modeling_normalization.html HTTP/1.1"
2515	2025/02/17 14:10:11	"GET /uv2582fip2582inf210/lecture_conceptual_modeling.html HTTP/1.1"
2511	2025/02/17 14:10:16	"GET /uv2582fip2582inf210/lecture_modeling_normalization.html HTTP/1.1"
2515	2025/02/17 14:10:17	"GET /uv2582fip2582inf210/activity_conceptual_modeling.html HTTP/1.1"
2512	2025/02/17 14:10:20	"GET /uv2582fip2582inf210/data_home.html HTTP/1.1"
2516	2025/02/17 14:10:21	"GET /uv2582fip2582inf210/activity_normalization.html HTTP/1.1"
2511	2025/02/17 14:10:23	"GET /uv2582fip2582inf210/lecture_conceptual_modeling.html HTTP/1.1"
2517	2025/02/17 14:10:37	"GET /uv2582fip2582inf210/technical_environment_home.html HTTP/1.1"
2512	2025/02/17 14:10:38	"GET /uv2582fip2582inf210/lecture_conceptual_modeling.html HTTP/1.1"
257	2025/02/17 14:10:39	"GET /uv2582fip2582inf210/lecture_normalization.html HTTP/1.1"
2518	2025/02/17 14:10:58	"GET /uv2582fip2582inf210/index.html HTTP/1.1"
2518	2025/02/17 14:11:11	"GET /uv2582fip2582inf210/data_home.html HTTP/1.1"
2518	2025/02/17 14:11:14	"GET /uv2582fip2582inf210/images/prerequisite_data/prerequisite_data_2025.html HTTP/1.1"
2517	2025/02/17 14:11:15	"GET /uv2582fip2582inf210/index.html HTTP/1.1"
2516	2025/02/17 14:11:15	"GET /uv2582fip2582inf210/lecture_conceptual_modeling.html HTTP/1.1"
2518	2025/02/17 14:11:18	"GET /uv2582fip2582inf210/lecture_conceptual_modeling.html HTTP/1.1"
2517	2025/02/17 14:11:20	"GET /uv2582fip2582inf210/data_home.html HTTP/1.1"
2516	2025/02/17 14:11:33	"GET /uv2582fip2582inf210/activity_conceptual_modeling.html HTTP/1.1"
2516	2025/02/17 14:11:37	"GET /uv2582fip2582inf210/activity_conceptual_modeling_correction.html HTTP/1.1"
2520	2025/02/17 14:12:37	"GET /uv2582fip2582inf210/web_architecture_home.html HTTP/1.1"
2520	2025/02/17 14:12:46	"GET /uv2582fip2582inf210/practice_xml.html HTTP/1.1"
2520	2025/02/17 14:12:51	"GET /uv2582fip2582inf210/lecture_json.html HTTP/1.1"
2520	2025/02/17 14:12:55	"GET /uv2582fip2582inf210/practice_json.html HTTP/1.1"
2520	2025/02/17 14:13:00	"GET /uv2582fip2582inf210/practice_jpa.html HTTP/1.1"
2520	2025/02/17 14:13:31	"GET /uv2582fip2582inf210/data_home.html HTTP/1.1"
2521	2025/02/17 14:13:34	"GET /uv2582fip2582inf210/data_home.html HTTP/1.1"
2521	2025/02/17 14:13:36	"GET /uv2582fip2582inf210/images/prerequisite_data/prerequisite_data_2025.html HTTP/1.1"
2521	2025/02/17 14:13:44	"GET /uv2582fip2582inf210/lecture_conceptual_modeling.html HTTP/1.1"
2520	2025/02/17 14:13:46	"GET /uv2582fip2582inf210/lecture_conceptual_modeling.html HTTP/1.1"
257	2025/02/17 14:13:58	"GET /uv2582fip2582inf210/activity_conceptual_modeling.html HTTP/1.1"
257	2025/02/17 14:14:00	"GET /uv2582fip2582inf210/activity_conceptual_modeling_correction.html HTTP/1.1"
2522	2025/02/17 14:14:44	"GET /uv2582fip2582inf210/data_home.html HTTP/1.1"
2522	2025/02/17 14:14:51	"GET /uv2582fip2582inf210/lecture_conceptual_modeling.html HTTP/1.1"
2523	2025/02/17 14:15:25	"GET /uv2582fip2582inf210/technical_environment_home.html HTTP/1.1"
2523	2025/02/17 14:15:25	"GET /uv2582fip2582inf210/technical_environment_home.html HTTP/1.1"
2523	2025/02/17 14:15:31	"GET /uv2582fip2582inf210/practice_postgresql.html HTTP/1.1"
2523	2025/02/17 14:15:31	"GET /uv2582fip2582inf210/practice_postgresql.html HTTP/1.1"
2523	2025/02/17 14:15:36	"GET /uv2582fip2582inf210/index.html HTTP/1.1"
2523	2025/02/17 14:15:36	"GET /uv2582fip2582inf210/index.html HTTP/1.1"
2523	2025/02/17 14:15:40	"GET /uv2582fip2582inf210/web_architecture_home.html HTTP/1.1"
2523	2025/02/17 14:15:40	"GET /uv2582fip2582inf210/web_architecture_home.html HTTP/1.1"
2523	2025/02/17 14:15:45	"GET /uv2582fip2582inf210/data_home.html HTTP/1.1"
2523	2025/02/17 14:15:45	"GET /uv2582fip2582inf210/data_home.html HTTP/1.1"
2523	2025/02/17 14:15:52	"GET /uv2582fip2582inf210/lecture_conceptual_modeling.html HTTP/1.1"
2523	2025/02/17 14:15:52	"GET /uv2582fip2582inf210/lecture_conceptual_modeling.html HTTP/1.1"
252	2025/02/17 14:16:33	"GET /uv2582fip2582inf210/lecture_conceptual_modeling.html HTTP/1.1"
257	2025/02/17 14:17:58	"GET /uv2582fip2582inf210/activity_normalization.html HTTP/1.1"
2516	2025/02/17 14:17:59	"GET /uv2582fip2582inf210/activity_normalization_correction.html HTTP/1.1"
2512	2025/02/17 14:18:11	"GET /uv2582fip2582inf210/activity_normalization.html HTTP/1.1"
2520	2025/02/17 14:18:25	"GET /uv2582fip2582inf210/activity_normalization.html HTTP/1.1"
2511	2025/02/17 14:18:27	"GET /uv2582fip2582inf210/activity_normalization.html HTTP/1.1"
2520	2025/02/17 14:18:41	"GET /uv2582fip2582inf210/activity_normalization_correction.html HTTP/1.1"
2512	2025/02/17 14:18:56	"GET /uv2582fip2582inf210/activity_normalization_correction.html HTTP/1.1"
2511	2025/02/17 14:19:06	"GET /uv2582fip2582inf210/lecture_normalization.html HTTP/1.1"
257	2025/02/17 14:19:50	"GET /uv2582fip2582inf210/activity_normalization_correction.html HTTP/1.1"
2524	2025/02/17 14:22:15	"GET /uv2582fip2582inf210/index.html HTTP/1.1"
2524	2025/02/17 14:22:30	"GET /uv2582fip2582inf210/web_architecture_home.html HTTP/1.1"
2524	2025/02/17 14:22:40	"GET /uv2582fip2582inf210/data_home.html HTTP/1.1"
2524	2025/02/17 14:23:40	"GET /uv2582fip2582inf210/lecture_conceptual_modeling.html HTTP/1.1"
2524	2025/02/17 14:24:02	"GET /uv2582fip2582inf210/activity_conceptual_modeling.html HTTP/1.1"
2524	2025/02/17 14:24:07	"GET /uv2582fip2582inf210/activity_conceptual_modeling_correction.html HTTP/1.1"
2513	2025/02/17 14:32:00	"GET /uv2582fip2582inf210/activity_conceptual_modeling.html HTTP/1.1"
2513	2025/02/17 14:32:07	"GET /uv2582fip2582inf210/lecture_conceptual_modeling.html HTTP/1.1"
2525	2025/02/17 14:32:07	"GET /uv2582fip2582inf210/data_home.html HTTP/1.1"
2525	2025/02/17 14:32:08	"GET /uv2582fip2582inf210/data_home.html HTTP/1.1"
2525	2025/02/17 14:32:17	"GET /uv2582fip2582inf210/activity_conceptual_modeling.html HTTP/1.1"
2525	2025/02/17 14:32:17	"GET /uv2582fip2582inf210/activity_conceptual_modeling.html HTTP/1.1"
2525	2025/02/17 14:32:25	"GET /uv2582fip2582inf210/lecture_conceptual_modeling.html HTTP/1.1"
2525	2025/02/17 14:32:26	"GET /uv2582fip2582inf210/lecture_conceptual_modeling.html HTTP/1.1"
2511	2025/02/17 14:35:23	"GET /uv2582fip2582inf210/activity_normalization_correction.html HTTP/1.1"
2526	2025/02/17 14:39:02	"GET /uv2582fip2582inf210/web_architecture_home.html HTTP/1.1"
2526	2025/02/17 14:39:06	"GET /uv2582fip2582inf210/data_home.html HTTP/1.1"
2526	2025/02/17 14:39:12	"GET /uv2582fip2582inf210/lecture_conceptual_modeling.html HTTP/1.1"
2527	2025/02/17 14:40:22	"GET /uv2582fip2582inf210/data_home.html HTTP/1.1"
2527	2025/02/17 14:40:26	"GET /uv2582fip2582inf210/lecture_conceptual_modeling.html HTTP/1.1"
2528	2025/02/17 14:40:46	"GET /uv2582fip2582inf210/index.html HTTP/1.1"
2528	2025/02/17 14:40:49	"GET /uv2582fip2582inf210/technical_environment_home.html HTTP/1.1"
2528	2025/02/17 14:41:08	"GET /uv2582fip2582inf210/data_home.html HTTP/1.1"
2528	2025/02/17 14:41:41	"GET /uv2582fip2582inf210/activity_conceptual_modeling.html HTTP/1.1"
2528	2025/02/17 14:41:42	"GET /uv2582fip2582inf210/lecture_conceptual_modeling.html HTTP/1.1"
2529	2025/02/17 14:45:45	"GET /uv2582fip2582inf210/activity_normalization.html HTTP/1.1"
2530	2025/02/17 14:46:17	"GET /uv2582fip2582inf210/web_architecture_home.html HTTP/1.1"
2530	2025/02/17 14:46:23	"GET /uv2582fip2582inf210/data_home.html HTTP/1.1"
2516	2025/02/17 14:48:36	"GET /uv2582fip2582inf210/lecture_normalization.html HTTP/1.1"
2515	2025/02/17 14:51:18	"GET /uv2582fip2582inf210/activity_normalization.html HTTP/1.1"
2515	2025/02/17 14:51:19	"GET /uv2582fip2582inf210/activity_decomposition.html HTTP/1.1"
2515	2025/02/17 14:51:23	"GET /uv2582fip2582inf210/activity_conceptual_modeling.html HTTP/1.1"
2515	2025/02/17 14:51:35	"GET /uv2582fip2582inf210/lecture_conceptual_modeling.html HTTP/1.1"
2531	2025/02/17 15:05:35	"GET /uv2582fip2582inf210/data_home.html HTTP/1.1"
2531	2025/02/17 15:05:40	"GET /uv2582fip2582inf210/activity_conceptual_modeling.html HTTP/1.1"
2531	2025/02/17 15:05:49	"GET /uv2582fip2582inf210/lecture_conceptual_modeling.html HTTP/1.1"
252	2025/02/17 15:08:06	"GET /uv2582fip2582inf210/lecture_modeling_normalization.html HTTP/1.1"
252	2025/02/17 15:08:53	"GET /uv2582fip2582inf210/lecture_normalization.html HTTP/1.1"
252	2025/02/17 15:08:58	"GET /uv2582fip2582inf210/activity_decomposition.html HTTP/1.1"
252	2025/02/17 15:09:22	"GET /uv2582fip2582inf210/activity_conceptual_modeling.html HTTP/1.1"
2523	2025/02/17 15:31:51	"GET /uv2582fip2582inf210/lecture_normalization.html HTTP/1.1"
2523	2025/02/17 15:31:51	"GET /uv2582fip2582inf210/lecture_normalization.html HTTP/1.1"
2521	2025/02/17 15:33:26	"GET /uv2582fip2582inf210/lecture_normalization.html HTTP/1.1"
259	2025/02/17 15:34:54	"GET /uv2582fip2582inf210/lecture_normalization.html HTTP/1.1"
2518	2025/02/17 15:37:55	"GET /uv2582fip2582inf210/lecture_normalization.html HTTP/1.1"
2525	2025/02/17 15:39:30	"GET /uv2582fip2582inf210/lecture_normalization.html HTTP/1.1"
2525	2025/02/17 15:39:32	"GET /uv2582fip2582inf210/lecture_normalization.html HTTP/1.1"
2515	2025/02/17 15:48:51	"GET /uv2582fip2582inf210/lecture_modeling_normalization.html HTTP/1.1"
2515	2025/02/17 15:49:23	"GET /uv2582fip2582inf210/lecture_normalization.html HTTP/1.1"
2522	2025/02/17 16:07:05	"GET /uv2582fip2582inf210/lecture_normalization.html HTTP/1.1"
2534	2025/02/17 17:35:57	"GET /uv2582fip2582inf210/data_home.html HTTP/1.1"
2534	2025/02/17 17:36:00	"GET /uv2582fip2582inf210/activity_sql.html HTTP/1.1"
2534	2025/02/17 17:37:59	"GET /uv2582fip2582inf210/activity_sql_correction.html HTTP/1.1"
2534	2025/02/17 17:44:40	"GET /uv2582fip2582inf210/lecture_conceptual_modeling.html HTTP/1.1"
257	2025/02/17 18:05:25	"GET /uv2582fip2582inf210/lecture_normalization.html HTTP/1.1"
2526	2025/02/17 18:16:38	"GET /uv2582fip2582inf210/activity_decomposition.html HTTP/1.1"
2526	2025/02/17 18:17:38	"GET /uv2582fip2582inf210/activity_decomposition_correction.html HTTP/1.1"
2526	2025/02/17 18:27:30	"GET /uv2582fip2582inf210/activity_normalization.html HTTP/1.1"
2526	2025/02/17 18:27:37	"GET /uv2582fip2582inf210/lecture_normalization.html HTTP/1.1"
2526	2025/02/17 18:30:45	"GET /uv2582fip2582inf210/lecture_independence_views.html HTTP/1.1"
2531	2025/02/17 20:53:01	"GET /uv2582fip2582inf210/web_architecture_home.html HTTP/1.1"
2531	2025/02/17 20:53:09	"GET /uv2582fip2582inf210/practice_spring_2tiers.html HTTP/1.1"
2531	2025/02/17 20:58:26	"GET /uv2582fip2582inf210/lecture_xml.html HTTP/1.1"
2531	2025/02/17 20:58:47	"GET /uv2582fip2582inf210/practice_xml.html HTTP/1.1"
2531	2025/02/17 20:58:57	"GET /uv2582fip2582inf210/practice_json.html HTTP/1.1"
2535	2025/02/17 22:28:04	"GET /uv2582fip2582inf210/lecture_normalization.html HTTP/1.1"
2535	2025/02/17 22:28:10	"GET /uv2582fip2582inf210/index.html HTTP/1.1"
2535	2025/02/17 22:28:16	"GET /uv2582fip2582inf210/web_architecture_home.html HTTP/1.1"
2535	2025/02/17 22:28:26	"GET /uv2582fip2582inf210/lecture_mvc_spring.html HTTP/1.1"
2535	2025/02/17 22:30:18	"GET /uv2582fip2582inf210/lecture_jpa.html HTTP/1.1"
2535	2025/02/17 22:33:00	"GET /uv2582fip2582inf210/practice_jpa.html HTTP/1.1"
2536	2025/02/17 22:34:40	"GET /uv2582fip2582inf210/data_home.html HTTP/1.1"
2536	2025/02/17 22:34:43	"GET /uv2582fip2582inf210/web_architecture_home.html HTTP/1.1"
2536	2025/02/17 22:34:54	"GET /uv2582fip2582inf210/images/prerequisite_archiweb/prerequisite_archiweb_2025.html HTTP/1.1"
2536	2025/02/17 22:34:57	"GET /uv2582fip2582inf210/practice_jpa.html HTTP/1.1"
252	2025/02/02 09:10:35	"GET /uv2582fip2582inf210/web_architecture_home.html HTTP/1.1"
252	2025/02/02 09:19:51	"GET /uv2582fip2582inf210/index.html HTTP/1.1"
252	2025/02/02 09:19:54	"GET /uv2582fip2582inf210/technical_environment_home.html HTTP/1.1"
252	2025/02/02 09:20:02	"GET /uv2582fip2582inf210/documentation_docker.html HTTP/1.1"
252	2025/02/02 09:20:08	"GET /uv2582fip2582inf210/practice_docker.html HTTP/1.1"
252	2025/02/02 09:20:13	"GET /uv2582fip2582inf210/practice_docker_advanced.html HTTP/1.1"
252	2025/02/02 09:20:21	"GET /uv2582fip2582inf210/documentation_rdbms.html HTTP/1.1"
252	2025/02/02 09:20:26	"GET /uv2582fip2582inf210/practice_postgresql.html HTTP/1.1"
252	2025/02/02 09:20:31	"GET /uv2582fip2582inf210/documentation_programming.html HTTP/1.1"
252	2025/02/02 09:20:34	"GET /uv2582fip2582inf210/inversion_of_control.html HTTP/1.1"
252	2025/02/02 09:20:44	"GET /uv2582fip2582inf210/spring_bean.html HTTP/1.1"
252	2025/02/02 09:20:48	"GET /uv2582fip2582inf210/practice_spring.html HTTP/1.1"
252	2025/02/02 09:21:01	"GET /uv2582fip2582inf210/lecture_technical_architecture.html HTTP/1.1"
255	2025/02/02 10:41:38	"GET /uv2582fip2582inf210/index.html HTTP/1.1"
255	2025/02/02 10:41:42	"GET /uv2582fip2582inf210/data_home.html HTTP/1.1"
255	2025/02/02 10:41:44	"GET /uv2582fip2582inf210/lecture_modeling_normalization.html HTTP/1.1"
2549	2025/02/02 10:44:22	"GET /uv2582fip2582inf210/data_home.html HTTP/1.1"
2549	2025/02/02 10:44:24	"GET /uv2582fip2582inf210/images/prerequisite_data/prerequisite_data_2025.html HTTP/1.1"
255	2025/02/02 10:54:42	"GET /uv2582fip2582inf210/lecture_conceptual_modeling.html HTTP/1.1"
252	2025/02/02 11:01:05	"GET /uv2582fip2582inf210/PresentationUVINF210/pres.html HTTP/1.1"
252	2025/02/02 11:25:40	"GET /uv2582fip2582inf210/practice_jpa.html HTTP/1.1"
252	2025/02/02 11:26:21	"GET /uv2582fip2582inf210/practice_jpa_advanced.html HTTP/1.1"
252	2025/02/02 11:26:28	"GET /uv2582fip2582inf210/practice_spring_2tiers.html HTTP/1.1"
252	2025/02/02 11:26:49	"GET /uv2582fip2582inf210/practice_spring_2tiers_ext.html HTTP/1.1"
252	2025/02/02 11:28:13	"GET /uv2582fip2582inf210/data_home.html HTTP/1.1"
255	2025/02/02 11:38:12	"GET /uv2582fip2582inf210/activity_conceptual_modeling.html HTTP/1.1"
255	2025/02/02 11:38:15	"GET /uv2582fip2582inf210/lecture_normalization.html HTTP/1.1"
252	2025/02/02 12:07:38	"GET /uv2582fip2582inf210/lecture_jpa.html HTTP/1.1"
252	2025/02/02 12:09:10	"GET /uv2582fip2582inf210/lecture_transaction.html HTTP/1.1"
252	2025/02/02 12:09:35	"GET /uv2582fip2582inf210/practice_transaction.html HTTP/1.1"
252	2025/02/02 12:13:06	"GET /uv2582fip2582inf210/lecture_xml.html HTTP/1.1"
252	2025/02/02 12:13:22	"GET /uv2582fip2582inf210/lecture_validity.html HTTP/1.1"
252	2025/02/02 12:13:35	"GET /uv2582fip2582inf210/lecture_xpath.html HTTP/1.1"
252	2025/02/02 12:13:45	"GET /uv2582fip2582inf210/lecture_parser.html HTTP/1.1"
252	2025/02/02 12:13:52	"GET /uv2582fip2582inf210/lecture_jaxb.html HTTP/1.1"
252	2025/02/02 12:14:04	"GET /uv2582fip2582inf210/practice_xml.html HTTP/1.1"
252	2025/02/02 12:14:13	"GET /uv2582fip2582inf210/practice_schema_xml.html HTTP/1.1"
252	2025/02/02 12:14:17	"GET /uv2582fip2582inf210/practice_xpath.html HTTP/1.1"
252	2025/02/02 12:14:24	"GET /uv2582fip2582inf210/practice_apis.html HTTP/1.1"
252	2025/02/02 12:14:28	"GET /uv2582fip2582inf210/lecture_json.html HTTP/1.1"
252	2025/02/02 12:14:47	"GET /uv2582fip2582inf210/practice_json.html HTTP/1.1"
252	2025/02/02 12:14:57	"GET /uv2582fip2582inf210/lecture_relational_model.html HTTP/1.1"
252	2025/02/02 12:15:28	"GET /uv2582fip2582inf210/lecture_db_integrity.html HTTP/1.1"
252	2025/02/02 12:15:37	"GET /uv2582fip2582inf210/lecture_relational_algebra.html HTTP/1.1"
252	2025/02/02 12:16:12	"GET /uv2582fip2582inf210/activity_relational_model.html HTTP/1.1"
252	2025/02/02 12:16:25	"GET /uv2582fip2582inf210/lecture_modeling_normalization.html HTTP/1.1"
252	2025/02/02 12:16:36	"GET /uv2582fip2582inf210/activity_conceptual_modeling.html HTTP/1.1"
252	2025/02/02 12:16:36	"GET /uv2582fip2582inf210/lecture_conceptual_modeling.html HTTP/1.1"
252	2025/02/02 12:16:56	"GET /uv2582fip2582inf210/lecture_normalization.html HTTP/1.1"
2519	2025/02/02 13:52:29	"GET /uv2582fip2582inf210/technical_environment_home.html HTTP/1.1"
2519	2025/02/02 13:53:19	"GET /uv2582fip2582inf210/data_home.html HTTP/1.1"
2519	2025/02/02 13:54:16	"GET /uv2582fip2582inf210/web_architecture_home.html HTTP/1.1"
2519	2025/02/02 13:58:01	"GET /uv2582fip2582inf210/documentation_docker.html HTTP/1.1"
2551	2025/02/02 14:02:37	"GET /uv2582fip2582inf210/documentation_docker.html HTTP/1.1"
2551	2025/02/02 14:02:44	"GET /uv2582fip2582inf210/index.html HTTP/1.1"
2551	2025/02/02 14:02:48	"GET /uv2582fip2582inf210/technical_environment_home.html HTTP/1.1"
2551	2025/02/02 14:02:53	"GET /uv2582fip2582inf210/practice_postgresql.html HTTP/1.1"
2551	2025/02/02 14:10:12	"GET /uv2582fip2582inf210/documentation_programming.html HTTP/1.1"
2551	2025/02/02 14:10:20	"GET /uv2582fip2582inf210/practice_spring.html HTTP/1.1"
2519	2025/02/02 14:13:56	"GET /uv2582fip2582inf210/practice_docker.html HTTP/1.1"
2551	2025/02/02 14:24:31	"GET /uv2582fip2582inf210/web_architecture_home.html HTTP/1.1"
2551	2025/02/02 14:24:36	"GET /uv2582fip2582inf210/data_home.html HTTP/1.1"
2519	2025/02/02 14:36:17	"GET /uv2582fip2582inf210/practice_postgresql.html HTTP/1.1"
2529	2025/02/02 15:12:32	"GET /uv2582fip2582inf210/activity_conceptual_modeling.html HTTP/1.1"
2529	2025/02/02 15:22:56	"GET /uv2582fip2582inf210/lecture_normalization.html HTTP/1.1"
2558	2025/02/02 15:26:35	"GET /uv2582fip2582inf210/activity_sql.html HTTP/1.1"
2558	2025/02/02 15:26:40	"GET /uv2582fip2582inf210/lecture_modeling_normalization.html HTTP/1.1"
2558	2025/02/02 15:26:42	"GET /uv2582fip2582inf210/lecture_relational_model.html HTTP/1.1"
2558	2025/02/02 15:26:43	"GET /uv2582fip2582inf210/lecture_db_integrity.html HTTP/1.1"
2529	2025/02/02 15:27:16	"GET /uv2582fip2582inf210/lecture_conceptual_modeling.html HTTP/1.1"
2558	2025/02/02 15:27:27	"GET /uv2582fip2582inf210/activity_relational_model.html HTTP/1.1"
2558	2025/02/02 15:27:34	"GET /uv2582fip2582inf210/activity_relational_model_correction.html HTTP/1.1"
2529	2025/02/02 15:27:50	"GET /uv2582fip2582inf210/lecture_modeling_normalization.html HTTP/1.1"
2529	2025/02/02 15:28:39	"GET /uv2582fip2582inf210/lecture_sql.html HTTP/1.1"
2529	2025/02/02 15:51:45	"GET /uv2582fip2582inf210/activity_normalization.html HTTP/1.1"
2529	2025/02/02 15:51:52	"GET /uv2582fip2582inf210/practice_independence_views.html HTTP/1.1"
2541	2025/02/02 16:42:33	"GET /uv2582fip2582inf210/data_home.html HTTP/1.1"
2541	2025/02/02 16:42:39	"GET /uv2582fip2582inf210/lecture_normalization.html HTTP/1.1"
2548	2025/02/02 16:57:04	"GET /uv2582fip2582inf210/documentation_programming.html HTTP/1.1"
2548	2025/02/02 16:57:26	"GET /uv2582fip2582inf210/practice_spring.html HTTP/1.1"
2541	2025/02/02 16:58:20	"GET /uv2582fip2582inf210/activity_normalization.html HTTP/1.1"
2541	2025/02/02 16:58:44	"GET /uv2582fip2582inf210/technical_environment_home.html HTTP/1.1"
2541	2025/02/02 17:00:17	"GET /uv2582fip2582inf210/project_home.html HTTP/1.1"
2544	2025/02/02 17:38:31	"GET /uv2582fip2582inf210/data_home.html HTTP/1.1"
2544	2025/02/02 17:38:34	"GET /uv2582fip2582inf210/images/prerequisite_data/prerequisite_data_2025.html HTTP/1.1"
2544	2025/02/02 17:38:46	"GET /uv2582fip2582inf210/activity_conceptual_modeling.html HTTP/1.1"
2544	2025/02/02 17:38:50	"GET /uv2582fip2582inf210/lecture_normalization.html HTTP/1.1"
2558	2025/02/02 17:46:42	"GET /uv2582fip2582inf210/lecture_modeling_normalization.html HTTP/1.1"
2558	2025/02/02 17:54:13	"GET /uv2582fip2582inf210/lecture_conceptual_modeling.html HTTP/1.1"
2536	2025/02/02 18:04:38	"GET /uv2582fip2582inf210/web_architecture_home.html HTTP/1.1"
2536	2025/02/02 18:04:43	"GET /uv2582fip2582inf210/data_home.html HTTP/1.1"
2536	2025/02/02 18:04:50	"GET /uv2582fip2582inf210/images/prerequisite_data/prerequisite_data_2025.html HTTP/1.1"
2536	2025/02/02 18:05:04	"GET /uv2582fip2582inf210/lecture_conceptual_modeling.html HTTP/1.1"
2536	2025/02/02 18:12:30	"GET /uv2582fip2582inf210/activity_conceptual_modeling.html HTTP/1.1"
2536	2025/02/02 18:23:16	"GET /uv2582fip2582inf210/activity_conceptual_modeling_correction.html HTTP/1.1"
2536	2025/02/02 18:30:10	"GET /uv2582fip2582inf210/index.html HTTP/1.1"
2536	2025/02/02 18:30:14	"GET /uv2582fip2582inf210/data_home.html HTTP/1.1"
2536	2025/02/02 18:30:15	"GET /uv2582fip2582inf210/images/prerequisite_data/prerequisite_data_2025.html HTTP/1.1"
2536	2025/02/02 18:30:28	"GET /uv2582fip2582inf210/lecture_relational_algebra.html HTTP/1.1"
2536	2025/02/02 18:30:29	"GET /uv2582fip2582inf210/activity_conceptual_modeling_advanced.html HTTP/1.1"
2536	2025/02/02 18:30:55	"GET /uv2582fip2582inf210/lecture_sql.html HTTP/1.1"
2536	2025/02/02 18:31:04	"GET /uv2582fip2582inf210/lecture_sql.html HTTP/1.1"
2536	2025/02/02 18:31:08	"GET /uv2582fip2582inf210/lecture_sql.html HTTP/1.1"
2536	2025/02/02 18:31:20	"GET /uv2582fip2582inf210/lecture_sql.html HTTP/1.1"
2536	2025/02/02 18:34:25	"GET /uv2582fip2582inf210/activity_conceptual_modeling_advanced_correction.html HTTP/1.1"
2558	2025/02/02 18:48:15	"GET /uv2582fip2582inf210/activity_conceptual_modeling.html HTTP/1.1"
256	2025/02/02 19:03:00	"GET /uv2582fip2582inf210/technical_environment_home.html HTTP/1.1"
256	2025/02/02 19:03:05	"GET /uv2582fip2582inf210/images/prerequisite_techenv/prerequisite_techenv_2025.html HTTP/1.1"
256	2025/02/02 19:03:06	"GET /uv2582fip2582inf210/documentation_docker.html HTTP/1.1"
256	2025/02/02 19:04:00	"GET /uv2582fip2582inf210/practice_docker.html HTTP/1.1"
2558	2025/02/02 19:04:09	"GET /uv2582fip2582inf210/activity_conceptual_modeling_correction.html HTTP/1.1"
256	2025/02/02 19:09:34	"GET /uv2582fip2582inf210/practice_docker_advanced.html HTTP/1.1"
256	2025/02/02 19:20:13	"GET /uv2582fip2582inf210/documentation_rdbms.html HTTP/1.1"
256	2025/02/02 19:21:07	"GET /uv2582fip2582inf210/practice_postgresql.html HTTP/1.1"
256	2025/02/02 19:40:38	"GET /uv2582fip2582inf210/index.html HTTP/1.1"
256	2025/02/02 19:40:42	"GET /uv2582fip2582inf210/project_home.html HTTP/1.1"
256	2025/02/02 19:40:44	"GET /uv2582fip2582inf210/data_home.html HTTP/1.1"
256	2025/02/02 19:40:55	"GET /uv2582fip2582inf210/images/prerequisite_data/prerequisite_data_2025.html HTTP/1.1"
256	2025/02/02 19:40:57	"GET /uv2582fip2582inf210/lecture_modeling_normalization.html HTTP/1.1"
256	2025/02/02 19:41:03	"GET /uv2582fip2582inf210/lecture_conceptual_modeling.html HTTP/1.1"
256	2025/02/02 19:41:14	"GET /uv2582fip2582inf210/activity_conceptual_modeling.html HTTP/1.1"
2519	2025/02/02 20:09:12	"GET /uv2582fip2582inf210/technical_environment_home.html HTTP/1.1"
2519	2025/02/02 20:09:24	"GET /uv2582fip2582inf210/practice_postgresql.html HTTP/1.1"
2519	2025/02/02 20:10:09	"GET /uv2582fip2582inf210/practice_docker.html HTTP/1.1"
2519	2025/02/02 20:31:03	"GET /uv2582fip2582inf210/documentation_programming.html HTTP/1.1"
2557	2025/02/02 20:46:54	"GET /uv2582fip2582inf210/data_home.html HTTP/1.1"
2557	2025/02/02 20:46:57	"GET /uv2582fip2582inf210/images/prerequisite_data/prerequisite_data_2025.html HTTP/1.1"
2557	2025/02/02 20:47:00	"GET /uv2582fip2582inf210/lecture_modeling_normalization.html HTTP/1.1"
256	2025/02/02 21:21:06	"GET /uv2582fip2582inf210/activity_conceptual_modeling_correction.html HTTP/1.1"
256	2025/02/02 21:44:37	"GET /uv2582fip2582inf210/activity_conceptual_modeling_advanced.html HTTP/1.1"
256	2025/02/02 21:45:38	"GET /uv2582fip2582inf210/activity_conceptual_modeling_advanced_correction.html HTTP/1.1"
256	2025/02/02 22:15:16	"GET /uv2582fip2582inf210/lecture_normalization.html HTTP/1.1"
256	2025/02/02 22:15:25	"GET /uv2582fip2582inf210/activity_normalization.html HTTP/1.1"
256	2025/02/02 22:15:39	"GET /uv2582fip2582inf210/activity_normalization_correction.html HTTP/1.1"
256	2025/02/02 22:23:31	"GET /uv2582fip2582inf210/activity_decomposition.html HTTP/1.1"
256	2025/02/02 22:23:34	"GET /uv2582fip2582inf210/lecture_independence_views.html HTTP/1.1"
256	2025/02/02 22:23:38	"GET /uv2582fip2582inf210/practice_independence_views.html HTTP/1.1"
256	2025/02/02 22:23:47	"GET /uv2582fip2582inf210/activity_decomposition_correction.html HTTP/1.1"
2546	2025/02/02 22:50:02	"GET /uv2582fip2582inf210/web_architecture_home.html HTTP/1.1"
2546	2025/02/02 22:50:37	"GET /uv2582fip2582inf210/data_home.html HTTP/1.1"
2546	2025/02/02 22:50:56	"GET /uv2582fip2582inf210/lecture_technical_architecture.html HTTP/1.1"
2546	2025/02/02 22:51:06	"GET /uv2582fip2582inf210/technical_environment_home.html HTTP/1.1"
2546	2025/02/02 22:51:11	"GET /uv2582fip2582inf210/practice_postgresql.html HTTP/1.1"
2546	2025/02/02 22:51:25	"GET /uv2582fip2582inf210/documentation_programming.html HTTP/1.1"
2546	2025/02/02 23:14:46	"GET /uv2582fip2582inf210/practice_spring.html HTTP/1.1"
2546	2025/02/02 23:15:32	"GET /uv2582fip2582inf210/images/prerequisite_techenv/prerequisite_techenv_2025.html HTTP/1.1"
2546	2025/02/02 23:15:32	"GET /uv2582fip2582inf210/images/prerequisite_techenv/prerequisite_techenv_2025.html HTTP/1.1"
2522	2025/03/01 09:15:01	"GET /uv2582fip2582inf210/project_task_time.html HTTP/1.1"
2570	2025/03/01 10:53:14	"GET /uv2582fip2582inf210/project_presentation.html HTTP/1.1"
2570	2025/03/01 10:53:25	"GET /uv2582fip2582inf210/project_part1.html HTTP/1.1"
2570	2025/03/01 10:59:39	"GET /uv2582fip2582inf210/web_architecture_home.html HTTP/1.1"
2570	2025/03/01 10:59:41	"GET /uv2582fip2582inf210/practice_spring_2tiers.html HTTP/1.1"
2557	2025/03/01 12:40:07	"GET /uv2582fip2582inf210/web_architecture_home.html HTTP/1.1"
2557	2025/03/01 12:51:52	"GET /uv2582fip2582inf210/data_home.html HTTP/1.1"
2557	2025/03/01 12:52:17	"GET /uv2582fip2582inf210/activity_relational_model.html HTTP/1.1"
2557	2025/03/01 12:52:30	"GET /uv2582fip2582inf210/activity_relational_model_correction.html HTTP/1.1"
2557	2025/03/01 12:53:45	"GET /uv2582fip2582inf210/lecture_conceptual_modeling.html HTTP/1.1"
2557	2025/03/01 13:02:08	"GET /uv2582fip2582inf210/lecture_normalization.html HTTP/1.1"
2557	2025/03/01 13:32:56	"GET /uv2582fip2582inf210/activity_normalization.html HTTP/1.1"
2557	2025/03/01 13:33:24	"GET /uv2582fip2582inf210/activity_normalization_correction.html HTTP/1.1"
2557	2025/03/01 13:36:10	"GET /uv2582fip2582inf210/activity_decomposition.html HTTP/1.1"
2562	2025/03/01 13:50:06	"GET /uv2582fip2582inf210/index.html HTTP/1.1"
2557	2025/03/01 13:55:24	"GET /uv2582fip2582inf210/activity_conceptual_modeling.html HTTP/1.1"
2562	2025/03/01 14:00:35	"GET /uv2582fip2582inf210/data_home.html HTTP/1.1"
2562	2025/03/01 14:00:38	"GET /uv2582fip2582inf210/lecture_modeling_normalization.html HTTP/1.1"
2557	2025/03/01 14:03:25	"GET /uv2582fip2582inf210/activity_sql.html HTTP/1.1"
2557	2025/03/01 14:03:57	"GET /uv2582fip2582inf210/practice_sql.html HTTP/1.1"
2525	2025/03/01 14:15:47	"GET /uv2582fip2582inf210/project_presentation.html HTTP/1.1"
2525	2025/03/01 14:15:47	"GET /uv2582fip2582inf210/project_presentation.html HTTP/1.1"
2525	2025/03/01 14:15:54	"GET /uv2582fip2582inf210/project_part2.html HTTP/1.1"
2525	2025/03/01 14:15:55	"GET /uv2582fip2582inf210/project_part2.html HTTP/1.1"
2557	2025/03/01 14:18:50	"GET /uv2582fip2582inf210/activity_sql_correction.html HTTP/1.1"
2525	2025/03/01 14:33:13	"GET /uv2582fip2582inf210/project_evaluation.html HTTP/1.1"
2525	2025/03/01 14:33:14	"GET /uv2582fip2582inf210/project_evaluation.html HTTP/1.1"
2557	2025/03/01 15:09:22	"GET /uv2582fip2582inf210/images/prerequisite_data/prerequisite_data_2025.html HTTP/1.1"
2568	2025/03/01 15:27:53	"GET /uv2582fip2582inf210/data_home.html HTTP/1.1"
2568	2025/03/01 15:44:42	"GET /uv2582fip2582inf210/technical_environment_home.html HTTP/1.1"
2568	2025/03/01 15:44:46	"GET /uv2582fip2582inf210/index.html HTTP/1.1"
2568	2025/03/01 15:44:51	"GET /uv2582fip2582inf210/web_architecture_home.html HTTP/1.1"
2568	2025/03/01 15:45:05	"GET /uv2582fip2582inf210/data_home.html HTTP/1.1"
2568	2025/03/01 15:45:20	"GET /uv2582fip2582inf210/lecture_normalization.html HTTP/1.1"
2569	2025/03/01 16:06:03	"GET /uv2582fip2582inf210/web_architecture_home.html HTTP/1.1"
2569	2025/03/01 16:25:31	"GET /uv2582fip2582inf210/data_home.html HTTP/1.1"
2569	2025/03/01 16:25:37	"GET /uv2582fip2582inf210/lecture_modeling_normalization.html HTTP/1.1"
2569	2025/03/01 16:25:43	"GET /uv2582fip2582inf210/lecture_normalization.html HTTP/1.1"
2568	2025/03/01 16:26:22	"GET /uv2582fip2582inf210/lecture_modeling_normalization.html HTTP/1.1"
2568	2025/03/01 16:26:26	"GET /uv2582fip2582inf210/lecture_conceptual_modeling.html HTTP/1.1"
2568	2025/03/01 16:32:52	"GET /uv2582fip2582inf210/activity_conceptual_modeling.html HTTP/1.1"
2568	2025/03/01 16:33:07	"GET /uv2582fip2582inf210/activity_conceptual_modeling_correction.html HTTP/1.1"
2568	2025/03/01 16:40:45	"GET /uv2582fip2582inf210/activity_conceptual_modeling_advanced.html HTTP/1.1"
2568	2025/03/01 16:40:53	"GET /uv2582fip2582inf210/activity_conceptual_modeling_advanced_correction.html HTTP/1.1"
2568	2025/03/01 16:43:34	"GET /uv2582fip2582inf210/activity_conceptual_modeling_advanced_correction.html HTTP/1.1"
2569	2025/03/01 16:44:10	"GET /uv2582fip2582inf210/index.html HTTP/1.1"
2568	2025/03/01 16:52:37	"GET /uv2582fip2582inf210/images/prerequisite_data/prerequisite_data_2025.html HTTP/1.1"
2568	2025/03/01 16:52:53	"GET /uv2582fip2582inf210/images/prerequisite_archiweb/prerequisite_archiweb_2025.html HTTP/1.1"
2568	2025/03/01 16:53:03	"GET /uv2582fip2582inf210/lecture_json.html HTTP/1.1"
2568	2025/03/01 16:53:40	"GET /uv2582fip2582inf210/practice_json.html HTTP/1.1"
2568	2025/03/01 17:03:04	"GET /uv2582fip2582inf210/lecture_json.html HTTP/1.1"
2569	2025/03/01 17:07:52	"GET /uv2582fip2582inf210/practice_jpa_advanced.html HTTP/1.1"
2569	2025/03/01 17:07:55	"GET /uv2582fip2582inf210/practice_jpa.html HTTP/1.1"
2569	2025/03/01 17:08:00	"GET /uv2582fip2582inf210/lecture_jpa.html HTTP/1.1"
2569	2025/03/01 17:08:03	"GET /uv2582fip2582inf210/practice_spring_2tiers.html HTTP/1.1"
2568	2025/03/01 17:24:53	"GET /uv2582fip2582inf210/web_architecture_home.html HTTP/1.1"
2568	2025/03/01 17:25:00	"GET /uv2582fip2582inf210/data_home.html HTTP/1.1"
2568	2025/03/01 17:42:59	"GET /uv2582fip2582inf210/lecture_db_integrity.html HTTP/1.1"
2568	2025/03/01 17:43:02	"GET /uv2582fip2582inf210/lecture_relational_model.html HTTP/1.1"
2568	2025/03/01 17:43:27	"GET /uv2582fip2582inf210/activity_normalization.html HTTP/1.1"
2568	2025/03/01 17:43:45	"GET /uv2582fip2582inf210/activity_normalization_correction.html HTTP/1.1"
2568	2025/03/01 18:14:38	"GET /uv2582fip2582inf210/activity_decomposition.html HTTP/1.1"
2568	2025/03/01 18:14:51	"GET /uv2582fip2582inf210/data_home.html HTTP/1.1"
2568	2025/03/01 18:14:54	"GET /uv2582fip2582inf210/activity_relational_model.html HTTP/1.1"
2568	2025/03/01 18:17:05	"GET /uv2582fip2582inf210/activity_conceptual_modeling_correction.html HTTP/1.1"
2524	2025/03/02 00:38:42	"GET /uv2582fip2582inf210/project_presentation.html HTTP/1.1"
2565	2025/03/14 01:56:53	"GET /uv2582fip2582inf210/project_presentation.html HTTP/1.1"
2565	2025/03/14 01:56:57	"GET /uv2582fip2582inf210/project_part2.html HTTP/1.1"
2541	2025/03/14 09:34:07	"GET /uv2582fip2582inf210/technical_environment_home.html HTTP/1.1"
2542	2025/03/14 09:37:08	"GET /uv2582fip2582inf210/project_presentation.html HTTP/1.1"
2542	2025/03/14 09:37:12	"GET /uv2582fip2582inf210/project_part3.html HTTP/1.1"
2541	2025/03/14 09:37:17	"GET /uv2582fip2582inf210/documentation_docker.html HTTP/1.1"
2541	2025/03/14 09:37:52	"GET /uv2582fip2582inf210/practice_docker_advanced.html HTTP/1.1"
2541	2025/03/14 09:38:21	"GET /uv2582fip2582inf210/practice_docker.html HTTP/1.1"
2552	2025/03/14 09:51:52	"GET /uv2582fip2582inf210/project_presentation.html HTTP/1.1"
2552	2025/03/14 09:51:55	"GET /uv2582fip2582inf210/project_part3.html HTTP/1.1"
2550	2025/03/14 09:53:15	"GET /uv2582fip2582inf210/project_structureui.html HTTP/1.1"
2550	2025/03/14 09:53:22	"GET /uv2582fip2582inf210/project_presentation.html HTTP/1.1"
2550	2025/03/14 09:53:24	"GET /uv2582fip2582inf210/project_evaluation.html HTTP/1.1"
2550	2025/03/14 09:53:26	"GET /uv2582fip2582inf210/project_specifications.html HTTP/1.1"
2546	2025/03/14 09:56:13	"GET /uv2582fip2582inf210/project_presentation.html HTTP/1.1"
2546	2025/03/14 09:56:22	"GET /uv2582fip2582inf210/project_specifications.html HTTP/1.1"
253	2025/03/14 09:56:41	"GET /uv2582fip2582inf210/project_presentation.html HTTP/1.1"
253	2025/03/14 09:56:45	"GET /uv2582fip2582inf210/project_part2.html HTTP/1.1"
253	2025/03/14 09:58:19	"GET /uv2582fip2582inf210/project_part1.html HTTP/1.1"
2543	2025/03/14 10:06:03	"GET /uv2582fip2582inf210/index.html HTTP/1.1"
2543	2025/03/14 10:06:07	"GET /uv2582fip2582inf210/project_presentation.html HTTP/1.1"
2543	2025/03/14 10:06:11	"GET /uv2582fip2582inf210/project_part3.html HTTP/1.1"
2556	2025/03/14 10:11:19	"GET /uv2582fip2582inf210/project_part3.html HTTP/1.1"
2572	2025/03/14 10:13:42	"GET /uv2582fip2582inf210/project_presentation.html HTTP/1.1"
2572	2025/03/14 10:13:44	"GET /uv2582fip2582inf210/project_part3.html HTTP/1.1"
2572	2025/03/14 10:13:57	"GET /uv2582fip2582inf210/project_structureui.html HTTP/1.1"
2515	2025/03/14 10:14:46	"GET /uv2582fip2582inf210/project_part2.html HTTP/1.1"
2550	2025/03/14 10:15:07	"GET /uv2582fip2582inf210/project_part2.html HTTP/1.1"
2574	2025/03/14 10:15:42	"GET /uv2582fip2582inf210/project_presentation.html HTTP/1.1"
2574	2025/03/14 10:15:44	"GET /uv2582fip2582inf210/project_part3.html HTTP/1.1"
2569	2025/03/14 10:17:02	"GET /uv2582fip2582inf210/project_presentation.html HTTP/1.1"
2569	2025/03/14 10:17:05	"GET /uv2582fip2582inf210/project_part3.html HTTP/1.1"
2569	2025/03/14 10:17:10	"GET /uv2582fip2582inf210/project_structureui.html HTTP/1.1"
2574	2025/03/14 10:17:58	"GET /uv2582fip2582inf210/project_specifications.html HTTP/1.1"
2569	2025/03/14 10:17:59	"GET /uv2582fip2582inf210/project_specifications.html HTTP/1.1"
2558	2025/03/14 10:24:39	"GET /uv2582fip2582inf210/project_presentation.html HTTP/1.1"
2558	2025/03/14 10:24:41	"GET /uv2582fip2582inf210/project_part2.html HTTP/1.1"
2558	2025/03/14 10:25:44	"GET /uv2582fip2582inf210/project_specifications.html HTTP/1.1"
2570	2025/03/14 10:27:59	"GET /uv2582fip2582inf210/project_presentation.html HTTP/1.1"
2570	2025/03/14 10:28:01	"GET /uv2582fip2582inf210/project_part2.html HTTP/1.1"
2571	2025/03/14 10:30:24	"GET /uv2582fip2582inf210/project_presentation.html HTTP/1.1"
2571	2025/03/14 10:30:28	"GET /uv2582fip2582inf210/project_part2.html HTTP/1.1"
2534	2025/03/14 10:36:36	"GET /uv2582fip2582inf210/technical_environment_home.html HTTP/1.1"
2534	2025/03/14 10:36:39	"GET /uv2582fip2582inf210/documentation_programming.html HTTP/1.1"
2534	2025/03/14 10:36:47	"GET /uv2582fip2582inf210/inversion_of_control.html HTTP/1.1"
2534	2025/03/14 10:36:54	"GET /uv2582fip2582inf210/spring_bean.html HTTP/1.1"
2534	2025/03/14 10:36:59	"GET /uv2582fip2582inf210/practice_spring.html HTTP/1.1"
2564	2025/03/14 10:39:31	"GET /uv2582fip2582inf210/project_part2.html HTTP/1.1"
2556	2025/03/14 10:43:13	"GET /uv2582fip2582inf210/project_structureui.html HTTP/1.1"
2556	2025/03/14 10:44:55	"GET /uv2582fip2582inf210/project_specifications.html HTTP/1.1"
2569	2025/03/14 10:54:33	"GET /uv2582fip2582inf210/index.html HTTP/1.1"
2562	2025/03/14 11:02:54	"GET /uv2582fip2582inf210/project_specifications.html HTTP/1.1"
2568	2025/03/14 11:05:18	"GET /uv2582fip2582inf210/project_presentation.html HTTP/1.1"
2568	2025/03/14 11:05:20	"GET /uv2582fip2582inf210/project_part2.html HTTP/1.1"
2568	2025/03/14 11:05:21	"GET /uv2582fip2582inf210/project_part1.html HTTP/1.1"
2562	2025/03/14 11:06:53	"GET /uv2582fip2582inf210/project_part2.html HTTP/1.1"
2511	2025/03/14 11:10:11	"GET /uv2582fip2582inf210/project_specifications.html HTTP/1.1"
2511	2025/03/14 11:10:25	"GET /uv2582fip2582inf210/project_task_time.html HTTP/1.1"
2511	2025/03/14 11:10:45	"GET /uv2582fip2582inf210/project_evaluation.html HTTP/1.1"
2534	2025/03/14 11:11:50	"GET /uv2582fip2582inf210/index.html HTTP/1.1"
2534	2025/03/14 11:11:52	"GET /uv2582fip2582inf210/project_presentation.html HTTP/1.1"
2534	2025/03/14 11:11:59	"GET /uv2582fip2582inf210/project_task_time.html HTTP/1.1"
2517	2025/03/14 11:12:30	"GET /uv2582fip2582inf210/project_presentation.html HTTP/1.1"
2517	2025/03/14 11:12:34	"GET /uv2582fip2582inf210/project_part3.html HTTP/1.1"
2517	2025/03/14 11:12:41	"GET /uv2582fip2582inf210/project_specifications.html HTTP/1.1"
2543	2025/03/14 11:14:03	"GET /uv2582fip2582inf210/project_specifications.html HTTP/1.1"
2525	2025/03/14 11:16:47	"GET /uv2582fip2582inf210/project_part1.html HTTP/1.1"
2525	2025/03/14 11:16:48	"GET /uv2582fip2582inf210/project_part1.html HTTP/1.1"
2525	2025/03/14 11:16:52	"GET /uv2582fip2582inf210/project_part2.html HTTP/1.1"
2525	2025/03/14 11:16:53	"GET /uv2582fip2582inf210/project_part2.html HTTP/1.1"
2547	2025/03/14 11:30:26	"GET /uv2582fip2582inf210/practice_docker_advanced.html HTTP/1.1"
2547	2025/03/14 11:30:38	"GET /uv2582fip2582inf210/project_part2.html HTTP/1.1"
2547	2025/03/14 11:31:20	"GET /uv2582fip2582inf210/project_presentation.html HTTP/1.1"
2547	2025/03/14 11:31:23	"GET /uv2582fip2582inf210/project_part3.html HTTP/1.1"
2528	2025/03/14 11:32:13	"GET /uv2582fip2582inf210/project_presentation.html HTTP/1.1"
2528	2025/03/14 11:32:26	"GET /uv2582fip2582inf210/project_part2.html HTTP/1.1"
2528	2025/03/14 11:32:30	"GET /uv2582fip2582inf210/project_part3.html HTTP/1.1"
2547	2025/03/14 11:32:55	"GET /uv2582fip2582inf210/project_part1.html HTTP/1.1"
2547	2025/03/14 11:35:58	"GET /uv2582fip2582inf210/project_structureui.html HTTP/1.1"
2531	2025/03/14 11:50:04	"GET /uv2582fip2582inf210/project_presentation.html HTTP/1.1"
2531	2025/03/14 11:50:19	"GET /uv2582fip2582inf210/project_specifications.html HTTP/1.1"
2563	2025/03/14 11:51:12	"GET /uv2582fip2582inf210/project_part2.html HTTP/1.1"
2529	2025/03/14 11:59:14	"GET /uv2582fip2582inf210/index.html HTTP/1.1"
2529	2025/03/14 11:59:17	"GET /uv2582fip2582inf210/project_presentation.html HTTP/1.1"
2524	2025/03/14 12:00:32	"GET /uv2582fip2582inf210/project_presentation.html HTTP/1.1"
2524	2025/03/14 12:00:36	"GET /uv2582fip2582inf210/project_specifications.html HTTP/1.1"
2531	2025/03/14 12:06:16	"GET /uv2582fip2582inf210/project_part3.html HTTP/1.1"
2552	2025/03/14 12:06:47	"GET /uv2582fip2582inf210/project_structureui.html HTTP/1.1"
2552	2025/03/14 12:07:15	"GET /uv2582fip2582inf210/project_specifications.html HTTP/1.1"
2533	2025/03/14 12:20:06	"GET /uv2582fip2582inf210/project_presentation.html HTTP/1.1"
2533	2025/03/14 12:20:08	"GET /uv2582fip2582inf210/project_part2.html HTTP/1.1"
2558	2025/03/14 13:20:01	"GET /uv2582fip2582inf210/project_part3.html HTTP/1.1"
2558	2025/03/14 13:20:57	"GET /uv2582fip2582inf210/project_evaluation.html HTTP/1.1"
2558	2025/03/14 13:32:00	"GET /uv2582fip2582inf210/project_structureui.html HTTP/1.1"
2564	2025/03/14 13:54:38	"GET /uv2582fip2582inf210/project_part1.html HTTP/1.1"
2570	2025/03/14 13:57:52	"GET /uv2582fip2582inf210/project_part2.html HTTP/1.1"
2543	2025/03/14 14:06:46	"GET /uv2582fip2582inf210/index.html HTTP/1.1"
2515	2025/03/14 14:08:07	"GET /uv2582fip2582inf210/project_presentation.html HTTP/1.1"
2529	2025/03/14 14:24:53	"GET /uv2582fip2582inf210/project_specifications.html HTTP/1.1"
2529	2025/03/14 14:35:02	"GET /uv2582fip2582inf210/project_part3.html HTTP/1.1"
2529	2025/03/14 14:35:09	"GET /uv2582fip2582inf210/project_structureui.html HTTP/1.1"
2547	2025/03/14 14:35:29	"GET /uv2582fip2582inf210/project_specifications.html HTTP/1.1"
2554	2025/03/14 14:47:09	"GET /uv2582fip2582inf210/project_specifications.html HTTP/1.1"
2554	2025/03/14 14:48:13	"GET /uv2582fip2582inf210/project_part3.html HTTP/1.1"
2515	2025/03/14 14:50:47	"GET /uv2582fip2582inf210/index.html HTTP/1.1"
2515	2025/03/14 14:50:53	"GET /uv2582fip2582inf210/data_home.html HTTP/1.1"
2515	2025/03/14 14:50:56	"GET /uv2582fip2582inf210/lecture_db_integrity.html HTTP/1.1"
2515	2025/03/14 14:50:58	"GET /uv2582fip2582inf210/lecture_relational_model.html HTTP/1.1"
2515	2025/03/14 14:51:03	"GET /uv2582fip2582inf210/lecture_conceptual_modeling.html HTTP/1.1"
2515	2025/03/14 14:51:03	"GET /uv2582fip2582inf210/activity_conceptual_modeling.html HTTP/1.1"
2515	2025/03/14 14:51:06	"GET /uv2582fip2582inf210/lecture_conceptual_modeling.html HTTP/1.1"
2521	2025/03/14 15:09:09	"GET /uv2582fip2582inf210/project_presentation.html HTTP/1.1"
2521	2025/03/14 15:09:16	"GET /uv2582fip2582inf210/project_part2.html HTTP/1.1"
2572	2025/03/14 15:15:07	"GET /uv2582fip2582inf210/project_specifications.html HTTP/1.1"
252	2025/03/14 15:17:54	"GET /uv2582fip2582inf210/project_presentation.html HTTP/1.1"
252	2025/03/14 15:17:57	"GET /uv2582fip2582inf210/project_part2.html HTTP/1.1"
2536	2025/03/14 15:33:25	"GET /uv2582fip2582inf210/index.html HTTP/1.1"
2513	2025/03/14 15:50:08	"GET /uv2582fip2582inf210/project_presentation.html HTTP/1.1"
2513	2025/03/14 15:50:10	"GET /uv2582fip2582inf210/project_part3.html HTTP/1.1"
2513	2025/03/14 15:50:39	"GET /uv2582fip2582inf210/project_structureui.html HTTP/1.1"
2512	2025/03/14 15:52:33	"GET /uv2582fip2582inf210/project_part3.html HTTP/1.1"
2512	2025/03/14 15:52:57	"GET /uv2582fip2582inf210/project_structureui.html HTTP/1.1"
2535	2025/03/14 16:26:19	"GET /uv2582fip2582inf210/project_part3.html HTTP/1.1"
2535	2025/03/14 16:26:24	"GET /uv2582fip2582inf210/project_structureui.html HTTP/1.1"
2535	2025/03/14 16:26:34	"GET /uv2582fip2582inf210/project_specifications.html HTTP/1.1"
2535	2025/03/14 16:26:40	"GET /uv2582fip2582inf210/project_evaluation.html HTTP/1.1"
2535	2025/03/14 16:44:00	"GET /uv2582fip2582inf210/project_part2.html HTTP/1.1"
2574	2025/03/14 16:55:03	"GET /uv2582fip2582inf210/data_home.html HTTP/1.1"
2574	2025/03/14 16:55:12	"GET /uv2582fip2582inf210/project_presentation.html HTTP/1.1"
2574	2025/03/14 16:55:15	"GET /uv2582fip2582inf210/project_specifications.html HTTP/1.1"
2549	2025/03/14 17:25:16	"GET /uv2582fip2582inf210/technical_environment_home.html HTTP/1.1"
2536	2025/03/14 17:30:00	"GET /uv2582fip2582inf210/project_part2.html HTTP/1.1"
2566	2025/03/14 17:46:54	"GET /uv2582fip2582inf210/data_home.html HTTP/1.1"
2566	2025/03/14 17:46:57	"GET /uv2582fip2582inf210/index.html HTTP/1.1"
2566	2025/03/14 17:47:01	"GET /uv2582fip2582inf210/project_presentation.html HTTP/1.1"
2566	2025/03/14 17:47:19	"GET /uv2582fip2582inf210/project_part2.html HTTP/1.1"
2565	2025/03/14 17:50:32	"GET /uv2582fip2582inf210/project_presentation.html HTTP/1.1"
2565	2025/03/14 17:50:36	"GET /uv2582fip2582inf210/project_part2.html HTTP/1.1"
2575	2025/03/14 17:52:49	"GET /uv2582fip2582inf210/project_structureui.html HTTP/1.1"
2575	2025/03/14 17:53:04	"GET /uv2582fip2582inf210/project_part3.html HTTP/1.1"
257	2025/03/14 18:08:12	"GET /uv2582fip2582inf210/data_home.html HTTP/1.1"
257	2025/03/14 18:08:15	"GET /uv2582fip2582inf210/project_presentation.html HTTP/1.1"
257	2025/03/14 18:08:27	"GET /uv2582fip2582inf210/project_specifications.html HTTP/1.1"
2549	2025/03/14 18:12:19	"GET /uv2582fip2582inf210/project_specifications.html HTTP/1.1"
2530	2025/03/14 18:12:52	"GET /uv2582fip2582inf210/project_presentation.html HTTP/1.1"
2564	2025/03/14 18:13:17	"GET /uv2582fip2582inf210/project_part3.html HTTP/1.1"
2564	2025/03/14 18:13:51	"GET /uv2582fip2582inf210/project_structureui.html HTTP/1.1"
2526	2025/03/14 18:26:50	"GET /uv2582fip2582inf210/project_task_time.html HTTP/1.1"
2530	2025/03/14 18:27:57	"GET /uv2582fip2582inf210/project_evaluation.html HTTP/1.1"
2530	2025/03/14 18:28:02	"GET /uv2582fip2582inf210/project_specifications.html HTTP/1.1"
2566	2025/03/14 18:45:35	"GET /uv2582fip2582inf210/project_part1.html HTTP/1.1"
2566	2025/03/14 18:47:21	"GET /uv2582fip2582inf210/activity_sql.html HTTP/1.1"
2566	2025/03/14 18:48:05	"GET /uv2582fip2582inf210/practice_sql.html HTTP/1.1"
2566	2025/03/14 18:48:49	"GET /uv2582fip2582inf210/lecture_modeling_normalization.html HTTP/1.1"
2566	2025/03/14 18:48:52	"GET /uv2582fip2582inf210/activity_conceptual_modeling.html HTTP/1.1"
2566	2025/03/14 18:50:41	"GET /uv2582fip2582inf210/technical_environment_home.html HTTP/1.1"
2566	2025/03/14 18:51:28	"GET /uv2582fip2582inf210/practice_postgresql.html HTTP/1.1"
2541	2025/03/14 18:52:03	"GET /uv2582fip2582inf210/project_presentation.html HTTP/1.1"
2541	2025/03/14 18:52:12	"GET /uv2582fip2582inf210/project_specifications.html HTTP/1.1"
257	2025/03/14 19:11:41	"GET /uv2582fip2582inf210/project_specifications.html HTTP/1.1"
2526	2025/03/14 19:15:30	"GET /uv2582fip2582inf210/project_specifications.html HTTP/1.1"
2530	2025/03/14 20:00:10	"GET /uv2582fip2582inf210/project_part3.html HTTP/1.1"
2533	2025/03/14 20:30:37	"GET /uv2582fip2582inf210/project_presentation.html HTTP/1.1"
2533	2025/03/14 20:30:39	"GET /uv2582fip2582inf210/project_part2.html HTTP/1.1"
2525	2025/03/14 20:40:50	"GET /uv2582fip2582inf210/project_part1.html HTTP/1.1"
2525	2025/03/14 20:40:50	"GET /uv2582fip2582inf210/project_part1.html HTTP/1.1"
2525	2025/03/14 20:40:58	"GET /uv2582fip2582inf210/project_part2.html HTTP/1.1"
2551	2025/03/14 20:41:45	"GET /uv2582fip2582inf210/project_part2.html HTTP/1.1"
2557	2025/03/14 20:47:46	"GET /uv2582fip2582inf210/project_part2.html HTTP/1.1"
2557	2025/03/14 20:57:22	"GET /uv2582fip2582inf210/project_part1.html HTTP/1.1"
2527	2025/03/14 21:36:18	"GET /uv2582fip2582inf210/project_presentation.html HTTP/1.1"
2527	2025/03/14 21:36:28	"GET /uv2582fip2582inf210/project_specifications.html HTTP/1.1"
2546	2025/03/14 21:52:38	"GET /uv2582fip2582inf210/project_specifications.html HTTP/1.1"
2546	2025/03/14 21:52:53	"GET /uv2582fip2582inf210/project_specifications.html HTTP/1.1"
2546	2025/03/14 21:54:03	"GET /uv2582fip2582inf210/project_presentation.html HTTP/1.1"
259	2025/03/14 22:00:09	"GET /uv2582fip2582inf210/project_presentation.html HTTP/1.1"
259	2025/03/14 22:00:13	"GET /uv2582fip2582inf210/project_part3.html HTTP/1.1"
2551	2025/03/14 22:40:14	"GET /uv2582fip2582inf210/project_presentation.html HTTP/1.1"
2551	2025/03/14 22:40:15	"GET /uv2582fip2582inf210/project_evaluation.html HTTP/1.1"
259	2025/03/14 22:41:38	"GET /uv2582fip2582inf210/project_structureui.html HTTP/1.1"
259	2025/03/14 22:41:53	"GET /uv2582fip2582inf210/project_part3.html HTTP/1.1"
2536	2025/03/14 22:54:07	"GET /uv2582fip2582inf210/project_specifications.html HTTP/1.1"
2545	2025/03/14 23:10:03	"GET /uv2582fip2582inf210/project_part2.html HTTP/1.1"
252	2025/03/14 23:57:39	"GET /uv2582fip2582inf210/project_evaluation.html HTTP/1.1"
2571	2025/01/22 13:24:59	"GET /uv2582fip2582inf210/technical_environment_home.html HTTP/1.1"
2571	2025/01/22 13:25:02	"GET /uv2582fip2582inf210/images/prerequisite_techenv/prerequisite_techenv_2025.html HTTP/1.1"
2571	2025/01/22 13:25:03	"GET /uv2582fip2582inf210/documentation_docker.html HTTP/1.1"
2571	2025/01/22 13:30:39	"GET /uv2582fip2582inf210/practice_postgresql.html HTTP/1.1"
2571	2025/01/22 13:52:11	"GET /uv2582fip2582inf210/practice_docker.html HTTP/1.1"
2539	2025/01/22 13:58:35	"GET /uv2582fip2582inf210/PresentationUVINF210/pres.html HTTP/1.1"
2529	2025/01/22 13:59:06	"GET /uv2582fip2582inf210/PresentationUVINF210/pres.html HTTP/1.1"
2570	2025/01/22 14:20:03	"GET /uv2582fip2582inf210/technical_environment_home.html HTTP/1.1"
2570	2025/01/22 14:20:07	"GET /uv2582fip2582inf210/practice_docker.html HTTP/1.1"
2568	2025/01/22 14:22:02	"GET /uv2582fip2582inf210/practice_spring.html HTTP/1.1"
2568	2025/01/22 14:22:13	"GET /uv2582fip2582inf210/index.html HTTP/1.1"
2568	2025/01/22 14:22:39	"GET /uv2582fip2582inf210/technical_environment_home.html HTTP/1.1"
2568	2025/01/22 14:22:44	"GET /uv2582fip2582inf210/web_architecture_home.html HTTP/1.1"
2568	2025/01/22 14:22:47	"GET /uv2582fip2582inf210/images/prerequisite_archiweb/prerequisite_archiweb_2025.html HTTP/1.1"
2570	2025/01/22 14:23:58	"GET /uv2582fip2582inf210/practice_docker_advanced.html HTTP/1.1"
2571	2025/01/22 14:33:51	"GET /uv2582fip2582inf210/documentation_programming.html HTTP/1.1"
2571	2025/01/22 14:34:13	"GET /uv2582fip2582inf210/practice_spring.html HTTP/1.1"
2570	2025/01/22 14:36:38	"GET /uv2582fip2582inf210/documentation_rdbms.html HTTP/1.1"
2570	2025/01/22 14:36:42	"GET /uv2582fip2582inf210/practice_postgresql.html HTTP/1.1"
2510	2025/01/22 14:36:45	"GET /uv2582fip2582inf210/technical_environment_home.html HTTP/1.1"
2539	2025/01/22 14:37:38	"GET /uv2582fip2582inf210/technical_environment_home.html HTTP/1.1"
2539	2025/01/22 14:38:11	"GET /uv2582fip2582inf210/web_architecture_home.html HTTP/1.1"
2529	2025/01/22 14:38:14	"GET /uv2582fip2582inf210/technical_environment_home.html HTTP/1.1"
2522	2025/01/22 14:38:14	"GET /uv2582fip2582inf210/project_home.html HTTP/1.1"
2539	2025/01/22 14:38:17	"GET /uv2582fip2582inf210/data_home.html HTTP/1.1"
2539	2025/01/22 14:38:23	"GET /uv2582fip2582inf210/images/prerequisite_data/prerequisite_data_2025.html HTTP/1.1"
2529	2025/01/22 14:38:24	"GET /uv2582fip2582inf210/web_architecture_home.html HTTP/1.1"
2539	2025/01/22 14:38:24	"GET /uv2582fip2582inf210/data_home.html HTTP/1.1"
2529	2025/01/22 14:38:28	"GET /uv2582fip2582inf210/images/prerequisite_archiweb/prerequisite_archiweb_2025.html HTTP/1.1"
2539	2025/01/22 14:38:30	"GET /uv2582fip2582inf210/lecture_relational_model.html HTTP/1.1"
2510	2025/01/22 14:38:31	"GET /uv2582fip2582inf210/documentation_docker.html HTTP/1.1"
2510	2025/01/22 14:38:34	"GET /uv2582fip2582inf210/practice_docker.html HTTP/1.1"
2510	2025/01/22 14:38:35	"GET /uv2582fip2582inf210/practice_docker_advanced.html HTTP/1.1"
2522	2025/01/22 14:38:38	"GET /uv2582fip2582inf210/technical_environment_home.html HTTP/1.1"
2521	2025/01/22 14:38:39	"GET /uv2582fip2582inf210/data_home.html HTTP/1.1"
2521	2025/01/22 14:38:41	"GET /uv2582fip2582inf210/images/prerequisite_data/prerequisite_data_2025.html HTTP/1.1"
2529	2025/01/22 14:38:41	"GET /uv2582fip2582inf210/lecture_software_architecture.html HTTP/1.1"
2529	2025/01/22 14:38:55	"GET /uv2582fip2582inf210/index.html HTTP/1.1"
2521	2025/01/22 14:38:57	"GET /uv2582fip2582inf210/lecture_relational_model.html HTTP/1.1"
2522	2025/01/22 14:38:58	"GET /uv2582fip2582inf210/web_architecture_home.html HTTP/1.1"
2521	2025/01/22 14:38:59	"GET /uv2582fip2582inf210/lecture_modeling_normalization.html HTTP/1.1"
2529	2025/01/22 14:39:04	"GET /uv2582fip2582inf210/data_home.html HTTP/1.1"
2549	2025/01/22 14:39:09	"GET /uv2582fip2582inf210/PresentationUVINF210/pres.html HTTP/1.1"
2510	2025/01/22 14:39:17	"GET /uv2582fip2582inf210/practice_postgresql.html HTTP/1.1"
2529	2025/01/22 14:39:18	"GET /uv2582fip2582inf210/images/prerequisite_data/prerequisite_data_2025.html HTTP/1.1"
2549	2025/01/22 14:39:27	"GET /uv2582fip2582inf210/technical_environment_home.html HTTP/1.1"
2510	2025/01/22 14:39:30	"GET /uv2582fip2582inf210/documentation_programming.html HTTP/1.1"
2529	2025/01/22 14:39:32	"GET /uv2582fip2582inf210/project_home.html HTTP/1.1"
2549	2025/01/22 14:39:36	"GET /uv2582fip2582inf210/images/prerequisite_techenv/prerequisite_techenv_2025.html HTTP/1.1"
2529	2025/01/22 14:39:42	"GET /uv2582fip2582inf210/images/prerequisite_techenv/prerequisite_techenv_2025.html HTTP/1.1"
2521	2025/01/22 14:39:46	"GET /uv2582fip2582inf210/activity_normalization.html HTTP/1.1"
257	2025/01/22 14:39:48	"GET /uv2582fip2582inf210/project_home.html HTTP/1.1"
2510	2025/01/22 14:41:18	"GET /uv2582fip2582inf210/index.html HTTP/1.1"
2549	2025/01/22 14:44:33	"GET /uv2582fip2582inf210/web_architecture_home.html HTTP/1.1"
2549	2025/01/22 14:44:35	"GET /uv2582fip2582inf210/images/prerequisite_archiweb/prerequisite_archiweb_2025.html HTTP/1.1"
2514	2025/01/22 14:44:43	"GET /uv2582fip2582inf210/technical_environment_home.html HTTP/1.1"
258	2025/01/22 14:45:28	"GET /uv2582fip2582inf210/technical_environment_home.html HTTP/1.1"
258	2025/01/22 14:45:38	"GET /uv2582fip2582inf210/images/prerequisite_techenv/prerequisite_techenv_2025.html HTTP/1.1"
2530	2025/01/22 14:47:04	"GET /uv2582fip2582inf210/technical_environment_home.html HTTP/1.1"
2524	2025/01/22 14:47:24	"GET /uv2582fip2582inf210/web_architecture_home.html HTTP/1.1"
2524	2025/01/22 14:47:26	"GET /uv2582fip2582inf210/project_home.html HTTP/1.1"
257	2025/01/22 14:47:34	"GET /uv2582fip2582inf210/technical_environment_home.html HTTP/1.1"
2524	2025/01/22 14:47:37	"GET /uv2582fip2582inf210/project_home.html HTTP/1.1"
2541	2025/01/22 14:48:26	"GET /uv2582fip2582inf210/PresentationUVINF210/pres.html HTTP/1.1"
2517	2025/01/22 14:49:19	"GET /uv2582fip2582inf210/PresentationUVINF210/pres.html HTTP/1.1"
2529	2025/01/22 14:50:15	"GET /uv2582fip2582inf210/lecture_parser.html HTTP/1.1"
2541	2025/01/22 14:50:17	"GET /uv2582fip2582inf210/PresentationUVINF210/pres.html HTTP/1.1"
2529	2025/01/22 14:50:20	"GET /uv2582fip2582inf210/lecture_jaxb.html HTTP/1.1"
2529	2025/01/22 14:51:11	"GET /uv2582fip2582inf210/licence.html HTTP/1.1"
2529	2025/01/22 14:51:47	"GET /uv2582fip2582inf210/practice_spring_2tiers.html HTTP/1.1"
2549	2025/01/22 14:52:23	"GET /uv2582fip2582inf210/documentation_docker.html HTTP/1.1"
2549	2025/01/22 14:52:35	"GET /uv2582fip2582inf210/practice_docker_advanced.html HTTP/1.1"
2549	2025/01/22 14:52:50	"GET /uv2582fip2582inf210/documentation_rdbms.html HTTP/1.1"
2542	2025/01/22 14:52:54	"GET /uv2582fip2582inf210/technical_environment_home.html HTTP/1.1"
2521	2025/01/22 14:58:23	"GET /uv2582fip2582inf210/index.html HTTP/1.1"
258	2025/01/22 15:00:37	"GET /uv2582fip2582inf210/index.html HTTP/1.1"
2536	2025/01/22 15:37:39	"GET /uv2582fip2582inf210/index.html HTTP/1.1"
2527	2025/01/22 15:37:50	"GET /uv2582fip2582inf210/web_architecture_home.html HTTP/1.1"
2527	2025/01/22 15:38:42	"GET /uv2582fip2582inf210/lecture_software_architecture.html HTTP/1.1"
2527	2025/01/22 15:38:46	"GET /uv2582fip2582inf210/lecture_technical_architecture.html HTTP/1.1"
2527	2025/01/22 15:41:25	"GET /uv2582fip2582inf210/lecture_dto.html HTTP/1.1"
2527	2025/01/22 15:41:42	"GET /uv2582fip2582inf210/practice_spring_2tiers_ext.html HTTP/1.1"
2527	2025/01/22 15:41:46	"GET /uv2582fip2582inf210/lecture_mvc_spring.html HTTP/1.1"
2570	2025/01/22 15:50:13	"GET /uv2582fip2582inf210/documentation_programming.html HTTP/1.1"
2570	2025/01/22 15:50:26	"GET /uv2582fip2582inf210/inversion_of_control.html HTTP/1.1"
2570	2025/01/22 15:51:02	"GET /uv2582fip2582inf210/spring_bean.html HTTP/1.1"
2570	2025/01/22 15:51:22	"GET /uv2582fip2582inf210/practice_spring.html HTTP/1.1"
2570	2025/01/22 15:53:07	"GET /uv2582fip2582inf210/index.html HTTP/1.1"
2570	2025/01/22 15:53:12	"GET /uv2582fip2582inf210/web_architecture_home.html HTTP/1.1"
2570	2025/01/22 15:53:18	"GET /uv2582fip2582inf210/data_home.html HTTP/1.1"
2570	2025/01/22 15:53:21	"GET /uv2582fip2582inf210/project_home.html HTTP/1.1"
2543	2025/01/22 18:47:41	"GET /uv2582fip2582inf210/technical_environment_home.html HTTP/1.1"
2543	2025/01/22 18:47:47	"GET /uv2582fip2582inf210/documentation_docker.html HTTP/1.1"
2543	2025/01/22 18:47:59	"GET /uv2582fip2582inf210/web_architecture_home.html HTTP/1.1"
2543	2025/01/22 18:48:03	"GET /uv2582fip2582inf210/index.html HTTP/1.1"
2562	2025/02/18 08:09:13	"GET /uv2582fip2582inf210/practice_docker.html HTTP/1.1"
2562	2025/02/18 08:09:14	"GET /uv2582fip2582inf210/index.html HTTP/1.1"
2562	2025/02/18 08:11:04	"GET /uv2582fip2582inf210/web_architecture_home.html HTTP/1.1"
2562	2025/02/18 08:11:45	"GET /uv2582fip2582inf210/images/prerequisite_archiweb/prerequisite_archiweb_2025.html HTTP/1.1"
2562	2025/02/18 08:11:52	"GET /uv2582fip2582inf210/practice_jpa.html HTTP/1.1"
2562	2025/02/18 08:12:15	"GET /uv2582fip2582inf210/lecture_technical_architecture.html HTTP/1.1"
2562	2025/02/18 08:22:51	"GET /uv2582fip2582inf210/data_home.html HTTP/1.1"
2562	2025/02/18 08:22:52	"GET /uv2582fip2582inf210/images/prerequisite_data/prerequisite_data_2025.html HTTP/1.1"
2562	2025/02/18 08:23:05	"GET /uv2582fip2582inf210/lecture_modeling_normalization.html HTTP/1.1"
2562	2025/02/18 08:23:20	"GET /uv2582fip2582inf210/lecture_conceptual_modeling.html HTTP/1.1"
2557	2025/02/18 09:47:25	"GET /uv2582fip2582inf210/data_home.html HTTP/1.1"
2557	2025/02/18 09:48:33	"GET /uv2582fip2582inf210/images/prerequisite_data/prerequisite_data_2025.html HTTP/1.1"
2557	2025/02/18 09:48:38	"GET /uv2582fip2582inf210/lecture_modeling_normalization.html HTTP/1.1"
2557	2025/02/18 09:51:16	"GET /uv2582fip2582inf210/lecture_conceptual_modeling.html HTTP/1.1"
2557	2025/02/18 09:52:28	"GET /uv2582fip2582inf210/lecture_db_integrity.html HTTP/1.1"
2562	2025/02/18 10:07:35	"GET /uv2582fip2582inf210/practice_spring_2tiers_ext.html HTTP/1.1"
2557	2025/02/18 10:18:20	"GET /uv2582fip2582inf210/lecture_normalization.html HTTP/1.1"
2563	2025/02/18 11:00:52	"GET /uv2582fip2582inf210/data_home.html HTTP/1.1"
2563	2025/02/18 11:00:55	"GET /uv2582fip2582inf210/web_architecture_home.html HTTP/1.1"
2563	2025/02/18 11:01:06	"GET /uv2582fip2582inf210/practice_spring_2tiers.html HTTP/1.1"
2561	2025/02/18 11:02:17	"GET /uv2582fip2582inf210/data_home.html HTTP/1.1"
2561	2025/02/18 11:03:39	"GET /uv2582fip2582inf210/web_architecture_home.html HTTP/1.1"
2557	2025/02/18 11:03:40	"GET /uv2582fip2582inf210/web_architecture_home.html HTTP/1.1"
2561	2025/02/18 11:03:41	"GET /uv2582fip2582inf210/practice_jpa.html HTTP/1.1"
2557	2025/02/18 11:03:53	"GET /uv2582fip2582inf210/images/prerequisite_archiweb/prerequisite_archiweb_2025.html HTTP/1.1"
2557	2025/02/18 11:03:56	"GET /uv2582fip2582inf210/practice_jpa.html HTTP/1.1"
2557	2025/02/18 11:04:17	"GET /uv2582fip2582inf210/practice_jpa_advanced.html HTTP/1.1"
2535	2025/02/18 11:04:43	"GET /uv2582fip2582inf210/activity_sql.html HTTP/1.1"
2535	2025/02/18 11:05:28	"GET /uv2582fip2582inf210/index.html HTTP/1.1"
2535	2025/02/18 11:05:34	"GET /uv2582fip2582inf210/web_architecture_home.html HTTP/1.1"
2535	2025/02/18 11:05:38	"GET /uv2582fip2582inf210/practice_jpa_advanced.html HTTP/1.1"
2536	2025/02/18 11:06:38	"GET /uv2582fip2582inf210/practice_transaction_correction.html HTTP/1.1"
2558	2025/02/18 11:07:31	"GET /uv2582fip2582inf210/technical_environment_home.html HTTP/1.1"
2536	2025/02/18 11:07:34	"GET /uv2582fip2582inf210/web_architecture_home.html HTTP/1.1"
2572	2025/02/18 11:07:39	"GET /uv2582fip2582inf210/data_home.html HTTP/1.1"
2558	2025/02/18 11:07:40	"GET /uv2582fip2582inf210/documentation_programming.html HTTP/1.1"
2558	2025/02/18 11:07:42	"GET /uv2582fip2582inf210/practice_spring.html HTTP/1.1"
2572	2025/02/18 11:07:45	"GET /uv2582fip2582inf210/web_architecture_home.html HTTP/1.1"
2558	2025/02/18 11:07:47	"GET /uv2582fip2582inf210/index.html HTTP/1.1"
2558	2025/02/18 11:07:50	"GET /uv2582fip2582inf210/web_architecture_home.html HTTP/1.1"
2558	2025/02/18 11:07:55	"GET /uv2582fip2582inf210/practice_jpa.html HTTP/1.1"
2572	2025/02/18 11:08:10	"GET /uv2582fip2582inf210/practice_jpa.html HTTP/1.1"
2574	2025/02/18 11:08:16	"GET /uv2582fip2582inf210/technical_environment_home.html HTTP/1.1"
2561	2025/02/18 11:08:19	"GET /uv2582fip2582inf210/practice_jpa_advanced.html HTTP/1.1"
2568	2025/02/18 11:08:20	"GET /uv2582fip2582inf210/web_architecture_home.html HTTP/1.1"
2568	2025/02/18 11:08:23	"GET /uv2582fip2582inf210/images/prerequisite_archiweb/prerequisite_archiweb_2025.html HTTP/1.1"
2567	2025/02/18 11:08:24	"GET /uv2582fip2582inf210/index.html HTTP/1.1"
2567	2025/02/18 11:08:27	"GET /uv2582fip2582inf210/technical_environment_home.html HTTP/1.1"
2567	2025/02/18 11:08:34	"GET /uv2582fip2582inf210/web_architecture_home.html HTTP/1.1"
2536	2025/02/18 11:08:41	"GET /uv2582fip2582inf210/practice_jpa.html HTTP/1.1"
2574	2025/02/18 11:08:44	"GET /uv2582fip2582inf210/index.html HTTP/1.1"
2574	2025/02/18 11:08:55	"GET /uv2582fip2582inf210/web_architecture_home.html HTTP/1.1"
2562	2025/02/18 11:08:58	"GET /uv2582fip2582inf210/practice_jpa_advanced.html HTTP/1.1"
2574	2025/02/18 11:09:02	"GET /uv2582fip2582inf210/practice_jpa_advanced.html HTTP/1.1"
2567	2025/02/18 11:09:11	"GET /uv2582fip2582inf210/practice_jpa.html HTTP/1.1"
2568	2025/02/18 11:09:15	"GET /uv2582fip2582inf210/practice_jpa.html HTTP/1.1"
2568	2025/02/18 11:09:16	"GET /uv2582fip2582inf210/lecture_mvc_spring.html HTTP/1.1"
2573	2025/02/18 11:09:39	"GET /uv2582fip2582inf210/web_architecture_home.html HTTP/1.1"
2573	2025/02/18 11:09:53	"GET /uv2582fip2582inf210/practice_jpa_advanced.html HTTP/1.1"
2561	2025/02/18 11:10:30	"GET /uv2582fip2582inf210/practice_jpa.html HTTP/1.1"
2561	2025/02/18 11:10:31	"GET /uv2582fip2582inf210/practice_jpa.html HTTP/1.1"
2558	2025/02/18 11:10:36	"GET /uv2582fip2582inf210/practice_jpa.html HTTP/1.1"
2558	2025/02/18 11:10:36	"GET /uv2582fip2582inf210/practice_jpa_advanced.html HTTP/1.1"
2561	2025/02/18 11:10:38	"GET /uv2582fip2582inf210/practice_jpa.html HTTP/1.1"
2569	2025/02/18 11:10:41	"GET /uv2582fip2582inf210/web_architecture_home.html HTTP/1.1"
2569	2025/02/18 11:10:45	"GET /uv2582fip2582inf210/practice_jpa_advanced.html HTTP/1.1"
2566	2025/02/18 11:11:25	"GET /uv2582fip2582inf210/index.html HTTP/1.1"
2571	2025/02/18 11:11:28	"GET /uv2582fip2582inf210/web_architecture_home.html HTTP/1.1"
2571	2025/02/18 11:11:39	"GET /uv2582fip2582inf210/data_home.html HTTP/1.1"
2571	2025/02/18 11:11:40	"GET /uv2582fip2582inf210/images/prerequisite_data/prerequisite_data_2025.html HTTP/1.1"
2566	2025/02/18 11:11:41	"GET /uv2582fip2582inf210/web_architecture_home.html HTTP/1.1"
2566	2025/02/18 11:11:51	"GET /uv2582fip2582inf210/practice_jpa.html HTTP/1.1"
2571	2025/02/18 11:11:55	"GET /uv2582fip2582inf210/practice_transaction.html HTTP/1.1"
2571	2025/02/18 11:12:04	"GET /uv2582fip2582inf210/index.html HTTP/1.1"
2571	2025/02/18 11:12:16	"GET /uv2582fip2582inf210/images/prerequisite_archiweb/prerequisite_archiweb_2025.html HTTP/1.1"
2571	2025/02/18 11:12:28	"GET /uv2582fip2582inf210/practice_jpa.html HTTP/1.1"
2575	2025/02/18 11:12:44	"GET /uv2582fip2582inf210/data_home.html HTTP/1.1"
2556	2025/02/18 11:13:07	"GET /uv2582fip2582inf210/data_home.html HTTP/1.1"
2575	2025/02/18 11:13:08	"GET /uv2582fip2582inf210/index.html HTTP/1.1"
2575	2025/02/18 11:13:11	"GET /uv2582fip2582inf210/web_architecture_home.html HTTP/1.1"
2556	2025/02/18 11:13:12	"GET /uv2582fip2582inf210/technical_environment_home.html HTTP/1.1"
2556	2025/02/18 11:13:14	"GET /uv2582fip2582inf210/web_architecture_home.html HTTP/1.1"
2556	2025/02/18 11:13:18	"GET /uv2582fip2582inf210/images/prerequisite_archiweb/prerequisite_archiweb_2025.html HTTP/1.1"
2556	2025/02/18 11:17:16	"GET /uv2582fip2582inf210/web_architecture_home.html HTTP/1.1"
2556	2025/02/18 11:17:23	"GET /uv2582fip2582inf210/practice_jpa_advanced.html HTTP/1.1"
2569	2025/02/18 11:17:45	"GET /uv2582fip2582inf210/practice_jpa_advanced.html HTTP/1.1"
2565	2025/02/18 11:17:54	"GET /uv2582fip2582inf210/project_home.html HTTP/1.1"
2565	2025/02/18 11:17:57	"GET /uv2582fip2582inf210/data_home.html HTTP/1.1"
2564	2025/02/18 11:18:03	"GET /uv2582fip2582inf210/data_home.html HTTP/1.1"
2565	2025/02/18 11:18:06	"GET /uv2582fip2582inf210/practice_transaction.html HTTP/1.1"
2564	2025/02/18 11:18:07	"GET /uv2582fip2582inf210/images/prerequisite_data/prerequisite_data_2025.html HTTP/1.1"
2563	2025/02/18 11:18:08	"GET /uv2582fip2582inf210/practice_jpa.html HTTP/1.1"
2565	2025/02/18 11:18:10	"GET /uv2582fip2582inf210/lecture_isolation.html HTTP/1.1"
2565	2025/02/18 11:19:33	"GET /uv2582fip2582inf210/index.html HTTP/1.1"
2569	2025/02/18 11:20:08	"GET /uv2582fip2582inf210/practice_jpa.html HTTP/1.1"
2565	2025/02/18 11:20:24	"GET /uv2582fip2582inf210/web_architecture_home.html HTTP/1.1"
2565	2025/02/18 11:20:29	"GET /uv2582fip2582inf210/practice_jpa.html HTTP/1.1"
2569	2025/02/18 11:21:17	"GET /uv2582fip2582inf210/lecture_jpa.html HTTP/1.1"
2574	2025/02/18 11:28:53	"GET /uv2582fip2582inf210/documentation_docker.html HTTP/1.1"
2573	2025/02/18 11:29:02	"GET /uv2582fip2582inf210/web_architecture_home.html HTTP/1.1"
2573	2025/02/18 11:29:06	"GET /uv2582fip2582inf210/technical_environment_home.html HTTP/1.1"
2573	2025/02/18 11:29:34	"GET /uv2582fip2582inf210/practice_docker.html HTTP/1.1"
2574	2025/02/18 11:30:02	"GET /uv2582fip2582inf210/practice_docker.html HTTP/1.1"
2573	2025/02/18 11:30:18	"GET /uv2582fip2582inf210/web_architecture_home.html HTTP/1.1"
2573	2025/02/18 11:30:26	"GET /uv2582fip2582inf210/practice_jpa_advanced.html HTTP/1.1"
2565	2025/02/18 11:37:14	"GET /uv2582fip2582inf210/practice_jpa_advanced.html HTTP/1.1"
2561	2025/02/18 11:37:45	"GET /uv2582fip2582inf210/practice_jpa_advanced.html HTTP/1.1"
2566	2025/02/18 11:40:55	"GET /uv2582fip2582inf210/practice_jpa_advanced.html HTTP/1.1"
2536	2025/02/18 11:43:47	"GET /uv2582fip2582inf210/practice_jpa_advanced.html HTTP/1.1"
2575	2025/02/18 11:44:11	"GET /uv2582fip2582inf210/practice_jpa_advanced.html HTTP/1.1"
2575	2025/02/18 11:44:12	"GET /uv2582fip2582inf210/practice_jpa.html HTTP/1.1"
2567	2025/02/18 11:45:02	"GET /uv2582fip2582inf210/practice_jpa_advanced.html HTTP/1.1"
2561	2025/02/18 11:46:08	"GET /uv2582fip2582inf210/practice_jpa_advanced.html HTTP/1.1"
2569	2025/02/18 11:46:15	"GET /uv2582fip2582inf210/practice_jpa_advanced.html HTTP/1.1"
2569	2025/02/18 11:50:58	"GET /uv2582fip2582inf210/practice_spring_2tiers.html HTTP/1.1"
2570	2025/02/18 11:51:45	"GET /uv2582fip2582inf210/data_home.html HTTP/1.1"
2570	2025/02/18 11:51:47	"GET /uv2582fip2582inf210/images/prerequisite_data/prerequisite_data_2025.html HTTP/1.1"
2570	2025/02/18 11:51:55	"GET /uv2582fip2582inf210/practice_advanced_sql.html HTTP/1.1"
2568	2025/02/18 11:51:55	"GET /uv2582fip2582inf210/practice_jpa_advanced.html HTTP/1.1"
2572	2025/02/18 11:53:30	"GET /uv2582fip2582inf210/practice_jpa_advanced.html HTTP/1.1"
2536	2025/02/18 11:54:37	"GET /uv2582fip2582inf210/index.html HTTP/1.1"
2536	2025/02/18 11:54:59	"GET /uv2582fip2582inf210/web_architecture_home.html HTTP/1.1"
2558	2025/02/18 12:03:10	"GET /uv2582fip2582inf210/practice_spring_2tiers.html HTTP/1.1"
2529	2025/02/18 14:38:11	"GET /uv2582fip2582inf210/activity_decomposition.html HTTP/1.1"
2529	2025/02/18 14:41:55	"GET /uv2582fip2582inf210/activity_normalization.html HTTP/1.1"
2529	2025/02/18 15:07:29	"GET /uv2582fip2582inf210/activity_decomposition_correction.html HTTP/1.1"
2544	2025/02/18 17:14:28	"GET /uv2582fip2582inf210/web_architecture_home.html HTTP/1.1"
2544	2025/02/18 17:14:30	"GET /uv2582fip2582inf210/practice_spring_2tiers.html HTTP/1.1"
2551	2025/02/18 17:44:52	"GET /uv2582fip2582inf210/documentation_docker.html HTTP/1.1"
2551	2025/02/18 17:44:56	"GET /uv2582fip2582inf210/index.html HTTP/1.1"
2551	2025/02/18 17:44:59	"GET /uv2582fip2582inf210/web_architecture_home.html HTTP/1.1"
2551	2025/02/18 17:45:03	"GET /uv2582fip2582inf210/lecture_dto.html HTTP/1.1"
2551	2025/02/18 17:45:10	"GET /uv2582fip2582inf210/lecture_jpa.html HTTP/1.1"
2551	2025/02/18 17:45:12	"GET /uv2582fip2582inf210/practice_jpa.html HTTP/1.1"
2551	2025/02/18 18:42:14	"GET /uv2582fip2582inf210/practice_jpa_advanced.html HTTP/1.1"
2514	2025/02/18 18:58:41	"GET /uv2582fip2582inf210/project_home.html HTTP/1.1"
2514	2025/02/18 18:58:57	"GET /uv2582fip2582inf210/images/prerequisite_techenv/prerequisite_techenv_2025.html HTTP/1.1"
2514	2025/02/18 19:00:19	"GET /uv2582fip2582inf210/documentation_docker.html HTTP/1.1"
2514	2025/02/18 19:04:11	"GET /uv2582fip2582inf210/practice_docker.html HTTP/1.1"
2514	2025/02/18 19:11:51	"GET /uv2582fip2582inf210/practice_postgresql.html HTTP/1.1"
2514	2025/02/18 19:14:33	"GET /uv2582fip2582inf210/documentation_programming.html HTTP/1.1"
2514	2025/02/18 19:16:01	"GET /uv2582fip2582inf210/practice_spring.html HTTP/1.1"
2514	2025/02/18 19:21:52	"GET /uv2582fip2582inf210/spring_bean.html HTTP/1.1"
2514	2025/02/18 19:27:33	"GET /uv2582fip2582inf210/index.html HTTP/1.1"
2514	2025/02/18 19:27:39	"GET /uv2582fip2582inf210/data_home.html HTTP/1.1"
2514	2025/02/18 19:27:42	"GET /uv2582fip2582inf210/lecture_relational_model.html HTTP/1.1"
2514	2025/02/18 19:31:53	"GET /uv2582fip2582inf210/lecture_db_integrity.html HTTP/1.1"
2514	2025/02/18 19:40:40	"GET /uv2582fip2582inf210/activity_relational_model.html HTTP/1.1"
2514	2025/02/18 19:40:50	"GET /uv2582fip2582inf210/activity_relational_model_correction.html HTTP/1.1"
2514	2025/02/18 19:41:05	"GET /uv2582fip2582inf210/lecture_modeling_normalization.html HTTP/1.1"
2514	2025/02/18 19:43:52	"GET /uv2582fip2582inf210/lecture_conceptual_modeling.html HTTP/1.1"
256	2025/02/18 20:53:53	"GET /uv2582fip2582inf210/data_home.html HTTP/1.1"
256	2025/02/18 20:54:18	"GET /uv2582fip2582inf210/lecture_db_integrity.html HTTP/1.1"
256	2025/02/18 20:54:21	"GET /uv2582fip2582inf210/lecture_modeling_normalization.html HTTP/1.1"
256	2025/02/18 20:54:22	"GET /uv2582fip2582inf210/lecture_conceptual_modeling.html HTTP/1.1"
256	2025/02/18 20:54:25	"GET /uv2582fip2582inf210/lecture_normalization.html HTTP/1.1"
256	2025/02/18 20:54:27	"GET /uv2582fip2582inf210/lecture_independence_views.html HTTP/1.1"
252	2025/02/18 21:02:07	"GET /uv2582fip2582inf210/project_home.html HTTP/1.1"
256	2025/02/18 21:32:44	"GET /uv2582fip2582inf210/activity_relational_model.html HTTP/1.1"
2557	2025/02/18 21:37:47	"GET /uv2582fip2582inf210/practice_jpa.html HTTP/1.1"
2535	2025/02/18 21:48:34	"GET /uv2582fip2582inf210/lecture_normalization.html HTTP/1.1"
2535	2025/02/18 21:48:44	"GET /uv2582fip2582inf210/practice_jpa_advanced.html HTTP/1.1"
256	2025/02/18 22:12:35	"GET /uv2582fip2582inf210/activity_conceptual_modeling.html HTTP/1.1"
256	2025/02/18 22:31:53	"GET /uv2582fip2582inf210/activity_normalization.html HTTP/1.1"
256	2025/02/18 22:32:04	"GET /uv2582fip2582inf210/activity_decomposition.html HTTP/1.1"
256	2025/02/18 22:41:41	"GET /uv2582fip2582inf210/practice_independence_views.html HTTP/1.1"
256	2025/02/18 22:52:37	"GET /uv2582fip2582inf210/activity_sql.html HTTP/1.1"
256	2025/02/18 22:52:40	"GET /uv2582fip2582inf210/practice_sql.html HTTP/1.1"
256	2025/02/18 22:52:42	"GET /uv2582fip2582inf210/practice_advanced_sql.html HTTP/1.1"
256	2025/02/18 22:54:08	"GET /uv2582fip2582inf210/lecture_indexation.html HTTP/1.1"
256	2025/02/18 22:54:16	"GET /uv2582fip2582inf210/lecture_transaction.html HTTP/1.1"
256	2025/02/18 22:54:45	"GET /uv2582fip2582inf210/practice_transaction.html HTTP/1.1"
2571	2025/02/18 23:34:10	"GET /uv2582fip2582inf210/technical_environment_home.html HTTP/1.1"
2571	2025/02/18 23:34:16	"GET /uv2582fip2582inf210/images/prerequisite_techenv/prerequisite_techenv_2025.html HTTP/1.1"
2571	2025/02/18 23:34:18	"GET /uv2582fip2582inf210/documentation_docker.html HTTP/1.1"
2563	2025/03/13 07:46:19	"GET /uv2582fip2582inf210/project_presentation.html HTTP/1.1"
2563	2025/03/13 07:46:21	"GET /uv2582fip2582inf210/project_part2.html HTTP/1.1"
2561	2025/03/13 09:06:21	"GET /uv2582fip2582inf210/project_presentation.html HTTP/1.1"
2561	2025/03/13 09:06:24	"GET /uv2582fip2582inf210/project_part2.html HTTP/1.1"
2564	2025/03/13 09:07:40	"GET /uv2582fip2582inf210/project_part2.html HTTP/1.1"
2565	2025/03/13 09:42:56	"GET /uv2582fip2582inf210/project_part2.html HTTP/1.1"
2566	2025/03/13 09:46:48	"GET /uv2582fip2582inf210/project_presentation.html HTTP/1.1"
2566	2025/03/13 09:46:51	"GET /uv2582fip2582inf210/project_part2.html HTTP/1.1"
2567	2025/03/13 09:47:24	"GET /uv2582fip2582inf210/project_presentation.html HTTP/1.1"
2567	2025/03/13 09:48:05	"GET /uv2582fip2582inf210/project_part2.html HTTP/1.1"
2568	2025/03/13 09:49:21	"GET /uv2582fip2582inf210/project_presentation.html HTTP/1.1"
2568	2025/03/13 09:49:27	"GET /uv2582fip2582inf210/project_part2.html HTTP/1.1"
2558	2025/03/13 09:52:19	"GET /uv2582fip2582inf210/project_presentation.html HTTP/1.1"
2558	2025/03/13 09:52:28	"GET /uv2582fip2582inf210/project_part2.html HTTP/1.1"
2561	2025/03/13 09:52:29	"GET /uv2582fip2582inf210/data_home.html HTTP/1.1"
2561	2025/03/13 09:52:30	"GET /uv2582fip2582inf210/index.html HTTP/1.1"
2561	2025/03/13 09:52:36	"GET /uv2582fip2582inf210/project_presentation.html HTTP/1.1"
2561	2025/03/13 09:52:39	"GET /uv2582fip2582inf210/project_part2.html HTTP/1.1"
2569	2025/03/13 10:00:47	"GET /uv2582fip2582inf210/web_architecture_home.html HTTP/1.1"
2569	2025/03/13 10:00:50	"GET /uv2582fip2582inf210/data_home.html HTTP/1.1"
2569	2025/03/13 10:00:54	"GET /uv2582fip2582inf210/project_presentation.html HTTP/1.1"
2569	2025/03/13 10:00:57	"GET /uv2582fip2582inf210/project_part2.html HTTP/1.1"
2562	2025/03/13 10:04:54	"GET /uv2582fip2582inf210/project_specifications.html HTTP/1.1"
2562	2025/03/13 10:05:23	"GET /uv2582fip2582inf210/project_part2.html HTTP/1.1"
2564	2025/03/13 10:05:42	"GET /uv2582fip2582inf210/project_part1.html HTTP/1.1"
2562	2025/03/13 10:05:43	"GET /uv2582fip2582inf210/practice_docker.html HTTP/1.1"
2571	2025/03/13 10:10:34	"GET /uv2582fip2582inf210/project_presentation.html HTTP/1.1"
2571	2025/03/13 10:10:41	"GET /uv2582fip2582inf210/project_part1.html HTTP/1.1"
2571	2025/03/13 10:11:11	"GET /uv2582fip2582inf210/project_part2.html HTTP/1.1"
2571	2025/03/13 10:11:37	"GET /uv2582fip2582inf210/project_part3.html HTTP/1.1"
2571	2025/03/13 10:11:48	"GET /uv2582fip2582inf210/project_structureui.html HTTP/1.1"
2570	2025/03/13 10:14:38	"GET /uv2582fip2582inf210/project_part2.html HTTP/1.1"
2536	2025/03/13 10:14:43	"GET /uv2582fip2582inf210/project_specifications.html HTTP/1.1"
2568	2025/03/13 10:23:31	"GET /uv2582fip2582inf210/index.html HTTP/1.1"
2567	2025/03/13 10:23:53	"GET /uv2582fip2582inf210/project_part3.html HTTP/1.1"
2536	2025/03/13 10:35:12	"GET /uv2582fip2582inf210/project_part2.html HTTP/1.1"
2572	2025/03/13 10:36:35	"GET /uv2582fip2582inf210/project_presentation.html HTTP/1.1"
2572	2025/03/13 10:36:38	"GET /uv2582fip2582inf210/project_part3.html HTTP/1.1"
2561	2025/03/13 10:51:46	"GET /uv2582fip2582inf210/project_part2.html HTTP/1.1"
2561	2025/03/13 10:51:49	"GET /uv2582fip2582inf210/project_part2.html HTTP/1.1"
2561	2025/03/13 10:54:35	"GET /uv2582fip2582inf210/project_structureui.html HTTP/1.1"
2524	2025/03/13 11:00:55	"GET /uv2582fip2582inf210/index.html HTTP/1.1"
2524	2025/03/13 11:00:59	"GET /uv2582fip2582inf210/project_presentation.html HTTP/1.1"
2524	2025/03/13 11:01:01	"GET /uv2582fip2582inf210/project_specifications.html HTTP/1.1"
2561	2025/03/13 11:01:32	"GET /uv2582fip2582inf210/project_part2.html HTTP/1.1"
2558	2025/03/13 11:11:01	"GET /uv2582fip2582inf210/project_part1.html HTTP/1.1"
2558	2025/03/13 11:11:09	"GET /uv2582fip2582inf210/index.html HTTP/1.1"
2535	2025/03/13 11:29:37	"GET /uv2582fip2582inf210/project_part1.html HTTP/1.1"
2535	2025/03/13 11:29:54	"GET /uv2582fip2582inf210/project_part2.html HTTP/1.1"
2535	2025/03/13 11:33:59	"GET /uv2582fip2582inf210/project_part3.html HTTP/1.1"
2535	2025/03/13 11:34:08	"GET /uv2582fip2582inf210/project_structureui.html HTTP/1.1"
2535	2025/03/13 11:34:17	"GET /uv2582fip2582inf210/project_evaluation.html HTTP/1.1"
2535	2025/03/13 11:35:48	"GET /uv2582fip2582inf210/project_task_time.html HTTP/1.1"
2570	2025/03/13 11:36:19	"GET /uv2582fip2582inf210/project_part3.html HTTP/1.1"
2574	2025/03/13 12:08:10	"GET /uv2582fip2582inf210/project_presentation.html HTTP/1.1"
2574	2025/03/13 12:08:12	"GET /uv2582fip2582inf210/project_part3.html HTTP/1.1"
2536	2025/03/13 12:09:09	"GET /uv2582fip2582inf210/project_part3.html HTTP/1.1"
2574	2025/03/13 12:09:24	"GET /uv2582fip2582inf210/project_part2.html HTTP/1.1"
2574	2025/03/13 12:09:34	"GET /uv2582fip2582inf210/project_specifications.html HTTP/1.1"
2548	2025/03/13 12:33:58	"GET /uv2582fip2582inf210/project_presentation.html HTTP/1.1"
2548	2025/03/13 12:34:52	"GET /uv2582fip2582inf210/project_part2.html HTTP/1.1"
2548	2025/03/13 12:36:18	"GET /uv2582fip2582inf210/project_part1.html HTTP/1.1"
2548	2025/03/13 12:36:21	"GET /uv2582fip2582inf210/project_specifications.html HTTP/1.1"
2517	2025/03/13 14:26:46	"GET /uv2582fip2582inf210/technical_environment_home.html HTTP/1.1"
2517	2025/03/13 14:26:48	"GET /uv2582fip2582inf210/index.html HTTP/1.1"
2517	2025/03/13 14:26:51	"GET /uv2582fip2582inf210/project_presentation.html HTTP/1.1"
2517	2025/03/13 14:26:55	"GET /uv2582fip2582inf210/project_part3.html HTTP/1.1"
2517	2025/03/13 14:26:56	"GET /uv2582fip2582inf210/project_structureui.html HTTP/1.1"
2553	2025/03/13 15:36:30	"GET /uv2582fip2582inf210/project_presentation.html HTTP/1.1"
2553	2025/03/13 15:36:33	"GET /uv2582fip2582inf210/project_part3.html HTTP/1.1"
2542	2025/03/13 15:36:51	"GET /uv2582fip2582inf210/project_presentation.html HTTP/1.1"
2542	2025/03/13 15:36:54	"GET /uv2582fip2582inf210/project_part2.html HTTP/1.1"
2553	2025/03/13 15:39:25	"GET /uv2582fip2582inf210/project_structureui.html HTTP/1.1"
2520	2025/03/13 15:42:33	"GET /uv2582fip2582inf210/project_part3.html HTTP/1.1"
2520	2025/03/13 15:42:40	"GET /uv2582fip2582inf210/project_structureui.html HTTP/1.1"
2520	2025/03/13 15:53:57	"GET /uv2582fip2582inf210/project_specifications.html HTTP/1.1"
2531	2025/03/13 15:57:14	"GET /uv2582fip2582inf210/web_architecture_home.html HTTP/1.1"
2531	2025/03/13 15:57:24	"GET /uv2582fip2582inf210/project_presentation.html HTTP/1.1"
2531	2025/03/13 15:57:29	"GET /uv2582fip2582inf210/project_part3.html HTTP/1.1"
2536	2025/03/13 16:19:52	"GET /uv2582fip2582inf210/project_specifications.html HTTP/1.1"
2574	2025/03/13 16:21:35	"GET /uv2582fip2582inf210/project_structureui.html HTTP/1.1"
2574	2025/03/13 16:21:52	"GET /uv2582fip2582inf210/project_part3.html HTTP/1.1"
2531	2025/03/13 16:31:30	"GET /uv2582fip2582inf210/project_structureui.html HTTP/1.1"
2561	2025/03/13 16:39:34	"GET /uv2582fip2582inf210/project_presentation.html HTTP/1.1"
2561	2025/03/13 16:39:38	"GET /uv2582fip2582inf210/project_part2.html HTTP/1.1"
2536	2025/03/13 16:41:41	"GET /uv2582fip2582inf210/project_part2.html HTTP/1.1"
2536	2025/03/13 16:41:43	"GET /uv2582fip2582inf210/project_part3.html HTTP/1.1"
2536	2025/03/13 16:44:25	"GET /uv2582fip2582inf210/project_structureui.html HTTP/1.1"
2531	2025/03/13 16:46:06	"GET /uv2582fip2582inf210/project_specifications.html HTTP/1.1"
2536	2025/03/13 16:58:09	"GET /uv2582fip2582inf210/project_part3.html HTTP/1.1"
2518	2025/03/13 17:13:22	"GET /uv2582fip2582inf210/project_part3.html HTTP/1.1"
2518	2025/03/13 17:15:34	"GET /uv2582fip2582inf210/project_specifications.html HTTP/1.1"
2546	2025/03/13 17:18:34	"GET /uv2582fip2582inf210/project_presentation.html HTTP/1.1"
2546	2025/03/13 17:18:56	"GET /uv2582fip2582inf210/project_specifications.html HTTP/1.1"
2575	2025/03/13 17:26:16	"GET /uv2582fip2582inf210/project_part3.html HTTP/1.1"
2554	2025/03/13 17:50:33	"GET /uv2582fip2582inf210/project_part2.html HTTP/1.1"
2530	2025/03/13 17:56:42	"GET /uv2582fip2582inf210/project_presentation.html HTTP/1.1"
2549	2025/03/13 18:02:07	"GET /uv2582fip2582inf210/project_presentation.html HTTP/1.1"
2549	2025/03/13 18:02:12	"GET /uv2582fip2582inf210/project_specifications.html HTTP/1.1"
2517	2025/03/13 18:02:18	"GET /uv2582fip2582inf210/technical_environment_home.html HTTP/1.1"
2517	2025/03/13 18:02:23	"GET /uv2582fip2582inf210/index.html HTTP/1.1"
2517	2025/03/13 18:02:26	"GET /uv2582fip2582inf210/project_presentation.html HTTP/1.1"
2517	2025/03/13 18:02:28	"GET /uv2582fip2582inf210/project_part3.html HTTP/1.1"
2517	2025/03/13 18:22:04	"GET /uv2582fip2582inf210/project_specifications.html HTTP/1.1"
252	2025/03/13 18:35:53	"GET /uv2582fip2582inf210/project_presentation.html HTTP/1.1"
252	2025/03/13 18:36:02	"GET /uv2582fip2582inf210/project_part2.html HTTP/1.1"
2545	2025/03/13 18:39:45	"GET /uv2582fip2582inf210/project_part2.html HTTP/1.1"
2551	2025/03/13 18:41:08	"GET /uv2582fip2582inf210/project_part2.html HTTP/1.1"
256	2025/03/13 18:57:05	"GET /uv2582fip2582inf210/project_presentation.html HTTP/1.1"
256	2025/03/13 18:57:08	"GET /uv2582fip2582inf210/project_part3.html HTTP/1.1"
2570	2025/03/13 19:20:13	"GET /uv2582fip2582inf210/project_presentation.html HTTP/1.1"
2521	2025/03/13 20:41:59	"GET /uv2582fip2582inf210/project_presentation.html HTTP/1.1"
2521	2025/03/13 20:42:02	"GET /uv2582fip2582inf210/project_part2.html HTTP/1.1"
252	2025/03/13 21:04:52	"GET /uv2582fip2582inf210/project_part3.html HTTP/1.1"
252	2025/03/13 21:07:27	"GET /uv2582fip2582inf210/project_specifications.html HTTP/1.1"
2554	2025/03/13 21:19:04	"GET /uv2582fip2582inf210/project_part3.html HTTP/1.1"
2512	2025/03/13 21:19:49	"GET /uv2582fip2582inf210/project_part1.html HTTP/1.1"
2511	2025/03/13 21:39:37	"GET /uv2582fip2582inf210/technical_environment_home.html HTTP/1.1"
2511	2025/03/13 21:39:39	"GET /uv2582fip2582inf210/index.html HTTP/1.1"
2511	2025/03/13 21:39:41	"GET /uv2582fip2582inf210/project_presentation.html HTTP/1.1"
2511	2025/03/13 21:45:06	"GET /uv2582fip2582inf210/project_part2.html HTTP/1.1"
2561	2025/03/13 22:12:41	"GET /uv2582fip2582inf210/project_presentation.html HTTP/1.1"
2561	2025/03/13 22:12:43	"GET /uv2582fip2582inf210/project_part2.html HTTP/1.1"
2511	2025/03/13 22:18:24	"GET /uv2582fip2582inf210/data_home.html HTTP/1.1"
259	2025/03/13 22:27:02	"GET /uv2582fip2582inf210/project_presentation.html HTTP/1.1"
259	2025/03/13 22:27:09	"GET /uv2582fip2582inf210/project_part2.html HTTP/1.1"
2513	2025/03/13 23:08:41	"GET /uv2582fip2582inf210/project_presentation.html HTTP/1.1"
2513	2025/03/13 23:08:44	"GET /uv2582fip2582inf210/project_part2.html HTTP/1.1"
2530	2025/03/13 23:36:19	"GET /uv2582fip2582inf210/project_part2.html HTTP/1.1"
2536	2025/03/06 07:56:15	"GET /uv2582fip2582inf210/practice_spring_2tiers_ext.html HTTP/1.1"
2536	2025/03/06 07:59:28	"GET /uv2582fip2582inf210/index.html HTTP/1.1"
2572	2025/03/06 08:03:15	"GET /uv2582fip2582inf210/project_presentation.html HTTP/1.1"
2565	2025/03/06 08:05:36	"GET /uv2582fip2582inf210/practice_spring_2tiers_ext.html HTTP/1.1"
2536	2025/03/06 08:06:58	"GET /uv2582fip2582inf210/index.html HTTP/1.1"
2568	2025/03/06 08:07:00	"GET /uv2582fip2582inf210/technical_environment_home.html HTTP/1.1"
2536	2025/03/06 08:07:00	"GET /uv2582fip2582inf210/project_presentation.html HTTP/1.1"
2565	2025/03/06 08:07:36	"GET /uv2582fip2582inf210/index.html HTTP/1.1"
2565	2025/03/06 08:07:39	"GET /uv2582fip2582inf210/project_presentation.html HTTP/1.1"
2566	2025/03/06 08:07:42	"GET /uv2582fip2582inf210/project_presentation.html HTTP/1.1"
2561	2025/03/06 08:07:44	"GET /uv2582fip2582inf210/project_presentation.html HTTP/1.1"
2535	2025/03/06 08:07:47	"GET /uv2582fip2582inf210/project_presentation.html HTTP/1.1"
2570	2025/03/06 08:07:52	"GET /uv2582fip2582inf210/project_presentation.html HTTP/1.1"
2563	2025/03/06 08:07:55	"GET /uv2582fip2582inf210/project_presentation.html HTTP/1.1"
2568	2025/03/06 08:07:57	"GET /uv2582fip2582inf210/index.html HTTP/1.1"
2563	2025/03/06 08:07:58	"GET /uv2582fip2582inf210/project_evaluation.html HTTP/1.1"
2568	2025/03/06 08:07:59	"GET /uv2582fip2582inf210/project_presentation.html HTTP/1.1"
2574	2025/03/06 08:08:01	"GET /uv2582fip2582inf210/project_presentation.html HTTP/1.1"
2562	2025/03/06 08:08:12	"GET /uv2582fip2582inf210/project_presentation.html HTTP/1.1"
2569	2025/03/06 08:08:14	"GET /uv2582fip2582inf210/project_presentation.html HTTP/1.1"
2572	2025/03/06 08:08:19	"GET /uv2582fip2582inf210/project_part1.html HTTP/1.1"
2535	2025/03/06 08:08:25	"GET /uv2582fip2582inf210/project_specifications.html HTTP/1.1"
2570	2025/03/06 08:08:26	"GET /uv2582fip2582inf210/project_part2.html HTTP/1.1"
2572	2025/03/06 08:08:33	"GET /uv2582fip2582inf210/project_specifications.html HTTP/1.1"
2558	2025/03/06 08:08:40	"GET /uv2582fip2582inf210/practice_postgresql.html HTTP/1.1"
2562	2025/03/06 08:08:40	"GET /uv2582fip2582inf210/project_specifications.html HTTP/1.1"
2535	2025/03/06 08:08:42	"GET /uv2582fip2582inf210/project_evaluation.html HTTP/1.1"
2535	2025/03/06 08:08:43	"GET /uv2582fip2582inf210/project_presentation.html HTTP/1.1"
2569	2025/03/06 08:08:44	"GET /uv2582fip2582inf210/project_specifications.html HTTP/1.1"
2562	2025/03/06 08:08:50	"GET /uv2582fip2582inf210/project_evaluation.html HTTP/1.1"
2558	2025/03/06 08:09:03	"GET /uv2582fip2582inf210/project_presentation.html HTTP/1.1"
2569	2025/03/06 08:09:04	"GET /uv2582fip2582inf210/project_part1.html HTTP/1.1"
2570	2025/03/06 08:09:08	"GET /uv2582fip2582inf210/project_part1.html HTTP/1.1"
2536	2025/03/06 08:09:21	"GET /uv2582fip2582inf210/project_presentation.html HTTP/1.1"
2573	2025/03/06 08:09:22	"GET /uv2582fip2582inf210/technical_environment_home.html HTTP/1.1"
2557	2025/03/06 08:09:24	"GET /uv2582fip2582inf210/project_presentation.html HTTP/1.1"
2574	2025/03/06 08:09:35	"GET /uv2582fip2582inf210/project_part1.html HTTP/1.1"
2563	2025/03/06 08:09:49	"GET /uv2582fip2582inf210/project_part1.html HTTP/1.1"
2574	2025/03/06 08:09:52	"GET /uv2582fip2582inf210/project_specifications.html HTTP/1.1"
2566	2025/03/06 08:09:52	"GET /uv2582fip2582inf210/project_specifications.html HTTP/1.1"
2535	2025/03/06 08:09:55	"GET /uv2582fip2582inf210/project_task_time.html HTTP/1.1"
2561	2025/03/06 08:10:02	"GET /uv2582fip2582inf210/project_evaluation.html HTTP/1.1"
2535	2025/03/06 08:10:10	"GET /uv2582fip2582inf210/project_part1.html HTTP/1.1"
2566	2025/03/06 08:10:39	"GET /uv2582fip2582inf210/project_evaluation.html HTTP/1.1"
2565	2025/03/06 08:11:09	"GET /uv2582fip2582inf210/project_evaluation.html HTTP/1.1"
2564	2025/03/06 08:11:21	"GET /uv2582fip2582inf210/project_presentation.html HTTP/1.1"
2558	2025/03/06 08:11:26	"GET /uv2582fip2582inf210/project_part1.html HTTP/1.1"
2574	2025/03/06 08:11:27	"GET /uv2582fip2582inf210/project_presentation.html HTTP/1.1"
2568	2025/03/06 08:11:31	"GET /uv2582fip2582inf210/project_part1.html HTTP/1.1"
2558	2025/03/06 08:11:32	"GET /uv2582fip2582inf210/project_specifications.html HTTP/1.1"
2570	2025/03/06 08:11:32	"GET /uv2582fip2582inf210/project_specifications.html HTTP/1.1"
2566	2025/03/06 08:11:33	"GET /uv2582fip2582inf210/project_task_time.html HTTP/1.1"
2564	2025/03/06 08:11:38	"GET /uv2582fip2582inf210/project_part1.html HTTP/1.1"
2563	2025/03/06 08:11:46	"GET /uv2582fip2582inf210/project_specifications.html HTTP/1.1"
2564	2025/03/06 08:11:50	"GET /uv2582fip2582inf210/project_specifications.html HTTP/1.1"
2565	2025/03/06 08:13:01	"GET /uv2582fip2582inf210/project_specifications.html HTTP/1.1"
2562	2025/03/06 08:13:29	"GET /uv2582fip2582inf210/project_task_time.html HTTP/1.1"
2556	2025/03/06 08:13:30	"GET /uv2582fip2582inf210/project_presentation.html HTTP/1.1"
2567	2025/03/06 08:14:03	"GET /uv2582fip2582inf210/project_presentation.html HTTP/1.1"
2544	2025/03/06 08:14:35	"GET /uv2582fip2582inf210/project_presentation.html HTTP/1.1"
2544	2025/03/06 08:14:38	"GET /uv2582fip2582inf210/project_part2.html HTTP/1.1"
2561	2025/03/06 08:14:41	"GET /uv2582fip2582inf210/project_evaluation.html HTTP/1.1"
2561	2025/03/06 08:14:47	"GET /uv2582fip2582inf210/project_specifications.html HTTP/1.1"
2556	2025/03/06 08:15:03	"GET /uv2582fip2582inf210/project_specifications.html HTTP/1.1"
2554	2025/03/06 08:16:42	"GET /uv2582fip2582inf210/project_part2.html HTTP/1.1"
2536	2025/03/06 08:16:53	"GET /uv2582fip2582inf210/project_specifications.html HTTP/1.1"
2567	2025/03/06 08:17:02	"GET /uv2582fip2582inf210/project_specifications.html HTTP/1.1"
2567	2025/03/06 08:17:12	"GET /uv2582fip2582inf210/project_task_time.html HTTP/1.1"
2536	2025/03/06 08:17:35	"GET /uv2582fip2582inf210/project_evaluation.html HTTP/1.1"
2562	2025/03/06 08:18:32	"GET /uv2582fip2582inf210/project_part1.html HTTP/1.1"
2569	2025/03/06 08:18:33	"GET /uv2582fip2582inf210/project_task_time.html HTTP/1.1"
2567	2025/03/06 08:18:45	"GET /uv2582fip2582inf210/project_evaluation.html HTTP/1.1"
2519	2025/03/06 08:19:03	"GET /uv2582fip2582inf210/project_presentation.html HTTP/1.1"
2519	2025/03/06 08:19:08	"GET /uv2582fip2582inf210/project_part2.html HTTP/1.1"
2557	2025/03/06 08:19:19	"GET /uv2582fip2582inf210/project_evaluation.html HTTP/1.1"
2567	2025/03/06 08:19:24	"GET /uv2582fip2582inf210/project_part1.html HTTP/1.1"
2536	2025/03/06 08:19:34	"GET /uv2582fip2582inf210/project_evaluation.html HTTP/1.1"
2572	2025/03/06 08:19:41	"GET /uv2582fip2582inf210/project_task_time.html HTTP/1.1"
2569	2025/03/06 08:20:15	"GET /uv2582fip2582inf210/data_home.html HTTP/1.1"
2536	2025/03/06 08:21:11	"GET /uv2582fip2582inf210/project_specifications.html HTTP/1.1"
2536	2025/03/06 08:21:14	"GET /uv2582fip2582inf210/project_task_time.html HTTP/1.1"
2536	2025/03/06 08:21:25	"GET /uv2582fip2582inf210/project_specifications.html HTTP/1.1"
2565	2025/03/06 08:21:34	"GET /uv2582fip2582inf210/project_part1.html HTTP/1.1"
2557	2025/03/06 08:21:40	"GET /uv2582fip2582inf210/project_specifications.html HTTP/1.1"
2557	2025/03/06 08:21:47	"GET /uv2582fip2582inf210/project_task_time.html HTTP/1.1"
2569	2025/03/06 08:22:49	"GET /uv2582fip2582inf210/activity_conceptual_modeling_correction.html HTTP/1.1"
2556	2025/03/06 08:23:50	"GET /uv2582fip2582inf210/activity_decomposition.html HTTP/1.1"
2556	2025/03/06 08:24:14	"GET /uv2582fip2582inf210/activity_decomposition_correction.html HTTP/1.1"
2556	2025/03/06 08:24:24	"GET /uv2582fip2582inf210/lecture_independence_views.html HTTP/1.1"
2573	2025/03/06 08:24:38	"GET /uv2582fip2582inf210/index.html HTTP/1.1"
2573	2025/03/06 08:24:40	"GET /uv2582fip2582inf210/project_presentation.html HTTP/1.1"
2556	2025/03/06 08:24:49	"GET /uv2582fip2582inf210/activity_conceptual_modeling.html HTTP/1.1"
2556	2025/03/06 08:24:52	"GET /uv2582fip2582inf210/activity_conceptual_modeling_correction.html HTTP/1.1"
2573	2025/03/06 08:24:54	"GET /uv2582fip2582inf210/project_part1.html HTTP/1.1"
2520	2025/03/06 08:25:02	"GET /uv2582fip2582inf210/project_presentation.html HTTP/1.1"
2520	2025/03/06 08:25:05	"GET /uv2582fip2582inf210/project_part2.html HTTP/1.1"
2561	2025/03/06 08:28:34	"GET /uv2582fip2582inf210/project_task_time.html HTTP/1.1"
2561	2025/03/06 08:29:48	"GET /uv2582fip2582inf210/project_part1.html HTTP/1.1"
2568	2025/03/06 08:30:16	"GET /uv2582fip2582inf210/project_specifications.html HTTP/1.1"
2536	2025/03/06 08:30:37	"GET /uv2582fip2582inf210/project_part1.html HTTP/1.1"
2573	2025/03/06 08:30:55	"GET /uv2582fip2582inf210/web_architecture_home.html HTTP/1.1"
2573	2025/03/06 08:31:03	"GET /uv2582fip2582inf210/practice_docker.html HTTP/1.1"
2533	2025/03/06 08:31:30	"GET /uv2582fip2582inf210/project_presentation.html HTTP/1.1"
2533	2025/03/06 08:31:35	"GET /uv2582fip2582inf210/project_part2.html HTTP/1.1"
2571	2025/03/06 08:31:47	"GET /uv2582fip2582inf210/project_presentation.html HTTP/1.1"
2571	2025/03/06 08:32:22	"GET /uv2582fip2582inf210/project_evaluation.html HTTP/1.1"
2571	2025/03/06 08:32:35	"GET /uv2582fip2582inf210/project_specifications.html HTTP/1.1"
2571	2025/03/06 08:32:42	"GET /uv2582fip2582inf210/project_task_time.html HTTP/1.1"
2571	2025/03/06 08:32:49	"GET /uv2582fip2582inf210/project_part1.html HTTP/1.1"
2571	2025/03/06 08:32:57	"GET /uv2582fip2582inf210/project_part2.html HTTP/1.1"
2557	2025/03/06 08:35:34	"GET /uv2582fip2582inf210/project_part1.html HTTP/1.1"
258	2025/03/06 08:39:56	"GET /uv2582fip2582inf210/project_part2.html HTTP/1.1"
2541	2025/03/06 08:42:19	"GET /uv2582fip2582inf210/project_part2.html HTTP/1.1"
2567	2025/03/06 08:42:29	"GET /uv2582fip2582inf210/index.html HTTP/1.1"
2567	2025/03/06 08:42:43	"GET /uv2582fip2582inf210/data_home.html HTTP/1.1"
2567	2025/03/06 08:42:45	"GET /uv2582fip2582inf210/technical_environment_home.html HTTP/1.1"
2567	2025/03/06 08:43:12	"GET /uv2582fip2582inf210/lecture_conceptual_modeling.html HTTP/1.1"
2573	2025/03/06 08:43:33	"GET /uv2582fip2582inf210/project_part1.html HTTP/1.1"
2575	2025/03/06 08:44:43	"GET /uv2582fip2582inf210/project_part1.html HTTP/1.1"
2536	2025/03/06 08:44:46	"GET /uv2582fip2582inf210/project_part1.html HTTP/1.1"
2561	2025/03/06 08:44:58	"GET /uv2582fip2582inf210/project_part1.html HTTP/1.1"
2563	2025/03/06 08:45:03	"GET /uv2582fip2582inf210/project_presentation.html HTTP/1.1"
2563	2025/03/06 08:45:05	"GET /uv2582fip2582inf210/project_part1.html HTTP/1.1"
2568	2025/03/06 08:45:37	"GET /uv2582fip2582inf210/data_home.html HTTP/1.1"
2568	2025/03/06 08:45:40	"GET /uv2582fip2582inf210/activity_conceptual_modeling.html HTTP/1.1"
2568	2025/03/06 08:45:48	"GET /uv2582fip2582inf210/activity_conceptual_modeling_correction.html HTTP/1.1"
2561	2025/03/06 08:48:01	"GET /uv2582fip2582inf210/project_specifications.html HTTP/1.1"
2561	2025/03/06 08:48:16	"GET /uv2582fip2582inf210/project_part1.html HTTP/1.1"
2563	2025/03/06 08:49:05	"GET /uv2582fip2582inf210/project_specifications.html HTTP/1.1"
2566	2025/03/06 08:51:03	"GET /uv2582fip2582inf210/project_part1.html HTTP/1.1"
2561	2025/03/06 08:51:40	"GET /uv2582fip2582inf210/project_specifications.html HTTP/1.1"
2536	2025/03/06 08:52:09	"GET /uv2582fip2582inf210/project_specifications.html HTTP/1.1"
2573	2025/03/06 08:56:40	"GET /uv2582fip2582inf210/project_specifications.html HTTP/1.1"
2549	2025/03/06 08:59:57	"GET /uv2582fip2582inf210/project_presentation.html HTTP/1.1"
2549	2025/03/06 09:00:02	"GET /uv2582fip2582inf210/project_part2.html HTTP/1.1"
2536	2025/03/06 09:06:55	"GET /uv2582fip2582inf210/index.html HTTP/1.1"
2536	2025/03/06 09:06:58	"GET /uv2582fip2582inf210/data_home.html HTTP/1.1"
2536	2025/03/06 09:07:03	"GET /uv2582fip2582inf210/lecture_conceptual_modeling.html HTTP/1.1"
2566	2025/03/06 09:14:18	"GET /uv2582fip2582inf210/project_specifications.html HTTP/1.1"
2569	2025/03/06 09:15:04	"GET /uv2582fip2582inf210/project_part2.html HTTP/1.1"
2561	2025/03/06 09:41:52	"GET /uv2582fip2582inf210/project_part1.html HTTP/1.1"
2561	2025/03/06 09:47:13	"GET /uv2582fip2582inf210/project_specifications.html HTTP/1.1"
2568	2025/03/06 09:58:42	"GET /uv2582fip2582inf210/lecture_conceptual_modeling.html HTTP/1.1"
2561	2025/03/06 10:00:03	"GET /uv2582fip2582inf210/index.html HTTP/1.1"
2561	2025/03/06 10:01:44	"GET /uv2582fip2582inf210/data_home.html HTTP/1.1"
2561	2025/03/06 10:02:04	"GET /uv2582fip2582inf210/lecture_normalization.html HTTP/1.1"
2561	2025/03/06 10:02:09	"GET /uv2582fip2582inf210/activity_conceptual_modeling.html HTTP/1.1"
2561	2025/03/06 10:02:15	"GET /uv2582fip2582inf210/lecture_conceptual_modeling.html HTTP/1.1"
2536	2025/03/06 10:02:34	"GET /uv2582fip2582inf210/index.html HTTP/1.1"
2536	2025/03/06 10:02:37	"GET /uv2582fip2582inf210/data_home.html HTTP/1.1"
2536	2025/03/06 10:02:40	"GET /uv2582fip2582inf210/lecture_conceptual_modeling.html HTTP/1.1"
2561	2025/03/06 10:05:31	"GET /uv2582fip2582inf210/index.html HTTP/1.1"
2561	2025/03/06 10:05:34	"GET /uv2582fip2582inf210/project_presentation.html HTTP/1.1"
2561	2025/03/06 10:05:36	"GET /uv2582fip2582inf210/project_part1.html HTTP/1.1"
2561	2025/03/06 10:05:42	"GET /uv2582fip2582inf210/project_specifications.html HTTP/1.1"
2568	2025/03/06 10:09:03	"GET /uv2582fip2582inf210/activity_conceptual_modeling_advanced.html HTTP/1.1"
2568	2025/03/06 10:09:07	"GET /uv2582fip2582inf210/activity_conceptual_modeling_advanced_correction.html HTTP/1.1"
2561	2025/03/06 10:09:10	"GET /uv2582fip2582inf210/index.html HTTP/1.1"
2561	2025/03/06 10:09:13	"GET /uv2582fip2582inf210/data_home.html HTTP/1.1"
2562	2025/03/06 10:09:13	"GET /uv2582fip2582inf210/index.html HTTP/1.1"
2562	2025/03/06 10:09:15	"GET /uv2582fip2582inf210/data_home.html HTTP/1.1"
2561	2025/03/06 10:09:16	"GET /uv2582fip2582inf210/lecture_conceptual_modeling.html HTTP/1.1"
2562	2025/03/06 10:09:25	"GET /uv2582fip2582inf210/activity_normalization.html HTTP/1.1"
2562	2025/03/06 10:09:27	"GET /uv2582fip2582inf210/activity_decomposition.html HTTP/1.1"
2562	2025/03/06 10:09:30	"GET /uv2582fip2582inf210/activity_conceptual_modeling.html HTTP/1.1"
2562	2025/03/06 10:09:32	"GET /uv2582fip2582inf210/lecture_conceptual_modeling.html HTTP/1.1"
2556	2025/03/06 10:24:53	"GET /uv2582fip2582inf210/project_evaluation.html HTTP/1.1"
2561	2025/03/06 10:26:37	"GET /uv2582fip2582inf210/index.html HTTP/1.1"
2561	2025/03/06 10:26:40	"GET /uv2582fip2582inf210/project_presentation.html HTTP/1.1"
2561	2025/03/06 10:26:42	"GET /uv2582fip2582inf210/project_specifications.html HTTP/1.1"
2556	2025/03/06 10:31:07	"GET /uv2582fip2582inf210/project_evaluation.html HTTP/1.1"
2558	2025/03/06 10:34:08	"GET /uv2582fip2582inf210/index.html HTTP/1.1"
2558	2025/03/06 10:34:10	"GET /uv2582fip2582inf210/data_home.html HTTP/1.1"
2558	2025/03/06 10:34:12	"GET /uv2582fip2582inf210/activity_conceptual_modeling.html HTTP/1.1"
2558	2025/03/06 10:34:17	"GET /uv2582fip2582inf210/lecture_normalization.html HTTP/1.1"
2558	2025/03/06 10:34:20	"GET /uv2582fip2582inf210/activity_conceptual_modeling_correction.html HTTP/1.1"
2561	2025/03/06 10:35:29	"GET /uv2582fip2582inf210/index.html HTTP/1.1"
2561	2025/03/06 10:35:35	"GET /uv2582fip2582inf210/data_home.html HTTP/1.1"
2561	2025/03/06 10:35:50	"GET /uv2582fip2582inf210/lecture_normalization.html HTTP/1.1"
2561	2025/03/06 10:35:52	"GET /uv2582fip2582inf210/activity_normalization.html HTTP/1.1"
2561	2025/03/06 10:35:53	"GET /uv2582fip2582inf210/activity_decomposition.html HTTP/1.1"
2561	2025/03/06 10:35:55	"GET /uv2582fip2582inf210/activity_conceptual_modeling.html HTTP/1.1"
2561	2025/03/06 10:35:57	"GET /uv2582fip2582inf210/lecture_conceptual_modeling.html HTTP/1.1"
2558	2025/03/06 10:41:19	"GET /uv2582fip2582inf210/lecture_conceptual_modeling.html HTTP/1.1"
2561	2025/03/06 10:44:37	"GET /uv2582fip2582inf210/project_presentation.html HTTP/1.1"
2561	2025/03/06 10:44:42	"GET /uv2582fip2582inf210/project_specifications.html HTTP/1.1"
2567	2025/03/06 10:47:54	"GET /uv2582fip2582inf210/activity_conceptual_modeling.html HTTP/1.1"
2575	2025/03/06 10:49:43	"GET /uv2582fip2582inf210/data_home.html HTTP/1.1"
2575	2025/03/06 10:49:46	"GET /uv2582fip2582inf210/activity_relational_model.html HTTP/1.1"
2575	2025/03/06 10:49:55	"GET /uv2582fip2582inf210/lecture_modeling_normalization.html HTTP/1.1"
2556	2025/03/06 11:14:30	"GET /uv2582fip2582inf210/project_part1.html HTTP/1.1"
2561	2025/03/06 11:15:45	"GET /uv2582fip2582inf210/index.html HTTP/1.1"
2561	2025/03/06 11:15:52	"GET /uv2582fip2582inf210/web_architecture_home.html HTTP/1.1"
2561	2025/03/06 11:15:54	"GET /uv2582fip2582inf210/index.html HTTP/1.1"
2561	2025/03/06 11:15:57	"GET /uv2582fip2582inf210/data_home.html HTTP/1.1"
2561	2025/03/06 11:15:59	"GET /uv2582fip2582inf210/lecture_conceptual_modeling.html HTTP/1.1"
2561	2025/03/06 11:17:24	"GET /uv2582fip2582inf210/index.html HTTP/1.1"
2561	2025/03/06 11:17:27	"GET /uv2582fip2582inf210/data_home.html HTTP/1.1"
2571	2025/03/06 11:20:16	"GET /uv2582fip2582inf210/index.html HTTP/1.1"
2571	2025/03/06 11:20:24	"GET /uv2582fip2582inf210/data_home.html HTTP/1.1"
2571	2025/03/06 11:20:28	"GET /uv2582fip2582inf210/images/prerequisite_data/prerequisite_data_2025.html HTTP/1.1"
2571	2025/03/06 11:20:31	"GET /uv2582fip2582inf210/practice_sql.html HTTP/1.1"
2571	2025/03/06 11:21:50	"GET /uv2582fip2582inf210/activity_sql.html HTTP/1.1"
2561	2025/03/06 11:25:49	"GET /uv2582fip2582inf210/index.html HTTP/1.1"
2561	2025/03/06 11:25:52	"GET /uv2582fip2582inf210/technical_environment_home.html HTTP/1.1"
2561	2025/03/06 11:25:54	"GET /uv2582fip2582inf210/index.html HTTP/1.1"
2561	2025/03/06 11:25:57	"GET /uv2582fip2582inf210/project_presentation.html HTTP/1.1"
2561	2025/03/06 11:26:00	"GET /uv2582fip2582inf210/project_specifications.html HTTP/1.1"
2511	2025/03/06 11:31:19	"GET /uv2582fip2582inf210/project_presentation.html HTTP/1.1"
2511	2025/03/06 11:31:22	"GET /uv2582fip2582inf210/project_part2.html HTTP/1.1"
2561	2025/03/06 11:41:33	"GET /uv2582fip2582inf210/index.html HTTP/1.1"
2561	2025/03/06 11:41:37	"GET /uv2582fip2582inf210/data_home.html HTTP/1.1"
2561	2025/03/06 11:41:44	"GET /uv2582fip2582inf210/lecture_conceptual_modeling.html HTTP/1.1"
2536	2025/03/06 11:43:44	"GET /uv2582fip2582inf210/index.html HTTP/1.1"
2536	2025/03/06 11:43:47	"GET /uv2582fip2582inf210/data_home.html HTTP/1.1"
2536	2025/03/06 11:43:58	"GET /uv2582fip2582inf210/activity_conceptual_modeling.html HTTP/1.1"
2536	2025/03/06 11:43:59	"GET /uv2582fip2582inf210/lecture_conceptual_modeling.html HTTP/1.1"
2561	2025/03/06 11:57:39	"GET /uv2582fip2582inf210/index.html HTTP/1.1"
2561	2025/03/06 11:57:43	"GET /uv2582fip2582inf210/project_presentation.html HTTP/1.1"
2561	2025/03/06 11:57:46	"GET /uv2582fip2582inf210/project_specifications.html HTTP/1.1"
2568	2025/03/06 11:58:33	"GET /uv2582fip2582inf210/lecture_normalization.html HTTP/1.1"
2557	2025/03/06 12:01:44	"GET /uv2582fip2582inf210/project_part1.html HTTP/1.1"
2570	2025/03/06 12:03:42	"GET /uv2582fip2582inf210/index.html HTTP/1.1"
2570	2025/03/06 12:04:12	"GET /uv2582fip2582inf210/activity_conceptual_modeling.html HTTP/1.1"
2570	2025/03/06 12:04:31	"GET /uv2582fip2582inf210/activity_conceptual_modeling_correction.html HTTP/1.1"
2561	2025/03/06 12:11:08	"GET /uv2582fip2582inf210/index.html HTTP/1.1"
2561	2025/03/06 12:11:12	"GET /uv2582fip2582inf210/web_architecture_home.html HTTP/1.1"
2561	2025/03/06 12:11:14	"GET /uv2582fip2582inf210/index.html HTTP/1.1"
2561	2025/03/06 12:11:17	"GET /uv2582fip2582inf210/data_home.html HTTP/1.1"
2561	2025/03/06 12:11:20	"GET /uv2582fip2582inf210/activity_conceptual_modeling.html HTTP/1.1"
2561	2025/03/06 12:11:22	"GET /uv2582fip2582inf210/lecture_normalization.html HTTP/1.1"
2573	2025/03/06 12:11:43	"GET /uv2582fip2582inf210/practice_spring_2tiers_ext.html HTTP/1.1"
2573	2025/03/06 12:12:18	"GET /uv2582fip2582inf210/practice_spring_2tiers.html HTTP/1.1"
2515	2025/03/06 12:33:31	"GET /uv2582fip2582inf210/project_presentation.html HTTP/1.1"
2515	2025/03/06 12:33:33	"GET /uv2582fip2582inf210/project_part2.html HTTP/1.1"
2544	2025/03/06 12:46:17	"GET /uv2582fip2582inf210/project_part3.html HTTP/1.1"
2544	2025/03/06 12:46:32	"GET /uv2582fip2582inf210/project_part325824.html HTTP/1.1"
2552	2025/03/06 13:37:20	"GET /uv2582fip2582inf210/project_evaluation.html HTTP/1.1"
2552	2025/03/06 13:37:57	"GET /uv2582fip2582inf210/project_specifications.html HTTP/1.1"
2517	2025/03/06 14:14:50	"GET /uv2582fip2582inf210/index.html HTTP/1.1"
2517	2025/03/06 14:15:06	"GET /uv2582fip2582inf210/project_presentation.html HTTP/1.1"
2517	2025/03/06 14:15:16	"GET /uv2582fip2582inf210/project_part2.html HTTP/1.1"
2553	2025/03/06 15:09:25	"GET /uv2582fip2582inf210/project_presentation.html HTTP/1.1"
2553	2025/03/06 15:09:30	"GET /uv2582fip2582inf210/project_part2.html HTTP/1.1"
2531	2025/03/06 15:35:57	"GET /uv2582fip2582inf210/project_presentation.html HTTP/1.1"
2531	2025/03/06 15:35:58	"GET /uv2582fip2582inf210/project_part2.html HTTP/1.1"
2570	2025/03/06 15:45:49	"GET /uv2582fip2582inf210/project_presentation.html HTTP/1.1"
2570	2025/03/06 15:45:52	"GET /uv2582fip2582inf210/project_part1.html HTTP/1.1"
2570	2025/03/06 15:45:58	"GET /uv2582fip2582inf210/project_specifications.html HTTP/1.1"
2570	2025/03/06 15:46:40	"GET /uv2582fip2582inf210/project_task_time.html HTTP/1.1"
2524	2025/03/06 16:04:11	"GET /uv2582fip2582inf210/project_presentation.html HTTP/1.1"
2524	2025/03/06 16:04:23	"GET /uv2582fip2582inf210/index.html HTTP/1.1"
2524	2025/03/06 16:04:27	"GET /uv2582fip2582inf210/web_architecture_home.html HTTP/1.1"
2524	2025/03/06 16:04:32	"GET /uv2582fip2582inf210/practice_spring_2tiers_ext.html HTTP/1.1"
2529	2025/03/06 16:34:38	"GET /uv2582fip2582inf210/project_evaluation.html HTTP/1.1"
259	2025/03/06 17:45:10	"GET /uv2582fip2582inf210/project_presentation.html HTTP/1.1"
259	2025/03/06 17:45:40	"GET /uv2582fip2582inf210/project_evaluation.html HTTP/1.1"
259	2025/03/06 17:46:02	"GET /uv2582fip2582inf210/project_specifications.html HTTP/1.1"
259	2025/03/06 17:48:31	"GET /uv2582fip2582inf210/project_task_time.html HTTP/1.1"
2530	2025/03/06 17:49:48	"GET /uv2582fip2582inf210/project_presentation.html HTTP/1.1"
2530	2025/03/06 17:49:51	"GET /uv2582fip2582inf210/project_part2.html HTTP/1.1"
259	2025/03/06 17:52:03	"GET /uv2582fip2582inf210/project_part1.html HTTP/1.1"
259	2025/03/06 17:53:07	"GET /uv2582fip2582inf210/project_part2.html HTTP/1.1"
2536	2025/03/06 18:32:49	"GET /uv2582fip2582inf210/project_presentation.html HTTP/1.1"
2536	2025/03/06 18:32:52	"GET /uv2582fip2582inf210/project_part1.html HTTP/1.1"
2536	2025/03/06 18:34:04	"GET /uv2582fip2582inf210/project_evaluation.html HTTP/1.1"
2536	2025/03/06 18:34:34	"GET /uv2582fip2582inf210/project_specifications.html HTTP/1.1"
2536	2025/03/06 18:34:58	"GET /uv2582fip2582inf210/project_part1.html HTTP/1.1"
2514	2025/03/06 18:49:14	"GET /uv2582fip2582inf210/project_part1.html HTTP/1.1"
2514	2025/03/06 18:49:31	"GET /uv2582fip2582inf210/project_specifications.html HTTP/1.1"
2525	2025/03/06 19:09:18	"GET /uv2582fip2582inf210/project_presentation.html HTTP/1.1"
2525	2025/03/06 19:09:21	"GET /uv2582fip2582inf210/project_part2.html HTTP/1.1"
2525	2025/03/06 19:09:22	"GET /uv2582fip2582inf210/project_part2.html HTTP/1.1"
2513	2025/03/06 20:06:39	"GET /uv2582fip2582inf210/project_presentation.html HTTP/1.1"
2513	2025/03/06 20:07:03	"GET /uv2582fip2582inf210/project_specifications.html HTTP/1.1"
2513	2025/03/06 20:08:51	"GET /uv2582fip2582inf210/project_part2.html HTTP/1.1"
2551	2025/03/06 20:32:02	"GET /uv2582fip2582inf210/documentation_docker.html HTTP/1.1"
2551	2025/03/06 20:32:04	"GET /uv2582fip2582inf210/index.html HTTP/1.1"
2551	2025/03/06 20:32:07	"GET /uv2582fip2582inf210/project_presentation.html HTTP/1.1"
2551	2025/03/06 20:32:10	"GET /uv2582fip2582inf210/project_part2.html HTTP/1.1"
2536	2025/03/06 20:45:53	"GET /uv2582fip2582inf210/index.html HTTP/1.1"
2536	2025/03/06 20:45:55	"GET /uv2582fip2582inf210/data_home.html HTTP/1.1"
2536	2025/03/06 20:45:58	"GET /uv2582fip2582inf210/activity_conceptual_modeling.html HTTP/1.1"
2536	2025/03/06 20:46:04	"GET /uv2582fip2582inf210/lecture_conceptual_modeling.html HTTP/1.1"
2516	2025/03/06 20:53:11	"GET /uv2582fip2582inf210/technical_environment_home.html HTTP/1.1"
2516	2025/03/06 20:53:17	"GET /uv2582fip2582inf210/web_architecture_home.html HTTP/1.1"
2516	2025/03/06 20:53:19	"GET /uv2582fip2582inf210/lecture_jpa.html HTTP/1.1"
2516	2025/03/06 20:53:30	"GET /uv2582fip2582inf210/practice_jpa.html HTTP/1.1"
2521	2025/03/06 21:07:36	"GET /uv2582fip2582inf210/project_presentation.html HTTP/1.1"
2521	2025/03/06 21:07:40	"GET /uv2582fip2582inf210/project_part2.html HTTP/1.1"
252	2025/03/06 21:22:23	"GET /uv2582fip2582inf210/project_presentation.html HTTP/1.1"
2521	2025/03/06 21:41:44	"GET /uv2582fip2582inf210/project_part2.html HTTP/1.1"
2558	2025/03/06 21:41:51	"GET /uv2582fip2582inf210/project_presentation.html HTTP/1.1"
2558	2025/03/06 21:41:58	"GET /uv2582fip2582inf210/project_specifications.html HTTP/1.1"
252	2025/03/06 22:03:02	"GET /uv2582fip2582inf210/project_part2.html HTTP/1.1"
2529	2025/03/06 22:22:08	"GET /uv2582fip2582inf210/index.html HTTP/1.1"
2529	2025/03/06 22:22:14	"GET /uv2582fip2582inf210/data_home.html HTTP/1.1"
2529	2025/03/06 22:22:16	"GET /uv2582fip2582inf210/project_presentation.html HTTP/1.1"
2529	2025/03/06 22:22:23	"GET /uv2582fip2582inf210/project_part2.html HTTP/1.1"
2530	2025/03/06 22:35:36	"GET /uv2582fip2582inf210/project_presentation.html HTTP/1.1"
2530	2025/03/06 22:36:14	"GET /uv2582fip2582inf210/index.html HTTP/1.1"
2530	2025/03/06 22:36:18	"GET /uv2582fip2582inf210/technical_environment_home.html HTTP/1.1"
2530	2025/03/06 22:36:25	"GET /uv2582fip2582inf210/documentation_docker.html HTTP/1.1"
2530	2025/03/06 22:36:36	"GET /uv2582fip2582inf210/practice_docker.html HTTP/1.1"
2530	2025/03/06 22:36:38	"GET /uv2582fip2582inf210/practice_docker_advanced.html HTTP/1.1"
2530	2025/03/06 22:36:44	"GET /uv2582fip2582inf210/documentation_rdbms.html HTTP/1.1"
2530	2025/03/06 22:36:49	"GET /uv2582fip2582inf210/practice_postgresql.html HTTP/1.1"
2551	2025/03/06 22:53:38	"GET /uv2582fip2582inf210/project_part2.html HTTP/1.1"
2542	2025/03/06 23:32:46	"GET /uv2582fip2582inf210/project_presentation.html HTTP/1.1"
2542	2025/03/06 23:32:49	"GET /uv2582fip2582inf210/project_part2.html HTTP/1.1"
2542	2025/03/07 00:45:48	"GET /uv2582fip2582inf210/project_part1.html HTTP/1.1"
257	2025/06/11 12:14:37	"GET /uv2582fip2582inf210/web_architecture_home.html HTTP/1.1"
257	2025/06/11 12:14:59	"GET /uv2582fip2582inf210/data_home.html HTTP/1.1"
257	2025/06/11 12:15:31	"GET /uv2582fip2582inf210/lecture_modeling_normalization.html HTTP/1.1"
257	2025/06/11 12:15:36	"GET /uv2582fip2582inf210/lecture_conceptual_modeling.html HTTP/1.1"
2539	2025/02/05 13:49:51	"GET /uv2582fip2582inf210/practice_transaction_correction.html HTTP/1.1"
2539	2025/02/05 13:49:52	"GET /uv2582fip2582inf210/practice_transaction.html HTTP/1.1"
2539	2025/02/05 13:53:30	"GET /uv2582fip2582inf210/index.html HTTP/1.1"
2539	2025/02/05 13:53:36	"GET /uv2582fip2582inf210/web_architecture_home.html HTTP/1.1"
2511	2025/02/05 14:01:33	"GET /uv2582fip2582inf210/data_home.html HTTP/1.1"
2510	2025/02/05 14:02:19	"GET /uv2582fip2582inf210/technical_environment_home.html HTTP/1.1"
2511	2025/02/05 14:02:27	"GET /uv2582fip2582inf210/index.html HTTP/1.1"
2510	2025/02/05 14:02:29	"GET /uv2582fip2582inf210/index.html HTTP/1.1"
2510	2025/02/05 14:02:33	"GET /uv2582fip2582inf210/data_home.html HTTP/1.1"
2510	2025/02/05 14:02:37	"GET /uv2582fip2582inf210/practice_advanced_sql.html HTTP/1.1"
2515	2025/02/05 14:02:51	"GET /uv2582fip2582inf210/data_home.html HTTP/1.1"
2515	2025/02/05 14:02:55	"GET /uv2582fip2582inf210/index.html HTTP/1.1"
2515	2025/02/05 14:02:57	"GET /uv2582fip2582inf210/PresentationUVINF210/pres.html HTTP/1.1"
2516	2025/02/05 14:03:24	"GET /uv2582fip2582inf210/data_home.html HTTP/1.1"
2516	2025/02/05 14:03:40	"GET /uv2582fip2582inf210/index.html HTTP/1.1"
2510	2025/02/05 14:04:29	"GET /uv2582fip2582inf210/lecture_transaction.html HTTP/1.1"
2516	2025/02/05 14:04:32	"GET /uv2582fip2582inf210/lecture_transaction.html HTTP/1.1"
2516	2025/02/05 14:04:34	"GET /uv2582fip2582inf210/practice_transaction.html HTTP/1.1"
2524	2025/02/05 14:04:35	"GET /uv2582fip2582inf210/index.html HTTP/1.1"
2510	2025/02/05 14:04:37	"GET /uv2582fip2582inf210/practice_transaction.html HTTP/1.1"
2516	2025/02/05 14:04:44	"GET /uv2582fip2582inf210/web_architecture_home.html HTTP/1.1"
2524	2025/02/05 14:04:53	"GET /uv2582fip2582inf210/web_architecture_home.html HTTP/1.1"
2516	2025/02/05 14:04:53	"GET /uv2582fip2582inf210/project_home.html HTTP/1.1"
2515	2025/02/05 14:04:54	"GET /uv2582fip2582inf210/technical_environment_home.html HTTP/1.1"
2524	2025/02/05 14:04:56	"GET /uv2582fip2582inf210/images/prerequisite_archiweb/prerequisite_archiweb_2025.html HTTP/1.1"
2534	2025/02/05 14:04:57	"GET /uv2582fip2582inf210/web_architecture_home.html HTTP/1.1"
2515	2025/02/05 14:04:57	"GET /uv2582fip2582inf210/web_architecture_home.html HTTP/1.1"
2534	2025/02/05 14:05:04	"GET /uv2582fip2582inf210/practice_spring_2tiers_ext.html HTTP/1.1"
2549	2025/02/05 14:05:05	"GET /uv2582fip2582inf210/web_architecture_home.html HTTP/1.1"
2549	2025/02/05 14:05:07	"GET /uv2582fip2582inf210/images/prerequisite_archiweb/prerequisite_archiweb_2025.html HTTP/1.1"
2524	2025/02/05 14:05:10	"GET /uv2582fip2582inf210/practice_jpa.html HTTP/1.1"
2515	2025/02/05 14:05:12	"GET /uv2582fip2582inf210/project_home.html HTTP/1.1"
2515	2025/02/05 14:05:20	"GET /uv2582fip2582inf210/practice_spring_2tiers.html HTTP/1.1"
2554	2025/02/05 14:05:23	"GET /uv2582fip2582inf210/data_home.html HTTP/1.1"
2521	2025/02/05 14:05:31	"GET /uv2582fip2582inf210/data_home.html HTTP/1.1"
2521	2025/02/05 14:05:37	"GET /uv2582fip2582inf210/images/prerequisite_data/prerequisite_data_2025.html HTTP/1.1"
2516	2025/02/05 14:05:40	"GET /uv2582fip2582inf210/practice_spring.html HTTP/1.1"
2551	2025/02/05 14:05:46	"GET /uv2582fip2582inf210/documentation_docker.html HTTP/1.1"
2554	2025/02/05 14:05:49	"GET /uv2582fip2582inf210/practice_transaction.html HTTP/1.1"
2549	2025/02/05 14:06:01	"GET /uv2582fip2582inf210/lecture_software_architecture.html HTTP/1.1"
2542	2025/02/05 14:06:08	"GET /uv2582fip2582inf210/web_architecture_home.html HTTP/1.1"
2549	2025/02/05 14:06:16	"GET /uv2582fip2582inf210/lecture_technical_architecture.html HTTP/1.1"
2542	2025/02/05 14:06:17	"GET /uv2582fip2582inf210/lecture_software_architecture.html HTTP/1.1"
2547	2025/02/05 14:06:19	"GET /uv2582fip2582inf210/lecture_transaction.html HTTP/1.1"
2517	2025/02/05 14:06:22	"GET /uv2582fip2582inf210/technical_environment_home.html HTTP/1.1"
2542	2025/02/05 14:06:24	"GET /uv2582fip2582inf210/lecture_dto.html HTTP/1.1"
2520	2025/02/05 14:06:30	"GET /uv2582fip2582inf210/index.html HTTP/1.1"
2542	2025/02/05 14:06:30	"GET /uv2582fip2582inf210/lecture_mvc_spring.html HTTP/1.1"
2547	2025/02/05 14:06:39	"GET /uv2582fip2582inf210/practice_transaction.html HTTP/1.1"
2520	2025/02/05 14:06:40	"GET /uv2582fip2582inf210/technical_environment_home.html HTTP/1.1"
2525	2025/02/05 14:06:40	"GET /uv2582fip2582inf210/data_home.html HTTP/1.1"
2525	2025/02/05 14:06:41	"GET /uv2582fip2582inf210/data_home.html HTTP/1.1"
2525	2025/02/05 14:06:44	"GET /uv2582fip2582inf210/practice_transaction.html HTTP/1.1"
2520	2025/02/05 14:06:45	"GET /uv2582fip2582inf210/practice_spring.html HTTP/1.1"
257	2025/02/05 14:06:46	"GET /uv2582fip2582inf210/lecture_mvc_spring.html HTTP/1.1"
2520	2025/02/05 14:06:49	"GET /uv2582fip2582inf210/practice_spring.html HTTP/1.1"
2525	2025/02/05 14:06:50	"GET /uv2582fip2582inf210/practice_transaction.html HTTP/1.1"
2534	2025/02/05 14:06:58	"GET /uv2582fip2582inf210/practice_spring_2tiers.html HTTP/1.1"
2526	2025/02/05 14:07:05	"GET /uv2582fip2582inf210/lecture_jpa.html HTTP/1.1"
2533	2025/02/05 14:07:12	"GET /uv2582fip2582inf210/technical_environment_home.html HTTP/1.1"
2517	2025/02/05 14:07:19	"GET /uv2582fip2582inf210/index.html HTTP/1.1"
2521	2025/02/05 14:07:20	"GET /uv2582fip2582inf210/project_home.html HTTP/1.1"
2526	2025/02/05 14:07:21	"GET /uv2582fip2582inf210/practice_jpa.html HTTP/1.1"
2517	2025/02/05 14:07:23	"GET /uv2582fip2582inf210/project_home.html HTTP/1.1"
2531	2025/02/05 14:07:25	"GET /uv2582fip2582inf210/data_home.html HTTP/1.1"
2528	2025/02/05 14:07:25	"GET /uv2582fip2582inf210/index.html HTTP/1.1"
2521	2025/02/05 14:07:27	"GET /uv2582fip2582inf210/web_architecture_home.html HTTP/1.1"
2531	2025/02/05 14:07:28	"GET /uv2582fip2582inf210/practice_sql.html HTTP/1.1"
2533	2025/02/05 14:07:30	"GET /uv2582fip2582inf210/practice_docker_advanced.html HTTP/1.1"
2551	2025/02/05 14:07:34	"GET /uv2582fip2582inf210/index.html HTTP/1.1"
2528	2025/02/05 14:07:34	"GET /uv2582fip2582inf210/web_architecture_home.html HTTP/1.1"
2517	2025/02/05 14:07:35	"GET /uv2582fip2582inf210/data_home.html HTTP/1.1"
2551	2025/02/05 14:07:39	"GET /uv2582fip2582inf210/data_home.html HTTP/1.1"
2517	2025/02/05 14:08:00	"GET /uv2582fip2582inf210/web_architecture_home.html HTTP/1.1"
2551	2025/02/05 14:08:04	"GET /uv2582fip2582inf210/practice_sql.html HTTP/1.1"
2539	2025/02/05 14:08:04	"GET /uv2582fip2582inf210/lecture_transaction.html HTTP/1.1"
2517	2025/02/05 14:08:12	"GET /uv2582fip2582inf210/practice_jpa.html HTTP/1.1"
2544	2025/02/05 14:08:16	"GET /uv2582fip2582inf210/web_architecture_home.html HTTP/1.1"
2549	2025/02/05 14:08:23	"GET /uv2582fip2582inf210/practice_jpa.html HTTP/1.1"
2550	2025/02/05 14:08:24	"GET /uv2582fip2582inf210/data_home.html HTTP/1.1"
2524	2025/02/05 14:08:28	"GET /uv2582fip2582inf210/practice_spring_2tiers.html HTTP/1.1"
257	2025/02/05 14:08:33	"GET /uv2582fip2582inf210/index.html HTTP/1.1"
257	2025/02/05 14:08:36	"GET /uv2582fip2582inf210/data_home.html HTTP/1.1"
257	2025/02/05 14:08:39	"GET /uv2582fip2582inf210/lecture_transaction.html HTTP/1.1"
2511	2025/02/05 14:08:39	"GET /uv2582fip2582inf210/lecture_transaction.html HTTP/1.1"
2534	2025/02/05 14:08:52	"GET /uv2582fip2582inf210/lecture_software_architecture.html HTTP/1.1"
2550	2025/02/05 14:09:07	"GET /uv2582fip2582inf210/activity_conceptual_modeling.html HTTP/1.1"
2553	2025/02/05 14:09:12	"GET /uv2582fip2582inf210/data_home.html HTTP/1.1"
2553	2025/02/05 14:09:18	"GET /uv2582fip2582inf210/lecture_relational_model.html HTTP/1.1"
255	2025/02/05 14:09:27	"GET /uv2582fip2582inf210/index.html HTTP/1.1"
2513	2025/02/05 14:09:28	"GET /uv2582fip2582inf210/data_home.html HTTP/1.1"
2553	2025/02/05 14:09:29	"GET /uv2582fip2582inf210/activity_relational_model.html HTTP/1.1"
2513	2025/02/05 14:09:33	"GET /uv2582fip2582inf210/images/prerequisite_data/prerequisite_data_2025.html HTTP/1.1"
2549	2025/02/05 14:09:41	"GET /uv2582fip2582inf210/practice_jpa_advanced.html HTTP/1.1"
2530	2025/02/05 14:09:42	"GET /uv2582fip2582inf210/web_architecture_home.html HTTP/1.1"
2530	2025/02/05 14:09:46	"GET /uv2582fip2582inf210/lecture_technical_architecture.html HTTP/1.1"
2519	2025/02/05 14:09:52	"GET /uv2582fip2582inf210/data_home.html HTTP/1.1"
2513	2025/02/05 14:09:55	"GET /uv2582fip2582inf210/activity_decomposition.html HTTP/1.1"
2546	2025/02/05 14:09:56	"GET /uv2582fip2582inf210/images/prerequisite_archiweb/prerequisite_archiweb_2025.html HTTP/1.1"
2519	2025/02/05 14:09:59	"GET /uv2582fip2582inf210/practice_transaction.html HTTP/1.1"
2540	2025/02/05 14:09:59	"GET /uv2582fip2582inf210/web_architecture_home.html HTTP/1.1"
2527	2025/02/05 14:10:16	"GET /uv2582fip2582inf210/web_architecture_home.html HTTP/1.1"
2540	2025/02/05 14:10:21	"GET /uv2582fip2582inf210/index.html HTTP/1.1"
2527	2025/02/05 14:10:21	"GET /uv2582fip2582inf210/images/prerequisite_archiweb/prerequisite_archiweb_2025.html HTTP/1.1"
2540	2025/02/05 14:10:24	"GET /uv2582fip2582inf210/project_home.html HTTP/1.1"
2540	2025/02/05 14:10:31	"GET /uv2582fip2582inf210/data_home.html HTTP/1.1"
2513	2025/02/05 14:10:39	"GET /uv2582fip2582inf210/web_architecture_home.html HTTP/1.1"
2540	2025/02/05 14:10:43	"GET /uv2582fip2582inf210/practice_sql.html HTTP/1.1"
2513	2025/02/05 14:10:43	"GET /uv2582fip2582inf210/images/prerequisite_archiweb/prerequisite_archiweb_2025.html HTTP/1.1"
2545	2025/02/05 14:10:44	"GET /uv2582fip2582inf210/technical_environment_home.html HTTP/1.1"
2548	2025/02/05 14:10:45	"GET /uv2582fip2582inf210/web_architecture_home.html HTTP/1.1"
2543	2025/02/05 14:10:49	"GET /uv2582fip2582inf210/index.html HTTP/1.1"
2543	2025/02/05 14:10:54	"GET /uv2582fip2582inf210/web_architecture_home.html HTTP/1.1"
259	2025/02/05 14:11:00	"GET /uv2582fip2582inf210/data_home.html HTTP/1.1"
259	2025/02/05 14:11:04	"GET /uv2582fip2582inf210/activity_relational_model.html HTTP/1.1"
256	2025/02/05 14:11:05	"GET /uv2582fip2582inf210/lecture_transaction.html HTTP/1.1"
2545	2025/02/05 14:11:09	"GET /uv2582fip2582inf210/web_architecture_home.html HTTP/1.1"
2541	2025/02/05 14:11:09	"GET /uv2582fip2582inf210/web_architecture_home.html HTTP/1.1"
2548	2025/02/05 14:11:21	"GET /uv2582fip2582inf210/images/prerequisite_archiweb/prerequisite_archiweb_2025.html HTTP/1.1"
2550	2025/02/05 14:11:25	"GET /uv2582fip2582inf210/activity_conceptual_modeling_correction.html HTTP/1.1"
2533	2025/02/05 14:12:13	"GET /uv2582fip2582inf210/technical_environment_home.html HTTP/1.1"
2518	2025/02/05 14:12:31	"GET /uv2582fip2582inf210/index.html HTTP/1.1"
2541	2025/02/05 14:12:47	"GET /uv2582fip2582inf210/images/prerequisite_archiweb/prerequisite_archiweb_2025.html HTTP/1.1"
2518	2025/02/05 14:13:04	"GET /uv2582fip2582inf210/data_home.html HTTP/1.1"
2518	2025/02/05 14:13:20	"GET /uv2582fip2582inf210/web_architecture_home.html HTTP/1.1"
2528	2025/02/05 14:13:31	"GET /uv2582fip2582inf210/practice_jpa.html HTTP/1.1"
2553	2025/02/05 14:13:33	"GET /uv2582fip2582inf210/lecture_modeling_normalization.html HTTP/1.1"
2518	2025/02/05 14:13:34	"GET /uv2582fip2582inf210/images/prerequisite_archiweb/prerequisite_archiweb_2025.html HTTP/1.1"
2518	2025/02/05 14:13:40	"GET /uv2582fip2582inf210/lecture_technical_architecture.html HTTP/1.1"
2552	2025/02/05 14:13:49	"GET /uv2582fip2582inf210/web_architecture_home.html HTTP/1.1"
2552	2025/02/05 14:13:58	"GET /uv2582fip2582inf210/images/prerequisite_archiweb/prerequisite_archiweb_2025.html HTTP/1.1"
2515	2025/02/05 14:14:11	"GET /uv2582fip2582inf210/lecture_mvc_spring.html HTTP/1.1"
2515	2025/02/05 14:14:11	"GET /uv2582fip2582inf210/lecture_jpa.html HTTP/1.1"
2552	2025/02/05 14:14:18	"GET /uv2582fip2582inf210/lecture_technical_architecture.html HTTP/1.1"
2510	2025/02/05 14:16:28	"GET /uv2582fip2582inf210/project_home.html HTTP/1.1"
2510	2025/02/05 14:16:31	"GET /uv2582fip2582inf210/data_home.html HTTP/1.1"
2510	2025/02/05 14:16:34	"GET /uv2582fip2582inf210/lecture_transaction.html HTTP/1.1"
2542	2025/02/05 14:16:37	"GET /uv2582fip2582inf210/lecture_jpa.html HTTP/1.1"
2510	2025/02/05 14:16:42	"GET /uv2582fip2582inf210/practice_transaction.html HTTP/1.1"
2553	2025/02/05 14:17:13	"GET /uv2582fip2582inf210/activity_conceptual_modeling.html HTTP/1.1"
257	2025/02/05 14:17:22	"GET /uv2582fip2582inf210/practice_transaction.html HTTP/1.1"
2511	2025/02/05 14:18:02	"GET /uv2582fip2582inf210/practice_transaction.html HTTP/1.1"
259	2025/02/05 14:21:13	"GET /uv2582fip2582inf210/lecture_conceptual_modeling.html HTTP/1.1"
259	2025/02/05 14:21:15	"GET /uv2582fip2582inf210/lecture_modeling_normalization.html HTTP/1.1"
257	2025/02/05 14:21:15	"GET /uv2582fip2582inf210/documentation_rdbms.html HTTP/1.1"
257	2025/02/05 14:21:53	"GET /uv2582fip2582inf210/technical_environment_home.html HTTP/1.1"
257	2025/02/05 14:22:04	"GET /uv2582fip2582inf210/practice_docker.html HTTP/1.1"
2530	2025/02/05 14:23:11	"GET /uv2582fip2582inf210/lecture_software_architecture.html HTTP/1.1"
2545	2025/02/05 14:23:18	"GET /uv2582fip2582inf210/lecture_technical_architecture.html HTTP/1.1"
2549	2025/02/05 14:23:46	"GET /uv2582fip2582inf210/lecture_mvc_spring.html HTTP/1.1"
2552	2025/02/05 14:24:16	"GET /uv2582fip2582inf210/lecture_software_architecture.html HTTP/1.1"
2553	2025/02/05 14:24:31	"GET /uv2582fip2582inf210/activity_conceptual_modeling_correction.html HTTP/1.1"
2519	2025/02/05 14:24:34	"GET /uv2582fip2582inf210/documentation_rdbms.html HTTP/1.1"
2519	2025/02/05 14:24:39	"GET /uv2582fip2582inf210/practice_postgresql.html HTTP/1.1"
2548	2025/02/05 14:25:59	"GET /uv2582fip2582inf210/lecture_technical_architecture.html HTTP/1.1"
2548	2025/02/05 14:26:19	"GET /uv2582fip2582inf210/lecture_software_architecture.html HTTP/1.1"
2522	2025/02/05 14:26:23	"GET /uv2582fip2582inf210/practice_jpa.html HTTP/1.1"
2541	2025/02/05 14:27:05	"GET /uv2582fip2582inf210/lecture_technical_architecture.html HTTP/1.1"
2521	2025/02/05 14:27:34	"GET /uv2582fip2582inf210/lecture_relational_model.html HTTP/1.1"
2540	2025/02/05 14:27:48	"GET /uv2582fip2582inf210/lecture_technical_architecture.html HTTP/1.1"
2553	2025/02/05 14:28:17	"GET /uv2582fip2582inf210/activity_conceptual_modeling_advanced.html HTTP/1.1"
2544	2025/02/05 14:28:28	"GET /uv2582fip2582inf210/lecture_technical_architecture.html HTTP/1.1"
2552	2025/02/05 14:28:31	"GET /uv2582fip2582inf210/lecture_dto.html HTTP/1.1"
2545	2025/02/05 14:28:41	"GET /uv2582fip2582inf210/lecture_software_architecture.html HTTP/1.1"
2527	2025/02/05 14:28:52	"GET /uv2582fip2582inf210/lecture_dto.html HTTP/1.1"
2519	2025/02/05 14:29:11	"GET /uv2582fip2582inf210/practice_transaction_correction.html HTTP/1.1"
2552	2025/02/05 14:29:14	"GET /uv2582fip2582inf210/lecture_mvc_spring.html HTTP/1.1"
2514	2025/02/05 14:29:27	"GET /uv2582fip2582inf210/practice_sql.html HTTP/1.1"
2519	2025/02/05 14:29:57	"GET /uv2582fip2582inf210/practice_sql.html HTTP/1.1"
2547	2025/02/05 14:30:04	"GET /uv2582fip2582inf210/practice_transaction_correction.html HTTP/1.1"
2519	2025/02/05 14:30:23	"GET /uv2582fip2582inf210/practice_advanced_sql.html HTTP/1.1"
2519	2025/02/05 14:30:31	"GET /uv2582fip2582inf210/activity_sql.html HTTP/1.1"
2530	2025/02/05 14:31:44	"GET /uv2582fip2582inf210/lecture_dto.html HTTP/1.1"
259	2025/02/05 14:31:45	"GET /uv2582fip2582inf210/lecture_modeling_normalization.html HTTP/1.1"
2519	2025/02/05 14:32:12	"GET /uv2582fip2582inf210/practice_indexation.html HTTP/1.1"
255	2025/02/05 14:32:33	"GET /uv2582fip2582inf210/web_architecture_home.html HTTP/1.1"
2545	2025/02/05 14:32:38	"GET /uv2582fip2582inf210/lecture_dto.html HTTP/1.1"
255	2025/02/05 14:32:39	"GET /uv2582fip2582inf210/data_home.html HTTP/1.1"
255	2025/02/05 14:32:45	"GET /uv2582fip2582inf210/lecture_transaction.html HTTP/1.1"
255	2025/02/05 14:32:49	"GET /uv2582fip2582inf210/practice_transaction.html HTTP/1.1"
2521	2025/02/05 14:32:57	"GET /uv2582fip2582inf210/lecture_db_integrity.html HTTP/1.1"
2545	2025/02/05 14:33:04	"GET /uv2582fip2582inf210/lecture_mvc_spring.html HTTP/1.1"
2527	2025/02/05 14:33:21	"GET /uv2582fip2582inf210/lecture_software_architecture.html HTTP/1.1"
2530	2025/02/05 14:33:50	"GET /uv2582fip2582inf210/lecture_mvc_spring.html HTTP/1.1"
2523	2025/02/05 14:34:01	"GET /uv2582fip2582inf210/web_architecture_home.html HTTP/1.1"
2523	2025/02/05 14:34:01	"GET /uv2582fip2582inf210/web_architecture_home.html HTTP/1.1"
2547	2025/02/05 14:35:19	"GET /uv2582fip2582inf210/index.html HTTP/1.1"
2547	2025/02/05 14:35:24	"GET /uv2582fip2582inf210/web_architecture_home.html HTTP/1.1"
2523	2025/02/05 14:35:42	"GET /uv2582fip2582inf210/lecture_technical_architecture.html HTTP/1.1"
2523	2025/02/05 14:35:43	"GET /uv2582fip2582inf210/lecture_technical_architecture.html HTTP/1.1"
2552	2025/02/05 14:35:53	"GET /uv2582fip2582inf210/lecture_jpa.html HTTP/1.1"
2544	2025/02/05 14:36:00	"GET /uv2582fip2582inf210/lecture_software_architecture.html HTTP/1.1"
2541	2025/02/05 14:36:00	"GET /uv2582fip2582inf210/lecture_software_architecture.html HTTP/1.1"
2521	2025/02/05 14:36:45	"GET /uv2582fip2582inf210/activity_relational_model.html HTTP/1.1"
2518	2025/02/05 14:36:46	"GET /uv2582fip2582inf210/lecture_software_architecture.html HTTP/1.1"
2549	2025/02/05 14:38:28	"GET /uv2582fip2582inf210/practice_spring_2tiers.html HTTP/1.1"
2521	2025/02/05 14:38:48	"GET /uv2582fip2582inf210/activity_relational_model_correction.html HTTP/1.1"
2547	2025/02/05 14:39:24	"GET /uv2582fip2582inf210/lecture_technical_architecture.html HTTP/1.1"
2547	2025/02/05 14:39:30	"GET /uv2582fip2582inf210/lecture_software_architecture.html HTTP/1.1"
2521	2025/02/05 14:39:33	"GET /uv2582fip2582inf210/lecture_modeling_normalization.html HTTP/1.1"
2547	2025/02/05 14:39:33	"GET /uv2582fip2582inf210/lecture_dto.html HTTP/1.1"
259	2025/02/05 14:40:09	"GET /uv2582fip2582inf210/lecture_conceptual_modeling.html HTTP/1.1"
2521	2025/02/05 14:40:47	"GET /uv2582fip2582inf210/lecture_conceptual_modeling.html HTTP/1.1"
2552	2025/02/05 14:41:23	"GET /uv2582fip2582inf210/data_home.html HTTP/1.1"
2513	2025/02/05 14:41:28	"GET /uv2582fip2582inf210/activity_decomposition_correction.html HTTP/1.1"
2542	2025/02/05 14:41:37	"GET /uv2582fip2582inf210/practice_jpa.html HTTP/1.1"
256	2025/02/05 14:41:48	"GET /uv2582fip2582inf210/practice_transaction.html HTTP/1.1"
258	2025/02/05 14:42:10	"GET /uv2582fip2582inf210/activity_conceptual_modeling.html HTTP/1.1"
2552	2025/02/05 14:42:50	"GET /uv2582fip2582inf210/practice_jpa.html HTTP/1.1"
2528	2025/02/05 14:43:37	"GET /uv2582fip2582inf210/lecture_jpa.html HTTP/1.1"
2514	2025/02/05 14:44:02	"GET /uv2582fip2582inf210/practice_sql_correction.html HTTP/1.1"
2518	2025/02/05 14:45:38	"GET /uv2582fip2582inf210/lecture_dto.html HTTP/1.1"
2518	2025/02/05 14:45:52	"GET /uv2582fip2582inf210/practice_spring_2tiers.html HTTP/1.1"
2518	2025/02/05 14:46:29	"GET /uv2582fip2582inf210/lecture_mvc_spring.html HTTP/1.1"
2519	2025/02/05 14:47:16	"GET /uv2582fip2582inf210/index.html HTTP/1.1"
2519	2025/02/05 14:47:22	"GET /uv2582fip2582inf210/web_architecture_home.html HTTP/1.1"
2514	2025/02/05 14:47:35	"GET /uv2582fip2582inf210/lecture_transaction.html HTTP/1.1"
2513	2025/02/05 14:48:11	"GET /uv2582fip2582inf210/activity_sql.html HTTP/1.1"
2522	2025/02/05 14:48:13	"GET /uv2582fip2582inf210/practice_spring_2tiers_ext.html HTTP/1.1"
2544	2025/02/05 14:48:53	"GET /uv2582fip2582inf210/lecture_jpa.html HTTP/1.1"
2523	2025/02/05 14:48:58	"GET /uv2582fip2582inf210/lecture_software_architecture.html HTTP/1.1"
2523	2025/02/05 14:48:58	"GET /uv2582fip2582inf210/lecture_software_architecture.html HTTP/1.1"
2544	2025/02/05 14:49:07	"GET /uv2582fip2582inf210/practice_jpa.html HTTP/1.1"
2544	2025/02/05 14:49:46	"GET /uv2582fip2582inf210/lecture_mvc_spring.html HTTP/1.1"
2527	2025/02/05 14:50:38	"GET /uv2582fip2582inf210/lecture_technical_architecture.html HTTP/1.1"
2521	2025/02/05 14:51:22	"GET /uv2582fip2582inf210/activity_conceptual_modeling.html HTTP/1.1"
2521	2025/02/05 14:51:31	"GET /uv2582fip2582inf210/lecture_normalization.html HTTP/1.1"
2522	2025/02/05 14:51:41	"GET /uv2582fip2582inf210/lecture_jpa.html HTTP/1.1"
2548	2025/02/05 14:51:41	"GET /uv2582fip2582inf210/lecture_jpa.html HTTP/1.1"
2541	2025/02/05 14:52:08	"GET /uv2582fip2582inf210/lecture_dto.html HTTP/1.1"
258	2025/02/05 14:52:24	"GET /uv2582fip2582inf210/activity_conceptual_modeling_correction.html HTTP/1.1"
2544	2025/02/05 14:55:09	"GET /uv2582fip2582inf210/lecture_dto.html HTTP/1.1"
2529	2025/02/05 14:55:38	"GET /uv2582fip2582inf210/documentation_programming.html HTTP/1.1"
2529	2025/02/05 14:55:45	"GET /uv2582fip2582inf210/practice_spring.html HTTP/1.1"
2541	2025/02/05 14:55:48	"GET /uv2582fip2582inf210/lecture_mvc_spring.html HTTP/1.1"
2529	2025/02/05 14:55:49	"GET /uv2582fip2582inf210/index.html HTTP/1.1"
2529	2025/02/05 14:55:52	"GET /uv2582fip2582inf210/web_architecture_home.html HTTP/1.1"
2529	2025/02/05 14:55:54	"GET /uv2582fip2582inf210/images/prerequisite_archiweb/prerequisite_archiweb_2025.html HTTP/1.1"
2551	2025/02/05 14:57:11	"GET /uv2582fip2582inf210/activity_sql.html HTTP/1.1"
2521	2025/02/05 14:58:12	"GET /uv2582fip2582inf210/activity_decomposition.html HTTP/1.1"
2552	2025/02/05 14:58:23	"GET /uv2582fip2582inf210/web_architecture_home.html HTTP/1.1"
2552	2025/02/05 14:58:25	"GET /uv2582fip2582inf210/images/prerequisite_archiweb/prerequisite_archiweb_2025.html HTTP/1.1"
2552	2025/02/05 14:58:33	"GET /uv2582fip2582inf210/lecture_mvc_spring.html HTTP/1.1"
2519	2025/02/05 14:59:50	"GET /uv2582fip2582inf210/lecture_dto.html HTTP/1.1"
2519	2025/02/05 15:00:06	"GET /uv2582fip2582inf210/lecture_technical_architecture.html HTTP/1.1"
2539	2025/02/05 15:01:00	"GET /uv2582fip2582inf210/data_home.html HTTP/1.1"
2513	2025/02/05 15:01:03	"GET /uv2582fip2582inf210/activity_sql_correction.html HTTP/1.1"
2539	2025/02/05 15:01:08	"GET /uv2582fip2582inf210/project_home.html HTTP/1.1"
2539	2025/02/05 15:01:11	"GET /uv2582fip2582inf210/technical_environment_home.html HTTP/1.1"
2529	2025/02/05 15:01:14	"GET /uv2582fip2582inf210/practice_transaction_correction.html HTTP/1.1"
2539	2025/02/05 15:01:21	"GET /uv2582fip2582inf210/lecture_technical_architecture.html HTTP/1.1"
2539	2025/02/05 15:01:26	"GET /uv2582fip2582inf210/images/prerequisite_archiweb/prerequisite_archiweb_2025.html HTTP/1.1"
2527	2025/02/05 15:02:10	"GET /uv2582fip2582inf210/lecture_mvc_spring.html HTTP/1.1"
256	2025/02/05 15:03:30	"GET /uv2582fip2582inf210/practice_transaction_correction.html HTTP/1.1"
2526	2025/02/05 15:03:32	"GET /uv2582fip2582inf210/index.html HTTP/1.1"
2514	2025/02/05 15:03:50	"GET /uv2582fip2582inf210/practice_transaction.html HTTP/1.1"
2527	2025/02/05 15:05:30	"GET /uv2582fip2582inf210/practice_spring_2tiers.html HTTP/1.1"
2527	2025/02/05 15:06:35	"GET /uv2582fip2582inf210/lecture_jpa.html HTTP/1.1"
2527	2025/02/05 15:06:44	"GET /uv2582fip2582inf210/practice_jpa.html HTTP/1.1"
2553	2025/02/05 15:08:47	"GET /uv2582fip2582inf210/activity_conceptual_modeling_advanced_correction.html HTTP/1.1"
2530	2025/02/05 15:09:18	"GET /uv2582fip2582inf210/lecture_jpa.html HTTP/1.1"
2521	2025/02/05 15:09:23	"GET /uv2582fip2582inf210/activity_normalization.html HTTP/1.1"
259	2025/02/05 15:10:53	"GET /uv2582fip2582inf210/activity_conceptual_modeling.html HTTP/1.1"
2521	2025/02/05 15:11:35	"GET /uv2582fip2582inf210/activity_normalization_correction.html HTTP/1.1"
2553	2025/02/05 15:12:12	"GET /uv2582fip2582inf210/lecture_transaction.html HTTP/1.1"
2553	2025/02/05 15:12:16	"GET /uv2582fip2582inf210/practice_indexation.html HTTP/1.1"
259	2025/02/05 15:12:49	"GET /uv2582fip2582inf210/activity_conceptual_modeling_correction.html HTTP/1.1"
2539	2025/02/05 15:12:56	"GET /uv2582fip2582inf210/lecture_software_architecture.html HTTP/1.1"
2516	2025/02/05 15:13:39	"GET /uv2582fip2582inf210/lecture_technical_architecture.html HTTP/1.1"
2516	2025/02/05 15:13:49	"GET /uv2582fip2582inf210/lecture_software_architecture.html HTTP/1.1"
2516	2025/02/05 15:14:07	"GET /uv2582fip2582inf210/lecture_dto.html HTTP/1.1"
257	2025/02/05 15:14:22	"GET /uv2582fip2582inf210/practice_transaction_correction.html HTTP/1.1"
2554	2025/02/05 15:14:26	"GET /uv2582fip2582inf210/practice_transaction_correction.html HTTP/1.1"
2520	2025/02/05 15:15:11	"GET /uv2582fip2582inf210/web_architecture_home.html HTTP/1.1"
2520	2025/02/05 15:15:17	"GET /uv2582fip2582inf210/lecture_technical_architecture.html HTTP/1.1"
2520	2025/02/05 15:15:27	"GET /uv2582fip2582inf210/practice_jpa.html HTTP/1.1"
2549	2025/02/05 15:37:06	"GET /uv2582fip2582inf210/index.html HTTP/1.1"
2549	2025/02/05 15:37:09	"GET /uv2582fip2582inf210/technical_environment_home.html HTTP/1.1"
2549	2025/02/05 15:37:15	"GET /uv2582fip2582inf210/images/prerequisite_techenv/prerequisite_techenv_2025.html HTTP/1.1"
2549	2025/02/05 15:37:17	"GET /uv2582fip2582inf210/practice_spring.html HTTP/1.1"
2553	2025/02/05 15:38:18	"GET /uv2582fip2582inf210/practice_transaction.html HTTP/1.1"
2548	2025/02/05 15:38:51	"GET /uv2582fip2582inf210/technical_environment_home.html HTTP/1.1"
2548	2025/02/05 15:38:57	"GET /uv2582fip2582inf210/documentation_docker.html HTTP/1.1"
2548	2025/02/05 15:39:12	"GET /uv2582fip2582inf210/practice_docker.html HTTP/1.1"
2527	2025/02/05 15:39:58	"GET /uv2582fip2582inf210/web_architecture_home.html HTTP/1.1"
2527	2025/02/05 15:39:59	"GET /uv2582fip2582inf210/images/prerequisite_archiweb/prerequisite_archiweb_2025.html HTTP/1.1"
2527	2025/02/05 15:40:03	"GET /uv2582fip2582inf210/lecture_jpa.html HTTP/1.1"
2527	2025/02/05 15:40:16	"GET /uv2582fip2582inf210/practice_jpa.html HTTP/1.1"
2552	2025/02/05 15:41:07	"GET /uv2582fip2582inf210/project_home.html HTTP/1.1"
2552	2025/02/05 15:41:23	"GET /uv2582fip2582inf210/data_home.html HTTP/1.1"
2552	2025/02/05 15:41:27	"GET /uv2582fip2582inf210/technical_environment_home.html HTTP/1.1"
2552	2025/02/05 15:41:34	"GET /uv2582fip2582inf210/images/prerequisite_techenv/prerequisite_techenv_2025.html HTTP/1.1"
2552	2025/02/05 15:41:36	"GET /uv2582fip2582inf210/documentation_programming.html HTTP/1.1"
2552	2025/02/05 15:41:44	"GET /uv2582fip2582inf210/practice_spring.html HTTP/1.1"
258	2025/02/05 15:42:20	"GET /uv2582fip2582inf210/lecture_normalization.html HTTP/1.1"
2550	2025/02/05 15:43:36	"GET /uv2582fip2582inf210/lecture_normalization.html HTTP/1.1"
2548	2025/02/05 15:44:06	"GET /uv2582fip2582inf210/lecture_mvc_spring.html HTTP/1.1"
2519	2025/02/05 15:45:30	"GET /uv2582fip2582inf210/lecture_software_architecture.html HTTP/1.1"
2530	2025/02/05 15:46:36	"GET /uv2582fip2582inf210/practice_jpa.html HTTP/1.1"
2545	2025/02/05 15:46:43	"GET /uv2582fip2582inf210/images/prerequisite_archiweb/prerequisite_archiweb_2025.html HTTP/1.1"
2524	2025/02/05 15:46:49	"GET /uv2582fip2582inf210/practice_jpa_advanced.html HTTP/1.1"
2524	2025/02/05 15:47:10	"GET /uv2582fip2582inf210/lecture_xml.html HTTP/1.1"
259	2025/02/05 15:47:47	"GET /uv2582fip2582inf210/lecture_normalization.html HTTP/1.1"
2539	2025/02/05 15:48:57	"GET /uv2582fip2582inf210/lecture_dto.html HTTP/1.1"
2552	2025/02/05 15:49:25	"GET /uv2582fip2582inf210/documentation_programming.html HTTP/1.1"
2552	2025/02/05 15:49:33	"GET /uv2582fip2582inf210/technical_environment_home.html HTTP/1.1"
2510	2025/02/05 15:51:00	"GET /uv2582fip2582inf210/lecture_indexation.html HTTP/1.1"
2511	2025/02/05 15:51:09	"GET /uv2582fip2582inf210/practice_transaction_correction.html HTTP/1.1"
2510	2025/02/05 15:51:15	"GET /uv2582fip2582inf210/practice_indexation.html HTTP/1.1"
2510	2025/02/05 15:51:25	"GET /uv2582fip2582inf210/index.html HTTP/1.1"
2510	2025/02/05 15:51:28	"GET /uv2582fip2582inf210/web_architecture_home.html HTTP/1.1"
2510	2025/02/05 15:51:44	"GET /uv2582fip2582inf210/lecture_xml.html HTTP/1.1"
2553	2025/02/05 15:51:45	"GET /uv2582fip2582inf210/documentation_rdbms.html HTTP/1.1"
2516	2025/02/05 15:52:13	"GET /uv2582fip2582inf210/lecture_mvc_spring.html HTTP/1.1"
2522	2025/02/05 15:53:00	"GET /uv2582fip2582inf210/practice_jpa_advanced.html HTTP/1.1"
2539	2025/02/05 15:53:47	"GET /uv2582fip2582inf210/lecture_xml.html HTTP/1.1"
2551	2025/02/05 15:55:53	"GET /uv2582fip2582inf210/practice_sql_correction.html HTTP/1.1"
2523	2025/02/05 15:57:18	"GET /uv2582fip2582inf210/lecture_dto.html HTTP/1.1"
2523	2025/02/05 15:57:19	"GET /uv2582fip2582inf210/lecture_dto.html HTTP/1.1"
2523	2025/02/05 15:57:33	"GET /uv2582fip2582inf210/licence.html HTTP/1.1"
2523	2025/02/05 15:57:33	"GET /uv2582fip2582inf210/licence.html HTTP/1.1"
2553	2025/02/05 15:58:35	"GET /uv2582fip2582inf210/practice_postgresql.html HTTP/1.1"
2519	2025/02/05 15:59:01	"GET /uv2582fip2582inf210/lecture_mvc_spring.html HTTP/1.1"
257	2025/02/05 15:59:44	"GET /uv2582fip2582inf210/images/prerequisite_data/prerequisite_data_2025.html HTTP/1.1"
2547	2025/02/05 16:00:48	"GET /uv2582fip2582inf210/lecture_conceptual_modeling.html HTTP/1.1"
2547	2025/02/05 16:00:55	"GET /uv2582fip2582inf210/lecture_modeling_normalization.html HTTP/1.1"
2541	2025/02/05 16:01:37	"GET /uv2582fip2582inf210/lecture_jpa.html HTTP/1.1"
2541	2025/02/05 16:02:00	"GET /uv2582fip2582inf210/practice_jpa.html HTTP/1.1"
2549	2025/02/05 16:02:57	"GET /uv2582fip2582inf210/practice_postgresql.html HTTP/1.1"
2518	2025/02/05 16:02:59	"GET /uv2582fip2582inf210/project_home.html HTTP/1.1"
2518	2025/02/05 16:03:21	"GET /uv2582fip2582inf210/technical_environment_home.html HTTP/1.1"
2549	2025/02/05 16:03:49	"GET /uv2582fip2582inf210/documentation_docker.html HTTP/1.1"
2511	2025/02/05 16:03:49	"GET /uv2582fip2582inf210/web_architecture_home.html HTTP/1.1"
2518	2025/02/05 16:03:53	"GET /uv2582fip2582inf210/documentation_docker.html HTTP/1.1"
2511	2025/02/05 16:03:55	"GET /uv2582fip2582inf210/lecture_technical_architecture.html HTTP/1.1"
2518	2025/02/05 16:03:55	"GET /uv2582fip2582inf210/practice_docker.html HTTP/1.1"
2549	2025/02/05 16:04:01	"GET /uv2582fip2582inf210/practice_docker.html HTTP/1.1"
2523	2025/02/05 16:04:16	"GET /uv2582fip2582inf210/lecture_xml.html HTTP/1.1"
2523	2025/02/05 16:04:18	"GET /uv2582fip2582inf210/lecture_xml.html HTTP/1.1"
2517	2025/02/05 16:04:45	"GET /uv2582fip2582inf210/practice_jpa_advanced.html HTTP/1.1"
2523	2025/02/05 16:04:56	"GET /uv2582fip2582inf210/lecture_json.html HTTP/1.1"
2523	2025/02/05 16:04:56	"GET /uv2582fip2582inf210/lecture_json.html HTTP/1.1"
2516	2025/02/05 16:05:54	"GET /uv2582fip2582inf210/lecture_jpa.html HTTP/1.1"
2516	2025/02/05 16:05:58	"GET /uv2582fip2582inf210/lecture_jpa.html HTTP/1.1"
253	2025/02/05 16:07:08	"GET /uv2582fip2582inf210/activity_sql.html HTTP/1.1"
2524	2025/02/05 16:07:16	"GET /uv2582fip2582inf210/practice_xml.html HTTP/1.1"
2554	2025/02/05 16:08:45	"GET /uv2582fip2582inf210/practice_sql.html HTTP/1.1"
2523	2025/02/05 16:08:50	"GET /uv2582fip2582inf210/lecture_mvc_spring.html HTTP/1.1"
2523	2025/02/05 16:08:50	"GET /uv2582fip2582inf210/lecture_mvc_spring.html HTTP/1.1"
2519	2025/02/05 16:09:05	"GET /uv2582fip2582inf210/lecture_jpa.html HTTP/1.1"
2545	2025/02/05 16:10:43	"GET /uv2582fip2582inf210/lecture_jpa.html HTTP/1.1"
259	2025/02/05 16:11:36	"GET /uv2582fip2582inf210/activity_normalization.html HTTP/1.1"
258	2025/02/05 16:11:40	"GET /uv2582fip2582inf210/activity_normalization.html HTTP/1.1"
259	2025/02/05 16:12:42	"GET /uv2582fip2582inf210/activity_normalization_correction.html HTTP/1.1"
2539	2025/02/05 16:12:48	"GET /uv2582fip2582inf210/lecture_json.html HTTP/1.1"
2510	2025/02/05 16:13:58	"GET /uv2582fip2582inf210/lecture_json.html HTTP/1.1"
259	2025/02/05 16:14:12	"GET /uv2582fip2582inf210/activity_sql.html HTTP/1.1"
2510	2025/02/05 16:14:38	"GET /uv2582fip2582inf210/practice_json.html HTTP/1.1"
2510	2025/02/05 16:14:43	"GET /uv2582fip2582inf210/practice_apis.html HTTP/1.1"
2539	2025/02/05 16:15:39	"GET /uv2582fip2582inf210/practice_xml.html HTTP/1.1"
2511	2025/02/05 16:15:48	"GET /uv2582fip2582inf210/lecture_software_architecture.html HTTP/1.1"
255	2025/02/05 16:16:23	"GET /uv2582fip2582inf210/images/prerequisite_data/prerequisite_data_2025.html HTTP/1.1"
255	2025/02/05 16:16:27	"GET /uv2582fip2582inf210/lecture_indexation.html HTTP/1.1"
2524	2025/02/05 16:16:37	"GET /uv2582fip2582inf210/lecture_json.html HTTP/1.1"
2524	2025/02/05 16:16:56	"GET /uv2582fip2582inf210/practice_json.html HTTP/1.1"
259	2025/02/05 16:20:13	"GET /uv2582fip2582inf210/practice_sql.html HTTP/1.1"
2516	2025/02/05 16:22:19	"GET /uv2582fip2582inf210/practice_jpa.html HTTP/1.1"
2511	2025/02/05 16:22:41	"GET /uv2582fip2582inf210/lecture_dto.html HTTP/1.1"
2510	2025/02/05 16:22:51	"GET /uv2582fip2582inf210/practice_xpath.html HTTP/1.1"
2510	2025/02/05 16:22:54	"GET /uv2582fip2582inf210/lecture_jaxb.html HTTP/1.1"
255	2025/02/05 16:24:16	"GET /uv2582fip2582inf210/practice_indexation.html HTTP/1.1"
253	2025/02/05 16:25:12	"GET /uv2582fip2582inf210/lecture_independence_views.html HTTP/1.1"
2552	2025/02/05 16:26:04	"GET /uv2582fip2582inf210/index.html HTTP/1.1"
2552	2025/02/05 16:26:06	"GET /uv2582fip2582inf210/web_architecture_home.html HTTP/1.1"
2552	2025/02/05 16:26:07	"GET /uv2582fip2582inf210/images/prerequisite_archiweb/prerequisite_archiweb_2025.html HTTP/1.1"
255	2025/02/05 16:26:23	"GET /uv2582fip2582inf210/lecture_mvc_spring.html HTTP/1.1"
2552	2025/02/05 16:26:27	"GET /uv2582fip2582inf210/practice_jpa.html HTTP/1.1"
2510	2025/02/05 16:26:45	"GET /uv2582fip2582inf210/lecture_validity.html HTTP/1.1"
2552	2025/02/05 16:27:06	"GET /uv2582fip2582inf210/lecture_jpa.html HTTP/1.1"
253	2025/02/05 16:27:59	"GET /uv2582fip2582inf210/practice_independence_views.html HTTP/1.1"
2554	2025/02/05 16:29:34	"GET /uv2582fip2582inf210/practice_sql_correction.html HTTP/1.1"
2540	2025/02/05 16:30:01	"GET /uv2582fip2582inf210/lecture_software_architecture.html HTTP/1.1"
2527	2025/02/05 16:30:31	"GET /uv2582fip2582inf210/lecture_mvc_spring.html HTTP/1.1"
2529	2025/02/05 16:31:02	"GET /uv2582fip2582inf210/lecture_technical_architecture.html HTTP/1.1"
255	2025/02/05 16:33:43	"GET /uv2582fip2582inf210/lecture_jpa.html HTTP/1.1"
2546	2025/02/05 16:34:30	"GET /uv2582fip2582inf210/documentation_docker.html HTTP/1.1"
2546	2025/02/05 16:34:46	"GET /uv2582fip2582inf210/practice_docker.html HTTP/1.1"
2534	2025/02/05 16:40:36	"GET /uv2582fip2582inf210/technical_environment_home.html HTTP/1.1"
2534	2025/02/05 16:42:39	"GET /uv2582fip2582inf210/lecture_xml.html HTTP/1.1"
2534	2025/02/05 16:42:43	"GET /uv2582fip2582inf210/lecture_validity.html HTTP/1.1"
2534	2025/02/05 16:42:50	"GET /uv2582fip2582inf210/lecture_xpath.html HTTP/1.1"
2534	2025/02/05 16:42:51	"GET /uv2582fip2582inf210/lecture_parser.html HTTP/1.1"
2534	2025/02/05 16:42:53	"GET /uv2582fip2582inf210/lecture_jaxb.html HTTP/1.1"
2526	2025/02/05 16:46:27	"GET /uv2582fip2582inf210/data_home.html HTTP/1.1"
2526	2025/02/05 16:46:31	"GET /uv2582fip2582inf210/practice_transaction.html HTTP/1.1"
2526	2025/02/05 16:46:50	"GET /uv2582fip2582inf210/practice_sql.html HTTP/1.1"
2531	2025/02/05 20:15:46	"GET /uv2582fip2582inf210/practice_sql_correction.html HTTP/1.1"
2531	2025/02/05 20:35:22	"GET /uv2582fip2582inf210/lecture_transaction.html HTTP/1.1"
2531	2025/02/05 20:36:17	"GET /uv2582fip2582inf210/practice_transaction.html HTTP/1.1"
2531	2025/02/05 21:11:09	"GET /uv2582fip2582inf210/practice_transaction_correction.html HTTP/1.1"
2546	2025/02/05 22:43:18	"GET /uv2582fip2582inf210/technical_environment_home.html HTTP/1.1"
2558	2025/02/10 01:06:45	"GET /uv2582fip2582inf210/technical_environment_home.html HTTP/1.1"
2558	2025/02/10 01:06:55	"GET /uv2582fip2582inf210/practice_postgresql.html HTTP/1.1"
2558	2025/02/10 01:07:01	"GET /uv2582fip2582inf210/web_architecture_home.html HTTP/1.1"
2558	2025/02/10 01:07:22	"GET /uv2582fip2582inf210/web_architecture_home.html HTTP/1.1"
2558	2025/02/10 01:07:46	"GET /uv2582fip2582inf210/project_home.html HTTP/1.1"
2558	2025/02/10 01:07:51	"GET /uv2582fip2582inf210/data_home.html HTTP/1.1"
2558	2025/02/10 01:07:55	"GET /uv2582fip2582inf210/lecture_normalization.html HTTP/1.1"
2558	2025/02/10 01:23:12	"GET /uv2582fip2582inf210/activity_normalization.html HTTP/1.1"
2558	2025/02/10 01:25:18	"GET /uv2582fip2582inf210/activity_normalization_correction.html HTTP/1.1"
2558	2025/02/10 01:32:32	"GET /uv2582fip2582inf210/activity_conceptual_modeling.html HTTP/1.1"
2558	2025/02/10 01:32:44	"GET /uv2582fip2582inf210/lecture_conceptual_modeling.html HTTP/1.1"
2558	2025/02/10 01:32:54	"GET /uv2582fip2582inf210/lecture_modeling_normalization.html HTTP/1.1"
2558	2025/02/10 01:33:05	"GET /uv2582fip2582inf210/activity_relational_model.html HTTP/1.1"
255	2025/02/10 07:47:49	"GET /uv2582fip2582inf210/index.html HTTP/1.1"
255	2025/02/10 07:51:10	"GET /uv2582fip2582inf210/data_home.html HTTP/1.1"
255	2025/02/10 07:51:17	"GET /uv2582fip2582inf210/lecture_transaction.html HTTP/1.1"
255	2025/02/10 07:53:53	"GET /uv2582fip2582inf210/practice_transaction.html HTTP/1.1"
255	2025/02/10 07:57:39	"GET /uv2582fip2582inf210/practice_transaction_correction.html HTTP/1.1"
2550	2025/02/10 08:53:35	"GET /uv2582fip2582inf210/data_home.html HTTP/1.1"
2550	2025/02/10 08:53:38	"GET /uv2582fip2582inf210/lecture_normalization.html HTTP/1.1"
2550	2025/02/10 08:53:46	"GET /uv2582fip2582inf210/activity_sql.html HTTP/1.1"
2541	2025/02/10 12:52:16	"GET /uv2582fip2582inf210/data_home.html HTTP/1.1"
2541	2025/02/10 12:52:24	"GET /uv2582fip2582inf210/web_architecture_home.html HTTP/1.1"
2541	2025/02/10 12:52:39	"GET /uv2582fip2582inf210/lecture_jpa.html HTTP/1.1"
256	2025/02/10 13:30:53	"GET /uv2582fip2582inf210/project_home.html HTTP/1.1"
256	2025/02/10 13:31:01	"GET /uv2582fip2582inf210/project_home.html HTTP/1.1"
256	2025/02/10 13:31:15	"GET /uv2582fip2582inf210/project_home.html HTTP/1.1"
256	2025/02/10 13:31:16	"GET /uv2582fip2582inf210/project_home.html HTTP/1.1"
256	2025/02/10 13:31:20	"GET /uv2582fip2582inf210/data_home.html HTTP/1.1"
256	2025/02/10 13:32:02	"GET /uv2582fip2582inf210/project_home.html HTTP/1.1"
256	2025/02/10 13:32:28	"GET /uv2582fip2582inf210/web_architecture_home.html HTTP/1.1"
252	2025/02/10 13:37:56	"GET /uv2582fip2582inf210/web_architecture_home.html HTTP/1.1"
252	2025/02/10 13:38:00	"GET /uv2582fip2582inf210/practice_spring_2tiers.html HTTP/1.1"
2536	2025/02/10 13:47:53	"GET /uv2582fip2582inf210/lecture_conceptual_modeling.html HTTP/1.1"
2539	2025/02/10 13:49:53	"GET /uv2582fip2582inf210/images/prerequisite_archiweb/prerequisite_archiweb_2025.html HTTP/1.1"
2539	2025/02/10 13:51:24	"GET /uv2582fip2582inf210/lecture_xml.html HTTP/1.1"
2539	2025/02/10 13:51:25	"GET /uv2582fip2582inf210/practice_xml.html HTTP/1.1"
2569	2025/02/10 13:57:53	"GET /uv2582fip2582inf210/data_home.html HTTP/1.1"
2569	2025/02/10 13:57:56	"GET /uv2582fip2582inf210/lecture_normalization.html HTTP/1.1"
2536	2025/02/10 13:59:25	"GET /uv2582fip2582inf210/index.html HTTP/1.1"
2524	2025/02/10 13:59:53	"GET /uv2582fip2582inf210/index.html HTTP/1.1"
2524	2025/02/10 13:59:56	"GET /uv2582fip2582inf210/data_home.html HTTP/1.1"
2524	2025/02/10 13:59:59	"GET /uv2582fip2582inf210/web_architecture_home.html HTTP/1.1"
2524	2025/02/10 14:00:03	"GET /uv2582fip2582inf210/practice_jpa_advanced.html HTTP/1.1"
2536	2025/02/10 14:00:23	"GET /uv2582fip2582inf210/data_home.html HTTP/1.1"
2557	2025/02/10 14:00:39	"GET /uv2582fip2582inf210/images/prerequisite_data/prerequisite_data_2025.html HTTP/1.1"
2557	2025/02/10 14:00:45	"GET /uv2582fip2582inf210/images/prerequisite_data/prerequisite_data_2025.html HTTP/1.1"
2536	2025/02/10 14:01:17	"GET /uv2582fip2582inf210/lecture_normalization.html HTTP/1.1"
2515	2025/02/10 14:02:12	"GET /uv2582fip2582inf210/data_home.html HTTP/1.1"
2515	2025/02/10 14:02:15	"GET /uv2582fip2582inf210/lecture_relational_model.html HTTP/1.1"
2524	2025/02/10 14:02:25	"GET /uv2582fip2582inf210/practice_jpa.html HTTP/1.1"
2517	2025/02/10 14:02:32	"GET /uv2582fip2582inf210/technical_environment_home.html HTTP/1.1"
2517	2025/02/10 14:02:36	"GET /uv2582fip2582inf210/index.html HTTP/1.1"
2565	2025/02/10 14:02:39	"GET /uv2582fip2582inf210/data_home.html HTTP/1.1"
2517	2025/02/10 14:02:43	"GET /uv2582fip2582inf210/web_architecture_home.html HTTP/1.1"
2572	2025/02/10 14:02:48	"GET /uv2582fip2582inf210/technical_environment_home.html HTTP/1.1"
2570	2025/02/10 14:02:51	"GET /uv2582fip2582inf210/data_home.html HTTP/1.1"
2517	2025/02/10 14:02:51	"GET /uv2582fip2582inf210/practice_jpa_advanced.html HTTP/1.1"
2551	2025/02/10 14:03:06	"GET /uv2582fip2582inf210/documentation_docker.html HTTP/1.1"
2517	2025/02/10 14:03:06	"GET /uv2582fip2582inf210/practice_spring_2tiers.html HTTP/1.1"
256	2025/02/10 14:03:13	"GET /uv2582fip2582inf210/index.html HTTP/1.1"
2535	2025/02/10 14:03:13	"GET /uv2582fip2582inf210/index.html HTTP/1.1"
258	2025/02/10 14:03:22	"GET /uv2582fip2582inf210/index.html HTTP/1.1"
2535	2025/02/10 14:03:23	"GET /uv2582fip2582inf210/data_home.html HTTP/1.1"
255	2025/02/10 14:03:24	"GET /uv2582fip2582inf210/lecture_modeling_normalization.html HTTP/1.1"
258	2025/02/10 14:03:26	"GET /uv2582fip2582inf210/index.html HTTP/1.1"
2551	2025/02/10 14:03:32	"GET /uv2582fip2582inf210/index.html HTTP/1.1"
2563	2025/02/10 14:03:33	"GET /uv2582fip2582inf210/data_home.html HTTP/1.1"
2549	2025/02/10 14:03:36	"GET /uv2582fip2582inf210/web_architecture_home.html HTTP/1.1"
2551	2025/02/10 14:03:37	"GET /uv2582fip2582inf210/data_home.html HTTP/1.1"
2549	2025/02/10 14:03:37	"GET /uv2582fip2582inf210/images/prerequisite_archiweb/prerequisite_archiweb_2025.html HTTP/1.1"
2551	2025/02/10 14:03:40	"GET /uv2582fip2582inf210/practice_sql.html HTTP/1.1"
2549	2025/02/10 14:03:43	"GET /uv2582fip2582inf210/practice_spring_2tiers.html HTTP/1.1"
2557	2025/02/10 14:03:43	"GET /uv2582fip2582inf210/lecture_normalization.html HTTP/1.1"
2563	2025/02/10 14:03:51	"GET /uv2582fip2582inf210/activity_conceptual_modeling_advanced.html HTTP/1.1"
2517	2025/02/10 14:03:51	"GET /uv2582fip2582inf210/data_home.html HTTP/1.1"
2561	2025/02/10 14:03:59	"GET /uv2582fip2582inf210/web_architecture_home.html HTTP/1.1"
2561	2025/02/10 14:04:05	"GET /uv2582fip2582inf210/data_home.html HTTP/1.1"
2516	2025/02/10 14:04:06	"GET /uv2582fip2582inf210/web_architecture_home.html HTTP/1.1"
2563	2025/02/10 14:04:11	"GET /uv2582fip2582inf210/lecture_normalization.html HTTP/1.1"
2525	2025/02/10 14:04:13	"GET /uv2582fip2582inf210/web_architecture_home.html HTTP/1.1"
2525	2025/02/10 14:04:13	"GET /uv2582fip2582inf210/web_architecture_home.html HTTP/1.1"
2516	2025/02/10 14:04:18	"GET /uv2582fip2582inf210/practice_jpa.html HTTP/1.1"
2561	2025/02/10 14:04:21	"GET /uv2582fip2582inf210/lecture_independence_views.html HTTP/1.1"
2563	2025/02/10 14:04:25	"GET /uv2582fip2582inf210/activity_decomposition.html HTTP/1.1"
2561	2025/02/10 14:04:26	"GET /uv2582fip2582inf210/lecture_modeling_normalization.html HTTP/1.1"
2561	2025/02/10 14:04:36	"GET /uv2582fip2582inf210/lecture_normalization.html HTTP/1.1"
2542	2025/02/10 14:04:37	"GET /uv2582fip2582inf210/data_home.html HTTP/1.1"
258	2025/02/10 14:04:47	"GET /uv2582fip2582inf210/data_home.html HTTP/1.1"
258	2025/02/10 14:04:56	"GET /uv2582fip2582inf210/lecture_conceptual_modeling.html HTTP/1.1"
2529	2025/02/10 14:05:02	"GET /uv2582fip2582inf210/index.html HTTP/1.1"
2529	2025/02/10 14:05:06	"GET /uv2582fip2582inf210/data_home.html HTTP/1.1"
2529	2025/02/10 14:05:07	"GET /uv2582fip2582inf210/images/prerequisite_data/prerequisite_data_2025.html HTTP/1.1"
2518	2025/02/10 14:05:10	"GET /uv2582fip2582inf210/web_architecture_home.html HTTP/1.1"
2542	2025/02/10 14:05:10	"GET /uv2582fip2582inf210/web_architecture_home.html HTTP/1.1"
259	2025/02/10 14:05:13	"GET /uv2582fip2582inf210/activity_normalization.html HTTP/1.1"
2518	2025/02/10 14:05:15	"GET /uv2582fip2582inf210/images/prerequisite_archiweb/prerequisite_archiweb_2025.html HTTP/1.1"
2518	2025/02/10 14:05:19	"GET /uv2582fip2582inf210/practice_spring_2tiers.html HTTP/1.1"
2542	2025/02/10 14:05:25	"GET /uv2582fip2582inf210/practice_jpa_advanced.html HTTP/1.1"
2521	2025/02/10 14:05:45	"GET /uv2582fip2582inf210/data_home.html HTTP/1.1"
2521	2025/02/10 14:05:52	"GET /uv2582fip2582inf210/images/prerequisite_data/prerequisite_data_2025.html HTTP/1.1"
256	2025/02/10 14:05:52	"GET /uv2582fip2582inf210/images/prerequisite_data/prerequisite_data_2025.html HTTP/1.1"
2567	2025/02/10 14:05:55	"GET /uv2582fip2582inf210/technical_environment_home.html HTTP/1.1"
2521	2025/02/10 14:06:01	"GET /uv2582fip2582inf210/activity_normalization.html HTTP/1.1"
2564	2025/02/10 14:06:06	"GET /uv2582fip2582inf210/web_architecture_home.html HTTP/1.1"
2512	2025/02/10 14:06:09	"GET /uv2582fip2582inf210/web_architecture_home.html HTTP/1.1"
2564	2025/02/10 14:06:11	"GET /uv2582fip2582inf210/technical_environment_home.html HTTP/1.1"
2564	2025/02/10 14:06:16	"GET /uv2582fip2582inf210/data_home.html HTTP/1.1"
2572	2025/02/10 14:06:17	"GET /uv2582fip2582inf210/data_home.html HTTP/1.1"
2564	2025/02/10 14:06:19	"GET /uv2582fip2582inf210/images/prerequisite_data/prerequisite_data_2025.html HTTP/1.1"
2516	2025/02/10 14:06:27	"GET /uv2582fip2582inf210/lecture_jpa.html HTTP/1.1"
2564	2025/02/10 14:06:28	"GET /uv2582fip2582inf210/lecture_normalization.html HTTP/1.1"
259	2025/02/10 14:06:33	"GET /uv2582fip2582inf210/lecture_normalization.html HTTP/1.1"
2565	2025/02/10 14:06:34	"GET /uv2582fip2582inf210/images/prerequisite_data/prerequisite_data_2025.html HTTP/1.1"
2565	2025/02/10 14:06:38	"GET /uv2582fip2582inf210/lecture_modeling_normalization.html HTTP/1.1"
2521	2025/02/10 14:06:47	"GET /uv2582fip2582inf210/activity_decomposition.html HTTP/1.1"
2574	2025/02/10 14:07:03	"GET /uv2582fip2582inf210/technical_environment_home.html HTTP/1.1"
2574	2025/02/10 14:07:07	"GET /uv2582fip2582inf210/documentation_programming.html HTTP/1.1"
2552	2025/02/10 14:07:11	"GET /uv2582fip2582inf210/documentation_programming.html HTTP/1.1"
2569	2025/02/10 14:07:16	"GET /uv2582fip2582inf210/activity_normalization.html HTTP/1.1"
256	2025/02/10 14:07:18	"GET /uv2582fip2582inf210/lecture_transaction.html HTTP/1.1"
2574	2025/02/10 14:07:23	"GET /uv2582fip2582inf210/data_home.html HTTP/1.1"
2566	2025/02/10 14:07:25	"GET /uv2582fip2582inf210/web_architecture_home.html HTTP/1.1"
2567	2025/02/10 14:07:29	"GET /uv2582fip2582inf210/practice_docker_advanced.html HTTP/1.1"
2566	2025/02/10 14:07:30	"GET /uv2582fip2582inf210/technical_environment_home.html HTTP/1.1"
2567	2025/02/10 14:07:33	"GET /uv2582fip2582inf210/practice_postgresql.html HTTP/1.1"
2567	2025/02/10 14:07:35	"GET /uv2582fip2582inf210/documentation_rdbms.html HTTP/1.1"
2567	2025/02/10 14:07:44	"GET /uv2582fip2582inf210/index.html HTTP/1.1"
2547	2025/02/10 14:07:47	"GET /uv2582fip2582inf210/web_architecture_home.html HTTP/1.1"
259	2025/02/10 14:07:48	"GET /uv2582fip2582inf210/activity_sql.html HTTP/1.1"
2546	2025/02/10 14:07:48	"GET /uv2582fip2582inf210/web_architecture_home.html HTTP/1.1"
2558	2025/02/10 14:07:51	"GET /uv2582fip2582inf210/activity_decomposition.html HTTP/1.1"
2567	2025/02/10 14:07:54	"GET /uv2582fip2582inf210/documentation_docker.html HTTP/1.1"
2566	2025/02/10 14:08:00	"GET /uv2582fip2582inf210/data_home.html HTTP/1.1"
2566	2025/02/10 14:08:06	"GET /uv2582fip2582inf210/lecture_modeling_normalization.html HTTP/1.1"
2552	2025/02/10 14:08:19	"GET /uv2582fip2582inf210/documentation_programming.html HTTP/1.1"
2571	2025/02/10 14:08:20	"GET /uv2582fip2582inf210/web_architecture_home.html HTTP/1.1"
2552	2025/02/10 14:08:21	"GET /uv2582fip2582inf210/inversion_of_control.html HTTP/1.1"
2567	2025/02/10 14:08:22	"GET /uv2582fip2582inf210/data_home.html HTTP/1.1"
2513	2025/02/10 14:08:24	"GET /uv2582fip2582inf210/data_home.html HTTP/1.1"
2564	2025/02/10 14:08:24	"GET /uv2582fip2582inf210/activity_sql.html HTTP/1.1"
2513	2025/02/10 14:08:26	"GET /uv2582fip2582inf210/images/prerequisite_data/prerequisite_data_2025.html HTTP/1.1"
2552	2025/02/10 14:08:26	"GET /uv2582fip2582inf210/web_architecture_home.html HTTP/1.1"
2571	2025/02/10 14:08:27	"GET /uv2582fip2582inf210/technical_environment_home.html HTTP/1.1"
2552	2025/02/10 14:08:29	"GET /uv2582fip2582inf210/images/prerequisite_archiweb/prerequisite_archiweb_2025.html HTTP/1.1"
2529	2025/02/10 14:08:30	"GET /uv2582fip2582inf210/practice_transaction.html HTTP/1.1"
2571	2025/02/10 14:08:33	"GET /uv2582fip2582inf210/data_home.html HTTP/1.1"
2546	2025/02/10 14:08:34	"GET /uv2582fip2582inf210/lecture_mvc_spring.html HTTP/1.1"
2571	2025/02/10 14:08:34	"GET /uv2582fip2582inf210/images/prerequisite_data/prerequisite_data_2025.html HTTP/1.1"
2571	2025/02/10 14:08:36	"GET /uv2582fip2582inf210/activity_sql.html HTTP/1.1"
2572	2025/02/10 14:08:39	"GET /uv2582fip2582inf210/activity_relational_model.html HTTP/1.1"
2527	2025/02/10 14:08:50	"GET /uv2582fip2582inf210/web_architecture_home.html HTTP/1.1"
2527	2025/02/10 14:08:52	"GET /uv2582fip2582inf210/images/prerequisite_archiweb/prerequisite_archiweb_2025.html HTTP/1.1"
2513	2025/02/10 14:08:53	"GET /uv2582fip2582inf210/activity_sql.html HTTP/1.1"
2567	2025/02/10 14:08:54	"GET /uv2582fip2582inf210/lecture_modeling_normalization.html HTTP/1.1"
2527	2025/02/10 14:08:54	"GET /uv2582fip2582inf210/practice_jpa.html HTTP/1.1"
2572	2025/02/10 14:08:55	"GET /uv2582fip2582inf210/lecture_modeling_normalization.html HTTP/1.1"
2571	2025/02/10 14:08:56	"GET /uv2582fip2582inf210/lecture_modeling_normalization.html HTTP/1.1"
259	2025/02/10 14:09:01	"GET /uv2582fip2582inf210/technical_environment_home.html HTTP/1.1"
2574	2025/02/10 14:09:02	"GET /uv2582fip2582inf210/lecture_normalization.html HTTP/1.1"
2571	2025/02/10 14:09:04	"GET /uv2582fip2582inf210/lecture_conceptual_modeling.html HTTP/1.1"
259	2025/02/10 14:09:07	"GET /uv2582fip2582inf210/documentation_docker.html HTTP/1.1"
2548	2025/02/10 14:09:14	"GET /uv2582fip2582inf210/web_architecture_home.html HTTP/1.1"
256	2025/02/10 14:09:16	"GET /uv2582fip2582inf210/practice_transaction.html HTTP/1.1"
2535	2025/02/10 14:09:19	"GET /uv2582fip2582inf210/lecture_normalization.html HTTP/1.1"
2562	2025/02/10 14:09:23	"GET /uv2582fip2582inf210/lecture_conceptual_modeling.html HTTP/1.1"
2573	2025/02/10 14:09:28	"GET /uv2582fip2582inf210/data_home.html HTTP/1.1"
2562	2025/02/10 14:09:29	"GET /uv2582fip2582inf210/lecture_normalization.html HTTP/1.1"
2565	2025/02/10 14:09:33	"GET /uv2582fip2582inf210/activity_conceptual_modeling.html HTTP/1.1"
2552	2025/02/10 14:09:36	"GET /uv2582fip2582inf210/images/prerequisite_archiweb/prerequisite_archiweb_2025.html HTTP/1.1"
2554	2025/02/10 14:09:36	"GET /uv2582fip2582inf210/index.html HTTP/1.1"
2552	2025/02/10 14:09:38	"GET /uv2582fip2582inf210/practice_jpa.html HTTP/1.1"
2552	2025/02/10 14:09:38	"GET /uv2582fip2582inf210/web_architecture_home.html HTTP/1.1"
2552	2025/02/10 14:09:39	"GET /uv2582fip2582inf210/images/prerequisite_archiweb/prerequisite_archiweb_2025.html HTTP/1.1"
2552	2025/02/10 14:09:39	"GET /uv2582fip2582inf210/lecture_mvc_spring.html HTTP/1.1"
2552	2025/02/10 14:09:46	"GET /uv2582fip2582inf210/lecture_jpa.html HTTP/1.1"
2575	2025/02/10 14:09:47	"GET /uv2582fip2582inf210/lecture_modeling_normalization.html HTTP/1.1"
2525	2025/02/10 14:09:51	"GET /uv2582fip2582inf210/lecture_technical_architecture.html HTTP/1.1"
2525	2025/02/10 14:09:52	"GET /uv2582fip2582inf210/lecture_technical_architecture.html HTTP/1.1"
2573	2025/02/10 14:09:53	"GET /uv2582fip2582inf210/lecture_normalization.html HTTP/1.1"
2533	2025/02/10 14:09:54	"GET /uv2582fip2582inf210/technical_environment_home.html HTTP/1.1"
2533	2025/02/10 14:09:57	"GET /uv2582fip2582inf210/practice_docker_advanced.html HTTP/1.1"
2545	2025/02/10 14:09:57	"GET /uv2582fip2582inf210/web_architecture_home.html HTTP/1.1"
2572	2025/02/10 14:10:07	"GET /uv2582fip2582inf210/lecture_conceptual_modeling.html HTTP/1.1"
2575	2025/02/10 14:10:08	"GET /uv2582fip2582inf210/activity_conceptual_modeling.html HTTP/1.1"
2533	2025/02/10 14:10:14	"GET /uv2582fip2582inf210/practice_postgresql.html HTTP/1.1"
2533	2025/02/10 14:10:21	"GET /uv2582fip2582inf210/documentation_programming.html HTTP/1.1"
2570	2025/02/10 14:10:35	"GET /uv2582fip2582inf210/images/prerequisite_data/prerequisite_data_2025.html HTTP/1.1"
2554	2025/02/10 14:10:41	"GET /uv2582fip2582inf210/web_architecture_home.html HTTP/1.1"
255	2025/02/10 14:10:53	"GET /uv2582fip2582inf210/lecture_conceptual_modeling.html HTTP/1.1"
255	2025/02/10 14:11:00	"GET /uv2582fip2582inf210/activity_conceptual_modeling.html HTTP/1.1"
2566	2025/02/10 14:11:09	"GET /uv2582fip2582inf210/lecture_conceptual_modeling.html HTTP/1.1"
2566	2025/02/10 14:11:13	"GET /uv2582fip2582inf210/lecture_normalization.html HTTP/1.1"
2536	2025/02/10 14:11:14	"GET /uv2582fip2582inf210/lecture_sql.html HTTP/1.1"
2570	2025/02/10 14:11:35	"GET /uv2582fip2582inf210/lecture_modeling_normalization.html HTTP/1.1"
2564	2025/02/10 14:11:42	"GET /uv2582fip2582inf210/activity_sql_correction.html HTTP/1.1"
2568	2025/02/10 14:12:22	"GET /uv2582fip2582inf210/technical_environment_home.html HTTP/1.1"
2568	2025/02/10 14:12:26	"GET /uv2582fip2582inf210/index.html HTTP/1.1"
2568	2025/02/10 14:12:29	"GET /uv2582fip2582inf210/web_architecture_home.html HTTP/1.1"
2568	2025/02/10 14:12:47	"GET /uv2582fip2582inf210/data_home.html HTTP/1.1"
2568	2025/02/10 14:12:53	"GET /uv2582fip2582inf210/lecture_normalization.html HTTP/1.1"
2514	2025/02/10 14:12:57	"GET /uv2582fip2582inf210/data_home.html HTTP/1.1"
2519	2025/02/10 14:13:11	"GET /uv2582fip2582inf210/web_architecture_home.html HTTP/1.1"
255	2025/02/10 14:13:30	"GET /uv2582fip2582inf210/lecture_normalization.html HTTP/1.1"
258	2025/02/10 14:13:43	"GET /uv2582fip2582inf210/lecture_normalization.html HTTP/1.1"
2527	2025/02/10 14:13:45	"GET /uv2582fip2582inf210/lecture_dto.html HTTP/1.1"
2527	2025/02/10 14:13:49	"GET /uv2582fip2582inf210/lecture_software_architecture.html HTTP/1.1"
2514	2025/02/10 14:14:09	"GET /uv2582fip2582inf210/lecture_db_tools.html HTTP/1.1"
2514	2025/02/10 14:14:18	"GET /uv2582fip2582inf210/practice_transaction.html HTTP/1.1"
2543	2025/02/10 14:14:23	"GET /uv2582fip2582inf210/index.html HTTP/1.1"
257	2025/02/10 14:14:32	"GET /uv2582fip2582inf210/data_home.html HTTP/1.1"
2539	2025/02/10 14:14:33	"GET /uv2582fip2582inf210/index.html HTTP/1.1"
2539	2025/02/10 14:14:36	"GET /uv2582fip2582inf210/data_home.html HTTP/1.1"
2548	2025/02/10 14:14:38	"GET /uv2582fip2582inf210/lecture_jpa.html HTTP/1.1"
2554	2025/02/10 14:14:42	"GET /uv2582fip2582inf210/lecture_technical_architecture.html HTTP/1.1"
2539	2025/02/10 14:14:45	"GET /uv2582fip2582inf210/lecture_transaction.html HTTP/1.1"
2514	2025/02/10 14:14:47	"GET /uv2582fip2582inf210/practice_sql.html HTTP/1.1"
2539	2025/02/10 14:14:50	"GET /uv2582fip2582inf210/activity_sql.html HTTP/1.1"
2539	2025/02/10 14:14:57	"GET /uv2582fip2582inf210/lecture_conceptual_modeling.html HTTP/1.1"
2539	2025/02/10 14:15:01	"GET /uv2582fip2582inf210/lecture_normalization.html HTTP/1.1"
2514	2025/02/10 14:15:06	"GET /uv2582fip2582inf210/lecture_transaction.html HTTP/1.1"
2546	2025/02/10 14:16:26	"GET /uv2582fip2582inf210/lecture_software_architecture.html HTTP/1.1"
2568	2025/02/10 14:16:49	"GET /uv2582fip2582inf210/activity_normalization.html HTTP/1.1"
2519	2025/02/10 14:16:55	"GET /uv2582fip2582inf210/lecture_software_architecture.html HTTP/1.1"
2545	2025/02/10 14:16:56	"GET /uv2582fip2582inf210/images/prerequisite_archiweb/prerequisite_archiweb_2025.html HTTP/1.1"
2568	2025/02/10 14:16:57	"GET /uv2582fip2582inf210/lecture_modeling_normalization.html HTTP/1.1"
2547	2025/02/10 14:17:01	"GET /uv2582fip2582inf210/lecture_dto.html HTTP/1.1"
2547	2025/02/10 14:17:02	"GET /uv2582fip2582inf210/lecture_software_architecture.html HTTP/1.1"
2519	2025/02/10 14:17:03	"GET /uv2582fip2582inf210/lecture_dto.html HTTP/1.1"
2568	2025/02/10 14:17:11	"GET /uv2582fip2582inf210/images/prerequisite_data/prerequisite_data_2025.html HTTP/1.1"
2573	2025/02/10 14:17:31	"GET /uv2582fip2582inf210/activity_normalization.html HTTP/1.1"
2565	2025/02/10 14:17:39	"GET /uv2582fip2582inf210/activity_conceptual_modeling_correction.html HTTP/1.1"
2519	2025/02/10 14:17:42	"GET /uv2582fip2582inf210/lecture_mvc_spring.html HTTP/1.1"
2565	2025/02/10 14:17:48	"GET /uv2582fip2582inf210/activity_normalization.html HTTP/1.1"
259	2025/02/10 14:17:50	"GET /uv2582fip2582inf210/practice_sql.html HTTP/1.1"
2554	2025/02/10 14:17:53	"GET /uv2582fip2582inf210/images/prerequisite_archiweb/prerequisite_archiweb_2025.html HTTP/1.1"
2565	2025/02/10 14:18:11	"GET /uv2582fip2582inf210/activity_normalization_correction.html HTTP/1.1"
2530	2025/02/10 14:18:31	"GET /uv2582fip2582inf210/web_architecture_home.html HTTP/1.1"
2511	2025/02/10 14:18:34	"GET /uv2582fip2582inf210/technical_environment_home.html HTTP/1.1"
2530	2025/02/10 14:18:34	"GET /uv2582fip2582inf210/technical_environment_home.html HTTP/1.1"
2514	2025/02/10 14:18:34	"GET /uv2582fip2582inf210/index.html HTTP/1.1"
2511	2025/02/10 14:18:36	"GET /uv2582fip2582inf210/index.html HTTP/1.1"
2514	2025/02/10 14:18:38	"GET /uv2582fip2582inf210/web_architecture_home.html HTTP/1.1"
257	2025/02/10 14:18:38	"GET /uv2582fip2582inf210/lecture_modeling_normalization.html HTTP/1.1"
2564	2025/02/10 14:18:39	"GET /uv2582fip2582inf210/practice_sql.html HTTP/1.1"
2551	2025/02/10 14:18:39	"GET /uv2582fip2582inf210/lecture_relational_model.html HTTP/1.1"
2511	2025/02/10 14:18:40	"GET /uv2582fip2582inf210/data_home.html HTTP/1.1"
2530	2025/02/10 14:18:41	"GET /uv2582fip2582inf210/data_home.html HTTP/1.1"
257	2025/02/10 14:18:42	"GET /uv2582fip2582inf210/activity_conceptual_modeling.html HTTP/1.1"
2511	2025/02/10 14:18:44	"GET /uv2582fip2582inf210/lecture_db_integrity.html HTTP/1.1"
257	2025/02/10 14:18:44	"GET /uv2582fip2582inf210/lecture_conceptual_modeling.html HTTP/1.1"
2530	2025/02/10 14:18:47	"GET /uv2582fip2582inf210/lecture_db_integrity.html HTTP/1.1"
2551	2025/02/10 14:18:48	"GET /uv2582fip2582inf210/lecture_db_integrity.html HTTP/1.1"
2511	2025/02/10 14:18:49	"GET /uv2582fip2582inf210/lecture_conceptual_modeling.html HTTP/1.1"
2514	2025/02/10 14:18:51	"GET /uv2582fip2582inf210/lecture_normalization.html HTTP/1.1"
257	2025/02/10 14:18:53	"GET /uv2582fip2582inf210/lecture_transaction.html HTTP/1.1"
2516	2025/02/10 14:18:53	"GET /uv2582fip2582inf210/data_home.html HTTP/1.1"
2516	2025/02/10 14:18:58	"GET /uv2582fip2582inf210/lecture_normalization.html HTTP/1.1"
2530	2025/02/10 14:19:02	"GET /uv2582fip2582inf210/lecture_conceptual_modeling.html HTTP/1.1"
2529	2025/02/10 14:19:05	"GET /uv2582fip2582inf210/lecture_normalization.html HTTP/1.1"
2542	2025/02/10 14:19:06	"GET /uv2582fip2582inf210/lecture_conceptual_modeling.html HTTP/1.1"
2531	2025/02/10 14:19:07	"GET /uv2582fip2582inf210/index.html HTTP/1.1"
2542	2025/02/10 14:19:10	"GET /uv2582fip2582inf210/activity_normalization.html HTTP/1.1"
2511	2025/02/10 14:19:10	"GET /uv2582fip2582inf210/activity_normalization.html HTTP/1.1"
2531	2025/02/10 14:19:11	"GET /uv2582fip2582inf210/data_home.html HTTP/1.1"
2530	2025/02/10 14:19:16	"GET /uv2582fip2582inf210/lecture_normalization.html HTTP/1.1"
2568	2025/02/10 14:19:17	"GET /uv2582fip2582inf210/activity_normalization_correction.html HTTP/1.1"
2531	2025/02/10 14:19:17	"GET /uv2582fip2582inf210/lecture_conceptual_modeling.html HTTP/1.1"
2542	2025/02/10 14:19:17	"GET /uv2582fip2582inf210/lecture_normalization.html HTTP/1.1"
2528	2025/02/10 14:19:20	"GET /uv2582fip2582inf210/index.html HTTP/1.1"
2511	2025/02/10 14:19:23	"GET /uv2582fip2582inf210/lecture_normalization.html HTTP/1.1"
2531	2025/02/10 14:19:23	"GET /uv2582fip2582inf210/activity_normalization.html HTTP/1.1"
2528	2025/02/10 14:19:26	"GET /uv2582fip2582inf210/data_home.html HTTP/1.1"
2545	2025/02/10 14:19:29	"GET /uv2582fip2582inf210/lecture_xml.html HTTP/1.1"
2531	2025/02/10 14:19:32	"GET /uv2582fip2582inf210/lecture_normalization.html HTTP/1.1"
2551	2025/02/10 14:19:36	"GET /uv2582fip2582inf210/activity_relational_model.html HTTP/1.1"
2528	2025/02/10 14:19:47	"GET /uv2582fip2582inf210/lecture_modeling_normalization.html HTTP/1.1"
2556	2025/02/10 14:19:52	"GET /uv2582fip2582inf210/data_home.html HTTP/1.1"
2542	2025/02/10 14:19:53	"GET /uv2582fip2582inf210/activity_conceptual_modeling.html HTTP/1.1"
2553	2025/02/10 14:19:56	"GET /uv2582fip2582inf210/web_architecture_home.html HTTP/1.1"
2528	2025/02/10 14:19:58	"GET /uv2582fip2582inf210/lecture_conceptual_modeling.html HTTP/1.1"
2542	2025/02/10 14:19:59	"GET /uv2582fip2582inf210/lecture_independence_views.html HTTP/1.1"
2556	2025/02/10 14:20:04	"GET /uv2582fip2582inf210/lecture_modeling_normalization.html HTTP/1.1"
2556	2025/02/10 14:20:04	"GET /uv2582fip2582inf210/lecture_modeling_normalization.html HTTP/1.1"
2545	2025/02/10 14:20:13	"GET /uv2582fip2582inf210/practice_xml.html HTTP/1.1"
256	2025/02/10 14:20:13	"GET /uv2582fip2582inf210/activity_sql.html HTTP/1.1"
2528	2025/02/10 14:20:16	"GET /uv2582fip2582inf210/activity_conceptual_modeling.html HTTP/1.1"
257	2025/02/10 14:20:20	"GET /uv2582fip2582inf210/lecture_normalization.html HTTP/1.1"
256	2025/02/10 14:20:20	"GET /uv2582fip2582inf210/practice_sql.html HTTP/1.1"
2528	2025/02/10 14:20:23	"GET /uv2582fip2582inf210/activity_conceptual_modeling_advanced.html HTTP/1.1"
2528	2025/02/10 14:20:29	"GET /uv2582fip2582inf210/lecture_normalization.html HTTP/1.1"
259	2025/02/10 14:20:29	"GET /uv2582fip2582inf210/practice_sql_correction.html HTTP/1.1"
2541	2025/02/10 14:20:30	"GET /uv2582fip2582inf210/web_architecture_home.html HTTP/1.1"
2551	2025/02/10 14:20:31	"GET /uv2582fip2582inf210/lecture_modeling_normalization.html HTTP/1.1"
2551	2025/02/10 14:20:33	"GET /uv2582fip2582inf210/lecture_conceptual_modeling.html HTTP/1.1"
256	2025/02/10 14:20:33	"GET /uv2582fip2582inf210/activity_normalization.html HTTP/1.1"
2551	2025/02/10 14:20:35	"GET /uv2582fip2582inf210/activity_conceptual_modeling.html HTTP/1.1"
2541	2025/02/10 14:20:35	"GET /uv2582fip2582inf210/practice_jpa.html HTTP/1.1"
2551	2025/02/10 14:20:37	"GET /uv2582fip2582inf210/lecture_normalization.html HTTP/1.1"
256	2025/02/10 14:20:37	"GET /uv2582fip2582inf210/lecture_normalization.html HTTP/1.1"
2572	2025/02/10 14:20:39	"GET /uv2582fip2582inf210/activity_conceptual_modeling.html HTTP/1.1"
2512	2025/02/10 14:20:40	"GET /uv2582fip2582inf210/lecture_modeling_normalization.html HTTP/1.1"
2572	2025/02/10 14:20:48	"GET /uv2582fip2582inf210/lecture_normalization.html HTTP/1.1"
2514	2025/02/10 14:21:13	"GET /uv2582fip2582inf210/lecture_conceptual_modeling.html HTTP/1.1"
2514	2025/02/10 14:21:46	"GET /uv2582fip2582inf210/activity_conceptual_modeling.html HTTP/1.1"
2522	2025/02/10 14:21:54	"GET /uv2582fip2582inf210/web_architecture_home.html HTTP/1.1"
2522	2025/02/10 14:21:57	"GET /uv2582fip2582inf210/practice_jpa.html HTTP/1.1"
259	2025/02/10 14:22:01	"GET /uv2582fip2582inf210/web_architecture_home.html HTTP/1.1"
2556	2025/02/10 14:22:18	"GET /uv2582fip2582inf210/lecture_conceptual_modeling.html HTTP/1.1"
2572	2025/02/10 14:22:33	"GET /uv2582fip2582inf210/activity_normalization.html HTTP/1.1"
2570	2025/02/10 14:22:37	"GET /uv2582fip2582inf210/lecture_conceptual_modeling.html HTTP/1.1"
2572	2025/02/10 14:23:06	"GET /uv2582fip2582inf210/activity_normalization_correction.html HTTP/1.1"
2568	2025/02/10 14:23:07	"GET /uv2582fip2582inf210/activity_normalization.html HTTP/1.1"
2556	2025/02/10 14:23:23	"GET /uv2582fip2582inf210/lecture_normalization.html HTTP/1.1"
2551	2025/02/10 14:23:27	"GET /uv2582fip2582inf210/activity_normalization.html HTTP/1.1"
2574	2025/02/10 14:23:37	"GET /uv2582fip2582inf210/activity_normalization.html HTTP/1.1"
2540	2025/02/10 14:23:40	"GET /uv2582fip2582inf210/web_architecture_home.html HTTP/1.1"
2540	2025/02/10 14:23:43	"GET /uv2582fip2582inf210/lecture_technical_architecture.html HTTP/1.1"
2567	2025/02/10 14:24:04	"GET /uv2582fip2582inf210/lecture_conceptual_modeling.html HTTP/1.1"
2569	2025/02/10 14:24:29	"GET /uv2582fip2582inf210/activity_normalization_correction.html HTTP/1.1"
2567	2025/02/10 14:28:02	"GET /uv2582fip2582inf210/activity_conceptual_modeling.html HTTP/1.1"
2571	2025/02/10 14:28:07	"GET /uv2582fip2582inf210/data_home.html HTTP/1.1"
2571	2025/02/10 14:28:11	"GET /uv2582fip2582inf210/images/prerequisite_data/prerequisite_data_2025.html HTTP/1.1"
2571	2025/02/10 14:28:13	"GET /uv2582fip2582inf210/activity_normalization.html HTTP/1.1"
2554	2025/02/10 14:28:16	"GET /uv2582fip2582inf210/lecture_software_architecture.html HTTP/1.1"
2513	2025/02/10 14:28:22	"GET /uv2582fip2582inf210/activity_sql_correction.html HTTP/1.1"
2534	2025/02/10 14:28:37	"GET /uv2582fip2582inf210/data_home.html HTTP/1.1"
2534	2025/02/10 14:28:40	"GET /uv2582fip2582inf210/lecture_relational_model.html HTTP/1.1"
2571	2025/02/10 14:28:46	"GET /uv2582fip2582inf210/activity_normalization_correction.html HTTP/1.1"
2513	2025/02/10 14:29:51	"GET /uv2582fip2582inf210/practice_sql.html HTTP/1.1"
2525	2025/02/10 14:29:55	"GET /uv2582fip2582inf210/lecture_technical_architecture.html HTTP/1.1"
2525	2025/02/10 14:29:56	"GET /uv2582fip2582inf210/lecture_technical_architecture.html HTTP/1.1"
2536	2025/02/10 14:30:21	"GET /uv2582fip2582inf210/activity_normalization.html HTTP/1.1"
259	2025/02/10 14:30:59	"GET /uv2582fip2582inf210/practice_docker_advanced.html HTTP/1.1"
2511	2025/02/10 14:31:00	"GET /uv2582fip2582inf210/lecture_modeling_normalization.html HTTP/1.1"
259	2025/02/10 14:31:12	"GET /uv2582fip2582inf210/practice_docker.html HTTP/1.1"
257	2025/02/10 14:31:12	"GET /uv2582fip2582inf210/lecture_independence_views.html HTTP/1.1"
2530	2025/02/10 14:31:23	"GET /uv2582fip2582inf210/activity_conceptual_modeling_advanced.html HTTP/1.1"
2536	2025/02/10 14:31:27	"GET /uv2582fip2582inf210/activity_normalization_correction.html HTTP/1.1"
2511	2025/02/10 14:31:29	"GET /uv2582fip2582inf210/activity_sql.html HTTP/1.1"
257	2025/02/10 14:31:42	"GET /uv2582fip2582inf210/practice_independence_views.html HTTP/1.1"
2571	2025/02/10 14:31:51	"GET /uv2582fip2582inf210/activity_decomposition.html HTTP/1.1"
257	2025/02/10 14:31:57	"GET /uv2582fip2582inf210/activity_decomposition.html HTTP/1.1"
2511	2025/02/10 14:32:06	"GET /uv2582fip2582inf210/activity_conceptual_modeling.html HTTP/1.1"
2567	2025/02/10 14:32:15	"GET /uv2582fip2582inf210/activity_conceptual_modeling_correction.html HTTP/1.1"
2511	2025/02/10 14:32:24	"GET /uv2582fip2582inf210/lecture_relational_model.html HTTP/1.1"
2553	2025/02/10 14:32:27	"GET /uv2582fip2582inf210/data_home.html HTTP/1.1"
2521	2025/02/10 14:32:42	"GET /uv2582fip2582inf210/activity_decomposition_correction.html HTTP/1.1"
2563	2025/02/10 14:32:45	"GET /uv2582fip2582inf210/activity_normalization.html HTTP/1.1"
2542	2025/02/10 14:32:51	"GET /uv2582fip2582inf210/index.html HTTP/1.1"
2561	2025/02/10 14:33:19	"GET /uv2582fip2582inf210/activity_normalization.html HTTP/1.1"
2527	2025/02/10 14:33:25	"GET /uv2582fip2582inf210/lecture_jpa.html HTTP/1.1"
2543	2025/02/10 14:33:49	"GET /uv2582fip2582inf210/web_architecture_home.html HTTP/1.1"
2543	2025/02/10 14:33:52	"GET /uv2582fip2582inf210/images/prerequisite_archiweb/prerequisite_archiweb_2025.html HTTP/1.1"
2556	2025/02/10 14:34:25	"GET /uv2582fip2582inf210/activity_normalization.html HTTP/1.1"
2570	2025/02/10 14:34:34	"GET /uv2582fip2582inf210/activity_conceptual_modeling.html HTTP/1.1"
2521	2025/02/10 14:35:11	"GET /uv2582fip2582inf210/lecture_transaction.html HTTP/1.1"
2521	2025/02/10 14:35:19	"GET /uv2582fip2582inf210/practice_transaction.html HTTP/1.1"
253	2025/02/10 14:35:24	"GET /uv2582fip2582inf210/practice_sql.html HTTP/1.1"
253	2025/02/10 14:35:26	"GET /uv2582fip2582inf210/practice_advanced_sql.html HTTP/1.1"
2523	2025/02/10 14:36:26	"GET /uv2582fip2582inf210/web_architecture_home.html HTTP/1.1"
2523	2025/02/10 14:36:26	"GET /uv2582fip2582inf210/web_architecture_home.html HTTP/1.1"
2523	2025/02/10 14:36:31	"GET /uv2582fip2582inf210/lecture_dto.html HTTP/1.1"
2523	2025/02/10 14:36:31	"GET /uv2582fip2582inf210/lecture_dto.html HTTP/1.1"
2523	2025/02/10 14:36:37	"GET /uv2582fip2582inf210/lecture_mvc_spring.html HTTP/1.1"
2523	2025/02/10 14:36:37	"GET /uv2582fip2582inf210/lecture_mvc_spring.html HTTP/1.1"
2571	2025/02/10 14:36:38	"GET /uv2582fip2582inf210/practice_sql.html HTTP/1.1"
259	2025/02/10 14:36:48	"GET /uv2582fip2582inf210/lecture_technical_architecture.html HTTP/1.1"
2575	2025/02/10 14:36:57	"GET /uv2582fip2582inf210/lecture_normalization.html HTTP/1.1"
2571	2025/02/10 14:37:02	"GET /uv2582fip2582inf210/documentation_rdbms.html HTTP/1.1"
2535	2025/02/10 14:37:23	"GET /uv2582fip2582inf210/activity_normalization.html HTTP/1.1"
2533	2025/02/10 14:38:03	"GET /uv2582fip2582inf210/practice_spring.html HTTP/1.1"
2533	2025/02/10 14:38:21	"GET /uv2582fip2582inf210/inversion_of_control.html HTTP/1.1"
2564	2025/02/10 14:38:38	"GET /uv2582fip2582inf210/documentation_rdbms.html HTTP/1.1"
2564	2025/02/10 14:39:10	"GET /uv2582fip2582inf210/practice_postgresql.html HTTP/1.1"
2566	2025/02/10 14:39:18	"GET /uv2582fip2582inf210/activity_normalization.html HTTP/1.1"
2570	2025/02/10 14:39:53	"GET /uv2582fip2582inf210/lecture_normalization.html HTTP/1.1"
2534	2025/02/10 14:40:17	"GET /uv2582fip2582inf210/lecture_db_integrity.html HTTP/1.1"
2530	2025/02/10 14:42:53	"GET /uv2582fip2582inf210/activity_normalization.html HTTP/1.1"
257	2025/02/10 14:43:16	"GET /uv2582fip2582inf210/lecture_relational_model.html HTTP/1.1"
2515	2025/02/10 14:43:17	"GET /uv2582fip2582inf210/lecture_db_integrity.html HTTP/1.1"
257	2025/02/10 14:43:33	"GET /uv2582fip2582inf210/lecture_db_integrity.html HTTP/1.1"
2567	2025/02/10 14:44:10	"GET /uv2582fip2582inf210/lecture_normalization.html HTTP/1.1"
2553	2025/02/10 14:46:00	"GET /uv2582fip2582inf210/lecture_transaction.html HTTP/1.1"
2553	2025/02/10 14:46:05	"GET /uv2582fip2582inf210/practice_transaction.html HTTP/1.1"
2562	2025/02/10 14:46:27	"GET /uv2582fip2582inf210/activity_normalization.html HTTP/1.1"
2534	2025/02/10 14:46:31	"GET /uv2582fip2582inf210/lecture_relational_algebra.html HTTP/1.1"
2575	2025/02/10 14:46:44	"GET /uv2582fip2582inf210/activity_normalization.html HTTP/1.1"
2552	2025/02/10 14:47:05	"GET /uv2582fip2582inf210/lecture_mvc_spring.html HTTP/1.1"
2558	2025/02/10 14:47:27	"GET /uv2582fip2582inf210/activity_decomposition_correction.html HTTP/1.1"
2525	2025/02/10 14:47:36	"GET /uv2582fip2582inf210/lecture_software_architecture.html HTTP/1.1"
2570	2025/02/10 14:47:36	"GET /uv2582fip2582inf210/project_home.html HTTP/1.1"
2525	2025/02/10 14:47:38	"GET /uv2582fip2582inf210/lecture_software_architecture.html HTTP/1.1"
2536	2025/02/10 14:48:40	"GET /uv2582fip2582inf210/activity_decomposition.html HTTP/1.1"
2536	2025/02/10 14:49:25	"GET /uv2582fip2582inf210/activity_decomposition_correction.html HTTP/1.1"
2535	2025/02/10 14:50:35	"GET /uv2582fip2582inf210/activity_normalization_correction.html HTTP/1.1"
2570	2025/02/10 14:51:09	"GET /uv2582fip2582inf210/activity_normalization.html HTTP/1.1"
2563	2025/02/10 14:51:50	"GET /uv2582fip2582inf210/activity_normalization_correction.html HTTP/1.1"
2557	2025/02/10 14:51:50	"GET /uv2582fip2582inf210/activity_normalization.html HTTP/1.1"
2567	2025/02/10 14:52:05	"GET /uv2582fip2582inf210/activity_normalization.html HTTP/1.1"
2525	2025/02/10 14:52:09	"GET /uv2582fip2582inf210/lecture_dto.html HTTP/1.1"
2525	2025/02/10 14:52:09	"GET /uv2582fip2582inf210/lecture_dto.html HTTP/1.1"
2542	2025/02/10 14:52:21	"GET /uv2582fip2582inf210/lecture_modeling_normalization.html HTTP/1.1"
2536	2025/02/10 14:52:24	"GET /uv2582fip2582inf210/activity_decomposition.html HTTP/1.1"
2573	2025/02/10 14:53:25	"GET /uv2582fip2582inf210/activity_decomposition.html HTTP/1.1"
2574	2025/02/10 14:53:27	"GET /uv2582fip2582inf210/activity_decomposition.html HTTP/1.1"
2554	2025/02/10 14:53:57	"GET /uv2582fip2582inf210/lecture_dto.html HTTP/1.1"
2557	2025/02/10 14:54:14	"GET /uv2582fip2582inf210/activity_conceptual_modeling_correction.html HTTP/1.1"
2569	2025/02/10 14:54:46	"GET /uv2582fip2582inf210/activity_decomposition.html HTTP/1.1"
2564	2025/02/10 14:54:46	"GET /uv2582fip2582inf210/practice_sql_correction.html HTTP/1.1"
2561	2025/02/10 14:56:05	"GET /uv2582fip2582inf210/activity_normalization_correction.html HTTP/1.1"
2552	2025/02/10 14:56:24	"GET /uv2582fip2582inf210/practice_spring_2tiers.html HTTP/1.1"
2570	2025/02/10 14:56:24	"GET /uv2582fip2582inf210/activity_normalization_correction.html HTTP/1.1"
2561	2025/02/10 14:56:27	"GET /uv2582fip2582inf210/activity_normalization.html HTTP/1.1"
2572	2025/02/10 14:56:48	"GET /uv2582fip2582inf210/activity_sql.html HTTP/1.1"
2553	2025/02/10 14:56:57	"GET /uv2582fip2582inf210/index.html HTTP/1.1"
2553	2025/02/10 14:57:00	"GET /uv2582fip2582inf210/project_home.html HTTP/1.1"
2554	2025/02/10 14:57:01	"GET /uv2582fip2582inf210/lecture_xml.html HTTP/1.1"
2553	2025/02/10 14:57:07	"GET /uv2582fip2582inf210/lecture_relational_model.html HTTP/1.1"
2561	2025/02/10 14:57:30	"GET /uv2582fip2582inf210/activity_normalization_correction.html HTTP/1.1"
2534	2025/02/10 14:58:04	"GET /uv2582fip2582inf210/activity_relational_model.html HTTP/1.1"
259	2025/02/10 14:58:25	"GET /uv2582fip2582inf210/lecture_software_architecture.html HTTP/1.1"
2561	2025/02/10 14:58:56	"GET /uv2582fip2582inf210/activity_normalization.html HTTP/1.1"
2553	2025/02/10 14:59:21	"GET /uv2582fip2582inf210/lecture_db_integrity.html HTTP/1.1"
2561	2025/02/10 14:59:28	"GET /uv2582fip2582inf210/lecture_normalization.html HTTP/1.1"
2561	2025/02/10 14:59:44	"GET /uv2582fip2582inf210/activity_normalization.html HTTP/1.1"
255	2025/02/10 14:59:51	"GET /uv2582fip2582inf210/activity_normalization.html HTTP/1.1"
2530	2025/02/10 14:59:54	"GET /uv2582fip2582inf210/activity_conceptual_modeling.html HTTP/1.1"
258	2025/02/10 15:00:00	"GET /uv2582fip2582inf210/activity_conceptual_modeling.html HTTP/1.1"
2510	2025/02/10 15:00:12	"GET /uv2582fip2582inf210/technical_environment_home.html HTTP/1.1"
2529	2025/02/10 15:00:15	"GET /uv2582fip2582inf210/activity_conceptual_modeling.html HTTP/1.1"
2561	2025/02/10 15:00:16	"GET /uv2582fip2582inf210/lecture_normalization.html HTTP/1.1"
2510	2025/02/10 15:00:17	"GET /uv2582fip2582inf210/index.html HTTP/1.1"
2526	2025/02/10 15:00:19	"GET /uv2582fip2582inf210/inversion_of_control.html HTTP/1.1"
2510	2025/02/10 15:00:20	"GET /uv2582fip2582inf210/web_architecture_home.html HTTP/1.1"
2526	2025/02/10 15:00:23	"GET /uv2582fip2582inf210/index.html HTTP/1.1"
258	2025/02/10 15:00:24	"GET /uv2582fip2582inf210/lecture_modeling_normalization.html HTTP/1.1"
2526	2025/02/10 15:00:26	"GET /uv2582fip2582inf210/data_home.html HTTP/1.1"
2539	2025/02/10 15:00:27	"GET /uv2582fip2582inf210/lecture_modeling_normalization.html HTTP/1.1"
2510	2025/02/10 15:00:27	"GET /uv2582fip2582inf210/practice_schema_xml.html HTTP/1.1"
2526	2025/02/10 15:00:31	"GET /uv2582fip2582inf210/lecture_conceptual_modeling.html HTTP/1.1"
2516	2025/02/10 15:00:36	"GET /uv2582fip2582inf210/activity_conceptual_modeling.html HTTP/1.1"
2561	2025/02/10 15:00:37	"GET /uv2582fip2582inf210/lecture_modeling_normalization.html HTTP/1.1"
2529	2025/02/10 15:00:43	"GET /uv2582fip2582inf210/lecture_conceptual_modeling.html HTTP/1.1"
2516	2025/02/10 15:00:59	"GET /uv2582fip2582inf210/lecture_conceptual_modeling.html HTTP/1.1"
2565	2025/02/10 15:01:00	"GET /uv2582fip2582inf210/practice_sql.html HTTP/1.1"
2561	2025/02/10 15:01:03	"GET /uv2582fip2582inf210/activity_normalization.html HTTP/1.1"
2565	2025/02/10 15:01:08	"GET /uv2582fip2582inf210/activity_sql.html HTTP/1.1"
2522	2025/02/10 15:01:13	"GET /uv2582fip2582inf210/practice_jpa_advanced.html HTTP/1.1"
259	2025/02/10 15:01:20	"GET /uv2582fip2582inf210/lecture_technical_architecture.html HTTP/1.1"
2528	2025/02/10 15:01:21	"GET /uv2582fip2582inf210/lecture_normalization.html HTTP/1.1"
2528	2025/02/10 15:01:22	"GET /uv2582fip2582inf210/activity_normalization.html HTTP/1.1"
2561	2025/02/10 15:01:22	"GET /uv2582fip2582inf210/activity_normalization_correction.html HTTP/1.1"
2543	2025/02/10 15:01:26	"GET /uv2582fip2582inf210/data_home.html HTTP/1.1"
2543	2025/02/10 15:01:30	"GET /uv2582fip2582inf210/images/prerequisite_data/prerequisite_data_2025.html HTTP/1.1"
2553	2025/02/10 15:01:36	"GET /uv2582fip2582inf210/activity_relational_model.html HTTP/1.1"
2543	2025/02/10 15:01:38	"GET /uv2582fip2582inf210/lecture_normalization.html HTTP/1.1"
2557	2025/02/10 15:02:14	"GET /uv2582fip2582inf210/activity_normalization_correction.html HTTP/1.1"
2561	2025/02/10 15:03:29	"GET /uv2582fip2582inf210/activity_normalization.html HTTP/1.1"
2561	2025/02/10 15:03:32	"GET /uv2582fip2582inf210/activity_decomposition.html HTTP/1.1"
259	2025/02/10 15:04:03	"GET /uv2582fip2582inf210/lecture_software_architecture.html HTTP/1.1"
2565	2025/02/10 15:04:32	"GET /uv2582fip2582inf210/activity_decomposition.html HTTP/1.1"
2572	2025/02/10 15:04:33	"GET /uv2582fip2582inf210/activity_decomposition.html HTTP/1.1"
2554	2025/02/10 15:07:47	"GET /uv2582fip2582inf210/lecture_validity.html HTTP/1.1"
2535	2025/02/10 15:07:59	"GET /uv2582fip2582inf210/activity_decomposition.html HTTP/1.1"
2541	2025/02/10 15:08:06	"GET /uv2582fip2582inf210/images/prerequisite_archiweb/prerequisite_archiweb_2025.html HTTP/1.1"
2548	2025/02/10 15:09:57	"GET /uv2582fip2582inf210/practice_jpa.html HTTP/1.1"
2556	2025/02/10 15:10:08	"GET /uv2582fip2582inf210/activity_normalization_correction.html HTTP/1.1"
2525	2025/02/10 15:11:14	"GET /uv2582fip2582inf210/lecture_mvc_spring.html HTTP/1.1"
2525	2025/02/10 15:11:17	"GET /uv2582fip2582inf210/lecture_mvc_spring.html HTTP/1.1"
2553	2025/02/10 15:11:43	"GET /uv2582fip2582inf210/activity_relational_model_correction.html HTTP/1.1"
2531	2025/02/10 15:11:51	"GET /uv2582fip2582inf210/activity_conceptual_modeling.html HTTP/1.1"
2569	2025/02/10 15:12:23	"GET /uv2582fip2582inf210/activity_decomposition.html HTTP/1.1"
2554	2025/02/10 15:12:41	"GET /uv2582fip2582inf210/practice_xml.html HTTP/1.1"
259	2025/02/10 15:12:52	"GET /uv2582fip2582inf210/lecture_dto.html HTTP/1.1"
2562	2025/02/10 15:16:03	"GET /uv2582fip2582inf210/activity_normalization_correction.html HTTP/1.1"
2556	2025/02/10 15:23:27	"GET /uv2582fip2582inf210/activity_decomposition.html HTTP/1.1"
2513	2025/02/10 15:34:52	"GET /uv2582fip2582inf210/lecture_transaction.html HTTP/1.1"
2534	2025/02/10 15:35:32	"GET /uv2582fip2582inf210/activity_relational_model_correction.html HTTP/1.1"
259	2025/02/10 15:37:21	"GET /uv2582fip2582inf210/lecture_xml.html HTTP/1.1"
2548	2025/02/10 15:37:45	"GET /uv2582fip2582inf210/practice_spring_2tiers_ext.html HTTP/1.1"
2547	2025/02/10 15:38:06	"GET /uv2582fip2582inf210/lecture_mvc_spring.html HTTP/1.1"
2570	2025/02/10 15:38:16	"GET /uv2582fip2582inf210/activity_decomposition.html HTTP/1.1"
2545	2025/02/10 15:38:35	"GET /uv2582fip2582inf210/data_home.html HTTP/1.1"
2558	2025/02/10 15:38:37	"GET /uv2582fip2582inf210/activity_sql.html HTTP/1.1"
259	2025/02/10 15:38:47	"GET /uv2582fip2582inf210/documentation_docker.html HTTP/1.1"
2545	2025/02/10 15:38:47	"GET /uv2582fip2582inf210/lecture_transaction.html HTTP/1.1"
259	2025/02/10 15:38:48	"GET /uv2582fip2582inf210/practice_docker_advanced.html HTTP/1.1"
259	2025/02/10 15:38:59	"GET /uv2582fip2582inf210/web_architecture_home.html HTTP/1.1"
2573	2025/02/10 15:39:13	"GET /uv2582fip2582inf210/activity_sql.html HTTP/1.1"
2572	2025/02/10 15:39:41	"GET /uv2582fip2582inf210/activity_decomposition_correction.html HTTP/1.1"
2565	2025/02/10 15:39:42	"GET /uv2582fip2582inf210/activity_decomposition_correction.html HTTP/1.1"
2563	2025/02/10 15:40:01	"GET /uv2582fip2582inf210/lecture_independence_views.html HTTP/1.1"
2569	2025/02/10 15:41:12	"GET /uv2582fip2582inf210/activity_decomposition_correction.html HTTP/1.1"
2529	2025/02/10 15:42:59	"GET /uv2582fip2582inf210/lecture_transaction.html HTTP/1.1"
2535	2025/02/10 15:43:05	"GET /uv2582fip2582inf210/activity_decomposition_correction.html HTTP/1.1"
2530	2025/02/10 15:43:15	"GET /uv2582fip2582inf210/practice_transaction.html HTTP/1.1"
2542	2025/02/10 15:43:24	"GET /uv2582fip2582inf210/lecture_transaction.html HTTP/1.1"
2530	2025/02/10 15:43:31	"GET /uv2582fip2582inf210/lecture_transaction.html HTTP/1.1"
2575	2025/02/10 15:43:55	"GET /uv2582fip2582inf210/activity_sql.html HTTP/1.1"
2575	2025/02/10 15:43:56	"GET /uv2582fip2582inf210/practice_sql.html HTTP/1.1"
2561	2025/02/10 15:44:45	"GET /uv2582fip2582inf210/activity_decomposition.html HTTP/1.1"
2561	2025/02/10 15:44:51	"GET /uv2582fip2582inf210/activity_decomposition_correction.html HTTP/1.1"
2566	2025/02/10 15:45:11	"GET /uv2582fip2582inf210/activity_normalization_correction.html HTTP/1.1"
2568	2025/02/10 15:47:46	"GET /uv2582fip2582inf210/activity_decomposition.html HTTP/1.1"
2566	2025/02/10 15:48:02	"GET /uv2582fip2582inf210/activity_decomposition.html HTTP/1.1"
2528	2025/02/10 15:48:18	"GET /uv2582fip2582inf210/lecture_transaction.html HTTP/1.1"
2528	2025/02/10 15:48:23	"GET /uv2582fip2582inf210/practice_transaction.html HTTP/1.1"
2534	2025/02/10 15:48:33	"GET /uv2582fip2582inf210/lecture_modeling_normalization.html HTTP/1.1"
255	2025/02/10 15:50:28	"GET /uv2582fip2582inf210/lecture_isolation.html HTTP/1.1"
255	2025/02/10 15:50:30	"GET /uv2582fip2582inf210/activity_sql.html HTTP/1.1"
255	2025/02/10 15:50:34	"GET /uv2582fip2582inf210/practice_sql.html HTTP/1.1"
2561	2025/02/10 15:50:36	"GET /uv2582fip2582inf210/index.html HTTP/1.1"
2561	2025/02/10 15:51:30	"GET /uv2582fip2582inf210/data_home.html HTTP/1.1"
2561	2025/02/10 15:51:47	"GET /uv2582fip2582inf210/activity_sql.html HTTP/1.1"
2519	2025/02/10 15:52:18	"GET /uv2582fip2582inf210/lecture_jpa.html HTTP/1.1"
2519	2025/02/10 15:52:48	"GET /uv2582fip2582inf210/index.html HTTP/1.1"
2561	2025/02/10 15:52:54	"GET /uv2582fip2582inf210/activity_normalization.html HTTP/1.1"
2561	2025/02/10 15:52:54	"GET /uv2582fip2582inf210/activity_decomposition.html HTTP/1.1"
2519	2025/02/10 15:53:38	"GET /uv2582fip2582inf210/practice_spring_2tiers.html HTTP/1.1"
2534	2025/02/10 15:56:10	"GET /uv2582fip2582inf210/lecture_conceptual_modeling.html HTTP/1.1"
2545	2025/02/10 15:56:17	"GET /uv2582fip2582inf210/practice_transaction.html HTTP/1.1"
2553	2025/02/10 15:57:50	"GET /uv2582fip2582inf210/lecture_modeling_normalization.html HTTP/1.1"
2553	2025/02/10 15:58:06	"GET /uv2582fip2582inf210/lecture_conceptual_modeling.html HTTP/1.1"
2522	2025/02/10 15:58:45	"GET /uv2582fip2582inf210/practice_spring_2tiers.html HTTP/1.1"
2519	2025/02/10 15:59:02	"GET /uv2582fip2582inf210/lecture_xml.html HTTP/1.1"
2546	2025/02/10 15:59:29	"GET /uv2582fip2582inf210/lecture_jpa.html HTTP/1.1"
2572	2025/02/10 15:59:53	"GET /uv2582fip2582inf210/activity_sql_correction.html HTTP/1.1"
257	2025/02/10 16:01:43	"GET /uv2582fip2582inf210/lecture_isolation.html HTTP/1.1"
2554	2025/02/10 16:01:57	"GET /uv2582fip2582inf210/lecture_json.html HTTP/1.1"
2536	2025/02/10 16:03:24	"GET /uv2582fip2582inf210/index.html HTTP/1.1"
2558	2025/02/10 16:03:41	"GET /uv2582fip2582inf210/activity_sql.html HTTP/1.1"
2536	2025/02/10 16:03:43	"GET /uv2582fip2582inf210/data_home.html HTTP/1.1"
2554	2025/02/10 16:03:49	"GET /uv2582fip2582inf210/practice_json.html HTTP/1.1"
2574	2025/02/10 16:03:59	"GET /uv2582fip2582inf210/lecture_independence_views.html HTTP/1.1"
2574	2025/02/10 16:04:05	"GET /uv2582fip2582inf210/activity_sql.html HTTP/1.1"
2570	2025/02/10 16:05:51	"GET /uv2582fip2582inf210/lecture_independence_views.html HTTP/1.1"
2521	2025/02/10 16:06:14	"GET /uv2582fip2582inf210/practice_transaction_correction.html HTTP/1.1"
257	2025/02/10 16:06:43	"GET /uv2582fip2582inf210/practice_transaction.html HTTP/1.1"
2566	2025/02/10 16:08:06	"GET /uv2582fip2582inf210/activity_decomposition_correction.html HTTP/1.1"
2566	2025/02/10 16:08:25	"GET /uv2582fip2582inf210/activity_sql.html HTTP/1.1"
255	2025/02/10 16:08:26	"GET /uv2582fip2582inf210/lecture_db_integrity.html HTTP/1.1"
255	2025/02/10 16:08:29	"GET /uv2582fip2582inf210/lecture_relational_model.html HTTP/1.1"
2556	2025/02/10 16:08:49	"GET /uv2582fip2582inf210/activity_decomposition_correction.html HTTP/1.1"
2526	2025/02/10 16:09:50	"GET /uv2582fip2582inf210/practice_transaction.html HTTP/1.1"
2526	2025/02/10 16:09:56	"GET /uv2582fip2582inf210/lecture_transaction.html HTTP/1.1"
255	2025/02/10 16:10:11	"GET /uv2582fip2582inf210/web_architecture_home.html HTTP/1.1"
2544	2025/02/10 16:10:14	"GET /uv2582fip2582inf210/practice_jpa.html HTTP/1.1"
2528	2025/02/10 16:10:14	"GET /uv2582fip2582inf210/web_architecture_home.html HTTP/1.1"
2550	2025/02/10 16:10:24	"GET /uv2582fip2582inf210/web_architecture_home.html HTTP/1.1"
255	2025/02/10 16:10:25	"GET /uv2582fip2582inf210/lecture_technical_architecture.html HTTP/1.1"
257	2025/02/10 16:10:37	"GET /uv2582fip2582inf210/index.html HTTP/1.1"
2550	2025/02/10 16:10:39	"GET /uv2582fip2582inf210/index.html HTTP/1.1"
2550	2025/02/10 16:10:39	"GET /uv2582fip2582inf210/index.html HTTP/1.1"
2524	2025/02/10 16:10:40	"GET /uv2582fip2582inf210/index.html HTTP/1.1"
258	2025/02/10 16:10:42	"GET /uv2582fip2582inf210/activity_normalization.html HTTP/1.1"
257	2025/02/10 16:10:45	"GET /uv2582fip2582inf210/web_architecture_home.html HTTP/1.1"
2511	2025/02/10 16:10:53	"GET /uv2582fip2582inf210/web_architecture_home.html HTTP/1.1"
2530	2025/02/10 16:11:04	"GET /uv2582fip2582inf210/index.html HTTP/1.1"
2530	2025/02/10 16:11:17	"GET /uv2582fip2582inf210/practice_jpa.html HTTP/1.1"
2534	2025/02/10 16:11:18	"GET /uv2582fip2582inf210/activity_conceptual_modeling.html HTTP/1.1"
2530	2025/02/10 16:11:25	"GET /uv2582fip2582inf210/lecture_xml.html HTTP/1.1"
2511	2025/02/10 16:11:27	"GET /uv2582fip2582inf210/lecture_technical_architecture.html HTTP/1.1"
2530	2025/02/10 16:11:31	"GET /uv2582fip2582inf210/practice_spring_2tiers.html HTTP/1.1"
2511	2025/02/10 16:11:43	"GET /uv2582fip2582inf210/lecture_software_architecture.html HTTP/1.1"
252	2025/02/10 16:11:49	"GET /uv2582fip2582inf210/index.html HTTP/1.1"
252	2025/02/10 16:11:52	"GET /uv2582fip2582inf210/data_home.html HTTP/1.1"
257	2025/02/10 16:11:56	"GET /uv2582fip2582inf210/lecture_technical_architecture.html HTTP/1.1"
2512	2025/02/10 16:12:01	"GET /uv2582fip2582inf210/lecture_conceptual_modeling.html HTTP/1.1"
2528	2025/02/10 16:12:06	"GET /uv2582fip2582inf210/lecture_mvc_spring.html HTTP/1.1"
257	2025/02/10 16:12:06	"GET /uv2582fip2582inf210/lecture_software_architecture.html HTTP/1.1"
2520	2025/02/10 16:12:07	"GET /uv2582fip2582inf210/data_home.html HTTP/1.1"
2520	2025/02/10 16:12:11	"GET /uv2582fip2582inf210/web_architecture_home.html HTTP/1.1"
2511	2025/02/10 16:12:12	"GET /uv2582fip2582inf210/lecture_dto.html HTTP/1.1"
252	2025/02/10 16:12:17	"GET /uv2582fip2582inf210/practice_sql.html HTTP/1.1"
2528	2025/02/10 16:12:20	"GET /uv2582fip2582inf210/practice_jpa.html HTTP/1.1"
2520	2025/02/10 16:12:20	"GET /uv2582fip2582inf210/lecture_xml.html HTTP/1.1"
259	2025/02/10 16:12:23	"GET /uv2582fip2582inf210/practice_xml.html HTTP/1.1"
257	2025/02/10 16:12:23	"GET /uv2582fip2582inf210/lecture_dto.html HTTP/1.1"
252	2025/02/10 16:12:24	"GET /uv2582fip2582inf210/practice_advanced_sql.html HTTP/1.1"
2520	2025/02/10 16:12:27	"GET /uv2582fip2582inf210/lecture_mvc_spring.html HTTP/1.1"
2534	2025/02/10 16:12:38	"GET /uv2582fip2582inf210/activity_conceptual_modeling_correction.html HTTP/1.1"
252	2025/02/10 16:12:43	"GET /uv2582fip2582inf210/technical_environment_home.html HTTP/1.1"
2528	2025/02/10 16:12:44	"GET /uv2582fip2582inf210/lecture_jpa.html HTTP/1.1"
252	2025/02/10 16:12:48	"GET /uv2582fip2582inf210/practice_postgresql.html HTTP/1.1"
252	2025/02/10 16:12:49	"GET /uv2582fip2582inf210/documentation_rdbms.html HTTP/1.1"
257	2025/02/10 16:12:50	"GET /uv2582fip2582inf210/lecture_mvc_spring.html HTTP/1.1"
2526	2025/02/10 16:13:08	"GET /uv2582fip2582inf210/web_architecture_home.html HTTP/1.1"
2526	2025/02/10 16:13:13	"GET /uv2582fip2582inf210/practice_jpa.html HTTP/1.1"
2520	2025/02/10 16:13:24	"GET /uv2582fip2582inf210/practice_jpa.html HTTP/1.1"
257	2025/02/10 16:13:30	"GET /uv2582fip2582inf210/lecture_jpa.html HTTP/1.1"
2525	2025/02/10 16:13:59	"GET /uv2582fip2582inf210/lecture_jpa.html HTTP/1.1"
2525	2025/02/10 16:14:02	"GET /uv2582fip2582inf210/lecture_jpa.html HTTP/1.1"
2556	2025/02/10 16:14:20	"GET /uv2582fip2582inf210/lecture_independence_views.html HTTP/1.1"
255	2025/02/10 16:14:22	"GET /uv2582fip2582inf210/lecture_mvc_spring.html HTTP/1.1"
2539	2025/02/10 16:14:27	"GET /uv2582fip2582inf210/practice_json.html HTTP/1.1"
2539	2025/02/10 16:14:30	"GET /uv2582fip2582inf210/practice_jpa.html HTTP/1.1"
2539	2025/02/10 16:15:03	"GET /uv2582fip2582inf210/lecture_jpa.html HTTP/1.1"
2539	2025/02/10 16:15:07	"GET /uv2582fip2582inf210/lecture_mvc_spring.html HTTP/1.1"
2516	2025/02/10 16:15:45	"GET /uv2582fip2582inf210/technical_environment_home.html HTTP/1.1"
2516	2025/02/10 16:15:50	"GET /uv2582fip2582inf210/practice_spring.html HTTP/1.1"
258	2025/02/10 16:16:02	"GET /uv2582fip2582inf210/activity_sql.html HTTP/1.1"
2563	2025/02/10 16:16:38	"GET /uv2582fip2582inf210/practice_independence_views.html HTTP/1.1"
2536	2025/02/10 16:17:38	"GET /uv2582fip2582inf210/lecture_independence_views.html HTTP/1.1"
2561	2025/02/10 16:19:20	"GET /uv2582fip2582inf210/activity_conceptual_modeling_advanced.html HTTP/1.1"
2563	2025/02/10 16:19:25	"GET /uv2582fip2582inf210/activity_decomposition_correction.html HTTP/1.1"
2561	2025/02/10 16:19:26	"GET /uv2582fip2582inf210/activity_conceptual_modeling.html HTTP/1.1"
2562	2025/02/10 16:20:48	"GET /uv2582fip2582inf210/activity_decomposition.html HTTP/1.1"
2561	2025/02/10 16:20:51	"GET /uv2582fip2582inf210/activity_decomposition.html HTTP/1.1"
2561	2025/02/10 16:20:55	"GET /uv2582fip2582inf210/activity_decomposition_correction.html HTTP/1.1"
2561	2025/02/10 16:21:02	"GET /uv2582fip2582inf210/activity_decomposition.html HTTP/1.1"
2561	2025/02/10 16:21:14	"GET /uv2582fip2582inf210/activity_decomposition_correction.html HTTP/1.1"
2557	2025/02/10 16:21:18	"GET /uv2582fip2582inf210/activity_conceptual_modeling_advanced.html HTTP/1.1"
2534	2025/02/10 16:21:49	"GET /uv2582fip2582inf210/activity_conceptual_modeling_advanced.html HTTP/1.1"
2557	2025/02/10 16:22:14	"GET /uv2582fip2582inf210/activity_decomposition.html HTTP/1.1"
2526	2025/02/10 16:22:44	"GET /uv2582fip2582inf210/lecture_jpa.html HTTP/1.1"
2513	2025/02/10 16:25:32	"GET /uv2582fip2582inf210/practice_transaction.html HTTP/1.1"
2572	2025/02/10 16:25:38	"GET /uv2582fip2582inf210/practice_sql.html HTTP/1.1"
2561	2025/02/10 16:27:17	"GET /uv2582fip2582inf210/index.html HTTP/1.1"
2561	2025/02/10 16:27:20	"GET /uv2582fip2582inf210/data_home.html HTTP/1.1"
2561	2025/02/10 16:27:23	"GET /uv2582fip2582inf210/activity_sql.html HTTP/1.1"
256	2025/02/10 16:28:00	"GET /uv2582fip2582inf210/practice_transaction_correction.html HTTP/1.1"
259	2025/02/10 16:28:47	"GET /uv2582fip2582inf210/lecture_json.html HTTP/1.1"
2556	2025/02/10 16:29:05	"GET /uv2582fip2582inf210/practice_independence_views.html HTTP/1.1"
2534	2025/02/10 16:31:39	"GET /uv2582fip2582inf210/activity_conceptual_modeling_advanced_correction.html HTTP/1.1"
2534	2025/02/10 16:33:18	"GET /uv2582fip2582inf210/lecture_normalization.html HTTP/1.1"
2568	2025/02/10 16:34:41	"GET /uv2582fip2582inf210/activity_decomposition_correction.html HTTP/1.1"
2570	2025/02/10 16:35:18	"GET /uv2582fip2582inf210/activity_sql.html HTTP/1.1"
2556	2025/02/10 16:35:26	"GET /uv2582fip2582inf210/activity_sql.html HTTP/1.1"
2568	2025/02/10 16:36:19	"GET /uv2582fip2582inf210/activity_decomposition.html HTTP/1.1"
259	2025/02/10 16:36:25	"GET /uv2582fip2582inf210/practice_json.html HTTP/1.1"
255	2025/02/10 16:36:51	"GET /uv2582fip2582inf210/lecture_software_architecture.html HTTP/1.1"
255	2025/02/10 16:37:15	"GET /uv2582fip2582inf210/lecture_dto.html HTTP/1.1"
2568	2025/02/10 16:37:16	"GET /uv2582fip2582inf210/practice_sql.html HTTP/1.1"
2568	2025/02/10 16:37:17	"GET /uv2582fip2582inf210/activity_sql.html HTTP/1.1"
2519	2025/02/10 16:38:26	"GET /uv2582fip2582inf210/practice_json.html HTTP/1.1"
257	2025/02/10 16:38:51	"GET /uv2582fip2582inf210/practice_jpa.html HTTP/1.1"
255	2025/02/10 16:39:16	"GET /uv2582fip2582inf210/lecture_xml.html HTTP/1.1"
2511	2025/02/10 16:39:32	"GET /uv2582fip2582inf210/lecture_mvc_spring.html HTTP/1.1"
2510	2025/02/10 16:39:40	"GET /uv2582fip2582inf210/technical_environment_home.html HTTP/1.1"
2536	2025/02/10 16:40:47	"GET /uv2582fip2582inf210/practice_independence_views.html HTTP/1.1"
2536	2025/02/10 16:40:51	"GET /uv2582fip2582inf210/activity_sql.html HTTP/1.1"
2534	2025/02/10 16:44:19	"GET /uv2582fip2582inf210/activity_normalization.html HTTP/1.1"
2541	2025/02/10 16:44:19	"GET /uv2582fip2582inf210/practice_jpa_advanced.html HTTP/1.1"
2541	2025/02/10 16:44:27	"GET /uv2582fip2582inf210/practice_spring_2tiers.html HTTP/1.1"
2549	2025/02/10 18:13:57	"GET /uv2582fip2582inf210/practice_spring_2tiers_ext.html HTTP/1.1"
2549	2025/02/10 19:08:40	"GET /uv2582fip2582inf210/lecture_software_architecture.html HTTP/1.1"
2549	2025/02/10 19:09:11	"GET /uv2582fip2582inf210/lecture_dto.html HTTP/1.1"
255	2025/02/10 20:16:45	"GET /uv2582fip2582inf210/index.html HTTP/1.1"
2543	2025/03/19 08:07:35	"GET /uv2582fip2582inf210/index.html HTTP/1.1"
2570	2025/03/19 08:08:26	"GET /uv2582fip2582inf210/project_presentation.html HTTP/1.1"
2570	2025/03/19 08:08:30	"GET /uv2582fip2582inf210/project_specifications.html HTTP/1.1"
2543	2025/03/19 08:08:46	"GET /uv2582fip2582inf210/project_presentation.html HTTP/1.1"
2543	2025/03/19 08:08:48	"GET /uv2582fip2582inf210/project_evaluation.html HTTP/1.1"
2544	2025/03/19 08:12:38	"GET /uv2582fip2582inf210/project_task_time.html HTTP/1.1"
2544	2025/03/19 08:13:26	"GET /uv2582fip2582inf210/project_part3.html HTTP/1.1"
2544	2025/03/19 08:13:37	"GET /uv2582fip2582inf210/project_structureui.html HTTP/1.1"
2511	2025/03/19 08:26:37	"GET /uv2582fip2582inf210/project_specifications.html HTTP/1.1"
2565	2025/03/19 08:27:16	"GET /uv2582fip2582inf210/project_evaluation.html HTTP/1.1"
2549	2025/03/19 08:27:16	"GET /uv2582fip2582inf210/project_specifications.html HTTP/1.1"
2561	2025/03/19 08:33:31	"GET /uv2582fip2582inf210/project_presentation.html HTTP/1.1"
2574	2025/03/19 08:34:51	"GET /uv2582fip2582inf210/project_presentation.html HTTP/1.1"
2574	2025/03/19 08:35:03	"GET /uv2582fip2582inf210/project_specifications.html HTTP/1.1"
2550	2025/03/19 08:37:03	"GET /uv2582fip2582inf210/project_presentation.html HTTP/1.1"
2550	2025/03/19 08:37:09	"GET /uv2582fip2582inf210/project_specifications.html HTTP/1.1"
2511	2025/03/19 08:38:54	"GET /uv2582fip2582inf210/project_structureui.html HTTP/1.1"
2569	2025/03/19 08:42:51	"GET /uv2582fip2582inf210/index.html HTTP/1.1"
2540	2025/03/19 09:43:49	"GET /uv2582fip2582inf210/project_presentation.html HTTP/1.1"
2540	2025/03/19 09:43:52	"GET /uv2582fip2582inf210/project_part3.html HTTP/1.1"
2514	2025/03/19 09:43:54	"GET /uv2582fip2582inf210/project_presentation.html HTTP/1.1"
2540	2025/03/19 09:43:55	"GET /uv2582fip2582inf210/project_structureui.html HTTP/1.1"
2522	2025/03/19 09:44:13	"GET /uv2582fip2582inf210/data_home.html HTTP/1.1"
2522	2025/03/19 09:44:15	"GET /uv2582fip2582inf210/project_presentation.html HTTP/1.1"
2522	2025/03/19 09:44:51	"GET /uv2582fip2582inf210/project_evaluation.html HTTP/1.1"
2516	2025/03/19 09:48:15	"GET /uv2582fip2582inf210/project_presentation.html HTTP/1.1"
2516	2025/03/19 09:48:17	"GET /uv2582fip2582inf210/project_part2.html HTTP/1.1"
2540	2025/03/19 10:07:33	"GET /uv2582fip2582inf210/project_specifications.html HTTP/1.1"
2528	2025/03/19 10:19:40	"GET /uv2582fip2582inf210/project_specifications.html HTTP/1.1"
2543	2025/03/19 10:20:00	"GET /uv2582fip2582inf210/index.html HTTP/1.1"
2543	2025/03/19 10:20:04	"GET /uv2582fip2582inf210/project_presentation.html HTTP/1.1"
2543	2025/03/19 10:20:08	"GET /uv2582fip2582inf210/project_specifications.html HTTP/1.1"
2526	2025/03/19 10:29:42	"GET /uv2582fip2582inf210/index.html HTTP/1.1"
2526	2025/03/19 10:30:27	"GET /uv2582fip2582inf210/project_presentation.html HTTP/1.1"
2515	2025/03/19 10:30:46	"GET /uv2582fip2582inf210/project_specifications.html HTTP/1.1"
2526	2025/03/19 10:30:58	"GET /uv2582fip2582inf210/project_evaluation.html HTTP/1.1"
2526	2025/03/19 10:31:15	"GET /uv2582fip2582inf210/project_specifications.html HTTP/1.1"
2534	2025/03/19 10:31:16	"GET /uv2582fip2582inf210/technical_environment_home.html HTTP/1.1"
2515	2025/03/19 10:38:15	"GET /uv2582fip2582inf210/index.html HTTP/1.1"
2540	2025/03/19 10:38:50	"GET /uv2582fip2582inf210/project_task_time.html HTTP/1.1"
2534	2025/03/19 10:42:28	"GET /uv2582fip2582inf210/index.html HTTP/1.1"
2519	2025/03/19 10:48:40	"GET /uv2582fip2582inf210/project_specifications.html HTTP/1.1"
2540	2025/03/19 11:21:10	"GET /uv2582fip2582inf210/project_part2.html HTTP/1.1"
2521	2025/03/19 11:34:04	"GET /uv2582fip2582inf210/project_presentation.html HTTP/1.1"
2521	2025/03/19 11:34:07	"GET /uv2582fip2582inf210/project_part3.html HTTP/1.1"
2521	2025/03/19 11:34:09	"GET /uv2582fip2582inf210/project_structureui.html HTTP/1.1"
2567	2025/03/19 11:34:12	"GET /uv2582fip2582inf210/project_presentation.html HTTP/1.1"
2551	2025/03/19 11:38:47	"GET /uv2582fip2582inf210/project_part2.html HTTP/1.1"
2521	2025/03/19 11:39:14	"GET /uv2582fip2582inf210/project_presentation.html HTTP/1.1"
2521	2025/03/19 11:39:32	"GET /uv2582fip2582inf210/project_specifications.html HTTP/1.1"
2521	2025/03/19 11:39:34	"GET /uv2582fip2582inf210/project_evaluation.html HTTP/1.1"
2521	2025/03/19 11:40:12	"GET /uv2582fip2582inf210/project_task_time.html HTTP/1.1"
2516	2025/03/19 11:56:20	"GET /uv2582fip2582inf210/project_specifications.html HTTP/1.1"
2516	2025/03/19 11:56:44	"GET /uv2582fip2582inf210/project_structureui.html HTTP/1.1"
2551	2025/03/19 11:57:21	"GET /uv2582fip2582inf210/project_part3.html HTTP/1.1"
2553	2025/03/19 12:03:33	"GET /uv2582fip2582inf210/project_presentation.html HTTP/1.1"
2553	2025/03/19 12:03:36	"GET /uv2582fip2582inf210/project_part3.html HTTP/1.1"
2553	2025/03/19 12:06:11	"GET /uv2582fip2582inf210/project_structureui.html HTTP/1.1"
2524	2025/03/19 13:16:43	"GET /uv2582fip2582inf210/index.html HTTP/1.1"
2524	2025/03/19 13:16:46	"GET /uv2582fip2582inf210/project_presentation.html HTTP/1.1"
2524	2025/03/19 13:16:50	"GET /uv2582fip2582inf210/project_specifications.html HTTP/1.1"
252	2025/03/19 13:50:01	"GET /uv2582fip2582inf210/project_evaluation.html HTTP/1.1"
2528	2025/03/19 14:00:28	"GET /uv2582fip2582inf210/project_part2.html HTTP/1.1"
2528	2025/03/19 14:00:38	"GET /uv2582fip2582inf210/index.html HTTP/1.1"
2528	2025/03/19 14:00:44	"GET /uv2582fip2582inf210/web_architecture_home.html HTTP/1.1"
2528	2025/03/19 14:00:52	"GET /uv2582fip2582inf210/lecture_jpa.html HTTP/1.1"
2528	2025/03/19 14:00:57	"GET /uv2582fip2582inf210/practice_jpa.html HTTP/1.1"
2548	2025/03/19 14:02:42	"GET /uv2582fip2582inf210/project_presentation.html HTTP/1.1"
2548	2025/03/19 14:02:46	"GET /uv2582fip2582inf210/project_part2.html HTTP/1.1"
2517	2025/03/19 14:05:47	"GET /uv2582fip2582inf210/technical_environment_home.html HTTP/1.1"
2517	2025/03/19 14:05:51	"GET /uv2582fip2582inf210/index.html HTTP/1.1"
2517	2025/03/19 14:05:54	"GET /uv2582fip2582inf210/project_presentation.html HTTP/1.1"
2517	2025/03/19 14:05:57	"GET /uv2582fip2582inf210/project_evaluation.html HTTP/1.1"
2517	2025/03/19 14:06:03	"GET /uv2582fip2582inf210/project_specifications.html HTTP/1.1"
2546	2025/03/19 14:11:09	"GET /uv2582fip2582inf210/technical_environment_home.html HTTP/1.1"
2543	2025/03/19 14:12:03	"GET /uv2582fip2582inf210/project_specifications.html HTTP/1.1"
252	2025/03/19 14:15:57	"GET /uv2582fip2582inf210/project_part3.html HTTP/1.1"
252	2025/03/19 14:18:19	"GET /uv2582fip2582inf210/project_structureui.html HTTP/1.1"
2522	2025/03/19 14:23:18	"GET /uv2582fip2582inf210/project_specifications.html HTTP/1.1"
2543	2025/03/19 14:38:33	"GET /uv2582fip2582inf210/project_specifications.html HTTP/1.1"
2514	2025/03/19 14:39:51	"GET /uv2582fip2582inf210/project_specifications.html HTTP/1.1"
2517	2025/03/19 14:44:33	"GET /uv2582fip2582inf210/project_task_time.html HTTP/1.1"
2541	2025/03/19 15:10:00	"GET /uv2582fip2582inf210/project_structureui.html HTTP/1.1"
2522	2025/03/19 15:10:56	"GET /uv2582fip2582inf210/index.html HTTP/1.1"
2522	2025/03/19 15:11:04	"GET /uv2582fip2582inf210/lecture_normalization.html HTTP/1.1"
256	2025/03/19 15:11:14	"GET /uv2582fip2582inf210/project_presentation.html HTTP/1.1"
256	2025/03/19 15:11:26	"GET /uv2582fip2582inf210/project_specifications.html HTTP/1.1"
258	2025/03/19 16:12:01	"GET /uv2582fip2582inf210/index.html HTTP/1.1"
258	2025/03/19 16:12:08	"GET /uv2582fip2582inf210/project_presentation.html HTTP/1.1"
258	2025/03/19 16:12:11	"GET /uv2582fip2582inf210/project_specifications.html HTTP/1.1"
256	2025/03/19 18:27:28	"GET /uv2582fip2582inf210/project_presentation.html HTTP/1.1"
256	2025/03/19 18:27:34	"GET /uv2582fip2582inf210/project_specifications.html HTTP/1.1"
2527	2025/03/19 20:41:23	"GET /uv2582fip2582inf210/project_presentation.html HTTP/1.1"
2527	2025/03/19 20:41:26	"GET /uv2582fip2582inf210/project_specifications.html HTTP/1.1"
2542	2025/03/19 22:02:58	"GET /uv2582fip2582inf210/project_presentation.html HTTP/1.1"
2542	2025/03/19 22:03:02	"GET /uv2582fip2582inf210/project_specifications.html HTTP/1.1"
2562	2025/01/20 08:14:16	"GET /uv2582fip2582inf210/technical_environment_home.html HTTP/1.1"
2562	2025/01/20 08:28:58	"GET /uv2582fip2582inf210/documentation_docker.html HTTP/1.1"
2562	2025/01/20 08:31:46	"GET /uv2582fip2582inf210/practice_docker.html HTTP/1.1"
2562	2025/01/20 08:38:41	"GET /uv2582fip2582inf210/practice_docker_advanced.html HTTP/1.1"
2562	2025/01/20 08:42:04	"GET /uv2582fip2582inf210/documentation_rdbms.html HTTP/1.1"
2562	2025/01/20 08:44:00	"GET /uv2582fip2582inf210/practice_postgresql.html HTTP/1.1"
2562	2025/01/20 08:48:52	"GET /uv2582fip2582inf210/documentation_programming.html HTTP/1.1"
2562	2025/01/20 08:49:37	"GET /uv2582fip2582inf210/inversion_of_control.html HTTP/1.1"
2562	2025/01/20 08:51:48	"GET /uv2582fip2582inf210/spring_bean.html HTTP/1.1"
2562	2025/01/20 08:52:14	"GET /uv2582fip2582inf210/practice_spring.html HTTP/1.1"
2570	2025/01/20 11:20:47	"GET /uv2582fip2582inf210/project_home.html HTTP/1.1"
2570	2025/01/20 11:20:57	"GET /uv2582fip2582inf210/index.html HTTP/1.1"
2570	2025/01/20 11:21:01	"GET /uv2582fip2582inf210/technical_environment_home.html HTTP/1.1"
2570	2025/01/20 11:25:31	"GET /uv2582fip2582inf210/web_architecture_home.html HTTP/1.1"
2535	2025/01/20 11:37:28	"GET /uv2582fip2582inf210/index.html HTTP/1.1"
2568	2025/01/20 11:37:29	"GET /uv2582fip2582inf210/technical_environment_home.html HTTP/1.1"
2566	2025/01/20 11:37:33	"GET /uv2582fip2582inf210/technical_environment_home.html HTTP/1.1"
2571	2025/01/20 11:37:36	"GET /uv2582fip2582inf210/technical_environment_home.html HTTP/1.1"
2567	2025/01/20 11:37:42	"GET /uv2582fip2582inf210/technical_environment_home.html HTTP/1.1"
2572	2025/01/20 11:37:43	"GET /uv2582fip2582inf210/technical_environment_home.html HTTP/1.1"
2535	2025/01/20 11:37:44	"GET /uv2582fip2582inf210/technical_environment_home.html HTTP/1.1"
2557	2025/01/20 11:37:45	"GET /uv2582fip2582inf210/technical_environment_home.html HTTP/1.1"
2563	2025/01/20 11:37:46	"GET /uv2582fip2582inf210/technical_environment_home.html HTTP/1.1"
2536	2025/01/20 11:37:47	"GET /uv2582fip2582inf210/technical_environment_home.html HTTP/1.1"
2561	2025/01/20 11:37:47	"GET /uv2582fip2582inf210/technical_environment_home.html HTTP/1.1"
2571	2025/01/20 11:38:05	"GET /uv2582fip2582inf210/images/prerequisite_techenv/prerequisite_techenv_2025.html HTTP/1.1"
2558	2025/01/20 11:38:07	"GET /uv2582fip2582inf210/technical_environment_home.html HTTP/1.1"
2569	2025/01/20 11:38:08	"GET /uv2582fip2582inf210/technical_environment_home.html HTTP/1.1"
2573	2025/01/20 11:38:22	"GET /uv2582fip2582inf210/technical_environment_home.html HTTP/1.1"
2574	2025/01/20 11:38:32	"GET /uv2582fip2582inf210/technical_environment_home.html HTTP/1.1"
2575	2025/01/20 11:38:49	"GET /uv2582fip2582inf210/technical_environment_home.html HTTP/1.1"
2568	2025/01/20 11:38:56	"GET /uv2582fip2582inf210/technical_environment_home.html HTTP/1.1"
2568	2025/01/20 11:39:12	"GET /uv2582fip2582inf210/technical_environment_home.html HTTP/1.1"
2563	2025/01/20 11:39:58	"GET /uv2582fip2582inf210/images/prerequisite_techenv/prerequisite_techenv_2025.html HTTP/1.1"
2535	2025/01/20 11:40:00	"GET /uv2582fip2582inf210/images/prerequisite_techenv/prerequisite_techenv_2025.html HTTP/1.1"
2569	2025/01/20 11:40:06	"GET /uv2582fip2582inf210/documentation_docker.html HTTP/1.1"
2536	2025/01/20 11:40:24	"GET /uv2582fip2582inf210/documentation_docker.html HTTP/1.1"
2571	2025/01/20 11:40:38	"GET /uv2582fip2582inf210/documentation_docker.html HTTP/1.1"
2536	2025/01/20 11:40:40	"GET /uv2582fip2582inf210/practice_docker.html HTTP/1.1"
2561	2025/01/20 11:40:44	"GET /uv2582fip2582inf210/documentation_docker.html HTTP/1.1"
2536	2025/01/20 11:40:50	"GET /uv2582fip2582inf210/technical_environment_home.html HTTP/1.1"
2563	2025/01/20 11:40:56	"GET /uv2582fip2582inf210/documentation_docker.html HTTP/1.1"
2536	2025/01/20 11:43:29	"GET /uv2582fip2582inf210/documentation_docker.html HTTP/1.1"
2536	2025/01/20 11:43:49	"GET /uv2582fip2582inf210/practice_docker.html HTTP/1.1"
2536	2025/01/20 11:43:53	"GET /uv2582fip2582inf210/technical_environment_home.html HTTP/1.1"
2563	2025/01/20 11:44:44	"GET /uv2582fip2582inf210/technical_environment_home.html HTTP/1.1"
2563	2025/01/20 11:44:51	"GET /uv2582fip2582inf210/documentation_docker.html HTTP/1.1"
2536	2025/01/20 11:44:54	"GET /uv2582fip2582inf210/documentation_docker.html HTTP/1.1"
2536	2025/01/20 11:45:03	"GET /uv2582fip2582inf210/technical_environment_home.html HTTP/1.1"
2558	2025/01/20 11:45:16	"GET /uv2582fip2582inf210/technical_environment_home.html HTTP/1.1"
2570	2025/01/20 11:45:17	"GET /uv2582fip2582inf210/index.html HTTP/1.1"
2561	2025/01/20 11:45:25	"GET /uv2582fip2582inf210/technical_environment_home.html HTTP/1.1"
2557	2025/01/20 11:45:27	"GET /uv2582fip2582inf210/practice_docker.html HTTP/1.1"
2557	2025/01/20 11:45:30	"GET /uv2582fip2582inf210/documentation_docker.html HTTP/1.1"
2569	2025/01/20 11:45:31	"GET /uv2582fip2582inf210/practice_docker.html HTTP/1.1"
2556	2025/01/20 11:45:45	"GET /uv2582fip2582inf210/PresentationUVINF210/pres.html HTTP/1.1"
2575	2025/01/20 11:46:20	"GET /uv2582fip2582inf210/documentation_docker.html HTTP/1.1"
2571	2025/01/20 11:46:22	"GET /uv2582fip2582inf210/practice_docker.html HTTP/1.1"
2556	2025/01/20 11:46:26	"GET /uv2582fip2582inf210/project_home.html HTTP/1.1"
2565	2025/01/20 11:46:44	"GET /uv2582fip2582inf210/technical_environment_home.html HTTP/1.1"
2556	2025/01/20 11:46:53	"GET /uv2582fip2582inf210/web_architecture_home.html HTTP/1.1"
2556	2025/01/20 11:47:49	"GET /uv2582fip2582inf210/images/prerequisite_archiweb/prerequisite_archiweb_2025.html HTTP/1.1"
2535	2025/01/20 11:48:04	"GET /uv2582fip2582inf210/web_architecture_home.html HTTP/1.1"
2562	2025/01/20 11:48:23	"GET /uv2582fip2582inf210/web_architecture_home.html HTTP/1.1"
2536	2025/01/20 11:48:38	"GET /uv2582fip2582inf210/web_architecture_home.html HTTP/1.1"
2536	2025/01/20 11:48:42	"GET /uv2582fip2582inf210/technical_environment_home.html HTTP/1.1"
2556	2025/01/20 11:50:09	"GET /uv2582fip2582inf210/lecture_xpath.html HTTP/1.1"
2561	2025/01/20 11:50:13	"GET /uv2582fip2582inf210/documentation_docker.html HTTP/1.1"
2556	2025/01/20 11:50:39	"GET /uv2582fip2582inf210/index.html HTTP/1.1"
2569	2025/01/20 11:50:45	"GET /uv2582fip2582inf210/practice_docker_advanced.html HTTP/1.1"
2556	2025/01/20 11:50:45	"GET /uv2582fip2582inf210/technical_environment_home.html HTTP/1.1"
2556	2025/01/20 11:50:51	"GET /uv2582fip2582inf210/images/prerequisite_techenv/prerequisite_techenv_2025.html HTTP/1.1"
2556	2025/01/20 11:51:20	"GET /uv2582fip2582inf210/documentation_docker.html HTTP/1.1"
2558	2025/01/20 11:51:25	"GET /uv2582fip2582inf210/documentation_docker.html HTTP/1.1"
2569	2025/01/20 11:51:36	"GET /uv2582fip2582inf210/documentation_rdbms.html HTTP/1.1"
2569	2025/01/20 11:51:50	"GET /uv2582fip2582inf210/practice_postgresql.html HTTP/1.1"
2568	2025/01/20 11:54:50	"GET /uv2582fip2582inf210/documentation_docker.html HTTP/1.1"
2535	2025/01/20 11:55:24	"GET /uv2582fip2582inf210/technical_environment_home.html HTTP/1.1"
2535	2025/01/20 11:55:26	"GET /uv2582fip2582inf210/documentation_docker.html HTTP/1.1"
2536	2025/01/20 11:56:06	"GET /uv2582fip2582inf210/documentation_docker.html HTTP/1.1"
2567	2025/01/20 11:56:12	"GET /uv2582fip2582inf210/documentation_docker.html HTTP/1.1"
2563	2025/01/20 11:56:59	"GET /uv2582fip2582inf210/practice_docker.html HTTP/1.1"
2571	2025/01/20 11:57:18	"GET /uv2582fip2582inf210/documentation_programming.html HTTP/1.1"
2536	2025/01/20 11:57:36	"GET /uv2582fip2582inf210/practice_docker.html HTTP/1.1"
2535	2025/01/20 11:57:41	"GET /uv2582fip2582inf210/practice_docker.html HTTP/1.1"
2556	2025/01/20 11:58:33	"GET /uv2582fip2582inf210/practice_docker.html HTTP/1.1"
2571	2025/01/20 11:59:33	"GET /uv2582fip2582inf210/practice_postgresql.html HTTP/1.1"
2536	2025/01/20 12:01:06	"GET /uv2582fip2582inf210/practice_docker.html HTTP/1.1"
2569	2025/01/20 12:01:27	"GET /uv2582fip2582inf210/documentation_programming.html HTTP/1.1"
2569	2025/01/20 12:01:30	"GET /uv2582fip2582inf210/inversion_of_control.html HTTP/1.1"
2570	2025/01/20 12:01:32	"GET /uv2582fip2582inf210/documentation_programming.html HTTP/1.1"
2535	2025/01/20 12:01:43	"GET /uv2582fip2582inf210/practice_docker.html HTTP/1.1"
2566	2025/01/20 12:01:53	"GET /uv2582fip2582inf210/practice_docker.html HTTP/1.1"
2569	2025/01/20 12:04:06	"GET /uv2582fip2582inf210/spring_bean.html HTTP/1.1"
2575	2025/01/20 12:05:54	"GET /uv2582fip2582inf210/technical_environment_home.html HTTP/1.1"
2558	2025/01/20 12:05:56	"GET /uv2582fip2582inf210/practice_docker.html HTTP/1.1"
2575	2025/01/20 12:06:05	"GET /uv2582fip2582inf210/documentation_docker.html HTTP/1.1"
2558	2025/01/20 12:06:10	"GET /uv2582fip2582inf210/practice_docker_advanced.html HTTP/1.1"
2575	2025/01/20 12:06:16	"GET /uv2582fip2582inf210/practice_docker.html HTTP/1.1"
2569	2025/01/20 12:06:17	"GET /uv2582fip2582inf210/practice_spring.html HTTP/1.1"
2575	2025/01/20 12:06:31	"GET /uv2582fip2582inf210/documentation_docker.html HTTP/1.1"
2558	2025/01/20 12:07:11	"GET /uv2582fip2582inf210/technical_environment_home.html HTTP/1.1"
2561	2025/01/20 12:07:47	"GET /uv2582fip2582inf210/practice_docker.html HTTP/1.1"
2558	2025/01/20 12:07:48	"GET /uv2582fip2582inf210/technical_environment_home.html HTTP/1.1"
2535	2025/01/20 12:08:52	"GET /uv2582fip2582inf210/practice_postgresql.html HTTP/1.1"
2574	2025/01/20 12:12:45	"GET /uv2582fip2582inf210/images/prerequisite_techenv/prerequisite_techenv_2025.html HTTP/1.1"
2567	2025/01/20 12:12:46	"GET /uv2582fip2582inf210/practice_docker.html HTTP/1.1"
2574	2025/01/20 12:13:38	"GET /uv2582fip2582inf210/documentation_docker.html HTTP/1.1"
2535	2025/01/20 12:13:48	"GET /uv2582fip2582inf210/practice_docker_advanced.html HTTP/1.1"
2558	2025/01/20 12:14:36	"GET /uv2582fip2582inf210/documentation_programming.html HTTP/1.1"
2558	2025/01/20 12:15:36	"GET /uv2582fip2582inf210/practice_spring.html HTTP/1.1"
2561	2025/01/20 13:27:36	"GET /uv2582fip2582inf210/technical_environment_home.html HTTP/1.1"
2561	2025/01/20 13:27:43	"GET /uv2582fip2582inf210/documentation_docker.html HTTP/1.1"
2561	2025/01/20 13:30:32	"GET /uv2582fip2582inf210/practice_docker.html HTTP/1.1"
2561	2025/01/20 13:33:33	"GET /uv2582fip2582inf210/practice_docker.html HTTP/1.1"
2561	2025/01/20 13:36:40	"GET /uv2582fip2582inf210/technical_environment_home.html HTTP/1.1"
2561	2025/01/20 13:36:46	"GET /uv2582fip2582inf210/practice_docker.html HTTP/1.1"
2536	2025/01/20 13:43:26	"GET /uv2582fip2582inf210/practice_docker.html HTTP/1.1"
2536	2025/01/20 13:46:08	"GET /uv2582fip2582inf210/practice_docker_advanced.html HTTP/1.1"
2536	2025/01/20 13:49:06	"GET /uv2582fip2582inf210/documentation_rdbms.html HTTP/1.1"
2568	2025/01/20 14:04:04	"GET /uv2582fip2582inf210/documentation_docker.html HTTP/1.1"
2557	2025/01/20 14:04:06	"GET /uv2582fip2582inf210/practice_postgresql.html HTTP/1.1"
2566	2025/01/20 14:06:07	"GET /uv2582fip2582inf210/documentation_docker.html HTTP/1.1"
2566	2025/01/20 14:07:03	"GET /uv2582fip2582inf210/documentation_docker.html HTTP/1.1"
2535	2025/01/20 14:07:54	"GET /uv2582fip2582inf210/technical_environment_home.html HTTP/1.1"
2574	2025/01/20 14:08:35	"GET /uv2582fip2582inf210/technical_environment_home.html HTTP/1.1"
2572	2025/01/20 14:08:35	"GET /uv2582fip2582inf210/documentation_docker.html HTTP/1.1"
2565	2025/01/20 14:10:03	"GET /uv2582fip2582inf210/documentation_docker.html HTTP/1.1"
2568	2025/01/20 14:10:15	"GET /uv2582fip2582inf210/technical_environment_home.html HTTP/1.1"
2568	2025/01/20 14:10:19	"GET /uv2582fip2582inf210/documentation_docker.html HTTP/1.1"
2574	2025/01/20 14:10:22	"GET /uv2582fip2582inf210/practice_docker.html HTTP/1.1"
2563	2025/01/20 14:10:24	"GET /uv2582fip2582inf210/documentation_rdbms.html HTTP/1.1"
2563	2025/01/20 14:10:59	"GET /uv2582fip2582inf210/practice_postgresql.html HTTP/1.1"
2570	2025/01/20 14:11:06	"GET /uv2582fip2582inf210/practice_docker.html HTTP/1.1"
2570	2025/01/20 14:11:08	"GET /uv2582fip2582inf210/documentation_docker.html HTTP/1.1"
2571	2025/01/20 14:12:21	"GET /uv2582fip2582inf210/inversion_of_control.html HTTP/1.1"
2571	2025/01/20 14:12:22	"GET /uv2582fip2582inf210/practice_spring.html HTTP/1.1"
2556	2025/01/20 14:12:58	"GET /uv2582fip2582inf210/technical_environment_home.html HTTP/1.1"
2556	2025/01/20 14:13:05	"GET /uv2582fip2582inf210/documentation_docker.html HTTP/1.1"
2556	2025/01/20 14:13:26	"GET /uv2582fip2582inf210/practice_docker.html HTTP/1.1"
2566	2025/01/20 14:13:32	"GET /uv2582fip2582inf210/practice_postgresql.html HTTP/1.1"
2536	2025/01/20 14:13:56	"GET /uv2582fip2582inf210/practice_postgresql.html HTTP/1.1"
2563	2025/01/20 14:15:23	"GET /uv2582fip2582inf210/practice_postgresql.html HTTP/1.1"
2562	2025/01/20 14:16:18	"GET /uv2582fip2582inf210/documentation_rdbms.html HTTP/1.1"
2568	2025/01/20 14:16:43	"GET /uv2582fip2582inf210/technical_environment_home.html HTTP/1.1"
2568	2025/01/20 14:17:52	"GET /uv2582fip2582inf210/practice_docker.html HTTP/1.1"
2558	2025/01/20 14:18:20	"GET /uv2582fip2582inf210/technical_environment_home.html HTTP/1.1"
2536	2025/01/20 14:19:25	"GET /uv2582fip2582inf210/documentation_programming.html HTTP/1.1"
2561	2025/01/20 14:21:25	"GET /uv2582fip2582inf210/practice_docker_advanced.html HTTP/1.1"
2536	2025/01/20 14:22:01	"GET /uv2582fip2582inf210/documentation_programming.html HTTP/1.1"
2536	2025/01/20 14:22:02	"GET /uv2582fip2582inf210/inversion_of_control.html HTTP/1.1"
2565	2025/01/20 14:23:48	"GET /uv2582fip2582inf210/practice_docker.html HTTP/1.1"
2572	2025/01/20 14:24:32	"GET /uv2582fip2582inf210/practice_docker.html HTTP/1.1"
2536	2025/01/20 14:24:53	"GET /uv2582fip2582inf210/spring_bean.html HTTP/1.1"
2562	2025/01/20 14:25:09	"GET /uv2582fip2582inf210/documentation_docker.html HTTP/1.1"
2562	2025/01/20 14:25:09	"GET /uv2582fip2582inf210/practice_docker.html HTTP/1.1"
2562	2025/01/20 14:25:39	"GET /uv2582fip2582inf210/practice_postgresql.html HTTP/1.1"
2557	2025/01/20 14:25:46	"GET /uv2582fip2582inf210/documentation_rdbms.html HTTP/1.1"
2563	2025/01/20 14:28:14	"GET /uv2582fip2582inf210/documentation_programming.html HTTP/1.1"
2563	2025/01/20 14:32:28	"GET /uv2582fip2582inf210/inversion_of_control.html HTTP/1.1"
2563	2025/01/20 14:33:33	"GET /uv2582fip2582inf210/spring_bean.html HTTP/1.1"
2563	2025/01/20 14:33:54	"GET /uv2582fip2582inf210/practice_spring.html HTTP/1.1"
2535	2025/01/20 14:34:26	"GET /uv2582fip2582inf210/documentation_docker.html HTTP/1.1"
2535	2025/01/20 14:34:53	"GET /uv2582fip2582inf210/practice_docker.html HTTP/1.1"
2536	2025/01/20 14:36:57	"GET /uv2582fip2582inf210/spring_bean.html HTTP/1.1"
2574	2025/01/20 14:38:15	"GET /uv2582fip2582inf210/practice_docker_advanced.html HTTP/1.1"
2562	2025/01/20 14:38:37	"GET /uv2582fip2582inf210/documentation_programming.html HTTP/1.1"
2574	2025/01/20 14:39:54	"GET /uv2582fip2582inf210/practice_postgresql.html HTTP/1.1"
2572	2025/01/20 14:39:58	"GET /uv2582fip2582inf210/practice_postgresql.html HTTP/1.1"
2561	2025/01/20 14:40:20	"GET /uv2582fip2582inf210/documentation_rdbms.html HTTP/1.1"
2573	2025/01/20 14:42:25	"GET /uv2582fip2582inf210/documentation_docker.html HTTP/1.1"
2568	2025/01/20 14:42:47	"GET /uv2582fip2582inf210/practice_postgresql.html HTTP/1.1"
2565	2025/01/20 14:42:53	"GET /uv2582fip2582inf210/practice_postgresql.html HTTP/1.1"
2573	2025/01/20 14:43:19	"GET /uv2582fip2582inf210/practice_docker_advanced.html HTTP/1.1"
2573	2025/01/20 14:43:20	"GET /uv2582fip2582inf210/practice_docker.html HTTP/1.1"
2567	2025/01/20 14:45:51	"GET /uv2582fip2582inf210/practice_docker_advanced.html HTTP/1.1"
2536	2025/01/20 14:45:55	"GET /uv2582fip2582inf210/practice_spring.html HTTP/1.1"
2567	2025/01/20 14:46:28	"GET /uv2582fip2582inf210/practice_postgresql.html HTTP/1.1"
2557	2025/01/20 14:46:45	"GET /uv2582fip2582inf210/documentation_programming.html HTTP/1.1"
2562	2025/01/20 14:49:32	"GET /uv2582fip2582inf210/practice_spring.html HTTP/1.1"
2556	2025/01/20 14:49:48	"GET /uv2582fip2582inf210/practice_postgresql.html HTTP/1.1"
2565	2025/01/20 14:50:01	"GET /uv2582fip2582inf210/documentation_programming.html HTTP/1.1"
2572	2025/01/20 14:50:02	"GET /uv2582fip2582inf210/documentation_programming.html HTTP/1.1"
2573	2025/01/20 14:50:15	"GET /uv2582fip2582inf210/technical_environment_home.html HTTP/1.1"
2535	2025/01/20 14:51:09	"GET /uv2582fip2582inf210/documentation_rdbms.html HTTP/1.1"
2572	2025/01/20 14:51:13	"GET /uv2582fip2582inf210/practice_spring.html HTTP/1.1"
2565	2025/01/20 14:51:16	"GET /uv2582fip2582inf210/practice_spring.html HTTP/1.1"
2535	2025/01/20 14:51:28	"GET /uv2582fip2582inf210/practice_postgresql.html HTTP/1.1"
2561	2025/01/20 14:51:46	"GET /uv2582fip2582inf210/practice_postgresql.html HTTP/1.1"
2574	2025/01/20 14:53:09	"GET /uv2582fip2582inf210/documentation_programming.html HTTP/1.1"
2568	2025/01/20 14:53:24	"GET /uv2582fip2582inf210/documentation_rdbms.html HTTP/1.1"
2575	2025/01/20 14:53:56	"GET /uv2582fip2582inf210/practice_postgresql.html HTTP/1.1"
2573	2025/01/20 14:57:10	"GET /uv2582fip2582inf210/documentation_docker.html HTTP/1.1"
2573	2025/01/20 14:57:29	"GET /uv2582fip2582inf210/practice_docker.html HTTP/1.1"
2557	2025/01/20 15:00:14	"GET /uv2582fip2582inf210/practice_spring.html HTTP/1.1"
2535	2025/01/20 15:01:17	"GET /uv2582fip2582inf210/documentation_programming.html HTTP/1.1"
2561	2025/01/20 15:01:34	"GET /uv2582fip2582inf210/documentation_programming.html HTTP/1.1"
2561	2025/01/20 15:01:49	"GET /uv2582fip2582inf210/practice_postgresql.html HTTP/1.1"
2535	2025/01/20 15:02:02	"GET /uv2582fip2582inf210/inversion_of_control.html HTTP/1.1"
2568	2025/01/20 15:02:05	"GET /uv2582fip2582inf210/documentation_programming.html HTTP/1.1"
2535	2025/01/20 15:02:13	"GET /uv2582fip2582inf210/spring_bean.html HTTP/1.1"
2535	2025/01/20 15:02:24	"GET /uv2582fip2582inf210/practice_spring.html HTTP/1.1"
2561	2025/01/20 15:03:50	"GET /uv2582fip2582inf210/inversion_of_control.html HTTP/1.1"
2568	2025/01/20 15:05:20	"GET /uv2582fip2582inf210/inversion_of_control.html HTTP/1.1"
2568	2025/01/20 15:05:22	"GET /uv2582fip2582inf210/practice_spring.html HTTP/1.1"
2561	2025/01/20 15:06:18	"GET /uv2582fip2582inf210/practice_spring.html HTTP/1.1"
2573	2025/01/20 15:10:55	"GET /uv2582fip2582inf210/practice_docker_advanced.html HTTP/1.1"
2567	2025/01/20 15:11:39	"GET /uv2582fip2582inf210/documentation_programming.html HTTP/1.1"
2568	2025/01/20 15:15:01	"GET /uv2582fip2582inf210/practice_docker_advanced.html HTTP/1.1"
2568	2025/01/20 15:15:12	"GET /uv2582fip2582inf210/technical_environment_home.html HTTP/1.1"
2575	2025/01/20 15:15:45	"GET /uv2582fip2582inf210/documentation_rdbms.html HTTP/1.1"
2573	2025/01/20 15:15:49	"GET /uv2582fip2582inf210/practice_postgresql.html HTTP/1.1"
2573	2025/01/20 15:16:37	"GET /uv2582fip2582inf210/practice_docker.html HTTP/1.1"
2574	2025/01/20 15:17:34	"GET /uv2582fip2582inf210/practice_spring.html HTTP/1.1"
2558	2025/01/20 15:18:03	"GET /uv2582fip2582inf210/practice_docker.html HTTP/1.1"
2558	2025/01/20 15:18:11	"GET /uv2582fip2582inf210/documentation_docker.html HTTP/1.1"
2574	2025/01/20 15:18:31	"GET /uv2582fip2582inf210/practice_spring.html HTTP/1.1"
2575	2025/01/20 15:18:48	"GET /uv2582fip2582inf210/documentation_programming.html HTTP/1.1"
2575	2025/01/20 15:19:04	"GET /uv2582fip2582inf210/inversion_of_control.html HTTP/1.1"
2567	2025/01/20 15:19:26	"GET /uv2582fip2582inf210/practice_spring.html HTTP/1.1"
2575	2025/01/20 15:19:40	"GET /uv2582fip2582inf210/spring_bean.html HTTP/1.1"
2575	2025/01/20 15:19:59	"GET /uv2582fip2582inf210/practice_spring.html HTTP/1.1"
2568	2025/01/20 15:23:48	"GET /uv2582fip2582inf210/practice_docker_advanced.html HTTP/1.1"
2568	2025/01/20 15:26:39	"GET /uv2582fip2582inf210/practice_postgresql.html HTTP/1.1"
2573	2025/01/20 15:33:21	"GET /uv2582fip2582inf210/documentation_programming.html HTTP/1.1"
2556	2025/01/20 15:37:21	"GET /uv2582fip2582inf210/documentation_programming.html HTTP/1.1"
2573	2025/01/20 15:37:42	"GET /uv2582fip2582inf210/practice_spring.html HTTP/1.1"
2566	2025/01/20 15:39:06	"GET /uv2582fip2582inf210/documentation_programming.html HTTP/1.1"
2566	2025/01/20 15:42:20	"GET /uv2582fip2582inf210/practice_spring.html HTTP/1.1"
2562	2025/01/20 15:42:36	"GET /uv2582fip2582inf210/spring_bean.html HTTP/1.1"
2562	2025/01/20 15:42:41	"GET /uv2582fip2582inf210/inversion_of_control.html HTTP/1.1"
2556	2025/01/20 15:44:34	"GET /uv2582fip2582inf210/inversion_of_control.html HTTP/1.1"
2558	2025/01/20 15:47:46	"GET /uv2582fip2582inf210/practice_postgresql.html HTTP/1.1"
2558	2025/01/20 15:48:31	"GET /uv2582fip2582inf210/documentation_programming.html HTTP/1.1"
2558	2025/01/20 15:48:46	"GET /uv2582fip2582inf210/practice_spring.html HTTP/1.1"
2536	2025/01/20 16:01:03	"GET /uv2582fip2582inf210/index.html HTTP/1.1"
2536	2025/01/20 16:01:10	"GET /uv2582fip2582inf210/technical_environment_home.html HTTP/1.1"
2536	2025/01/20 16:01:11	"GET /uv2582fip2582inf210/index.html HTTP/1.1"
2536	2025/01/20 16:01:13	"GET /uv2582fip2582inf210/web_architecture_home.html HTTP/1.1"
2536	2025/01/20 16:01:20	"GET /uv2582fip2582inf210/index.html HTTP/1.1"
2536	2025/01/20 16:01:23	"GET /uv2582fip2582inf210/project_home.html HTTP/1.1"
2536	2025/01/20 16:01:27	"GET /uv2582fip2582inf210/index.html HTTP/1.1"
2556	2025/01/20 16:02:05	"GET /uv2582fip2582inf210/spring_bean.html HTTP/1.1"
2556	2025/01/20 16:03:27	"GET /uv2582fip2582inf210/practice_spring.html HTTP/1.1"
2574	2025/01/20 16:05:08	"GET /uv2582fip2582inf210/inversion_of_control.html HTTP/1.1"
2546	2025/02/07 14:40:57	"GET /uv2582fip2582inf210/web_architecture_home.html HTTP/1.1"
2546	2025/02/07 14:41:15	"GET /uv2582fip2582inf210/lecture_dto.html HTTP/1.1"
2546	2025/02/07 14:41:23	"GET /uv2582fip2582inf210/lecture_mvc_spring.html HTTP/1.1"
2557	2025/02/07 18:48:47	"GET /uv2582fip2582inf210/images/prerequisite_data/prerequisite_data_2025.html HTTP/1.1"
2557	2025/02/07 18:49:08	"GET /uv2582fip2582inf210/activity_relational_model.html HTTP/1.1"
2557	2025/02/07 19:57:32	"GET /uv2582fip2582inf210/activity_relational_model_correction.html HTTP/1.1"
2539	2025/02/12 09:21:24	"GET /uv2582fip2582inf210/web_architecture_home.html HTTP/1.1"
2516	2025/02/12 09:34:00	"GET /uv2582fip2582inf210/lecture_xml.html HTTP/1.1"
2549	2025/02/12 09:34:44	"GET /uv2582fip2582inf210/web_architecture_home.html HTTP/1.1"
2524	2025/02/12 09:34:54	"GET /uv2582fip2582inf210/index.html HTTP/1.1"
2524	2025/02/12 09:35:10	"GET /uv2582fip2582inf210/project_home.html HTTP/1.1"
2524	2025/02/12 09:35:15	"GET /uv2582fip2582inf210/web_architecture_home.html HTTP/1.1"
2512	2025/02/12 09:35:20	"GET /uv2582fip2582inf210/data_home.html HTTP/1.1"
2513	2025/02/12 09:35:26	"GET /uv2582fip2582inf210/lecture_transaction.html HTTP/1.1"
2512	2025/02/12 09:35:32	"GET /uv2582fip2582inf210/practice_sql.html HTTP/1.1"
2549	2025/02/12 09:35:38	"GET /uv2582fip2582inf210/data_home.html HTTP/1.1"
2530	2025/02/12 09:35:41	"GET /uv2582fip2582inf210/web_architecture_home.html HTTP/1.1"
2525	2025/02/12 09:35:43	"GET /uv2582fip2582inf210/web_architecture_home.html HTTP/1.1"
2525	2025/02/12 09:35:43	"GET /uv2582fip2582inf210/web_architecture_home.html HTTP/1.1"
2513	2025/02/12 09:35:58	"GET /uv2582fip2582inf210/practice_sql.html HTTP/1.1"
2542	2025/02/12 09:35:58	"GET /uv2582fip2582inf210/index.html HTTP/1.1"
2542	2025/02/12 09:36:17	"GET /uv2582fip2582inf210/practice_jpa.html HTTP/1.1"
2549	2025/02/12 09:36:22	"GET /uv2582fip2582inf210/lecture_jpa.html HTTP/1.1"
2513	2025/02/12 09:36:32	"GET /uv2582fip2582inf210/technical_environment_home.html HTTP/1.1"
2513	2025/02/12 09:36:37	"GET /uv2582fip2582inf210/images/prerequisite_techenv/prerequisite_techenv_2025.html HTTP/1.1"
2510	2025/02/12 09:36:37	"GET /uv2582fip2582inf210/index.html HTTP/1.1"
2513	2025/02/12 09:36:42	"GET /uv2582fip2582inf210/practice_docker.html HTTP/1.1"
2517	2025/02/12 09:36:44	"GET /uv2582fip2582inf210/technical_environment_home.html HTTP/1.1"
2510	2025/02/12 09:36:45	"GET /uv2582fip2582inf210/data_home.html HTTP/1.1"
2517	2025/02/12 09:36:53	"GET /uv2582fip2582inf210/index.html HTTP/1.1"
2510	2025/02/12 09:37:04	"GET /uv2582fip2582inf210/web_architecture_home.html HTTP/1.1"
2526	2025/02/12 09:37:09	"GET /uv2582fip2582inf210/inversion_of_control.html HTTP/1.1"
2517	2025/02/12 09:37:13	"GET /uv2582fip2582inf210/web_architecture_home.html HTTP/1.1"
2526	2025/02/12 09:37:15	"GET /uv2582fip2582inf210/index.html HTTP/1.1"
2514	2025/02/12 09:37:49	"GET /uv2582fip2582inf210/practice_sql.html HTTP/1.1"
256	2025/02/12 09:37:52	"GET /uv2582fip2582inf210/index.html HTTP/1.1"
256	2025/02/12 09:37:57	"GET /uv2582fip2582inf210/web_architecture_home.html HTTP/1.1"
256	2025/02/12 09:37:59	"GET /uv2582fip2582inf210/images/prerequisite_archiweb/prerequisite_archiweb_2025.html HTTP/1.1"
256	2025/02/12 09:38:24	"GET /uv2582fip2582inf210/lecture_mvc_spring.html HTTP/1.1"
255	2025/02/12 09:38:28	"GET /uv2582fip2582inf210/lecture_normalization.html HTTP/1.1"
2551	2025/02/12 09:38:28	"GET /uv2582fip2582inf210/documentation_docker.html HTTP/1.1"
253	2025/02/12 09:38:29	"GET /uv2582fip2582inf210/images/prerequisite_techenv/prerequisite_techenv_2025.html HTTP/1.1"
255	2025/02/12 09:38:30	"GET /uv2582fip2582inf210/index.html HTTP/1.1"
256	2025/02/12 09:38:32	"GET /uv2582fip2582inf210/practice_jpa.html HTTP/1.1"
2551	2025/02/12 09:38:44	"GET /uv2582fip2582inf210/index.html HTTP/1.1"
2550	2025/02/12 09:38:47	"GET /uv2582fip2582inf210/project_home.html HTTP/1.1"
2551	2025/02/12 09:38:49	"GET /uv2582fip2582inf210/web_architecture_home.html HTTP/1.1"
2550	2025/02/12 09:38:57	"GET /uv2582fip2582inf210/technical_environment_home.html HTTP/1.1"
258	2025/02/12 09:38:58	"GET /uv2582fip2582inf210/index.html HTTP/1.1"
2533	2025/02/12 09:38:58	"GET /uv2582fip2582inf210/technical_environment_home.html HTTP/1.1"
2518	2025/02/12 09:39:07	"GET /uv2582fip2582inf210/index.html HTTP/1.1"
258	2025/02/12 09:39:18	"GET /uv2582fip2582inf210/web_architecture_home.html HTTP/1.1"
258	2025/02/12 09:39:23	"GET /uv2582fip2582inf210/activity_sql.html HTTP/1.1"
2533	2025/02/12 09:39:35	"GET /uv2582fip2582inf210/documentation_programming.html HTTP/1.1"
2533	2025/02/12 09:39:50	"GET /uv2582fip2582inf210/images/prerequisite_archiweb/prerequisite_archiweb_2025.html HTTP/1.1"
2552	2025/02/12 09:39:59	"GET /uv2582fip2582inf210/practice_spring_2tiers.html HTTP/1.1"
2533	2025/02/12 09:40:01	"GET /uv2582fip2582inf210/inversion_of_control.html HTTP/1.1"
2533	2025/02/12 09:40:06	"GET /uv2582fip2582inf210/lecture_technical_architecture.html HTTP/1.1"
2510	2025/02/12 09:41:08	"GET /uv2582fip2582inf210/lecture_technical_architecture.html HTTP/1.1"
2510	2025/02/12 09:41:09	"GET /uv2582fip2582inf210/lecture_software_architecture.html HTTP/1.1"
2524	2025/02/12 09:42:08	"GET /uv2582fip2582inf210/lecture_json.html HTTP/1.1"
2515	2025/02/12 09:42:12	"GET /uv2582fip2582inf210/data_home.html HTTP/1.1"
2515	2025/02/12 09:42:15	"GET /uv2582fip2582inf210/lecture_db_integrity.html HTTP/1.1"
258	2025/02/12 09:42:48	"GET /uv2582fip2582inf210/lecture_relational_model.html HTTP/1.1"
2515	2025/02/12 09:42:49	"GET /uv2582fip2582inf210/activity_relational_model.html HTTP/1.1"
2551	2025/02/12 09:43:17	"GET /uv2582fip2582inf210/lecture_transaction.html HTTP/1.1"
2539	2025/02/12 09:43:25	"GET /uv2582fip2582inf210/index.html HTTP/1.1"
2510	2025/02/12 09:43:30	"GET /uv2582fip2582inf210/lecture_mvc_spring.html HTTP/1.1"
2539	2025/02/12 09:43:34	"GET /uv2582fip2582inf210/technical_environment_home.html HTTP/1.1"
2539	2025/02/12 09:43:38	"GET /uv2582fip2582inf210/images/prerequisite_techenv/prerequisite_techenv_2025.html HTTP/1.1"
2539	2025/02/12 09:43:40	"GET /uv2582fip2582inf210/documentation_programming.html HTTP/1.1"
2539	2025/02/12 09:43:47	"GET /uv2582fip2582inf210/practice_spring.html HTTP/1.1"
2546	2025/02/12 09:44:41	"GET /uv2582fip2582inf210/lecture_jpa.html HTTP/1.1"
259	2025/02/12 09:45:05	"GET /uv2582fip2582inf210/lecture_json.html HTTP/1.1"
2510	2025/02/12 09:45:08	"GET /uv2582fip2582inf210/lecture_jpa.html HTTP/1.1"
2553	2025/02/12 09:45:36	"GET /uv2582fip2582inf210/web_architecture_home.html HTTP/1.1"
2553	2025/02/12 09:46:02	"GET /uv2582fip2582inf210/lecture_mvc_spring.html HTTP/1.1"
259	2025/02/12 09:46:26	"GET /uv2582fip2582inf210/web_architecture_home.html HTTP/1.1"
2525	2025/02/12 09:46:27	"GET /uv2582fip2582inf210/practice_jpa.html HTTP/1.1"
2525	2025/02/12 09:46:29	"GET /uv2582fip2582inf210/practice_jpa.html HTTP/1.1"
259	2025/02/12 09:46:32	"GET /uv2582fip2582inf210/lecture_mvc_spring.html HTTP/1.1"
2549	2025/02/12 09:46:33	"GET /uv2582fip2582inf210/practice_jpa.html HTTP/1.1"
2550	2025/02/12 09:46:39	"GET /uv2582fip2582inf210/lecture_technical_architecture.html HTTP/1.1"
2524	2025/02/12 09:46:41	"GET /uv2582fip2582inf210/practice_json.html HTTP/1.1"
2514	2025/02/12 09:46:52	"GET /uv2582fip2582inf210/web_architecture_home.html HTTP/1.1"
2550	2025/02/12 09:47:07	"GET /uv2582fip2582inf210/lecture_normalization.html HTTP/1.1"
252	2025/02/12 09:47:39	"GET /uv2582fip2582inf210/PresentationUVINF210/pres.html HTTP/1.1"
2540	2025/02/12 09:47:39	"GET /uv2582fip2582inf210/practice_jpa.html HTTP/1.1"
2553	2025/02/12 09:47:44	"GET /uv2582fip2582inf210/index.html HTTP/1.1"
2511	2025/02/12 09:47:44	"GET /uv2582fip2582inf210/lecture_jpa.html HTTP/1.1"
2553	2025/02/12 09:47:47	"GET /uv2582fip2582inf210/project_home.html HTTP/1.1"
2553	2025/02/12 09:47:57	"GET /uv2582fip2582inf210/data_home.html HTTP/1.1"
2553	2025/02/12 09:48:00	"GET /uv2582fip2582inf210/lecture_transaction.html HTTP/1.1"
252	2025/02/12 09:48:09	"GET /uv2582fip2582inf210/web_architecture_home.html HTTP/1.1"
252	2025/02/12 09:48:45	"GET /uv2582fip2582inf210/index.html HTTP/1.1"
252	2025/02/12 09:48:54	"GET /uv2582fip2582inf210/data_home.html HTTP/1.1"
2514	2025/02/12 09:48:59	"GET /uv2582fip2582inf210/lecture_technical_architecture.html HTTP/1.1"
2510	2025/02/12 09:49:46	"GET /uv2582fip2582inf210/web_architecture_home.html HTTP/1.1"
2510	2025/02/12 09:49:49	"GET /uv2582fip2582inf210/lecture_jpa.html HTTP/1.1"
2510	2025/02/12 09:50:17	"GET /uv2582fip2582inf210/practice_jpa.html HTTP/1.1"
2514	2025/02/12 09:53:52	"GET /uv2582fip2582inf210/data_home.html HTTP/1.1"
2544	2025/02/12 09:54:30	"GET /uv2582fip2582inf210/web_architecture_home.html HTTP/1.1"
2540	2025/02/12 09:55:07	"GET /uv2582fip2582inf210/lecture_mvc_spring.html HTTP/1.1"
259	2025/02/12 09:55:39	"GET /uv2582fip2582inf210/lecture_technical_architecture.html HTTP/1.1"
2544	2025/02/12 09:56:49	"GET /uv2582fip2582inf210/practice_jpa.html HTTP/1.1"
2527	2025/02/12 09:57:36	"GET /uv2582fip2582inf210/practice_jpa_advanced.html HTTP/1.1"
2553	2025/02/12 09:57:40	"GET /uv2582fip2582inf210/lecture_transaction.html HTTP/1.1"
2553	2025/02/12 09:57:40	"GET /uv2582fip2582inf210/lecture_mvc_spring.html HTTP/1.1"
2554	2025/02/12 09:58:03	"GET /uv2582fip2582inf210/lecture_mvc_spring.html HTTP/1.1"
2511	2025/02/12 09:58:17	"GET /uv2582fip2582inf210/practice_jpa.html HTTP/1.1"
2522	2025/02/12 09:58:24	"GET /uv2582fip2582inf210/practice_spring_2tiers.html HTTP/1.1"
2551	2025/02/12 09:58:30	"GET /uv2582fip2582inf210/practice_transaction.html HTTP/1.1"
2531	2025/02/12 09:59:09	"GET /uv2582fip2582inf210/lecture_jpa.html HTTP/1.1"
252	2025/02/12 09:59:18	"GET /uv2582fip2582inf210/web_architecture_home.html HTTP/1.1"
2524	2025/02/12 09:59:30	"GET /uv2582fip2582inf210/practice_xml.html HTTP/1.1"
2524	2025/02/12 09:59:41	"GET /uv2582fip2582inf210/images/prerequisite_archiweb/prerequisite_archiweb_2025.html HTTP/1.1"
2524	2025/02/12 09:59:56	"GET /uv2582fip2582inf210/lecture_validity.html HTTP/1.1"
2524	2025/02/12 10:00:03	"GET /uv2582fip2582inf210/lecture_xml.html HTTP/1.1"
252	2025/02/12 10:01:13	"GET /uv2582fip2582inf210/lecture_relational_model.html HTTP/1.1"
2510	2025/02/12 10:01:16	"GET /uv2582fip2582inf210/index.html HTTP/1.1"
252	2025/02/12 10:01:18	"GET /uv2582fip2582inf210/lecture_db_integrity.html HTTP/1.1"
252	2025/02/12 10:01:24	"GET /uv2582fip2582inf210/lecture_relational_algebra.html HTTP/1.1"
2510	2025/02/12 10:01:25	"GET /uv2582fip2582inf210/technical_environment_home.html HTTP/1.1"
252	2025/02/12 10:01:26	"GET /uv2582fip2582inf210/activity_relational_model.html HTTP/1.1"
2510	2025/02/12 10:01:31	"GET /uv2582fip2582inf210/documentation_programming.html HTTP/1.1"
2510	2025/02/12 10:01:36	"GET /uv2582fip2582inf210/practice_spring.html HTTP/1.1"
2523	2025/02/12 10:03:50	"GET /uv2582fip2582inf210/web_architecture_home.html HTTP/1.1"
2523	2025/02/12 10:03:51	"GET /uv2582fip2582inf210/web_architecture_home.html HTTP/1.1"
2518	2025/02/12 10:05:02	"GET /uv2582fip2582inf210/web_architecture_home.html HTTP/1.1"
2518	2025/02/12 10:05:05	"GET /uv2582fip2582inf210/images/prerequisite_archiweb/prerequisite_archiweb_2025.html HTTP/1.1"
2523	2025/02/12 10:05:50	"GET /uv2582fip2582inf210/lecture_mvc_spring.html HTTP/1.1"
2523	2025/02/12 10:05:50	"GET /uv2582fip2582inf210/lecture_mvc_spring.html HTTP/1.1"
2533	2025/02/12 10:06:13	"GET /uv2582fip2582inf210/lecture_software_architecture.html HTTP/1.1"
2514	2025/02/12 10:06:18	"GET /uv2582fip2582inf210/lecture_software_architecture.html HTTP/1.1"
258	2025/02/12 10:08:40	"GET /uv2582fip2582inf210/practice_sql.html HTTP/1.1"
2516	2025/02/12 10:11:26	"GET /uv2582fip2582inf210/lecture_mvc_spring.html HTTP/1.1"
2545	2025/02/12 10:12:14	"GET /uv2582fip2582inf210/project_home.html HTTP/1.1"
2529	2025/02/12 10:14:14	"GET /uv2582fip2582inf210/lecture_jpa.html HTTP/1.1"
2514	2025/02/12 10:16:10	"GET /uv2582fip2582inf210/lecture_dto.html HTTP/1.1"
2544	2025/02/12 10:16:46	"GET /uv2582fip2582inf210/lecture_mvc_spring.html HTTP/1.1"
2545	2025/02/12 10:17:11	"GET /uv2582fip2582inf210/lecture_technical_architecture.html HTTP/1.1"
252	2025/02/12 10:17:58	"GET /uv2582fip2582inf210/practice_jpa.html HTTP/1.1"
2545	2025/02/12 10:18:32	"GET /uv2582fip2582inf210/lecture_software_architecture.html HTTP/1.1"
2545	2025/02/12 10:18:38	"GET /uv2582fip2582inf210/lecture_dto.html HTTP/1.1"
257	2025/02/12 10:18:47	"GET /uv2582fip2582inf210/practice_jpa.html HTTP/1.1"
2545	2025/02/12 10:18:51	"GET /uv2582fip2582inf210/lecture_mvc_spring.html HTTP/1.1"
2545	2025/02/12 10:19:02	"GET /uv2582fip2582inf210/lecture_jpa.html HTTP/1.1"
2514	2025/02/12 10:21:36	"GET /uv2582fip2582inf210/lecture_mvc_spring.html HTTP/1.1"
2544	2025/02/12 10:22:41	"GET /uv2582fip2582inf210/practice_spring_2tiers.html HTTP/1.1"
2544	2025/02/12 10:23:13	"GET /uv2582fip2582inf210/lecture_jpa.html HTTP/1.1"
252	2025/02/12 10:24:32	"GET /uv2582fip2582inf210/lecture_jpa.html HTTP/1.1"
252	2025/02/12 10:24:32	"GET /uv2582fip2582inf210/PresentationUVINF210/pres.html HTTP/1.1"
2530	2025/02/12 10:25:31	"GET /uv2582fip2582inf210/practice_jpa_advanced.html HTTP/1.1"
259	2025/02/12 10:26:26	"GET /uv2582fip2582inf210/lecture_mvc_spring.html HTTP/1.1"
252	2025/02/12 10:28:24	"GET /uv2582fip2582inf210/practice_jpa_advanced.html HTTP/1.1"
252	2025/02/12 10:28:26	"GET /uv2582fip2582inf210/practice_spring_2tiers.html HTTP/1.1"
252	2025/02/12 10:28:38	"GET /uv2582fip2582inf210/lecture_xml.html HTTP/1.1"
2546	2025/02/12 10:30:39	"GET /uv2582fip2582inf210/practice_jpa_advanced.html HTTP/1.1"
2546	2025/02/12 10:30:58	"GET /uv2582fip2582inf210/practice_spring_2tiers.html HTTP/1.1"
258	2025/02/12 10:31:10	"GET /uv2582fip2582inf210/lecture_transaction.html HTTP/1.1"
2514	2025/02/12 10:32:14	"GET /uv2582fip2582inf210/index.html HTTP/1.1"
2512	2025/02/12 10:32:15	"GET /uv2582fip2582inf210/practice_sql_correction.html HTTP/1.1"
2546	2025/02/12 10:32:26	"GET /uv2582fip2582inf210/practice_spring_2tiers_ext.html HTTP/1.1"
2521	2025/02/12 10:33:07	"GET /uv2582fip2582inf210/activity_sql.html HTTP/1.1"
2514	2025/02/12 10:34:45	"GET /uv2582fip2582inf210/lecture_jpa.html HTTP/1.1"
2514	2025/02/12 10:35:03	"GET /uv2582fip2582inf210/practice_jpa.html HTTP/1.1"
2514	2025/02/12 10:35:14	"GET /uv2582fip2582inf210/practice_jpa_advanced.html HTTP/1.1"
2514	2025/02/12 10:35:21	"GET /uv2582fip2582inf210/practice_spring_2tiers.html HTTP/1.1"
2523	2025/02/12 10:35:34	"GET /uv2582fip2582inf210/lecture_jpa.html HTTP/1.1"
2523	2025/02/12 10:35:35	"GET /uv2582fip2582inf210/lecture_jpa.html HTTP/1.1"
2514	2025/02/12 10:35:35	"GET /uv2582fip2582inf210/lecture_xml.html HTTP/1.1"
2514	2025/02/12 10:35:47	"GET /uv2582fip2582inf210/lecture_json.html HTTP/1.1"
2514	2025/02/12 10:36:18	"GET /uv2582fip2582inf210/practice_json.html HTTP/1.1"
2512	2025/02/12 10:36:52	"GET /uv2582fip2582inf210/practice_sql.html HTTP/1.1"
253	2025/02/12 10:38:31	"GET /uv2582fip2582inf210/data_home.html HTTP/1.1"
253	2025/02/12 10:38:42	"GET /uv2582fip2582inf210/lecture_transaction.html HTTP/1.1"
2544	2025/02/12 10:39:48	"GET /uv2582fip2582inf210/web_architecture_home.html HTTP/1.1"
2554	2025/02/12 10:41:39	"GET /uv2582fip2582inf210/lecture_jpa.html HTTP/1.1"
2533	2025/02/12 10:46:12	"GET /uv2582fip2582inf210/lecture_dto.html HTTP/1.1"
258	2025/02/12 11:02:55	"GET /uv2582fip2582inf210/practice_transaction.html HTTP/1.1"
258	2025/02/12 11:10:33	"GET /uv2582fip2582inf210/lecture_conceptual_modeling.html HTTP/1.1"
2518	2025/02/12 11:11:00	"GET /uv2582fip2582inf210/lecture_jpa.html HTTP/1.1"
2521	2025/02/12 11:14:10	"GET /uv2582fip2582inf210/activity_sql_correction.html HTTP/1.1"
2525	2025/02/12 11:15:39	"GET /uv2582fip2582inf210/practice_jpa.html HTTP/1.1"
2547	2025/02/12 11:16:32	"GET /uv2582fip2582inf210/data_home.html HTTP/1.1"
259	2025/02/12 11:17:47	"GET /uv2582fip2582inf210/web_architecture_home.html HTTP/1.1"
2553	2025/02/12 11:20:13	"GET /uv2582fip2582inf210/lecture_technical_architecture.html HTTP/1.1"
2553	2025/02/12 11:20:31	"GET /uv2582fip2582inf210/lecture_jpa.html HTTP/1.1"
2551	2025/02/12 11:21:17	"GET /uv2582fip2582inf210/practice_transaction_correction.html HTTP/1.1"
2529	2025/02/12 11:23:14	"GET /uv2582fip2582inf210/practice_spring_2tiers.html HTTP/1.1"
2529	2025/02/12 11:23:27	"GET /uv2582fip2582inf210/practice_jpa.html HTTP/1.1"
2570	2025/02/12 11:24:02	"GET /uv2582fip2582inf210/technical_environment_home.html HTTP/1.1"
2570	2025/02/12 11:24:08	"GET /uv2582fip2582inf210/web_architecture_home.html HTTP/1.1"
2570	2025/02/12 11:24:18	"GET /uv2582fip2582inf210/data_home.html HTTP/1.1"
256	2025/02/12 11:25:52	"GET /uv2582fip2582inf210/lecture_jpa.html HTTP/1.1"
258	2025/02/12 11:26:52	"GET /uv2582fip2582inf210/activity_conceptual_modeling.html HTTP/1.1"
2540	2025/02/12 11:26:59	"GET /uv2582fip2582inf210/lecture_jpa.html HTTP/1.1"
2526	2025/02/12 11:28:31	"GET /uv2582fip2582inf210/practice_jpa_advanced.html HTTP/1.1"
2528	2025/02/12 11:29:07	"GET /uv2582fip2582inf210/practice_jpa_advanced.html HTTP/1.1"
258	2025/02/12 11:30:47	"GET /uv2582fip2582inf210/lecture_normalization.html HTTP/1.1"
259	2025/02/12 11:31:35	"GET /uv2582fip2582inf210/lecture_jpa.html HTTP/1.1"
259	2025/02/12 11:32:06	"GET /uv2582fip2582inf210/practice_spring_2tiers.html HTTP/1.1"
253	2025/02/12 11:33:08	"GET /uv2582fip2582inf210/practice_transaction.html HTTP/1.1"
2533	2025/02/12 11:34:31	"GET /uv2582fip2582inf210/lecture_mvc_spring.html HTTP/1.1"
2533	2025/02/12 11:34:51	"GET /uv2582fip2582inf210/practice_spring.html HTTP/1.1"
2533	2025/02/12 11:38:26	"GET /uv2582fip2582inf210/documentation_docker.html HTTP/1.1"
2533	2025/02/12 11:38:43	"GET /uv2582fip2582inf210/practice_docker.html HTTP/1.1"
2533	2025/02/12 11:41:46	"GET /uv2582fip2582inf210/images/prerequisite_techenv/prerequisite_techenv_2025.html HTTP/1.1"
255	2025/02/12 11:47:07	"GET /uv2582fip2582inf210/lecture_jpa.html HTTP/1.1"
255	2025/02/12 11:47:09	"GET /uv2582fip2582inf210/lecture_mvc_spring.html HTTP/1.1"
2554	2025/02/12 11:47:44	"GET /uv2582fip2582inf210/practice_jpa.html HTTP/1.1"
258	2025/02/12 11:48:48	"GET /uv2582fip2582inf210/activity_decomposition.html HTTP/1.1"
2542	2025/02/12 11:49:37	"GET /uv2582fip2582inf210/practice_jpa_advanced.html HTTP/1.1"
2550	2025/02/12 11:51:57	"GET /uv2582fip2582inf210/activity_normalization.html HTTP/1.1"
2529	2025/02/12 11:53:43	"GET /uv2582fip2582inf210/lecture_mvc_spring.html HTTP/1.1"
2511	2025/02/12 11:54:08	"GET /uv2582fip2582inf210/index.html HTTP/1.1"
258	2025/02/12 11:56:50	"GET /uv2582fip2582inf210/index.html HTTP/1.1"
2553	2025/02/12 11:56:55	"GET /uv2582fip2582inf210/practice_jpa.html HTTP/1.1"
258	2025/02/12 11:56:55	"GET /uv2582fip2582inf210/lecture_technical_architecture.html HTTP/1.1"
258	2025/02/12 11:56:59	"GET /uv2582fip2582inf210/lecture_software_architecture.html HTTP/1.1"
258	2025/02/12 11:57:05	"GET /uv2582fip2582inf210/lecture_dto.html HTTP/1.1"
2517	2025/02/12 11:57:25	"GET /uv2582fip2582inf210/data_home.html HTTP/1.1"
2550	2025/02/12 11:57:27	"GET /uv2582fip2582inf210/activity_conceptual_modeling_advanced.html HTTP/1.1"
2523	2025/02/12 11:57:44	"GET /uv2582fip2582inf210/index.html HTTP/1.1"
2523	2025/02/12 11:57:45	"GET /uv2582fip2582inf210/index.html HTTP/1.1"
2523	2025/02/12 11:57:47	"GET /uv2582fip2582inf210/technical_environment_home.html HTTP/1.1"
2523	2025/02/12 11:57:47	"GET /uv2582fip2582inf210/technical_environment_home.html HTTP/1.1"
2523	2025/02/12 11:57:54	"GET /uv2582fip2582inf210/practice_docker.html HTTP/1.1"
2523	2025/02/12 11:57:54	"GET /uv2582fip2582inf210/practice_docker.html HTTP/1.1"
2523	2025/02/12 11:58:03	"GET /uv2582fip2582inf210/practice_docker_advanced.html HTTP/1.1"
2523	2025/02/12 11:58:03	"GET /uv2582fip2582inf210/practice_docker_advanced.html HTTP/1.1"
2523	2025/02/12 11:58:13	"GET /uv2582fip2582inf210/documentation_docker.html HTTP/1.1"
2523	2025/02/12 11:58:14	"GET /uv2582fip2582inf210/documentation_docker.html HTTP/1.1"
2523	2025/02/12 11:58:20	"GET /uv2582fip2582inf210/practice_postgresql.html HTTP/1.1"
2523	2025/02/12 11:58:20	"GET /uv2582fip2582inf210/practice_postgresql.html HTTP/1.1"
258	2025/02/12 11:58:25	"GET /uv2582fip2582inf210/lecture_mvc_spring.html HTTP/1.1"
2517	2025/02/12 12:00:38	"GET /uv2582fip2582inf210/lecture_relational_model.html HTTP/1.1"
2529	2025/02/12 12:00:43	"GET /uv2582fip2582inf210/practice_jpa_advanced.html HTTP/1.1"
2520	2025/02/12 12:02:47	"GET /uv2582fip2582inf210/practice_jpa_advanced.html HTTP/1.1"
2520	2025/02/12 12:02:56	"GET /uv2582fip2582inf210/practice_spring_2tiers.html HTTP/1.1"
258	2025/02/12 12:03:04	"GET /uv2582fip2582inf210/lecture_jpa.html HTTP/1.1"
2550	2025/02/12 12:04:54	"GET /uv2582fip2582inf210/activity_normalization_correction.html HTTP/1.1"
2517	2025/02/12 12:06:37	"GET /uv2582fip2582inf210/lecture_db_integrity.html HTTP/1.1"
2539	2025/02/12 12:06:52	"GET /uv2582fip2582inf210/practice_jpa_advanced.html HTTP/1.1"
2521	2025/02/12 12:09:56	"GET /uv2582fip2582inf210/practice_sql.html HTTP/1.1"
2512	2025/02/12 12:10:03	"GET /uv2582fip2582inf210/practice_sql.html HTTP/1.1"
2530	2025/02/12 12:10:40	"GET /uv2582fip2582inf210/practice_spring_2tiers.html HTTP/1.1"
2542	2025/02/12 12:10:40	"GET /uv2582fip2582inf210/practice_spring_2tiers.html HTTP/1.1"
2534	2025/02/12 12:10:45	"GET /uv2582fip2582inf210/data_home.html HTTP/1.1"
2534	2025/02/12 12:10:50	"GET /uv2582fip2582inf210/index.html HTTP/1.1"
2547	2025/02/12 12:11:44	"GET /uv2582fip2582inf210/lecture_jpa.html HTTP/1.1"
2534	2025/02/12 12:12:00	"GET /uv2582fip2582inf210/activity_normalization.html HTTP/1.1"
2534	2025/02/12 12:12:05	"GET /uv2582fip2582inf210/activity_decomposition.html HTTP/1.1"
259	2025/02/12 12:12:20	"GET /uv2582fip2582inf210/practice_spring_2tiers.html HTTP/1.1"
2533	2025/02/12 12:14:40	"GET /uv2582fip2582inf210/data_home.html HTTP/1.1"
2533	2025/02/12 12:14:45	"GET /uv2582fip2582inf210/images/prerequisite_data/prerequisite_data_2025.html HTTP/1.1"
2533	2025/02/12 12:26:00	"GET /uv2582fip2582inf210/technical_environment_home.html HTTP/1.1"
2534	2025/02/12 12:27:41	"GET /uv2582fip2582inf210/activity_decomposition_correction.html HTTP/1.1"
2533	2025/02/12 12:27:48	"GET /uv2582fip2582inf210/index.html HTTP/1.1"
2533	2025/02/12 12:27:48	"GET /uv2582fip2582inf210/index.html HTTP/1.1"
2533	2025/02/12 12:27:50	"GET /uv2582fip2582inf210/data_home.html HTTP/1.1"
2533	2025/02/12 12:28:36	"GET /uv2582fip2582inf210/images/prerequisite_data/prerequisite_data_2025.html HTTP/1.1"
2533	2025/02/12 12:29:44	"GET /uv2582fip2582inf210/images/prerequisite_data/prerequisite_data_2025.html HTTP/1.1"
2533	2025/02/12 12:29:51	"GET /uv2582fip2582inf210/web_architecture_home.html HTTP/1.1"
2533	2025/02/12 12:30:38	"GET /uv2582fip2582inf210/images/prerequisite_archiweb/prerequisite_archiweb_2025.html HTTP/1.1"
2534	2025/02/12 12:33:30	"GET /uv2582fip2582inf210/lecture_independence_views.html HTTP/1.1"
2533	2025/02/12 12:42:13	"GET /uv2582fip2582inf210/index.html HTTP/1.1"
2533	2025/02/12 12:42:15	"GET /uv2582fip2582inf210/technical_environment_home.html HTTP/1.1"
2533	2025/02/12 12:45:50	"GET /uv2582fip2582inf210/practice_jpa.html HTTP/1.1"
2534	2025/02/12 13:30:04	"GET /uv2582fip2582inf210/practice_independence_views.html HTTP/1.1"
2534	2025/02/12 13:42:03	"GET /uv2582fip2582inf210/practice_independence_views_correction.html HTTP/1.1"
2534	2025/02/12 13:46:36	"GET /uv2582fip2582inf210/activity_sql.html HTTP/1.1"
2534	2025/02/12 13:51:22	"GET /uv2582fip2582inf210/activity_sql_correction.html HTTP/1.1"
2545	2025/02/12 13:56:02	"GET /uv2582fip2582inf210/practice_jpa.html HTTP/1.1"
2515	2025/02/12 14:07:38	"GET /uv2582fip2582inf210/index.html HTTP/1.1"
2515	2025/02/12 14:07:42	"GET /uv2582fip2582inf210/web_architecture_home.html HTTP/1.1"
2515	2025/02/12 14:07:46	"GET /uv2582fip2582inf210/practice_xml.html HTTP/1.1"
2515	2025/02/12 14:07:48	"GET /uv2582fip2582inf210/lecture_xml.html HTTP/1.1"
2527	2025/02/12 14:07:53	"GET /uv2582fip2582inf210/lecture_mvc_spring.html HTTP/1.1"
2527	2025/02/12 14:07:59	"GET /uv2582fip2582inf210/practice_spring_2tiers.html HTTP/1.1"
2553	2025/02/12 14:10:45	"GET /uv2582fip2582inf210/practice_jpa_advanced.html HTTP/1.1"
255	2025/02/12 14:15:18	"GET /uv2582fip2582inf210/lecture_normalization.html HTTP/1.1"
255	2025/02/12 14:15:42	"GET /uv2582fip2582inf210/practice_jpa.html HTTP/1.1"
2512	2025/02/12 14:16:36	"GET /uv2582fip2582inf210/lecture_transaction.html HTTP/1.1"
2521	2025/02/12 14:17:18	"GET /uv2582fip2582inf210/practice_sql_correction.html HTTP/1.1"
2518	2025/02/12 14:19:21	"GET /uv2582fip2582inf210/practice_jpa.html HTTP/1.1"
2513	2025/02/12 14:20:16	"GET /uv2582fip2582inf210/data_home.html HTTP/1.1"
2513	2025/02/12 14:20:18	"GET /uv2582fip2582inf210/images/prerequisite_data/prerequisite_data_2025.html HTTP/1.1"
2513	2025/02/12 14:20:21	"GET /uv2582fip2582inf210/practice_transaction.html HTTP/1.1"
253	2025/02/12 14:20:52	"GET /uv2582fip2582inf210/lecture_indexation.html HTTP/1.1"
2512	2025/02/12 14:21:53	"GET /uv2582fip2582inf210/practice_transaction.html HTTP/1.1"
2510	2025/02/12 14:22:03	"GET /uv2582fip2582inf210/practice_spring_2tiers.html HTTP/1.1"
2540	2025/02/12 14:23:01	"GET /uv2582fip2582inf210/index.html HTTP/1.1"
2512	2025/02/12 14:23:21	"GET /uv2582fip2582inf210/practice_jpa.html HTTP/1.1"
2511	2025/02/12 14:23:26	"GET /uv2582fip2582inf210/practice_jpa_advanced.html HTTP/1.1"
2551	2025/02/12 14:23:30	"GET /uv2582fip2582inf210/lecture_jpa.html HTTP/1.1"
2551	2025/02/12 14:23:33	"GET /uv2582fip2582inf210/practice_jpa.html HTTP/1.1"
2550	2025/02/12 14:23:46	"GET /uv2582fip2582inf210/lecture_jpa.html HTTP/1.1"
2517	2025/02/12 14:26:54	"GET /uv2582fip2582inf210/activity_relational_model.html HTTP/1.1"
2513	2025/02/12 14:28:21	"GET /uv2582fip2582inf210/practice_transaction_correction.html HTTP/1.1"
2551	2025/02/12 14:30:13	"GET /uv2582fip2582inf210/practice_transaction.html HTTP/1.1"
2549	2025/02/12 14:36:57	"GET /uv2582fip2582inf210/practice_jpa_advanced.html HTTP/1.1"
2523	2025/02/12 14:37:15	"GET /uv2582fip2582inf210/practice_jpa.html HTTP/1.1"
2523	2025/02/12 14:37:15	"GET /uv2582fip2582inf210/practice_jpa.html HTTP/1.1"
2550	2025/02/12 14:41:29	"GET /uv2582fip2582inf210/lecture_mvc_spring.html HTTP/1.1"
2515	2025/02/12 14:41:40	"GET /uv2582fip2582inf210/lecture_validity.html HTTP/1.1"
257	2025/02/12 14:46:38	"GET /uv2582fip2582inf210/practice_jpa_advanced.html HTTP/1.1"
2517	2025/02/12 14:50:06	"GET /uv2582fip2582inf210/activity_relational_model_correction.html HTTP/1.1"
2542	2025/02/12 14:51:15	"GET /uv2582fip2582inf210/technical_environment_home.html HTTP/1.1"
2542	2025/02/12 14:51:20	"GET /uv2582fip2582inf210/inversion_of_control.html HTTP/1.1"
258	2025/02/12 14:51:55	"GET /uv2582fip2582inf210/practice_jpa.html HTTP/1.1"
2517	2025/02/12 14:52:05	"GET /uv2582fip2582inf210/data_home.html HTTP/1.1"
2517	2025/02/12 14:52:20	"GET /uv2582fip2582inf210/lecture_modeling_normalization.html HTTP/1.1"
257	2025/02/12 14:55:55	"GET /uv2582fip2582inf210/practice_jpa_advanced.html HTTP/1.1"
258	2025/02/12 14:57:18	"GET /uv2582fip2582inf210/practice_jpa_advanced.html HTTP/1.1"
258	2025/02/12 14:58:43	"GET /uv2582fip2582inf210/practice_spring_2tiers.html HTTP/1.1"
2550	2025/02/12 14:59:54	"GET /uv2582fip2582inf210/activity_decomposition.html HTTP/1.1"
2517	2025/02/12 15:00:05	"GET /uv2582fip2582inf210/lecture_conceptual_modeling.html HTTP/1.1"
2521	2025/02/12 15:00:44	"GET /uv2582fip2582inf210/web_architecture_home.html HTTP/1.1"
2521	2025/02/12 15:00:47	"GET /uv2582fip2582inf210/images/prerequisite_archiweb/prerequisite_archiweb_2025.html HTTP/1.1"
2550	2025/02/12 15:00:56	"GET /uv2582fip2582inf210/activity_sql.html HTTP/1.1"
2515	2025/02/12 15:03:37	"GET /uv2582fip2582inf210/lecture_xpath.html HTTP/1.1"
2521	2025/02/12 15:05:35	"GET /uv2582fip2582inf210/lecture_technical_architecture.html HTTP/1.1"
2546	2025/02/12 15:05:56	"GET /uv2582fip2582inf210/practice_jpa.html HTTP/1.1"
2526	2025/02/12 15:07:01	"GET /uv2582fip2582inf210/practice_spring_2tiers.html HTTP/1.1"
2526	2025/02/12 15:07:24	"GET /uv2582fip2582inf210/project_home.html HTTP/1.1"
2526	2025/02/12 15:07:28	"GET /uv2582fip2582inf210/index.html HTTP/1.1"
2516	2025/02/12 15:10:25	"GET /uv2582fip2582inf210/practice_jpa_advanced.html HTTP/1.1"
259	2025/02/12 15:11:07	"GET /uv2582fip2582inf210/lecture_jpa.html HTTP/1.1"
259	2025/02/12 15:11:23	"GET /uv2582fip2582inf210/web_architecture_home.html HTTP/1.1"
259	2025/02/12 15:11:32	"GET /uv2582fip2582inf210/practice_xml.html HTTP/1.1"
259	2025/02/12 15:11:36	"GET /uv2582fip2582inf210/practice_xml.html HTTP/1.1"
259	2025/02/12 15:11:44	"GET /uv2582fip2582inf210/lecture_xml.html HTTP/1.1"
259	2025/02/12 15:11:46	"GET /uv2582fip2582inf210/lecture_dto.html HTTP/1.1"
259	2025/02/12 15:11:46	"GET /uv2582fip2582inf210/lecture_software_architecture.html HTTP/1.1"
259	2025/02/12 15:11:47	"GET /uv2582fip2582inf210/lecture_technical_architecture.html HTTP/1.1"
2550	2025/02/12 15:11:48	"GET /uv2582fip2582inf210/activity_sql_correction.html HTTP/1.1"
2515	2025/02/12 15:11:53	"GET /uv2582fip2582inf210/lecture_json.html HTTP/1.1"
2516	2025/02/12 15:11:55	"GET /uv2582fip2582inf210/practice_spring_2tiers.html HTTP/1.1"
2539	2025/02/12 15:12:05	"GET /uv2582fip2582inf210/practice_spring_2tiers.html HTTP/1.1"
2516	2025/02/12 15:12:49	"GET /uv2582fip2582inf210/practice_spring_2tiers_ext.html HTTP/1.1"
2528	2025/02/12 15:15:27	"GET /uv2582fip2582inf210/lecture_xml.html HTTP/1.1"
2528	2025/02/12 15:15:38	"GET /uv2582fip2582inf210/practice_spring_2tiers.html HTTP/1.1"
2526	2025/02/12 15:15:41	"GET /uv2582fip2582inf210/practice_spring_2tiers_ext.html HTTP/1.1"
2531	2025/02/12 16:39:34	"GET /uv2582fip2582inf210/lecture_mvc_spring.html HTTP/1.1"
252	2025/02/12 21:15:37	"GET /uv2582fip2582inf210/lecture_jpa.html HTTP/1.1"
2535	2025/02/12 21:42:41	"GET /uv2582fip2582inf210/technical_environment_home.html HTTP/1.1"
2535	2025/02/12 21:42:51	"GET /uv2582fip2582inf210/documentation_docker.html HTTP/1.1"
2535	2025/02/12 21:43:01	"GET /uv2582fip2582inf210/practice_docker.html HTTP/1.1"
2535	2025/02/12 21:43:15	"GET /uv2582fip2582inf210/practice_postgresql.html HTTP/1.1"
2535	2025/02/12 21:43:18	"GET /uv2582fip2582inf210/index.html HTTP/1.1"
2535	2025/02/12 21:43:21	"GET /uv2582fip2582inf210/web_architecture_home.html HTTP/1.1"
2535	2025/02/12 21:43:34	"GET /uv2582fip2582inf210/data_home.html HTTP/1.1"
2535	2025/02/12 21:43:42	"GET /uv2582fip2582inf210/lecture_relational_model.html HTTP/1.1"
2535	2025/02/12 21:44:31	"GET /uv2582fip2582inf210/activity_relational_model.html HTTP/1.1"
2535	2025/02/12 21:45:29	"GET /uv2582fip2582inf210/lecture_db_integrity.html HTTP/1.1"
2535	2025/02/12 21:49:21	"GET /uv2582fip2582inf210/lecture_modeling_normalization.html HTTP/1.1"
2535	2025/02/12 21:50:52	"GET /uv2582fip2582inf210/lecture_conceptual_modeling.html HTTP/1.1"
2535	2025/02/12 21:53:21	"GET /uv2582fip2582inf210/activity_conceptual_modeling.html HTTP/1.1"
2535	2025/02/12 21:54:21	"GET /uv2582fip2582inf210/lecture_normalization.html HTTP/1.1"
2535	2025/02/12 21:57:10	"GET /uv2582fip2582inf210/activity_normalization.html HTTP/1.1"
2535	2025/02/12 21:59:14	"GET /uv2582fip2582inf210/activity_decomposition.html HTTP/1.1"
252	2025/02/12 22:04:24	"GET /uv2582fip2582inf210/practice_jpa_advanced.html HTTP/1.1"
252	2025/02/12 22:04:47	"GET /uv2582fip2582inf210/practice_spring_2tiers.html HTTP/1.1"
252	2025/02/12 22:05:10	"GET /uv2582fip2582inf210/practice_spring_2tiers_ext.html HTTP/1.1"
252	2025/02/12 22:05:47	"GET /uv2582fip2582inf210/lecture_xml.html HTTP/1.1"
252	2025/02/12 22:06:24	"GET /uv2582fip2582inf210/lecture_validity.html HTTP/1.1"
252	2025/02/12 22:06:31	"GET /uv2582fip2582inf210/lecture_xpath.html HTTP/1.1"
252	2025/02/12 22:06:39	"GET /uv2582fip2582inf210/lecture_parser.html HTTP/1.1"
252	2025/02/12 22:06:50	"GET /uv2582fip2582inf210/lecture_jaxb.html HTTP/1.1"
252	2025/02/12 22:07:05	"GET /uv2582fip2582inf210/practice_xml.html HTTP/1.1"
252	2025/02/12 22:07:15	"GET /uv2582fip2582inf210/practice_schema_xml.html HTTP/1.1"
252	2025/02/12 22:07:20	"GET /uv2582fip2582inf210/practice_xpath.html HTTP/1.1"
252	2025/02/12 22:07:24	"GET /uv2582fip2582inf210/practice_apis.html HTTP/1.1"
252	2025/02/12 22:07:28	"GET /uv2582fip2582inf210/lecture_json.html HTTP/1.1"
252	2025/02/12 22:07:33	"GET /uv2582fip2582inf210/practice_json.html HTTP/1.1"
252	2025/02/12 22:07:36	"GET /uv2582fip2582inf210/index.html HTTP/1.1"
252	2025/02/12 22:07:40	"GET /uv2582fip2582inf210/data_home.html HTTP/1.1"
252	2025/02/12 22:07:53	"GET /uv2582fip2582inf210/lecture_relational_model.html HTTP/1.1"
252	2025/02/12 22:08:10	"GET /uv2582fip2582inf210/lecture_modeling_normalization.html HTTP/1.1"
252	2025/02/12 22:08:23	"GET /uv2582fip2582inf210/lecture_conceptual_modeling.html HTTP/1.1"
252	2025/02/12 22:08:35	"GET /uv2582fip2582inf210/activity_conceptual_modeling.html HTTP/1.1"
252	2025/02/12 22:08:38	"GET /uv2582fip2582inf210/activity_conceptual_modeling_advanced.html HTTP/1.1"
252	2025/02/12 22:08:46	"GET /uv2582fip2582inf210/lecture_normalization.html HTTP/1.1"
252	2025/02/12 22:08:50	"GET /uv2582fip2582inf210/activity_normalization.html HTTP/1.1"
252	2025/02/12 22:09:03	"GET /uv2582fip2582inf210/practice_sql.html HTTP/1.1"
2562	2025/03/11 01:06:23	"GET /uv2582fip2582inf210/project_part2.html HTTP/1.1"
2562	2025/03/11 01:46:17	"GET /uv2582fip2582inf210/project_specifications.html HTTP/1.1"
2546	2025/03/11 01:51:52	"GET /uv2582fip2582inf210/project_presentation.html HTTP/1.1"
2546	2025/03/11 01:52:05	"GET /uv2582fip2582inf210/project_specifications.html HTTP/1.1"
2563	2025/03/11 07:56:19	"GET /uv2582fip2582inf210/project_presentation.html HTTP/1.1"
2563	2025/03/11 07:56:22	"GET /uv2582fip2582inf210/project_part2.html HTTP/1.1"
2561	2025/03/11 08:01:41	"GET /uv2582fip2582inf210/project_presentation.html HTTP/1.1"
2561	2025/03/11 08:01:44	"GET /uv2582fip2582inf210/project_part2.html HTTP/1.1"
2556	2025/03/11 08:01:59	"GET /uv2582fip2582inf210/web_architecture_home.html HTTP/1.1"
2561	2025/03/11 08:01:59	"GET /uv2582fip2582inf210/index.html HTTP/1.1"
2556	2025/03/11 08:02:11	"GET /uv2582fip2582inf210/project_presentation.html HTTP/1.1"
2570	2025/03/11 08:02:13	"GET /uv2582fip2582inf210/web_architecture_home.html HTTP/1.1"
2570	2025/03/11 08:02:15	"GET /uv2582fip2582inf210/project_presentation.html HTTP/1.1"
2556	2025/03/11 08:02:18	"GET /uv2582fip2582inf210/project_part2.html HTTP/1.1"
2570	2025/03/11 08:02:18	"GET /uv2582fip2582inf210/project_part2.html HTTP/1.1"
2561	2025/03/11 08:02:56	"GET /uv2582fip2582inf210/data_home.html HTTP/1.1"
2561	2025/03/11 08:02:58	"GET /uv2582fip2582inf210/index.html HTTP/1.1"
2561	2025/03/11 08:03:01	"GET /uv2582fip2582inf210/project_presentation.html HTTP/1.1"
2561	2025/03/11 08:03:05	"GET /uv2582fip2582inf210/project_part2.html HTTP/1.1"
2569	2025/03/11 08:03:20	"GET /uv2582fip2582inf210/project_presentation.html HTTP/1.1"
2569	2025/03/11 08:03:27	"GET /uv2582fip2582inf210/project_part2.html HTTP/1.1"
2558	2025/03/11 08:04:44	"GET /uv2582fip2582inf210/project_part2.html HTTP/1.1"
2567	2025/03/11 08:06:28	"GET /uv2582fip2582inf210/project_presentation.html HTTP/1.1"
2572	2025/03/11 08:06:32	"GET /uv2582fip2582inf210/project_presentation.html HTTP/1.1"
2572	2025/03/11 08:06:34	"GET /uv2582fip2582inf210/project_part2.html HTTP/1.1"
2567	2025/03/11 08:07:38	"GET /uv2582fip2582inf210/project_part2.html HTTP/1.1"
2573	2025/03/11 08:09:23	"GET /uv2582fip2582inf210/project_presentation.html HTTP/1.1"
2573	2025/03/11 08:09:42	"GET /uv2582fip2582inf210/project_part2.html HTTP/1.1"
2535	2025/03/11 08:10:26	"GET /uv2582fip2582inf210/project_part1.html HTTP/1.1"
2535	2025/03/11 08:10:54	"GET /uv2582fip2582inf210/project_part2.html HTTP/1.1"
2574	2025/03/11 08:10:55	"GET /uv2582fip2582inf210/project_presentation.html HTTP/1.1"
2564	2025/03/11 08:10:58	"GET /uv2582fip2582inf210/project_presentation.html HTTP/1.1"
2574	2025/03/11 08:10:59	"GET /uv2582fip2582inf210/project_part2.html HTTP/1.1"
2564	2025/03/11 08:11:00	"GET /uv2582fip2582inf210/project_part2.html HTTP/1.1"
2575	2025/03/11 08:12:20	"GET /uv2582fip2582inf210/project_part2.html HTTP/1.1"
2566	2025/03/11 08:12:35	"GET /uv2582fip2582inf210/project_presentation.html HTTP/1.1"
2566	2025/03/11 08:12:47	"GET /uv2582fip2582inf210/project_part2.html HTTP/1.1"
2568	2025/03/11 08:13:15	"GET /uv2582fip2582inf210/technical_environment_home.html HTTP/1.1"
2565	2025/03/11 08:13:17	"GET /uv2582fip2582inf210/project_presentation.html HTTP/1.1"
2568	2025/03/11 08:13:18	"GET /uv2582fip2582inf210/index.html HTTP/1.1"
2565	2025/03/11 08:13:21	"GET /uv2582fip2582inf210/project_part2.html HTTP/1.1"
2568	2025/03/11 08:13:21	"GET /uv2582fip2582inf210/project_presentation.html HTTP/1.1"
2568	2025/03/11 08:13:28	"GET /uv2582fip2582inf210/project_part2.html HTTP/1.1"
2571	2025/03/11 08:14:44	"GET /uv2582fip2582inf210/project_presentation.html HTTP/1.1"
2571	2025/03/11 08:14:53	"GET /uv2582fip2582inf210/project_part2.html HTTP/1.1"
2556	2025/03/11 08:19:52	"GET /uv2582fip2582inf210/technical_environment_home.html HTTP/1.1"
2557	2025/03/11 08:22:42	"GET /uv2582fip2582inf210/project_part2.html HTTP/1.1"
2556	2025/03/11 08:26:46	"GET /uv2582fip2582inf210/practice_docker.html HTTP/1.1"
2561	2025/03/11 08:30:43	"GET /uv2582fip2582inf210/project_presentation.html HTTP/1.1"
2561	2025/03/11 08:30:49	"GET /uv2582fip2582inf210/project_part2.html HTTP/1.1"
2556	2025/03/11 08:40:42	"GET /uv2582fip2582inf210/documentation_docker.html HTTP/1.1"
2556	2025/03/11 08:58:07	"GET /uv2582fip2582inf210/project_part1.html HTTP/1.1"
2556	2025/03/11 08:58:34	"GET /uv2582fip2582inf210/project_specifications.html HTTP/1.1"
2561	2025/03/11 10:21:50	"GET /uv2582fip2582inf210/project_part2.html HTTP/1.1"
2574	2025/03/11 10:28:35	"GET /uv2582fip2582inf210/project_part3.html HTTP/1.1"
2574	2025/03/11 10:29:08	"GET /uv2582fip2582inf210/project_part1.html HTTP/1.1"
2563	2025/03/11 11:17:26	"GET /uv2582fip2582inf210/data_home.html HTTP/1.1"
2563	2025/03/11 11:17:28	"GET /uv2582fip2582inf210/project_presentation.html HTTP/1.1"
2563	2025/03/11 11:17:30	"GET /uv2582fip2582inf210/project_part2.html HTTP/1.1"
2570	2025/03/11 11:44:10	"GET /uv2582fip2582inf210/project_presentation.html HTTP/1.1"
2574	2025/03/11 12:51:06	"GET /uv2582fip2582inf210/data_home.html HTTP/1.1"
2574	2025/03/11 12:51:12	"GET /uv2582fip2582inf210/project_presentation.html HTTP/1.1"
2574	2025/03/11 12:51:16	"GET /uv2582fip2582inf210/project_part2.html HTTP/1.1"
258	2025/03/11 13:04:52	"GET /uv2582fip2582inf210/project_presentation.html HTTP/1.1"
258	2025/03/11 13:04:58	"GET /uv2582fip2582inf210/project_task_time.html HTTP/1.1"
258	2025/03/11 13:04:59	"GET /uv2582fip2582inf210/project_specifications.html HTTP/1.1"
2543	2025/03/11 13:06:25	"GET /uv2582fip2582inf210/project_presentation.html HTTP/1.1"
2543	2025/03/11 13:06:30	"GET /uv2582fip2582inf210/project_part3.html HTTP/1.1"
2543	2025/03/11 13:06:52	"GET /uv2582fip2582inf210/project_specifications.html HTTP/1.1"
2545	2025/03/11 13:09:51	"GET /uv2582fip2582inf210/project_presentation.html HTTP/1.1"
2545	2025/03/11 13:09:55	"GET /uv2582fip2582inf210/project_part2.html HTTP/1.1"
2549	2025/03/11 13:14:21	"GET /uv2582fip2582inf210/project_presentation.html HTTP/1.1"
2549	2025/03/11 13:14:29	"GET /uv2582fip2582inf210/project_specifications.html HTTP/1.1"
2553	2025/03/11 14:07:49	"GET /uv2582fip2582inf210/project_presentation.html HTTP/1.1"
2553	2025/03/11 14:07:51	"GET /uv2582fip2582inf210/project_part2.html HTTP/1.1"
2570	2025/03/11 16:57:35	"GET /uv2582fip2582inf210/project_part2.html HTTP/1.1"
2542	2025/03/11 17:27:49	"GET /uv2582fip2582inf210/web_architecture_home.html HTTP/1.1"
2542	2025/03/11 17:27:57	"GET /uv2582fip2582inf210/practice_jpa.html HTTP/1.1"
2542	2025/03/11 17:30:52	"GET /uv2582fip2582inf210/practice_jpa_advanced.html HTTP/1.1"
2542	2025/03/11 17:53:58	"GET /uv2582fip2582inf210/index.html HTTP/1.1"
2542	2025/03/11 17:54:00	"GET /uv2582fip2582inf210/project_presentation.html HTTP/1.1"
2542	2025/03/11 17:54:04	"GET /uv2582fip2582inf210/project_part2.html HTTP/1.1"
2522	2025/03/11 18:17:53	"GET /uv2582fip2582inf210/project_presentation.html HTTP/1.1"
2522	2025/03/11 18:17:56	"GET /uv2582fip2582inf210/project_specifications.html HTTP/1.1"
2534	2025/03/11 18:22:49	"GET /uv2582fip2582inf210/technical_environment_home.html HTTP/1.1"
2534	2025/03/11 18:22:52	"GET /uv2582fip2582inf210/practice_docker_advanced.html HTTP/1.1"
2534	2025/03/11 18:23:02	"GET /uv2582fip2582inf210/practice_docker.html HTTP/1.1"
2534	2025/03/11 18:23:08	"GET /uv2582fip2582inf210/practice_postgresql.html HTTP/1.1"
2534	2025/03/11 18:24:16	"GET /uv2582fip2582inf210/images/prerequisite_techenv/prerequisite_techenv_2025.html HTTP/1.1"
2567	2025/03/11 18:26:07	"GET /uv2582fip2582inf210/project_presentation.html HTTP/1.1"
2567	2025/03/11 18:26:10	"GET /uv2582fip2582inf210/project_part2.html HTTP/1.1"
2517	2025/03/11 18:30:54	"GET /uv2582fip2582inf210/technical_environment_home.html HTTP/1.1"
2517	2025/03/11 18:30:55	"GET /uv2582fip2582inf210/index.html HTTP/1.1"
2517	2025/03/11 18:30:59	"GET /uv2582fip2582inf210/project_presentation.html HTTP/1.1"
2517	2025/03/11 18:31:01	"GET /uv2582fip2582inf210/project_part2.html HTTP/1.1"
2550	2025/03/11 19:22:15	"GET /uv2582fip2582inf210/project_presentation.html HTTP/1.1"
2550	2025/03/11 19:22:19	"GET /uv2582fip2582inf210/project_part3.html HTTP/1.1"
2550	2025/03/11 19:22:23	"GET /uv2582fip2582inf210/project_structureui.html HTTP/1.1"
2550	2025/03/11 19:22:38	"GET /uv2582fip2582inf210/project_part2.html HTTP/1.1"
2534	2025/03/11 19:29:47	"GET /uv2582fip2582inf210/project_presentation.html HTTP/1.1"
2534	2025/03/11 19:29:55	"GET /uv2582fip2582inf210/project_specifications.html HTTP/1.1"
255	2025/03/11 19:47:28	"GET /uv2582fip2582inf210/index.html HTTP/1.1"
255	2025/03/11 19:47:31	"GET /uv2582fip2582inf210/technical_environment_home.html HTTP/1.1"
255	2025/03/11 19:47:37	"GET /uv2582fip2582inf210/project_presentation.html HTTP/1.1"
255	2025/03/11 19:47:48	"GET /uv2582fip2582inf210/project_specifications.html HTTP/1.1"
2533	2025/03/11 19:59:23	"GET /uv2582fip2582inf210/project_presentation.html HTTP/1.1"
2533	2025/03/11 19:59:25	"GET /uv2582fip2582inf210/project_part3.html HTTP/1.1"
2517	2025/03/11 20:06:19	"GET /uv2582fip2582inf210/project_part3.html HTTP/1.1"
2558	2025/03/11 20:09:37	"GET /uv2582fip2582inf210/technical_environment_home.html HTTP/1.1"
2558	2025/03/11 20:09:39	"GET /uv2582fip2582inf210/index.html HTTP/1.1"
2558	2025/03/11 20:09:41	"GET /uv2582fip2582inf210/project_presentation.html HTTP/1.1"
2558	2025/03/11 20:09:42	"GET /uv2582fip2582inf210/project_part2.html HTTP/1.1"
2515	2025/03/11 20:11:34	"GET /uv2582fip2582inf210/project_presentation.html HTTP/1.1"
2515	2025/03/11 20:11:37	"GET /uv2582fip2582inf210/project_part2.html HTTP/1.1"
2540	2025/03/11 20:15:39	"GET /uv2582fip2582inf210/project_presentation.html HTTP/1.1"
2540	2025/03/11 20:15:41	"GET /uv2582fip2582inf210/project_specifications.html HTTP/1.1"
2515	2025/03/11 20:16:05	"GET /uv2582fip2582inf210/project_part3.html HTTP/1.1"
2516	2025/03/11 20:47:40	"GET /uv2582fip2582inf210/project_presentation.html HTTP/1.1"
2516	2025/03/11 20:47:44	"GET /uv2582fip2582inf210/project_part2.html HTTP/1.1"
2526	2025/03/11 21:12:23	"GET /uv2582fip2582inf210/project_task_time.html HTTP/1.1"
2526	2025/03/11 21:26:20	"GET /uv2582fip2582inf210/project_specifications.html HTTP/1.1"
2519	2025/03/11 21:28:05	"GET /uv2582fip2582inf210/project_presentation.html HTTP/1.1"
2519	2025/03/11 21:28:08	"GET /uv2582fip2582inf210/project_part2.html HTTP/1.1"
2525	2025/03/11 21:55:13	"GET /uv2582fip2582inf210/project_presentation.html HTTP/1.1"
2525	2025/03/11 21:55:16	"GET /uv2582fip2582inf210/project_part2.html HTTP/1.1"
2525	2025/03/11 21:55:18	"GET /uv2582fip2582inf210/project_presentation.html HTTP/1.1"
2525	2025/03/11 21:55:18	"GET /uv2582fip2582inf210/project_part2.html HTTP/1.1"
2519	2025/03/11 22:02:28	"GET /uv2582fip2582inf210/project_part3.html HTTP/1.1"
2524	2025/03/11 22:16:39	"GET /uv2582fip2582inf210/index.html HTTP/1.1"
2524	2025/03/11 22:16:41	"GET /uv2582fip2582inf210/project_presentation.html HTTP/1.1"
2524	2025/03/11 22:16:44	"GET /uv2582fip2582inf210/project_specifications.html HTTP/1.1"
2536	2025/03/04 08:00:38	"GET /uv2582fip2582inf210/data_home.html HTTP/1.1"
2536	2025/03/04 08:00:43	"GET /uv2582fip2582inf210/lecture_normalization.html HTTP/1.1"
2564	2025/03/04 08:09:20	"GET /uv2582fip2582inf210/project_presentation.html HTTP/1.1"
2564	2025/03/04 08:09:35	"GET /uv2582fip2582inf210/practice_transaction.html HTTP/1.1"
2569	2025/03/04 08:10:10	"GET /uv2582fip2582inf210/web_architecture_home.html HTTP/1.1"
2569	2025/03/04 08:10:16	"GET /uv2582fip2582inf210/practice_spring_2tiers.html HTTP/1.1"
2536	2025/03/04 08:10:22	"GET /uv2582fip2582inf210/data_home.html HTTP/1.1"
2536	2025/03/04 08:10:32	"GET /uv2582fip2582inf210/web_architecture_home.html HTTP/1.1"
2536	2025/03/04 08:10:39	"GET /uv2582fip2582inf210/practice_spring_2tiers.html HTTP/1.1"
2562	2025/03/04 08:12:11	"GET /uv2582fip2582inf210/practice_docker.html HTTP/1.1"
2568	2025/03/04 08:13:01	"GET /uv2582fip2582inf210/lecture_conceptual_modeling.html HTTP/1.1"
2569	2025/03/04 08:13:50	"GET /uv2582fip2582inf210/index.html HTTP/1.1"
2569	2025/03/04 08:13:54	"GET /uv2582fip2582inf210/data_home.html HTTP/1.1"
2569	2025/03/04 08:13:57	"GET /uv2582fip2582inf210/lecture_relational_model.html HTTP/1.1"
2569	2025/03/04 08:14:05	"GET /uv2582fip2582inf210/lecture_db_integrity.html HTTP/1.1"
2562	2025/03/04 08:14:09	"GET /uv2582fip2582inf210/index.html HTTP/1.1"
2569	2025/03/04 08:14:12	"GET /uv2582fip2582inf210/activity_relational_model.html HTTP/1.1"
2563	2025/03/04 08:14:15	"GET /uv2582fip2582inf210/web_architecture_home.html HTTP/1.1"
2569	2025/03/04 08:14:18	"GET /uv2582fip2582inf210/lecture_modeling_normalization.html HTTP/1.1"
2563	2025/03/04 08:14:19	"GET /uv2582fip2582inf210/lecture_mvc_spring.html HTTP/1.1"
2569	2025/03/04 08:14:20	"GET /uv2582fip2582inf210/lecture_conceptual_modeling.html HTTP/1.1"
2561	2025/03/04 08:14:23	"GET /uv2582fip2582inf210/data_home.html HTTP/1.1"
2561	2025/03/04 08:14:29	"GET /uv2582fip2582inf210/lecture_conceptual_modeling.html HTTP/1.1"
2563	2025/03/04 08:14:45	"GET /uv2582fip2582inf210/data_home.html HTTP/1.1"
2563	2025/03/04 08:14:48	"GET /uv2582fip2582inf210/lecture_modeling_normalization.html HTTP/1.1"
2563	2025/03/04 08:14:49	"GET /uv2582fip2582inf210/lecture_conceptual_modeling.html HTTP/1.1"
2567	2025/03/04 08:14:52	"GET /uv2582fip2582inf210/technical_environment_home.html HTTP/1.1"
2567	2025/03/04 08:14:59	"GET /uv2582fip2582inf210/index.html HTTP/1.1"
2567	2025/03/04 08:15:10	"GET /uv2582fip2582inf210/data_home.html HTTP/1.1"
2567	2025/03/04 08:15:14	"GET /uv2582fip2582inf210/lecture_conceptual_modeling.html HTTP/1.1"
2568	2025/03/04 08:15:48	"GET /uv2582fip2582inf210/lecture_normalization.html HTTP/1.1"
2568	2025/03/04 08:15:53	"GET /uv2582fip2582inf210/activity_conceptual_modeling.html HTTP/1.1"
2568	2025/03/04 08:15:56	"GET /uv2582fip2582inf210/lecture_conceptual_modeling.html HTTP/1.1"
2565	2025/03/04 08:15:58	"GET /uv2582fip2582inf210/lecture_normalization.html HTTP/1.1"
2562	2025/03/04 08:16:20	"GET /uv2582fip2582inf210/technical_environment_home.html HTTP/1.1"
2572	2025/03/04 08:16:21	"GET /uv2582fip2582inf210/data_home.html HTTP/1.1"
2572	2025/03/04 08:16:30	"GET /uv2582fip2582inf210/web_architecture_home.html HTTP/1.1"
2572	2025/03/04 08:16:33	"GET /uv2582fip2582inf210/practice_jpa_advanced.html HTTP/1.1"
2572	2025/03/04 08:16:43	"GET /uv2582fip2582inf210/practice_spring_2tiers.html HTTP/1.1"
2572	2025/03/04 08:16:58	"GET /uv2582fip2582inf210/practice_jpa.html HTTP/1.1"
2561	2025/03/04 08:17:06	"GET /uv2582fip2582inf210/activity_conceptual_modeling.html HTTP/1.1"
2561	2025/03/04 08:17:10	"GET /uv2582fip2582inf210/activity_conceptual_modeling_correction.html HTTP/1.1"
2562	2025/03/04 08:17:11	"GET /uv2582fip2582inf210/data_home.html HTTP/1.1"
2562	2025/03/04 08:17:57	"GET /uv2582fip2582inf210/lecture_db_integrity.html HTTP/1.1"
2561	2025/03/04 08:18:04	"GET /uv2582fip2582inf210/activity_conceptual_modeling.html HTTP/1.1"
2562	2025/03/04 08:18:04	"GET /uv2582fip2582inf210/activity_relational_model.html HTTP/1.1"
2561	2025/03/04 08:18:07	"GET /uv2582fip2582inf210/lecture_conceptual_modeling.html HTTP/1.1"
2569	2025/03/04 08:18:26	"GET /uv2582fip2582inf210/activity_conceptual_modeling.html HTTP/1.1"
2565	2025/03/04 08:19:35	"GET /uv2582fip2582inf210/lecture_conceptual_modeling.html HTTP/1.1"
2561	2025/03/04 08:21:50	"GET /uv2582fip2582inf210/activity_conceptual_modeling_correction.html HTTP/1.1"
2562	2025/03/04 08:22:07	"GET /uv2582fip2582inf210/lecture_modeling_normalization.html HTTP/1.1"
2562	2025/03/04 08:22:13	"GET /uv2582fip2582inf210/lecture_conceptual_modeling.html HTTP/1.1"
2569	2025/03/04 08:25:30	"GET /uv2582fip2582inf210/activity_conceptual_modeling_correction.html HTTP/1.1"
2562	2025/03/04 08:28:01	"GET /uv2582fip2582inf210/activity_conceptual_modeling.html HTTP/1.1"
2562	2025/03/04 08:28:02	"GET /uv2582fip2582inf210/activity_normalization.html HTTP/1.1"
2571	2025/03/04 08:28:36	"GET /uv2582fip2582inf210/index.html HTTP/1.1"
2571	2025/03/04 08:30:07	"GET /uv2582fip2582inf210/practice_docker_advanced.html HTTP/1.1"
2535	2025/03/04 08:30:17	"GET /uv2582fip2582inf210/practice_spring_2tiers.html HTTP/1.1"
2571	2025/03/04 08:30:18	"GET /uv2582fip2582inf210/documentation_rdbms.html HTTP/1.1"
2535	2025/03/04 08:30:22	"GET /uv2582fip2582inf210/index.html HTTP/1.1"
2535	2025/03/04 08:30:25	"GET /uv2582fip2582inf210/data_home.html HTTP/1.1"
2535	2025/03/04 08:30:40	"GET /uv2582fip2582inf210/activity_conceptual_modeling.html HTTP/1.1"
2535	2025/03/04 08:30:51	"GET /uv2582fip2582inf210/activity_conceptual_modeling_correction.html HTTP/1.1"
2571	2025/03/04 08:31:10	"GET /uv2582fip2582inf210/practice_postgresql.html HTTP/1.1"
2571	2025/03/04 08:31:41	"GET /uv2582fip2582inf210/inversion_of_control.html HTTP/1.1"
2571	2025/03/04 08:32:07	"GET /uv2582fip2582inf210/spring_bean.html HTTP/1.1"
2571	2025/03/04 08:33:09	"GET /uv2582fip2582inf210/lecture_technical_architecture.html HTTP/1.1"
2571	2025/03/04 08:33:27	"GET /uv2582fip2582inf210/lecture_software_architecture.html HTTP/1.1"
2571	2025/03/04 08:33:41	"GET /uv2582fip2582inf210/lecture_dto.html HTTP/1.1"
2571	2025/03/04 08:34:19	"GET /uv2582fip2582inf210/lecture_mvc_spring.html HTTP/1.1"
2571	2025/03/04 08:34:36	"GET /uv2582fip2582inf210/lecture_jpa.html HTTP/1.1"
2571	2025/03/04 08:35:12	"GET /uv2582fip2582inf210/practice_jpa_advanced.html HTTP/1.1"
2570	2025/03/04 08:35:24	"GET /uv2582fip2582inf210/practice_jpa_advanced.html HTTP/1.1"
2571	2025/03/04 08:36:08	"GET /uv2582fip2582inf210/lecture_xml.html HTTP/1.1"
2571	2025/03/04 08:36:51	"GET /uv2582fip2582inf210/practice_xml.html HTTP/1.1"
2571	2025/03/04 08:37:02	"GET /uv2582fip2582inf210/lecture_json.html HTTP/1.1"
2571	2025/03/04 08:37:28	"GET /uv2582fip2582inf210/practice_json.html HTTP/1.1"
2562	2025/03/04 08:37:38	"GET /uv2582fip2582inf210/activity_normalization_correction.html HTTP/1.1"
2570	2025/03/04 08:40:14	"GET /uv2582fip2582inf210/lecture_relational_model.html HTTP/1.1"
2571	2025/03/04 08:41:17	"GET /uv2582fip2582inf210/lecture_relational_model.html HTTP/1.1"
2571	2025/03/04 08:41:27	"GET /uv2582fip2582inf210/lecture_db_integrity.html HTTP/1.1"
2571	2025/03/04 08:41:57	"GET /uv2582fip2582inf210/activity_relational_model.html HTTP/1.1"
2558	2025/03/04 08:42:18	"GET /uv2582fip2582inf210/activity_decomposition.html HTTP/1.1"
2558	2025/03/04 08:42:21	"GET /uv2582fip2582inf210/activity_decomposition_correction.html HTTP/1.1"
2558	2025/03/04 08:42:43	"GET /uv2582fip2582inf210/activity_normalization.html HTTP/1.1"
2571	2025/03/04 08:43:15	"GET /uv2582fip2582inf210/lecture_modeling_normalization.html HTTP/1.1"
2571	2025/03/04 08:43:24	"GET /uv2582fip2582inf210/lecture_conceptual_modeling.html HTTP/1.1"
2571	2025/03/04 08:44:04	"GET /uv2582fip2582inf210/lecture_normalization.html HTTP/1.1"
2571	2025/03/04 08:44:32	"GET /uv2582fip2582inf210/lecture_independence_views.html HTTP/1.1"
2571	2025/03/04 08:44:50	"GET /uv2582fip2582inf210/practice_sql.html HTTP/1.1"
2571	2025/03/04 08:46:21	"GET /uv2582fip2582inf210/lecture_transaction.html HTTP/1.1"
2561	2025/03/04 08:46:27	"GET /uv2582fip2582inf210/lecture_conceptual_modeling.html HTTP/1.1"
2571	2025/03/04 08:47:22	"GET /uv2582fip2582inf210/practice_transaction.html HTTP/1.1"
2562	2025/03/04 08:51:28	"GET /uv2582fip2582inf210/activity_decomposition.html HTTP/1.1"
2564	2025/03/04 08:55:17	"GET /uv2582fip2582inf210/technical_environment_home.html HTTP/1.1"
2575	2025/03/04 09:04:59	"GET /uv2582fip2582inf210/index.html HTTP/1.1"
2575	2025/03/04 09:05:07	"GET /uv2582fip2582inf210/data_home.html HTTP/1.1"
2575	2025/03/04 09:05:17	"GET /uv2582fip2582inf210/lecture_conceptual_modeling.html HTTP/1.1"
2561	2025/03/04 09:09:52	"GET /uv2582fip2582inf210/index.html HTTP/1.1"
2561	2025/03/04 09:09:56	"GET /uv2582fip2582inf210/technical_environment_home.html HTTP/1.1"
2561	2025/03/04 09:10:09	"GET /uv2582fip2582inf210/documentation_docker.html HTTP/1.1"
2561	2025/03/04 09:10:17	"GET /uv2582fip2582inf210/practice_docker.html HTTP/1.1"
2536	2025/03/04 09:31:54	"GET /uv2582fip2582inf210/index.html HTTP/1.1"
2536	2025/03/04 09:31:56	"GET /uv2582fip2582inf210/data_home.html HTTP/1.1"
2536	2025/03/04 09:32:04	"GET /uv2582fip2582inf210/lecture_conceptual_modeling.html HTTP/1.1"
2567	2025/03/04 09:32:18	"GET /uv2582fip2582inf210/activity_conceptual_modeling.html HTTP/1.1"
2569	2025/03/04 09:33:42	"GET /uv2582fip2582inf210/practice_jpa_advanced.html HTTP/1.1"
2569	2025/03/04 09:33:46	"GET /uv2582fip2582inf210/index.html HTTP/1.1"
2515	2025/03/04 09:35:28	"GET /uv2582fip2582inf210/project_part2.html HTTP/1.1"
2570	2025/03/04 09:50:32	"GET /uv2582fip2582inf210/activity_relational_model.html HTTP/1.1"
2569	2025/03/04 09:53:36	"GET /uv2582fip2582inf210/lecture_normalization.html HTTP/1.1"
2536	2025/03/04 09:57:01	"GET /uv2582fip2582inf210/lecture_normalization.html HTTP/1.1"
2548	2025/03/04 10:14:49	"GET /uv2582fip2582inf210/project_part2.html HTTP/1.1"
2552	2025/03/04 10:18:45	"GET /uv2582fip2582inf210/project_presentation.html HTTP/1.1"
2552	2025/03/04 10:18:49	"GET /uv2582fip2582inf210/project_part2.html HTTP/1.1"
2570	2025/03/04 10:28:40	"GET /uv2582fip2582inf210/practice_advanced_sql.html HTTP/1.1"
2570	2025/03/04 10:28:50	"GET /uv2582fip2582inf210/practice_advanced_sql_correction.html HTTP/1.1"
2570	2025/03/04 10:28:55	"GET /uv2582fip2582inf210/practice_sql.html HTTP/1.1"
2570	2025/03/04 10:29:16	"GET /uv2582fip2582inf210/practice_sql_correction.html HTTP/1.1"
2546	2025/03/04 10:34:02	"GET /uv2582fip2582inf210/project_presentation.html HTTP/1.1"
2546	2025/03/04 10:39:44	"GET /uv2582fip2582inf210/project_part2.html HTTP/1.1"
2561	2025/03/04 10:54:04	"GET /uv2582fip2582inf210/index.html HTTP/1.1"
2561	2025/03/04 10:54:07	"GET /uv2582fip2582inf210/web_architecture_home.html HTTP/1.1"
2561	2025/03/04 10:54:10	"GET /uv2582fip2582inf210/practice_spring_2tiers.html HTTP/1.1"
2561	2025/03/04 11:51:14	"GET /uv2582fip2582inf210/index.html HTTP/1.1"
2561	2025/03/04 11:51:17	"GET /uv2582fip2582inf210/web_architecture_home.html HTTP/1.1"
2561	2025/03/04 11:51:25	"GET /uv2582fip2582inf210/practice_spring_2tiers.html HTTP/1.1"
2529	2025/03/04 14:04:04	"GET /uv2582fip2582inf210/index.html HTTP/1.1"
2529	2025/03/04 14:04:06	"GET /uv2582fip2582inf210/project_presentation.html HTTP/1.1"
2529	2025/03/04 14:04:09	"GET /uv2582fip2582inf210/project_part2.html HTTP/1.1"
2529	2025/03/04 14:04:18	"GET /uv2582fip2582inf210/project_part2.html HTTP/1.1"
2511	2025/03/04 14:08:54	"GET /uv2582fip2582inf210/documentation_programming.html HTTP/1.1"
258	2025/03/04 15:15:09	"GET /uv2582fip2582inf210/project_presentation.html HTTP/1.1"
258	2025/03/04 15:15:16	"GET /uv2582fip2582inf210/project_part2.html HTTP/1.1"
258	2025/03/04 15:15:42	"GET /uv2582fip2582inf210/project_evaluation.html HTTP/1.1"
2558	2025/03/04 15:41:57	"GET /uv2582fip2582inf210/practice_postgresql.html HTTP/1.1"
2515	2025/03/04 16:33:00	"GET /uv2582fip2582inf210/index.html HTTP/1.1"
256	2025/03/04 17:18:31	"GET /uv2582fip2582inf210/project_part1.html HTTP/1.1"
256	2025/03/04 17:24:51	"GET /uv2582fip2582inf210/project_part2.html HTTP/1.1"
2517	2025/03/04 18:17:48	"GET /uv2582fip2582inf210/technical_environment_home.html HTTP/1.1"
2517	2025/03/04 18:17:52	"GET /uv2582fip2582inf210/index.html HTTP/1.1"
2517	2025/03/04 18:17:54	"GET /uv2582fip2582inf210/project_presentation.html HTTP/1.1"
2517	2025/03/04 18:17:57	"GET /uv2582fip2582inf210/project_part2.html HTTP/1.1"
2517	2025/03/04 18:23:48	"GET /uv2582fip2582inf210/project_part1.html HTTP/1.1"
257	2025/03/04 20:29:10	"GET /uv2582fip2582inf210/project_presentation.html HTTP/1.1"
257	2025/03/04 20:29:12	"GET /uv2582fip2582inf210/project_part2.html HTTP/1.1"
2517	2025/03/04 22:03:01	"GET /uv2582fip2582inf210/project_part1.html HTTP/1.1"
2517	2025/03/04 22:13:35	"GET /uv2582fip2582inf210/project_part2.html HTTP/1.1"
2546	2025/03/04 22:44:23	"GET /uv2582fip2582inf210/project_presentation.html HTTP/1.1"
2548	2025/03/04 23:03:21	"GET /uv2582fip2582inf210/project_presentation.html HTTP/1.1"
2548	2025/03/04 23:03:25	"GET /uv2582fip2582inf210/project_part2.html HTTP/1.1"
2548	2025/03/05 00:00:59	"GET /uv2582fip2582inf210/project_presentation.html HTTP/1.1"
2546	2025/03/05 00:17:02	"GET /uv2582fip2582inf210/project_part2.html HTTP/1.1"
2531	2025/02/08 11:15:40	"GET /uv2582fip2582inf210/data_home.html HTTP/1.1"
2531	2025/02/08 11:15:43	"GET /uv2582fip2582inf210/practice_transaction.html HTTP/1.1"
2531	2025/02/08 12:14:00	"GET /uv2582fip2582inf210/practice_transaction_correction.html HTTP/1.1"
2562	2025/02/08 13:18:06	"GET /uv2582fip2582inf210/practice_docker.html HTTP/1.1"
2562	2025/02/08 13:18:19	"GET /uv2582fip2582inf210/documentation_rdbms.html HTTP/1.1"
2562	2025/02/08 13:19:12	"GET /uv2582fip2582inf210/index.html HTTP/1.1"
2562	2025/02/08 13:19:22	"GET /uv2582fip2582inf210/data_home.html HTTP/1.1"
2562	2025/02/08 13:19:28	"GET /uv2582fip2582inf210/images/prerequisite_data/prerequisite_data_2025.html HTTP/1.1"
2562	2025/02/08 13:19:33	"GET /uv2582fip2582inf210/activity_relational_model.html HTTP/1.1"
2562	2025/02/08 13:19:59	"GET /uv2582fip2582inf210/lecture_relational_model.html HTTP/1.1"
2562	2025/02/08 13:20:13	"GET /uv2582fip2582inf210/lecture_db_integrity.html HTTP/1.1"
2557	2025/02/08 13:21:23	"GET /uv2582fip2582inf210/lecture_relational_model.html HTTP/1.1"
2557	2025/02/08 13:22:06	"GET /uv2582fip2582inf210/lecture_db_integrity.html HTTP/1.1"
2557	2025/02/08 13:46:02	"GET /uv2582fip2582inf210/technical_environment_home.html HTTP/1.1"
2557	2025/02/08 13:46:11	"GET /uv2582fip2582inf210/data_home.html HTTP/1.1"
252	2025/02/08 14:09:35	"GET /uv2582fip2582inf210/technical_environment_home.html HTTP/1.1"
252	2025/02/08 14:09:56	"GET /uv2582fip2582inf210/inversion_of_control.html HTTP/1.1"
252	2025/02/08 14:10:29	"GET /uv2582fip2582inf210/index.html HTTP/1.1"
252	2025/02/08 14:10:33	"GET /uv2582fip2582inf210/web_architecture_home.html HTTP/1.1"
252	2025/02/08 14:15:08	"GET /uv2582fip2582inf210/data_home.html HTTP/1.1"
252	2025/02/08 14:36:38	"GET /uv2582fip2582inf210/spring_bean.html HTTP/1.1"
252	2025/02/08 14:36:43	"GET /uv2582fip2582inf210/practice_spring.html HTTP/1.1"
252	2025/02/08 15:28:54	"GET /uv2582fip2582inf210/practice_jpa_advanced.html HTTP/1.1"
252	2025/02/08 15:29:11	"GET /uv2582fip2582inf210/practice_spring_2tiers.html HTTP/1.1"
252	2025/02/08 15:29:48	"GET /uv2582fip2582inf210/practice_spring_2tiers_ext.html HTTP/1.1"
2562	2025/02/08 15:32:19	"GET /uv2582fip2582inf210/lecture_modeling_normalization.html HTTP/1.1"
2557	2025/02/08 15:32:37	"GET /uv2582fip2582inf210/lecture_modeling_normalization.html HTTP/1.1"
252	2025/02/08 15:45:51	"GET /uv2582fip2582inf210/project_home.html HTTP/1.1"
252	2025/02/08 15:46:12	"GET /uv2582fip2582inf210/practice_jpa.html HTTP/1.1"
2562	2025/02/08 15:50:05	"GET /uv2582fip2582inf210/lecture_conceptual_modeling.html HTTP/1.1"
2562	2025/02/08 15:50:10	"GET /uv2582fip2582inf210/lecture_normalization.html HTTP/1.1"
2557	2025/02/08 15:51:35	"GET /uv2582fip2582inf210/lecture_conceptual_modeling.html HTTP/1.1"
2531	2025/02/08 15:52:20	"GET /uv2582fip2582inf210/index.html HTTP/1.1"
2531	2025/02/08 15:52:25	"GET /uv2582fip2582inf210/web_architecture_home.html HTTP/1.1"
2557	2025/02/08 15:52:35	"GET /uv2582fip2582inf210/activity_conceptual_modeling.html HTTP/1.1"
2562	2025/02/08 16:23:28	"GET /uv2582fip2582inf210/activity_conceptual_modeling.html HTTP/1.1"
2562	2025/02/08 17:44:56	"GET /uv2582fip2582inf210/activity_conceptual_modeling_correction.html HTTP/1.1"
2557	2025/02/08 17:45:34	"GET /uv2582fip2582inf210/activity_conceptual_modeling_correction.html HTTP/1.1"
2531	2025/02/08 18:14:48	"GET /uv2582fip2582inf210/lecture_technical_architecture.html HTTP/1.1"
2531	2025/02/08 18:20:06	"GET /uv2582fip2582inf210/lecture_software_architecture.html HTTP/1.1"
2531	2025/02/08 18:26:04	"GET /uv2582fip2582inf210/lecture_dto.html HTTP/1.1"
2531	2025/02/08 18:29:36	"GET /uv2582fip2582inf210/lecture_mvc_spring.html HTTP/1.1"
2531	2025/02/08 19:19:44	"GET /uv2582fip2582inf210/lecture_jpa.html HTTP/1.1"
2531	2025/02/08 20:06:57	"GET /uv2582fip2582inf210/practice_jpa.html HTTP/1.1"
2526	2025/01/27 19:02:18	"GET /uv2582fip2582inf210/inversion_of_control.html HTTP/1.1"
2526	2025/01/27 19:02:21	"GET /uv2582fip2582inf210/documentation_programming.html HTTP/1.1"
2543	2025/01/27 20:43:09	"GET /uv2582fip2582inf210/index.html HTTP/1.1"
2543	2025/01/27 20:43:12	"GET /uv2582fip2582inf210/technical_environment_home.html HTTP/1.1"
2543	2025/01/27 20:43:17	"GET /uv2582fip2582inf210/images/prerequisite_techenv/prerequisite_techenv_2025.html HTTP/1.1"
2543	2025/01/27 20:43:19	"GET /uv2582fip2582inf210/practice_docker.html HTTP/1.1"
2543	2025/01/27 21:04:45	"GET /uv2582fip2582inf210/practice_postgresql.html HTTP/1.1"
2543	2025/01/27 21:08:50	"GET /uv2582fip2582inf210/documentation_programming.html HTTP/1.1"
2543	2025/01/27 21:09:21	"GET /uv2582fip2582inf210/practice_spring.html HTTP/1.1"
2558	2025/03/03 01:04:26	"GET /uv2582fip2582inf210/practice_postgresql.html HTTP/1.1"
2558	2025/03/03 01:07:52	"GET /uv2582fip2582inf210/data_home.html HTTP/1.1"
2558	2025/03/03 01:07:57	"GET /uv2582fip2582inf210/practice_transaction.html HTTP/1.1"
2558	2025/03/03 01:08:01	"GET /uv2582fip2582inf210/lecture_normalization.html HTTP/1.1"
2558	2025/03/03 01:08:05	"GET /uv2582fip2582inf210/lecture_conceptual_modeling.html HTTP/1.1"
2558	2025/03/03 01:08:09	"GET /uv2582fip2582inf210/activity_decomposition.html HTTP/1.1"
2558	2025/03/03 01:08:12	"GET /uv2582fip2582inf210/activity_decomposition_correction.html HTTP/1.1"
2558	2025/03/03 01:08:20	"GET /uv2582fip2582inf210/practice_sql.html HTTP/1.1"
2558	2025/03/03 01:08:23	"GET /uv2582fip2582inf210/practice_sql_correction.html HTTP/1.1"
2558	2025/03/03 01:09:00	"GET /uv2582fip2582inf210/activity_normalization.html HTTP/1.1"
2558	2025/03/03 01:09:02	"GET /uv2582fip2582inf210/activity_normalization_correction.html HTTP/1.1"
2558	2025/03/03 01:09:12	"GET /uv2582fip2582inf210/activity_conceptual_modeling.html HTTP/1.1"
2558	2025/03/03 01:09:14	"GET /uv2582fip2582inf210/activity_conceptual_modeling_correction.html HTTP/1.1"
2558	2025/03/03 01:28:28	"GET /uv2582fip2582inf210/practice_advanced_sql.html HTTP/1.1"
2558	2025/03/03 01:28:55	"GET /uv2582fip2582inf210/index.html HTTP/1.1"
2558	2025/03/03 01:28:57	"GET /uv2582fip2582inf210/data_home.html HTTP/1.1"
2558	2025/03/03 01:29:00	"GET /uv2582fip2582inf210/web_architecture_home.html HTTP/1.1"
2558	2025/03/03 01:29:06	"GET /uv2582fip2582inf210/practice_spring_2tiers.html HTTP/1.1"
2558	2025/03/03 01:56:37	"GET /uv2582fip2582inf210/practice_xml.html HTTP/1.1"
2558	2025/03/03 01:58:08	"GET /uv2582fip2582inf210/lecture_json.html HTTP/1.1"
2558	2025/03/03 01:58:13	"GET /uv2582fip2582inf210/practice_json.html HTTP/1.1"
2558	2025/03/03 02:04:00	"GET /uv2582fip2582inf210/lecture_xml.html HTTP/1.1"
2571	2025/03/03 08:37:54	"GET /uv2582fip2582inf210/data_home.html HTTP/1.1"
2571	2025/03/03 08:37:56	"GET /uv2582fip2582inf210/images/prerequisite_data/prerequisite_data_2025.html HTTP/1.1"
2571	2025/03/03 08:38:29	"GET /uv2582fip2582inf210/index.html HTTP/1.1"
2571	2025/03/03 08:38:32	"GET /uv2582fip2582inf210/web_architecture_home.html HTTP/1.1"
2571	2025/03/03 08:38:38	"GET /uv2582fip2582inf210/images/prerequisite_archiweb/prerequisite_archiweb_2025.html HTTP/1.1"
2571	2025/03/03 08:38:42	"GET /uv2582fip2582inf210/practice_spring_2tiers.html HTTP/1.1"
255	2025/03/03 09:01:03	"GET /uv2582fip2582inf210/index.html HTTP/1.1"
255	2025/03/03 09:01:08	"GET /uv2582fip2582inf210/project_presentation.html HTTP/1.1"
255	2025/03/03 09:02:16	"GET /uv2582fip2582inf210/project_specifications.html HTTP/1.1"
255	2025/03/03 09:19:40	"GET /uv2582fip2582inf210/project_part2.html HTTP/1.1"
2539	2025/03/03 10:58:37	"GET /uv2582fip2582inf210/project_presentation.html HTTP/1.1"
258	2025/03/03 11:01:40	"GET /uv2582fip2582inf210/index.html HTTP/1.1"
258	2025/03/03 11:01:44	"GET /uv2582fip2582inf210/project_presentation.html HTTP/1.1"
258	2025/03/03 11:01:51	"GET /uv2582fip2582inf210/project_part1.html HTTP/1.1"
258	2025/03/03 11:02:21	"GET /uv2582fip2582inf210/project_part2.html HTTP/1.1"
2524	2025/03/03 11:02:26	"GET /uv2582fip2582inf210/index.html HTTP/1.1"
2524	2025/03/03 11:03:29	"GET /uv2582fip2582inf210/index.html HTTP/1.1"
2529	2025/03/03 11:03:43	"GET /uv2582fip2582inf210/index.html HTTP/1.1"
2524	2025/03/03 11:03:54	"GET /uv2582fip2582inf210/project_presentation.html HTTP/1.1"
2516	2025/03/03 11:03:54	"GET /uv2582fip2582inf210/project_presentation.html HTTP/1.1"
2529	2025/03/03 11:04:03	"GET /uv2582fip2582inf210/project_presentation.html HTTP/1.1"
2539	2025/03/03 11:04:48	"GET /uv2582fip2582inf210/project_presentation.html HTTP/1.1"
2516	2025/03/03 11:04:55	"GET /uv2582fip2582inf210/project_part1.html HTTP/1.1"
2520	2025/03/03 11:05:51	"GET /uv2582fip2582inf210/project_part1.html HTTP/1.1"
2524	2025/03/03 11:05:58	"GET /uv2582fip2582inf210/project_presentation.html HTTP/1.1"
2524	2025/03/03 11:06:02	"GET /uv2582fip2582inf210/project_evaluation.html HTTP/1.1"
2516	2025/03/03 11:06:03	"GET /uv2582fip2582inf210/project_part1.html HTTP/1.1"
256	2025/03/03 11:06:04	"GET /uv2582fip2582inf210/project_presentation.html HTTP/1.1"
257	2025/03/03 11:06:09	"GET /uv2582fip2582inf210/project_presentation.html HTTP/1.1"
2516	2025/03/03 11:06:10	"GET /uv2582fip2582inf210/project_specifications.html HTTP/1.1"
2531	2025/03/03 11:06:14	"GET /uv2582fip2582inf210/project_presentation.html HTTP/1.1"
2511	2025/03/03 11:06:15	"GET /uv2582fip2582inf210/project_presentation.html HTTP/1.1"
256	2025/03/03 11:06:21	"GET /uv2582fip2582inf210/project_part1.html HTTP/1.1"
2529	2025/03/03 11:06:36	"GET /uv2582fip2582inf210/project_presentation.html HTTP/1.1"
2539	2025/03/03 11:07:05	"GET /uv2582fip2582inf210/project_presentation.html HTTP/1.1"
2553	2025/03/03 11:07:55	"GET /uv2582fip2582inf210/project_presentation.html HTTP/1.1"
2545	2025/03/03 11:08:42	"GET /uv2582fip2582inf210/project_presentation.html HTTP/1.1"
2542	2025/03/03 11:08:53	"GET /uv2582fip2582inf210/project_presentation.html HTTP/1.1"
2519	2025/03/03 11:09:05	"GET /uv2582fip2582inf210/project_presentation.html HTTP/1.1"
2519	2025/03/03 11:09:06	"GET /uv2582fip2582inf210/project_presentation.html HTTP/1.1"
2545	2025/03/03 11:09:09	"GET /uv2582fip2582inf210/project_evaluation.html HTTP/1.1"
2539	2025/03/03 11:09:12	"GET /uv2582fip2582inf210/project_presentation.html HTTP/1.1"
2549	2025/03/03 11:09:26	"GET /uv2582fip2582inf210/project_presentation.html HTTP/1.1"
2549	2025/03/03 11:09:29	"GET /uv2582fip2582inf210/project_part2.html HTTP/1.1"
2549	2025/03/03 11:09:52	"GET /uv2582fip2582inf210/project_part1.html HTTP/1.1"
2541	2025/03/03 11:09:53	"GET /uv2582fip2582inf210/project_presentation.html HTTP/1.1"
2540	2025/03/03 11:09:59	"GET /uv2582fip2582inf210/project_presentation.html HTTP/1.1"
2539	2025/03/03 11:10:03	"GET /uv2582fip2582inf210/project_presentation.html HTTP/1.1"
2549	2025/03/03 11:10:07	"GET /uv2582fip2582inf210/project_specifications.html HTTP/1.1"
2545	2025/03/03 11:10:39	"GET /uv2582fip2582inf210/project_evaluation.html HTTP/1.1"
2539	2025/03/03 11:10:43	"GET /uv2582fip2582inf210/index.html HTTP/1.1"
2531	2025/03/03 11:10:54	"GET /uv2582fip2582inf210/project_part1.html HTTP/1.1"
2516	2025/03/03 11:10:56	"GET /uv2582fip2582inf210/project_part1.html HTTP/1.1"
252	2025/03/03 11:10:58	"GET /uv2582fip2582inf210/project_presentation.html HTTP/1.1"
2529	2025/03/03 11:11:17	"GET /uv2582fip2582inf210/project_presentation.html HTTP/1.1"
2512	2025/03/03 11:11:18	"GET /uv2582fip2582inf210/project_presentation.html HTTP/1.1"
2531	2025/03/03 11:11:20	"GET /uv2582fip2582inf210/project_evaluation.html HTTP/1.1"
2529	2025/03/03 11:11:21	"GET /uv2582fip2582inf210/project_specifications.html HTTP/1.1"
2516	2025/03/03 11:11:21	"GET /uv2582fip2582inf210/project_part1.html HTTP/1.1"
2512	2025/03/03 11:11:23	"GET /uv2582fip2582inf210/project_part1.html HTTP/1.1"
2531	2025/03/03 11:11:25	"GET /uv2582fip2582inf210/project_specifications.html HTTP/1.1"
2519	2025/03/03 11:11:31	"GET /uv2582fip2582inf210/project_part1.html HTTP/1.1"
2530	2025/03/03 11:11:42	"GET /uv2582fip2582inf210/project_presentation.html HTTP/1.1"
2540	2025/03/03 11:11:54	"GET /uv2582fip2582inf210/project_part1.html HTTP/1.1"
2529	2025/03/03 11:12:01	"GET /uv2582fip2582inf210/project_evaluation.html HTTP/1.1"
2530	2025/03/03 11:12:11	"GET /uv2582fip2582inf210/project_evaluation.html HTTP/1.1"
2545	2025/03/03 11:12:40	"GET /uv2582fip2582inf210/web_architecture_home.html HTTP/1.1"
2516	2025/03/03 11:14:31	"GET /uv2582fip2582inf210/technical_environment_home.html HTTP/1.1"
2511	2025/03/03 11:14:31	"GET /uv2582fip2582inf210/project_evaluation.html HTTP/1.1"
252	2025/03/03 11:14:33	"GET /uv2582fip2582inf210/project_specifications.html HTTP/1.1"
2516	2025/03/03 11:14:54	"GET /uv2582fip2582inf210/project_presentation.html HTTP/1.1"
2516	2025/03/03 11:14:59	"GET /uv2582fip2582inf210/project_task_time.html HTTP/1.1"
2512	2025/03/03 11:15:27	"GET /uv2582fip2582inf210/project_evaluation.html HTTP/1.1"
2541	2025/03/03 11:15:28	"GET /uv2582fip2582inf210/project_specifications.html HTTP/1.1"
2511	2025/03/03 11:15:53	"GET /uv2582fip2582inf210/project_task_time.html HTTP/1.1"
2516	2025/03/03 11:15:54	"GET /uv2582fip2582inf210/project_evaluation.html HTTP/1.1"
2551	2025/03/03 11:16:25	"GET /uv2582fip2582inf210/documentation_docker.html HTTP/1.1"
2551	2025/03/03 11:16:31	"GET /uv2582fip2582inf210/index.html HTTP/1.1"
2551	2025/03/03 11:16:35	"GET /uv2582fip2582inf210/project_presentation.html HTTP/1.1"
2542	2025/03/03 11:16:59	"GET /uv2582fip2582inf210/project_part1.html HTTP/1.1"
2529	2025/03/03 11:17:02	"GET /uv2582fip2582inf210/project_evaluation.html HTTP/1.1"
2528	2025/03/03 11:17:07	"GET /uv2582fip2582inf210/project_part1.html HTTP/1.1"
2528	2025/03/03 11:17:21	"GET /uv2582fip2582inf210/index.html HTTP/1.1"
2528	2025/03/03 11:17:23	"GET /uv2582fip2582inf210/project_presentation.html HTTP/1.1"
2511	2025/03/03 11:17:45	"GET /uv2582fip2582inf210/project_specifications.html HTTP/1.1"
2528	2025/03/03 11:18:09	"GET /uv2582fip2582inf210/project_part1.html HTTP/1.1"
2541	2025/03/03 11:18:11	"GET /uv2582fip2582inf210/project_presentation.html HTTP/1.1"
2545	2025/03/03 11:18:20	"GET /uv2582fip2582inf210/project_part1.html HTTP/1.1"
2541	2025/03/03 11:18:21	"GET /uv2582fip2582inf210/project_partie2.html HTTP/1.1"
2545	2025/03/03 11:18:25	"GET /uv2582fip2582inf210/project_part2.html HTTP/1.1"
252	2025/03/03 11:18:29	"GET /uv2582fip2582inf210/project_part2.html HTTP/1.1"
2553	2025/03/03 11:18:29	"GET /uv2582fip2582inf210/project_partie2.html HTTP/1.1"
2518	2025/03/03 11:18:33	"GET /uv2582fip2582inf210/index.html HTTP/1.1"
2541	2025/03/03 11:18:41	"GET /uv2582fip2582inf210/project_part2.html HTTP/1.1"
2553	2025/03/03 11:18:41	"GET /uv2582fip2582inf210/project_part2.html HTTP/1.1"
2554	2025/03/03 11:18:45	"GET /uv2582fip2582inf210/project_part1.html HTTP/1.1"
2518	2025/03/03 11:18:52	"GET /uv2582fip2582inf210/data_home.html HTTP/1.1"
2554	2025/03/03 11:18:54	"GET /uv2582fip2582inf210/project_part2.html HTTP/1.1"
256	2025/03/03 11:19:04	"GET /uv2582fip2582inf210/project_part2.html HTTP/1.1"
2518	2025/03/03 11:19:05	"GET /uv2582fip2582inf210/project_presentation.html HTTP/1.1"
2548	2025/03/03 11:19:08	"GET /uv2582fip2582inf210/project_presentation.html HTTP/1.1"
2518	2025/03/03 11:19:14	"GET /uv2582fip2582inf210/project_part2.html HTTP/1.1"
2521	2025/03/03 11:19:37	"GET /uv2582fip2582inf210/data_home.html HTTP/1.1"
2521	2025/03/03 11:19:41	"GET /uv2582fip2582inf210/project_presentation.html HTTP/1.1"
2521	2025/03/03 11:19:44	"GET /uv2582fip2582inf210/project_part2.html HTTP/1.1"
2522	2025/03/03 11:20:15	"GET /uv2582fip2582inf210/project_presentation.html HTTP/1.1"
2527	2025/03/03 11:20:15	"GET /uv2582fip2582inf210/project_presentation.html HTTP/1.1"
2522	2025/03/03 11:20:22	"GET /uv2582fip2582inf210/project_part2.html HTTP/1.1"
2527	2025/03/03 11:20:23	"GET /uv2582fip2582inf210/project_part2.html HTTP/1.1"
2529	2025/03/03 11:21:08	"GET /uv2582fip2582inf210/project_evaluation.html HTTP/1.1"
2513	2025/03/03 11:21:54	"GET /uv2582fip2582inf210/project_presentation.html HTTP/1.1"
2529	2025/03/03 11:22:04	"GET /uv2582fip2582inf210/project_part2.html HTTP/1.1"
2547	2025/03/03 11:22:10	"GET /uv2582fip2582inf210/project_presentation.html HTTP/1.1"
2547	2025/03/03 11:22:12	"GET /uv2582fip2582inf210/project_part2.html HTTP/1.1"
2539	2025/03/03 11:22:21	"GET /uv2582fip2582inf210/project_part1.html HTTP/1.1"
2519	2025/03/03 11:22:26	"GET /uv2582fip2582inf210/project_specifications.html HTTP/1.1"
259	2025/03/03 11:22:37	"GET /uv2582fip2582inf210/project_presentation.html HTTP/1.1"
259	2025/03/03 11:22:45	"GET /uv2582fip2582inf210/project_part2.html HTTP/1.1"
2551	2025/03/03 11:22:56	"GET /uv2582fip2582inf210/project_part1.html HTTP/1.1"
2551	2025/03/03 11:23:00	"GET /uv2582fip2582inf210/project_part2.html HTTP/1.1"
252	2025/03/03 11:23:08	"GET /uv2582fip2582inf210/project_evaluation.html HTTP/1.1"
2511	2025/03/03 11:23:18	"GET /uv2582fip2582inf210/project_evaluation.html HTTP/1.1"
2539	2025/03/03 11:23:19	"GET /uv2582fip2582inf210/project_presentation.html HTTP/1.1"
258	2025/03/03 11:23:20	"GET /uv2582fip2582inf210/project_part2.html HTTP/1.1"
2529	2025/03/03 11:23:21	"GET /uv2582fip2582inf210/project_part2.html HTTP/1.1"
2540	2025/03/03 11:23:21	"GET /uv2582fip2582inf210/project_part1.html HTTP/1.1"
2539	2025/03/03 11:23:21	"GET /uv2582fip2582inf210/project_part2.html HTTP/1.1"
2511	2025/03/03 11:23:21	"GET /uv2582fip2582inf210/project_part2.html HTTP/1.1"
2529	2025/03/03 11:23:22	"GET /uv2582fip2582inf210/project_part2.html HTTP/1.1"
2529	2025/03/03 11:23:22	"GET /uv2582fip2582inf210/project_part2.html HTTP/1.1"
2529	2025/03/03 11:23:22	"GET /uv2582fip2582inf210/project_part2.html HTTP/1.1"
255	2025/03/03 11:23:22	"GET /uv2582fip2582inf210/project_part2.html HTTP/1.1"
2529	2025/03/03 11:23:23	"GET /uv2582fip2582inf210/project_part2.html HTTP/1.1"
2513	2025/03/03 11:23:23	"GET /uv2582fip2582inf210/project_part2.html HTTP/1.1"
2529	2025/03/03 11:23:24	"GET /uv2582fip2582inf210/project_part2.html HTTP/1.1"
2516	2025/03/03 11:23:26	"GET /uv2582fip2582inf210/project_evaluation.html HTTP/1.1"
2551	2025/03/03 11:23:28	"GET /uv2582fip2582inf210/project_part2.html HTTP/1.1"
256	2025/03/03 11:23:28	"GET /uv2582fip2582inf210/project_part2.html HTTP/1.1"
2516	2025/03/03 11:23:29	"GET /uv2582fip2582inf210/project_part2.html HTTP/1.1"
2524	2025/03/03 11:23:36	"GET /uv2582fip2582inf210/project_presentation.html HTTP/1.1"
2524	2025/03/03 11:23:38	"GET /uv2582fip2582inf210/project_part2.html HTTP/1.1"
2550	2025/03/03 11:23:38	"GET /uv2582fip2582inf210/data_home.html HTTP/1.1"
2514	2025/03/03 11:23:42	"GET /uv2582fip2582inf210/project_presentation.html HTTP/1.1"
2515	2025/03/03 11:23:42	"GET /uv2582fip2582inf210/project_presentation.html HTTP/1.1"
2514	2025/03/03 11:23:44	"GET /uv2582fip2582inf210/project_part2.html HTTP/1.1"
2515	2025/03/03 11:23:44	"GET /uv2582fip2582inf210/project_part2.html HTTP/1.1"
2513	2025/03/03 11:23:44	"GET /uv2582fip2582inf210/project_part1.html HTTP/1.1"
2550	2025/03/03 11:23:45	"GET /uv2582fip2582inf210/project_presentation.html HTTP/1.1"
2550	2025/03/03 11:23:48	"GET /uv2582fip2582inf210/project_part2.html HTTP/1.1"
253	2025/03/03 11:23:50	"GET /uv2582fip2582inf210/project_presentation.html HTTP/1.1"
2544	2025/03/03 11:23:52	"GET /uv2582fip2582inf210/project_presentation.html HTTP/1.1"
2513	2025/03/03 11:23:53	"GET /uv2582fip2582inf210/project_part2.html HTTP/1.1"
2544	2025/03/03 11:23:58	"GET /uv2582fip2582inf210/project_part1.html HTTP/1.1"
253	2025/03/03 11:24:05	"GET /uv2582fip2582inf210/project_part2.html HTTP/1.1"
2540	2025/03/03 11:24:27	"GET /uv2582fip2582inf210/project_specifications.html HTTP/1.1"
2531	2025/03/03 11:25:05	"GET /uv2582fip2582inf210/project_specifications.html HTTP/1.1"
2531	2025/03/03 11:25:08	"GET /uv2582fip2582inf210/project_part2.html HTTP/1.1"
2520	2025/03/03 11:25:29	"GET /uv2582fip2582inf210/project_part1.html HTTP/1.1"
2525	2025/03/03 11:27:10	"GET /uv2582fip2582inf210/project_presentation.html HTTP/1.1"
2525	2025/03/03 11:27:11	"GET /uv2582fip2582inf210/project_presentation.html HTTP/1.1"
2526	2025/03/03 11:27:39	"GET /uv2582fip2582inf210/index.html HTTP/1.1"
2518	2025/03/03 11:27:41	"GET /uv2582fip2582inf210/project_part1.html HTTP/1.1"
252	2025/03/03 11:28:45	"GET /uv2582fip2582inf210/project_part2.html HTTP/1.1"
2543	2025/03/03 11:28:45	"GET /uv2582fip2582inf210/index.html HTTP/1.1"
2534	2025/03/03 11:28:47	"GET /uv2582fip2582inf210/data_home.html HTTP/1.1"
2543	2025/03/03 11:28:49	"GET /uv2582fip2582inf210/project_presentation.html HTTP/1.1"
2534	2025/03/03 11:28:51	"GET /uv2582fip2582inf210/index.html HTTP/1.1"
2543	2025/03/03 11:28:52	"GET /uv2582fip2582inf210/project_part2.html HTTP/1.1"
2534	2025/03/03 11:28:53	"GET /uv2582fip2582inf210/project_presentation.html HTTP/1.1"
2534	2025/03/03 11:28:56	"GET /uv2582fip2582inf210/project_part2.html HTTP/1.1"
2523	2025/03/03 11:29:07	"GET /uv2582fip2582inf210/project_presentation.html HTTP/1.1"
2523	2025/03/03 11:29:07	"GET /uv2582fip2582inf210/project_presentation.html HTTP/1.1"
2523	2025/03/03 11:29:10	"GET /uv2582fip2582inf210/project_part2.html HTTP/1.1"
2523	2025/03/03 11:29:10	"GET /uv2582fip2582inf210/project_part2.html HTTP/1.1"
259	2025/03/03 11:29:54	"GET /uv2582fip2582inf210/data_home.html HTTP/1.1"
259	2025/03/03 11:30:05	"GET /uv2582fip2582inf210/web_architecture_home.html HTTP/1.1"
2542	2025/03/03 11:30:08	"GET /uv2582fip2582inf210/project_evaluation.html HTTP/1.1"
259	2025/03/03 11:30:09	"GET /uv2582fip2582inf210/practice_jpa.html HTTP/1.1"
2542	2025/03/03 11:30:32	"GET /uv2582fip2582inf210/project_part2.html HTTP/1.1"
2528	2025/03/03 11:30:37	"GET /uv2582fip2582inf210/project_part1.html HTTP/1.1"
2528	2025/03/03 11:30:41	"GET /uv2582fip2582inf210/project_part2.html HTTP/1.1"
2512	2025/03/03 11:32:12	"GET /uv2582fip2582inf210/project_evaluation.html HTTP/1.1"
2512	2025/03/03 11:32:15	"GET /uv2582fip2582inf210/project_part2.html HTTP/1.1"
2546	2025/03/03 11:33:32	"GET /uv2582fip2582inf210/project_presentation.html HTTP/1.1"
2546	2025/03/03 11:33:35	"GET /uv2582fip2582inf210/project_part1.html HTTP/1.1"
256	2025/03/03 11:35:01	"GET /uv2582fip2582inf210/project_part1.html HTTP/1.1"
256	2025/03/03 11:35:05	"GET /uv2582fip2582inf210/project_part2.html HTTP/1.1"
2520	2025/03/03 11:35:11	"GET /uv2582fip2582inf210/project_part2.html HTTP/1.1"
2515	2025/03/03 11:35:40	"GET /uv2582fip2582inf210/project_presentation.html HTTP/1.1"
2520	2025/03/03 11:35:42	"GET /uv2582fip2582inf210/project_part1.html HTTP/1.1"
2515	2025/03/03 11:35:42	"GET /uv2582fip2582inf210/project_evaluation.html HTTP/1.1"
2525	2025/03/03 11:35:44	"GET /uv2582fip2582inf210/project_part2.html HTTP/1.1"
2525	2025/03/03 11:35:46	"GET /uv2582fip2582inf210/project_part2.html HTTP/1.1"
2515	2025/03/03 11:35:48	"GET /uv2582fip2582inf210/project_part1.html HTTP/1.1"
2515	2025/03/03 11:35:51	"GET /uv2582fip2582inf210/project_part2.html HTTP/1.1"
255	2025/03/03 11:36:54	"GET /uv2582fip2582inf210/project_part2.html HTTP/1.1"
2526	2025/03/03 11:37:11	"GET /uv2582fip2582inf210/project_presentation.html HTTP/1.1"
2526	2025/03/03 11:37:14	"GET /uv2582fip2582inf210/project_part2.html HTTP/1.1"
252	2025/03/03 11:37:55	"GET /uv2582fip2582inf210/activity_conceptual_modeling.html HTTP/1.1"
252	2025/03/03 11:37:55	"GET /uv2582fip2582inf210/practice_spring_2tiers.html HTTP/1.1"
2530	2025/03/03 11:37:56	"GET /uv2582fip2582inf210/project_presentation.html HTTP/1.1"
2530	2025/03/03 11:37:59	"GET /uv2582fip2582inf210/project_part2.html HTTP/1.1"
257	2025/03/03 11:38:23	"GET /uv2582fip2582inf210/project_presentation.html HTTP/1.1"
257	2025/03/03 11:38:24	"GET /uv2582fip2582inf210/project_presentation.html HTTP/1.1"
257	2025/03/03 11:38:24	"GET /uv2582fip2582inf210/project_presentation.html HTTP/1.1"
257	2025/03/03 11:38:24	"GET /uv2582fip2582inf210/project_presentation.html HTTP/1.1"
257	2025/03/03 11:38:27	"GET /uv2582fip2582inf210/project_part2.html HTTP/1.1"
257	2025/03/03 11:39:00	"GET /uv2582fip2582inf210/project_part2.html HTTP/1.1"
2547	2025/03/03 11:39:52	"GET /uv2582fip2582inf210/project_part2.html HTTP/1.1"
259	2025/03/03 11:40:04	"GET /uv2582fip2582inf210/project_part1.html HTTP/1.1"
259	2025/03/03 11:40:31	"GET /uv2582fip2582inf210/project_presentation.html HTTP/1.1"
2514	2025/03/03 11:41:10	"GET /uv2582fip2582inf210/project_specifications.html HTTP/1.1"
257	2025/03/03 11:41:15	"GET /uv2582fip2582inf210/project_part1.html HTTP/1.1"
257	2025/03/03 11:41:23	"GET /uv2582fip2582inf210/project_part2.html HTTP/1.1"
2514	2025/03/03 11:41:47	"GET /uv2582fip2582inf210/project_part2.html HTTP/1.1"
259	2025/03/03 11:41:52	"GET /uv2582fip2582inf210/project_part2.html HTTP/1.1"
2519	2025/03/03 11:42:15	"GET /uv2582fip2582inf210/project_specifications.html HTTP/1.1"
2521	2025/03/03 11:42:57	"GET /uv2582fip2582inf210/project_part1.html HTTP/1.1"
2521	2025/03/03 11:43:13	"GET /uv2582fip2582inf210/project_part2.html HTTP/1.1"
2528	2025/03/03 11:43:45	"GET /uv2582fip2582inf210/project_part1.html HTTP/1.1"
2514	2025/03/03 11:44:30	"GET /uv2582fip2582inf210/project_part1.html HTTP/1.1"
2514	2025/03/03 11:44:39	"GET /uv2582fip2582inf210/project_part2.html HTTP/1.1"
2540	2025/03/03 11:44:44	"GET /uv2582fip2582inf210/project_part2.html HTTP/1.1"
2544	2025/03/03 11:46:32	"GET /uv2582fip2582inf210/project_part2.html HTTP/1.1"
257	2025/03/03 11:52:35	"GET /uv2582fip2582inf210/project_part2.html HTTP/1.1"
2519	2025/03/03 11:52:40	"GET /uv2582fip2582inf210/project_part2.html HTTP/1.1"
2516	2025/03/03 11:52:44	"GET /uv2582fip2582inf210/web_architecture_home.html HTTP/1.1"
2516	2025/03/03 11:52:51	"GET /uv2582fip2582inf210/practice_jpa.html HTTP/1.1"
257	2025/03/03 11:53:11	"GET /uv2582fip2582inf210/project_part1.html HTTP/1.1"
259	2025/03/03 11:53:58	"GET /uv2582fip2582inf210/lecture_jpa.html HTTP/1.1"
2548	2025/03/03 11:54:45	"GET /uv2582fip2582inf210/project_part2.html HTTP/1.1"
2511	2025/03/03 11:55:13	"GET /uv2582fip2582inf210/project_part1.html HTTP/1.1"
2511	2025/03/03 11:55:15	"GET /uv2582fip2582inf210/index.html HTTP/1.1"
2552	2025/03/03 11:56:22	"GET /uv2582fip2582inf210/project_presentation.html HTTP/1.1"
2552	2025/03/03 11:56:26	"GET /uv2582fip2582inf210/project_part2.html HTTP/1.1"
259	2025/03/03 11:56:30	"GET /uv2582fip2582inf210/lecture_mvc_spring.html HTTP/1.1"
2513	2025/03/03 12:05:38	"GET /uv2582fip2582inf210/project_part1.html HTTP/1.1"
2513	2025/03/03 12:05:57	"GET /uv2582fip2582inf210/project_task_time.html HTTP/1.1"
2513	2025/03/03 12:05:58	"GET /uv2582fip2582inf210/project_specifications.html HTTP/1.1"
2528	2025/03/03 12:09:20	"GET /uv2582fip2582inf210/project_part2.html HTTP/1.1"
2546	2025/03/03 12:10:23	"GET /uv2582fip2582inf210/project_presentation.html HTTP/1.1"
2546	2025/03/03 12:10:27	"GET /uv2582fip2582inf210/project_part1.html HTTP/1.1"
2510	2025/03/03 12:11:35	"GET /uv2582fip2582inf210/project_presentation.html HTTP/1.1"
2510	2025/03/03 12:11:37	"GET /uv2582fip2582inf210/project_part2.html HTTP/1.1"
2543	2025/03/03 13:00:52	"GET /uv2582fip2582inf210/web_architecture_home.html HTTP/1.1"
2543	2025/03/03 13:00:59	"GET /uv2582fip2582inf210/practice_jpa_advanced.html HTTP/1.1"
2543	2025/03/03 13:01:03	"GET /uv2582fip2582inf210/practice_spring_2tiers_ext.html HTTP/1.1"
2513	2025/03/03 13:41:58	"GET /uv2582fip2582inf210/project_presentation.html HTTP/1.1"
2513	2025/03/03 13:42:00	"GET /uv2582fip2582inf210/project_part2.html HTTP/1.1"
2550	2025/03/03 14:02:30	"GET /uv2582fip2582inf210/project_part2.html HTTP/1.1"
257	2025/03/03 14:10:33	"GET /uv2582fip2582inf210/project_presentation.html HTTP/1.1"
257	2025/03/03 14:10:34	"GET /uv2582fip2582inf210/project_part2.html HTTP/1.1"
2547	2025/03/03 14:15:04	"GET /uv2582fip2582inf210/web_architecture_home.html HTTP/1.1"
2547	2025/03/03 14:15:08	"GET /uv2582fip2582inf210/lecture_mvc_spring.html HTTP/1.1"
2527	2025/03/03 14:17:04	"GET /uv2582fip2582inf210/project_presentation.html HTTP/1.1"
2527	2025/03/03 14:17:07	"GET /uv2582fip2582inf210/project_part2.html HTTP/1.1"
2519	2025/03/03 14:18:24	"GET /uv2582fip2582inf210/web_architecture_home.html HTTP/1.1"
2519	2025/03/03 14:18:27	"GET /uv2582fip2582inf210/index.html HTTP/1.1"
2529	2025/03/03 14:18:41	"GET /uv2582fip2582inf210/data_home.html HTTP/1.1"
2519	2025/03/03 14:18:42	"GET /uv2582fip2582inf210/project_presentation.html HTTP/1.1"
2529	2025/03/03 14:18:47	"GET /uv2582fip2582inf210/project_presentation.html HTTP/1.1"
2519	2025/03/03 14:18:47	"GET /uv2582fip2582inf210/project_part2.html HTTP/1.1"
2529	2025/03/03 14:18:58	"GET /uv2582fip2582inf210/project_evaluation.html HTTP/1.1"
2547	2025/03/03 14:19:23	"GET /uv2582fip2582inf210/project_presentation.html HTTP/1.1"
2547	2025/03/03 14:19:25	"GET /uv2582fip2582inf210/project_part2.html HTTP/1.1"
2546	2025/03/03 14:20:21	"GET /uv2582fip2582inf210/project_presentation.html HTTP/1.1"
2546	2025/03/03 14:20:25	"GET /uv2582fip2582inf210/project_part2.html HTTP/1.1"
2545	2025/03/03 14:25:12	"GET /uv2582fip2582inf210/project_presentation.html HTTP/1.1"
2547	2025/03/03 14:25:41	"GET /uv2582fip2582inf210/practice_spring_2tiers.html HTTP/1.1"
2545	2025/03/03 14:25:49	"GET /uv2582fip2582inf210/project_part2.html HTTP/1.1"
2547	2025/03/03 14:25:53	"GET /uv2582fip2582inf210/lecture_jpa.html HTTP/1.1"
2547	2025/03/03 14:26:02	"GET /uv2582fip2582inf210/practice_jpa.html HTTP/1.1"
2533	2025/03/03 14:30:41	"GET /uv2582fip2582inf210/project_presentation.html HTTP/1.1"
2533	2025/03/03 14:30:47	"GET /uv2582fip2582inf210/project_specifications.html HTTP/1.1"
2533	2025/03/03 14:30:48	"GET /uv2582fip2582inf210/project_task_time.html HTTP/1.1"
253	2025/03/03 14:33:46	"GET /uv2582fip2582inf210/project_presentation.html HTTP/1.1"
253	2025/03/03 14:33:54	"GET /uv2582fip2582inf210/project_specifications.html HTTP/1.1"
253	2025/03/03 14:34:45	"GET /uv2582fip2582inf210/project_task_time.html HTTP/1.1"
253	2025/03/03 14:35:14	"GET /uv2582fip2582inf210/project_evaluation.html HTTP/1.1"
253	2025/03/03 14:35:34	"GET /uv2582fip2582inf210/project_part1.html HTTP/1.1"
253	2025/03/03 14:35:50	"GET /uv2582fip2582inf210/project_part2.html HTTP/1.1"
2520	2025/03/03 14:38:25	"GET /uv2582fip2582inf210/project_specifications.html HTTP/1.1"
2515	2025/03/03 14:39:20	"GET /uv2582fip2582inf210/project_presentation.html HTTP/1.1"
2551	2025/03/03 14:41:11	"GET /uv2582fip2582inf210/project_part1.html HTTP/1.1"
2551	2025/03/03 14:41:19	"GET /uv2582fip2582inf210/project_part2.html HTTP/1.1"
2554	2025/03/03 14:46:14	"GET /uv2582fip2582inf210/project_specifications.html HTTP/1.1"
2529	2025/03/03 14:56:40	"GET /uv2582fip2582inf210/project_presentation.html HTTP/1.1"
2529	2025/03/03 14:57:15	"GET /uv2582fip2582inf210/project_evaluation.html HTTP/1.1"
2521	2025/03/03 14:57:57	"GET /uv2582fip2582inf210/project_presentation.html HTTP/1.1"
2521	2025/03/03 14:58:01	"GET /uv2582fip2582inf210/project_part2.html HTTP/1.1"
2533	2025/03/03 14:58:33	"GET /uv2582fip2582inf210/project_specifications.html HTTP/1.1"
2533	2025/03/03 14:58:38	"GET /uv2582fip2582inf210/project_part2.html HTTP/1.1"
2521	2025/03/03 15:03:46	"GET /uv2582fip2582inf210/project_part1.html HTTP/1.1"
255	2025/03/03 15:04:29	"GET /uv2582fip2582inf210/project_part2.html HTTP/1.1"
2515	2025/03/03 15:05:05	"GET /uv2582fip2582inf210/project_part2.html HTTP/1.1"
2534	2025/03/03 15:05:42	"GET /uv2582fip2582inf210/project_part2.html HTTP/1.1"
253	2025/03/03 15:08:41	"GET /uv2582fip2582inf210/project_presentation.html HTTP/1.1"
253	2025/03/03 15:08:53	"GET /uv2582fip2582inf210/project_evaluation.html HTTP/1.1"
253	2025/03/03 15:09:08	"GET /uv2582fip2582inf210/project_specifications.html HTTP/1.1"
253	2025/03/03 15:09:29	"GET /uv2582fip2582inf210/project_task_time.html HTTP/1.1"
252	2025/03/03 15:10:16	"GET /uv2582fip2582inf210/index.html HTTP/1.1"
2539	2025/03/03 15:39:14	"GET /uv2582fip2582inf210/web_architecture_home.html HTTP/1.1"
253	2025/03/03 15:39:17	"GET /uv2582fip2582inf210/project_task_time.html HTTP/1.1"
2539	2025/03/03 15:39:21	"GET /uv2582fip2582inf210/images/prerequisite_archiweb/prerequisite_archiweb_2025.html HTTP/1.1"
253	2025/03/03 15:39:22	"GET /uv2582fip2582inf210/project_part1.html HTTP/1.1"
2539	2025/03/03 15:39:22	"GET /uv2582fip2582inf210/practice_spring_2tiers_ext.html HTTP/1.1"
253	2025/03/03 15:39:34	"GET /uv2582fip2582inf210/project_part2.html HTTP/1.1"
2571	2025/03/03 15:39:57	"GET /uv2582fip2582inf210/documentation_programming.html HTTP/1.1"
2571	2025/03/03 15:40:08	"GET /uv2582fip2582inf210/practice_spring.html HTTP/1.1"
2511	2025/03/03 15:44:47	"GET /uv2582fip2582inf210/technical_environment_home.html HTTP/1.1"
2511	2025/03/03 15:44:51	"GET /uv2582fip2582inf210/documentation_programming.html HTTP/1.1"
2527	2025/03/03 15:47:52	"GET /uv2582fip2582inf210/project_presentation.html HTTP/1.1"
2527	2025/03/03 15:47:55	"GET /uv2582fip2582inf210/project_part2.html HTTP/1.1"
257	2025/03/03 15:56:20	"GET /uv2582fip2582inf210/project_part2.html HTTP/1.1"
2571	2025/03/03 16:17:21	"GET /uv2582fip2582inf210/data_home.html HTTP/1.1"
2571	2025/03/03 16:17:25	"GET /uv2582fip2582inf210/images/prerequisite_data/prerequisite_data_2025.html HTTP/1.1"
2571	2025/03/03 16:17:26	"GET /uv2582fip2582inf210/activity_sql.html HTTP/1.1"
2511	2025/03/03 16:20:27	"GET /uv2582fip2582inf210/project_presentation.html HTTP/1.1"
2511	2025/03/03 16:20:30	"GET /uv2582fip2582inf210/project_part2.html HTTP/1.1"
2571	2025/03/03 16:23:43	"GET /uv2582fip2582inf210/activity_relational_model.html HTTP/1.1"
2571	2025/03/03 16:29:43	"GET /uv2582fip2582inf210/documentation_docker.html HTTP/1.1"
2571	2025/03/03 16:30:05	"GET /uv2582fip2582inf210/practice_postgresql.html HTTP/1.1"
252	2025/03/03 16:32:36	"GET /uv2582fip2582inf210/project_evaluation.html HTTP/1.1"
252	2025/03/03 16:32:39	"GET /uv2582fip2582inf210/project_part2.html HTTP/1.1"
2571	2025/03/03 16:42:28	"GET /uv2582fip2582inf210/lecture_dto.html HTTP/1.1"
2552	2025/03/03 16:46:48	"GET /uv2582fip2582inf210/project_presentation.html HTTP/1.1"
2552	2025/03/03 16:46:53	"GET /uv2582fip2582inf210/project_part2.html HTTP/1.1"
258	2025/03/03 16:48:04	"GET /uv2582fip2582inf210/project_specifications.html HTTP/1.1"
258	2025/03/03 16:48:21	"GET /uv2582fip2582inf210/project_task_time.html HTTP/1.1"
258	2025/03/03 16:48:26	"GET /uv2582fip2582inf210/project_presentation.html HTTP/1.1"
258	2025/03/03 16:48:27	"GET /uv2582fip2582inf210/project_evaluation.html HTTP/1.1"
255	2025/03/03 16:52:48	"GET /uv2582fip2582inf210/project_part2.html HTTP/1.1"
258	2025/03/03 16:54:13	"GET /uv2582fip2582inf210/project_part2.html HTTP/1.1"
2571	2025/03/03 17:06:32	"GET /uv2582fip2582inf210/lecture_mvc_spring.html HTTP/1.1"
2571	2025/03/03 17:06:45	"GET /uv2582fip2582inf210/lecture_jpa.html HTTP/1.1"
2571	2025/03/03 17:07:26	"GET /uv2582fip2582inf210/practice_jpa.html HTTP/1.1"
2571	2025/03/03 17:07:59	"GET /uv2582fip2582inf210/practice_json.html HTTP/1.1"
2549	2025/03/03 18:31:48	"GET /uv2582fip2582inf210/index.html HTTP/1.1"
2549	2025/03/03 18:32:03	"GET /uv2582fip2582inf210/web_architecture_home.html HTTP/1.1"
2549	2025/03/03 18:32:06	"GET /uv2582fip2582inf210/data_home.html HTTP/1.1"
2549	2025/03/03 18:32:10	"GET /uv2582fip2582inf210/images/prerequisite_data/prerequisite_data_2025.html HTTP/1.1"
2549	2025/03/03 18:32:12	"GET /uv2582fip2582inf210/practice_advanced_sql.html HTTP/1.1"
2549	2025/03/03 18:32:30	"GET /uv2582fip2582inf210/practice_advanced_sql_correction.html HTTP/1.1"
2515	2025/03/03 19:02:59	"GET /uv2582fip2582inf210/web_architecture_home.html HTTP/1.1"
2515	2025/03/03 19:03:06	"GET /uv2582fip2582inf210/lecture_mvc_spring.html HTTP/1.1"
2515	2025/03/03 19:03:10	"GET /uv2582fip2582inf210/lecture_jpa.html HTTP/1.1"
2515	2025/03/03 19:03:15	"GET /uv2582fip2582inf210/practice_jpa.html HTTP/1.1"
2515	2025/03/03 19:03:23	"GET /uv2582fip2582inf210/practice_spring_2tiers.html HTTP/1.1"
2515	2025/03/03 19:03:34	"GET /uv2582fip2582inf210/lecture_software_architecture.html HTTP/1.1"
2515	2025/03/03 19:03:37	"GET /uv2582fip2582inf210/lecture_dto.html HTTP/1.1"
2515	2025/03/03 19:03:39	"GET /uv2582fip2582inf210/lecture_technical_architecture.html HTTP/1.1"
2515	2025/03/03 19:03:44	"GET /uv2582fip2582inf210/lecture_mvc_spring.html HTTP/1.1"
2515	2025/03/03 19:03:53	"GET /uv2582fip2582inf210/practice_jpa_advanced.html HTTP/1.1"
2515	2025/03/03 19:03:54	"GET /uv2582fip2582inf210/practice_jpa.html HTTP/1.1"
2515	2025/03/03 19:05:09	"GET /uv2582fip2582inf210/index.html HTTP/1.1"
2515	2025/03/03 19:05:12	"GET /uv2582fip2582inf210/technical_environment_home.html HTTP/1.1"
2515	2025/03/03 19:05:35	"GET /uv2582fip2582inf210/documentation_docker.html HTTP/1.1"
2515	2025/03/03 19:05:38	"GET /uv2582fip2582inf210/practice_docker.html HTTP/1.1"
2515	2025/03/03 19:05:41	"GET /uv2582fip2582inf210/documentation_programming.html HTTP/1.1"
2515	2025/03/03 19:05:44	"GET /uv2582fip2582inf210/practice_spring.html HTTP/1.1"
2569	2025/03/03 19:21:18	"GET /uv2582fip2582inf210/web_architecture_home.html HTTP/1.1"
2569	2025/03/03 19:21:22	"GET /uv2582fip2582inf210/lecture_technical_architecture.html HTTP/1.1"
2561	2025/03/03 19:29:31	"GET /uv2582fip2582inf210/data_home.html HTTP/1.1"
2561	2025/03/03 19:29:34	"GET /uv2582fip2582inf210/index.html HTTP/1.1"
2561	2025/03/03 19:29:41	"GET /uv2582fip2582inf210/web_architecture_home.html HTTP/1.1"
2561	2025/03/03 19:29:43	"GET /uv2582fip2582inf210/practice_spring_2tiers.html HTTP/1.1"
2564	2025/03/03 19:32:45	"GET /uv2582fip2582inf210/lecture_xml.html HTTP/1.1"
2564	2025/03/03 19:32:50	"GET /uv2582fip2582inf210/lecture_validity.html HTTP/1.1"
2564	2025/03/03 19:33:01	"GET /uv2582fip2582inf210/lecture_parser.html HTTP/1.1"
2564	2025/03/03 19:33:07	"GET /uv2582fip2582inf210/lecture_technical_architecture.html HTTP/1.1"
2564	2025/03/03 19:33:13	"GET /uv2582fip2582inf210/index.html HTTP/1.1"
2564	2025/03/03 19:33:17	"GET /uv2582fip2582inf210/images/prerequisite_archiweb/prerequisite_archiweb_2025.html HTTP/1.1"
2564	2025/03/03 19:33:20	"GET /uv2582fip2582inf210/practice_xml.html HTTP/1.1"
2564	2025/03/03 19:33:41	"GET /uv2582fip2582inf210/practice_schema_xml.html HTTP/1.1"
2564	2025/03/03 19:36:16	"GET /uv2582fip2582inf210/data_home.html HTTP/1.1"
2564	2025/03/03 19:36:18	"GET /uv2582fip2582inf210/lecture_relational_model.html HTTP/1.1"
2564	2025/03/03 19:36:35	"GET /uv2582fip2582inf210/lecture_db_integrity.html HTTP/1.1"
2564	2025/03/03 19:37:06	"GET /uv2582fip2582inf210/lecture_relational_algebra.html HTTP/1.1"
2564	2025/03/03 19:37:29	"GET /uv2582fip2582inf210/images/prerequisite_data/prerequisite_data_2025.html HTTP/1.1"
2564	2025/03/03 19:37:44	"GET /uv2582fip2582inf210/lecture_modeling_normalization.html HTTP/1.1"
2564	2025/03/03 19:37:55	"GET /uv2582fip2582inf210/lecture_conceptual_modeling.html HTTP/1.1"
2564	2025/03/03 19:39:09	"GET /uv2582fip2582inf210/activity_conceptual_modeling.html HTTP/1.1"
2564	2025/03/03 19:39:30	"GET /uv2582fip2582inf210/activity_conceptual_modeling_correction.html HTTP/1.1"
2564	2025/03/03 19:40:33	"GET /uv2582fip2582inf210/activity_conceptual_modeling_advanced.html HTTP/1.1"
2564	2025/03/03 19:40:37	"GET /uv2582fip2582inf210/activity_conceptual_modeling_advanced_correction.html HTTP/1.1"
2564	2025/03/03 19:40:56	"GET /uv2582fip2582inf210/lecture_normalization.html HTTP/1.1"
2564	2025/03/03 19:42:35	"GET /uv2582fip2582inf210/lecture_relation_model.html HTTP/1.1"
2564	2025/03/03 19:42:40	"GET /uv2582fip2582inf210/lecture_sql.html HTTP/1.1"
2543	2025/03/03 19:45:26	"GET /uv2582fip2582inf210/project_presentation.html HTTP/1.1"
2543	2025/03/03 20:02:38	"GET /uv2582fip2582inf210/project_part2.html HTTP/1.1"
2543	2025/03/03 20:05:31	"GET /uv2582fip2582inf210/web_architecture_home.html HTTP/1.1"
2543	2025/03/03 20:05:35	"GET /uv2582fip2582inf210/practice_jpa_advanced.html HTTP/1.1"
2543	2025/03/03 20:05:42	"GET /uv2582fip2582inf210/practice_spring_2tiers.html HTTP/1.1"
2543	2025/03/03 20:05:46	"GET /uv2582fip2582inf210/practice_jpa.html HTTP/1.1"
2543	2025/03/03 20:05:48	"GET /uv2582fip2582inf210/practice_spring_2tiers_ext.html HTTP/1.1"
2515	2025/03/03 20:06:54	"GET /uv2582fip2582inf210/project_presentation.html HTTP/1.1"
2515	2025/03/03 20:06:55	"GET /uv2582fip2582inf210/project_part2.html HTTP/1.1"
2515	2025/03/03 20:07:45	"GET /uv2582fip2582inf210/inversion_of_control.html HTTP/1.1"
2515	2025/03/03 20:07:52	"GET /uv2582fip2582inf210/spring_bean.html HTTP/1.1"
2515	2025/03/03 20:07:55	"GET /uv2582fip2582inf210/practice_spring.html HTTP/1.1"
2534	2025/03/03 20:08:12	"GET /uv2582fip2582inf210/data_home.html HTTP/1.1"
2534	2025/03/03 20:08:16	"GET /uv2582fip2582inf210/project_presentation.html HTTP/1.1"
2534	2025/03/03 20:08:18	"GET /uv2582fip2582inf210/project_part2.html HTTP/1.1"
2569	2025/03/03 20:12:46	"GET /uv2582fip2582inf210/lecture_software_architecture.html HTTP/1.1"
2569	2025/03/03 20:16:08	"GET /uv2582fip2582inf210/lecture_dto.html HTTP/1.1"
2569	2025/03/03 20:16:24	"GET /uv2582fip2582inf210/lecture_parser.html HTTP/1.1"
2569	2025/03/03 20:16:30	"GET /uv2582fip2582inf210/practice_apis.html HTTP/1.1"
2569	2025/03/03 20:16:38	"GET /uv2582fip2582inf210/lecture_mvc_spring.html HTTP/1.1"
2569	2025/03/03 20:18:01	"GET /uv2582fip2582inf210/lecture_jpa.html HTTP/1.1"
2561	2025/03/03 20:29:32	"GET /uv2582fip2582inf210/index.html HTTP/1.1"
2561	2025/03/03 20:29:35	"GET /uv2582fip2582inf210/technical_environment_home.html HTTP/1.1"
2561	2025/03/03 20:29:39	"GET /uv2582fip2582inf210/index.html HTTP/1.1"
2557	2025/03/03 20:30:36	"GET /uv2582fip2582inf210/data_home.html HTTP/1.1"
2557	2025/03/03 20:31:58	"GET /uv2582fip2582inf210/activity_normalization.html HTTP/1.1"
2557	2025/03/03 20:32:10	"GET /uv2582fip2582inf210/activity_decomposition.html HTTP/1.1"
2557	2025/03/03 20:32:29	"GET /uv2582fip2582inf210/lecture_normalization.html HTTP/1.1"
2561	2025/03/03 21:02:59	"GET /uv2582fip2582inf210/web_architecture_home.html HTTP/1.1"
2561	2025/03/03 21:03:10	"GET /uv2582fip2582inf210/practice_jpa.html HTTP/1.1"
2561	2025/03/03 21:03:44	"GET /uv2582fip2582inf210/practice_jpa_advanced.html HTTP/1.1"
2561	2025/03/03 21:04:11	"GET /uv2582fip2582inf210/lecture_relational_model.html HTTP/1.1"
2561	2025/03/03 21:04:15	"GET /uv2582fip2582inf210/lecture_db_integrity.html HTTP/1.1"
2561	2025/03/03 21:04:19	"GET /uv2582fip2582inf210/activity_relational_model.html HTTP/1.1"
2561	2025/03/03 21:04:25	"GET /uv2582fip2582inf210/activity_relational_model_correction.html HTTP/1.1"
2561	2025/03/03 21:05:11	"GET /uv2582fip2582inf210/lecture_modeling_normalization.html HTTP/1.1"
2561	2025/03/03 21:05:12	"GET /uv2582fip2582inf210/lecture_conceptual_modeling.html HTTP/1.1"
2561	2025/03/03 21:06:08	"GET /uv2582fip2582inf210/activity_conceptual_modeling.html HTTP/1.1"
2561	2025/03/03 21:06:11	"GET /uv2582fip2582inf210/lecture_normalization.html HTTP/1.1"
2561	2025/03/03 21:06:27	"GET /uv2582fip2582inf210/activity_normalization.html HTTP/1.1"
2561	2025/03/03 21:07:58	"GET /uv2582fip2582inf210/activity_decomposition.html HTTP/1.1"
2570	2025/03/03 21:13:13	"GET /uv2582fip2582inf210/data_home.html HTTP/1.1"
2570	2025/03/03 21:13:27	"GET /uv2582fip2582inf210/activity_conceptual_modeling.html HTTP/1.1"
2561	2025/03/03 21:14:08	"GET /uv2582fip2582inf210/activity_conceptual_modeling.html HTTP/1.1"
2561	2025/03/03 21:14:15	"GET /uv2582fip2582inf210/lecture_normalization.html HTTP/1.1"
2561	2025/03/03 21:14:20	"GET /uv2582fip2582inf210/activity_decomposition.html HTTP/1.1"
2546	2025/03/03 21:15:13	"GET /uv2582fip2582inf210/project_presentation.html HTTP/1.1"
2546	2025/03/03 21:15:28	"GET /uv2582fip2582inf210/project_part2.html HTTP/1.1"
2570	2025/03/03 21:39:08	"GET /uv2582fip2582inf210/web_architecture_home.html HTTP/1.1"
2570	2025/03/03 21:39:10	"GET /uv2582fip2582inf210/data_home.html HTTP/1.1"
2570	2025/03/03 21:39:15	"GET /uv2582fip2582inf210/lecture_conceptual_modeling.html HTTP/1.1"
2570	2025/03/03 21:39:38	"GET /uv2582fip2582inf210/lecture_normalization.html HTTP/1.1"
2570	2025/03/03 21:39:48	"GET /uv2582fip2582inf210/activity_normalization.html HTTP/1.1"
2570	2025/03/03 21:39:56	"GET /uv2582fip2582inf210/activity_decomposition.html HTTP/1.1"
2536	2025/03/03 21:51:10	"GET /uv2582fip2582inf210/lecture_normalization.html HTTP/1.1"
2570	2025/03/03 22:19:25	"GET /uv2582fip2582inf210/index.html HTTP/1.1"
2570	2025/03/03 22:19:33	"GET /uv2582fip2582inf210/practice_spring_2tiers.html HTTP/1.1"
2565	2025/03/03 22:19:52	"GET /uv2582fip2582inf210/lecture_normalization.html HTTP/1.1"
2535	2025/03/03 22:21:21	"GET /uv2582fip2582inf210/web_architecture_home.html HTTP/1.1"
2535	2025/03/03 22:21:28	"GET /uv2582fip2582inf210/data_home.html HTTP/1.1"
2535	2025/03/03 22:21:35	"GET /uv2582fip2582inf210/lecture_normalization.html HTTP/1.1"
2546	2025/03/03 22:29:38	"GET /uv2582fip2582inf210/project_presentation.html HTTP/1.1"
2561	2025/03/03 22:46:33	"GET /uv2582fip2582inf210/index.html HTTP/1.1"
2561	2025/03/03 22:46:36	"GET /uv2582fip2582inf210/project_presentation.html HTTP/1.1"
2515	2025/03/03 23:13:05	"GET /uv2582fip2582inf210/project_presentation.html HTTP/1.1"
2515	2025/03/03 23:13:07	"GET /uv2582fip2582inf210/project_part2.html HTTP/1.1"
2558	2025/03/03 23:24:47	"GET /uv2582fip2582inf210/index.html HTTP/1.1"
2558	2025/03/03 23:24:50	"GET /uv2582fip2582inf210/project_presentation.html HTTP/1.1"
2558	2025/03/03 23:25:26	"GET /uv2582fip2582inf210/activity_normalization.html HTTP/1.1"
2558	2025/03/03 23:25:29	"GET /uv2582fip2582inf210/activity_conceptual_modeling_advanced.html HTTP/1.1"
2568	2025/03/03 23:48:53	"GET /uv2582fip2582inf210/data_home.html HTTP/1.1"
2568	2025/03/03 23:48:57	"GET /uv2582fip2582inf210/activity_conceptual_modeling.html HTTP/1.1"
2568	2025/03/03 23:49:00	"GET /uv2582fip2582inf210/activity_conceptual_modeling_correction.html HTTP/1.1"
2534	2025/03/03 23:56:11	"GET /uv2582fip2582inf210/project_presentation.html HTTP/1.1"
2534	2025/03/03 23:56:17	"GET /uv2582fip2582inf210/project_part2.html HTTP/1.1"
2552	2025/03/16 11:18:38	"GET /uv2582fip2582inf210/project_presentation.html HTTP/1.1"
2552	2025/03/16 11:18:41	"GET /uv2582fip2582inf210/project_part3.html HTTP/1.1"
2552	2025/03/16 11:19:02	"GET /uv2582fip2582inf210/project_specifications.html HTTP/1.1"
2519	2025/03/16 12:42:49	"GET /uv2582fip2582inf210/project_presentation.html HTTP/1.1"
2519	2025/03/16 12:43:28	"GET /uv2582fip2582inf210/project_structureui.html HTTP/1.1"
2519	2025/03/16 12:43:30	"GET /uv2582fip2582inf210/project_part3.html HTTP/1.1"
2519	2025/03/16 13:06:31	"GET /uv2582fip2582inf210/project_specifications.html HTTP/1.1"
2524	2025/03/16 13:15:06	"GET /uv2582fip2582inf210/index.html HTTP/1.1"
2524	2025/03/16 13:15:09	"GET /uv2582fip2582inf210/project_presentation.html HTTP/1.1"
2524	2025/03/16 13:15:12	"GET /uv2582fip2582inf210/project_task_time.html HTTP/1.1"
2524	2025/03/16 13:15:16	"GET /uv2582fip2582inf210/project_specifications.html HTTP/1.1"
2513	2025/03/16 13:20:02	"GET /uv2582fip2582inf210/project_presentation.html HTTP/1.1"
2513	2025/03/16 13:20:05	"GET /uv2582fip2582inf210/project_part3.html HTTP/1.1"
2513	2025/03/16 13:20:12	"GET /uv2582fip2582inf210/project_evaluation.html HTTP/1.1"
2513	2025/03/16 13:20:14	"GET /uv2582fip2582inf210/project_specifications.html HTTP/1.1"
2562	2025/03/16 13:49:38	"GET /uv2582fip2582inf210/project_part2.html HTTP/1.1"
2562	2025/03/16 13:49:45	"GET /uv2582fip2582inf210/project_part1.html HTTP/1.1"
2562	2025/03/16 13:49:51	"GET /uv2582fip2582inf210/project_specifications.html HTTP/1.1"
2562	2025/03/16 13:50:14	"GET /uv2582fip2582inf210/project_task_time.html HTTP/1.1"
2562	2025/03/16 13:50:19	"GET /uv2582fip2582inf210/project_presentation.html HTTP/1.1"
2562	2025/03/16 14:15:39	"GET /uv2582fip2582inf210/project_evaluation.html HTTP/1.1"
2524	2025/03/16 14:58:05	"GET /uv2582fip2582inf210/project_specifications.html HTTP/1.1"
2512	2025/03/16 16:39:12	"GET /uv2582fip2582inf210/project_part3.html HTTP/1.1"
2512	2025/03/16 17:03:46	"GET /uv2582fip2582inf210/project_structureui.html HTTP/1.1"
2536	2025/03/16 18:03:02	"GET /uv2582fip2582inf210/project_specifications.html HTTP/1.1"
2533	2025/03/16 18:06:29	"GET /uv2582fip2582inf210/project_presentation.html HTTP/1.1"
2533	2025/03/16 18:06:31	"GET /uv2582fip2582inf210/project_part2.html HTTP/1.1"
2536	2025/03/16 18:33:41	"GET /uv2582fip2582inf210/project_structureui.html HTTP/1.1"
2548	2025/03/16 18:38:38	"GET /uv2582fip2582inf210/project_part2.html HTTP/1.1"
2531	2025/03/16 18:47:31	"GET /uv2582fip2582inf210/project_presentation.html HTTP/1.1"
2531	2025/03/16 18:47:36	"GET /uv2582fip2582inf210/project_specifications.html HTTP/1.1"
2516	2025/03/16 19:30:49	"GET /uv2582fip2582inf210/web_architecture_home.html HTTP/1.1"
2516	2025/03/16 19:30:52	"GET /uv2582fip2582inf210/project_presentation.html HTTP/1.1"
2516	2025/03/16 19:30:55	"GET /uv2582fip2582inf210/project_part3.html HTTP/1.1"
2562	2025/03/16 21:40:26	"GET /uv2582fip2582inf210/project_part3.html HTTP/1.1"
2562	2025/03/16 21:44:12	"GET /uv2582fip2582inf210/project_structureui.html HTTP/1.1"
2569	2025/03/16 22:17:48	"GET /uv2582fip2582inf210/project_presentation.html HTTP/1.1"
2569	2025/03/16 22:19:09	"GET /uv2582fip2582inf210/project_part3.html HTTP/1.1"
2569	2025/03/16 22:19:15	"GET /uv2582fip2582inf210/project_specifications.html HTTP/1.1"
2569	2025/03/16 22:19:30	"GET /uv2582fip2582inf210/project_evaluation.html HTTP/1.1"
2569	2025/03/16 22:20:59	"GET /uv2582fip2582inf210/index.html HTTP/1.1"
2569	2025/03/16 22:25:23	"GET /uv2582fip2582inf210/PresentationUVINF210/pres.html HTTP/1.1"
2569	2025/03/16 22:44:27	"GET /uv2582fip2582inf210/project_part3.html HTTP/1.1"
2569	2025/03/16 22:44:40	"GET /uv2582fip2582inf210/project_specifications.html HTTP/1.1"
2569	2025/03/16 23:37:23	"GET /uv2582fip2582inf210/index.html HTTP/1.1"
2569	2025/03/16 23:37:40	"GET /uv2582fip2582inf210/project_evaluation.html HTTP/1.1"
2533	2025/03/16 23:59:10	"GET /uv2582fip2582inf210/index.html HTTP/1.1"
2533	2025/03/16 23:59:12	"GET /uv2582fip2582inf210/web_architecture_home.html HTTP/1.1"
2533	2025/03/16 23:59:19	"GET /uv2582fip2582inf210/lecture_jpa.html HTTP/1.1"
252	2025/02/15 11:01:43	"GET /uv2582fip2582inf210/project_home.html HTTP/1.1"
252	2025/02/15 11:16:46	"GET /uv2582fip2582inf210/PresentationUVINF210/pres.html HTTP/1.1"
2513	2025/02/15 11:18:06	"GET /uv2582fip2582inf210/lecture_software_architecture.html HTTP/1.1"
2513	2025/02/15 11:20:16	"GET /uv2582fip2582inf210/lecture_mvc_spring.html HTTP/1.1"
2553	2025/02/15 12:28:11	"GET /uv2582fip2582inf210/web_architecture_home.html HTTP/1.1"
2553	2025/02/15 12:28:40	"GET /uv2582fip2582inf210/practice_jpa.html HTTP/1.1"
2553	2025/02/15 12:28:42	"GET /uv2582fip2582inf210/practice_jpa_advanced.html HTTP/1.1"
252	2025/02/15 12:47:13	"GET /uv2582fip2582inf210/web_architecture_home.html HTTP/1.1"
252	2025/02/15 12:47:19	"GET /uv2582fip2582inf210/practice_jpa.html HTTP/1.1"
2553	2025/02/15 13:16:25	"GET /uv2582fip2582inf210/practice_spring_2tiers.html HTTP/1.1"
252	2025/02/15 13:28:53	"GET /uv2582fip2582inf210/practice_jpa_advanced.html HTTP/1.1"
252	2025/02/15 13:29:24	"GET /uv2582fip2582inf210/practice_spring_2tiers.html HTTP/1.1"
252	2025/02/15 13:29:49	"GET /uv2582fip2582inf210/practice_spring_2tiers_ext.html HTTP/1.1"
252	2025/02/15 13:30:07	"GET /uv2582fip2582inf210/index.html HTTP/1.1"
252	2025/02/15 13:30:10	"GET /uv2582fip2582inf210/data_home.html HTTP/1.1"
252	2025/02/15 13:30:14	"GET /uv2582fip2582inf210/lecture_relational_model.html HTTP/1.1"
252	2025/02/15 13:30:20	"GET /uv2582fip2582inf210/lecture_db_integrity.html HTTP/1.1"
252	2025/02/15 13:30:22	"GET /uv2582fip2582inf210/activity_relational_model.html HTTP/1.1"
252	2025/02/15 13:30:30	"GET /uv2582fip2582inf210/lecture_modeling_normalization.html HTTP/1.1"
252	2025/02/15 13:30:36	"GET /uv2582fip2582inf210/lecture_conceptual_modeling.html HTTP/1.1"
252	2025/02/15 13:30:48	"GET /uv2582fip2582inf210/activity_conceptual_modeling.html HTTP/1.1"
252	2025/02/15 13:30:53	"GET /uv2582fip2582inf210/lecture_normalization.html HTTP/1.1"
252	2025/02/15 13:31:07	"GET /uv2582fip2582inf210/activity_normalization.html HTTP/1.1"
252	2025/02/15 13:31:14	"GET /uv2582fip2582inf210/activity_decomposition.html HTTP/1.1"
252	2025/02/15 13:31:21	"GET /uv2582fip2582inf210/activity_sql.html HTTP/1.1"
252	2025/02/15 13:31:28	"GET /uv2582fip2582inf210/lecture_transaction.html HTTP/1.1"
252	2025/02/15 13:31:32	"GET /uv2582fip2582inf210/practice_transaction.html HTTP/1.1"
252	2025/02/15 13:31:43	"GET /uv2582fip2582inf210/lecture_isolation.html HTTP/1.1"
252	2025/02/15 13:31:54	"GET /uv2582fip2582inf210/lecture_relational_algebra.html HTTP/1.1"
2527	2025/02/15 14:04:12	"GET /uv2582fip2582inf210/data_home.html HTTP/1.1"
2527	2025/02/15 14:04:13	"GET /uv2582fip2582inf210/images/prerequisite_data/prerequisite_data_2025.html HTTP/1.1"
2527	2025/02/15 14:04:20	"GET /uv2582fip2582inf210/activity_relational_model.html HTTP/1.1"
2527	2025/02/15 14:05:04	"GET /uv2582fip2582inf210/lecture_validity.html HTTP/1.1"
2527	2025/02/15 14:05:27	"GET /uv2582fip2582inf210/practice_xml.html HTTP/1.1"
2545	2025/02/15 15:48:33	"GET /uv2582fip2582inf210/web_architecture_home.html HTTP/1.1"
2545	2025/02/15 15:48:39	"GET /uv2582fip2582inf210/practice_spring_2tiers.html HTTP/1.1"
2541	2025/02/15 16:38:16	"GET /uv2582fip2582inf210/practice_jpa_advanced.html HTTP/1.1"
2558	2025/02/15 21:34:48	"GET /uv2582fip2582inf210/practice_postgresql.html HTTP/1.1"
2558	2025/02/15 21:34:51	"GET /uv2582fip2582inf210/index.html HTTP/1.1"
2558	2025/02/15 21:35:09	"GET /uv2582fip2582inf210/practice_jpa_advanced.html HTTP/1.1"
2558	2025/02/15 21:35:52	"GET /uv2582fip2582inf210/practice_spring_2tiers.html HTTP/1.1"
2558	2025/02/15 21:36:36	"GET /uv2582fip2582inf210/practice_xml.html HTTP/1.1"
2558	2025/02/15 21:37:01	"GET /uv2582fip2582inf210/lecture_dto.html HTTP/1.1"
2558	2025/02/15 21:37:07	"GET /uv2582fip2582inf210/lecture_software_architecture.html HTTP/1.1"
2558	2025/02/15 21:37:26	"GET /uv2582fip2582inf210/lecture_technical_architecture.html HTTP/1.1"
2551	2025/02/15 22:38:49	"GET /uv2582fip2582inf210/documentation_docker.html HTTP/1.1"
2551	2025/02/15 22:38:53	"GET /uv2582fip2582inf210/index.html HTTP/1.1"
2551	2025/02/15 22:38:55	"GET /uv2582fip2582inf210/data_home.html HTTP/1.1"
2551	2025/02/15 22:38:59	"GET /uv2582fip2582inf210/web_architecture_home.html HTTP/1.1"
2551	2025/02/15 22:39:05	"GET /uv2582fip2582inf210/lecture_jpa.html HTTP/1.1"
2516	2025/09/13 17:22:42	"GET /uv2582fip2582inf210/technical_environment_home.html HTTP/1.1"
2516	2025/09/13 17:23:44	"GET /uv2582fip2582inf210/web_architecture_home.html HTTP/1.1"
2549	2025/02/01 09:42:46	"GET /uv2582fip2582inf210/index.html HTTP/1.1"
2549	2025/02/01 09:42:49	"GET /uv2582fip2582inf210/web_architecture_home.html HTTP/1.1"
2549	2025/02/01 09:43:16	"GET /uv2582fip2582inf210/project_home.html HTTP/1.1"
2529	2025/02/01 12:30:52	"GET /uv2582fip2582inf210/activity_conceptual_modeling.html HTTP/1.1"
2529	2025/02/01 12:30:58	"GET /uv2582fip2582inf210/activity_conceptual_modeling_advanced.html HTTP/1.1"
2529	2025/02/01 12:33:06	"GET /uv2582fip2582inf210/activity_conceptual_modeling_advanced_correction.html HTTP/1.1"
2529	2025/02/01 13:12:12	"GET /uv2582fip2582inf210/lecture_relational_model.html HTTP/1.1"
252	2025/02/01 13:57:01	"GET /uv2582fip2582inf210/data_home.html HTTP/1.1"
252	2025/02/01 13:57:07	"GET /uv2582fip2582inf210/technical_environment_home.html HTTP/1.1"
252	2025/02/01 14:08:03	"GET /uv2582fip2582inf210/PresentationUVINF210/pres.html HTTP/1.1"
252	2025/02/01 14:16:06	"GET /uv2582fip2582inf210/project_home.html HTTP/1.1"
2518	2025/02/01 14:33:09	"GET /uv2582fip2582inf210/documentation_docker.html HTTP/1.1"
2518	2025/02/01 14:33:22	"GET /uv2582fip2582inf210/practice_docker.html HTTP/1.1"
252	2025/02/01 14:41:07	"GET /uv2582fip2582inf210/practice_postgresql.html HTTP/1.1"
252	2025/02/01 14:41:11	"GET /uv2582fip2582inf210/documentation_docker.html HTTP/1.1"
252	2025/02/01 15:22:43	"GET /uv2582fip2582inf210/practice_docker.html HTTP/1.1"
252	2025/02/01 15:22:48	"GET /uv2582fip2582inf210/practice_docker_advanced.html HTTP/1.1"
252	2025/02/01 15:23:07	"GET /uv2582fip2582inf210/documentation_rdbms.html HTTP/1.1"
252	2025/02/01 15:23:32	"GET /uv2582fip2582inf210/documentation_programming.html HTTP/1.1"
252	2025/02/01 15:23:47	"GET /uv2582fip2582inf210/inversion_of_control.html HTTP/1.1"
252	2025/02/01 15:24:10	"GET /uv2582fip2582inf210/spring_bean.html HTTP/1.1"
252	2025/02/01 15:24:17	"GET /uv2582fip2582inf210/practice_spring.html HTTP/1.1"
252	2025/02/01 17:12:32	"GET /uv2582fip2582inf210/lecture_relational_model.html HTTP/1.1"
252	2025/02/01 17:12:40	"GET /uv2582fip2582inf210/lecture_relational_algebra.html HTTP/1.1"
252	2025/02/01 17:12:41	"GET /uv2582fip2582inf210/lecture_db_integrity.html HTTP/1.1"
252	2025/02/01 17:12:50	"GET /uv2582fip2582inf210/activity_relational_model.html HTTP/1.1"
252	2025/02/01 17:12:54	"GET /uv2582fip2582inf210/lecture_modeling_normalization.html HTTP/1.1"
252	2025/02/01 17:13:02	"GET /uv2582fip2582inf210/lecture_conceptual_modeling.html HTTP/1.1"
252	2025/02/01 17:13:12	"GET /uv2582fip2582inf210/activity_conceptual_modeling.html HTTP/1.1"
252	2025/02/01 17:13:17	"GET /uv2582fip2582inf210/lecture_normalization.html HTTP/1.1"
252	2025/02/01 17:13:19	"GET /uv2582fip2582inf210/activity_normalization.html HTTP/1.1"
252	2025/02/01 17:13:23	"GET /uv2582fip2582inf210/activity_sql.html HTTP/1.1"
252	2025/02/01 17:13:28	"GET /uv2582fip2582inf210/practice_sql.html HTTP/1.1"
2550	2025/02/01 17:22:25	"GET /uv2582fip2582inf210/technical_environment_home.html HTTP/1.1"
2550	2025/02/01 17:23:02	"GET /uv2582fip2582inf210/technical_environment_home.html HTTP/1.1"
2550	2025/02/01 17:24:04	"GET /uv2582fip2582inf210/index.html HTTP/1.1"
2550	2025/02/01 17:24:24	"GET /uv2582fip2582inf210/technical_environment_home.html HTTP/1.1"
2550	2025/02/01 17:26:55	"GET /uv2582fip2582inf210/images/prerequisite_techenv/prerequisite_techenv_2025.html HTTP/1.1"
2550	2025/02/01 17:26:56	"GET /uv2582fip2582inf210/inversion_of_control.html HTTP/1.1"
2550	2025/02/01 17:31:21	"GET /uv2582fip2582inf210/documentation_docker.html HTTP/1.1"
2550	2025/02/01 17:36:40	"GET /uv2582fip2582inf210/practice_docker.html HTTP/1.1"
2550	2025/02/01 18:04:41	"GET /uv2582fip2582inf210/practice_docker_advanced.html HTTP/1.1"
2550	2025/02/01 18:05:50	"GET /uv2582fip2582inf210/documentation_rdbms.html HTTP/1.1"
2550	2025/02/01 18:35:26	"GET /uv2582fip2582inf210/practice_postgresql.html HTTP/1.1"
2550	2025/02/01 18:40:18	"GET /uv2582fip2582inf210/documentation_programming.html HTTP/1.1"
2550	2025/02/01 18:43:18	"GET /uv2582fip2582inf210/spring_bean.html HTTP/1.1"
2550	2025/02/01 18:43:40	"GET /uv2582fip2582inf210/practice_spring.html HTTP/1.1"
2550	2025/02/01 18:58:54	"GET /uv2582fip2582inf210/web_architecture_home.html HTTP/1.1"
2550	2025/02/01 18:59:00	"GET /uv2582fip2582inf210/data_home.html HTTP/1.1"
2550	2025/02/01 18:59:04	"GET /uv2582fip2582inf210/lecture_relational_model.html HTTP/1.1"
2521	2025/02/01 18:59:06	"GET /uv2582fip2582inf210/activity_relational_model.html HTTP/1.1"
2521	2025/02/01 18:59:15	"GET /uv2582fip2582inf210/activity_relational_model_correction.html HTTP/1.1"
2521	2025/02/01 19:46:01	"GET /uv2582fip2582inf210/lecture_modeling_normalization.html HTTP/1.1"
2521	2025/02/01 19:54:00	"GET /uv2582fip2582inf210/lecture_conceptual_modeling.html HTTP/1.1"
2521	2025/02/01 20:01:09	"GET /uv2582fip2582inf210/activity_conceptual_modeling.html HTTP/1.1"
2521	2025/02/01 20:20:08	"GET /uv2582fip2582inf210/activity_conceptual_modeling_correction.html HTTP/1.1"
255	2025/02/01 22:38:27	"GET /uv2582fip2582inf210/index.html HTTP/1.1"
255	2025/02/01 22:38:31	"GET /uv2582fip2582inf210/technical_environment_home.html HTTP/1.1"
255	2025/02/01 22:38:41	"GET /uv2582fip2582inf210/spring_bean.html HTTP/1.1"
255	2025/02/14 09:13:58	"GET /uv2582fip2582inf210/lecture_normalization.html HTTP/1.1"
255	2025/02/14 09:14:53	"GET /uv2582fip2582inf210/index.html HTTP/1.1"
255	2025/02/14 09:14:57	"GET /uv2582fip2582inf210/web_architecture_home.html HTTP/1.1"
2539	2025/02/14 09:19:38	"GET /uv2582fip2582inf210/practice_jpa_advanced.html HTTP/1.1"
2539	2025/02/14 09:19:52	"GET /uv2582fip2582inf210/practice_spring_2tiers.html HTTP/1.1"
2539	2025/02/14 09:20:55	"GET /uv2582fip2582inf210/index.html HTTP/1.1"
2539	2025/02/14 09:21:03	"GET /uv2582fip2582inf210/technical_environment_home.html HTTP/1.1"
2539	2025/02/14 09:21:07	"GET /uv2582fip2582inf210/images/prerequisite_archiweb/prerequisite_archiweb_2025.html HTTP/1.1"
2549	2025/02/14 09:33:41	"GET /uv2582fip2582inf210/practice_jpa_advanced.html HTTP/1.1"
2516	2025/02/14 09:35:08	"GET /uv2582fip2582inf210/web_architecture_home.html HTTP/1.1"
2513	2025/02/14 09:35:18	"GET /uv2582fip2582inf210/data_home.html HTTP/1.1"
2513	2025/02/14 09:35:20	"GET /uv2582fip2582inf210/images/prerequisite_data/prerequisite_data_2025.html HTTP/1.1"
2513	2025/02/14 09:35:22	"GET /uv2582fip2582inf210/practice_transaction.html HTTP/1.1"
2516	2025/02/14 09:35:33	"GET /uv2582fip2582inf210/lecture_jpa.html HTTP/1.1"
2516	2025/02/14 09:35:42	"GET /uv2582fip2582inf210/practice_jpa.html HTTP/1.1"
2513	2025/02/14 09:35:49	"GET /uv2582fip2582inf210/practice_transaction_correction.html HTTP/1.1"
256	2025/02/14 09:36:24	"GET /uv2582fip2582inf210/web_architecture_home.html HTTP/1.1"
256	2025/02/14 09:36:28	"GET /uv2582fip2582inf210/images/prerequisite_archiweb/prerequisite_archiweb_2025.html HTTP/1.1"
257	2025/02/14 09:37:16	"GET /uv2582fip2582inf210/web_architecture_home.html HTTP/1.1"
258	2025/02/14 09:37:32	"GET /uv2582fip2582inf210/index.html HTTP/1.1"
2534	2025/02/14 09:37:38	"GET /uv2582fip2582inf210/data_home.html HTTP/1.1"
258	2025/02/14 09:37:42	"GET /uv2582fip2582inf210/web_architecture_home.html HTTP/1.1"
2534	2025/02/14 09:37:46	"GET /uv2582fip2582inf210/practice_advanced_sql.html HTTP/1.1"
2521	2025/02/14 09:38:18	"GET /uv2582fip2582inf210/lecture_software_architecture.html HTTP/1.1"
2531	2025/02/14 09:38:22	"GET /uv2582fip2582inf210/web_architecture_home.html HTTP/1.1"
2526	2025/02/14 09:38:26	"GET /uv2582fip2582inf210/project_home.html HTTP/1.1"
2531	2025/02/14 09:38:29	"GET /uv2582fip2582inf210/practice_spring_2tiers.html HTTP/1.1"
2540	2025/02/14 09:38:32	"GET /uv2582fip2582inf210/web_architecture_home.html HTTP/1.1"
2526	2025/02/14 09:38:32	"GET /uv2582fip2582inf210/web_architecture_home.html HTTP/1.1"
253	2025/02/14 09:38:37	"GET /uv2582fip2582inf210/data_home.html HTTP/1.1"
2517	2025/02/14 09:38:43	"GET /uv2582fip2582inf210/technical_environment_home.html HTTP/1.1"
253	2025/02/14 09:38:45	"GET /uv2582fip2582inf210/practice_advanced_sql.html HTTP/1.1"
2517	2025/02/14 09:38:47	"GET /uv2582fip2582inf210/index.html HTTP/1.1"
2524	2025/02/14 09:38:56	"GET /uv2582fip2582inf210/index.html HTTP/1.1"
2524	2025/02/14 09:39:03	"GET /uv2582fip2582inf210/web_architecture_home.html HTTP/1.1"
2524	2025/02/14 09:39:18	"GET /uv2582fip2582inf210/images/prerequisite_archiweb/prerequisite_archiweb_2025.html HTTP/1.1"
2552	2025/02/14 09:39:18	"GET /uv2582fip2582inf210/documentation_programming.html HTTP/1.1"
2552	2025/02/14 09:39:26	"GET /uv2582fip2582inf210/images/prerequisite_archiweb/prerequisite_archiweb_2025.html HTTP/1.1"
2552	2025/02/14 09:39:31	"GET /uv2582fip2582inf210/technical_environment_home.html HTTP/1.1"
2540	2025/02/14 09:39:50	"GET /uv2582fip2582inf210/practice_spring_2tiers.html HTTP/1.1"
2551	2025/02/14 09:40:04	"GET /uv2582fip2582inf210/documentation_docker.html HTTP/1.1"
2551	2025/02/14 09:40:07	"GET /uv2582fip2582inf210/index.html HTTP/1.1"
2551	2025/02/14 09:40:11	"GET /uv2582fip2582inf210/data_home.html HTTP/1.1"
2518	2025/02/14 09:40:12	"GET /uv2582fip2582inf210/PresentationUVINF210/pres.html HTTP/1.1"
2551	2025/02/14 09:40:14	"GET /uv2582fip2582inf210/practice_transaction.html HTTP/1.1"
2518	2025/02/14 09:40:17	"GET /uv2582fip2582inf210/web_architecture_home.html HTTP/1.1"
2518	2025/02/14 09:40:20	"GET /uv2582fip2582inf210/images/prerequisite_archiweb/prerequisite_archiweb_2025.html HTTP/1.1"
2518	2025/02/14 09:40:22	"GET /uv2582fip2582inf210/practice_jpa.html HTTP/1.1"
2533	2025/02/14 09:40:42	"GET /uv2582fip2582inf210/data_home.html HTTP/1.1"
2517	2025/02/14 09:40:44	"GET /uv2582fip2582inf210/data_home.html HTTP/1.1"
2542	2025/02/14 09:40:46	"GET /uv2582fip2582inf210/web_architecture_home.html HTTP/1.1"
2533	2025/02/14 09:40:48	"GET /uv2582fip2582inf210/images/prerequisite_data/prerequisite_data_2025.html HTTP/1.1"
2542	2025/02/14 09:40:51	"GET /uv2582fip2582inf210/lecture_xml.html HTTP/1.1"
2543	2025/02/14 09:40:57	"GET /uv2582fip2582inf210/index.html HTTP/1.1"
2524	2025/02/14 09:41:37	"GET /uv2582fip2582inf210/practice_json.html HTTP/1.1"
2524	2025/02/14 09:41:42	"GET /uv2582fip2582inf210/lecture_xpath.html HTTP/1.1"
2534	2025/02/14 09:42:12	"GET /uv2582fip2582inf210/practice_sql.html HTTP/1.1"
2543	2025/02/14 09:42:12	"GET /uv2582fip2582inf210/web_architecture_home.html HTTP/1.1"
2543	2025/02/14 09:42:14	"GET /uv2582fip2582inf210/images/prerequisite_archiweb/prerequisite_archiweb_2025.html HTTP/1.1"
2543	2025/02/14 09:42:22	"GET /uv2582fip2582inf210/practice_jpa.html HTTP/1.1"
2511	2025/02/14 09:42:29	"GET /uv2582fip2582inf210/data_home.html HTTP/1.1"
2528	2025/02/14 09:42:32	"GET /uv2582fip2582inf210/practice_jpa.html HTTP/1.1"
2511	2025/02/14 09:42:35	"GET /uv2582fip2582inf210/web_architecture_home.html HTTP/1.1"
2515	2025/02/14 09:42:37	"GET /uv2582fip2582inf210/data_home.html HTTP/1.1"
2528	2025/02/14 09:42:44	"GET /uv2582fip2582inf210/practice_jpa_advanced.html HTTP/1.1"
2515	2025/02/14 09:42:49	"GET /uv2582fip2582inf210/lecture_relational_algebra.html HTTP/1.1"
2515	2025/02/14 09:42:49	"GET /uv2582fip2582inf210/lecture_db_integrity.html HTTP/1.1"
2515	2025/02/14 09:42:53	"GET /uv2582fip2582inf210/activity_relational_model.html HTTP/1.1"
2542	2025/02/14 09:42:57	"GET /uv2582fip2582inf210/web_architecture_home.html HTTP/1.1"
2542	2025/02/14 09:43:03	"GET /uv2582fip2582inf210/lecture_xml.html HTTP/1.1"
2510	2025/02/14 09:43:04	"GET /uv2582fip2582inf210/technical_environment_home.html HTTP/1.1"
2515	2025/02/14 09:43:05	"GET /uv2582fip2582inf210/lecture_modeling_normalization.html HTTP/1.1"
2528	2025/02/14 09:43:16	"GET /uv2582fip2582inf210/practice_spring_2tiers.html HTTP/1.1"
2510	2025/02/14 09:43:20	"GET /uv2582fip2582inf210/practice_spring_2tiers.html HTTP/1.1"
2515	2025/02/14 09:43:26	"GET /uv2582fip2582inf210/lecture_conceptual_modeling.html HTTP/1.1"
2542	2025/02/14 09:44:45	"GET /uv2582fip2582inf210/index.html HTTP/1.1"
2534	2025/02/14 09:44:46	"GET /uv2582fip2582inf210/practice_sql_correction.html HTTP/1.1"
2520	2025/02/14 09:45:14	"GET /uv2582fip2582inf210/web_architecture_home.html HTTP/1.1"
2520	2025/02/14 09:45:29	"GET /uv2582fip2582inf210/practice_xml.html HTTP/1.1"
2520	2025/02/14 09:45:43	"GET /uv2582fip2582inf210/practice_json.html HTTP/1.1"
2520	2025/02/14 09:45:53	"GET /uv2582fip2582inf210/practice_jpa_advanced.html HTTP/1.1"
2520	2025/02/14 09:46:04	"GET /uv2582fip2582inf210/practice_jpa.html HTTP/1.1"
2521	2025/02/14 09:46:19	"GET /uv2582fip2582inf210/lecture_mvc_spring.html HTTP/1.1"
2551	2025/02/14 09:47:41	"GET /uv2582fip2582inf210/lecture_technical_architecture.html HTTP/1.1"
2542	2025/02/14 09:47:52	"GET /uv2582fip2582inf210/lecture_json.html HTTP/1.1"
2542	2025/02/14 09:49:25	"GET /uv2582fip2582inf210/practice_json.html HTTP/1.1"
2525	2025/02/14 09:50:01	"GET /uv2582fip2582inf210/web_architecture_home.html HTTP/1.1"
2525	2025/02/14 09:50:02	"GET /uv2582fip2582inf210/web_architecture_home.html HTTP/1.1"
2525	2025/02/14 09:50:07	"GET /uv2582fip2582inf210/practice_jpa_advanced.html HTTP/1.1"
2525	2025/02/14 09:50:08	"GET /uv2582fip2582inf210/practice_jpa_advanced.html HTTP/1.1"
2513	2025/02/14 09:50:31	"GET /uv2582fip2582inf210/web_architecture_home.html HTTP/1.1"
2513	2025/02/14 09:50:36	"GET /uv2582fip2582inf210/images/prerequisite_archiweb/prerequisite_archiweb_2025.html HTTP/1.1"
2512	2025/02/14 09:50:41	"GET /uv2582fip2582inf210/practice_transaction.html HTTP/1.1"
2512	2025/02/14 09:50:49	"GET /uv2582fip2582inf210/index.html HTTP/1.1"
2512	2025/02/14 09:51:00	"GET /uv2582fip2582inf210/project_home.html HTTP/1.1"
2512	2025/02/14 09:51:09	"GET /uv2582fip2582inf210/data_home.html HTTP/1.1"
2512	2025/02/14 09:51:12	"GET /uv2582fip2582inf210/web_architecture_home.html HTTP/1.1"
2512	2025/02/14 09:51:16	"GET /uv2582fip2582inf210/lecture_technical_architecture.html HTTP/1.1"
259	2025/02/14 09:54:49	"GET /uv2582fip2582inf210/web_architecture_home.html HTTP/1.1"
2527	2025/02/14 09:54:55	"GET /uv2582fip2582inf210/web_architecture_home.html HTTP/1.1"
2527	2025/02/14 09:54:56	"GET /uv2582fip2582inf210/images/prerequisite_archiweb/prerequisite_archiweb_2025.html HTTP/1.1"
2527	2025/02/14 09:54:59	"GET /uv2582fip2582inf210/practice_spring_2tiers.html HTTP/1.1"
2533	2025/02/14 09:55:20	"GET /uv2582fip2582inf210/lecture_relational_model.html HTTP/1.1"
2528	2025/02/14 09:55:22	"GET /uv2582fip2582inf210/lecture_xml.html HTTP/1.1"
257	2025/02/14 09:56:58	"GET /uv2582fip2582inf210/practice_spring_2tiers.html HTTP/1.1"
253	2025/02/14 09:57:35	"GET /uv2582fip2582inf210/lecture_transaction.html HTTP/1.1"
253	2025/02/14 09:58:13	"GET /uv2582fip2582inf210/practice_transaction.html HTTP/1.1"
253	2025/02/14 09:58:29	"GET /uv2582fip2582inf210/lecture_isolation.html HTTP/1.1"
2558	2025/02/14 17:44:50	"GET /uv2582fip2582inf210/web_architecture_home.html HTTP/1.1"
2558	2025/02/14 17:44:53	"GET /uv2582fip2582inf210/lecture_technical_architecture.html HTTP/1.1"
2558	2025/02/14 18:15:41	"GET /uv2582fip2582inf210/lecture_software_architecture.html HTTP/1.1"
257	2025/02/14 20:38:37	"GET /uv2582fip2582inf210/practice_spring_2tiers.html HTTP/1.1"
257	2025/02/14 20:38:40	"GET /uv2582fip2582inf210/index.html HTTP/1.1"
2549	2025/02/14 20:43:28	"GET /uv2582fip2582inf210/index.html HTTP/1.1"
2549	2025/02/14 20:43:40	"GET /uv2582fip2582inf210/web_architecture_home.html HTTP/1.1"
2549	2025/02/14 20:45:51	"GET /uv2582fip2582inf210/images/prerequisite_archiweb/prerequisite_archiweb_2025.html HTTP/1.1"
2549	2025/02/14 20:46:00	"GET /uv2582fip2582inf210/practice_xml.html HTTP/1.1"
255	2025/02/14 20:54:56	"GET /uv2582fip2582inf210/practice_spring_2tiers.html HTTP/1.1"
255	2025/02/14 20:55:00	"GET /uv2582fip2582inf210/practice_jpa_advanced.html HTTP/1.1"
255	2025/02/14 20:56:18	"GET /uv2582fip2582inf210/lecture_technical_architecture.html HTTP/1.1"
2533	2025/02/14 21:14:27	"GET /uv2582fip2582inf210/technical_environment_home.html HTTP/1.1"
2558	2025/02/14 23:20:55	"GET /uv2582fip2582inf210/lecture_dto.html HTTP/1.1"
2558	2025/02/14 23:25:57	"GET /uv2582fip2582inf210/lecture_mvc_spring.html HTTP/1.1"
2558	2025/02/14 23:29:02	"GET /uv2582fip2582inf210/lecture_technical_architecture.html HTTP/1.1"
2558	2025/02/14 23:31:03	"GET /uv2582fip2582inf210/lecture_software_architecture.html HTTP/1.1"
2558	2025/02/14 23:32:59	"GET /uv2582fip2582inf210/data_home.html HTTP/1.1"
2558	2025/02/14 23:33:09	"GET /uv2582fip2582inf210/lecture_jpa.html HTTP/1.1"
2558	2025/02/14 23:33:14	"GET /uv2582fip2582inf210/practice_jpa.html HTTP/1.1"
2558	2025/02/14 23:48:22	"GET /uv2582fip2582inf210/lecture_jpa.html HTTP/1.1"
2558	2025/02/15 00:00:35	"GET /uv2582fip2582inf210/practice_jpa.html HTTP/1.1"
2558	2025/02/15 00:07:00	"GET /uv2582fip2582inf210/index.html HTTP/1.1"
2558	2025/02/15 00:07:03	"GET /uv2582fip2582inf210/technical_environment_home.html HTTP/1.1"
2558	2025/02/15 00:07:05	"GET /uv2582fip2582inf210/practice_docker.html HTTP/1.1"
2542	2025/03/17 01:34:33	"GET /uv2582fip2582inf210/project_presentation.html HTTP/1.1"
2542	2025/03/17 01:34:42	"GET /uv2582fip2582inf210/project_part3.html HTTP/1.1"
2542	2025/03/17 01:57:41	"GET /uv2582fip2582inf210/project_structureui.html HTTP/1.1"
2542	2025/03/17 02:21:46	"GET /uv2582fip2582inf210/project_specifications.html HTTP/1.1"
2542	2025/03/17 02:21:48	"GET /uv2582fip2582inf210/project_task_time.html HTTP/1.1"
2523	2025/03/17 10:14:30	"GET /uv2582fip2582inf210/project_presentation.html HTTP/1.1"
2523	2025/03/17 10:14:30	"GET /uv2582fip2582inf210/project_presentation.html HTTP/1.1"
2543	2025/03/17 12:41:04	"GET /uv2582fip2582inf210/index.html HTTP/1.1"
2516	2025/03/17 12:41:11	"GET /uv2582fip2582inf210/project_specifications.html HTTP/1.1"
2543	2025/03/17 12:41:14	"GET /uv2582fip2582inf210/project_presentation.html HTTP/1.1"
2543	2025/03/17 12:41:17	"GET /uv2582fip2582inf210/project_specifications.html HTTP/1.1"
2543	2025/03/17 12:41:21	"GET /uv2582fip2582inf210/project_evaluation.html HTTP/1.1"
2524	2025/03/17 13:22:00	"GET /uv2582fip2582inf210/index.html HTTP/1.1"
2524	2025/03/17 13:22:04	"GET /uv2582fip2582inf210/project_presentation.html HTTP/1.1"
2524	2025/03/17 13:22:07	"GET /uv2582fip2582inf210/project_specifications.html HTTP/1.1"
255	2025/03/17 13:32:45	"GET /uv2582fip2582inf210/index.html HTTP/1.1"
255	2025/03/17 13:32:48	"GET /uv2582fip2582inf210/project_presentation.html HTTP/1.1"
255	2025/03/17 13:33:03	"GET /uv2582fip2582inf210/project_specifications.html HTTP/1.1"
2564	2025/03/17 14:04:53	"GET /uv2582fip2582inf210/project_presentation.html HTTP/1.1"
2564	2025/03/17 14:04:56	"GET /uv2582fip2582inf210/project_part2.html HTTP/1.1"
2570	2025/03/17 14:08:31	"GET /uv2582fip2582inf210/project_presentation.html HTTP/1.1"
2570	2025/03/17 14:08:35	"GET /uv2582fip2582inf210/project_part2.html HTTP/1.1"
2570	2025/03/17 14:09:38	"GET /uv2582fip2582inf210/project_part3.html HTTP/1.1"
2570	2025/03/17 14:11:10	"GET /uv2582fip2582inf210/project_part1.html HTTP/1.1"
2564	2025/03/17 14:11:47	"GET /uv2582fip2582inf210/project_part3.html HTTP/1.1"
2564	2025/03/17 14:12:23	"GET /uv2582fip2582inf210/project_structureui.html HTTP/1.1"
2558	2025/03/17 14:12:37	"GET /uv2582fip2582inf210/project_presentation.html HTTP/1.1"
2558	2025/03/17 14:12:40	"GET /uv2582fip2582inf210/project_part3.html HTTP/1.1"
2558	2025/03/17 14:12:56	"GET /uv2582fip2582inf210/project_evaluation.html HTTP/1.1"
2558	2025/03/17 14:12:58	"GET /uv2582fip2582inf210/project_specifications.html HTTP/1.1"
2570	2025/03/17 14:13:07	"GET /uv2582fip2582inf210/project_structureui.html HTTP/1.1"
2558	2025/03/17 14:15:50	"GET /uv2582fip2582inf210/project_part2.html HTTP/1.1"
2567	2025/03/17 14:21:43	"GET /uv2582fip2582inf210/project_presentation.html HTTP/1.1"
2567	2025/03/17 14:21:46	"GET /uv2582fip2582inf210/project_part3.html HTTP/1.1"
2564	2025/03/17 15:34:26	"GET /uv2582fip2582inf210/project_specifications.html HTTP/1.1"
2562	2025/03/17 15:57:21	"GET /uv2582fip2582inf210/project_specifications.html HTTP/1.1"
256	2025/03/17 16:02:11	"GET /uv2582fip2582inf210/project_specifications.html HTTP/1.1"
256	2025/03/17 16:02:17	"GET /uv2582fip2582inf210/project_task_time.html HTTP/1.1"
256	2025/03/17 16:04:12	"GET /uv2582fip2582inf210/project_presentation.html HTTP/1.1"
256	2025/03/17 16:04:47	"GET /uv2582fip2582inf210/project_evaluation.html HTTP/1.1"
2545	2025/03/17 16:08:11	"GET /uv2582fip2582inf210/project_presentation.html HTTP/1.1"
256	2025/03/17 16:09:43	"GET /uv2582fip2582inf210/technical_environment_home.html HTTP/1.1"
256	2025/03/17 16:09:46	"GET /uv2582fip2582inf210/project_presentation.html HTTP/1.1"
256	2025/03/17 16:09:49	"GET /uv2582fip2582inf210/project_evaluation.html HTTP/1.1"
256	2025/03/17 16:10:50	"GET /uv2582fip2582inf210/project_task_time.html HTTP/1.1"
2536	2025/03/17 16:38:53	"GET /uv2582fip2582inf210/project_part3.html HTTP/1.1"
2545	2025/03/17 16:41:04	"GET /uv2582fip2582inf210/project_part2.html HTTP/1.1"
2544	2025/03/17 18:00:10	"GET /uv2582fip2582inf210/project_presentation.html HTTP/1.1"
2544	2025/03/17 18:00:13	"GET /uv2582fip2582inf210/project_part3.html HTTP/1.1"
2544	2025/03/17 18:00:15	"GET /uv2582fip2582inf210/project_structureui.html HTTP/1.1"
2528	2025/03/17 19:08:57	"GET /uv2582fip2582inf210/project_part3.html HTTP/1.1"
2528	2025/03/17 19:10:19	"GET /uv2582fip2582inf210/project_part2.html HTTP/1.1"
2533	2025/03/17 19:16:01	"GET /uv2582fip2582inf210/project_presentation.html HTTP/1.1"
2533	2025/03/17 19:16:04	"GET /uv2582fip2582inf210/project_part2.html HTTP/1.1"
2516	2025/03/17 19:45:40	"GET /uv2582fip2582inf210/project_part3.html HTTP/1.1"
2516	2025/03/17 19:47:30	"GET /uv2582fip2582inf210/project_structureui.html HTTP/1.1"
2547	2025/03/17 19:50:25	"GET /uv2582fip2582inf210/project_presentation.html HTTP/1.1"
2547	2025/03/17 19:50:26	"GET /uv2582fip2582inf210/project_evaluation.html HTTP/1.1"
2547	2025/03/17 19:50:29	"GET /uv2582fip2582inf210/project_specifications.html HTTP/1.1"
2553	2025/03/17 20:40:32	"GET /uv2582fip2582inf210/project_presentation.html HTTP/1.1"
2553	2025/03/17 20:40:36	"GET /uv2582fip2582inf210/project_part3.html HTTP/1.1"
2553	2025/03/17 20:40:44	"GET /uv2582fip2582inf210/project_structureui.html HTTP/1.1"
252	2025/03/17 21:26:14	"GET /uv2582fip2582inf210/PresentationUVINF210/pres.html HTTP/1.1"
2533	2025/03/17 21:41:58	"GET /uv2582fip2582inf210/index.html HTTP/1.1"
2533	2025/03/17 21:42:00	"GET /uv2582fip2582inf210/web_architecture_home.html HTTP/1.1"
2530	2025/03/17 21:51:48	"GET /uv2582fip2582inf210/project_presentation.html HTTP/1.1"
2530	2025/03/17 21:52:04	"GET /uv2582fip2582inf210/project_specifications.html HTTP/1.1"
2545	2025/03/17 22:13:23	"GET /uv2582fip2582inf210/project_part3.html HTTP/1.1"
2545	2025/03/17 22:39:35	"GET /uv2582fip2582inf210/project_structureui.html HTTP/1.1"
2569	2025/03/17 23:42:43	"GET /uv2582fip2582inf210/project_presentation.html HTTP/1.1"
2569	2025/03/17 23:43:25	"GET /uv2582fip2582inf210/project_specifications.html HTTP/1.1"
2572	2025/03/02 10:35:00	"GET /uv2582fip2582inf210/web_architecture_home.html HTTP/1.1"
2572	2025/03/02 10:35:08	"GET /uv2582fip2582inf210/images/prerequisite_archiweb/prerequisite_archiweb_2025.html HTTP/1.1"
2572	2025/03/02 10:35:10	"GET /uv2582fip2582inf210/practice_spring_2tiers.html HTTP/1.1"
2572	2025/03/02 10:35:54	"GET /uv2582fip2582inf210/practice_jpa.html HTTP/1.1"
2561	2025/03/02 11:17:36	"GET /uv2582fip2582inf210/technical_environment_home.html HTTP/1.1"
2561	2025/03/02 11:18:19	"GET /uv2582fip2582inf210/practice_postgresql.html HTTP/1.1"
2561	2025/03/02 11:20:59	"GET /uv2582fip2582inf210/documentation_docker.html HTTP/1.1"
2561	2025/03/02 11:21:11	"GET /uv2582fip2582inf210/practice_docker.html HTTP/1.1"
2564	2025/03/02 11:22:17	"GET /uv2582fip2582inf210/technical_environment_home.html HTTP/1.1"
2564	2025/03/02 11:22:21	"GET /uv2582fip2582inf210/images/prerequisite_techenv/prerequisite_techenv_2025.html HTTP/1.1"
2561	2025/03/02 11:23:41	"GET /uv2582fip2582inf210/documentation_programming.html HTTP/1.1"
2561	2025/03/02 11:23:45	"GET /uv2582fip2582inf210/practice_spring.html HTTP/1.1"
2564	2025/03/02 11:23:58	"GET /uv2582fip2582inf210/documentation_docker.html HTTP/1.1"
2564	2025/03/02 11:25:12	"GET /uv2582fip2582inf210/practice_docker.html HTTP/1.1"
2564	2025/03/02 11:30:06	"GET /uv2582fip2582inf210/documentation_rdbms.html HTTP/1.1"
2564	2025/03/02 11:30:08	"GET /uv2582fip2582inf210/practice_postgresql.html HTTP/1.1"
2564	2025/03/02 11:38:32	"GET /uv2582fip2582inf210/documentation_programming.html HTTP/1.1"
2564	2025/03/02 11:44:42	"GET /uv2582fip2582inf210/spring_bean.html HTTP/1.1"
2564	2025/03/02 11:45:38	"GET /uv2582fip2582inf210/inversion_of_control.html HTTP/1.1"
2564	2025/03/02 11:48:41	"GET /uv2582fip2582inf210/practice_spring.html HTTP/1.1"
2561	2025/03/02 11:49:22	"GET /uv2582fip2582inf210/practice_docker.html HTTP/1.1"
2564	2025/03/02 11:51:57	"GET /uv2582fip2582inf210/index.html HTTP/1.1"
2564	2025/03/02 11:51:59	"GET /uv2582fip2582inf210/web_architecture_home.html HTTP/1.1"
2564	2025/03/02 11:52:06	"GET /uv2582fip2582inf210/data_home.html HTTP/1.1"
2564	2025/03/02 11:52:12	"GET /uv2582fip2582inf210/project_presentation.html HTTP/1.1"
2557	2025/03/02 12:39:22	"GET /uv2582fip2582inf210/practice_spring_2tiers.html HTTP/1.1"
2572	2025/03/02 12:50:41	"GET /uv2582fip2582inf210/lecture_mvc_spring.html HTTP/1.1"
2536	2025/03/02 13:04:56	"GET /uv2582fip2582inf210/data_home.html HTTP/1.1"
2536	2025/03/02 13:05:01	"GET /uv2582fip2582inf210/lecture_normalization.html HTTP/1.1"
2536	2025/03/02 13:05:21	"GET /uv2582fip2582inf210/lecture_conceptual_modeling.html HTTP/1.1"
2536	2025/03/02 13:07:23	"GET /uv2582fip2582inf210/activity_conceptual_modeling.html HTTP/1.1"
2536	2025/03/02 13:07:24	"GET /uv2582fip2582inf210/lecture_normalization.html HTTP/1.1"
2536	2025/03/02 13:35:05	"GET /uv2582fip2582inf210/index.html HTTP/1.1"
2536	2025/03/02 13:35:07	"GET /uv2582fip2582inf210/technical_environment_home.html HTTP/1.1"
2561	2025/03/02 14:14:45	"GET /uv2582fip2582inf210/technical_environment_home.html HTTP/1.1"
2561	2025/03/02 14:14:51	"GET /uv2582fip2582inf210/practice_docker.html HTTP/1.1"
2564	2025/03/02 14:20:29	"GET /uv2582fip2582inf210/practice_spring.html HTTP/1.1"
2564	2025/03/02 14:20:31	"GET /uv2582fip2582inf210/spring_bean.html HTTP/1.1"
2564	2025/03/02 14:20:31	"GET /uv2582fip2582inf210/web_architecture_home.html HTTP/1.1"
2564	2025/03/02 14:25:37	"GET /uv2582fip2582inf210/images/prerequisite_techenv/prerequisite_techenv_2025.html HTTP/1.1"
2564	2025/03/02 14:30:43	"GET /uv2582fip2582inf210/images/prerequisite_archiweb/prerequisite_archiweb_2025.html HTTP/1.1"
2561	2025/03/02 14:30:44	"GET /uv2582fip2582inf210/documentation_programming.html HTTP/1.1"
2561	2025/03/02 14:30:58	"GET /uv2582fip2582inf210/practice_spring.html HTTP/1.1"
2564	2025/03/02 14:31:19	"GET /uv2582fip2582inf210/lecture_technical_architecture.html HTTP/1.1"
2564	2025/03/02 14:33:15	"GET /uv2582fip2582inf210/lecture_software_architecture.html HTTP/1.1"
2564	2025/03/02 14:35:13	"GET /uv2582fip2582inf210/lecture_mvc_spring.html HTTP/1.1"
2575	2025/03/02 14:35:30	"GET /uv2582fip2582inf210/data_home.html HTTP/1.1"
2575	2025/03/02 14:35:34	"GET /uv2582fip2582inf210/lecture_relational_model.html HTTP/1.1"
2575	2025/03/02 14:35:35	"GET /uv2582fip2582inf210/lecture_db_integrity.html HTTP/1.1"
2575	2025/03/02 14:36:23	"GET /uv2582fip2582inf210/activity_relational_model.html HTTP/1.1"
2575	2025/03/02 14:36:38	"GET /uv2582fip2582inf210/activity_conceptual_modeling.html HTTP/1.1"
2575	2025/03/02 14:36:48	"GET /uv2582fip2582inf210/lecture_conceptual_modeling.html HTTP/1.1"
2575	2025/03/02 14:37:15	"GET /uv2582fip2582inf210/lecture_modeling_normalization.html HTTP/1.1"
2575	2025/03/02 14:37:36	"GET /uv2582fip2582inf210/lecture_normalization.html HTTP/1.1"
2575	2025/03/02 14:37:39	"GET /uv2582fip2582inf210/activity_normalization.html HTTP/1.1"
2564	2025/03/02 14:39:16	"GET /uv2582fip2582inf210/practice_spring_2tiers.html HTTP/1.1"
2564	2025/03/02 14:41:45	"GET /uv2582fip2582inf210/practice_spring_2tiers_ext.html HTTP/1.1"
2561	2025/03/02 16:25:17	"GET /uv2582fip2582inf210/index.html HTTP/1.1"
2561	2025/03/02 16:25:20	"GET /uv2582fip2582inf210/project_presentation.html HTTP/1.1"
2561	2025/03/02 16:25:41	"GET /uv2582fip2582inf210/data_home.html HTTP/1.1"
2561	2025/03/02 16:25:52	"GET /uv2582fip2582inf210/web_architecture_home.html HTTP/1.1"
2561	2025/03/02 16:25:57	"GET /uv2582fip2582inf210/practice_spring_2tiers.html HTTP/1.1"
2571	2025/03/02 17:00:44	"GET /uv2582fip2582inf210/technical_environment_home.html HTTP/1.1"
2571	2025/03/02 17:00:48	"GET /uv2582fip2582inf210/images/prerequisite_techenv/prerequisite_techenv_2025.html HTTP/1.1"
2571	2025/03/02 17:00:49	"GET /uv2582fip2582inf210/documentation_docker.html HTTP/1.1"
2571	2025/03/02 17:09:17	"GET /uv2582fip2582inf210/practice_docker.html HTTP/1.1"
2521	2025/03/02 18:10:50	"GET /uv2582fip2582inf210/web_architecture_home.html HTTP/1.1"
2521	2025/03/02 18:10:53	"GET /uv2582fip2582inf210/images/prerequisite_archiweb/prerequisite_archiweb_2025.html HTTP/1.1"
2521	2025/03/02 18:10:56	"GET /uv2582fip2582inf210/lecture_jpa.html HTTP/1.1"
2521	2025/03/02 18:15:41	"GET /uv2582fip2582inf210/practice_jpa.html HTTP/1.1"
2521	2025/03/02 18:18:44	"GET /uv2582fip2582inf210/lecture_transaction.html HTTP/1.1"
2521	2025/03/02 18:30:37	"GET /uv2582fip2582inf210/web_architecture_home.html HTTP/1.1"
2521	2025/03/02 18:30:38	"GET /uv2582fip2582inf210/images/prerequisite_archiweb/prerequisite_archiweb_2025.html HTTP/1.1"
2521	2025/03/02 18:30:41	"GET /uv2582fip2582inf210/practice_jpa.html HTTP/1.1"
2554	2025/03/02 19:18:05	"GET /uv2582fip2582inf210/data_home.html HTTP/1.1"
2554	2025/03/02 19:18:10	"GET /uv2582fip2582inf210/lecture_conceptual_modeling.html HTTP/1.1"
2554	2025/03/02 19:40:25	"GET /uv2582fip2582inf210/index.html HTTP/1.1"
2554	2025/03/02 19:40:27	"GET /uv2582fip2582inf210/project_presentation.html HTTP/1.1"
2554	2025/03/02 19:40:34	"GET /uv2582fip2582inf210/project_part1.html HTTP/1.1"
2554	2025/03/02 19:40:48	"GET /uv2582fip2582inf210/project_specifications.html HTTP/1.1"
2524	2025/03/02 19:42:52	"GET /uv2582fip2582inf210/project_presentation.html HTTP/1.1"
2524	2025/03/02 20:17:24	"GET /uv2582fip2582inf210/project_evaluation.html HTTP/1.1"
2558	2025/03/02 21:27:19	"GET /uv2582fip2582inf210/practice_postgresql.html HTTP/1.1"
2558	2025/03/02 21:27:26	"GET /uv2582fip2582inf210/index.html HTTP/1.1"
2558	2025/03/02 21:27:28	"GET /uv2582fip2582inf210/web_architecture_home.html HTTP/1.1"
2558	2025/03/02 21:27:30	"GET /uv2582fip2582inf210/practice_spring_2tiers.html HTTP/1.1"
2558	2025/03/02 21:38:13	"GET /uv2582fip2582inf210/lecture_mvc_spring.html HTTP/1.1"
2558	2025/03/02 21:38:14	"GET /uv2582fip2582inf210/lecture_jpa.html HTTP/1.1"
2521	2025/03/02 23:18:07	"GET /uv2582fip2582inf210/practice_jpa_advanced.html HTTP/1.1"
2529	2025/02/09 15:18:14	"GET /uv2582fip2582inf210/images/prerequisite_archiweb/prerequisite_archiweb_2025.html HTTP/1.1"
2529	2025/02/09 15:18:27	"GET /uv2582fip2582inf210/technical_environment_home.html HTTP/1.1"
2529	2025/02/09 15:18:35	"GET /uv2582fip2582inf210/images/prerequisite_techenv/prerequisite_techenv_2025.html HTTP/1.1"
2529	2025/02/09 15:18:36	"GET /uv2582fip2582inf210/practice_docker.html HTTP/1.1"
2529	2025/02/09 16:04:24	"GET /uv2582fip2582inf210/index.html HTTP/1.1"
2529	2025/02/09 16:04:27	"GET /uv2582fip2582inf210/web_architecture_home.html HTTP/1.1"
2548	2025/02/09 17:08:56	"GET /uv2582fip2582inf210/web_architecture_home.html HTTP/1.1"
2548	2025/02/09 17:08:58	"GET /uv2582fip2582inf210/images/prerequisite_archiweb/prerequisite_archiweb_2025.html HTTP/1.1"
2544	2025/02/09 21:33:59	"GET /uv2582fip2582inf210/data_home.html HTTP/1.1"
2544	2025/02/09 21:34:07	"GET /uv2582fip2582inf210/index.html HTTP/1.1"
2544	2025/02/09 21:34:10	"GET /uv2582fip2582inf210/web_architecture_home.html HTTP/1.1"
2544	2025/02/09 21:34:15	"GET /uv2582fip2582inf210/project_home.html HTTP/1.1"
2544	2025/02/09 21:35:49	"GET /uv2582fip2582inf210/lecture_technical_architecture.html HTTP/1.1"
2544	2025/02/09 21:42:07	"GET /uv2582fip2582inf210/lecture_software_architecture.html HTTP/1.1"
2544	2025/02/09 21:45:07	"GET /uv2582fip2582inf210/lecture_dto.html HTTP/1.1"
2544	2025/02/09 21:46:22	"GET /uv2582fip2582inf210/lecture_mvc_spring.html HTTP/1.1"
2544	2025/02/09 21:46:31	"GET /uv2582fip2582inf210/lecture_jpa.html HTTP/1.1"
2518	2025/02/10 00:49:04	"GET /uv2582fip2582inf210/index.html HTTP/1.1"
2518	2025/02/10 00:49:22	"GET /uv2582fip2582inf210/web_architecture_home.html HTTP/1.1"
2518	2025/02/10 00:49:27	"GET /uv2582fip2582inf210/images/prerequisite_archiweb/prerequisite_archiweb_2025.html HTTP/1.1"
2518	2025/02/10 00:49:31	"GET /uv2582fip2582inf210/practice_spring_2tiers.html HTTP/1.1"
2570	2025/01/29 09:46:33	"GET /uv2582fip2582inf210/project_home.html HTTP/1.1"
2570	2025/01/29 09:46:51	"GET /uv2582fip2582inf210/index.html HTTP/1.1"
2570	2025/01/29 09:46:55	"GET /uv2582fip2582inf210/data_home.html HTTP/1.1"
2571	2025/01/29 10:23:00	"GET /uv2582fip2582inf210/PresentationUVINF210/pres.html HTTP/1.1"
2571	2025/01/29 10:23:08	"GET /uv2582fip2582inf210/technical_environment_home.html HTTP/1.1"
2571	2025/01/29 10:23:11	"GET /uv2582fip2582inf210/images/prerequisite_techenv/prerequisite_techenv_2025.html HTTP/1.1"
2571	2025/01/29 10:25:05	"GET /uv2582fip2582inf210/documentation_docker.html HTTP/1.1"
2536	2025/01/29 12:04:04	"GET /uv2582fip2582inf210/index.html HTTP/1.1"
2522	2025/01/29 13:04:30	"GET /uv2582fip2582inf210/technical_environment_home.html HTTP/1.1"
2522	2025/01/29 13:04:33	"GET /uv2582fip2582inf210/images/prerequisite_techenv/prerequisite_techenv_2025.html HTTP/1.1"
2536	2025/01/29 13:49:56	"GET /uv2582fip2582inf210/index.html HTTP/1.1"
2524	2025/01/29 13:49:56	"GET /uv2582fip2582inf210/data_home.html HTTP/1.1"
2524	2025/01/29 13:50:04	"GET /uv2582fip2582inf210/activity_sql.html HTTP/1.1"
2524	2025/01/29 13:50:16	"GET /uv2582fip2582inf210/technical_environment_home.html HTTP/1.1"
2524	2025/01/29 13:51:32	"GET /uv2582fip2582inf210/spring_bean.html HTTP/1.1"
2524	2025/01/29 13:51:35	"GET /uv2582fip2582inf210/inversion_of_control.html HTTP/1.1"
2525	2025/01/29 13:55:32	"GET /uv2582fip2582inf210/technical_environment_home.html HTTP/1.1"
2525	2025/01/29 13:55:33	"GET /uv2582fip2582inf210/technical_environment_home.html HTTP/1.1"
2525	2025/01/29 13:55:53	"GET /uv2582fip2582inf210/practice_docker.html HTTP/1.1"
2525	2025/01/29 13:55:53	"GET /uv2582fip2582inf210/practice_docker.html HTTP/1.1"
2525	2025/01/29 13:55:54	"GET /uv2582fip2582inf210/documentation_docker.html HTTP/1.1"
2525	2025/01/29 13:55:54	"GET /uv2582fip2582inf210/documentation_docker.html HTTP/1.1"
258	2025/01/29 14:01:12	"GET /uv2582fip2582inf210/technical_environment_home.html HTTP/1.1"
2534	2025/01/29 14:01:14	"GET /uv2582fip2582inf210/technical_environment_home.html HTTP/1.1"
2534	2025/01/29 14:01:20	"GET /uv2582fip2582inf210/practice_docker_advanced.html HTTP/1.1"
258	2025/01/29 14:01:27	"GET /uv2582fip2582inf210/documentation_docker.html HTTP/1.1"
258	2025/01/29 14:01:33	"GET /uv2582fip2582inf210/practice_spring.html HTTP/1.1"
2517	2025/01/29 14:01:54	"GET /uv2582fip2582inf210/technical_environment_home.html HTTP/1.1"
2523	2025/01/29 14:02:10	"GET /uv2582fip2582inf210/technical_environment_home.html HTTP/1.1"
2523	2025/01/29 14:02:13	"GET /uv2582fip2582inf210/technical_environment_home.html HTTP/1.1"
2523	2025/01/29 14:02:14	"GET /uv2582fip2582inf210/technical_environment_home.html HTTP/1.1"
2523	2025/01/29 14:02:20	"GET /uv2582fip2582inf210/spring_bean.html HTTP/1.1"
2523	2025/01/29 14:02:20	"GET /uv2582fip2582inf210/spring_bean.html HTTP/1.1"
2523	2025/01/29 14:02:33	"GET /uv2582fip2582inf210/practice_spring.html HTTP/1.1"
2523	2025/01/29 14:02:34	"GET /uv2582fip2582inf210/practice_spring.html HTTP/1.1"
2539	2025/01/29 14:02:46	"GET /uv2582fip2582inf210/practice_spring.html HTTP/1.1"
2551	2025/01/29 14:03:07	"GET /uv2582fip2582inf210/documentation_docker.html HTTP/1.1"
2514	2025/01/29 14:03:07	"GET /uv2582fip2582inf210/project_home.html HTTP/1.1"
2514	2025/01/29 14:03:15	"GET /uv2582fip2582inf210/data_home.html HTTP/1.1"
2521	2025/01/29 14:03:22	"GET /uv2582fip2582inf210/technical_environment_home.html HTTP/1.1"
2521	2025/01/29 14:03:23	"GET /uv2582fip2582inf210/images/prerequisite_techenv/prerequisite_techenv_2025.html HTTP/1.1"
2521	2025/01/29 14:03:26	"GET /uv2582fip2582inf210/practice_docker.html HTTP/1.1"
2514	2025/01/29 14:03:30	"GET /uv2582fip2582inf210/technical_environment_home.html HTTP/1.1"
2545	2025/01/29 14:03:33	"GET /uv2582fip2582inf210/technical_environment_home.html HTTP/1.1"
2530	2025/01/29 14:03:41	"GET /uv2582fip2582inf210/technical_environment_home.html HTTP/1.1"
2530	2025/01/29 14:03:45	"GET /uv2582fip2582inf210/practice_docker_advanced.html HTTP/1.1"
2517	2025/01/29 14:03:58	"GET /uv2582fip2582inf210/documentation_docker.html HTTP/1.1"
2514	2025/01/29 14:04:06	"GET /uv2582fip2582inf210/documentation_programming.html HTTP/1.1"
2514	2025/01/29 14:04:07	"GET /uv2582fip2582inf210/practice_spring.html HTTP/1.1"
257	2025/01/29 14:04:23	"GET /uv2582fip2582inf210/technical_environment_home.html HTTP/1.1"
255	2025/01/29 14:04:26	"GET /uv2582fip2582inf210/practice_docker.html HTTP/1.1"
2554	2025/01/29 14:04:30	"GET /uv2582fip2582inf210/PresentationUVINF210/pres.html HTTP/1.1"
2554	2025/01/29 14:04:37	"GET /uv2582fip2582inf210/technical_environment_home.html HTTP/1.1"
2545	2025/01/29 14:04:38	"GET /uv2582fip2582inf210/documentation_docker.html HTTP/1.1"
2545	2025/01/29 14:04:49	"GET /uv2582fip2582inf210/practice_docker.html HTTP/1.1"
257	2025/01/29 14:04:51	"GET /uv2582fip2582inf210/documentation_docker.html HTTP/1.1"
2551	2025/01/29 14:05:12	"GET /uv2582fip2582inf210/practice_docker.html HTTP/1.1"
2569	2025/01/29 14:05:19	"GET /uv2582fip2582inf210/data_home.html HTTP/1.1"
2517	2025/01/29 14:05:22	"GET /uv2582fip2582inf210/documentation_rdbms.html HTTP/1.1"
2569	2025/01/29 14:05:27	"GET /uv2582fip2582inf210/lecture_relational_model.html HTTP/1.1"
255	2025/01/29 14:05:27	"GET /uv2582fip2582inf210/inversion_of_control.html HTTP/1.1"
2563	2025/01/29 14:05:33	"GET /uv2582fip2582inf210/data_home.html HTTP/1.1"
2517	2025/01/29 14:05:35	"GET /uv2582fip2582inf210/practice_postgresql.html HTTP/1.1"
2561	2025/01/29 14:05:41	"GET /uv2582fip2582inf210/project_home.html HTTP/1.1"
2562	2025/01/29 14:05:44	"GET /uv2582fip2582inf210/practice_docker.html HTTP/1.1"
2562	2025/01/29 14:05:49	"GET /uv2582fip2582inf210/index.html HTTP/1.1"
2562	2025/01/29 14:05:53	"GET /uv2582fip2582inf210/data_home.html HTTP/1.1"
2513	2025/01/29 14:06:04	"GET /uv2582fip2582inf210/technical_environment_home.html HTTP/1.1"
2549	2025/01/29 14:06:07	"GET /uv2582fip2582inf210/technical_environment_home.html HTTP/1.1"
256	2025/01/29 14:06:07	"GET /uv2582fip2582inf210/technical_environment_home.html HTTP/1.1"
2561	2025/01/29 14:06:07	"GET /uv2582fip2582inf210/project_home.html HTTP/1.1"
2530	2025/01/29 14:06:07	"GET /uv2582fip2582inf210/documentation_rdbms.html HTTP/1.1"
2561	2025/01/29 14:06:09	"GET /uv2582fip2582inf210/project_home.html HTTP/1.1"
2549	2025/01/29 14:06:09	"GET /uv2582fip2582inf210/images/prerequisite_techenv/prerequisite_techenv_2025.html HTTP/1.1"
2549	2025/01/29 14:06:11	"GET /uv2582fip2582inf210/spring_bean.html HTTP/1.1"
2543	2025/01/29 14:06:13	"GET /uv2582fip2582inf210/index.html HTTP/1.1"
2530	2025/01/29 14:06:14	"GET /uv2582fip2582inf210/practice_docker.html HTTP/1.1"
2543	2025/01/29 14:06:16	"GET /uv2582fip2582inf210/technical_environment_home.html HTTP/1.1"
2543	2025/01/29 14:06:18	"GET /uv2582fip2582inf210/images/prerequisite_techenv/prerequisite_techenv_2025.html HTTP/1.1"
2563	2025/01/29 14:06:24	"GET /uv2582fip2582inf210/data_home.html HTTP/1.1"
2563	2025/01/29 14:06:26	"GET /uv2582fip2582inf210/images/prerequisite_data/prerequisite_data_2025.html HTTP/1.1"
2561	2025/01/29 14:06:28	"GET /uv2582fip2582inf210/data_home.html HTTP/1.1"
2562	2025/01/29 14:06:28	"GET /uv2582fip2582inf210/images/prerequisite_data/prerequisite_data_2025.html HTTP/1.1"
255	2025/01/29 14:06:29	"GET /uv2582fip2582inf210/practice_spring.html HTTP/1.1"
255	2025/01/29 14:06:30	"GET /uv2582fip2582inf210/spring_bean.html HTTP/1.1"
2517	2025/01/29 14:06:36	"GET /uv2582fip2582inf210/practice_docker.html HTTP/1.1"
2557	2025/01/29 14:06:41	"GET /uv2582fip2582inf210/data_home.html HTTP/1.1"
2529	2025/01/29 14:06:43	"GET /uv2582fip2582inf210/technical_environment_home.html HTTP/1.1"
2529	2025/01/29 14:06:44	"GET /uv2582fip2582inf210/images/prerequisite_techenv/prerequisite_techenv_2025.html HTTP/1.1"
2568	2025/01/29 14:06:46	"GET /uv2582fip2582inf210/web_architecture_home.html HTTP/1.1"
257	2025/01/29 14:06:47	"GET /uv2582fip2582inf210/practice_docker.html HTTP/1.1"
2551	2025/01/29 14:06:48	"GET /uv2582fip2582inf210/practice_postgresql.html HTTP/1.1"
2569	2025/01/29 14:06:52	"GET /uv2582fip2582inf210/lecture_db_integrity.html HTTP/1.1"
2568	2025/01/29 14:06:55	"GET /uv2582fip2582inf210/technical_environment_home.html HTTP/1.1"
2563	2025/01/29 14:06:59	"GET /uv2582fip2582inf210/lecture_relational_model.html HTTP/1.1"
2554	2025/01/29 14:06:59	"GET /uv2582fip2582inf210/practice_docker.html HTTP/1.1"
2561	2025/01/29 14:07:01	"GET /uv2582fip2582inf210/lecture_relational_model.html HTTP/1.1"
2568	2025/01/29 14:07:04	"GET /uv2582fip2582inf210/index.html HTTP/1.1"
257	2025/01/29 14:07:04	"GET /uv2582fip2582inf210/practice_docker_advanced.html HTTP/1.1"
2549	2025/01/29 14:07:11	"GET /uv2582fip2582inf210/inversion_of_control.html HTTP/1.1"
2568	2025/01/29 14:07:16	"GET /uv2582fip2582inf210/data_home.html HTTP/1.1"
2536	2025/01/29 14:07:17	"GET /uv2582fip2582inf210/web_architecture_home.html HTTP/1.1"
2562	2025/01/29 14:07:20	"GET /uv2582fip2582inf210/lecture_relational_model.html HTTP/1.1"
2536	2025/01/29 14:07:28	"GET /uv2582fip2582inf210/practice_spring.html HTTP/1.1"
2528	2025/01/29 14:07:29	"GET /uv2582fip2582inf210/documentation_rdbms.html HTTP/1.1"
2536	2025/01/29 14:07:34	"GET /uv2582fip2582inf210/index.html HTTP/1.1"
2536	2025/01/29 14:07:36	"GET /uv2582fip2582inf210/data_home.html HTTP/1.1"
2575	2025/01/29 14:07:36	"GET /uv2582fip2582inf210/index.html HTTP/1.1"
2565	2025/01/29 14:07:37	"GET /uv2582fip2582inf210/technical_environment_home.html HTTP/1.1"
2511	2025/01/29 14:07:44	"GET /uv2582fip2582inf210/web_architecture_home.html HTTP/1.1"
2575	2025/01/29 14:07:45	"GET /uv2582fip2582inf210/project_home.html HTTP/1.1"
2565	2025/01/29 14:07:48	"GET /uv2582fip2582inf210/index.html HTTP/1.1"
2565	2025/01/29 14:07:51	"GET /uv2582fip2582inf210/project_home.html HTTP/1.1"
259	2025/01/29 14:07:52	"GET /uv2582fip2582inf210/technical_environment_home.html HTTP/1.1"
2565	2025/01/29 14:07:58	"GET /uv2582fip2582inf210/web_architecture_home.html HTTP/1.1"
2544	2025/01/29 14:08:02	"GET /uv2582fip2582inf210/technical_environment_home.html HTTP/1.1"
2569	2025/01/29 14:08:04	"GET /uv2582fip2582inf210/lecture_relational_algebra.html HTTP/1.1"
2568	2025/01/29 14:08:10	"GET /uv2582fip2582inf210/images/prerequisite_data/prerequisite_data_2025.html HTTP/1.1"
2565	2025/01/29 14:08:12	"GET /uv2582fip2582inf210/data_home.html HTTP/1.1"
2515	2025/01/29 14:08:15	"GET /uv2582fip2582inf210/web_architecture_home.html HTTP/1.1"
2572	2025/01/29 14:08:16	"GET /uv2582fip2582inf210/technical_environment_home.html HTTP/1.1"
2511	2025/01/29 14:08:21	"GET /uv2582fip2582inf210/data_home.html HTTP/1.1"
2544	2025/01/29 14:08:27	"GET /uv2582fip2582inf210/images/prerequisite_techenv/prerequisite_techenv_2025.html HTTP/1.1"
2572	2025/01/29 14:08:27	"GET /uv2582fip2582inf210/index.html HTTP/1.1"
2515	2025/01/29 14:08:29	"GET /uv2582fip2582inf210/images/prerequisite_archiweb/prerequisite_archiweb_2025.html HTTP/1.1"
2572	2025/01/29 14:08:30	"GET /uv2582fip2582inf210/data_home.html HTTP/1.1"
2565	2025/01/29 14:08:33	"GET /uv2582fip2582inf210/lecture_relational_model.html HTTP/1.1"
2515	2025/01/29 14:08:33	"GET /uv2582fip2582inf210/lecture_technical_architecture.html HTTP/1.1"
2511	2025/01/29 14:08:35	"GET /uv2582fip2582inf210/lecture_relational_model.html HTTP/1.1"
259	2025/01/29 14:08:40	"GET /uv2582fip2582inf210/documentation_docker.html HTTP/1.1"
2511	2025/01/29 14:08:56	"GET /uv2582fip2582inf210/lecture_db_integrity.html HTTP/1.1"
2572	2025/01/29 14:09:00	"GET /uv2582fip2582inf210/images/prerequisite_data/prerequisite_data_2025.html HTTP/1.1"
2511	2025/01/29 14:09:11	"GET /uv2582fip2582inf210/lecture_relational_algebra.html HTTP/1.1"
2572	2025/01/29 14:09:12	"GET /uv2582fip2582inf210/lecture_relational_model.html HTTP/1.1"
2528	2025/01/29 14:09:12	"GET /uv2582fip2582inf210/practice_postgresql.html HTTP/1.1"
2573	2025/01/29 14:09:13	"GET /uv2582fip2582inf210/web_architecture_home.html HTTP/1.1"
2529	2025/01/29 14:09:14	"GET /uv2582fip2582inf210/practice_spring.html HTTP/1.1"
2567	2025/01/29 14:09:18	"GET /uv2582fip2582inf210/technical_environment_home.html HTTP/1.1"
2563	2025/01/29 14:09:19	"GET /uv2582fip2582inf210/lecture_db_integrity.html HTTP/1.1"
2565	2025/01/29 14:09:20	"GET /uv2582fip2582inf210/lecture_db_integrity.html HTTP/1.1"
2528	2025/01/29 14:09:21	"GET /uv2582fip2582inf210/documentation_programming.html HTTP/1.1"
2516	2025/01/29 14:09:23	"GET /uv2582fip2582inf210/technical_environment_home.html HTTP/1.1"
2567	2025/01/29 14:09:25	"GET /uv2582fip2582inf210/practice_postgresql.html HTTP/1.1"
2567	2025/01/29 14:09:27	"GET /uv2582fip2582inf210/index.html HTTP/1.1"
2565	2025/01/29 14:09:29	"GET /uv2582fip2582inf210/activity_relational_model.html HTTP/1.1"
2516	2025/01/29 14:09:30	"GET /uv2582fip2582inf210/practice_docker.html HTTP/1.1"
2567	2025/01/29 14:09:30	"GET /uv2582fip2582inf210/data_home.html HTTP/1.1"
2563	2025/01/29 14:09:34	"GET /uv2582fip2582inf210/lecture_relational_algebra.html HTTP/1.1"
258	2025/01/29 14:09:42	"GET /uv2582fip2582inf210/index.html HTTP/1.1"
2573	2025/01/29 14:09:43	"GET /uv2582fip2582inf210/data_home.html HTTP/1.1"
258	2025/01/29 14:09:46	"GET /uv2582fip2582inf210/web_architecture_home.html HTTP/1.1"
2540	2025/01/29 14:09:53	"GET /uv2582fip2582inf210/technical_environment_home.html HTTP/1.1"
255	2025/01/29 14:09:55	"GET /uv2582fip2582inf210/index.html HTTP/1.1"
2540	2025/01/29 14:09:58	"GET /uv2582fip2582inf210/documentation_programming.html HTTP/1.1"
2522	2025/01/29 14:09:59	"GET /uv2582fip2582inf210/practice_spring.html HTTP/1.1"
2557	2025/01/29 14:10:00	"GET /uv2582fip2582inf210/images/prerequisite_data/prerequisite_data_2025.html HTTP/1.1"
2540	2025/01/29 14:10:01	"GET /uv2582fip2582inf210/practice_spring.html HTTP/1.1"
2557	2025/01/29 14:10:02	"GET /uv2582fip2582inf210/lecture_relational_model.html HTTP/1.1"
2511	2025/01/29 14:10:04	"GET /uv2582fip2582inf210/activity_relational_model.html HTTP/1.1"
255	2025/01/29 14:10:07	"GET /uv2582fip2582inf210/data_home.html HTTP/1.1"
2563	2025/01/29 14:10:10	"GET /uv2582fip2582inf210/activity_relational_model.html HTTP/1.1"
2567	2025/01/29 14:10:12	"GET /uv2582fip2582inf210/lecture_relational_model.html HTTP/1.1"
2567	2025/01/29 14:10:17	"GET /uv2582fip2582inf210/lecture_db_integrity.html HTTP/1.1"
255	2025/01/29 14:10:22	"GET /uv2582fip2582inf210/web_architecture_home.html HTTP/1.1"
2539	2025/01/29 14:10:33	"GET /uv2582fip2582inf210/practice_spring.html HTTP/1.1"
2575	2025/01/29 14:10:57	"GET /uv2582fip2582inf210/data_home.html HTTP/1.1"
2516	2025/01/29 14:11:04	"GET /uv2582fip2582inf210/practice_docker_advanced.html HTTP/1.1"
2533	2025/01/29 14:11:08	"GET /uv2582fip2582inf210/technical_environment_home.html HTTP/1.1"
2533	2025/01/29 14:11:11	"GET /uv2582fip2582inf210/images/prerequisite_techenv/prerequisite_techenv_2025.html HTTP/1.1"
2534	2025/01/29 14:11:17	"GET /uv2582fip2582inf210/practice_spring.html HTTP/1.1"
2512	2025/01/29 14:11:32	"GET /uv2582fip2582inf210/technical_environment_home.html HTTP/1.1"
2535	2025/01/29 14:11:38	"GET /uv2582fip2582inf210/index.html HTTP/1.1"
2573	2025/01/29 14:11:47	"GET /uv2582fip2582inf210/lecture_relational_model.html HTTP/1.1"
2511	2025/01/29 14:11:51	"GET /uv2582fip2582inf210/technical_environment_home.html HTTP/1.1"
258	2025/01/29 14:11:52	"GET /uv2582fip2582inf210/practice_postgresql.html HTTP/1.1"
2535	2025/01/29 14:11:58	"GET /uv2582fip2582inf210/technical_environment_home.html HTTP/1.1"
2541	2025/01/29 14:11:58	"GET /uv2582fip2582inf210/technical_environment_home.html HTTP/1.1"
2541	2025/01/29 14:12:02	"GET /uv2582fip2582inf210/practice_spring.html HTTP/1.1"
257	2025/01/29 14:12:02	"GET /uv2582fip2582inf210/documentation_rdbms.html HTTP/1.1"
2535	2025/01/29 14:12:03	"GET /uv2582fip2582inf210/web_architecture_home.html HTTP/1.1"
2574	2025/01/29 14:12:07	"GET /uv2582fip2582inf210/web_architecture_home.html HTTP/1.1"
2535	2025/01/29 14:12:10	"GET /uv2582fip2582inf210/data_home.html HTTP/1.1"
257	2025/01/29 14:12:12	"GET /uv2582fip2582inf210/practice_postgresql.html HTTP/1.1"
2574	2025/01/29 14:12:12	"GET /uv2582fip2582inf210/data_home.html HTTP/1.1"
2570	2025/01/29 14:12:13	"GET /uv2582fip2582inf210/web_architecture_home.html HTTP/1.1"
2569	2025/01/29 14:12:15	"GET /uv2582fip2582inf210/activity_relational_model.html HTTP/1.1"
2570	2025/01/29 14:12:22	"GET /uv2582fip2582inf210/lecture_technical_architecture.html HTTP/1.1"
2541	2025/01/29 14:12:24	"GET /uv2582fip2582inf210/documentation_programming.html HTTP/1.1"
255	2025/01/29 14:12:25	"GET /uv2582fip2582inf210/technical_environment_home.html HTTP/1.1"
2541	2025/01/29 14:12:26	"GET /uv2582fip2582inf210/inversion_of_control.html HTTP/1.1"
2547	2025/01/29 14:12:26	"GET /uv2582fip2582inf210/technical_environment_home.html HTTP/1.1"
255	2025/01/29 14:12:28	"GET /uv2582fip2582inf210/inversion_of_control.html HTTP/1.1"
2548	2025/01/29 14:12:36	"GET /uv2582fip2582inf210/technical_environment_home.html HTTP/1.1"
2570	2025/01/29 14:12:39	"GET /uv2582fip2582inf210/index.html HTTP/1.1"
252	2025/01/29 14:12:46	"GET /uv2582fip2582inf210/technical_environment_home.html HTTP/1.1"
2571	2025/01/29 14:12:47	"GET /uv2582fip2582inf210/web_architecture_home.html HTTP/1.1"
2536	2025/01/29 14:12:53	"GET /uv2582fip2582inf210/lecture_relational_model.html HTTP/1.1"
2570	2025/01/29 14:12:55	"GET /uv2582fip2582inf210/data_home.html HTTP/1.1"
2571	2025/01/29 14:12:56	"GET /uv2582fip2582inf210/data_home.html HTTP/1.1"
2570	2025/01/29 14:12:58	"GET /uv2582fip2582inf210/lecture_relational_model.html HTTP/1.1"
252	2025/01/29 14:13:00	"GET /uv2582fip2582inf210/documentation_docker.html HTTP/1.1"
2571	2025/01/29 14:13:01	"GET /uv2582fip2582inf210/images/prerequisite_data/prerequisite_data_2025.html HTTP/1.1"
2571	2025/01/29 14:13:03	"GET /uv2582fip2582inf210/data_home.html HTTP/1.1"
2546	2025/01/29 14:13:07	"GET /uv2582fip2582inf210/technical_environment_home.html HTTP/1.1"
258	2025/01/29 14:13:10	"GET /uv2582fip2582inf210/practice_docker.html HTTP/1.1"
252	2025/01/29 14:13:13	"GET /uv2582fip2582inf210/practice_docker.html HTTP/1.1"
2552	2025/01/29 14:13:18	"GET /uv2582fip2582inf210/web_architecture_home.html HTTP/1.1"
2535	2025/01/29 14:13:20	"GET /uv2582fip2582inf210/lecture_relational_model.html HTTP/1.1"
2558	2025/01/29 14:13:21	"GET /uv2582fip2582inf210/data_home.html HTTP/1.1"
2552	2025/01/29 14:13:21	"GET /uv2582fip2582inf210/images/prerequisite_archiweb/prerequisite_archiweb_2025.html HTTP/1.1"
2519	2025/01/29 14:13:25	"GET /uv2582fip2582inf210/web_architecture_home.html HTTP/1.1"
2558	2025/01/29 14:13:32	"GET /uv2582fip2582inf210/lecture_relational_model.html HTTP/1.1"
2520	2025/01/29 14:13:39	"GET /uv2582fip2582inf210/practice_spring.html HTTP/1.1"
2574	2025/01/29 14:13:43	"GET /uv2582fip2582inf210/lecture_relational_model.html HTTP/1.1"
2528	2025/01/29 14:13:45	"GET /uv2582fip2582inf210/inversion_of_control.html HTTP/1.1"
2572	2025/01/29 14:13:48	"GET /uv2582fip2582inf210/lecture_db_integrity.html HTTP/1.1"
2519	2025/01/29 14:13:56	"GET /uv2582fip2582inf210/technical_environment_home.html HTTP/1.1"
2519	2025/01/29 14:13:58	"GET /uv2582fip2582inf210/documentation_docker.html HTTP/1.1"
2519	2025/01/29 14:13:59	"GET /uv2582fip2582inf210/practice_docker.html HTTP/1.1"
2568	2025/01/29 14:14:09	"GET /uv2582fip2582inf210/lecture_relational_model.html HTTP/1.1"
2511	2025/01/29 14:14:18	"GET /uv2582fip2582inf210/documentation_rdbms.html HTTP/1.1"
2573	2025/01/29 14:14:20	"GET /uv2582fip2582inf210/lecture_db_integrity.html HTTP/1.1"
2575	2025/01/29 14:14:24	"GET /uv2582fip2582inf210/lecture_relational_model.html HTTP/1.1"
2552	2025/01/29 14:14:24	"GET /uv2582fip2582inf210/technical_environment_home.html HTTP/1.1"
2575	2025/01/29 14:14:25	"GET /uv2582fip2582inf210/lecture_modeling_normalization.html HTTP/1.1"
2536	2025/01/29 14:14:26	"GET /uv2582fip2582inf210/lecture_db_integrity.html HTTP/1.1"
2575	2025/01/29 14:14:26	"GET /uv2582fip2582inf210/lecture_db_tools.html HTTP/1.1"
2571	2025/01/29 14:14:34	"GET /uv2582fip2582inf210/lecture_relational_model.html HTTP/1.1"
2571	2025/01/29 14:14:37	"GET /uv2582fip2582inf210/lecture_db_tools.html HTTP/1.1"
2552	2025/01/29 14:14:39	"GET /uv2582fip2582inf210/images/prerequisite_techenv/prerequisite_techenv_2025.html HTTP/1.1"
2552	2025/01/29 14:14:43	"GET /uv2582fip2582inf210/practice_postgresql.html HTTP/1.1"
2575	2025/01/29 14:14:44	"GET /uv2582fip2582inf210/images/prerequisite_data/prerequisite_data_2025.html HTTP/1.1"
258	2025/01/29 14:15:04	"GET /uv2582fip2582inf210/documentation_programming.html HTTP/1.1"
2535	2025/01/29 14:15:10	"GET /uv2582fip2582inf210/lecture_db_integrity.html HTTP/1.1"
2561	2025/01/29 14:15:39	"GET /uv2582fip2582inf210/lecture_db_integrity.html HTTP/1.1"
2510	2025/01/29 14:15:58	"GET /uv2582fip2582inf210/project_home.html HTTP/1.1"
2510	2025/01/29 14:16:05	"GET /uv2582fip2582inf210/web_architecture_home.html HTTP/1.1"
2510	2025/01/29 14:16:10	"GET /uv2582fip2582inf210/practice_spring_2tiers.html HTTP/1.1"
2510	2025/01/29 14:16:23	"GET /uv2582fip2582inf210/lecture_dto.html HTTP/1.1"
2510	2025/01/29 14:16:24	"GET /uv2582fip2582inf210/lecture_software_architecture.html HTTP/1.1"
2510	2025/01/29 14:16:33	"GET /uv2582fip2582inf210/lecture_mvc_spring.html HTTP/1.1"
2568	2025/01/29 14:16:34	"GET /uv2582fip2582inf210/lecture_db_integrity.html HTTP/1.1"
2515	2025/01/29 14:16:39	"GET /uv2582fip2582inf210/lecture_software_architecture.html HTTP/1.1"
2510	2025/01/29 14:16:46	"GET /uv2582fip2582inf210/practice_spring_2tiers_ext.html HTTP/1.1"
2562	2025/01/29 14:16:50	"GET /uv2582fip2582inf210/lecture_db_integrity.html HTTP/1.1"
2526	2025/01/29 14:16:54	"GET /uv2582fip2582inf210/inversion_of_control.html HTTP/1.1"
2548	2025/01/29 14:17:08	"GET /uv2582fip2582inf210/web_architecture_home.html HTTP/1.1"
2556	2025/01/29 14:17:09	"GET /uv2582fip2582inf210/data_home.html HTTP/1.1"
2571	2025/01/29 14:17:10	"GET /uv2582fip2582inf210/lecture_relational_model.html HTTP/1.1"
2556	2025/01/29 14:17:16	"GET /uv2582fip2582inf210/lecture_db_integrity.html HTTP/1.1"
2510	2025/01/29 14:17:16	"GET /uv2582fip2582inf210/lecture_jpa.html HTTP/1.1"
2510	2025/01/29 14:17:18	"GET /uv2582fip2582inf210/practice_jpa.html HTTP/1.1"
2510	2025/01/29 14:17:18	"GET /uv2582fip2582inf210/practice_jpa_advanced.html HTTP/1.1"
2510	2025/01/29 14:17:19	"GET /uv2582fip2582inf210/practice_spring_2tiers.html HTTP/1.1"
2570	2025/01/29 14:17:31	"GET /uv2582fip2582inf210/lecture_db_integrity.html HTTP/1.1"
2552	2025/01/29 14:17:33	"GET /uv2582fip2582inf210/documentation_docker.html HTTP/1.1"
2536	2025/01/29 14:17:41	"GET /uv2582fip2582inf210/lecture_db_integrity.html HTTP/1.1"
2513	2025/01/29 14:17:49	"GET /uv2582fip2582inf210/images/prerequisite_techenv/prerequisite_techenv_2025.html HTTP/1.1"
2513	2025/01/29 14:17:52	"GET /uv2582fip2582inf210/documentation_docker.html HTTP/1.1"
2510	2025/01/29 14:17:55	"GET /uv2582fip2582inf210/technical_environment_home.html HTTP/1.1"
2524	2025/01/29 14:17:55	"GET /uv2582fip2582inf210/practice_docker_advanced.html HTTP/1.1"
2510	2025/01/29 14:17:59	"GET /uv2582fip2582inf210/inversion_of_control.html HTTP/1.1"
2526	2025/01/29 14:18:01	"GET /uv2582fip2582inf210/technical_environment_home.html HTTP/1.1"
2510	2025/01/29 14:18:02	"GET /uv2582fip2582inf210/documentation_programming.html HTTP/1.1"
2510	2025/01/29 14:18:05	"GET /uv2582fip2582inf210/practice_spring.html HTTP/1.1"
2512	2025/01/29 14:18:15	"GET /uv2582fip2582inf210/images/prerequisite_techenv/prerequisite_techenv_2025.html HTTP/1.1"
2552	2025/01/29 14:18:21	"GET /uv2582fip2582inf210/practice_docker.html HTTP/1.1"
2512	2025/01/29 14:18:22	"GET /uv2582fip2582inf210/documentation_docker.html HTTP/1.1"
2567	2025/01/29 14:18:22	"GET /uv2582fip2582inf210/lecture_relational_algebra.html HTTP/1.1"
2574	2025/01/29 14:18:35	"GET /uv2582fip2582inf210/lecture_db_integrity.html HTTP/1.1"
2567	2025/01/29 14:18:36	"GET /uv2582fip2582inf210/activity_relational_model.html HTTP/1.1"
2572	2025/01/29 14:18:50	"GET /uv2582fip2582inf210/activity_relational_model.html HTTP/1.1"
2571	2025/01/29 14:19:08	"GET /uv2582fip2582inf210/lecture_modeling_normalization.html HTTP/1.1"
2571	2025/01/29 14:19:27	"GET /uv2582fip2582inf210/lecture_db_tools.html HTTP/1.1"
2557	2025/01/29 14:19:29	"GET /uv2582fip2582inf210/lecture_db_integrity.html HTTP/1.1"
2564	2025/01/29 14:19:30	"GET /uv2582fip2582inf210/technical_environment_home.html HTTP/1.1"
2511	2025/01/29 14:19:31	"GET /uv2582fip2582inf210/practice_postgresql.html HTTP/1.1"
2564	2025/01/29 14:19:32	"GET /uv2582fip2582inf210/images/prerequisite_techenv/prerequisite_techenv_2025.html HTTP/1.1"
2573	2025/01/29 14:19:50	"GET /uv2582fip2582inf210/activity_relational_model.html HTTP/1.1"
2529	2025/01/29 14:20:16	"GET /uv2582fip2582inf210/documentation_programming.html HTTP/1.1"
2558	2025/01/29 14:20:28	"GET /uv2582fip2582inf210/lecture_db_integrity.html HTTP/1.1"
2536	2025/01/29 14:20:34	"GET /uv2582fip2582inf210/lecture_db_integrity.html HTTP/1.1"
2547	2025/01/29 14:20:42	"GET /uv2582fip2582inf210/documentation_docker.html HTTP/1.1"
2564	2025/01/29 14:20:49	"GET /uv2582fip2582inf210/inversion_of_control.html HTTP/1.1"
2524	2025/01/29 14:20:56	"GET /uv2582fip2582inf210/index.html HTTP/1.1"
2571	2025/01/29 14:20:58	"GET /uv2582fip2582inf210/activity_relational_model.html HTTP/1.1"
2524	2025/01/29 14:20:59	"GET /uv2582fip2582inf210/web_architecture_home.html HTTP/1.1"
2571	2025/01/29 14:21:04	"GET /uv2582fip2582inf210/lecture_db_integrity.html HTTP/1.1"
2524	2025/01/29 14:21:04	"GET /uv2582fip2582inf210/lecture_technical_architecture.html HTTP/1.1"
2517	2025/01/29 14:21:09	"GET /uv2582fip2582inf210/documentation_programming.html HTTP/1.1"
2510	2025/01/29 14:21:10	"GET /uv2582fip2582inf210/spring_bean.html HTTP/1.1"
2571	2025/01/29 14:21:13	"GET /uv2582fip2582inf210/lecture_relational_algebra.html HTTP/1.1"
2517	2025/01/29 14:21:16	"GET /uv2582fip2582inf210/practice_spring.html HTTP/1.1"
2568	2025/01/29 14:21:26	"GET /uv2582fip2582inf210/activity_relational_model.html HTTP/1.1"
2571	2025/01/29 14:21:37	"GET /uv2582fip2582inf210/activity_relational_model.html HTTP/1.1"
2511	2025/01/29 14:21:38	"GET /uv2582fip2582inf210/documentation_docker.html HTTP/1.1"
2511	2025/01/29 14:21:59	"GET /uv2582fip2582inf210/practice_docker.html HTTP/1.1"
2528	2025/01/29 14:22:07	"GET /uv2582fip2582inf210/practice_spring.html HTTP/1.1"
2511	2025/01/29 14:22:22	"GET /uv2582fip2582inf210/practice_docker_advanced.html HTTP/1.1"
2528	2025/01/29 14:22:24	"GET /uv2582fip2582inf210/spring_bean.html HTTP/1.1"
2531	2025/01/29 14:22:57	"GET /uv2582fip2582inf210/technical_environment_home.html HTTP/1.1"
2531	2025/01/29 14:23:18	"GET /uv2582fip2582inf210/documentation_docker.html HTTP/1.1"
2553	2025/01/29 14:23:55	"GET /uv2582fip2582inf210/practice_docker.html HTTP/1.1"
2526	2025/01/29 14:24:24	"GET /uv2582fip2582inf210/spring_bean.html HTTP/1.1"
2561	2025/01/29 14:24:27	"GET /uv2582fip2582inf210/activity_relational_model.html HTTP/1.1"
2513	2025/01/29 14:25:18	"GET /uv2582fip2582inf210/practice_docker.html HTTP/1.1"
2570	2025/01/29 14:25:23	"GET /uv2582fip2582inf210/lecture_relational_algebra.html HTTP/1.1"
2575	2025/01/29 14:25:29	"GET /uv2582fip2582inf210/lecture_db_integrity.html HTTP/1.1"
258	2025/01/29 14:25:34	"GET /uv2582fip2582inf210/lecture_technical_architecture.html HTTP/1.1"
2570	2025/01/29 14:25:50	"GET /uv2582fip2582inf210/activity_relational_model.html HTTP/1.1"
2512	2025/01/29 14:25:57	"GET /uv2582fip2582inf210/practice_docker.html HTTP/1.1"
259	2025/01/29 14:25:59	"GET /uv2582fip2582inf210/practice_docker.html HTTP/1.1"
2574	2025/01/29 14:26:56	"GET /uv2582fip2582inf210/lecture_relational_algebra.html HTTP/1.1"
2574	2025/01/29 14:27:19	"GET /uv2582fip2582inf210/activity_relational_model.html HTTP/1.1"
255	2025/01/29 14:27:21	"GET /uv2582fip2582inf210/index.html HTTP/1.1"
255	2025/01/29 14:27:26	"GET /uv2582fip2582inf210/web_architecture_home.html HTTP/1.1"
255	2025/01/29 14:27:37	"GET /uv2582fip2582inf210/index.html HTTP/1.1"
255	2025/01/29 14:27:39	"GET /uv2582fip2582inf210/data_home.html HTTP/1.1"
255	2025/01/29 14:27:57	"GET /uv2582fip2582inf210/images/prerequisite_data/prerequisite_data_2025.html HTTP/1.1"
255	2025/01/29 14:29:06	"GET /uv2582fip2582inf210/index.html HTTP/1.1"
255	2025/01/29 14:29:08	"GET /uv2582fip2582inf210/web_architecture_home.html HTTP/1.1"
255	2025/01/29 14:29:10	"GET /uv2582fip2582inf210/images/prerequisite_archiweb/prerequisite_archiweb_2025.html HTTP/1.1"
2548	2025/01/29 14:29:17	"GET /uv2582fip2582inf210/documentation_docker.html HTTP/1.1"
2531	2025/01/29 14:29:26	"GET /uv2582fip2582inf210/practice_docker.html HTTP/1.1"
2529	2025/01/29 14:29:39	"GET /uv2582fip2582inf210/index.html HTTP/1.1"
2531	2025/01/29 14:29:41	"GET /uv2582fip2582inf210/documentation_rdbms.html HTTP/1.1"
2536	2025/01/29 14:29:42	"GET /uv2582fip2582inf210/activity_relational_model.html HTTP/1.1"
2529	2025/01/29 14:29:44	"GET /uv2582fip2582inf210/web_architecture_home.html HTTP/1.1"
2529	2025/01/29 14:29:46	"GET /uv2582fip2582inf210/images/prerequisite_archiweb/prerequisite_archiweb_2025.html HTTP/1.1"
2570	2025/01/29 14:29:48	"GET /uv2582fip2582inf210/activity_relational_model_correction.html HTTP/1.1"
2535	2025/01/29 14:29:52	"GET /uv2582fip2582inf210/lecture_relational_algebra.html HTTP/1.1"
2529	2025/01/29 14:29:55	"GET /uv2582fip2582inf210/spring_bean.html HTTP/1.1"
2535	2025/01/29 14:29:59	"GET /uv2582fip2582inf210/activity_relational_model.html HTTP/1.1"
2564	2025/01/29 14:30:07	"GET /uv2582fip2582inf210/documentation_rdbms.html HTTP/1.1"
258	2025/01/29 14:30:16	"GET /uv2582fip2582inf210/lecture_software_architecture.html HTTP/1.1"
2564	2025/01/29 14:30:20	"GET /uv2582fip2582inf210/index.html HTTP/1.1"
2564	2025/01/29 14:30:24	"GET /uv2582fip2582inf210/web_architecture_home.html HTTP/1.1"
2564	2025/01/29 14:30:31	"GET /uv2582fip2582inf210/data_home.html HTTP/1.1"
2564	2025/01/29 14:30:47	"GET /uv2582fip2582inf210/images/prerequisite_data/prerequisite_data_2025.html HTTP/1.1"
2524	2025/01/29 14:30:59	"GET /uv2582fip2582inf210/lecture_software_architecture.html HTTP/1.1"
2564	2025/01/29 14:31:43	"GET /uv2582fip2582inf210/lecture_relational_model.html HTTP/1.1"
2575	2025/01/29 14:31:45	"GET /uv2582fip2582inf210/activity_relational_model.html HTTP/1.1"
2526	2025/01/29 14:32:26	"GET /uv2582fip2582inf210/practice_spring.html HTTP/1.1"
2547	2025/01/29 14:32:34	"GET /uv2582fip2582inf210/practice_docker.html HTTP/1.1"
255	2025/01/29 14:32:47	"GET /uv2582fip2582inf210/data_home.html HTTP/1.1"
2564	2025/01/29 14:33:16	"GET /uv2582fip2582inf210/lecture_db_integrity.html HTTP/1.1"
2558	2025/01/29 14:33:41	"GET /uv2582fip2582inf210/activity_relational_model.html HTTP/1.1"
2564	2025/01/29 14:34:09	"GET /uv2582fip2582inf210/activity_relational_model.html HTTP/1.1"
2522	2025/01/29 14:34:39	"GET /uv2582fip2582inf210/web_architecture_home.html HTTP/1.1"
2571	2025/01/29 14:35:22	"GET /uv2582fip2582inf210/lecture_modeling_normalization.html HTTP/1.1"
2531	2025/01/29 14:35:36	"GET /uv2582fip2582inf210/practice_postgresql.html HTTP/1.1"
2571	2025/01/29 14:36:21	"GET /uv2582fip2582inf210/lecture_conceptual_modeling.html HTTP/1.1"
2548	2025/01/29 14:36:55	"GET /uv2582fip2582inf210/practice_docker_advanced.html HTTP/1.1"
255	2025/01/29 14:37:10	"GET /uv2582fip2582inf210/lecture_relational_model.html HTTP/1.1"
252	2025/01/29 14:37:22	"GET /uv2582fip2582inf210/practice_postgresql.html HTTP/1.1"
255	2025/01/29 14:37:23	"GET /uv2582fip2582inf210/index.html HTTP/1.1"
255	2025/01/29 14:37:26	"GET /uv2582fip2582inf210/data_home.html HTTP/1.1"
2544	2025/01/29 14:37:52	"GET /uv2582fip2582inf210/spring_bean.html HTTP/1.1"
2544	2025/01/29 14:37:53	"GET /uv2582fip2582inf210/inversion_of_control.html HTTP/1.1"
258	2025/01/29 14:38:35	"GET /uv2582fip2582inf210/lecture_dto.html HTTP/1.1"
2562	2025/01/29 14:38:39	"GET /uv2582fip2582inf210/activity_relational_model.html HTTP/1.1"
2546	2025/01/29 14:39:01	"GET /uv2582fip2582inf210/practice_postgresql.html HTTP/1.1"
255	2025/01/29 14:39:07	"GET /uv2582fip2582inf210/lecture_relational_model.html HTTP/1.1"
2557	2025/01/29 14:39:28	"GET /uv2582fip2582inf210/activity_relational_model.html HTTP/1.1"
258	2025/01/29 14:40:32	"GET /uv2582fip2582inf210/lecture_mvc_spring.html HTTP/1.1"
2546	2025/01/29 14:41:32	"GET /uv2582fip2582inf210/spring_bean.html HTTP/1.1"
2546	2025/01/29 14:41:36	"GET /uv2582fip2582inf210/documentation_programming.html HTTP/1.1"
2546	2025/01/29 14:41:41	"GET /uv2582fip2582inf210/inversion_of_control.html HTTP/1.1"
2546	2025/01/29 14:41:51	"GET /uv2582fip2582inf210/documentation_rdbms.html HTTP/1.1"
2544	2025/01/29 14:42:01	"GET /uv2582fip2582inf210/documentation_programming.html HTTP/1.1"
2522	2025/01/29 14:42:03	"GET /uv2582fip2582inf210/images/prerequisite_archiweb/prerequisite_archiweb_2025.html HTTP/1.1"
2564	2025/01/29 14:42:13	"GET /uv2582fip2582inf210/activity_relational_model_correction.html HTTP/1.1"
2524	2025/01/29 14:42:45	"GET /uv2582fip2582inf210/lecture_dto.html HTTP/1.1"
2531	2025/01/29 14:43:07	"GET /uv2582fip2582inf210/practice_docker_advanced.html HTTP/1.1"
2564	2025/01/29 14:43:36	"GET /uv2582fip2582inf210/lecture_modeling_normalization.html HTTP/1.1"
2529	2025/01/29 14:44:15	"GET /uv2582fip2582inf210/inversion_of_control.html HTTP/1.1"
2541	2025/01/29 14:44:36	"GET /uv2582fip2582inf210/practice_spring.html HTTP/1.1"
252	2025/01/29 14:44:48	"GET /uv2582fip2582inf210/documentation_programming.html HTTP/1.1"
252	2025/01/29 14:44:58	"GET /uv2582fip2582inf210/practice_spring.html HTTP/1.1"
2524	2025/01/29 14:45:08	"GET /uv2582fip2582inf210/lecture_mvc_spring.html HTTP/1.1"
256	2025/01/29 14:45:54	"GET /uv2582fip2582inf210/documentation_docker.html HTTP/1.1"
2571	2025/01/29 14:48:22	"GET /uv2582fip2582inf210/data_home.html HTTP/1.1"
2556	2025/01/29 14:48:31	"GET /uv2582fip2582inf210/lecture_relational_model.html HTTP/1.1"
257	2025/01/29 14:48:40	"GET /uv2582fip2582inf210/documentation_programming.html HTTP/1.1"
2564	2025/01/29 14:48:42	"GET /uv2582fip2582inf210/lecture_conceptual_modeling.html HTTP/1.1"
2570	2025/01/29 14:48:59	"GET /uv2582fip2582inf210/data_home.html HTTP/1.1"
2570	2025/01/29 14:49:04	"GET /uv2582fip2582inf210/lecture_modeling_normalization.html HTTP/1.1"
2570	2025/01/29 14:49:08	"GET /uv2582fip2582inf210/lecture_relational_algebra.html HTTP/1.1"
2556	2025/01/29 14:49:10	"GET /uv2582fip2582inf210/activity_relational_model.html HTTP/1.1"
2570	2025/01/29 14:49:11	"GET /uv2582fip2582inf210/activity_relational_model.html HTTP/1.1"
2522	2025/01/29 14:50:16	"GET /uv2582fip2582inf210/lecture_technical_architecture.html HTTP/1.1"
2529	2025/01/29 14:51:09	"GET /uv2582fip2582inf210/data_home.html HTTP/1.1"
2569	2025/01/29 14:51:20	"GET /uv2582fip2582inf210/activity_relational_model_correction.html HTTP/1.1"
2512	2025/01/29 14:51:42	"GET /uv2582fip2582inf210/practice_postgresql.html HTTP/1.1"
2547	2025/01/29 14:53:15	"GET /uv2582fip2582inf210/practice_docker_advanced.html HTTP/1.1"
2517	2025/01/29 14:55:43	"GET /uv2582fip2582inf210/index.html HTTP/1.1"
2549	2025/01/29 14:55:44	"GET /uv2582fip2582inf210/practice_docker_advanced.html HTTP/1.1"
2517	2025/01/29 14:56:19	"GET /uv2582fip2582inf210/web_architecture_home.html HTTP/1.1"
255	2025/01/29 14:56:32	"GET /uv2582fip2582inf210/project_home.html HTTP/1.1"
255	2025/01/29 14:56:40	"GET /uv2582fip2582inf210/practice_spring.html HTTP/1.1"
2529	2025/01/29 14:56:57	"GET /uv2582fip2582inf210/lecture_technical_architecture.html HTTP/1.1"
2524	2025/01/29 14:58:18	"GET /uv2582fip2582inf210/images/prerequisite_archiweb/prerequisite_archiweb_2025.html HTTP/1.1"
2542	2025/01/29 14:59:19	"GET /uv2582fip2582inf210/project_home.html HTTP/1.1"
2549	2025/01/29 14:59:27	"GET /uv2582fip2582inf210/documentation_rdbms.html HTTP/1.1"
2561	2025/01/29 15:00:16	"GET /uv2582fip2582inf210/activity_relational_model.html HTTP/1.1"
2550	2025/01/29 15:03:50	"GET /uv2582fip2582inf210/technical_environment_home.html HTTP/1.1"
2550	2025/01/29 15:03:56	"GET /uv2582fip2582inf210/web_architecture_home.html HTTP/1.1"
2550	2025/01/29 15:04:00	"GET /uv2582fip2582inf210/lecture_technical_architecture.html HTTP/1.1"
2550	2025/01/29 15:04:04	"GET /uv2582fip2582inf210/lecture_software_architecture.html HTTP/1.1"
2546	2025/01/29 15:04:34	"GET /uv2582fip2582inf210/images/prerequisite_archiweb/prerequisite_archiweb_2025.html HTTP/1.1"
2546	2025/01/29 15:04:39	"GET /uv2582fip2582inf210/lecture_technical_architecture.html HTTP/1.1"
2546	2025/01/29 15:04:43	"GET /uv2582fip2582inf210/lecture_software_architecture.html HTTP/1.1"
2546	2025/01/29 15:04:46	"GET /uv2582fip2582inf210/lecture_mvc_spring.html HTTP/1.1"
2550	2025/01/29 15:04:58	"GET /uv2582fip2582inf210/lecture_jpa.html HTTP/1.1"
2569	2025/01/29 15:05:00	"GET /uv2582fip2582inf210/activity_sql.html HTTP/1.1"
2569	2025/01/29 15:05:04	"GET /uv2582fip2582inf210/practice_advanced_sql.html HTTP/1.1"
2549	2025/01/29 15:05:19	"GET /uv2582fip2582inf210/documentation_programming.html HTTP/1.1"
2549	2025/01/29 15:05:27	"GET /uv2582fip2582inf210/practice_postgresql.html HTTP/1.1"
2549	2025/01/29 15:05:34	"GET /uv2582fip2582inf210/index.html HTTP/1.1"
2549	2025/01/29 15:05:36	"GET /uv2582fip2582inf210/web_architecture_home.html HTTP/1.1"
2549	2025/01/29 15:05:45	"GET /uv2582fip2582inf210/images/prerequisite_archiweb/prerequisite_archiweb_2025.html HTTP/1.1"
2548	2025/01/29 15:05:56	"GET /uv2582fip2582inf210/PresentationUVINF210/pres.html HTTP/1.1"
2512	2025/01/29 15:06:01	"GET /uv2582fip2582inf210/documentation_programming.html HTTP/1.1"
2546	2025/01/29 15:06:10	"GET /uv2582fip2582inf210/lecture_jaxb.html HTTP/1.1"
2546	2025/01/29 15:06:17	"GET /uv2582fip2582inf210/lecture_validity.html HTTP/1.1"
2512	2025/01/29 15:06:36	"GET /uv2582fip2582inf210/practice_spring.html HTTP/1.1"
2514	2025/01/29 15:08:37	"GET /uv2582fip2582inf210/spring_bean.html HTTP/1.1"
2545	2025/01/29 15:09:47	"GET /uv2582fip2582inf210/practice_postgresql.html HTTP/1.1"
2514	2025/01/29 15:09:57	"GET /uv2582fip2582inf210/documentation_docker.html HTTP/1.1"
2571	2025/01/29 15:10:00	"GET /uv2582fip2582inf210/images/prerequisite_data/prerequisite_data_2025.html HTTP/1.1"
2571	2025/01/29 15:10:02	"GET /uv2582fip2582inf210/activity_sql.html HTTP/1.1"
2546	2025/01/29 15:10:09	"GET /uv2582fip2582inf210/practice_spring_2tiers.html HTTP/1.1"
2546	2025/01/29 15:10:26	"GET /uv2582fip2582inf210/web_architecture_home.html HTTP/1.1"
2571	2025/01/29 15:10:34	"GET /uv2582fip2582inf210/activity_sql.html HTTP/1.1"
2549	2025/01/29 15:11:06	"GET /uv2582fip2582inf210/lecture_technical_architecture.html HTTP/1.1"
2519	2025/01/29 15:11:06	"GET /uv2582fip2582inf210/practice_postgresql.html HTTP/1.1"
2549	2025/01/29 15:11:19	"GET /uv2582fip2582inf210/lecture_mvc_spring.html HTTP/1.1"
2546	2025/01/29 15:11:32	"GET /uv2582fip2582inf210/images/prerequisite_techenv/prerequisite_techenv_2025.html HTTP/1.1"
2546	2025/01/29 15:11:46	"GET /uv2582fip2582inf210/practice_docker.html HTTP/1.1"
2546	2025/01/29 15:11:55	"GET /uv2582fip2582inf210/practice_spring.html HTTP/1.1"
2548	2025/01/29 15:11:58	"GET /uv2582fip2582inf210/images/prerequisite_techenv/prerequisite_techenv_2025.html HTTP/1.1"
2520	2025/01/29 15:12:01	"GET /uv2582fip2582inf210/documentation_docker.html HTTP/1.1"
2520	2025/01/29 15:12:08	"GET /uv2582fip2582inf210/practice_postgresql.html HTTP/1.1"
255	2025/01/29 15:12:59	"GET /uv2582fip2582inf210/practice_docker.html HTTP/1.1"
255	2025/01/29 15:13:02	"GET /uv2582fip2582inf210/index.html HTTP/1.1"
2514	2025/01/29 15:15:30	"GET /uv2582fip2582inf210/practice_docker.html HTTP/1.1"
2536	2025/01/29 15:17:34	"GET /uv2582fip2582inf210/activity_relational_model_correction.html HTTP/1.1"
2561	2025/01/29 15:17:40	"GET /uv2582fip2582inf210/activity_relational_model_correction.html HTTP/1.1"
2561	2025/01/29 15:17:55	"GET /uv2582fip2582inf210/activity_relational_model.html HTTP/1.1"
2536	2025/01/29 15:19:18	"GET /uv2582fip2582inf210/index.html HTTP/1.1"
2536	2025/01/29 15:19:20	"GET /uv2582fip2582inf210/data_home.html HTTP/1.1"
2566	2025/01/29 15:38:30	"GET /uv2582fip2582inf210/technical_environment_home.html HTTP/1.1"
2566	2025/01/29 15:38:43	"GET /uv2582fip2582inf210/web_architecture_home.html HTTP/1.1"
2566	2025/01/29 15:38:49	"GET /uv2582fip2582inf210/data_home.html HTTP/1.1"
2566	2025/01/29 15:38:57	"GET /uv2582fip2582inf210/activity_relational_model.html HTTP/1.1"
2536	2025/01/29 15:39:48	"GET /uv2582fip2582inf210/lecture_modeling_normalization.html HTTP/1.1"
2570	2025/01/29 15:40:58	"GET /uv2582fip2582inf210/lecture_modeling_normalization.html HTTP/1.1"
2574	2025/01/29 15:41:28	"GET /uv2582fip2582inf210/activity_relational_model_correction.html HTTP/1.1"
2571	2025/01/29 15:41:35	"GET /uv2582fip2582inf210/practice_sql.html HTTP/1.1"
2561	2025/01/29 15:42:02	"GET /uv2582fip2582inf210/data_home.html HTTP/1.1"
2561	2025/01/29 15:42:04	"GET /uv2582fip2582inf210/lecture_modeling_normalization.html HTTP/1.1"
2571	2025/01/29 15:42:08	"GET /uv2582fip2582inf210/documentation_rdbms.html HTTP/1.1"
2570	2025/01/29 15:42:20	"GET /uv2582fip2582inf210/lecture_conceptual_modeling.html HTTP/1.1"
2563	2025/01/29 15:42:26	"GET /uv2582fip2582inf210/lecture_modeling_normalization.html HTTP/1.1"
2561	2025/01/29 15:42:31	"GET /uv2582fip2582inf210/lecture_modeling_normalization.html HTTP/1.1"
2561	2025/01/29 15:42:34	"GET /uv2582fip2582inf210/index.html HTTP/1.1"
2561	2025/01/29 15:42:48	"GET /uv2582fip2582inf210/data_home.html HTTP/1.1"
2561	2025/01/29 15:42:49	"GET /uv2582fip2582inf210/index.html HTTP/1.1"
2561	2025/01/29 15:42:53	"GET /uv2582fip2582inf210/PresentationUVINF210/pres.html HTTP/1.1"
2561	2025/01/29 15:43:02	"GET /uv2582fip2582inf210/index.html HTTP/1.1"
2563	2025/01/29 15:43:12	"GET /uv2582fip2582inf210/index.html HTTP/1.1"
2561	2025/01/29 15:43:17	"GET /uv2582fip2582inf210/technical_environment_home.html HTTP/1.1"
2563	2025/01/29 15:43:18	"GET /uv2582fip2582inf210/technical_environment_home.html HTTP/1.1"
2561	2025/01/29 15:43:22	"GET /uv2582fip2582inf210/index.html HTTP/1.1"
2561	2025/01/29 15:43:24	"GET /uv2582fip2582inf210/data_home.html HTTP/1.1"
2571	2025/01/29 15:44:44	"GET /uv2582fip2582inf210/practice_postgresql.html HTTP/1.1"
2535	2025/01/29 15:51:32	"GET /uv2582fip2582inf210/activity_relational_model_correction.html HTTP/1.1"
2567	2025/01/29 15:52:37	"GET /uv2582fip2582inf210/activity_relational_model_correction.html HTTP/1.1"
2572	2025/01/29 15:52:38	"GET /uv2582fip2582inf210/lecture_modeling_normalization.html HTTP/1.1"
2563	2025/01/29 15:53:09	"GET /uv2582fip2582inf210/lecture_conceptual_modeling.html HTTP/1.1"
2563	2025/01/29 15:53:18	"GET /uv2582fip2582inf210/activity_conceptual_modeling.html HTTP/1.1"
2570	2025/01/29 15:59:14	"GET /uv2582fip2582inf210/activity_conceptual_modeling.html HTTP/1.1"
2535	2025/01/29 15:59:26	"GET /uv2582fip2582inf210/index.html HTTP/1.1"
2568	2025/01/29 15:59:31	"GET /uv2582fip2582inf210/activity_relational_model_correction.html HTTP/1.1"
2535	2025/01/29 15:59:41	"GET /uv2582fip2582inf210/lecture_modeling_normalization.html HTTP/1.1"
2535	2025/01/29 15:59:51	"GET /uv2582fip2582inf210/licence.html HTTP/1.1"
2574	2025/01/29 16:00:03	"GET /uv2582fip2582inf210/lecture_modeling_normalization.html HTTP/1.1"
2569	2025/01/29 16:00:03	"GET /uv2582fip2582inf210/lecture_transaction.html HTTP/1.1"
2564	2025/01/29 16:00:06	"GET /uv2582fip2582inf210/activity_conceptual_modeling.html HTTP/1.1"
2569	2025/01/29 16:00:16	"GET /uv2582fip2582inf210/lecture_modeling_normalization.html HTTP/1.1"
2569	2025/01/29 16:00:22	"GET /uv2582fip2582inf210/lecture_conceptual_modeling.html HTTP/1.1"
2561	2025/01/29 16:00:25	"GET /uv2582fip2582inf210/lecture_conceptual_modeling.html HTTP/1.1"
2573	2025/01/29 16:00:32	"GET /uv2582fip2582inf210/lecture_modeling_normalization.html HTTP/1.1"
2573	2025/01/29 16:00:43	"GET /uv2582fip2582inf210/lecture_conceptual_modeling.html HTTP/1.1"
2571	2025/01/29 16:01:06	"GET /uv2582fip2582inf210/lecture_normalization.html HTTP/1.1"
2571	2025/01/29 16:01:12	"GET /uv2582fip2582inf210/activity_decomposition.html HTTP/1.1"
2571	2025/01/29 16:01:26	"GET /uv2582fip2582inf210/activity_conceptual_modeling.html HTTP/1.1"
2566	2025/01/29 16:02:08	"GET /uv2582fip2582inf210/lecture_modeling_normalization.html HTTP/1.1"
2566	2025/01/29 16:03:19	"GET /uv2582fip2582inf210/lecture_conceptual_modeling.html HTTP/1.1"
2535	2025/01/29 16:03:59	"GET /uv2582fip2582inf210/lecture_conceptual_modeling.html HTTP/1.1"
2535	2025/01/29 16:04:23	"GET /uv2582fip2582inf210/activity_conceptual_modeling.html HTTP/1.1"
2535	2025/01/29 16:04:39	"GET /uv2582fip2582inf210/activity_conceptual_modeling_correction.html HTTP/1.1"
2536	2025/01/29 16:04:41	"GET /uv2582fip2582inf210/lecture_conceptual_modeling.html HTTP/1.1"
2572	2025/01/29 16:05:45	"GET /uv2582fip2582inf210/lecture_conceptual_modeling.html HTTP/1.1"
2572	2025/01/29 16:05:57	"GET /uv2582fip2582inf210/activity_conceptual_modeling.html HTTP/1.1"
2568	2025/01/29 16:08:59	"GET /uv2582fip2582inf210/lecture_modeling_normalization.html HTTP/1.1"
2535	2025/01/29 16:09:19	"GET /uv2582fip2582inf210/lecture_normalization.html HTTP/1.1"
2573	2025/01/29 16:09:53	"GET /uv2582fip2582inf210/activity_conceptual_modeling.html HTTP/1.1"
2572	2025/01/29 16:09:55	"GET /uv2582fip2582inf210/activity_conceptual_modeling_correction.html HTTP/1.1"
2567	2025/01/29 16:12:51	"GET /uv2582fip2582inf210/lecture_modeling_normalization.html HTTP/1.1"
2567	2025/01/29 16:13:12	"GET /uv2582fip2582inf210/images/prerequisite_data/prerequisite_data_2025.html HTTP/1.1"
2567	2025/01/29 16:13:38	"GET /uv2582fip2582inf210/lecture_normalization.html HTTP/1.1"
2565	2025/01/29 16:13:42	"GET /uv2582fip2582inf210/activity_conceptual_modeling.html HTTP/1.1"
2565	2025/01/29 16:13:55	"GET /uv2582fip2582inf210/activity_conceptual_modeling_correction.html HTTP/1.1"
2571	2025/01/29 16:14:07	"GET /uv2582fip2582inf210/web_architecture_home.html HTTP/1.1"
2571	2025/01/29 16:14:10	"GET /uv2582fip2582inf210/index.html HTTP/1.1"
2571	2025/01/29 16:14:13	"GET /uv2582fip2582inf210/data_home.html HTTP/1.1"
2571	2025/01/29 16:14:19	"GET /uv2582fip2582inf210/images/prerequisite_data/prerequisite_data_2025.html HTTP/1.1"
2571	2025/01/29 16:14:21	"GET /uv2582fip2582inf210/activity_conceptual_modeling.html HTTP/1.1"
2563	2025/01/29 16:14:40	"GET /uv2582fip2582inf210/lecture_conceptual_modeling.html HTTP/1.1"
2566	2025/01/29 16:14:42	"GET /uv2582fip2582inf210/activity_conceptual_modeling.html HTTP/1.1"
2564	2025/01/29 16:15:19	"GET /uv2582fip2582inf210/activity_conceptual_modeling_correction.html HTTP/1.1"
2572	2025/01/29 16:15:26	"GET /uv2582fip2582inf210/activity_normalization.html HTTP/1.1"
2572	2025/01/29 16:15:48	"GET /uv2582fip2582inf210/activity_normalization_correction.html HTTP/1.1"
2575	2025/01/29 16:17:04	"GET /uv2582fip2582inf210/lecture_modeling_normalization.html HTTP/1.1"
2568	2025/01/29 16:17:20	"GET /uv2582fip2582inf210/lecture_conceptual_modeling.html HTTP/1.1"
2568	2025/01/29 16:17:28	"GET /uv2582fip2582inf210/activity_conceptual_modeling.html HTTP/1.1"
2571	2025/01/29 16:20:23	"GET /uv2582fip2582inf210/images/prerequisite_data/prerequisite_data_2025.html HTTP/1.1"
2571	2025/01/29 16:20:29	"GET /uv2582fip2582inf210/activity_decomposition.html HTTP/1.1"
2568	2025/01/29 16:21:46	"GET /uv2582fip2582inf210/lecture_conceptual_modeling.html HTTP/1.1"
2562	2025/01/29 16:22:06	"GET /uv2582fip2582inf210/activity_relational_model_correction.html HTTP/1.1"
2573	2025/01/29 16:23:00	"GET /uv2582fip2582inf210/activity_conceptual_modeling_correction.html HTTP/1.1"
2575	2025/01/29 16:23:35	"GET /uv2582fip2582inf210/lecture_conceptual_modeling.html HTTP/1.1"
2575	2025/01/29 16:23:49	"GET /uv2582fip2582inf210/activity_conceptual_modeling.html HTTP/1.1"
2561	2025/01/29 16:26:53	"GET /uv2582fip2582inf210/activity_relational_model.html HTTP/1.1"
2561	2025/01/29 16:26:57	"GET /uv2582fip2582inf210/activity_relational_model_correction.html HTTP/1.1"
2568	2025/01/29 16:29:55	"GET /uv2582fip2582inf210/activity_relational_model.html HTTP/1.1"
2539	2025/01/29 16:32:01	"GET /uv2582fip2582inf210/practice_spring.html HTTP/1.1"
2536	2025/01/29 16:33:41	"GET /uv2582fip2582inf210/lecture_independence_views.html HTTP/1.1"
2536	2025/01/29 16:33:42	"GET /uv2582fip2582inf210/lecture_conceptual_modeling.html HTTP/1.1"
2527	2025/01/29 16:36:54	"GET /uv2582fip2582inf210/technical_environment_home.html HTTP/1.1"
2527	2025/01/29 16:36:59	"GET /uv2582fip2582inf210/documentation_rdbms.html HTTP/1.1"
2527	2025/01/29 16:37:06	"GET /uv2582fip2582inf210/practice_postgresql.html HTTP/1.1"
2571	2025/01/29 16:38:03	"GET /uv2582fip2582inf210/index.html HTTP/1.1"
2572	2025/01/29 16:38:06	"GET /uv2582fip2582inf210/lecture_normalization.html HTTP/1.1"
2571	2025/01/29 16:38:09	"GET /uv2582fip2582inf210/data_home.html HTTP/1.1"
2571	2025/01/29 16:38:10	"GET /uv2582fip2582inf210/images/prerequisite_data/prerequisite_data_2025.html HTTP/1.1"
2563	2025/01/29 16:38:11	"GET /uv2582fip2582inf210/activity_conceptual_modeling_correction.html HTTP/1.1"
2566	2025/01/29 16:38:22	"GET /uv2582fip2582inf210/activity_conceptual_modeling_correction.html HTTP/1.1"
2557	2025/01/29 16:43:24	"GET /uv2582fip2582inf210/activity_relational_model_correction.html HTTP/1.1"
2566	2025/01/29 16:44:03	"GET /uv2582fip2582inf210/lecture_normalization.html HTTP/1.1"
2561	2025/01/29 16:44:05	"GET /uv2582fip2582inf210/activity_conceptual_modeling.html HTTP/1.1"
2571	2025/01/29 16:44:21	"GET /uv2582fip2582inf210/images/prerequisite_data/prerequisite_data_2025.html HTTP/1.1"
2571	2025/01/29 16:44:28	"GET /uv2582fip2582inf210/activity_decomposition.html HTTP/1.1"
2558	2025/01/29 16:44:36	"GET /uv2582fip2582inf210/lecture_modeling_normalization.html HTTP/1.1"
2527	2025/01/29 16:56:44	"GET /uv2582fip2582inf210/documentation_programming.html HTTP/1.1"
2527	2025/01/29 17:02:01	"GET /uv2582fip2582inf210/inversion_of_control.html HTTP/1.1"
2527	2025/01/29 17:30:31	"GET /uv2582fip2582inf210/spring_bean.html HTTP/1.1"
2534	2025/01/29 18:04:10	"GET /uv2582fip2582inf210/project_home.html HTTP/1.1"
2534	2025/01/29 18:04:14	"GET /uv2582fip2582inf210/index.html HTTP/1.1"
2534	2025/01/29 18:04:16	"GET /uv2582fip2582inf210/data_home.html HTTP/1.1"
2534	2025/01/29 18:04:22	"GET /uv2582fip2582inf210/web_architecture_home.html HTTP/1.1"
2534	2025/01/29 18:04:47	"GET /uv2582fip2582inf210/technical_environment_home.html HTTP/1.1"
2534	2025/01/29 18:04:49	"GET /uv2582fip2582inf210/practice_postgresql.html HTTP/1.1"
2544	2025/01/29 18:09:20	"GET /uv2582fip2582inf210/documentation_docker.html HTTP/1.1"
2544	2025/01/29 18:12:25	"GET /uv2582fip2582inf210/practice_docker_advanced.html HTTP/1.1"
2544	2025/01/29 18:16:27	"GET /uv2582fip2582inf210/practice_docker.html HTTP/1.1"
2544	2025/01/29 18:45:09	"GET /uv2582fip2582inf210/practice_postgresql.html HTTP/1.1"
2544	2025/01/29 18:52:17	"GET /uv2582fip2582inf210/documentation_rdbms.html HTTP/1.1"
2544	2025/01/29 18:56:07	"GET /uv2582fip2582inf210/practice_spring.html HTTP/1.1"
2544	2025/01/29 19:35:08	"GET /uv2582fip2582inf210/index.html HTTP/1.1"
2544	2025/01/29 19:35:10	"GET /uv2582fip2582inf210/web_architecture_home.html HTTP/1.1"
2544	2025/01/29 19:35:25	"GET /uv2582fip2582inf210/lecture_jaxb.html HTTP/1.1"
2544	2025/01/29 19:35:33	"GET /uv2582fip2582inf210/lecture_technical_architecture.html HTTP/1.1"
2544	2025/01/29 19:35:42	"GET /uv2582fip2582inf210/data_home.html HTTP/1.1"
2544	2025/01/29 19:35:44	"GET /uv2582fip2582inf210/project_home.html HTTP/1.1"
2514	2025/01/29 20:09:34	"GET /uv2582fip2582inf210/practice_docker_advanced.html HTTP/1.1"
2548	2025/01/29 20:17:40	"GET /uv2582fip2582inf210/lecture_technical_architecture.html HTTP/1.1"
2548	2025/01/29 20:17:58	"GET /uv2582fip2582inf210/data_home.html HTTP/1.1"
2548	2025/01/29 20:18:06	"GET /uv2582fip2582inf210/images/prerequisite_data/prerequisite_data_2025.html HTTP/1.1"
2514	2025/01/29 20:28:20	"GET /uv2582fip2582inf210/documentation_rdbms.html HTTP/1.1"
2514	2025/01/29 20:41:26	"GET /uv2582fip2582inf210/practice_postgresql.html HTTP/1.1"
2556	2025/01/29 20:52:30	"GET /uv2582fip2582inf210/activity_relational_model_correction.html HTTP/1.1"
2556	2025/01/29 21:44:00	"GET /uv2582fip2582inf210/lecture_modeling_normalization.html HTTP/1.1"
2556	2025/01/29 21:56:36	"GET /uv2582fip2582inf210/lecture_conceptual_modeling.html HTTP/1.1"
2556	2025/01/29 22:24:01	"GET /uv2582fip2582inf210/activity_conceptual_modeling.html HTTP/1.1"
2530	2025/01/29 23:35:36	"GET /uv2582fip2582inf210/practice_postgresql.html HTTP/1.1"
2530	2025/01/29 23:43:55	"GET /uv2582fip2582inf210/documentation_programming.html HTTP/1.1"
2530	2025/01/29 23:45:48	"GET /uv2582fip2582inf210/inversion_of_control.html HTTP/1.1"
2530	2025/01/29 23:53:35	"GET /uv2582fip2582inf210/spring_bean.html HTTP/1.1"
2530	2025/01/29 23:55:42	"GET /uv2582fip2582inf210/practice_spring.html HTTP/1.1"
2542	2025/03/05 09:39:47	"GET /uv2582fip2582inf210/project_presentation.html HTTP/1.1"
2542	2025/03/05 09:39:50	"GET /uv2582fip2582inf210/project_part2.html HTTP/1.1"
2552	2025/03/05 09:41:18	"GET /uv2582fip2582inf210/project_presentation.html HTTP/1.1"
2552	2025/03/05 09:41:21	"GET /uv2582fip2582inf210/project_part2.html HTTP/1.1"
2517	2025/03/05 09:42:12	"GET /uv2582fip2582inf210/project_presentation.html HTTP/1.1"
2517	2025/03/05 09:42:20	"GET /uv2582fip2582inf210/project_part2.html HTTP/1.1"
2530	2025/03/05 09:44:09	"GET /uv2582fip2582inf210/project_presentation.html HTTP/1.1"
2530	2025/03/05 09:44:11	"GET /uv2582fip2582inf210/project_part2.html HTTP/1.1"
2550	2025/03/05 09:51:10	"GET /uv2582fip2582inf210/project_presentation.html HTTP/1.1"
2550	2025/03/05 09:51:13	"GET /uv2582fip2582inf210/project_part2.html HTTP/1.1"
2519	2025/03/05 09:58:05	"GET /uv2582fip2582inf210/project_presentation.html HTTP/1.1"
2519	2025/03/05 09:58:07	"GET /uv2582fip2582inf210/project_part2.html HTTP/1.1"
2552	2025/03/05 10:22:03	"GET /uv2582fip2582inf210/project_part1.html HTTP/1.1"
2552	2025/03/05 10:22:13	"GET /uv2582fip2582inf210/project_specifications.html HTTP/1.1"
2553	2025/03/05 10:28:16	"GET /uv2582fip2582inf210/project_presentation.html HTTP/1.1"
2553	2025/03/05 10:28:18	"GET /uv2582fip2582inf210/project_part2.html HTTP/1.1"
2516	2025/03/05 10:39:54	"GET /uv2582fip2582inf210/project_presentation.html HTTP/1.1"
2516	2025/03/05 10:40:04	"GET /uv2582fip2582inf210/project_part2.html HTTP/1.1"
2540	2025/03/05 10:48:45	"GET /uv2582fip2582inf210/project_presentation.html HTTP/1.1"
2540	2025/03/05 10:48:49	"GET /uv2582fip2582inf210/project_part2.html HTTP/1.1"
2547	2025/03/05 11:24:10	"GET /uv2582fip2582inf210/project_presentation.html HTTP/1.1"
2547	2025/03/05 11:24:12	"GET /uv2582fip2582inf210/project_part2.html HTTP/1.1"
2518	2025/03/05 11:28:45	"GET /uv2582fip2582inf210/index.html HTTP/1.1"
2518	2025/03/05 11:28:58	"GET /uv2582fip2582inf210/project_presentation.html HTTP/1.1"
2518	2025/03/05 11:29:03	"GET /uv2582fip2582inf210/project_part2.html HTTP/1.1"
2550	2025/03/05 11:29:11	"GET /uv2582fip2582inf210/project_specifications.html HTTP/1.1"
2550	2025/03/05 11:29:16	"GET /uv2582fip2582inf210/project_part1.html HTTP/1.1"
2518	2025/03/05 11:45:41	"GET /uv2582fip2582inf210/project_part1.html HTTP/1.1"
256	2025/03/05 11:49:41	"GET /uv2582fip2582inf210/project_part2.html HTTP/1.1"
258	2025/03/05 11:50:26	"GET /uv2582fip2582inf210/project_presentation.html HTTP/1.1"
258	2025/03/05 11:51:38	"GET /uv2582fip2582inf210/project_part1.html HTTP/1.1"
258	2025/03/05 11:51:49	"GET /uv2582fip2582inf210/project_part2.html HTTP/1.1"
2514	2025/03/05 11:55:28	"GET /uv2582fip2582inf210/project_part1.html HTTP/1.1"
2514	2025/03/05 11:55:30	"GET /uv2582fip2582inf210/project_part2.html HTTP/1.1"
2544	2025/03/05 11:56:40	"GET /uv2582fip2582inf210/project_presentation.html HTTP/1.1"
2544	2025/03/05 11:56:42	"GET /uv2582fip2582inf210/project_part2.html HTTP/1.1"
2531	2025/03/05 12:35:32	"GET /uv2582fip2582inf210/project_presentation.html HTTP/1.1"
2531	2025/03/05 12:35:35	"GET /uv2582fip2582inf210/project_part2.html HTTP/1.1"
2515	2025/03/05 13:04:09	"GET /uv2582fip2582inf210/index.html HTTP/1.1"
2515	2025/03/05 13:04:12	"GET /uv2582fip2582inf210/project_presentation.html HTTP/1.1"
2515	2025/03/05 13:04:14	"GET /uv2582fip2582inf210/project_part2.html HTTP/1.1"
2545	2025/03/05 13:13:27	"GET /uv2582fip2582inf210/project_part2.html HTTP/1.1"
2561	2025/03/05 13:26:29	"GET /uv2582fip2582inf210/web_architecture_home.html HTTP/1.1"
2561	2025/03/05 13:26:52	"GET /uv2582fip2582inf210/practice_spring_2tiers_ext.html HTTP/1.1"
2527	2025/03/05 13:27:04	"GET /uv2582fip2582inf210/project_presentation.html HTTP/1.1"
2527	2025/03/05 13:27:08	"GET /uv2582fip2582inf210/project_part2.html HTTP/1.1"
2561	2025/03/05 13:28:38	"GET /uv2582fip2582inf210/index.html HTTP/1.1"
2563	2025/03/05 13:51:04	"GET /uv2582fip2582inf210/web_architecture_home.html HTTP/1.1"
2563	2025/03/05 13:51:16	"GET /uv2582fip2582inf210/data_home.html HTTP/1.1"
2569	2025/03/05 13:57:54	"GET /uv2582fip2582inf210/project_presentation.html HTTP/1.1"
2569	2025/03/05 13:58:09	"GET /uv2582fip2582inf210/technical_environment_home.html HTTP/1.1"
2569	2025/03/05 13:58:24	"GET /uv2582fip2582inf210/web_architecture_home.html HTTP/1.1"
2572	2025/03/05 13:59:03	"GET /uv2582fip2582inf210/project_presentation.html HTTP/1.1"
2569	2025/03/05 13:59:28	"GET /uv2582fip2582inf210/project_part1.html HTTP/1.1"
2569	2025/03/05 13:59:28	"GET /uv2582fip2582inf210/project_part1.html HTTP/1.1"
2572	2025/03/05 13:59:40	"GET /uv2582fip2582inf210/project_part1.html HTTP/1.1"
2569	2025/03/05 14:01:20	"GET /uv2582fip2582inf210/index.html HTTP/1.1"
2569	2025/03/05 14:01:27	"GET /uv2582fip2582inf210/practice_spring_2tiers_ext.html HTTP/1.1"
2547	2025/03/05 14:01:49	"GET /uv2582fip2582inf210/project_part1.html HTTP/1.1"
2544	2025/03/05 14:02:13	"GET /uv2582fip2582inf210/data_home.html HTTP/1.1"
2563	2025/03/05 14:02:31	"GET /uv2582fip2582inf210/practice_spring_2tiers_ext.html HTTP/1.1"
2549	2025/03/05 14:04:15	"GET /uv2582fip2582inf210/index.html HTTP/1.1"
2549	2025/03/05 14:04:18	"GET /uv2582fip2582inf210/project_presentation.html HTTP/1.1"
2565	2025/03/05 14:04:53	"GET /uv2582fip2582inf210/project_presentation.html HTTP/1.1"
2565	2025/03/05 14:05:21	"GET /uv2582fip2582inf210/project_part1.html HTTP/1.1"
2558	2025/03/05 14:08:12	"GET /uv2582fip2582inf210/practice_postgresql.html HTTP/1.1"
2558	2025/03/05 14:08:14	"GET /uv2582fip2582inf210/index.html HTTP/1.1"
2535	2025/03/05 14:09:00	"GET /uv2582fip2582inf210/index.html HTTP/1.1"
2535	2025/03/05 14:09:58	"GET /uv2582fip2582inf210/web_architecture_home.html HTTP/1.1"
2535	2025/03/05 14:10:02	"GET /uv2582fip2582inf210/practice_spring_2tiers_ext.html HTTP/1.1"
2570	2025/03/05 14:10:03	"GET /uv2582fip2582inf210/web_architecture_home.html HTTP/1.1"
2536	2025/03/05 14:10:04	"GET /uv2582fip2582inf210/project_presentation.html HTTP/1.1"
2570	2025/03/05 14:10:05	"GET /uv2582fip2582inf210/practice_spring_2tiers_ext.html HTTP/1.1"
2572	2025/03/05 14:10:09	"GET /uv2582fip2582inf210/data_home.html HTTP/1.1"
2574	2025/03/05 14:10:16	"GET /uv2582fip2582inf210/web_architecture_home.html HTTP/1.1"
2536	2025/03/05 14:10:16	"GET /uv2582fip2582inf210/web_architecture_home.html HTTP/1.1"
2536	2025/03/05 14:10:21	"GET /uv2582fip2582inf210/practice_spring_2tiers_ext.html HTTP/1.1"
2566	2025/03/05 14:10:21	"GET /uv2582fip2582inf210/project_presentation.html HTTP/1.1"
2574	2025/03/05 14:10:22	"GET /uv2582fip2582inf210/practice_spring_2tiers_ext.html HTTP/1.1"
2566	2025/03/05 14:10:27	"GET /uv2582fip2582inf210/data_home.html HTTP/1.1"
2568	2025/03/05 14:10:30	"GET /uv2582fip2582inf210/web_architecture_home.html HTTP/1.1"
2572	2025/03/05 14:10:30	"GET /uv2582fip2582inf210/web_architecture_home.html HTTP/1.1"
2568	2025/03/05 14:10:31	"GET /uv2582fip2582inf210/images/prerequisite_archiweb/prerequisite_archiweb_2025.html HTTP/1.1"
2566	2025/03/05 14:10:32	"GET /uv2582fip2582inf210/web_architecture_home.html HTTP/1.1"
2572	2025/03/05 14:10:34	"GET /uv2582fip2582inf210/practice_spring_2tiers_ext.html HTTP/1.1"
2566	2025/03/05 14:10:38	"GET /uv2582fip2582inf210/practice_spring_2tiers_ext.html HTTP/1.1"
2565	2025/03/05 14:10:43	"GET /uv2582fip2582inf210/web_architecture_home.html HTTP/1.1"
2558	2025/03/05 14:10:46	"GET /uv2582fip2582inf210/practice_spring_2tiers_ext.html HTTP/1.1"
2565	2025/03/05 14:10:50	"GET /uv2582fip2582inf210/practice_spring_2tiers_ext.html HTTP/1.1"
2568	2025/03/05 14:10:50	"GET /uv2582fip2582inf210/practice_spring_2tiers_ext.html HTTP/1.1"
2567	2025/03/05 14:10:56	"GET /uv2582fip2582inf210/web_architecture_home.html HTTP/1.1"
2567	2025/03/05 14:11:01	"GET /uv2582fip2582inf210/practice_spring_2tiers_ext.html HTTP/1.1"
2571	2025/03/05 14:11:03	"GET /uv2582fip2582inf210/web_architecture_home.html HTTP/1.1"
2571	2025/03/05 14:11:06	"GET /uv2582fip2582inf210/images/prerequisite_archiweb/prerequisite_archiweb_2025.html HTTP/1.1"
2571	2025/03/05 14:11:08	"GET /uv2582fip2582inf210/practice_spring_2tiers_ext.html HTTP/1.1"
2536	2025/03/05 14:11:09	"GET /uv2582fip2582inf210/index.html HTTP/1.1"
259	2025/03/05 14:11:11	"GET /uv2582fip2582inf210/project_presentation.html HTTP/1.1"
2513	2025/03/05 14:11:11	"GET /uv2582fip2582inf210/project_presentation.html HTTP/1.1"
2513	2025/03/05 14:11:15	"GET /uv2582fip2582inf210/project_part2.html HTTP/1.1"
2535	2025/03/05 14:12:10	"GET /uv2582fip2582inf210/index.html HTTP/1.1"
2557	2025/03/05 14:13:01	"GET /uv2582fip2582inf210/web_architecture_home.html HTTP/1.1"
2561	2025/03/05 14:13:11	"GET /uv2582fip2582inf210/web_architecture_home.html HTTP/1.1"
2562	2025/03/05 14:13:13	"GET /uv2582fip2582inf210/index.html HTTP/1.1"
2561	2025/03/05 14:13:14	"GET /uv2582fip2582inf210/practice_spring_2tiers_ext.html HTTP/1.1"
2557	2025/03/05 14:13:17	"GET /uv2582fip2582inf210/practice_spring_2tiers_ext.html HTTP/1.1"
2562	2025/03/05 14:13:21	"GET /uv2582fip2582inf210/project_presentation.html HTTP/1.1"
2562	2025/03/05 14:13:24	"GET /uv2582fip2582inf210/web_architecture_home.html HTTP/1.1"
2562	2025/03/05 14:13:36	"GET /uv2582fip2582inf210/practice_spring_2tiers_ext.html HTTP/1.1"
2556	2025/03/05 14:14:17	"GET /uv2582fip2582inf210/web_architecture_home.html HTTP/1.1"
2556	2025/03/05 14:14:23	"GET /uv2582fip2582inf210/project_presentation.html HTTP/1.1"
2536	2025/03/05 14:14:28	"GET /uv2582fip2582inf210/lecture_software_architecture.html HTTP/1.1"
2556	2025/03/05 14:14:29	"GET /uv2582fip2582inf210/data_home.html HTTP/1.1"
2573	2025/03/05 14:14:33	"GET /uv2582fip2582inf210/web_architecture_home.html HTTP/1.1"
2573	2025/03/05 14:14:38	"GET /uv2582fip2582inf210/practice_spring_2tiers_ext.html HTTP/1.1"
2535	2025/03/05 14:14:42	"GET /uv2582fip2582inf210/lecture_software_architecture.html HTTP/1.1"
2556	2025/03/05 14:14:45	"GET /uv2582fip2582inf210/technical_environment_home.html HTTP/1.1"
2556	2025/03/05 14:15:33	"GET /uv2582fip2582inf210/practice_spring_2tiers_ext.html HTTP/1.1"
2558	2025/03/05 14:15:50	"GET /uv2582fip2582inf210/lecture_software_architecture.html HTTP/1.1"
2558	2025/03/05 14:16:30	"GET /uv2582fip2582inf210/practice_spring_2tiers.html HTTP/1.1"
2571	2025/03/05 14:16:59	"GET /uv2582fip2582inf210/practice_spring_2tiers.html HTTP/1.1"
2574	2025/03/05 14:17:19	"GET /uv2582fip2582inf210/lecture_dto.html HTTP/1.1"
2535	2025/03/05 14:17:26	"GET /uv2582fip2582inf210/lecture_dto.html HTTP/1.1"
259	2025/03/05 14:18:40	"GET /uv2582fip2582inf210/project_part2.html HTTP/1.1"
259	2025/03/05 14:19:03	"GET /uv2582fip2582inf210/web_architecture_home.html HTTP/1.1"
2536	2025/03/05 14:19:05	"GET /uv2582fip2582inf210/lecture_dto.html HTTP/1.1"
259	2025/03/05 14:19:08	"GET /uv2582fip2582inf210/lecture_jpa.html HTTP/1.1"
2558	2025/03/05 14:19:10	"GET /uv2582fip2582inf210/lecture_dto.html HTTP/1.1"
259	2025/03/05 14:19:17	"GET /uv2582fip2582inf210/practice_jpa.html HTTP/1.1"
2564	2025/03/05 14:19:27	"GET /uv2582fip2582inf210/web_architecture_home.html HTTP/1.1"
2564	2025/03/05 14:19:31	"GET /uv2582fip2582inf210/images/prerequisite_archiweb/prerequisite_archiweb_2025.html HTTP/1.1"
2564	2025/03/05 14:19:37	"GET /uv2582fip2582inf210/practice_spring_2tiers_ext.html HTTP/1.1"
2562	2025/03/05 14:20:03	"GET /uv2582fip2582inf210/lecture_dto.html HTTP/1.1"
2566	2025/03/05 14:20:10	"GET /uv2582fip2582inf210/lecture_dto.html HTTP/1.1"
2564	2025/03/05 14:20:18	"GET /uv2582fip2582inf210/practice_spring_2tiers.html HTTP/1.1"
2567	2025/03/05 14:20:54	"GET /uv2582fip2582inf210/practice_spring_2tiers.html HTTP/1.1"
2564	2025/03/05 14:21:31	"GET /uv2582fip2582inf210/index.html HTTP/1.1"
2564	2025/03/05 14:21:34	"GET /uv2582fip2582inf210/technical_environment_home.html HTTP/1.1"
2575	2025/03/05 14:23:16	"GET /uv2582fip2582inf210/web_architecture_home.html HTTP/1.1"
2575	2025/03/05 14:23:22	"GET /uv2582fip2582inf210/practice_spring_2tiers_ext.html HTTP/1.1"
2564	2025/03/05 14:24:20	"GET /uv2582fip2582inf210/lecture_dto.html HTTP/1.1"
2511	2025/03/05 14:25:11	"GET /uv2582fip2582inf210/web_architecture_home.html HTTP/1.1"
2511	2025/03/05 14:25:24	"GET /uv2582fip2582inf210/practice_spring_2tiers_ext.html HTTP/1.1"
2571	2025/03/05 14:25:35	"GET /uv2582fip2582inf210/lecture_dto.html HTTP/1.1"
2557	2025/03/05 14:25:36	"GET /uv2582fip2582inf210/lecture_dto.html HTTP/1.1"
2571	2025/03/05 14:26:10	"GET /uv2582fip2582inf210/index.html HTTP/1.1"
2571	2025/03/05 14:26:22	"GET /uv2582fip2582inf210/technical_environment_home.html HTTP/1.1"
2564	2025/03/05 14:27:37	"GET /uv2582fip2582inf210/lecture_xml.html HTTP/1.1"
2556	2025/03/05 14:29:19	"GET /uv2582fip2582inf210/practice_spring_2tiers_ext.html HTTP/1.1"
2573	2025/03/05 14:30:07	"GET /uv2582fip2582inf210/lecture_dto.html HTTP/1.1"
2556	2025/03/05 14:30:15	"GET /uv2582fip2582inf210/lecture_dto.html HTTP/1.1"
258	2025/03/05 14:37:21	"GET /uv2582fip2582inf210/project_evaluation.html HTTP/1.1"
2575	2025/03/05 14:38:50	"GET /uv2582fip2582inf210/lecture_dto.html HTTP/1.1"
258	2025/03/05 14:38:55	"GET /uv2582fip2582inf210/project_task_time.html HTTP/1.1"
2556	2025/03/05 14:51:50	"GET /uv2582fip2582inf210/practice_jpa.html HTTP/1.1"
2514	2025/03/05 14:53:58	"GET /uv2582fip2582inf210/project_specifications.html HTTP/1.1"
2570	2025/03/05 15:15:19	"GET /uv2582fip2582inf210/project_presentation.html HTTP/1.1"
2570	2025/03/05 15:15:27	"GET /uv2582fip2582inf210/project_part1.html HTTP/1.1"
259	2025/03/05 15:30:08	"GET /uv2582fip2582inf210/practice_jpa_advanced.html HTTP/1.1"
259	2025/03/05 15:30:28	"GET /uv2582fip2582inf210/practice_spring_2tiers.html HTTP/1.1"
259	2025/03/05 15:30:46	"GET /uv2582fip2582inf210/practice_spring_2tiers_ext.html HTTP/1.1"
2571	2025/03/05 15:39:02	"GET /uv2582fip2582inf210/project_presentation.html HTTP/1.1"
2571	2025/03/05 15:39:22	"GET /uv2582fip2582inf210/project_specifications.html HTTP/1.1"
2570	2025/03/05 15:41:05	"GET /uv2582fip2582inf210/project_part3.html HTTP/1.1"
2571	2025/03/05 15:43:31	"GET /uv2582fip2582inf210/project_evaluation.html HTTP/1.1"
2571	2025/03/05 15:44:17	"GET /uv2582fip2582inf210/project_task_time.html HTTP/1.1"
2511	2025/03/05 15:44:19	"GET /uv2582fip2582inf210/index.html HTTP/1.1"
2511	2025/03/05 15:44:22	"GET /uv2582fip2582inf210/project_presentation.html HTTP/1.1"
2511	2025/03/05 15:44:24	"GET /uv2582fip2582inf210/project_evaluation.html HTTP/1.1"
2570	2025/03/05 15:44:33	"GET /uv2582fip2582inf210/project_specifications.html HTTP/1.1"
2571	2025/03/05 15:44:35	"GET /uv2582fip2582inf210/project_part1.html HTTP/1.1"
2570	2025/03/05 15:44:39	"GET /uv2582fip2582inf210/project_evaluation.html HTTP/1.1"
2511	2025/03/05 15:44:39	"GET /uv2582fip2582inf210/project_part2.html HTTP/1.1"
2571	2025/03/05 15:44:52	"GET /uv2582fip2582inf210/project_part2.html HTTP/1.1"
2511	2025/03/05 15:44:57	"GET /uv2582fip2582inf210/project_task_time.html HTTP/1.1"
2533	2025/03/05 15:52:29	"GET /uv2582fip2582inf210/project_presentation.html HTTP/1.1"
2533	2025/03/05 15:52:37	"GET /uv2582fip2582inf210/project_part2.html HTTP/1.1"
2570	2025/03/05 15:54:04	"GET /uv2582fip2582inf210/project_task_time.html HTTP/1.1"
2570	2025/03/05 15:56:39	"GET /uv2582fip2582inf210/index.html HTTP/1.1"
2523	2025/03/05 15:57:16	"GET /uv2582fip2582inf210/project_presentation.html HTTP/1.1"
2523	2025/03/05 15:57:16	"GET /uv2582fip2582inf210/project_presentation.html HTTP/1.1"
2523	2025/03/05 15:57:25	"GET /uv2582fip2582inf210/project_part2.html HTTP/1.1"
2523	2025/03/05 15:57:25	"GET /uv2582fip2582inf210/project_part2.html HTTP/1.1"
2552	2025/03/05 16:12:01	"GET /uv2582fip2582inf210/project_part1.html HTTP/1.1"
2552	2025/03/05 16:12:31	"GET /uv2582fip2582inf210/project_specifications.html HTTP/1.1"
2558	2025/03/05 16:13:33	"GET /uv2582fip2582inf210/lecture_mvc_spring.html HTTP/1.1"
2558	2025/03/05 16:13:37	"GET /uv2582fip2582inf210/practice_jpa.html HTTP/1.1"
2562	2025/03/05 16:16:31	"GET /uv2582fip2582inf210/documentation_docker.html HTTP/1.1"
2572	2025/03/05 16:21:00	"GET /uv2582fip2582inf210/index.html HTTP/1.1"
2572	2025/03/05 16:21:43	"GET /uv2582fip2582inf210/project_specifications.html HTTP/1.1"
2572	2025/03/05 16:23:36	"GET /uv2582fip2582inf210/project_evaluation.html HTTP/1.1"
2561	2025/03/05 16:23:55	"GET /uv2582fip2582inf210/index.html HTTP/1.1"
2561	2025/03/05 16:24:08	"GET /uv2582fip2582inf210/web_architecture_home.html HTTP/1.1"
2561	2025/03/05 16:24:13	"GET /uv2582fip2582inf210/index.html HTTP/1.1"
2575	2025/03/05 16:24:13	"GET /uv2582fip2582inf210/index.html HTTP/1.1"
2561	2025/03/05 16:24:15	"GET /uv2582fip2582inf210/data_home.html HTTP/1.1"
2575	2025/03/05 16:24:16	"GET /uv2582fip2582inf210/project_presentation.html HTTP/1.1"
2561	2025/03/05 16:24:22	"GET /uv2582fip2582inf210/lecture_conceptual_modeling.html HTTP/1.1"
2575	2025/03/05 16:24:32	"GET /uv2582fip2582inf210/project_evaluation.html HTTP/1.1"
2536	2025/03/05 16:24:46	"GET /uv2582fip2582inf210/index.html HTTP/1.1"
2575	2025/03/05 16:26:57	"GET /uv2582fip2582inf210/project_specifications.html HTTP/1.1"
2575	2025/03/05 16:27:51	"GET /uv2582fip2582inf210/project_presentation.html HTTP/1.1"
2575	2025/03/05 16:27:55	"GET /uv2582fip2582inf210/project_part1.html HTTP/1.1"
2570	2025/03/05 16:32:09	"GET /uv2582fip2582inf210/technical_environment_home.html HTTP/1.1"
2561	2025/03/05 16:43:35	"GET /uv2582fip2582inf210/practice_spring_2tiers_ext.html HTTP/1.1"
2527	2025/03/05 16:49:50	"GET /uv2582fip2582inf210/project_presentation.html HTTP/1.1"
2527	2025/03/05 16:49:53	"GET /uv2582fip2582inf210/project_part2.html HTTP/1.1"
2526	2025/03/05 17:30:34	"GET /uv2582fip2582inf210/project_part2.html HTTP/1.1"
2543	2025/03/05 17:39:33	"GET /uv2582fip2582inf210/index.html HTTP/1.1"
2543	2025/03/05 17:39:37	"GET /uv2582fip2582inf210/project_presentation.html HTTP/1.1"
2514	2025/03/05 17:42:58	"GET /uv2582fip2582inf210/project_part2.html HTTP/1.1"
2543	2025/03/05 18:09:41	"GET /uv2582fip2582inf210/project_part2.html HTTP/1.1"
258	2025/03/05 18:37:30	"GET /uv2582fip2582inf210/index.html HTTP/1.1"
258	2025/03/05 18:38:42	"GET /uv2582fip2582inf210/technical_environment_home.html HTTP/1.1"
258	2025/03/05 18:38:50	"GET /uv2582fip2582inf210/project_presentation.html HTTP/1.1"
2527	2025/03/05 18:48:21	"GET /uv2582fip2582inf210/project_presentation.html HTTP/1.1"
2527	2025/03/05 18:48:26	"GET /uv2582fip2582inf210/project_part2.html HTTP/1.1"
2570	2025/03/05 19:12:12	"GET /uv2582fip2582inf210/data_home.html HTTP/1.1"
2570	2025/03/05 19:12:17	"GET /uv2582fip2582inf210/activity_conceptual_modeling.html HTTP/1.1"
2570	2025/03/05 19:12:21	"GET /uv2582fip2582inf210/lecture_conceptual_modeling.html HTTP/1.1"
2570	2025/03/05 19:13:05	"GET /uv2582fip2582inf210/lecture_relational_model.html HTTP/1.1"
2556	2025/03/05 22:07:27	"GET /uv2582fip2582inf210/practice_docker.html HTTP/1.1"
2520	2025/03/05 23:26:28	"GET /uv2582fip2582inf210/project_part1.html HTTP/1.1"
2520	2025/03/05 23:29:53	"GET /uv2582fip2582inf210/project_task_time.html HTTP/1.1"
2520	2025/03/05 23:30:18	"GET /uv2582fip2582inf210/project_specifications.html HTTP/1.1"
2520	2025/03/05 23:30:55	"GET /uv2582fip2582inf210/project_evaluation.html HTTP/1.1"
2520	2025/03/10 09:43:06	"GET /uv2582fip2582inf210/project_specifications.html HTTP/1.1"
2520	2025/03/10 09:43:10	"GET /uv2582fip2582inf210/project_part3.html HTTP/1.1"
2520	2025/03/10 09:43:32	"GET /uv2582fip2582inf210/project_structureui.html HTTP/1.1"
2511	2025/03/10 10:02:56	"GET /uv2582fip2582inf210/project_presentation.html HTTP/1.1"
2511	2025/03/10 10:02:59	"GET /uv2582fip2582inf210/project_part3.html HTTP/1.1"
2511	2025/03/10 10:05:06	"GET /uv2582fip2582inf210/project_structureui.html HTTP/1.1"
2511	2025/03/10 10:06:25	"GET /uv2582fip2582inf210/index.html HTTP/1.1"
2543	2025/03/10 13:02:36	"GET /uv2582fip2582inf210/index.html HTTP/1.1"
2543	2025/03/10 13:02:40	"GET /uv2582fip2582inf210/project_presentation.html HTTP/1.1"
2543	2025/03/10 13:02:46	"GET /uv2582fip2582inf210/project_structureui.html HTTP/1.1"
2543	2025/03/10 13:02:49	"GET /uv2582fip2582inf210/project_part3.html HTTP/1.1"
2524	2025/03/10 13:40:22	"GET /uv2582fip2582inf210/index.html HTTP/1.1"
2524	2025/03/10 13:40:26	"GET /uv2582fip2582inf210/project_presentation.html HTTP/1.1"
2524	2025/03/10 13:40:29	"GET /uv2582fip2582inf210/project_specifications.html HTTP/1.1"
2558	2025/03/10 15:48:04	"GET /uv2582fip2582inf210/project_presentation.html HTTP/1.1"
2558	2025/03/10 15:48:12	"GET /uv2582fip2582inf210/project_part2.html HTTP/1.1"
2558	2025/03/10 15:48:30	"GET /uv2582fip2582inf210/index.html HTTP/1.1"
2558	2025/03/10 15:48:32	"GET /uv2582fip2582inf210/technical_environment_home.html HTTP/1.1"
2558	2025/03/10 15:48:41	"GET /uv2582fip2582inf210/practice_docker.html HTTP/1.1"
2558	2025/03/10 15:49:35	"GET /uv2582fip2582inf210/practice_docker_advanced.html HTTP/1.1"
2558	2025/03/10 15:49:37	"GET /uv2582fip2582inf210/practice_postgresql.html HTTP/1.1"
2558	2025/03/10 15:51:37	"GET /uv2582fip2582inf210/project_specifications.html HTTP/1.1"
2540	2025/03/10 17:11:20	"GET /uv2582fip2582inf210/project_presentation.html HTTP/1.1"
2540	2025/03/10 17:11:22	"GET /uv2582fip2582inf210/project_specifications.html HTTP/1.1"
2534	2025/03/10 17:55:07	"GET /uv2582fip2582inf210/project_presentation.html HTTP/1.1"
2534	2025/03/10 17:55:11	"GET /uv2582fip2582inf210/project_part3.html HTTP/1.1"
2534	2025/03/10 17:57:57	"GET /uv2582fip2582inf210/project_part3.html HTTP/1.1"
2534	2025/03/10 17:58:12	"GET /uv2582fip2582inf210/project_structureui.html HTTP/1.1"
2553	2025/03/10 18:09:53	"GET /uv2582fip2582inf210/project_presentation.html HTTP/1.1"
2553	2025/03/10 18:09:57	"GET /uv2582fip2582inf210/project_part2.html HTTP/1.1"
2543	2025/03/10 19:01:30	"GET /uv2582fip2582inf210/project_part2.html HTTP/1.1"
2558	2025/03/10 21:15:25	"GET /uv2582fip2582inf210/project_presentation.html HTTP/1.1"
2558	2025/03/10 21:15:31	"GET /uv2582fip2582inf210/project_part2.html HTTP/1.1"
2527	2025/03/10 21:25:08	"GET /uv2582fip2582inf210/project_presentation.html HTTP/1.1"
2527	2025/03/10 21:25:12	"GET /uv2582fip2582inf210/project_specifications.html HTTP/1.1"
2548	2025/03/10 21:48:28	"GET /uv2582fip2582inf210/web_architecture_home.html HTTP/1.1"
2548	2025/03/10 21:48:53	"GET /uv2582fip2582inf210/project_presentation.html HTTP/1.1"
2548	2025/03/10 21:48:58	"GET /uv2582fip2582inf210/project_part1.html HTTP/1.1"
2548	2025/03/10 21:49:12	"GET /uv2582fip2582inf210/project_part2.html HTTP/1.1"
2548	2025/03/10 21:49:39	"GET /uv2582fip2582inf210/project_specifications.html HTTP/1.1"
2543	2025/03/10 22:03:00	"GET /uv2582fip2582inf210/web_architecture_home.html HTTP/1.1"
2543	2025/03/10 22:03:10	"GET /uv2582fip2582inf210/images/prerequisite_archiweb/prerequisite_archiweb_2025.html HTTP/1.1"
2543	2025/03/10 22:03:12	"GET /uv2582fip2582inf210/practice_spring_2tiers.html HTTP/1.1"
2543	2025/03/10 22:03:24	"GET /uv2582fip2582inf210/practice_jpa.html HTTP/1.1"
2543	2025/03/10 22:03:36	"GET /uv2582fip2582inf210/practice_jpa_advanced.html HTTP/1.1"
2529	2025/03/10 22:23:16	"GET /uv2582fip2582inf210/project_specifications.html HTTP/1.1"
2543	2025/03/10 22:32:02	"GET /uv2582fip2582inf210/project_part3.html HTTP/1.1"
2543	2025/03/10 22:32:31	"GET /uv2582fip2582inf210/project_specifications.html HTTP/1.1"
2562	2025/03/10 23:15:31	"GET /uv2582fip2582inf210/practice_docker.html HTTP/1.1"
2562	2025/03/10 23:15:32	"GET /uv2582fip2582inf210/index.html HTTP/1.1"
2562	2025/03/10 23:15:34	"GET /uv2582fip2582inf210/project_presentation.html HTTP/1.1"
2562	2025/03/10 23:15:36	"GET /uv2582fip2582inf210/project_part1.html HTTP/1.1"
2562	2025/03/10 23:15:38	"GET /uv2582fip2582inf210/project_part2.html HTTP/1.1"
2562	2025/02/13 08:04:55	"GET /uv2582fip2582inf210/practice_docker.html HTTP/1.1"
2562	2025/02/13 08:04:58	"GET /uv2582fip2582inf210/index.html HTTP/1.1"
2562	2025/02/13 08:05:02	"GET /uv2582fip2582inf210/data_home.html HTTP/1.1"
2562	2025/02/13 08:05:04	"GET /uv2582fip2582inf210/images/prerequisite_data/prerequisite_data_2025.html HTTP/1.1"
2569	2025/02/13 08:05:10	"GET /uv2582fip2582inf210/data_home.html HTTP/1.1"
2569	2025/02/13 08:05:13	"GET /uv2582fip2582inf210/activity_sql.html HTTP/1.1"
2570	2025/02/13 08:07:35	"GET /uv2582fip2582inf210/data_home.html HTTP/1.1"
2570	2025/02/13 08:07:53	"GET /uv2582fip2582inf210/images/prerequisite_data/prerequisite_data_2025.html HTTP/1.1"
2557	2025/02/13 08:07:55	"GET /uv2582fip2582inf210/data_home.html HTTP/1.1"
2557	2025/02/13 08:08:01	"GET /uv2582fip2582inf210/images/prerequisite_data/prerequisite_data_2025.html HTTP/1.1"
2562	2025/02/13 08:08:13	"GET /uv2582fip2582inf210/web_architecture_home.html HTTP/1.1"
2562	2025/02/13 08:08:25	"GET /uv2582fip2582inf210/project_home.html HTTP/1.1"
2563	2025/02/13 08:08:28	"GET /uv2582fip2582inf210/web_architecture_home.html HTTP/1.1"
2563	2025/02/13 08:08:35	"GET /uv2582fip2582inf210/data_home.html HTTP/1.1"
2562	2025/02/13 08:08:41	"GET /uv2582fip2582inf210/technical_environment_home.html HTTP/1.1"
2535	2025/02/13 08:08:42	"GET /uv2582fip2582inf210/activity_sql.html HTTP/1.1"
2536	2025/02/13 08:09:55	"GET /uv2582fip2582inf210/activity_sql.html HTTP/1.1"
2536	2025/02/13 08:10:02	"GET /uv2582fip2582inf210/index.html HTTP/1.1"
2562	2025/02/13 08:10:02	"GET /uv2582fip2582inf210/lecture_transaction.html HTTP/1.1"
2562	2025/02/13 08:10:03	"GET /uv2582fip2582inf210/practice_transaction.html HTTP/1.1"
2558	2025/02/13 08:10:04	"GET /uv2582fip2582inf210/practice_postgresql.html HTTP/1.1"
2561	2025/02/13 08:10:05	"GET /uv2582fip2582inf210/data_home.html HTTP/1.1"
2536	2025/02/13 08:10:07	"GET /uv2582fip2582inf210/data_home.html HTTP/1.1"
2562	2025/02/13 08:10:12	"GET /uv2582fip2582inf210/practice_sql.html HTTP/1.1"
2562	2025/02/13 08:10:14	"GET /uv2582fip2582inf210/activity_sql.html HTTP/1.1"
2563	2025/02/13 08:10:17	"GET /uv2582fip2582inf210/activity_sql.html HTTP/1.1"
2572	2025/02/13 08:10:18	"GET /uv2582fip2582inf210/data_home.html HTTP/1.1"
2572	2025/02/13 08:10:21	"GET /uv2582fip2582inf210/practice_sql.html HTTP/1.1"
2558	2025/02/13 08:10:23	"GET /uv2582fip2582inf210/technical_environment_home.html HTTP/1.1"
2570	2025/02/13 08:10:25	"GET /uv2582fip2582inf210/activity_sql.html HTTP/1.1"
2536	2025/02/13 08:10:25	"GET /uv2582fip2582inf210/activity_sql.html HTTP/1.1"
2572	2025/02/13 08:10:32	"GET /uv2582fip2582inf210/activity_sql.html HTTP/1.1"
2574	2025/02/13 08:10:34	"GET /uv2582fip2582inf210/web_architecture_home.html HTTP/1.1"
2574	2025/02/13 08:10:38	"GET /uv2582fip2582inf210/data_home.html HTTP/1.1"
2567	2025/02/13 08:10:39	"GET /uv2582fip2582inf210/technical_environment_home.html HTTP/1.1"
2558	2025/02/13 08:10:42	"GET /uv2582fip2582inf210/lecture_normalization.html HTTP/1.1"
2558	2025/02/13 08:10:49	"GET /uv2582fip2582inf210/activity_sql.html HTTP/1.1"
2572	2025/02/13 08:10:51	"GET /uv2582fip2582inf210/activity_sql_correction.html HTTP/1.1"
2567	2025/02/13 08:10:52	"GET /uv2582fip2582inf210/index.html HTTP/1.1"
2535	2025/02/13 08:10:53	"GET /uv2582fip2582inf210/practice_sql.html HTTP/1.1"
2574	2025/02/13 08:11:05	"GET /uv2582fip2582inf210/practice_sql.html HTTP/1.1"
2567	2025/02/13 08:11:07	"GET /uv2582fip2582inf210/data_home.html HTTP/1.1"
2567	2025/02/13 08:11:29	"GET /uv2582fip2582inf210/activity_sql.html HTTP/1.1"
2535	2025/02/13 08:11:29	"GET /uv2582fip2582inf210/activity_sql.html HTTP/1.1"
2575	2025/02/13 08:11:43	"GET /uv2582fip2582inf210/lecture_transaction.html HTTP/1.1"
2571	2025/02/13 08:12:21	"GET /uv2582fip2582inf210/data_home.html HTTP/1.1"
2571	2025/02/13 08:12:23	"GET /uv2582fip2582inf210/images/prerequisite_data/prerequisite_data_2025.html HTTP/1.1"
2566	2025/02/13 08:12:23	"GET /uv2582fip2582inf210/web_architecture_home.html HTTP/1.1"
2569	2025/02/13 08:12:27	"GET /uv2582fip2582inf210/practice_sql.html HTTP/1.1"
2571	2025/02/13 08:12:36	"GET /uv2582fip2582inf210/activity_sql.html HTTP/1.1"
2566	2025/02/13 08:12:39	"GET /uv2582fip2582inf210/technical_environment_home.html HTTP/1.1"
2566	2025/02/13 08:12:44	"GET /uv2582fip2582inf210/data_home.html HTTP/1.1"
2566	2025/02/13 08:12:47	"GET /uv2582fip2582inf210/activity_sql.html HTTP/1.1"
2557	2025/02/13 08:12:55	"GET /uv2582fip2582inf210/activity_sql.html HTTP/1.1"
2569	2025/02/13 08:13:18	"GET /uv2582fip2582inf210/documentation_rdbms.html HTTP/1.1"
2563	2025/02/13 08:13:49	"GET /uv2582fip2582inf210/practice_sql.html HTTP/1.1"
2574	2025/02/13 08:13:53	"GET /uv2582fip2582inf210/data_home.html HTTP/1.1"
2574	2025/02/13 08:13:55	"GET /uv2582fip2582inf210/activity_sql.html HTTP/1.1"
2569	2025/02/13 08:13:56	"GET /uv2582fip2582inf210/practice_postgresql.html HTTP/1.1"
2575	2025/02/13 08:15:21	"GET /uv2582fip2582inf210/practice_transaction.html HTTP/1.1"
2536	2025/02/13 08:17:42	"GET /uv2582fip2582inf210/activity_sql.html HTTP/1.1"
2569	2025/02/13 08:17:54	"GET /uv2582fip2582inf210/activity_sql_correction.html HTTP/1.1"
2561	2025/02/13 08:18:05	"GET /uv2582fip2582inf210/activity_sql.html HTTP/1.1"
2536	2025/02/13 08:18:19	"GET /uv2582fip2582inf210/activity_sql_correction.html HTTP/1.1"
2563	2025/02/13 08:20:00	"GET /uv2582fip2582inf210/data_home.html HTTP/1.1"
2563	2025/02/13 08:20:11	"GET /uv2582fip2582inf210/practice_advanced_sql.html HTTP/1.1"
2563	2025/02/13 08:20:13	"GET /uv2582fip2582inf210/practice_sql.html HTTP/1.1"
2566	2025/02/13 08:20:16	"GET /uv2582fip2582inf210/practice_sql.html HTTP/1.1"
2570	2025/02/13 08:20:29	"GET /uv2582fip2582inf210/activity_sql_correction.html HTTP/1.1"
2565	2025/02/13 08:20:50	"GET /uv2582fip2582inf210/data_home.html HTTP/1.1"
2565	2025/02/13 08:21:02	"GET /uv2582fip2582inf210/practice_sql.html HTTP/1.1"
2570	2025/02/13 08:21:56	"GET /uv2582fip2582inf210/practice_sql.html HTTP/1.1"
2575	2025/02/13 08:22:13	"GET /uv2582fip2582inf210/practice_transaction_correction.html HTTP/1.1"
2556	2025/02/13 08:22:57	"GET /uv2582fip2582inf210/technical_environment_home.html HTTP/1.1"
2556	2025/02/13 08:23:06	"GET /uv2582fip2582inf210/documentation_rdbms.html HTTP/1.1"
2556	2025/02/13 08:23:24	"GET /uv2582fip2582inf210/data_home.html HTTP/1.1"
2556	2025/02/13 08:23:31	"GET /uv2582fip2582inf210/activity_sql.html HTTP/1.1"
2557	2025/02/13 08:24:34	"GET /uv2582fip2582inf210/activity_sql_correction.html HTTP/1.1"
2575	2025/02/13 08:25:11	"GET /uv2582fip2582inf210/activity_sql.html HTTP/1.1"
2561	2025/02/13 08:25:22	"GET /uv2582fip2582inf210/activity_sql_correction.html HTTP/1.1"
2561	2025/02/13 08:25:45	"GET /uv2582fip2582inf210/activity_sql.html HTTP/1.1"
2567	2025/02/13 08:26:13	"GET /uv2582fip2582inf210/practice_sql.html HTTP/1.1"
2567	2025/02/13 08:27:52	"GET /uv2582fip2582inf210/activity_sql_correction.html HTTP/1.1"
2558	2025/02/13 08:28:44	"GET /uv2582fip2582inf210/activity_sql_correction.html HTTP/1.1"
2565	2025/02/13 08:28:44	"GET /uv2582fip2582inf210/lecture_relational_model.html HTTP/1.1"
2565	2025/02/13 08:28:53	"GET /uv2582fip2582inf210/technical_environment_home.html HTTP/1.1"
2565	2025/02/13 08:28:56	"GET /uv2582fip2582inf210/documentation_docker.html HTTP/1.1"
2565	2025/02/13 08:28:58	"GET /uv2582fip2582inf210/practice_docker.html HTTP/1.1"
2535	2025/02/13 08:29:22	"GET /uv2582fip2582inf210/activity_sql_correction.html HTTP/1.1"
2568	2025/02/13 08:29:32	"GET /uv2582fip2582inf210/data_home.html HTTP/1.1"
2568	2025/02/13 08:29:37	"GET /uv2582fip2582inf210/activity_sql.html HTTP/1.1"
2561	2025/02/13 08:29:56	"GET /uv2582fip2582inf210/activity_sql_correction.html HTTP/1.1"
2569	2025/02/13 08:30:57	"GET /uv2582fip2582inf210/practice_docker.html HTTP/1.1"
2568	2025/02/13 08:31:38	"GET /uv2582fip2582inf210/activity_sql_correction.html HTTP/1.1"
2575	2025/02/13 08:32:26	"GET /uv2582fip2582inf210/activity_sql_correction.html HTTP/1.1"
2569	2025/02/13 08:32:56	"GET /uv2582fip2582inf210/practice_docker_advanced.html HTTP/1.1"
2569	2025/02/13 08:32:57	"GET /uv2582fip2582inf210/practice_docker.html HTTP/1.1"
2565	2025/02/13 08:33:07	"GET /uv2582fip2582inf210/documentation_rdbms.html HTTP/1.1"
2574	2025/02/13 08:33:12	"GET /uv2582fip2582inf210/activity_sql_correction.html HTTP/1.1"
2565	2025/02/13 08:33:20	"GET /uv2582fip2582inf210/practice_postgresql.html HTTP/1.1"
2571	2025/02/13 08:35:30	"GET /uv2582fip2582inf210/activity_sql_correction.html HTTP/1.1"
2573	2025/02/13 08:36:41	"GET /uv2582fip2582inf210/data_home.html HTTP/1.1"
2573	2025/02/13 08:36:44	"GET /uv2582fip2582inf210/activity_sql.html HTTP/1.1"
2573	2025/02/13 08:37:00	"GET /uv2582fip2582inf210/practice_sql.html HTTP/1.1"
2561	2025/02/13 08:39:27	"GET /uv2582fip2582inf210/activity_sql.html HTTP/1.1"
2574	2025/02/13 08:40:05	"GET /uv2582fip2582inf210/practice_sql.html HTTP/1.1"
2573	2025/02/13 08:40:27	"GET /uv2582fip2582inf210/data_home.html HTTP/1.1"
2573	2025/02/13 08:40:30	"GET /uv2582fip2582inf210/practice_sql.html HTTP/1.1"
2569	2025/02/13 08:41:37	"GET /uv2582fip2582inf210/practice_sql_correction.html HTTP/1.1"
2562	2025/02/13 08:42:16	"GET /uv2582fip2582inf210/documentation_docker.html HTTP/1.1"
2535	2025/02/13 08:42:20	"GET /uv2582fip2582inf210/documentation_rdbms.html HTTP/1.1"
2536	2025/02/13 08:44:17	"GET /uv2582fip2582inf210/practice_sql.html HTTP/1.1"
2564	2025/02/13 08:46:27	"GET /uv2582fip2582inf210/data_home.html HTTP/1.1"
2564	2025/02/13 08:46:32	"GET /uv2582fip2582inf210/images/prerequisite_data/prerequisite_data_2025.html HTTP/1.1"
2564	2025/02/13 08:46:35	"GET /uv2582fip2582inf210/practice_advanced_sql.html HTTP/1.1"
2564	2025/02/13 08:46:40	"GET /uv2582fip2582inf210/practice_sql.html HTTP/1.1"
2564	2025/02/13 08:46:46	"GET /uv2582fip2582inf210/practice_sql_correction.html HTTP/1.1"
2562	2025/02/13 08:47:10	"GET /uv2582fip2582inf210/practice_postgresql.html HTTP/1.1"
2562	2025/02/13 08:47:17	"GET /uv2582fip2582inf210/documentation_programming.html HTTP/1.1"
2536	2025/02/13 08:47:49	"GET /uv2582fip2582inf210/practice_sql_correction.html HTTP/1.1"
2569	2025/02/13 08:49:28	"GET /uv2582fip2582inf210/practice_sql.html HTTP/1.1"
2573	2025/02/13 08:49:36	"GET /uv2582fip2582inf210/technical_environment_home.html HTTP/1.1"
2573	2025/02/13 08:49:44	"GET /uv2582fip2582inf210/practice_docker.html HTTP/1.1"
2558	2025/02/13 08:52:34	"GET /uv2582fip2582inf210/practice_sql.html HTTP/1.1"
2571	2025/02/13 08:53:39	"GET /uv2582fip2582inf210/practice_sql.html HTTP/1.1"
2574	2025/02/13 08:54:05	"GET /uv2582fip2582inf210/practice_sql_correction.html HTTP/1.1"
2558	2025/02/13 08:54:50	"GET /uv2582fip2582inf210/documentation_rdbms.html HTTP/1.1"
2561	2025/02/13 08:56:13	"GET /uv2582fip2582inf210/practice_sql.html HTTP/1.1"
2561	2025/02/13 08:58:01	"GET /uv2582fip2582inf210/index.html HTTP/1.1"
2561	2025/02/13 08:58:15	"GET /uv2582fip2582inf210/data_home.html HTTP/1.1"
2561	2025/02/13 08:58:21	"GET /uv2582fip2582inf210/practice_sql.html HTTP/1.1"
2561	2025/02/13 08:58:25	"GET /uv2582fip2582inf210/practice_advanced_sql.html HTTP/1.1"
2561	2025/02/13 08:58:45	"GET /uv2582fip2582inf210/practice_sql.html HTTP/1.1"
2571	2025/02/13 08:58:56	"GET /uv2582fip2582inf210/technical_environment_home.html HTTP/1.1"
2571	2025/02/13 08:59:00	"GET /uv2582fip2582inf210/documentation_docker.html HTTP/1.1"
2571	2025/02/13 08:59:05	"GET /uv2582fip2582inf210/practice_docker.html HTTP/1.1"
2569	2025/02/13 09:02:39	"GET /uv2582fip2582inf210/index.html HTTP/1.1"
2569	2025/02/13 09:02:52	"GET /uv2582fip2582inf210/practice_advanced_sql.html HTTP/1.1"
2571	2025/02/13 09:04:20	"GET /uv2582fip2582inf210/index.html HTTP/1.1"
2568	2025/02/13 09:06:17	"GET /uv2582fip2582inf210/practice_sql.html HTTP/1.1"
2573	2025/02/13 09:07:07	"GET /uv2582fip2582inf210/data_home.html HTTP/1.1"
2573	2025/02/13 09:07:13	"GET /uv2582fip2582inf210/activity_sql.html HTTP/1.1"
2567	2025/02/13 09:07:15	"GET /uv2582fip2582inf210/documentation_rdbms.html HTTP/1.1"
2535	2025/02/13 09:10:00	"GET /uv2582fip2582inf210/practice_sql_correction.html HTTP/1.1"
2572	2025/02/13 09:10:28	"GET /uv2582fip2582inf210/practice_sql_correction.html HTTP/1.1"
2573	2025/02/13 09:12:34	"GET /uv2582fip2582inf210/data_home.html HTTP/1.1"
2573	2025/02/13 09:12:37	"GET /uv2582fip2582inf210/practice_sql.html HTTP/1.1"
2568	2025/02/13 09:12:40	"GET /uv2582fip2582inf210/index.html HTTP/1.1"
2536	2025/02/13 09:12:46	"GET /uv2582fip2582inf210/practice_sql.html HTTP/1.1"
2569	2025/02/13 09:12:46	"GET /uv2582fip2582inf210/lecture_transaction.html HTTP/1.1"
2568	2025/02/13 09:12:47	"GET /uv2582fip2582inf210/technical_environment_home.html HTTP/1.1"
2569	2025/02/13 09:12:51	"GET /uv2582fip2582inf210/practice_transaction.html HTTP/1.1"
2568	2025/02/13 09:12:53	"GET /uv2582fip2582inf210/documentation_docker.html HTTP/1.1"
2568	2025/02/13 09:12:54	"GET /uv2582fip2582inf210/practice_docker.html HTTP/1.1"
2561	2025/02/13 09:14:33	"GET /uv2582fip2582inf210/activity_sql.html HTTP/1.1"
2536	2025/02/13 09:15:01	"GET /uv2582fip2582inf210/practice_sql_correction.html HTTP/1.1"
2566	2025/02/13 09:16:47	"GET /uv2582fip2582inf210/activity_sql_correction.html HTTP/1.1"
2566	2025/02/13 09:17:20	"GET /uv2582fip2582inf210/practice_sql_correction.html HTTP/1.1"
2573	2025/02/13 09:21:12	"GET /uv2582fip2582inf210/activity_sql_correction.html HTTP/1.1"
2573	2025/02/13 09:22:03	"GET /uv2582fip2582inf210/practice_sql_correction.html HTTP/1.1"
2567	2025/02/13 09:22:48	"GET /uv2582fip2582inf210/practice_sql_correction.html HTTP/1.1"
2557	2025/02/13 09:22:56	"GET /uv2582fip2582inf210/practice_sql.html HTTP/1.1"
2563	2025/02/13 09:28:54	"GET /uv2582fip2582inf210/practice_advanced_sql.html HTTP/1.1"
2558	2025/02/13 09:29:59	"GET /uv2582fip2582inf210/practice_sql_correction.html HTTP/1.1"
2556	2025/02/13 09:47:02	"GET /uv2582fip2582inf210/activity_sql_correction.html HTTP/1.1"
2563	2025/02/13 09:47:27	"GET /uv2582fip2582inf210/lecture_transaction.html HTTP/1.1"
2563	2025/02/13 09:47:31	"GET /uv2582fip2582inf210/practice_transaction.html HTTP/1.1"
2556	2025/02/13 09:50:32	"GET /uv2582fip2582inf210/practice_sql.html HTTP/1.1"
2562	2025/02/13 09:51:06	"GET /uv2582fip2582inf210/activity_sql_correction.html HTTP/1.1"
2563	2025/02/13 09:51:37	"GET /uv2582fip2582inf210/practice_transaction.html HTTP/1.1"
2561	2025/02/13 09:51:39	"GET /uv2582fip2582inf210/practice_sql_correction.html HTTP/1.1"
2563	2025/02/13 09:51:41	"GET /uv2582fip2582inf210/lecture_transaction.html HTTP/1.1"
2556	2025/02/13 09:53:20	"GET /uv2582fip2582inf210/practice_postgresql.html HTTP/1.1"
2556	2025/02/13 09:56:02	"GET /uv2582fip2582inf210/practice_postgresql.html HTTP/1.1"
2575	2025/02/13 09:59:26	"GET /uv2582fip2582inf210/index.html HTTP/1.1"
2557	2025/02/13 10:00:46	"GET /uv2582fip2582inf210/practice_sql_correction.html HTTP/1.1"
2575	2025/02/13 10:02:04	"GET /uv2582fip2582inf210/technical_environment_home.html HTTP/1.1"
2575	2025/02/13 10:02:46	"GET /uv2582fip2582inf210/practice_postgresql.html HTTP/1.1"
2556	2025/02/13 10:03:52	"GET /uv2582fip2582inf210/documentation_rdbms.html HTTP/1.1"
2536	2025/02/13 10:09:15	"GET /uv2582fip2582inf210/practice_advanced_sql.html HTTP/1.1"
2536	2025/02/13 10:09:29	"GET /uv2582fip2582inf210/lecture_transaction.html HTTP/1.1"
2564	2025/02/13 10:09:56	"GET /uv2582fip2582inf210/activity_sql.html HTTP/1.1"
2564	2025/02/13 10:10:01	"GET /uv2582fip2582inf210/activity_sql_correction.html HTTP/1.1"
2575	2025/02/13 10:10:55	"GET /uv2582fip2582inf210/data_home.html HTTP/1.1"
2575	2025/02/13 10:11:00	"GET /uv2582fip2582inf210/images/prerequisite_data/prerequisite_data_2025.html HTTP/1.1"
2575	2025/02/13 10:11:09	"GET /uv2582fip2582inf210/practice_sql.html HTTP/1.1"
2573	2025/02/13 10:13:51	"GET /uv2582fip2582inf210/lecture_transaction.html HTTP/1.1"
2570	2025/02/13 10:14:03	"GET /uv2582fip2582inf210/practice_sql_correction.html HTTP/1.1"
2573	2025/02/13 10:16:19	"GET /uv2582fip2582inf210/practice_transaction.html HTTP/1.1"
252	2025/02/13 10:16:36	"GET /uv2582fip2582inf210/practice_sql.html HTTP/1.1"
2561	2025/02/13 10:16:48	"GET /uv2582fip2582inf210/practice_transaction.html HTTP/1.1"
2536	2025/02/13 10:18:00	"GET /uv2582fip2582inf210/practice_transaction.html HTTP/1.1"
2569	2025/02/13 10:18:11	"GET /uv2582fip2582inf210/practice_transaction_correction.html HTTP/1.1"
2574	2025/02/13 10:18:22	"GET /uv2582fip2582inf210/lecture_transaction.html HTTP/1.1"
2558	2025/02/13 10:20:14	"GET /uv2582fip2582inf210/activity_sql_correction.html HTTP/1.1"
2574	2025/02/13 10:22:51	"GET /uv2582fip2582inf210/practice_transaction.html HTTP/1.1"
2564	2025/02/13 10:23:56	"GET /uv2582fip2582inf210/practice_advanced_sql.html HTTP/1.1"
2564	2025/02/13 10:24:24	"GET /uv2582fip2582inf210/lecture_transaction.html HTTP/1.1"
2575	2025/02/13 10:24:36	"GET /uv2582fip2582inf210/practice_sql_correction.html HTTP/1.1"
2565	2025/02/13 10:24:39	"GET /uv2582fip2582inf210/lecture_transaction.html HTTP/1.1"
2573	2025/02/13 10:25:02	"GET /uv2582fip2582inf210/practice_transaction.html HTTP/1.1"
2573	2025/02/13 10:25:06	"GET /uv2582fip2582inf210/lecture_transaction.html HTTP/1.1"
2562	2025/02/13 10:25:29	"GET /uv2582fip2582inf210/practice_sql_correction.html HTTP/1.1"
2564	2025/02/13 10:25:54	"GET /uv2582fip2582inf210/practice_transaction.html HTTP/1.1"
2573	2025/02/13 10:26:19	"GET /uv2582fip2582inf210/practice_transaction.html HTTP/1.1"
2571	2025/02/13 10:27:40	"GET /uv2582fip2582inf210/practice_advanced_sql.html HTTP/1.1"
2572	2025/02/13 10:27:42	"GET /uv2582fip2582inf210/practice_advanced_sql.html HTTP/1.1"
2572	2025/02/13 10:28:00	"GET /uv2582fip2582inf210/practice_advanced_sql_correction.html HTTP/1.1"
2569	2025/02/13 10:28:18	"GET /uv2582fip2582inf210/practice_advanced_sql.html HTTP/1.1"
2571	2025/02/13 10:28:39	"GET /uv2582fip2582inf210/lecture_transaction.html HTTP/1.1"
2572	2025/02/13 10:28:41	"GET /uv2582fip2582inf210/index.html HTTP/1.1"
2572	2025/02/13 10:28:46	"GET /uv2582fip2582inf210/practice_transaction.html HTTP/1.1"
2572	2025/02/13 10:28:56	"GET /uv2582fip2582inf210/lecture_transaction.html HTTP/1.1"
2571	2025/02/13 10:30:15	"GET /uv2582fip2582inf210/practice_transaction.html HTTP/1.1"
2570	2025/02/13 10:31:17	"GET /uv2582fip2582inf210/project_home.html HTTP/1.1"
2566	2025/02/13 10:31:42	"GET /uv2582fip2582inf210/lecture_transaction.html HTTP/1.1"
2535	2025/02/13 10:37:21	"GET /uv2582fip2582inf210/lecture_transaction.html HTTP/1.1"
252	2025/02/13 10:38:43	"GET /uv2582fip2582inf210/data_home.html HTTP/1.1"
2567	2025/02/13 10:39:17	"GET /uv2582fip2582inf210/practice_advanced_sql.html HTTP/1.1"
2568	2025/02/13 10:39:27	"GET /uv2582fip2582inf210/data_home.html HTTP/1.1"
2568	2025/02/13 10:39:29	"GET /uv2582fip2582inf210/images/prerequisite_data/prerequisite_data_2025.html HTTP/1.1"
2567	2025/02/13 10:41:06	"GET /uv2582fip2582inf210/lecture_transaction.html HTTP/1.1"
2567	2025/02/13 10:41:11	"GET /uv2582fip2582inf210/practice_transaction.html HTTP/1.1"
2535	2025/02/13 10:41:22	"GET /uv2582fip2582inf210/practice_transaction.html HTTP/1.1"
2568	2025/02/13 10:41:48	"GET /uv2582fip2582inf210/practice_advanced_sql.html HTTP/1.1"
2568	2025/02/13 10:42:05	"GET /uv2582fip2582inf210/practice_transaction.html HTTP/1.1"
2572	2025/02/13 10:43:27	"GET /uv2582fip2582inf210/practice_transaction_correction.html HTTP/1.1"
2561	2025/02/13 10:43:38	"GET /uv2582fip2582inf210/lecture_transaction.html HTTP/1.1"
2561	2025/02/13 10:43:38	"GET /uv2582fip2582inf210/lecture_transaction.html HTTP/1.1"
2575	2025/02/13 10:45:51	"GET /uv2582fip2582inf210/lecture_transaction.html HTTP/1.1"
2575	2025/02/13 10:45:56	"GET /uv2582fip2582inf210/practice_transaction.html HTTP/1.1"
2575	2025/02/13 10:46:02	"GET /uv2582fip2582inf210/practice_transaction_correction.html HTTP/1.1"
2570	2025/02/13 10:47:14	"GET /uv2582fip2582inf210/lecture_transaction.html HTTP/1.1"
2570	2025/02/13 10:47:25	"GET /uv2582fip2582inf210/practice_advanced_sql.html HTTP/1.1"
2565	2025/02/13 10:49:43	"GET /uv2582fip2582inf210/practice_transaction.html HTTP/1.1"
2568	2025/02/13 10:55:05	"GET /uv2582fip2582inf210/lecture_transaction.html HTTP/1.1"
2567	2025/02/13 11:03:33	"GET /uv2582fip2582inf210/practice_transaction_correction.html HTTP/1.1"
2536	2025/02/13 11:06:54	"GET /uv2582fip2582inf210/practice_transaction_correction.html HTTP/1.1"
2570	2025/02/13 11:07:37	"GET /uv2582fip2582inf210/practice_transaction.html HTTP/1.1"
2574	2025/02/13 11:16:01	"GET /uv2582fip2582inf210/practice_transaction_correction.html HTTP/1.1"
2574	2025/02/13 11:18:25	"GET /uv2582fip2582inf210/practice_transaction.html HTTP/1.1"
2557	2025/02/13 11:23:32	"GET /uv2582fip2582inf210/lecture_transaction.html HTTP/1.1"
2561	2025/02/13 11:23:44	"GET /uv2582fip2582inf210/practice_transaction_correction.html HTTP/1.1"
2556	2025/02/13 11:25:07	"GET /uv2582fip2582inf210/lecture_transaction.html HTTP/1.1"
2535	2025/02/13 11:28:08	"GET /uv2582fip2582inf210/practice_transaction_correction.html HTTP/1.1"
2557	2025/02/13 11:28:51	"GET /uv2582fip2582inf210/practice_transaction.html HTTP/1.1"
2570	2025/02/13 11:31:26	"GET /uv2582fip2582inf210/practice_transaction_correction.html HTTP/1.1"
2556	2025/02/13 11:42:51	"GET /uv2582fip2582inf210/practice_transaction.html HTTP/1.1"
2566	2025/02/13 11:44:56	"GET /uv2582fip2582inf210/practice_transaction.html HTTP/1.1"
2568	2025/02/13 11:47:34	"GET /uv2582fip2582inf210/practice_transaction_correction.html HTTP/1.1"
2557	2025/02/13 11:57:29	"GET /uv2582fip2582inf210/practice_transaction_correction.html HTTP/1.1"
2558	2025/02/13 11:59:57	"GET /uv2582fip2582inf210/lecture_transaction.html HTTP/1.1"
2570	2025/02/13 12:03:57	"GET /uv2582fip2582inf210/practice_transaction.html HTTP/1.1"
2570	2025/02/13 12:04:00	"GET /uv2582fip2582inf210/practice_transaction_correction.html HTTP/1.1"
2558	2025/02/13 12:04:13	"GET /uv2582fip2582inf210/practice_transaction.html HTTP/1.1"
252	2025/02/13 12:38:14	"GET /uv2582fip2582inf210/practice_sql.html HTTP/1.1"
252	2025/02/13 12:47:12	"GET /uv2582fip2582inf210/web_architecture_home.html HTTP/1.1"
252	2025/02/13 12:48:34	"GET /uv2582fip2582inf210/practice_spring_2tiers_ext.html HTTP/1.1"
2558	2025/02/13 13:46:19	"GET /uv2582fip2582inf210/practice_transaction_correction.html HTTP/1.1"
2556	2025/02/13 14:25:56	"GET /uv2582fip2582inf210/practice_transaction_correction.html HTTP/1.1"
2534	2025/02/13 14:35:24	"GET /uv2582fip2582inf210/data_home.html HTTP/1.1"
2534	2025/02/13 14:35:27	"GET /uv2582fip2582inf210/activity_sql.html HTTP/1.1"
2534	2025/02/13 14:35:32	"GET /uv2582fip2582inf210/activity_sql_correction.html HTTP/1.1"
2534	2025/02/13 14:36:30	"GET /uv2582fip2582inf210/practice_sql.html HTTP/1.1"
2534	2025/02/13 14:37:25	"GET /uv2582fip2582inf210/practice_sql_correction.html HTTP/1.1"
2534	2025/02/13 14:49:13	"GET /uv2582fip2582inf210/practice_advanced_sql.html HTTP/1.1"
2534	2025/02/13 14:49:18	"GET /uv2582fip2582inf210/practice_advanced_sql_correction.html HTTP/1.1"
2534	2025/02/13 14:50:22	"GET /uv2582fip2582inf210/lecture_transaction.html HTTP/1.1"
2534	2025/02/13 14:50:26	"GET /uv2582fip2582inf210/practice_transaction.html HTTP/1.1"
2534	2025/02/13 14:50:31	"GET /uv2582fip2582inf210/lecture_isolation.html HTTP/1.1"
2534	2025/02/13 14:50:33	"GET /uv2582fip2582inf210/practice_isolation.html HTTP/1.1"
2534	2025/02/13 14:50:37	"GET /uv2582fip2582inf210/lecture_indexation.html HTTP/1.1"
2534	2025/02/13 14:50:40	"GET /uv2582fip2582inf210/practice_indexation.html HTTP/1.1"
2529	2025/02/13 15:24:27	"GET /uv2582fip2582inf210/practice_jpa.html HTTP/1.1"
2534	2025/02/13 18:17:23	"GET /uv2582fip2582inf210/data_home.html HTTP/1.1"
2549	2025/02/13 18:31:13	"GET /uv2582fip2582inf210/practice_jpa_advanced.html HTTP/1.1"
2534	2025/02/13 18:35:59	"GET /uv2582fip2582inf210/index.html HTTP/1.1"
2534	2025/02/13 18:36:04	"GET /uv2582fip2582inf210/technical_environment_home.html HTTP/1.1"
2534	2025/02/13 18:36:06	"GET /uv2582fip2582inf210/practice_docker_advanced.html HTTP/1.1"
2541	2025/02/13 21:01:43	"GET /uv2582fip2582inf210/web_architecture_home.html HTTP/1.1"
2541	2025/02/13 21:03:00	"GET /uv2582fip2582inf210/practice_spring_2tiers.html HTTP/1.1"
2535	2025/02/13 22:11:39	"GET /uv2582fip2582inf210/lecture_normalization.html HTTP/1.1"
2535	2025/02/13 22:11:42	"GET /uv2582fip2582inf210/activity_sql.html HTTP/1.1"
2535	2025/02/13 22:14:35	"GET /uv2582fip2582inf210/practice_sql.html HTTP/1.1"
2535	2025/02/13 22:17:20	"GET /uv2582fip2582inf210/lecture_transaction.html HTTP/1.1"
2535	2025/02/13 22:19:13	"GET /uv2582fip2582inf210/practice_transaction.html HTTP/1.1"
2529	2025/02/06 16:33:32	"GET /uv2582fip2582inf210/lecture_software_architecture.html HTTP/1.1"
2529	2025/02/06 16:53:47	"GET /uv2582fip2582inf210/lecture_mvc_spring.html HTTP/1.1"
2529	2025/02/06 17:06:55	"GET /uv2582fip2582inf210/practice_spring_2tiers.html HTTP/1.1"
2529	2025/02/06 17:17:41	"GET /uv2582fip2582inf210/practice_spring_2tiers_ext.html HTTP/1.1"
2569	2025/03/18 01:01:14	"GET /uv2582fip2582inf210/technical_environment_home.html HTTP/1.1"
2569	2025/03/18 01:01:17	"GET /uv2582fip2582inf210/project_presentation.html HTTP/1.1"
2569	2025/03/18 01:01:21	"GET /uv2582fip2582inf210/project_specifications.html HTTP/1.1"
2561	2025/03/18 08:28:42	"GET /uv2582fip2582inf210/project_presentation.html HTTP/1.1"
2561	2025/03/18 08:28:44	"GET /uv2582fip2582inf210/project_part3.html HTTP/1.1"
2561	2025/03/18 08:30:07	"GET /uv2582fip2582inf210/project_structureui.html HTTP/1.1"
2563	2025/03/18 09:21:08	"GET /uv2582fip2582inf210/project_presentation.html HTTP/1.1"
2563	2025/03/18 09:21:11	"GET /uv2582fip2582inf210/project_part3.html HTTP/1.1"
2561	2025/03/18 09:29:46	"GET /uv2582fip2582inf210/project_presentation.html HTTP/1.1"
2561	2025/03/18 09:29:48	"GET /uv2582fip2582inf210/project_part3.html HTTP/1.1"
2563	2025/03/18 09:30:37	"GET /uv2582fip2582inf210/project_part3.html HTTP/1.1"
2561	2025/03/18 09:30:37	"GET /uv2582fip2582inf210/project_part3.html HTTP/1.1"
2561	2025/03/18 09:30:41	"GET /uv2582fip2582inf210/index.html HTTP/1.1"
2536	2025/03/18 09:30:45	"GET /uv2582fip2582inf210/project_specifications.html HTTP/1.1"
2566	2025/03/18 09:31:22	"GET /uv2582fip2582inf210/project_presentation.html HTTP/1.1"
2566	2025/03/18 09:31:26	"GET /uv2582fip2582inf210/project_part3.html HTTP/1.1"
2570	2025/03/18 09:32:29	"GET /uv2582fip2582inf210/project_presentation.html HTTP/1.1"
2571	2025/03/18 09:32:39	"GET /uv2582fip2582inf210/project_presentation.html HTTP/1.1"
2571	2025/03/18 09:33:27	"GET /uv2582fip2582inf210/project_evaluation.html HTTP/1.1"
2571	2025/03/18 09:33:37	"GET /uv2582fip2582inf210/project_specifications.html HTTP/1.1"
2573	2025/03/18 09:33:46	"GET /uv2582fip2582inf210/project_part3.html HTTP/1.1"
2571	2025/03/18 09:33:51	"GET /uv2582fip2582inf210/project_task_time.html HTTP/1.1"
2571	2025/03/18 09:34:02	"GET /uv2582fip2582inf210/project_part1.html HTTP/1.1"
2571	2025/03/18 09:34:14	"GET /uv2582fip2582inf210/project_part2.html HTTP/1.1"
2571	2025/03/18 09:34:26	"GET /uv2582fip2582inf210/project_part3.html HTTP/1.1"
2571	2025/03/18 09:34:35	"GET /uv2582fip2582inf210/project_structureui.html HTTP/1.1"
2572	2025/03/18 09:36:25	"GET /uv2582fip2582inf210/project_presentation.html HTTP/1.1"
2572	2025/03/18 09:36:34	"GET /uv2582fip2582inf210/project_specifications.html HTTP/1.1"
2569	2025/03/18 09:38:09	"GET /uv2582fip2582inf210/project_presentation.html HTTP/1.1"
2569	2025/03/18 09:38:28	"GET /uv2582fip2582inf210/project_part3.html HTTP/1.1"
2567	2025/03/18 09:39:05	"GET /uv2582fip2582inf210/project_presentation.html HTTP/1.1"
2567	2025/03/18 09:39:07	"GET /uv2582fip2582inf210/project_part2.html HTTP/1.1"
2568	2025/03/18 09:39:18	"GET /uv2582fip2582inf210/technical_environment_home.html HTTP/1.1"
2568	2025/03/18 09:39:22	"GET /uv2582fip2582inf210/index.html HTTP/1.1"
2568	2025/03/18 09:39:25	"GET /uv2582fip2582inf210/project_presentation.html HTTP/1.1"
2561	2025/03/18 09:39:28	"GET /uv2582fip2582inf210/index.html HTTP/1.1"
2568	2025/03/18 09:39:29	"GET /uv2582fip2582inf210/project_part2.html HTTP/1.1"
2561	2025/03/18 09:39:31	"GET /uv2582fip2582inf210/data_home.html HTTP/1.1"
2561	2025/03/18 09:39:33	"GET /uv2582fip2582inf210/index.html HTTP/1.1"
2561	2025/03/18 09:39:35	"GET /uv2582fip2582inf210/data_home.html HTTP/1.1"
2561	2025/03/18 09:39:37	"GET /uv2582fip2582inf210/index.html HTTP/1.1"
2561	2025/03/18 09:39:39	"GET /uv2582fip2582inf210/project_presentation.html HTTP/1.1"
2561	2025/03/18 09:39:42	"GET /uv2582fip2582inf210/project_part3.html HTTP/1.1"
2561	2025/03/18 09:41:04	"GET /uv2582fip2582inf210/project_part3.html HTTP/1.1"
2561	2025/03/18 09:41:07	"GET /uv2582fip2582inf210/project_structureui.html HTTP/1.1"
2561	2025/03/18 09:43:20	"GET /uv2582fip2582inf210/project_structureui.html HTTP/1.1"
2535	2025/03/18 09:43:27	"GET /uv2582fip2582inf210/project_part3.html HTTP/1.1"
2561	2025/03/18 09:43:28	"GET /uv2582fip2582inf210/project_part3.html HTTP/1.1"
2558	2025/03/18 09:44:38	"GET /uv2582fip2582inf210/project_specifications.html HTTP/1.1"
2573	2025/03/18 09:45:30	"GET /uv2582fip2582inf210/project_specifications.html HTTP/1.1"
2570	2025/03/18 09:45:54	"GET /uv2582fip2582inf210/project_structureui.html HTTP/1.1"
2570	2025/03/18 09:46:11	"GET /uv2582fip2582inf210/project_specifications.html HTTP/1.1"
2564	2025/03/18 09:54:09	"GET /uv2582fip2582inf210/project_specifications.html HTTP/1.1"
2564	2025/03/18 09:54:12	"GET /uv2582fip2582inf210/project_part3.html HTTP/1.1"
2564	2025/03/18 09:55:37	"GET /uv2582fip2582inf210/project_presentation.html HTTP/1.1"
2564	2025/03/18 09:55:42	"GET /uv2582fip2582inf210/project_evaluation.html HTTP/1.1"
2564	2025/03/18 09:56:12	"GET /uv2582fip2582inf210/project_task_time.html HTTP/1.1"
2568	2025/03/18 09:58:08	"GET /uv2582fip2582inf210/project_part3.html HTTP/1.1"
2565	2025/03/18 10:00:40	"GET /uv2582fip2582inf210/project_presentation.html HTTP/1.1"
2565	2025/03/18 10:02:15	"GET /uv2582fip2582inf210/project_part3.html HTTP/1.1"
2565	2025/03/18 10:02:34	"GET /uv2582fip2582inf210/project_specifications.html HTTP/1.1"
2561	2025/03/18 10:15:16	"GET /uv2582fip2582inf210/project_part3.html HTTP/1.1"
2557	2025/03/18 10:16:15	"GET /uv2582fip2582inf210/project_part2.html HTTP/1.1"
2557	2025/03/18 10:16:24	"GET /uv2582fip2582inf210/project_part3.html HTTP/1.1"
2535	2025/03/18 10:19:07	"GET /uv2582fip2582inf210/project_structureui.html HTTP/1.1"
2535	2025/03/18 10:20:34	"GET /uv2582fip2582inf210/project_part3.html HTTP/1.1"
2557	2025/03/18 10:35:34	"GET /uv2582fip2582inf210/project_part2.html HTTP/1.1"
2565	2025/03/18 10:46:15	"GET /uv2582fip2582inf210/project_part2.html HTTP/1.1"
2569	2025/03/18 11:10:28	"GET /uv2582fip2582inf210/project_specifications.html HTTP/1.1"
2533	2025/03/18 11:39:14	"GET /uv2582fip2582inf210/web_architecture_home.html HTTP/1.1"
2533	2025/03/18 11:39:20	"GET /uv2582fip2582inf210/lecture_mvc_spring.html HTTP/1.1"
2533	2025/03/18 11:55:15	"GET /uv2582fip2582inf210/lecture_jpa.html HTTP/1.1"
2557	2025/03/18 12:05:12	"GET /uv2582fip2582inf210/project_part2.html HTTP/1.1"
2557	2025/03/18 12:05:21	"GET /uv2582fip2582inf210/project_part2.html HTTP/1.1"
2557	2025/03/18 12:05:25	"GET /uv2582fip2582inf210/project_part3.html HTTP/1.1"
2557	2025/03/18 12:05:28	"GET /uv2582fip2582inf210/project_part3.html HTTP/1.1"
2557	2025/03/18 12:05:37	"GET /uv2582fip2582inf210/project_specifications.html HTTP/1.1"
2544	2025/03/18 13:14:42	"GET /uv2582fip2582inf210/project_presentation.html HTTP/1.1"
2513	2025/03/18 13:43:03	"GET /uv2582fip2582inf210/project_presentation.html HTTP/1.1"
2513	2025/03/18 13:43:06	"GET /uv2582fip2582inf210/project_part3.html HTTP/1.1"
2513	2025/03/18 13:43:08	"GET /uv2582fip2582inf210/project_structureui.html HTTP/1.1"
2513	2025/03/18 13:43:10	"GET /uv2582fip2582inf210/project_specifications.html HTTP/1.1"
2511	2025/03/18 13:58:37	"GET /uv2582fip2582inf210/project_presentation.html HTTP/1.1"
2511	2025/03/18 13:58:39	"GET /uv2582fip2582inf210/project_part3.html HTTP/1.1"
2515	2025/03/18 14:01:11	"GET /uv2582fip2582inf210/project_presentation.html HTTP/1.1"
2515	2025/03/18 14:01:56	"GET /uv2582fip2582inf210/project_part3.html HTTP/1.1"
2515	2025/03/18 14:04:17	"GET /uv2582fip2582inf210/project_structureui.html HTTP/1.1"
2531	2025/03/18 14:06:33	"GET /uv2582fip2582inf210/project_presentation.html HTTP/1.1"
2531	2025/03/18 14:06:39	"GET /uv2582fip2582inf210/project_specifications.html HTTP/1.1"
2565	2025/03/18 14:06:54	"GET /uv2582fip2582inf210/project_specifications.html HTTP/1.1"
2544	2025/03/18 14:12:37	"GET /uv2582fip2582inf210/project_specifications.html HTTP/1.1"
256	2025/03/18 14:17:02	"GET /uv2582fip2582inf210/project_presentation.html HTTP/1.1"
256	2025/03/18 14:17:06	"GET /uv2582fip2582inf210/project_part1.html HTTP/1.1"
2525	2025/03/18 14:25:30	"GET /uv2582fip2582inf210/project_presentation.html HTTP/1.1"
2525	2025/03/18 14:25:31	"GET /uv2582fip2582inf210/project_presentation.html HTTP/1.1"
2525	2025/03/18 14:25:34	"GET /uv2582fip2582inf210/project_evaluation.html HTTP/1.1"
2525	2025/03/18 14:25:34	"GET /uv2582fip2582inf210/project_evaluation.html HTTP/1.1"
2525	2025/03/18 14:26:11	"GET /uv2582fip2582inf210/project_specifications.html HTTP/1.1"
2525	2025/03/18 14:26:12	"GET /uv2582fip2582inf210/project_specifications.html HTTP/1.1"
256	2025/03/18 14:26:24	"GET /uv2582fip2582inf210/project_part2.html HTTP/1.1"
2515	2025/03/18 14:42:41	"GET /uv2582fip2582inf210/project_evaluation.html HTTP/1.1"
2515	2025/03/18 14:43:09	"GET /uv2582fip2582inf210/project_task_time.html HTTP/1.1"
2515	2025/03/18 14:43:12	"GET /uv2582fip2582inf210/project_part1.html HTTP/1.1"
256	2025/03/18 14:44:44	"GET /uv2582fip2582inf210/project_part3.html HTTP/1.1"
2550	2025/03/18 15:05:44	"GET /uv2582fip2582inf210/data_home.html HTTP/1.1"
2550	2025/03/18 15:05:46	"GET /uv2582fip2582inf210/project_presentation.html HTTP/1.1"
2550	2025/03/18 15:05:49	"GET /uv2582fip2582inf210/project_part3.html HTTP/1.1"
2550	2025/03/18 15:05:51	"GET /uv2582fip2582inf210/project_structureui.html HTTP/1.1"
2550	2025/03/18 15:06:06	"GET /uv2582fip2582inf210/project_specifications.html HTTP/1.1"
2557	2025/03/18 15:37:41	"GET /uv2582fip2582inf210/project_specifications.html HTTP/1.1"
2568	2025/03/18 15:40:12	"GET /uv2582fip2582inf210/project_specifications.html HTTP/1.1"
2534	2025/03/18 15:48:16	"GET /uv2582fip2582inf210/project_presentation.html HTTP/1.1"
2534	2025/03/18 15:48:44	"GET /uv2582fip2582inf210/project_specifications.html HTTP/1.1"
2558	2025/03/18 15:49:32	"GET /uv2582fip2582inf210/practice_postgresql.html HTTP/1.1"
2558	2025/03/18 15:49:33	"GET /uv2582fip2582inf210/index.html HTTP/1.1"
2558	2025/03/18 15:49:35	"GET /uv2582fip2582inf210/project_presentation.html HTTP/1.1"
2546	2025/03/18 16:08:09	"GET /uv2582fip2582inf210/project_presentation.html HTTP/1.1"
2546	2025/03/18 16:08:13	"GET /uv2582fip2582inf210/project_specifications.html HTTP/1.1"
2565	2025/03/18 16:09:09	"GET /uv2582fip2582inf210/technical_environment_home.html HTTP/1.1"
2565	2025/03/18 16:09:14	"GET /uv2582fip2582inf210/project_presentation.html HTTP/1.1"
2535	2025/03/18 16:15:15	"GET /uv2582fip2582inf210/project_specifications.html HTTP/1.1"
2536	2025/03/18 16:16:12	"GET /uv2582fip2582inf210/project_structureui.html HTTP/1.1"
2569	2025/03/18 16:17:55	"GET /uv2582fip2582inf210/technical_environment_home.html HTTP/1.1"
2569	2025/03/18 16:18:29	"GET /uv2582fip2582inf210/practice_postgresql.html HTTP/1.1"
2552	2025/03/18 16:38:36	"GET /uv2582fip2582inf210/project_presentation.html HTTP/1.1"
2552	2025/03/18 16:38:38	"GET /uv2582fip2582inf210/project_part3.html HTTP/1.1"
2552	2025/03/18 16:39:21	"GET /uv2582fip2582inf210/project_specifications.html HTTP/1.1"
2566	2025/03/18 18:14:50	"GET /uv2582fip2582inf210/project_part2.html HTTP/1.1"
2566	2025/03/18 18:38:10	"GET /uv2582fip2582inf210/project_task_time.html HTTP/1.1"
2566	2025/03/18 18:38:12	"GET /uv2582fip2582inf210/project_specifications.html HTTP/1.1"
2566	2025/03/18 18:48:31	"GET /uv2582fip2582inf210/project_part1.html HTTP/1.1"
2570	2025/03/18 19:23:05	"GET /uv2582fip2582inf210/project_presentation.html HTTP/1.1"
2570	2025/03/18 19:23:09	"GET /uv2582fip2582inf210/project_specifications.html HTTP/1.1"
2545	2025/03/18 20:32:57	"GET /uv2582fip2582inf210/project_presentation.html HTTP/1.1"
2545	2025/03/18 20:37:46	"GET /uv2582fip2582inf210/project_part3.html HTTP/1.1"
2513	2025/03/18 20:45:51	"GET /uv2582fip2582inf210/technical_environment_home.html HTTP/1.1"
2513	2025/03/18 20:45:54	"GET /uv2582fip2582inf210/project_evaluation.html HTTP/1.1"
2513	2025/03/18 20:45:58	"GET /uv2582fip2582inf210/project_task_time.html HTTP/1.1"
2530	2025/03/18 20:57:39	"GET /uv2582fip2582inf210/project_presentation.html HTTP/1.1"
2530	2025/03/18 20:58:00	"GET /uv2582fip2582inf210/technical_environment_home.html HTTP/1.1"
2530	2025/03/18 20:58:04	"GET /uv2582fip2582inf210/practice_docker_advanced.html HTTP/1.1"
2530	2025/03/18 20:58:08	"GET /uv2582fip2582inf210/practice_docker.html HTTP/1.1"
2530	2025/03/18 21:12:07	"GET /uv2582fip2582inf210/documentation_programming.html HTTP/1.1"
2530	2025/03/18 21:12:11	"GET /uv2582fip2582inf210/practice_spring.html HTTP/1.1"
2530	2025/03/18 21:31:10	"GET /uv2582fip2582inf210/index.html HTTP/1.1"
2530	2025/03/18 21:31:16	"GET /uv2582fip2582inf210/project_specifications.html HTTP/1.1"
2523	2025/03/18 21:42:48	"GET /uv2582fip2582inf210/project_presentation.html HTTP/1.1"
2523	2025/03/18 21:42:48	"GET /uv2582fip2582inf210/project_presentation.html HTTP/1.1"
2523	2025/03/18 21:42:51	"GET /uv2582fip2582inf210/project_specifications.html HTTP/1.1"
2523	2025/03/18 21:42:52	"GET /uv2582fip2582inf210/project_specifications.html HTTP/1.1"
2544	2025/03/18 21:43:05	"GET /uv2582fip2582inf210/project_presentation.html HTTP/1.1"
2544	2025/03/18 21:43:08	"GET /uv2582fip2582inf210/project_specifications.html HTTP/1.1"
2525	2025/03/18 21:44:16	"GET /uv2582fip2582inf210/project_part2.html HTTP/1.1"
2525	2025/03/18 21:44:17	"GET /uv2582fip2582inf210/project_part2.html HTTP/1.1"
2545	2025/03/18 22:12:32	"GET /uv2582fip2582inf210/project_structureui.html HTTP/1.1"
2558	2025/03/18 22:13:39	"GET /uv2582fip2582inf210/technical_environment_home.html HTTP/1.1"
2558	2025/03/18 22:13:41	"GET /uv2582fip2582inf210/index.html HTTP/1.1"
2558	2025/03/18 22:13:44	"GET /uv2582fip2582inf210/project_presentation.html HTTP/1.1"
2558	2025/03/18 22:13:52	"GET /uv2582fip2582inf210/project_part3.html HTTP/1.1"
2519	2025/03/18 22:38:29	"GET /uv2582fip2582inf210/project_presentation.html HTTP/1.1"
2519	2025/03/18 22:38:34	"GET /uv2582fip2582inf210/project_part3.html HTTP/1.1"
2571	2025/03/18 23:53:55	"GET /uv2582fip2582inf210/technical_environment_home.html HTTP/1.1"
252	2025/03/18 23:56:36	"GET /uv2582fip2582inf210/practice_spring_2tiers.html HTTP/1.1"
252	2025/03/18 23:56:40	"GET /uv2582fip2582inf210/index.html HTTP/1.1"
252	2025/03/18 23:56:43	"GET /uv2582fip2582inf210/project_presentation.html HTTP/1.1"
2571	2025/03/19 00:18:03	"GET /uv2582fip2582inf210/project_specifications.html HTTP/1.1"
2571	2025/03/19 00:33:23	"GET /uv2582fip2582inf210/project_specifications.html HTTP/1.1"
2564	2025/03/19 00:35:23	"GET /uv2582fip2582inf210/project_part3.html HTTP/1.1"
252	2025/03/19 00:57:31	"GET /uv2582fip2582inf210/project_part2.html HTTP/1.1"
